dataset,run_id,repeat,fold,source_feature,permutation_repeat,selected_in_fold,roc_auc_drop,pr_auc_drop,mcc_drop,balanced_accuracy_drop,brier_increase,log_loss_increase
German Credit,R1_F1,1,1,status,1,1,0.15093704410279418,0.18382816279131353,0.1737761783369665,0.09336774772752776,0.04593114282984348,0.11277328326102204
German Credit,R1_F1,1,1,status,2,1,0.1497026147458197,0.13674597360094076,0.24449975865146345,0.1307372909886657,0.0439297820768752,0.11420897000882563
German Credit,R1_F1,1,1,status,3,1,0.10571204129727285,0.11311236017664772,0.11798485758666138,0.06705195825384358,0.03335154152810019,0.08734862741123689
German Credit,R1_F1,1,1,status,4,1,0.13399169565705304,0.17531662466554532,0.1627560822939536,0.08601728201099768,0.042133149628802796,0.10504533154692547
German Credit,R1_F1,1,1,status,5,1,0.12220850634047797,0.13737550691486322,0.17975985653815024,0.09707103579845133,0.036913894342182896,0.09251780894119815
German Credit,R1_F1,1,1,credit_history,1,1,0.02670856245090336,0.03137172612582517,0.054700506933019366,0.02985074626865669,0.011377125014187084,0.02899998755181743
German Credit,R1_F1,1,1,credit_history,2,1,0.022893053529345675,0.04082099758733726,0.015000848042324877,0.007518796992481258,0.009137893782596274,0.02239437153795165
German Credit,R1_F1,1,1,credit_history,3,1,0.021883065873639307,0.01941471770220593,-0.0016350535351818407,-5.6110425317057455e-05,0.007376946762703923,0.018660024306419498
German Credit,R1_F1,1,1,credit_history,4,1,0.02064863651666471,0.014624146049325715,0.017699990431433554,0.011109864212770715,0.006870304309394282,0.01973704394529391
German Credit,R1_F1,1,1,credit_history,5,1,0.03007518796992481,0.05160876269910597,0.034994457306252946,0.01868477163056892,0.012106396932719865,0.030449553806559726
German Credit,R1_F1,1,1,purpose,1,1,0.007518796992481147,0.0016410145044223334,-0.003729329601415643,-0.00011222085063411491,0.002209591152068563,0.008845468965622105
German Credit,R1_F1,1,1,purpose,2,1,0.03512512624845687,0.030352815093703578,0.09887526980010325,0.0523510268207833,0.009704029872366238,0.023784302638689137
German Credit,R1_F1,1,1,purpose,3,1,0.024127482886320162,0.015568711718156547,0.034994457306252946,0.01868477163056892,0.007316947551837316,0.017545830123284256
German Credit,R1_F1,1,1,purpose,4,1,0.03063629222309494,0.023091563175926755,0.0819879505299812,0.04477611940298498,0.007737219542108265,0.019935556183679204
German Credit,R1_F1,1,1,purpose,5,1,0.02794299180787785,-0.022745570726026343,0.15393651684654241,0.08220177308943999,0.0065666611192728985,0.017224219194326207
German Credit,R1_F1,1,1,savings,1,1,0.0025810795645830886,0.03321014532449773,-0.04254640054528208,-0.02244417012680966,0.00023617249355620262,0.0038675129647144924
German Credit,R1_F1,1,1,savings,2,1,0.020536415666030705,0.055674306801268836,0.01370085314163616,0.00746268656716409,0.009249703794702302,0.022513878387232233
German Credit,R1_F1,1,1,savings,3,1,0.010324318258332355,0.010569416673698928,0.028785335669454126,0.014981483559645348,0.00284225552121381,0.0037091108062138334
German Credit,R1_F1,1,1,savings,4,1,0.004601054875995936,0.0486242840994533,-0.030772290287931214,-0.015037593984962405,0.004423388811347684,0.010343923981341208
German Credit,R1_F1,1,1,savings,5,1,-0.006621030187409005,-0.008530922728044121,-0.00940409098269357,-0.0038155089215576865,-0.0016267170712652435,-0.00022243736280058712
German Credit,R1_F1,1,1,employment_duration,1,1,0.014813152283694175,0.012387813095845246,0.017699990431433554,0.011109864212770715,0.00501673645450168,0.014106966046838254
German Credit,R1_F1,1,1,employment_duration,2,1,0.016159802491302777,0.04332220796839015,0.011964108322544076,0.007406576141847143,0.006302548002322689,0.016275317934704214
German Credit,R1_F1,1,1,employment_duration,3,1,0.013129839524183562,0.03736687377390924,0.04254640054528208,0.02244417012680955,0.004713506841773629,0.010992079213218153
German Credit,R1_F1,1,1,employment_duration,4,1,0.006845471888676902,0.016249642041550327,0.027381892699637367,0.014925373134328401,0.003369239339761354,0.009254872768926448
German Credit,R1_F1,1,1,employment_duration,5,1,0.01806755695208162,0.04102779677809576,0.027381892699637367,0.014925373134328401,0.0067839630271263884,0.016639351713355233
German Credit,R1_F1,1,1,personal_status_sex,1,1,0.0008977668050723642,0.005764197741680355,0.006065668416471215,0.0037032880709235716,0.0010428960198530512,0.0031542689408678992
German Credit,R1_F1,1,1,personal_status_sex,2,1,0.0034788463696553418,0.014694556846130524,-0.015250555866694937,-0.007518796992481258,0.0014732823244539006,0.0037537084454150604
German Credit,R1_F1,1,1,personal_status_sex,3,1,0.0054988216810683,0.011458485615845282,-0.015250555866694937,-0.007518796992481258,0.0021694039205773785,0.006227787899948822
German Credit,R1_F1,1,1,personal_status_sex,4,1,0.005835484232970423,0.017714001070624485,-0.007592751022980626,-0.003759398496240518,0.001976781341479078,0.005249314624792445
German Credit,R1_F1,1,1,personal_status_sex,5,1,0.0048254965772640546,0.017838225349729564,-0.015250555866694937,-0.007518796992481258,0.0018863164877971073,0.005020745515041003
German Credit,R1_F1,1,1,other_debtors,1,1,-0.0080799012456515,-0.019899499231856632,-0.007592751022980626,-0.003759398496240518,-0.0026032027728440377,-0.004367934887186953
German Credit,R1_F1,1,1,other_debtors,2,1,0.004601054875995936,0.0035722011851241353,0.01370085314163616,0.00746268656716409,0.002109707830343477,0.005172021945627492
German Credit,R1_F1,1,1,other_debtors,3,1,0.0012344293569744869,-0.00528951080997464,0.03333230762778172,0.018628661205251973,0.0005091982033828824,0.0021881441184031236
German Credit,R1_F1,1,1,other_debtors,4,1,-0.006733251038042898,-0.01640995143293067,0.0,0.0,-0.0023702925661049645,-0.004404025731546524
German Credit,R1_F1,1,1,other_debtors,5,1,0.005611042531702304,-0.002858754629776583,0.01370085314163616,0.00746268656716409,0.0011431691329637228,0.004336042809842733
German Credit,R1_F1,1,1,property,1,1,0.004039950622825694,-0.0008696816009845509,0.0,0.0,0.0005806398695742399,0.0004237219807716186
German Credit,R1_F1,1,1,property,2,1,0.014476489731792164,0.013876606066968167,0.02127320027264107,0.01122208506340483,0.004484997586462924,0.010106399437186997
German Credit,R1_F1,1,1,property,3,1,0.0037032880709235716,-0.0036866755705018406,0.006065668416471215,0.0037032880709235716,0.00047276139803706374,0.0008677873495190336
German Credit,R1_F1,1,1,property,4,1,-0.0003366625519022337,-0.009023541719443973,0.006065668416471215,0.0037032880709235716,-0.00012122165652492245,-0.0005469331656196563
German Credit,R1_F1,1,1,property,5,1,0.014027606329255926,0.009736135443315974,-0.015250555866694937,-0.007518796992481258,0.003944408057492493,0.008076389678538909
German Credit,R1_F1,1,1,other_installment_plans,1,1,-0.010885422511502707,-0.03412334152387542,0.0,0.0,-0.0038125311762292335,-0.0067787705073778515
German Credit,R1_F1,1,1,other_installment_plans,2,1,0.006733251038042898,-0.001937546252203548,0.006065668416471215,0.0037032880709235716,0.0021243393302898816,0.008735486553031413
German Credit,R1_F1,1,1,other_installment_plans,3,1,-0.0013466502076086018,-0.026492641590126986,-0.015250555866694937,-0.007518796992481258,-0.0017730179912143207,-7.960339425000518e-05
German Credit,R1_F1,1,1,other_installment_plans,4,1,-0.0026933004152172035,-0.023599954534265555,-0.052140489593168804,-0.026259679048367124,-0.0006040691662835551,0.0026596981271196918
German Credit,R1_F1,1,1,other_installment_plans,5,1,-0.00336662551902156,-0.0013201283885587722,-0.017244305953705352,-0.0075749074177982045,-0.001542887971429957,-0.0010985376280844283
German Credit,R1_F1,1,1,housing,1,1,0.006957692739310906,0.013858458669532614,-0.015250555866694937,-0.007518796992481258,0.0023077731385576228,0.006911080317978213
German Credit,R1_F1,1,1,housing,2,1,0.0028055212658510964,0.01458091818248497,-0.021273200272640957,-0.01122208506340483,0.0016424596734826713,0.0036273828357003546
German Credit,R1_F1,1,1,housing,3,1,0.015486477387498532,0.026414240874641726,0.01370085314163616,0.00746268656716409,0.005416957810598533,0.012909984958334786
German Credit,R1_F1,1,1,housing,4,1,0.0037032880709235716,0.026283469940822313,-0.007592751022980626,-0.003759398496240518,0.001226680004411701,0.002958290143394715
German Credit,R1_F1,1,1,housing,5,1,0.001122208506340483,-0.005692503664579851,-0.015250555866694937,-0.007518796992481258,0.0005583294726571875,0.0016856348000435228
German Credit,R1_F1,1,1,job,0,0,0.0,0.0,0.0,0.0,0.0,0.0
German Credit,R1_F1,1,1,telephone,0,0,0.0,0.0,0.0,0.0,0.0,0.0
German Credit,R1_F1,1,1,foreign_worker,1,1,0.0024688587139489737,-0.001136032444637336,0.01370085314163616,0.00746268656716409,0.0007117599252011997,0.0021695667800438745
German Credit,R1_F1,1,1,foreign_worker,2,1,0.0038155089215575755,0.0006105150294922757,0.0,0.0,0.0008781677987931835,0.002826036553443878
German Credit,R1_F1,1,1,foreign_worker,3,1,-0.002356637863315081,-0.0047333923290850954,0.0,0.0,-0.0009441682235860893,-0.0020569345584050547
German Credit,R1_F1,1,1,foreign_worker,4,1,0.005723263382336308,0.007458784494571269,0.0,0.0,0.0021369361304556522,0.005257346151487985
German Credit,R1_F1,1,1,foreign_worker,5,1,-0.0019077544607788433,-0.007540468402452372,0.0,0.0,-0.0007910026961397976,-0.001654356487426456
German Credit,R1_F1,1,1,duration,1,1,0.046122769610593584,0.036069619156811616,0.07273257758325519,0.0375378745370889,0.014268130026402925,0.03208661558516834
German Credit,R1_F1,1,1,duration,2,1,0.06116036359555599,0.09082857485846663,0.05747878405479345,0.029962967119290695,0.01928932256197205,0.04407632740778539
German Credit,R1_F1,1,1,duration,3,1,0.05678375042082817,0.049575294546529425,0.08672655252645306,0.04500056110425321,0.017508687078510193,0.04093941160798359
German Credit,R1_F1,1,1,duration,4,1,0.02356637863314992,0.013355679822134148,0.030523606803557035,0.015149814835596409,0.006619556120505049,0.013426980021730373
German Credit,R1_F1,1,1,duration,5,1,0.04612276961059347,0.06021480488469366,0.06582216576547223,0.03383458646616544,0.014593906317143829,0.0325393495141027
German Credit,R1_F1,1,1,amount,1,1,0.01986309056222635,0.03387028896972488,0.03623981604855914,0.018740882055885977,0.005031065700058818,0.011855051428222407
German Credit,R1_F1,1,1,amount,2,1,0.06710806867916053,0.08217450429658546,0.10507035447407537,0.05605431489170687,0.021990413182168267,0.05212789535821144
German Credit,R1_F1,1,1,amount,3,1,0.02536191224329476,0.03560625245504845,0.02127320027264107,0.01122208506340483,0.007983524609894349,0.02073490790169996
German Credit,R1_F1,1,1,amount,4,1,0.04993827853215116,0.05847924232021051,0.054700506933019366,0.02985074626865669,0.015972127403771158,0.04042352491502593
German Credit,R1_F1,1,1,amount,5,1,0.027045225002805484,0.0697903370664027,0.02977231719698442,0.015037593984962405,0.010695622360250984,0.02390816599263368
German Credit,R1_F1,1,1,installment_rate,1,1,0.004264392324093813,-0.010448614629938291,0.01370085314163616,0.00746268656716409,-0.00010778913389231093,-0.00021569347909883296
German Credit,R1_F1,1,1,installment_rate,2,1,-0.009426551453260101,-0.04302948034744125,-0.05623463948995261,-0.02990685669397375,-0.0037565972467202002,-0.008440624151963672
German Credit,R1_F1,1,1,installment_rate,3,1,0.0037032880709235716,-0.02128777768177703,0.034994457306252946,0.01868477163056892,0.0012831977214457502,0.0036285372435525542
German Credit,R1_F1,1,1,installment_rate,4,1,-0.0030299629671193262,-0.0340065054276093,0.0011889168430663233,5.611042531694643e-05,-0.0011285814302562092,-0.0025976805112739587
German Credit,R1_F1,1,1,installment_rate,5,1,0.0019077544607787322,0.029822269679110613,-0.013724651910249241,-0.007462686567164201,0.0018493373295943583,0.0023964056827844304
German Credit,R1_F1,1,1,present_residence,0,0,0.0,0.0,0.0,0.0,0.0,0.0
German Credit,R1_F1,1,1,age,1,1,0.003927729772191579,0.012085913321786879,0.006065668416471215,0.0037032880709235716,0.0026184168081819503,0.006451815401422201
German Credit,R1_F1,1,1,age,2,1,0.020536415666030594,0.03560320604696621,0.023277447755013447,0.014813152283694286,0.006891242702614431,0.01740717301233019
German Credit,R1_F1,1,1,age,3,1,0.008865447200089749,0.017581198776810414,-0.011686787007043287,-0.003871619346874633,0.0032930706675435573,0.008486933002699704
German Credit,R1_F1,1,1,age,4,1,0.011895410167209075,0.02987119749116829,-0.003729329601415643,-0.00011222085063411491,0.006063839512915198,0.014196825802764712
German Credit,R1_F1,1,1,age,5,1,0.007631017843115151,0.032206409708322115,-0.03315016807202825,-0.015093704410279463,0.003959208948862841,0.009826767304748518
German Credit,R1_F1,1,1,number_credits,0,0,0.0,0.0,0.0,0.0,0.0,0.0
German Credit,R1_F1,1,1,people_liable,0,0,0.0,0.0,0.0,0.0,0.0,0.0
German Credit,R1_F2,1,2,status,1,1,0.13130482456140358,0.1318384354235725,0.25047688051732864,0.14364035087719307,0.034273484744844734,0.07999365877736359
German Credit,R1_F2,1,2,status,2,1,0.11636513157894746,0.18939529906073194,0.2620758523110288,0.14967105263157898,0.03866587317643355,0.07973294821411764
German Credit,R1_F2,1,2,status,3,1,0.044133771929824595,0.1292832873261836,0.11295055779228219,0.0652412280701754,0.018105345119955624,0.03245297073926029
German Credit,R1_F2,1,2,status,4,1,0.10951206140350878,0.1723202755247475,0.2326943389565239,0.13322368421052633,0.032343041477785134,0.0690075961051248
German Credit,R1_F2,1,2,status,5,1,0.0870339912280702,0.1443034520876027,0.2014803973121779,0.11732456140350878,0.025480244436734495,0.05700655895959866
German Credit,R1_F2,1,2,credit_history,1,1,0.042214912280701844,0.09393814255926125,0.06665271000502293,0.037280701754385914,0.011960248725871175,0.03029857593899904
German Credit,R1_F2,1,2,credit_history,2,1,0.02864583333333348,0.05544803974680523,0.03027208977526541,0.016995614035087758,0.008335148914114382,0.022840423885491956
German Credit,R1_F2,1,2,credit_history,3,1,0.015762061403508887,0.04730368843413979,0.03027208977526541,0.016995614035087758,0.005994720276481014,0.011258796914210223
German Credit,R1_F2,1,2,credit_history,4,1,0.044133771929824595,0.05724891303195212,0.10168239804541856,0.058114035087719396,0.01255119559235518,0.03130160880677374
German Credit,R1_F2,1,2,credit_history,5,1,0.04029605263157898,0.06728581008085305,0.05407552586531644,0.030701754385964897,0.011106714442009669,0.03279748401606736
German Credit,R1_F2,1,2,purpose,1,1,-0.0005482456140349923,-0.014942659740740938,0.05870144063745664,0.03453947368421062,-0.0028185486875255683,-0.0051033117360702596
German Credit,R1_F2,1,2,purpose,2,1,0.0078125,0.0296951552632585,0.06305515457389027,0.03837719298245612,-0.0005783624960135902,0.00025331213438201106
German Credit,R1_F2,1,2,purpose,3,1,0.026315789473684292,0.05388255167112582,0.03220260561984184,0.021381578947368363,0.006772986155517052,0.01652747229978313
German Credit,R1_F2,1,2,purpose,4,1,0.010279605263157965,0.03456584999466461,0.03663236548152743,0.020285087719298267,0.004227066727162665,0.0068066855865537845
German Credit,R1_F2,1,2,purpose,5,1,0.021244517543859698,0.0393496146783574,0.08905308551409868,0.05153508771929827,0.0073126490581224,0.013702853837644469
German Credit,R1_F2,1,2,savings,1,1,0.00877192982456143,0.04615639618579653,-0.01616247772082563,-0.006030701754385914,0.002424911546862585,0.005402305245206629
German Credit,R1_F2,1,2,savings,2,1,0.03125,0.07748630973345516,0.02817924731163668,0.01754385964912286,0.01038678357717282,0.021669897091050327
German Credit,R1_F2,1,2,savings,3,1,0.02055921052631593,0.08156114347988963,0.023849077939302354,0.01370614035087725,0.008419633722575703,0.01594708380437676
German Credit,R1_F2,1,2,savings,4,1,0.013294956140350922,0.04316377881039968,0.05870144063745664,0.03453947368421062,0.003703092178516998,0.00943223797896986
German Credit,R1_F2,1,2,savings,5,1,0.008223684210526327,0.07733481467805842,0.010804105874295533,0.007127192982456121,0.005518870739523951,0.008696979319491982
German Credit,R1_F2,1,2,employment_duration,1,1,0.013157894736842035,0.029280472331584262,0.012871863810882844,0.006578947368421018,0.00260911029640834,0.007476774698972566
German Credit,R1_F2,1,2,employment_duration,2,1,-0.010553728070175294,0.0009338367394104985,0.006468653685214321,0.00328947368421062,-0.004085956289262893,-0.01225999429718766
German Credit,R1_F2,1,2,employment_duration,3,1,0.00918311403508787,0.011131371747325813,0.012871863810882844,0.006578947368421018,0.00021634407324791494,-0.0004998158103369232
German Credit,R1_F2,1,2,employment_duration,4,1,0.008908991228070318,0.0023151246689273597,0.05407552586531644,0.030701754385964897,-3.603850308697698e-05,0.002860638609626487
German Credit,R1_F2,1,2,employment_duration,5,1,0.0195997807017545,0.01503875667583221,0.014815972001076705,0.010964912280701733,0.0027855864334180858,0.007305922709854085
German Credit,R1_F2,1,2,personal_status_sex,1,1,0.0012335526315789824,0.007886978604771944,0.012871863810882844,0.006578947368421018,-0.000359693959890689,-0.0005524950665198314
German Credit,R1_F2,1,2,personal_status_sex,2,1,0.00685307017543868,0.019307375778464975,0.012871863810882844,0.006578947368421018,0.0011684164168080102,0.0020309131813697756
German Credit,R1_F2,1,2,personal_status_sex,3,1,0.0017817982456140857,0.008878807721602211,0.006468653685214321,0.00328947368421062,0.0011156360582457447,0.0020641161545791875
German Credit,R1_F2,1,2,personal_status_sex,4,1,0.003152412280701733,0.02836850583515227,-0.006536803598635399,-0.003289473684210509,0.001860587407806924,0.003934735148495572
German Credit,R1_F2,1,2,personal_status_sex,5,1,0.004797149122807043,0.007987865166604213,0.012871863810882844,0.006578947368421018,0.001225174962976583,0.0026572201231691017
German Credit,R1_F2,1,2,other_debtors,1,1,0.00164473684210531,0.006663140583314298,0.03027208977526541,0.016995614035087758,0.0018999172116560825,0.0047820471821861665
German Credit,R1_F2,1,2,other_debtors,2,1,-0.005208333333333259,-0.004023866024293277,0.019212244590308403,0.009868421052631637,-5.314733478084532e-05,0.000532090057107415
German Credit,R1_F2,1,2,other_debtors,3,1,-0.0074013157894735615,-0.007152660920151321,0.019212244590308403,0.009868421052631637,-0.0015802812637192298,-0.00281868544675945
German Credit,R1_F2,1,2,other_debtors,4,1,0.003015350877192957,0.009346509903535138,0.017360668679548108,0.01041666666666674,0.001083837668626464,0.002260906119517847
German Credit,R1_F2,1,2,other_debtors,5,1,0.005756578947368474,0.020453151579749806,0.012871863810882844,0.006578947368421018,0.0026406563984394116,0.006280515274848297
German Credit,R1_F2,1,2,property,1,1,0.007812500000000111,0.028517794178200218,0.03171454725273931,0.016447368421052655,0.00383368813752083,0.007839878995550609
German Credit,R1_F2,1,2,property,2,1,0.0034265350877193956,0.010672548554279904,0.025492323648506954,0.013157894736842035,0.0019490799624295174,0.005830053256071777
German Credit,R1_F2,1,2,property,3,1,0.004385964912280826,0.0019348846140606613,0.006468653685214321,0.00328947368421062,0.0030861454501135144,0.007086070450341986
German Credit,R1_F2,1,2,property,4,1,0.007675438596491335,0.015099666555387525,0.025492323648506954,0.013157894736842035,0.003616564826617208,0.009764742144395266
German Credit,R1_F2,1,2,property,5,1,-0.0013706140350876472,0.01750537504767602,0.03171454725273931,0.016447368421052655,0.0017823931685768402,0.0032181580603026783
German Credit,R1_F2,1,2,other_installment_plans,1,1,0.026452850877192957,0.02517042629623989,0.023849077939302354,0.01370614035087725,0.005199318826831362,0.01567444389361833
German Credit,R1_F2,1,2,other_installment_plans,2,1,0.023711622807017663,0.026740338682077813,0.012871863810882844,0.006578947368421018,0.005032937318215858,0.01781191766782203
German Credit,R1_F2,1,2,other_installment_plans,3,1,0.018092105263157965,0.014993775860415282,0.04293247729766564,0.023574561403508776,0.0035169273480802066,0.009478015830347741
German Credit,R1_F2,1,2,other_installment_plans,4,1,0.016858552631578982,0.009982620735813574,0.023849077939302354,0.01370614035087725,0.0029648049755186257,0.00903133606989226
German Credit,R1_F2,1,2,other_installment_plans,5,1,0.017817982456140413,0.00800669424314171,0.04293247729766564,0.023574561403508776,0.0024724237497646684,0.012377498889126037
German Credit,R1_F2,1,2,housing,1,1,0.006441885964912242,0.014664870757078674,0.012871863810882844,0.006578947368421018,0.0020588908996695132,0.005890544866399394
German Credit,R1_F2,1,2,housing,2,1,0.0058936403508772495,0.020967188487688526,-0.01088863785976174,-0.007127192982456121,0.002643832093437909,0.007107483892053568
German Credit,R1_F2,1,2,housing,3,1,0.0004111842105264385,0.011471571251312374,0.019212244590308403,0.009868421052631637,0.0013010224083527255,0.0023083645203932357
German Credit,R1_F2,1,2,housing,4,1,0.0037006578947369473,0.0163352287789017,0.006468653685214321,0.00328947368421062,0.0013565992382693903,0.003727208369238344
German Credit,R1_F2,1,2,housing,5,1,0.0058936403508772495,0.01751352344544732,0.025492323648506954,0.013157894736842035,0.0035407453508330966,0.0077850380551074405
German Credit,R1_F2,1,2,job,0,0,0.0,0.0,0.0,0.0,0.0,0.0
German Credit,R1_F2,1,2,telephone,1,1,0.009731359649122862,0.01854418619701781,-0.006536803598635399,-0.003289473684210509,0.0020146099368913706,0.006312016587867009
German Credit,R1_F2,1,2,telephone,2,1,0.004385964912280715,0.009815750738474072,0.006468653685214321,0.00328947368421062,-0.0012515823375113255,-0.0011052982818704482
German Credit,R1_F2,1,2,telephone,3,1,0.0027412280701755165,0.028115716858611806,0.0,0.0,0.001367443980395483,0.0004491123291563426
German Credit,R1_F2,1,2,telephone,4,1,-0.0027412280701754055,-0.011305754292023074,-0.013144561507285046,-0.006578947368421018,-0.003022577602542459,-0.005738369350934858
German Credit,R1_F2,1,2,telephone,5,1,0.008223684210526327,0.011136161913701148,-0.013144561507285046,-0.006578947368421018,0.0010144591607187392,0.0043771887399948195
German Credit,R1_F2,1,2,foreign_worker,1,1,0.009183114035087758,0.00976046144036391,0.006468653685214321,0.00328947368421062,0.0023095179957592082,0.006444043904576591
German Credit,R1_F2,1,2,foreign_worker,2,1,0.004385964912280826,0.005848115953831168,0.023849077939302354,0.01370614035087725,0.0005317820536380469,0.0020476314753712366
German Credit,R1_F2,1,2,foreign_worker,3,1,0.004523026315789602,0.0026656037374880315,0.017360668679548108,0.01041666666666674,0.0006196070552842714,0.00219412493413651
German Credit,R1_F2,1,2,foreign_worker,4,1,0.0020559210526316374,0.002744588897198641,0.006468653685214321,0.00328947368421062,0.0005234628672311226,0.001573790473894221
German Credit,R1_F2,1,2,foreign_worker,5,1,0.006441885964912353,0.006413081962627465,-0.006536803598635399,-0.003289473684210509,0.0016971126326507935,0.004934513698489906
German Credit,R1_F2,1,2,duration,1,1,0.03700657894736836,0.05916648226568644,0.10168239804541856,0.058114035087719396,0.012319666154292808,0.028136141215580335
German Credit,R1_F2,1,2,duration,2,1,0.03029057017543868,0.08949376267344605,0.08717474586029705,0.05208333333333326,0.013123142658477194,0.02347641565551234
German Credit,R1_F2,1,2,duration,3,1,0.060444078947368585,0.05279325558619824,0.10872641330814803,0.06085526315789469,0.01632569453287011,0.03987289995498494
German Credit,R1_F2,1,2,duration,4,1,0.0546875,0.08637830743220604,0.14390527461848795,0.08168859649122806,0.017171747342403038,0.04144338149714527
German Credit,R1_F2,1,2,duration,5,1,0.042214912280701844,0.07957663457210362,0.10168239804541856,0.058114035087719396,0.013290555410370358,0.02991358946656303
German Credit,R1_F2,1,2,amount,1,1,0.02837171052631582,0.06576731666941371,0.06757990930078733,0.03673245614035092,0.00809948066086627,0.017503043157373388
German Credit,R1_F2,1,2,amount,2,1,0.046052631578947456,0.0803117164863737,0.06515561323591518,0.03782894736842102,0.011101165951285269,0.028305483374940155
German Credit,R1_F2,1,2,amount,3,1,0.013157894736842257,0.03180413814187699,0.04293247729766564,0.023574561403508776,0.0038668871193340004,0.011433106255832326
German Credit,R1_F2,1,2,amount,4,1,0.023163377192982337,0.03127605390582178,0.04293247729766564,0.023574561403508776,0.0055680807615514916,0.016376212134369794
German Credit,R1_F2,1,2,amount,5,1,0.02151864035087736,0.03578792481535209,0.05870144063745664,0.03453947368421062,0.004874851926724072,0.014528787879158511
German Credit,R1_F2,1,2,installment_rate,0,0,0.0,0.0,0.0,0.0,0.0,0.0
German Credit,R1_F2,1,2,present_residence,0,0,0.0,0.0,0.0,0.0,0.0,0.0
German Credit,R1_F2,1,2,age,0,0,0.0,0.0,0.0,0.0,0.0,0.0
German Credit,R1_F2,1,2,number_credits,1,1,-0.001507675438596423,0.0027612465372294226,0.0,0.0,-0.00044731758155575063,-0.0014391132222707492
German Credit,R1_F2,1,2,number_credits,2,1,-0.001507675438596423,-0.0015781966747232534,0.0,0.0,-0.0002707544206817236,-0.0005988861966105818
German Credit,R1_F2,1,2,number_credits,3,1,-0.0027412280701754055,-0.0037111526413179385,0.012871863810882844,0.006578947368421018,-0.000734519335278544,-0.0015347223558843104
German Credit,R1_F2,1,2,number_credits,4,1,0.0009594298245614308,0.006437444542229942,0.012871863810882844,0.006578947368421018,0.00011255605990992401,-0.00017609172269222872
German Credit,R1_F2,1,2,number_credits,5,1,-0.0005482456140349923,-0.0017024105474948703,0.006468653685214321,0.00328947368421062,-0.000646845310711297,-0.0008785740705885559
German Credit,R1_F2,1,2,people_liable,0,0,0.0,0.0,0.0,0.0,0.0,0.0
German Credit,R1_F3,1,3,status,1,1,0.10937318966516052,0.1399342027382916,0.12233366368878801,0.06158034990151784,0.03223785683375624,0.08560276735717154
German Credit,R1_F3,1,3,status,2,1,0.12177036264627505,0.18686894025190548,0.16395807681074476,0.08602711157455689,0.0403112100589306,0.09921684631452765
German Credit,R1_F3,1,3,status,3,1,0.07866991078669905,0.12130224424299663,0.21200903700207463,0.1085621596570503,0.026360206391188967,0.06357043760484193
German Credit,R1_F3,1,3,status,4,1,0.0953539566678252,0.11543554636868347,0.12607514439556444,0.06650446066504467,0.028805029087399958,0.0725716226374512
German Credit,R1_F3,1,3,status,5,1,0.09361603522187456,0.12925302013342443,0.21050532863368504,0.10919939752056551,0.029824567890724407,0.06891256879137764
German Credit,R1_F3,1,3,credit_history,1,1,0.004518595759471666,0.013416479385522928,0.059834651243067805,0.031108793882516528,0.0027064328203201815,0.005400694261369132
German Credit,R1_F3,1,3,credit_history,2,1,-0.013787510137875048,-0.025169518700487004,-0.05462306460278027,-0.02682192098250491,-0.004268687806687238,-0.004047708646214732
German Credit,R1_F3,1,3,credit_history,3,1,0.011006835824354022,0.0036923851855271694,0.039970420337013535,0.018885413045997,0.002467227678616346,0.007508869761614467
German Credit,R1_F3,1,3,credit_history,4,1,0.0053296257675820025,0.011031777722996239,0.04232509917289473,0.023809523809523836,0.002567172062939993,0.008509673000723916
German Credit,R1_F3,1,3,credit_history,5,1,0.00961649866759351,0.018236050589706898,0.005176726123429676,0.004286872900011618,0.0036958497590380557,0.011199603973892636
German Credit,R1_F3,1,3,purpose,1,1,0.01703163017031628,0.021842811345303748,0.07306414346104995,0.033483953191982385,0.005260549177256962,0.019306822467163864
German Credit,R1_F3,1,3,purpose,2,1,0.046923879040667305,0.0579308574893338,0.07920581684120481,0.037770826091994,0.01405401276208948,0.0415527129097325
German Credit,R1_F3,1,3,purpose,3,1,0.026068821689259614,0.05102037942401494,0.025824334164966323,0.010948905109489093,0.009636645817443057,0.027516586947091803
German Credit,R1_F3,1,3,purpose,4,1,0.025721237400069485,0.048096943660113856,0.01422181596384331,0.0023751593094659684,0.009076056410352196,0.026356754569866858
German Credit,R1_F3,1,3,purpose,5,1,0.03255706175414197,0.03850030549886185,0.056711365343021125,0.026184683118989804,0.009096475036577623,0.03139152664826117
German Credit,R1_F3,1,3,savings,1,1,0.0074151315027227716,0.02313264967471218,0.01405156490472853,0.007936507936507908,0.0024608419426072614,0.0056183340086959355
German Credit,R1_F3,1,3,savings,2,1,0.010079944386513717,0.0281730430249989,0.03338600061153019,0.020159888773027435,0.004385621973612891,0.00839904220843335
German Credit,R1_F3,1,3,savings,3,1,0.013671648708144968,0.030062653580495424,0.03694310807389817,0.01952265090951233,0.005254125352855771,0.012303785866890848
German Credit,R1_F3,1,3,savings,4,1,0.005677210056772131,0.021333850126001197,0.01925019021550678,0.012223380836519526,0.002520904721712486,0.005808485885197889
German Credit,R1_F3,1,3,savings,5,1,0.011933727262194438,0.025595489378498093,-0.003824718741881117,0.0006372378635153275,0.0036418773955674,0.00960981016210638
German Credit,R1_F3,1,3,employment_duration,1,1,0.023519870235198637,0.0169638930263738,0.024316321341923963,0.016510253736531144,0.0066585129408125165,0.019286600917756358
German Credit,R1_F3,1,3,employment_duration,2,1,0.0048661800486617945,-0.006413050793929176,0.005176726123429676,0.004286872900011618,0.001254918171067293,0.003366459669837507
German Credit,R1_F3,1,3,employment_duration,3,1,-0.0031282586027111536,-0.009890097579659751,0.01925019021550678,0.012223380836519526,-0.0005704353283489949,-0.0012789596736924036
German Credit,R1_F3,1,3,employment_duration,4,1,0.014135094427065176,0.013582647787603763,0.03338600061153019,0.020159888773027435,0.003250041350424837,0.009841357877467205
German Credit,R1_F3,1,3,employment_duration,5,1,0.010311667245973766,0.017194349204012083,0.04232509917289473,0.023809523809523836,0.00429855080193467,0.011294679513318195
German Credit,R1_F3,1,3,personal_status_sex,1,1,0.0013903371567605127,-0.007854512572556094,0.005176726123429676,0.004286872900011618,-0.0007027982615807615,0.0015913153411368786
German Credit,R1_F3,1,3,personal_status_sex,2,1,0.008921330089213364,0.0033684849414181706,-0.026899627699269013,-0.010948905109488982,0.0032863329255614915,0.01024551943470764
German Credit,R1_F3,1,3,personal_status_sex,3,1,0.0011586142973004643,-0.004332820206639831,0.03144326535991637,0.015235778009500711,1.6215111668188564e-05,-5.840712803695247e-05
German Credit,R1_F3,1,3,personal_status_sex,4,1,0.0032441200324411223,-0.006168972648053828,0.0228053223612229,0.01158614297300431,0.0007154799003088463,0.0024210047923189926
German Credit,R1_F3,1,3,personal_status_sex,5,1,-0.007530992932452851,-0.025669389636695183,0.011722462346653695,0.003012397172981185,-0.0024490459491353367,-0.0067755000458405434
German Credit,R1_F3,1,3,other_debtors,0,0,0.0,0.0,0.0,0.0,0.0,0.0
German Credit,R1_F3,1,3,property,1,1,0.009848221527053558,0.03323281156995561,0.017327145174644953,0.007299270072992803,0.004497311539052806,0.00945464093804571
German Credit,R1_F3,1,3,property,2,1,-0.0015061985864905925,-0.0030860923655410266,0.022360392775244042,0.00602479434596237,0.0009172433712613115,0.0030419679099791264
German Credit,R1_F3,1,3,property,3,1,-0.002085505735140769,0.003751969462847171,0.00012658742884602558,-0.005561348627042051,-0.001031240555243229,-0.0030091281230058553
German Credit,R1_F3,1,3,property,4,1,-0.00764685436218282,0.01565903087593734,0.039970420337013535,0.018885413045997,-0.0011764653178937823,-0.007189584925973103
German Credit,R1_F3,1,3,property,5,1,-0.0016220600162206722,-0.0035096175852287192,0.025824334164966323,0.010948905109489093,2.8889641024126833e-05,-0.0024045775274669223
German Credit,R1_F3,1,3,other_installment_plans,1,1,0.006024794345962148,0.00793084291581192,0.039970420337013535,0.018885413045997,0.0018298732010423868,0.00570753932204493
German Credit,R1_F3,1,3,other_installment_plans,2,1,0.0018537828756807206,0.010879647725948738,0.03144326535991637,0.015235778009500711,0.0011686253111371225,0.002717274734535313
German Credit,R1_F3,1,3,other_installment_plans,3,1,0.0169157687405862,0.021270055383016406,0.028158093998834677,0.015873015873015928,0.004460083113525137,0.013357909520666733
German Credit,R1_F3,1,3,other_installment_plans,4,1,0.009732360097323478,0.0062840581193944756,0.028158093998834677,0.015873015873015928,0.0030668444493358593,0.008913985452973616
German Credit,R1_F3,1,3,other_installment_plans,5,1,-0.01934885876491721,-0.01602389995336506,0.01405156490472853,0.007936507936507908,-0.005198178012507659,-0.016569204244304303
German Credit,R1_F3,1,3,housing,1,1,0.007646854362182709,0.0052111745295723155,0.0,0.0,0.0032046749486087656,0.0067329036507512985
German Credit,R1_F3,1,3,housing,2,1,0.004518595759471666,0.01983755409016319,-0.017804641751975325,-0.007299270072992581,0.003498837750594397,0.006791769441609641
German Credit,R1_F3,1,3,housing,3,1,0.004286872900011618,0.0026861074317673372,0.008720665777698478,0.0036496350364964014,0.0025265191546941235,0.0036735660349132004
German Credit,R1_F3,1,3,housing,4,1,0.006951685783802564,0.0013160752329499648,0.005176726123429676,0.004286872900011618,0.0031731846087104942,0.006908664699347367
German Credit,R1_F3,1,3,housing,5,1,0.009037191518943333,0.00682493598467715,0.01405156490472853,0.007936507936507908,0.003911474752190225,0.009535430433343373
German Credit,R1_F3,1,3,job,0,0,0.0,0.0,0.0,0.0,0.0,0.0
German Credit,R1_F3,1,3,telephone,1,1,0.005793071486502099,0.009223626229531545,0.0,0.0,0.0017590956653749656,0.004176783146581875
German Credit,R1_F3,1,3,telephone,2,1,0.00011586142972996871,0.005500859955988924,-0.014001933804519473,-0.007936507936507908,0.00088622544255057,0.0017520733289057011
German Credit,R1_F3,1,3,telephone,3,1,0.0024330900243308973,-0.0012126872017974577,0.0,0.0,0.0012873609787680818,0.002316362389259252
German Credit,R1_F3,1,3,telephone,4,1,0.0003475842891901282,-0.008387774092673217,-0.022805322361222957,-0.011586142973004199,-0.0001605210415842051,0.00040291980122153515
German Credit,R1_F3,1,3,telephone,5,1,0.004634457189201635,0.002162478099872134,0.04561064472244586,0.02317228594600862,0.0015819880404761288,0.005013600923473804
German Credit,R1_F3,1,3,foreign_worker,1,1,0.0008110300081102251,0.00684283448916756,-0.014001933804519473,-0.007936507936507908,0.0006180484788669283,0.003010290453322906
German Credit,R1_F3,1,3,foreign_worker,2,1,0.010195805816243797,0.007235508889937181,0.0228053223612229,0.01158614297300431,0.0022206946646713965,0.008857228496971903
German Credit,R1_F3,1,3,foreign_worker,3,1,0.006372378635152387,0.002821964913781949,0.03144326535991637,0.015235778009500711,0.0021317771695596455,0.004891585364802498
German Credit,R1_F3,1,3,foreign_worker,4,1,0.011817865832464358,0.022062189179436253,0.008720665777698478,0.0036496350364964014,0.004152529632530655,0.01016456978503577
German Credit,R1_F3,1,3,foreign_worker,5,1,0.005793071486502099,0.018021626390409162,0.008720665777698478,0.0036496350364964014,0.002672072244929824,0.006014318569235733
German Credit,R1_F3,1,3,duration,1,1,0.022361255937898172,0.0622624735849443,0.09961106410657011,0.04999420692851353,0.009815683558251798,0.02074714980905734
German Credit,R1_F3,1,3,duration,2,1,0.002548951454060866,0.018823666330794908,-0.07840634309384592,-0.033483953191982385,0.00187539097006309,0.004503385427004791
German Credit,R1_F3,1,3,duration,3,1,0.031282586027111536,0.04375512471927778,0.056711365343021125,0.026184683118989804,0.010188385921042847,0.024592956576728886
German Credit,R1_F3,1,3,duration,4,1,0.03255706175414197,0.05476913261769245,0.05258523803313886,0.02126057235546286,0.011388295437211593,0.024673711440561852
German Credit,R1_F3,1,3,duration,5,1,0.03974047039740469,0.09045744378790288,0.06841596708366876,0.03475842891901282,0.01635947238808258,0.03676251884632198
German Credit,R1_F3,1,3,amount,1,1,0.029197080291970767,0.05600669753498366,0.059834651243067805,0.031108793882516528,0.01193055436063184,0.028213276789771924
German Credit,R1_F3,1,3,amount,2,1,0.037770826091994,0.038803777802436046,0.13220848729451745,0.06459274707449891,0.012306074855513327,0.03159033571166259
German Credit,R1_F3,1,3,amount,3,1,0.013671648708145079,0.03566177897610279,0.05113946187423968,0.027459158846020237,0.0058723859994952166,0.014554462908474508
German Credit,R1_F3,1,3,amount,4,1,0.025952960259529534,0.0347404622747054,0.039970420337013535,0.018885413045997,0.00829363064855912,0.023815129917482136
German Credit,R1_F3,1,3,amount,5,1,0.02108678021086763,0.008710474685371672,0.039970420337013535,0.018885413045997,0.005641570314198402,0.017768942004197652
German Credit,R1_F3,1,3,installment_rate,1,1,-0.0053296257675820025,0.00577249661228163,-0.022805322361222957,-0.011586142973004199,-0.0014391080943376156,-0.002687331129617443
German Credit,R1_F3,1,3,installment_rate,2,1,0.0004634457189200969,0.019647207967161684,0.0032570789086799334,-0.0006372378635152165,0.0008527302826394079,0.002842643987254867
German Credit,R1_F3,1,3,installment_rate,3,1,0.01529370872436564,0.03253272584254696,0.039970420337013535,0.018885413045997,0.005099873653128528,0.013323343760782924
German Credit,R1_F3,1,3,installment_rate,4,1,0.0010427528675702735,0.026670214632892875,0.0228053223612229,0.01158614297300431,0.0023329548847838277,0.005226768445723007
German Credit,R1_F3,1,3,installment_rate,5,1,-0.00034758428919001716,0.01217451598425312,0.025824334164966323,0.010948905109489093,0.0007981578372356912,0.0015097624343690663
German Credit,R1_F3,1,3,present_residence,0,0,0.0,0.0,0.0,0.0,0.0,0.0
German Credit,R1_F3,1,3,age,1,1,0.009384775808133461,0.012762022827512598,0.010213714665521567,0.008573745800023236,0.0031110478887457493,0.009150878764303094
German Credit,R1_F3,1,3,age,2,1,0.004402734329741698,0.010293271411346727,-0.049974536656656965,-0.022535048082493292,0.0015458706421067059,0.0036759736113887165
German Credit,R1_F3,1,3,age,3,1,-0.00393928861082149,-0.015159502825488391,-0.03173152143361069,-0.0152357780095006,-0.0017165609552193817,-0.0030021835986573375
German Credit,R1_F3,1,3,age,4,1,-0.0023172285946009286,-0.032317153920253694,0.01405156490472853,0.007936507936507908,-0.002309724541562974,-0.0023595015864963376
German Credit,R1_F3,1,3,age,5,1,0.0053296257675820025,0.016945403221729105,0.024316321341923963,0.016510253736531144,0.00306353549198371,0.005621401611575649
German Credit,R1_F3,1,3,number_credits,0,0,0.0,0.0,0.0,0.0,0.0,0.0
German Credit,R1_F3,1,3,people_liable,0,0,0.0,0.0,0.0,0.0,0.0,0.0
German Credit,R1_F4,1,4,status,1,1,0.09636809269162205,0.11876071056527637,0.21019384449040251,0.1069518716577541,0.030902015704889457,0.07890812715092577
German Credit,R1_F4,1,4,status,2,1,0.0806595365418894,0.11052327641657789,0.20484061142860063,0.10338680926916233,0.02500530574212273,0.05859138793457286
German Credit,R1_F4,1,4,status,3,1,0.07352941176470584,0.14144890017679623,0.2085691375708541,0.10360962566844933,0.027131766313861994,0.06363402150280617
German Credit,R1_F4,1,4,status,4,1,0.04835115864527628,0.04738812537544412,0.07880708020547639,0.047459893048128476,0.013137254871787712,0.04584094632251645
German Credit,R1_F4,1,4,status,5,1,0.09848484848484851,0.11477922929887296,0.10493602913833172,0.05525846702317294,0.0286360305943317,0.07715088051859975
German Credit,R1_F4,1,4,credit_history,1,1,0.010918003565062229,0.03277966760256612,-0.009687530742807149,-0.0037878787878786735,0.003697040077300734,0.012565303524664673
German Credit,R1_F4,1,4,credit_history,2,1,0.0089126559714795,0.03266661265328019,0.05085460568660233,0.022504456327985922,0.004270193953887891,0.012073423112663462
German Credit,R1_F4,1,4,credit_history,3,1,0.021947415329768294,0.019531832691253803,0.041673695836277946,0.018716577540107027,0.007419726474257704,0.01853785279463327
German Credit,R1_F4,1,4,credit_history,4,1,0.025401069518716568,0.042887169725226326,0.07722787868632824,0.04055258467023182,0.010601929440340802,0.02147178893256585
German Credit,R1_F4,1,4,credit_history,5,1,0.024286987522281644,0.0046988615911127685,0.0643962954184959,0.029857397504456484,0.006574858381471205,0.01737313769382598
German Credit,R1_F4,1,4,purpose,1,1,0.03442513368983946,0.09270401521071259,0.127520697873162,0.05971479500891275,0.015414527164148623,0.03448864020315012
German Credit,R1_F4,1,4,purpose,2,1,0.02517825311942956,0.07152568670783244,0.08244992485567104,0.03743315508021405,0.010932179333612985,0.024309711514032384
German Credit,R1_F4,1,4,purpose,3,1,0.010472370766488437,0.0398179227642248,0.05518796132325471,0.02606951871657759,0.005641830383920299,0.013750203667493244
German Credit,R1_F4,1,4,purpose,4,1,0.02283868092691621,0.029326530588685396,0.036378301992424644,0.01849376114082002,0.008461471283513794,0.025311667244845015
German Credit,R1_F4,1,4,purpose,5,1,0.02350713012477712,0.041455359013249926,0.046411732148477935,0.018939393939394034,0.00912575654975184,0.023604285665152158
German Credit,R1_F4,1,4,savings,1,1,0.014928698752228131,0.015149052899784854,0.05518796132325471,0.02606951871657759,0.0049763665657938105,0.011305128909202766
German Credit,R1_F4,1,4,savings,2,1,0.02974598930481276,0.06295462213862046,0.13330649483830087,0.0666221033868094,0.011937596115981275,0.02593269224032213
German Credit,R1_F4,1,4,savings,3,1,0.01882798573975042,0.031679996992766246,0.09170145940376201,0.04456327985739761,0.00835125228608763,0.015320951634842594
German Credit,R1_F4,1,4,savings,4,1,0.02584670231729047,0.04449061715880209,0.046411732148477935,0.018939393939394034,0.011248592713012567,0.02263991316733449
German Credit,R1_F4,1,4,savings,5,1,0.03041443850267378,0.06515451675991457,0.07800993424577335,0.037210338680927046,0.014657301976892217,0.029799767782015096
German Credit,R1_F4,1,4,employment_duration,1,1,-0.0032308377896613782,0.007139691752746313,0.03236598840073607,0.014928698752228353,0.00032359397855744043,-0.005011336513346842
German Credit,R1_F4,1,4,employment_duration,2,1,-0.010806595365418947,-0.024800710362692713,-0.006260155421769442,-0.0002228163992868959,-0.005525019028295497,-0.014745180745073472
German Credit,R1_F4,1,4,employment_duration,3,1,0.0007798573975044132,0.009307571949663584,0.013345385624808748,0.007352941176470673,0.0010736951248995485,-0.0009311956508082364
German Credit,R1_F4,1,4,employment_duration,4,1,-0.0006684491978610207,-0.0003228493427296364,0.06877609455282152,0.03342245989304826,0.0011044821394178839,0.005182048743933354
German Credit,R1_F4,1,4,employment_duration,5,1,-0.0010026737967915311,0.02036683638215664,0.036378301992424644,0.01849376114082002,0.0007158668337036433,-0.0035988463106295665
German Credit,R1_F4,1,4,personal_status_sex,1,1,-0.005570409982174729,-0.006277062173494441,0.03236598840073607,0.014928698752228353,-0.0008538348063621137,-0.005838093901426644
German Credit,R1_F4,1,4,personal_status_sex,2,1,-0.004456327985739694,-0.020064609483861906,0.0,0.0,-0.0025342211544055193,-0.0066762056137306125
German Credit,R1_F4,1,4,personal_status_sex,3,1,-0.02083333333333348,-0.004095788000364475,0.06877609455282152,0.03342245989304826,-0.004563922813578258,-0.01903894352436042
German Credit,R1_F4,1,4,personal_status_sex,4,1,-0.01548573975044576,0.0003486019130286566,-0.02649410291037574,-0.014705882352941124,-0.0023360346838355306,-0.010432990638538198
German Credit,R1_F4,1,4,personal_status_sex,5,1,-0.010806595365418947,-0.007919009228002816,-0.0037715033281578436,-0.0035650623885916666,-0.004943701744120815,-0.010531764408669098
German Credit,R1_F4,1,4,other_debtors,1,1,0.0181595365418894,0.03503732823015637,0.03236598840073607,0.014928698752228353,0.007292372434077321,0.016545955703991422
German Credit,R1_F4,1,4,other_debtors,2,1,0.01893939393939381,0.027250549430427595,0.0,0.0,0.008225195341558689,0.019294708255972237
German Credit,R1_F4,1,4,other_debtors,3,1,0.014371657754010614,0.018864062018764338,-0.02649410291037574,-0.014705882352941124,0.004323626432786498,0.013081316094374129
German Credit,R1_F4,1,4,other_debtors,4,1,0.015374331550802034,0.040753160874134275,0.0,0.0,0.006928631820395076,0.015445782477059522
German Credit,R1_F4,1,4,other_debtors,5,1,0.01949643493761144,0.025311165263169788,-0.0037715033281578436,-0.0035650623885916666,0.0062442919777722095,0.01737777509509897
German Credit,R1_F4,1,4,property,1,1,-0.004790552584670316,0.01630750090701405,0.0015171222283294483,-0.0033422459893046597,-0.0017835786541049725,-0.0075181337104074375
German Credit,R1_F4,1,4,property,2,1,0.00467914438502659,0.040453981412754025,-0.020930182731744795,-0.014483065953654117,0.0017408904284406113,0.007629219959969569
German Credit,R1_F4,1,4,property,3,1,0.004122103386809184,0.02389437984970255,0.041673695836277946,0.018716577540107027,0.0016591923621228355,0.0038622868681895683
German Credit,R1_F4,1,4,property,4,1,0.01091800356506234,0.03737055921651655,0.009544015478217427,0.0037878787878788955,0.002287962035414315,0.008236145298327058
German Credit,R1_F4,1,4,property,5,1,0.0076871657754010725,0.007551491964617241,0.041673695836277946,0.018716577540107027,0.0013725323706074155,0.002636895179550125
German Credit,R1_F4,1,4,other_installment_plans,1,1,0.012477718360071277,0.005290221422909802,-0.02292536485094049,-0.011140819964349236,0.0036744772222857824,0.013901036320717264
German Credit,R1_F4,1,4,other_installment_plans,2,1,0.006684491978609541,0.007639500153567624,0.0,0.0,0.0020612857103405324,0.007079009867853592
German Credit,R1_F4,1,4,other_installment_plans,3,1,0.009803921568627416,-0.00011049346978275754,0.005600381061847626,0.00022281639928711794,0.0020152111895682945,0.008321191789911864
German Credit,R1_F4,1,4,other_installment_plans,4,1,0.016822638146167468,0.011046970758815444,0.009544015478217427,0.0037878787878788955,0.0050221991073126915,0.01666984992757614
German Credit,R1_F4,1,4,other_installment_plans,5,1,0.012366310160427663,0.012242955818855483,0.01895109625406005,0.00757575757575768,0.0039906317419665105,0.013538219791978556
German Credit,R1_F4,1,4,housing,1,1,-0.009469696969697017,-0.01838164422174049,-0.01952551242511158,-0.007575757575757569,-0.0037845999948067366,-0.009824397145887676
German Credit,R1_F4,1,4,housing,2,1,-0.012254901960784381,-0.002572723986167147,-0.01952551242511158,-0.007575757575757569,-0.0042664960306410815,-0.01390764921387766
German Credit,R1_F4,1,4,housing,3,1,-0.013591800356506312,-0.006251016931966724,-0.0327204471104231,-0.014928698752228131,-0.003983850110394815,-0.012822708624170676
German Credit,R1_F4,1,4,housing,4,1,-0.012366310160427885,-0.018477570202734106,-0.04921670249259369,-0.02584670231729047,-0.004806310072759307,-0.01165104203275158
German Credit,R1_F4,1,4,housing,5,1,-0.018605169340463412,-0.029327165842588432,-0.055753363478039,-0.026069518716577478,-0.007614540390552066,-0.02097644450922098
German Credit,R1_F4,1,4,job,0,0,0.0,0.0,0.0,0.0,0.0,0.0
German Credit,R1_F4,1,4,telephone,1,1,0.007798573975044354,0.015283865727506285,0.017000952954908943,0.01091800356506245,0.003790510512007822,0.008522031818853804
German Credit,R1_F4,1,4,telephone,2,1,0.003453654188948274,0.006076145647363584,0.013345385624808748,0.007352941176470673,0.0014299022761962987,0.001837921875231241
German Credit,R1_F4,1,4,telephone,3,1,0.007909982174687968,0.0227529677862508,-0.009687530742807149,-0.0037878787878786735,0.003429761030862538,0.008494811085870801
German Credit,R1_F4,1,4,telephone,4,1,0.007909982174687968,0.036861884083494334,0.007081641100225855,0.007130124777183666,0.003989096229406464,0.008536233048231145
German Credit,R1_F4,1,4,telephone,5,1,0.004233511586452798,0.02050620476771514,-0.029521263798447828,-0.011363636363636243,0.001465788833164533,0.004125617543004889
German Credit,R1_F4,1,4,foreign_worker,1,1,0.00401069518716568,0.00048793748189768227,0.009544015478217427,0.0037878787878788955,0.0009404614342342632,0.003908186049099371
German Credit,R1_F4,1,4,foreign_worker,2,1,0.006016042780748521,0.009240152362984477,0.022925364850940544,0.011140819964349458,0.002414364376099154,0.00527957942613988
German Credit,R1_F4,1,4,foreign_worker,3,1,0.005904634581105128,0.0019467599124614043,0.013345385624808748,0.007352941176470673,0.0018764904290671236,0.005394212704768253
German Credit,R1_F4,1,4,foreign_worker,4,1,0.004901960784313708,-0.002006978801108561,0.022925364850940544,0.011140819964349458,0.0008539327716617917,0.004951052286313762
German Credit,R1_F4,1,4,foreign_worker,5,1,0.004456327985739694,0.012081431451426261,0.013345385624808748,0.007352941176470673,0.0021216159648268507,0.004794978763726587
German Credit,R1_F4,1,4,duration,1,1,0.03732174688057033,0.08416403552407781,0.0961983754657314,0.048128342245989386,0.013424791710068246,0.03971870986086201
German Credit,R1_F4,1,4,duration,2,1,0.06027183600713004,0.07559131693747478,0.09170145940376201,0.04456327985739761,0.01850371852370461,0.050497815609166885
German Credit,R1_F4,1,4,duration,3,1,0.058712121212121215,0.10697178289390563,0.10984149458293169,0.05213903743315518,0.022245354396873307,0.056722581485136536
German Credit,R1_F4,1,4,duration,4,1,0.03643048128342252,0.07076040891128854,0.07305359788756277,0.03698752228164004,0.012311911107514617,0.03472868655666528
German Credit,R1_F4,1,4,duration,5,1,0.019385026737967825,0.0475320914514068,0.04585072970188103,0.022281639928698915,0.006494583763743067,0.016502633603191263
German Credit,R1_F4,1,4,amount,1,1,0.007018716577540052,0.04659493309270446,0.041673695836277946,0.018716577540107027,0.003803736507464156,0.004019517380675075
German Credit,R1_F4,1,4,amount,2,1,0.01225490196078427,0.0481653331589027,0.05518796132325471,0.02606951871657759,0.006601341627493457,0.00950741944622946
German Credit,R1_F4,1,4,amount,3,1,0.025623885918003464,0.06069132748419903,0.07305359788756277,0.03698752228164004,0.009445561270086777,0.024929959766517018
German Credit,R1_F4,1,4,amount,4,1,0.026849376114082002,0.0422165466996296,0.10498531136441652,0.0485739750445634,0.008367421017737381,0.020095026091326074
German Credit,R1_F4,1,4,amount,5,1,0.02049910873440275,0.0508449140837961,0.08711889500071379,0.04099821746880583,0.009340945062059125,0.017325815849336568
German Credit,R1_F4,1,4,installment_rate,0,0,0.0,0.0,0.0,0.0,0.0,0.0
German Credit,R1_F4,1,4,present_residence,0,0,0.0,0.0,0.0,0.0,0.0,0.0
German Credit,R1_F4,1,4,age,1,1,0.0006684491978610207,0.007091780258397518,-0.05892190328933855,-0.029634581105169255,-0.001925743286402326,7.562382395387424e-05
German Credit,R1_F4,1,4,age,2,1,0.007464349376114066,0.0195548153697368,-0.029521263798447828,-0.011363636363636243,0.0011510937555957168,0.005794484415539536
German Credit,R1_F4,1,4,age,3,1,-0.005347593582887722,0.010412807691575598,-0.03965384356290702,-0.022058823529411686,-0.0032203541906564714,-0.003487043447042204
German Credit,R1_F4,1,4,age,4,1,0.008021390374331583,0.021367894008338495,-0.02292536485094049,-0.011140819964349236,0.002516349461056805,0.009526979798621271
German Credit,R1_F4,1,4,age,5,1,0.00891265597147961,0.03453321529096498,-0.055753363478039,-0.026069518716577478,0.0030405410745617256,0.009866735568091478
German Credit,R1_F4,1,4,number_credits,0,0,0.0,0.0,0.0,0.0,0.0,0.0
German Credit,R1_F4,1,4,people_liable,0,0,0.0,0.0,0.0,0.0,0.0,0.0
German Credit,R1_F5,1,5,status,1,1,0.09855403348554037,0.12818353644299574,0.1423875650886255,0.08092338914256714,0.027421476628868402,0.08430108102842487
German Credit,R1_F5,1,5,status,2,1,0.0974124809741248,0.11287780057341301,0.10676608843444124,0.059994926433282525,0.027763400152575196,0.08283300135795918
German Credit,R1_F5,1,5,status,3,1,0.0792744799594115,0.10470781195473244,0.16520611542537308,0.09360730593607292,0.023964315633805272,0.061228133895257
German Credit,R1_F5,1,5,status,4,1,0.14231354642313543,0.13342819036385345,0.24360922138739582,0.13749365804160318,0.0403656316189506,0.10653270948289534
German Credit,R1_F5,1,5,status,5,1,0.09576357179096895,0.06743593293861605,0.20216265242754158,0.1127600202942669,0.02444427275147329,0.07769844446981483
German Credit,R1_F5,1,5,credit_history,1,1,-0.0026636225266362112,-0.017763610492985027,-0.009668069824900427,-0.005834601725012711,-0.0007445569301323951,-0.0004069752350534528
German Credit,R1_F5,1,5,credit_history,2,1,0.02828513444951808,0.032561272192743296,0.0418978612102085,0.022957889396245434,0.009113928517528097,0.02462182746455427
German Credit,R1_F5,1,5,credit_history,3,1,0.028919330289193357,0.05050694337908268,-0.009668069824900427,-0.005834601725012711,0.008704647428323276,0.02380972501588796
German Credit,R1_F5,1,5,credit_history,4,1,-0.0017757483510908445,-0.04507617977452061,0.022638053949186887,0.012683916793505778,-0.0016465064823361075,-0.0037727152127392527
German Credit,R1_F5,1,5,credit_history,5,1,0.023972602739726012,0.047765729693287406,0.03195547263276727,0.017123287671232834,0.007927997880439325,0.024720122590345506
German Credit,R1_F5,1,5,purpose,1,1,0.0275240994419077,0.05726935145196743,0.035037018180698654,0.020928462709284612,0.009431996620507699,0.027006988930060483
German Credit,R1_F5,1,5,purpose,2,1,0.032724505327245024,0.07889170145505975,-0.0037768904389337,-0.0010147133434805777,0.012683982967380159,0.03223260239597475
German Credit,R1_F5,1,5,purpose,3,1,0.010147133434804667,0.05705300068186858,-0.07453072974052666,-0.041476407914764146,0.004902932223747686,0.012578547363255699
German Credit,R1_F5,1,5,purpose,4,1,0.03399289700659569,0.07888148989595312,0.048347317934180234,0.02777777777777768,0.014419207623228764,0.03386676357276169
German Credit,R1_F5,1,5,purpose,5,1,0.03310502283105021,0.09546189503704339,0.032231843152552675,0.01851851851851849,0.01288306726155769,0.03307428574971477
German Credit,R1_F5,1,5,savings,1,1,0.020421106037544434,0.054991131854547404,0.04527610789837383,0.025367833587011668,0.0069714479198924595,0.017315160090396964
German Credit,R1_F5,1,5,savings,2,1,0.013318112633181167,0.043439923795226765,0.009543314104027145,0.0058346017250126,0.0047830142470990655,0.01020914296974057
German Credit,R1_F5,1,5,savings,3,1,0.0214358193810249,0.03625247845777024,0.029106730811368275,0.016108574327752367,0.007200664911723498,0.01700598100100481
German Credit,R1_F5,1,5,savings,4,1,0.032217148655504846,0.06295136384399624,0.06144188389069927,0.03462709284627086,0.010431623139189078,0.025237501821392394
German Credit,R1_F5,1,5,savings,5,1,0.006468797564687989,0.010266605747436874,0.0418978612102085,0.022957889396245434,0.002687553976889079,0.00869495444220958
German Credit,R1_F5,1,5,employment_duration,1,1,0.0124302384576358,0.0012440181795049243,0.05172309259403657,0.028792491121258257,0.0035669067829094125,0.011696876676073331
German Credit,R1_F5,1,5,employment_duration,2,1,0.009893455098934578,0.027830132753170256,0.018971728534043886,0.011669203450025423,0.0034335668772303984,0.010346761859445996
German Credit,R1_F5,1,5,employment_duration,3,1,0.010273972602739767,0.013466723318666496,0.032231843152552675,0.01851851851851849,0.002768586824097863,0.009954210045570289
German Credit,R1_F5,1,5,employment_duration,4,1,0.004439370877727167,0.010418642367317266,0.032231843152552675,0.01851851851851849,0.0008653374658444402,0.0035630870759219
German Credit,R1_F5,1,5,employment_duration,5,1,0.006722475900558078,0.027226459067857145,-0.01314521494449844,-0.006849315068493178,0.0021050580704372046,0.005521910858510504
German Credit,R1_F5,1,5,personal_status_sex,1,1,0.0031709791983765,0.0023553182668253347,0.022638053949186887,0.012683916793505778,0.0013841824394970614,0.0041801999176195315
German Credit,R1_F5,1,5,personal_status_sex,2,1,0.01255707762557079,0.021177213501053616,0.029106730811368275,0.016108574327752367,0.004710146307718932,0.014149343063431075
German Credit,R1_F5,1,5,personal_status_sex,3,1,0.005580923389142622,0.007003217365530667,-0.009668069824900427,-0.005834601725012711,0.0004749874199070081,0.005544320483594378
German Credit,R1_F5,1,5,personal_status_sex,4,1,0.0091324200913242,0.022225751105516278,0.029106730811368275,0.016108574327752367,0.0026945410384234814,0.008193581096290037
German Credit,R1_F5,1,5,personal_status_sex,5,1,0.012937595129375978,0.017189710128667657,0.0,0.0,0.003928851401718225,0.01286203186908269
German Credit,R1_F5,1,5,other_debtors,1,1,0.0031709791983765,0.010108726479851171,-0.019804758848494364,-0.010273972602739767,0.0004392971831026493,0.0021634139596619084
German Credit,R1_F5,1,5,other_debtors,2,1,0.0006341958396753888,0.0010068726585579224,-0.016125992753968255,-0.0092592592592593,0.0005898051224315637,0.0024787204100150673
German Credit,R1_F5,1,5,other_debtors,3,1,0.0011415525114155667,0.002255673250821655,-0.016125992753968255,-0.0092592592592593,-0.00026712323568847673,0.002029515094796819
German Credit,R1_F5,1,5,other_debtors,4,1,-0.007483510908168456,-0.018333926874003037,-0.009668069824900427,-0.005834601725012711,-0.0034162918308839885,-0.006161892809452618
German Credit,R1_F5,1,5,other_debtors,5,1,-0.0003805175038051889,-0.0013772568051201306,-0.022638053949186887,-0.01268391679350589,-0.0010731958607941294,-0.00047015978274833614
German Credit,R1_F5,1,5,property,1,1,-0.010273972602739656,-0.018958044938351737,-0.006544422924913695,-0.0034246575342467,-0.0028808054232927205,-0.00763212497361182
German Credit,R1_F5,1,5,property,2,1,0.0003805175038051889,-0.003871037106690456,-0.006544422924913695,-0.0034246575342467,0.00027352041186237686,0.0018987020366931784
German Credit,R1_F5,1,5,property,3,1,-0.0090055809233891,0.010637015769652036,-0.009668069824900427,-0.005834601725012711,-0.002453609452146177,-0.007156594966623686
German Credit,R1_F5,1,5,property,4,1,-0.012810755961440878,-0.0019927849087891802,-0.009668069824900427,-0.005834601725012711,-0.0034824540999784936,-0.009181716622672809
German Credit,R1_F5,1,5,property,5,1,-0.0008878741755453667,-0.0012871695598163369,-0.01314521494449844,-0.006849315068493178,-0.0004149439695526891,-0.0005001976546725184
German Credit,R1_F5,1,5,other_installment_plans,1,1,-0.003932014205986767,0.0055584220856477184,0.016117679346957292,0.00925925925925919,-0.001039213458405408,-0.002447288339841036
German Credit,R1_F5,1,5,other_installment_plans,2,1,-0.004312531709791956,1.3247312864228533e-05,0.07760890124960385,0.04388635210553016,0.0012718828375745395,0.000888609742838331
German Credit,R1_F5,1,5,other_installment_plans,3,1,0.005580923389142622,-0.004703264262202134,0.06446896647999906,0.03703703703703698,0.0013426829747171798,0.0036542254495045
German Credit,R1_F5,1,5,other_installment_plans,4,1,0.004185692541856856,0.00914455753690413,0.03877978161882828,0.02194317605276508,0.0026399939104910786,0.0050341240666526565
German Credit,R1_F5,1,5,other_installment_plans,5,1,-0.004693049213597145,-0.008228711921544396,0.048347317934180234,0.02777777777777768,-0.0011385528130213318,-0.004737141852464488
German Credit,R1_F5,1,5,housing,1,1,-0.0008878741755453667,-0.0018050286189865705,0.025629959006622016,0.0150938609842719,-0.0004929334666463336,0.0006461821469690987
German Credit,R1_F5,1,5,housing,2,1,-0.0011415525114154557,0.0037233654247172954,0.006490369028700038,0.003424657534246478,-0.0012904218884203789,-0.0017455644800368209
German Credit,R1_F5,1,5,housing,3,1,-0.00038051750380507787,-0.003021977051246849,0.0029126000790637985,0.0024099441907661223,-0.0019002960584998951,-0.0028796401502214075
German Credit,R1_F5,1,5,housing,4,1,0.005961440892947922,0.02378000674121228,0.032231843152552675,0.01851851851851849,0.001408120400661128,0.0040829778173294695
German Credit,R1_F5,1,5,housing,5,1,0.0024099441907662333,8.362561748220809e-05,0.032231843152552675,0.01851851851851849,0.0007896846902739063,0.001414394044812639
German Credit,R1_F5,1,5,job,0,0,0.0,0.0,0.0,0.0,0.0,0.0
German Credit,R1_F5,1,5,telephone,0,0,0.0,0.0,0.0,0.0,0.0,0.0
German Credit,R1_F5,1,5,foreign_worker,1,1,-0.004693049213597145,-0.006754184550745834,-0.0037768904389337,-0.0010147133434805777,-0.001924716656337977,-0.003378094383359953
German Credit,R1_F5,1,5,foreign_worker,2,1,-0.0050735667174023336,-0.02994188737893544,-0.029206525196784683,-0.01610857432775248,-0.0034735188341848966,-0.0057122499460568466
German Credit,R1_F5,1,5,foreign_worker,3,1,-0.00012683916793498895,0.0031814683232511687,-0.006544422924913695,-0.0034246575342467,-0.00018531002467006563,0.0009161731544149454
German Credit,R1_F5,1,5,foreign_worker,4,1,-0.005580923389142511,0.0012086858641451315,-0.029206525196784683,-0.01610857432775248,-0.002079075016017007,-0.0040708830287353726
German Credit,R1_F5,1,5,foreign_worker,5,1,0.0006341958396753888,-0.014657232613417559,0.006490369028700038,0.003424657534246478,0.00013766207288362642,0.0003677906865061642
German Credit,R1_F5,1,5,duration,1,1,0.02498731608320648,0.05746086474535028,0.0355259417087459,0.019533231861998956,0.008725332186232782,0.02090881821857965
German Credit,R1_F5,1,5,duration,2,1,0.047564687975646947,0.06434252613649705,0.06144188389069927,0.03462709284627086,0.015922769745086107,0.03814295817223029
German Credit,R1_F5,1,5,duration,3,1,0.018264840182648512,0.07661570796872363,-0.022638053949186887,-0.01268391679350589,0.008199602462170164,0.019852740147434544
German Credit,R1_F5,1,5,duration,4,1,0.004693049213597256,-0.008672356216492871,-0.019804758848494364,-0.010273972602739767,0.0020591480020983877,0.0035911330263296293
German Credit,R1_F5,1,5,duration,5,1,0.016235413495687467,0.059285758794800025,-0.016125992753968255,-0.0092592592592593,0.006864905590875187,0.013159446705741429
German Credit,R1_F5,1,5,amount,1,1,0.025494672754946768,0.05861473942671347,0.035037018180698654,0.020928462709284612,0.01126580001222438,0.026903790707735187
German Credit,R1_F5,1,5,amount,2,1,0.03932014205986811,0.05433813954732869,0.10029743029812943,0.056570268899035936,0.01344025518827835,0.03241082545660384
German Credit,R1_F5,1,5,amount,3,1,0.03411973617453079,0.03449538798488916,0.05450826053905722,0.029807204464738613,0.013075741922979084,0.03198166931795582
German Credit,R1_F5,1,5,amount,4,1,0.0277777777777779,0.0496921083761237,0.0418978612102085,0.022957889396245434,0.010570569223419868,0.027995336737413667
German Credit,R1_F5,1,5,amount,5,1,0.016362252663622567,0.02539600005372944,0.029106730811368275,0.016108574327752367,0.005367566953752123,0.013932798146657044
German Credit,R1_F5,1,5,installment_rate,1,1,-0.0211821410451547,-0.02707347111984404,-0.009668069824900427,-0.005834601725012711,-0.0067616967903643965,-0.016257170153727185
German Credit,R1_F5,1,5,installment_rate,2,1,0.0031709791983765,0.014832925737275127,0.03820821571894051,0.020547945205479423,0.0024064751317537936,0.004458839810552229
German Credit,R1_F5,1,5,installment_rate,3,1,-0.0026636225266361002,0.0032842302088297304,0.03820821571894051,0.020547945205479423,0.00024068583526673515,0.0003194057901667602
German Credit,R1_F5,1,5,installment_rate,4,1,-0.014586504312531612,-0.0029909569027121163,0.006490369028700038,0.003424657534246478,-0.004264949338439211,-0.009468152289825171
German Credit,R1_F5,1,5,installment_rate,5,1,-0.029299847792998435,-0.036051167008554486,-0.022638053949186887,-0.01268391679350589,-0.009623018165106578,-0.024396110466675502
German Credit,R1_F5,1,5,present_residence,0,0,0.0,0.0,0.0,0.0,0.0,0.0
German Credit,R1_F5,1,5,age,1,1,0.004693049213597145,-0.0030253162577883463,0.03877978161882828,0.02194317605276508,0.0025290444679219037,0.006115411362769718
German Credit,R1_F5,1,5,age,2,1,0.009132420091324311,0.006670277450038009,-0.006544422924913695,-0.0034246575342467,0.003011057995974481,0.007304623116029307
German Credit,R1_F5,1,5,age,3,1,0.003932014205986878,-0.016595747076581513,0.04527610789837383,0.025367833587011668,0.0020983613200530327,0.005849971288756306
German Credit,R1_F5,1,5,age,4,1,0.007229832572298367,-0.0036101482375527905,0.029106730811368275,0.016108574327752367,0.0017682233913313417,0.006075391541563835
German Credit,R1_F5,1,5,age,5,1,-0.0013952308472856556,-0.02648735354168641,0.022638053949186887,0.012683916793505778,-0.0008665886871725148,0.0005498303539455129
German Credit,R1_F5,1,5,number_credits,0,0,0.0,0.0,0.0,0.0,0.0,0.0
German Credit,R1_F5,1,5,people_liable,0,0,0.0,0.0,0.0,0.0,0.0,0.0
German Credit,R2_F1,2,1,status,1,1,0.13729579423010085,0.15782868496174618,0.3000932828661348,0.15426949368555198,0.042054443348245374,0.09974053406400163
German Credit,R2_F1,2,1,status,2,1,0.10670837678136957,0.1461579159287577,0.1758444576483521,0.09396361951106469,0.03434507187040886,0.08435935027584962
German Credit,R2_F1,2,1,status,3,1,0.10114702815432741,0.14917298620717145,0.22604441225086586,0.11522419186652755,0.03616097444647556,0.08290579201592163
German Credit,R2_F1,2,1,status,4,1,0.121538639786815,0.18323703206667907,0.1892903116551315,0.09570154095701533,0.040152736853852816,0.10045792869902226
German Credit,R2_F1,2,1,status,5,1,0.08654848800834214,0.14192767402082374,0.1613786297293045,0.08602711157455678,0.029575985000510757,0.06826546453538684
German Credit,R2_F1,2,1,credit_history,1,1,0.01540957015409572,0.03263086422200401,0.0011378275451172093,0.004924110763526723,0.005510275991641722,0.014138102155839938
German Credit,R2_F1,2,1,credit_history,2,1,0.02873363457305067,0.07088016435522193,0.06748335449455117,0.03475842891901282,0.012196424981400222,0.030284307754571138
German Credit,R2_F1,2,1,credit_history,3,1,0.009848221527053669,0.05842117475450881,0.005158211835436632,0.004286872900011507,0.005067490993587498,0.012230119975111586
German Credit,R2_F1,2,1,credit_history,4,1,0.01540957015409583,0.05937554557980973,0.08720415750781385,0.046981809755532344,0.008317197465814913,0.015330553900580857
German Credit,R2_F1,2,1,credit_history,5,1,0.0026648128837910567,0.012750923494513677,0.0,0.0,0.0033564598897587172,0.003679652355331464
German Credit,R2_F1,2,1,purpose,1,1,0.010890974394624053,-0.017183154952485347,0.02539364978627645,0.010948905109488982,0.0011385593920368586,0.013510181293743206
German Credit,R2_F1,2,1,purpose,2,1,0.014830263005445432,-0.01238521178098928,0.02539364978627645,0.010948905109488982,0.003742503583538337,0.017037628164347618
German Credit,R2_F1,2,1,purpose,3,1,0.014946124435175512,0.0054023145626084235,0.022494451498183743,0.011586142973004199,0.003749670484871903,0.01130403136291347
German Credit,R2_F1,2,1,purpose,4,1,0.021897810218978075,-0.008296781120426977,0.041758958343378005,0.023809523809523725,0.004009907560715398,0.01692414414689608
German Credit,R2_F1,2,1,purpose,5,1,0.008226161510833108,0.007949544538601083,0.039392377675987134,0.01888541304599689,0.0021565109279470807,0.00922546977865224
German Credit,R2_F1,2,1,savings,1,1,0.02120264164059782,0.031166766894144993,0.013883460544004578,0.007936507936507908,0.008486150752274074,0.01620162251072682
German Credit,R2_F1,2,1,savings,2,1,-0.0023172285946009286,0.013208481695039853,0.039392377675987134,0.01888541304599689,0.0014512799476647242,-0.0005263048693436301
German Credit,R2_F1,2,1,savings,3,1,0.016799907310856232,0.013732358209937234,0.04768817894900862,0.022535048082493292,0.008140693240384023,0.015196439243240822
German Credit,R2_F1,2,1,savings,4,1,-0.003823427181091299,0.0002787639477415116,0.013883460544004578,0.007936507936507908,0.00022057753598181407,-0.00597782109883549
German Credit,R2_F1,2,1,savings,5,1,0.004402734329741698,0.016910708748645198,0.022494451498183743,0.011586142973004199,0.0025314767616250455,0.0014795564428358166
German Credit,R2_F1,2,1,employment_duration,1,1,-0.005908932916232179,0.008686755905518595,0.0,0.0,-0.0015744780334831787,-0.00379323611771315
German Credit,R2_F1,2,1,employment_duration,2,1,0.01946472019464729,0.05992673660794556,0.04768817894900862,0.022535048082493292,0.0078890668590538,0.0218615449070384
German Credit,R2_F1,2,1,employment_duration,3,1,0.002201367164870849,0.03348977656814489,-0.04498890299636743,-0.02317228594600862,0.0016924035626519063,0.0034155597013874606
German Credit,R2_F1,2,1,employment_duration,4,1,0.0077627157919129,0.04359198939946174,-0.0053239512904929565,-0.004286872900011618,0.004306132432463083,0.009205241094352112
German Credit,R2_F1,2,1,employment_duration,5,1,0.0031282586027112647,0.023418558757743235,0.013883460544004578,0.007936507936507908,0.001801613274356434,0.0040429286107334095
German Credit,R2_F1,2,1,personal_status_sex,1,1,-0.006719962924342515,0.009586414853319902,-0.013853646720280832,-0.00793650793650802,-0.0008787352539176285,-0.00701162950230072
German Credit,R2_F1,2,1,personal_status_sex,2,1,0.00011586142973007973,0.00284914257532487,-0.022494451498183687,-0.01158614297300442,-0.0001276242034348174,-0.0037698277889571252
German Credit,R2_F1,2,1,personal_status_sex,3,1,-0.005908932916232179,0.006351151112262143,-0.022494451498183687,-0.01158614297300442,-0.0008651583161380927,-0.0058246124265941
German Credit,R2_F1,2,1,personal_status_sex,4,1,0.005097902908121954,0.02390530354535092,0.017034213192747116,0.007299270072992581,0.0030604404025304788,0.0034644112848601916
German Credit,R2_F1,2,1,personal_status_sex,5,1,0.00023172285946004845,0.006777324869329582,0.011419868883947526,0.003012397172980963,0.0008835983737274233,0.00030496448672762133
German Credit,R2_F1,2,1,other_debtors,1,1,0.02108678021086785,0.02614931892298633,0.09827025670343903,0.04999420692851353,0.008672817345350275,0.018070616636738812
German Credit,R2_F1,2,1,other_debtors,2,1,0.02108678021086785,0.020280856508094636,0.06998270811174079,0.0341211910554976,0.0076000492670434405,0.01843067618247657
German Credit,R2_F1,2,1,other_debtors,3,1,0.015177847294635671,0.031689939490461505,0.06399427461454532,0.029834318155485984,0.006767075315148863,0.012564797252642756
German Credit,R2_F1,2,1,other_debtors,4,1,0.01343992584868503,0.018178215322994795,0.0498915683706459,0.021897810218978075,0.006132837077784087,0.012643067722075019
German Credit,R2_F1,2,1,other_debtors,5,1,0.010890974394624164,0.02218337649406721,0.0498915683706459,0.021897810218978075,0.0050590112768163775,0.008508334947076035
German Credit,R2_F1,2,1,property,1,1,-0.0003475842891902392,-0.0043978244470416206,0.03580862024773718,0.013961302282470056,-5.6631476345325726e-05,6.49321283603399e-05
German Credit,R2_F1,2,1,property,2,1,-0.0005793071486501766,-0.0003343771877456492,0.03099591464920709,0.015235778009500489,0.0001895751426588821,0.0002509755553537496
German Credit,R2_F1,2,1,property,3,1,0.00393928861082149,-0.008095766282439132,0.05342069533395105,0.02682192098250491,0.002059385867880431,0.003227966544514238
German Credit,R2_F1,2,1,property,4,1,-0.00011586142973007973,-0.014186679722788753,0.061750542159227206,0.0304715560190012,0.0005834026092112754,0.0029794937283604828
German Credit,R2_F1,2,1,property,5,1,0.013787510137875159,0.011282825359183679,0.02539364978627645,0.010948905109488982,0.004124701102382278,0.010486394232333662
German Credit,R2_F1,2,1,other_installment_plans,1,1,0.005445487197311971,0.008469798443704324,0.03099591464920709,0.015235778009500489,0.0010687746695888511,0.006981913677881368
German Credit,R2_F1,2,1,other_installment_plans,2,1,0.014250955856795366,0.0054452637272800475,0.04498890299636743,0.02317228594600851,0.003322786862550109,0.015885962306478207
German Credit,R2_F1,2,1,other_installment_plans,3,1,0.0013903371567605127,0.0008569808025166159,0.055887479576743504,0.026184683118989582,0.0007549965035372475,0.004843159973176081
German Credit,R2_F1,2,1,other_installment_plans,4,1,0.016104738732475976,0.024402545969539058,0.03099591464920709,0.015235778009500489,0.005087997131476812,0.017021419734842558
German Credit,R2_F1,2,1,other_installment_plans,5,1,-0.0009268914378403048,0.00011035794476277339,-0.01919540853918783,-0.012223380836519526,-0.0012796165895357092,0.0038646493969120566
German Credit,R2_F1,2,1,housing,1,1,0.001274475727030544,0.013114554840014558,-0.013853646720280832,-0.00793650793650802,0.001069379105680307,0.0016381443802843676
German Credit,R2_F1,2,1,housing,2,1,0.0016220600162207832,0.03084906237811813,0.0030991206235442825,-0.0006372378635153275,0.0014097657843448186,0.0022846673276228358
German Credit,R2_F1,2,1,housing,3,1,0.0019696443054108004,0.020100853026016385,0.017034213192747116,0.007299270072992581,0.0007673989042867313,0.0016351292164544784
German Credit,R2_F1,2,1,housing,4,1,0.0027806743135210255,0.020497778796631727,0.008571133964463129,0.0036496350364962904,0.0011019292308020179,0.003516593178269245
German Credit,R2_F1,2,1,housing,5,1,-0.0026648128837909457,0.01406294679344311,-0.0053239512904929565,-0.004286872900011618,-0.0004446009839182419,-0.0023947492878383936
German Credit,R2_F1,2,1,job,0,0,0.0,0.0,0.0,0.0,0.0,0.0
German Credit,R2_F1,2,1,telephone,0,0,0.0,0.0,0.0,0.0,0.0,0.0
German Credit,R2_F1,2,1,foreign_worker,1,1,0.005213764337852034,0.007450941124745203,0.008571133964463129,0.0036496350364962904,0.0020436236371479954,0.004119665838821396
German Credit,R2_F1,2,1,foreign_worker,2,1,0.0061406557756923386,0.004453145633657507,0.008571133964463129,0.0036496350364962904,0.0017931231163481054,0.005645300353648464
German Credit,R2_F1,2,1,foreign_worker,3,1,0.010195805816243797,0.01693863204333701,0.022494451498183743,0.011586142973004199,0.00387626110876671,0.008277511818846395
German Credit,R2_F1,2,1,foreign_worker,4,1,0.0019696443054108004,-0.0020667020123307234,-0.008683794712281812,-0.0036496350364964014,-0.00012376981389991548,0.0016476815733856842
German Credit,R2_F1,2,1,foreign_worker,5,1,0.006256517205422307,0.004817877354067357,0.008571133964463129,0.0036496350364962904,0.0016554881115250775,0.006811003794081338
German Credit,R2_F1,2,1,duration,1,1,0.043448036148766134,0.0778233797972907,0.1225888956159375,0.06094311203800251,0.017983790819178003,0.04073462058370958
German Credit,R2_F1,2,1,duration,2,1,0.06349206349206349,0.0928655603688745,0.16705650630873348,0.08411539798401102,0.022611873748251105,0.05566422436078511
German Credit,R2_F1,2,1,duration,3,1,0.061985864905572896,0.0996619332739559,0.1511832000921875,0.07681612791101844,0.024296329907683573,0.05510518935299402
German Credit,R2_F1,2,1,duration,4,1,0.04541768045417682,0.07275590014692479,0.16705650630873348,0.08411539798401102,0.020038920827919776,0.040567379339324416
German Credit,R2_F1,2,1,duration,5,1,0.04831421619742793,0.04992548960726617,0.13837490892117693,0.0682423821109952,0.016951211463595683,0.03912736888320678
German Credit,R2_F1,2,1,amount,1,1,0.02838605028386043,0.02621641469133773,0.10646687112570735,0.05364384196500982,0.009795539757368549,0.02629716135332638
German Credit,R2_F1,2,1,amount,2,1,0.02085505735140769,0.04572153232958698,0.022494451498183743,0.011586142973004199,0.007995084754575194,0.02213686089424538
German Credit,R2_F1,2,1,amount,3,1,0.033715676051442434,0.030776632818152128,0.061750542159227206,0.0304715560190012,0.011356513078399438,0.032723358262118696
German Credit,R2_F1,2,1,amount,4,1,0.02525779168114939,0.04470980727155094,0.07584547601869507,0.03840806395550911,0.008864469514500178,0.021823332780807503
German Credit,R2_F1,2,1,amount,5,1,0.022245394508168204,0.041985818559867716,0.05342069533395105,0.02682192098250491,0.008694204262857635,0.024378109493656486
German Credit,R2_F1,2,1,installment_rate,0,0,0.0,0.0,0.0,0.0,0.0,0.0
German Credit,R2_F1,2,1,present_residence,0,0,0.0,0.0,0.0,0.0,0.0,0.0
German Credit,R2_F1,2,1,age,1,1,0.006719962924342626,0.018859730190795454,0.05901797105657741,0.031108793882516417,0.0028131241787648087,0.007604926610840057
German Credit,R2_F1,2,1,age,2,1,0.006719962924342626,0.011783892779297811,0.041758958343378005,0.023809523809523725,0.002843387643320844,0.006274252240096478
German Credit,R2_F1,2,1,age,3,1,0.0024330900243308973,0.01710630742635011,0.041758958343378005,0.023809523809523725,0.0020428221128595547,0.006008613935972962
German Credit,R2_F1,2,1,age,4,1,0.0009268914378404158,0.006876097130208647,0.061750542159227206,0.0304715560190012,0.0016459174027789458,0.004152933459282693
German Credit,R2_F1,2,1,age,5,1,-0.003012397172981074,0.00924193227927017,0.01903635876116011,0.012223380836519526,-0.0006558800043649227,-0.0002955582200953599
German Credit,R2_F1,2,1,number_credits,0,0,0.0,0.0,0.0,0.0,0.0,0.0
German Credit,R2_F1,2,1,people_liable,1,1,0.0005793071486501766,-0.00018713319689667163,0.0,0.0,0.0003380036218338378,0.001191012241166467
German Credit,R2_F1,2,1,people_liable,2,1,-0.002085505735140769,-0.0022920679193734195,-0.022494451498183687,-0.01158614297300442,-0.0003259801312075761,-0.0005070435531341344
German Credit,R2_F1,2,1,people_liable,3,1,0.0,-6.446902640289132e-05,-0.013853646720280832,-0.00793650793650802,3.3457054324947944e-05,0.0001445167381871615
German Credit,R2_F1,2,1,people_liable,4,1,-0.0003475842891901282,0.00369108072831581,-0.013853646720280832,-0.00793650793650802,0.0002536704795824407,0.001120809240264975
German Credit,R2_F1,2,1,people_liable,5,1,0.00034758428919001716,-0.00040662063154894845,-0.013853646720280832,-0.00793650793650802,0.0002697949350431439,0.0011323117880650546
German Credit,R2_F2,2,2,status,1,1,0.13876341050254082,0.08679865503867001,0.26886241486250023,0.15429136081310002,0.02701715527121093,0.07509416141920977
German Credit,R2_F2,2,2,status,2,1,0.12394127611518913,0.17949825341580805,0.20465662877923785,0.11843591191417291,0.03072597480908168,0.07952552365282706
German Credit,R2_F2,2,2,status,3,1,0.1238001129305476,0.18054590111085622,0.2820742203536942,0.16078486730660646,0.029531324424150046,0.0708120025488973
German Credit,R2_F2,2,2,status,4,1,0.14680971202710336,0.1984932849341844,0.22192304954670813,0.13043478260869568,0.037241290773824653,0.09788581536186702
German Credit,R2_F2,2,2,status,5,1,0.1106719367588932,0.17152732654684127,0.19772854691252642,0.11518915866741963,0.02884270776759207,0.07045692528441627
German Credit,R2_F2,2,2,credit_history,1,1,0.014539808018068867,-0.015500211733535885,0.0031908437414378543,0.0043760587238848014,0.001236220358068113,0.007450753303679003
German Credit,R2_F2,2,2,credit_history,2,1,0.01341050254093723,-0.011162286506558816,0.02855772972195325,0.01849237718802943,0.0024690124744004005,0.007571582553245471
German Credit,R2_F2,2,2,credit_history,3,1,-0.008752117447769603,0.012231882639537783,-0.06780008813825927,-0.03910220214568039,-6.626887025593109e-05,0.0008413049042967913
German Credit,R2_F2,2,2,credit_history,4,1,0.009881422924901129,0.006639721795661968,0.005976931788611972,0.008752117447769603,0.0007508502400146999,0.006246862383041729
German Credit,R2_F2,2,2,credit_history,5,1,0.008046301524562427,0.01854097529044285,0.0031908437414378543,0.0043760587238848014,0.0021604070459198266,0.009290936303939068
German Credit,R2_F2,2,2,purpose,1,1,0.011293054771315592,0.038735375108111314,-0.02840660392322153,-0.018492377188029208,0.0037423438599240577,0.011838077112525158
German Credit,R2_F2,2,2,purpose,2,1,0.034726143421795586,0.018218076432260144,0.0792915016829841,0.046725014116318464,0.00834615277354378,0.02339563877246259
German Credit,R2_F2,2,2,purpose,3,1,0.03585544889892711,0.017415820870625653,0.13693244650995656,0.07820440429136089,0.008546404830382492,0.01867259846457986
German Credit,R2_F2,2,2,purpose,4,1,0.04023150762281191,0.11310195488527569,0.017889051327922123,0.010869565217391353,0.013939211364480897,0.032430800092836554
German Credit,R2_F2,2,2,purpose,5,1,0.04658385093167694,0.0676081625669061,0.1254062847581633,0.07058159232072281,0.013956426080253381,0.03530549971667035
German Credit,R2_F2,2,2,savings,1,1,0.022586109542631294,0.08109058408038616,-0.035555833100582246,-0.021739130434782483,0.00939939529965425,0.022052578382605437
German Credit,R2_F2,2,2,savings,2,1,0.02018633540372672,0.04586160179640475,0.01426374196414315,0.006493506493506551,0.0075283633499172165,0.01509426006863318
German Credit,R2_F2,2,2,savings,3,1,0.030773574251835023,0.09041003878510073,0.028150396609130324,0.012987012987013102,0.011988278139392433,0.02578561630549836
German Credit,R2_F2,2,2,savings,4,1,0.03486730660643711,0.10756281132711792,0.03217470577015047,0.017363071710897904,0.011791488172223946,0.026468285303543504
German Credit,R2_F2,2,2,savings,5,1,0.034726143421795586,0.0838017675109548,0.046081675813948564,0.023856578204404344,0.010982826439991739,0.02643879295040602
German Credit,R2_F2,2,2,employment_duration,1,1,0.008752117447769603,0.0196499260484172,-0.03994171435245342,-0.020609824957650957,0.0036396790470856477,0.006844987512155398
German Credit,R2_F2,2,2,employment_duration,2,1,0.012704686617730165,-0.0005426264151588978,-0.04280638966115685,-0.02498588368153576,0.002637401145196533,0.006792741439738792
German Credit,R2_F2,2,2,employment_duration,3,1,0.01510446075663463,0.0024272175321335965,-0.057628648300196206,-0.03147939017504231,0.0026476381768026636,0.008733203476460893
German Credit,R2_F2,2,2,employment_duration,4,1,0.012422360248447228,-0.011026048374373931,0.025081256951632658,0.014116318464144628,0.003027033133239654,0.004633397138790019
German Credit,R2_F2,2,2,employment_duration,5,1,0.021315640880858244,0.010845419987250082,-0.022176042239077598,-0.009740259740259605,0.005371905778970787,0.012987062290503004
German Credit,R2_F2,2,2,personal_status_sex,1,1,-0.004799548277809151,-0.003996161480009364,0.02114567282954216,0.015245623941276154,-0.0015122592936373247,-0.005341224369656505
German Credit,R2_F2,2,2,personal_status_sex,2,1,0.013551665725578754,-0.0054010781160773735,0.03217470577015047,0.017363071710897904,0.0027293906638313215,0.007206302308792156
German Credit,R2_F2,2,2,personal_status_sex,3,1,0.0016939582156972888,-0.0024106411876583245,-0.025081256951632658,-0.014116318464144406,-0.00015667234980548672,-6.05431309436133e-06
German Credit,R2_F2,2,2,personal_status_sex,4,1,0.006352343308865027,-0.009947978880003983,0.007181007293048047,0.0032467532467532756,-0.00038430704509895275,0.0004693996839351122
German Credit,R2_F2,2,2,personal_status_sex,5,1,-0.0032467532467532756,-0.03360763548793466,0.017889051327922123,0.010869565217391353,-0.0017572701424971582,-0.005885216491612555
German Credit,R2_F2,2,2,other_debtors,1,1,0.00903444381705254,0.006742392086731552,0.01426374196414315,0.006493506493506551,0.002192760477745387,0.005260422566906731
German Credit,R2_F2,2,2,other_debtors,2,1,0.005646527385657851,0.00014304143955623516,0.01426374196414315,0.006493506493506551,0.002113782068516673,0.004645988417334879
German Credit,R2_F2,2,2,other_debtors,3,1,0.0028232636928288146,-0.00482315148599799,0.01426374196414315,0.006493506493506551,0.0005303294829989702,0.0011596751761531188
German Credit,R2_F2,2,2,other_debtors,4,1,0.009599096555618303,0.004315512811740141,0.01426374196414315,0.006493506493506551,0.0032556710056351468,0.005382758770916707
German Credit,R2_F2,2,2,other_debtors,5,1,0.012281197063805593,0.01814377576514481,0.03217470577015047,0.017363071710897904,0.0034914959625554076,0.008026012920742509
German Credit,R2_F2,2,2,property,1,1,-0.012140033879164402,0.0007982029472970442,-0.021354650945219433,-0.015245623941276043,-0.002655807490839518,-0.00644579261077094
German Credit,R2_F2,2,2,property,2,1,-0.015245623941276154,0.013027707334997807,-0.035555833100582246,-0.021739130434782483,-0.002808936755973601,-0.005477890380623129
German Credit,R2_F2,2,2,property,3,1,0.01510446075663463,0.037878049721254525,0.01426374196414315,0.006493506493506551,0.004589183729591967,0.010769167297198345
German Credit,R2_F2,2,2,property,4,1,0.0022586109542630517,-0.01090071910131496,0.012575977723509657,0.000988142292490224,0.00042632732340694424,0.003502991891322249
German Credit,R2_F2,2,2,property,5,1,0.0012704686617729388,0.02984638956246899,-0.010646045568219575,-0.007622811970637966,0.0010682148127861557,0.003084909174626005
German Credit,R2_F2,2,2,other_installment_plans,1,1,0.005081874647091977,0.0035189114171998437,0.007181007293048047,0.0032467532467532756,0.0005956054645674114,0.002019035767047761
German Credit,R2_F2,2,2,other_installment_plans,2,1,0.0032467532467532756,0.007854844242863313,0.007181007293048047,0.0032467532467532756,0.0013885541001066037,0.0011311845186572356
German Credit,R2_F2,2,2,other_installment_plans,3,1,-0.0014116318464144628,-0.0010945149278398514,-0.04280638966115685,-0.02498588368153576,-0.0006233691193075208,-0.0007284372065339828
German Credit,R2_F2,2,2,other_installment_plans,4,1,-0.0019762845849803368,0.007281037464750284,-0.017812691184054374,-0.010869565217391242,-0.001079507557185,-0.002703223865313964
German Credit,R2_F2,2,2,other_installment_plans,5,1,0.0038114059853190385,0.0006627335344947527,0.01426374196414315,0.006493506493506551,0.0007151366847223117,0.0026603976858750045
German Credit,R2_F2,2,2,housing,1,1,-0.0012704686617730498,0.004729539773463021,-0.025081256951632658,-0.014116318464144406,-0.0007438119533027809,-0.0016580894497983945
German Credit,R2_F2,2,2,housing,2,1,-0.0023997741389045757,-0.009875407633978539,-0.010646045568219575,-0.007622811970637966,6.763445694416004e-05,-0.00031407921981146947
German Credit,R2_F2,2,2,housing,3,1,0.0021174477696216387,0.0241955126181288,-0.0072835152147839866,-0.0032467532467531646,0.002171934644169621,0.002447591719761777
German Credit,R2_F2,2,2,housing,4,1,0.007905138339920903,0.04257140104065216,0.0,0.0,0.003247219890093772,0.006339391141833739
German Credit,R2_F2,2,2,housing,5,1,-0.006493506493506551,0.0050009217141059326,-0.025081256951632658,-0.014116318464144406,-0.0012884706497502119,-0.004404183605997369
German Credit,R2_F2,2,2,job,0,0,0.0,0.0,0.0,0.0,0.0,0.0
German Credit,R2_F2,2,2,telephone,1,1,0.0038114059853189275,0.0018079795661971598,0.03586149744572226,0.021739130434782705,0.0012834908491016206,0.0021036983938370613
German Credit,R2_F2,2,2,telephone,2,1,-0.0035290796160361015,-0.019278291186094365,0.03217470577015047,0.017363071710897904,-0.0009066197167602874,-0.0031256713309326667
German Credit,R2_F2,2,2,telephone,3,1,-0.0032467532467531646,0.0008523832800768627,-0.0072835152147839866,-0.0032467532467531646,-0.0001514680099986565,-0.0008123692265422089
German Credit,R2_F2,2,2,telephone,4,1,0.011998870694522767,0.016576596129286525,0.050162513903265316,0.028232636928289145,0.003611365678236722,0.007350425507128444
German Credit,R2_F2,2,2,telephone,5,1,0.00818746470920384,0.03641371878666555,0.01426374196414315,0.006493506493506551,0.0031618915677792125,0.005915044304995398
German Credit,R2_F2,2,2,foreign_worker,1,1,0.0008469791078485889,0.008751451297593249,-0.0072835152147839866,-0.0032467532467531646,0.0005237289733053541,0.0014942986667629277
German Credit,R2_F2,2,2,foreign_worker,2,1,0.0035290796160361015,0.010756829351330932,-0.017812691184054374,-0.010869565217391242,0.001211205213776101,0.0028627532984487614
German Credit,R2_F2,2,2,foreign_worker,3,1,0.00649350649350644,0.01983402966102432,0.0,0.0,0.002098580758116503,0.00572392727564186
German Credit,R2_F2,2,2,foreign_worker,4,1,0.0015527950310559868,0.010439623092317829,0.0,0.0,0.0006243870789141015,0.0009953287620257378
German Credit,R2_F2,2,2,foreign_worker,5,1,-0.0022586109542631627,-0.000702449220664314,-0.0072835152147839866,-0.0032467532467531646,-0.0002811909214015529,-0.0007349079805921699
German Credit,R2_F2,2,2,duration,1,1,0.02075098814229248,0.08878315962048072,-0.010646045568219575,-0.007622811970637966,0.009056395279798457,0.017671161119261092
German Credit,R2_F2,2,2,duration,2,1,0.0470073404856014,0.12174701666443816,0.1046583876634995,0.06084133258046309,0.01624405813603108,0.03630956373562039
German Credit,R2_F2,2,2,duration,3,1,0.03825522303783169,0.0874284144715538,0.04661580966849299,0.029361942405420782,0.012242054760501414,0.03059163379841734
German Credit,R2_F2,2,2,duration,4,1,0.0330321852060983,0.10338768034531909,0.034961885326375564,0.016233766233766378,0.012240564316079061,0.02788647984131576
German Credit,R2_F2,2,2,duration,5,1,0.02879728966685491,0.1061382625956328,0.052902920386305174,0.02710333145115762,0.0118960932861438,0.029572448097564208
German Credit,R2_F2,2,2,amount,1,1,0.04037267080745344,0.07266988698519972,0.1321494996785602,0.07382834556747597,0.01186174138726273,0.026072977455835034
German Credit,R2_F2,2,2,amount,2,1,0.026397515527950333,0.05608741396578498,0.05392461570246865,0.03260869565217395,0.007377392467730809,0.01732807304956402
German Credit,R2_F2,2,2,amount,3,1,0.02667984189723316,0.06483948846438148,0.07091110239300524,0.03797289666854886,0.007710829645305867,0.017282969380444546
German Credit,R2_F2,2,2,amount,4,1,0.0365612648221344,0.04235707780582543,0.09574052897206198,0.05208921513269349,0.009516742660261951,0.022798435496111602
German Credit,R2_F2,2,2,amount,5,1,0.038678712591755926,0.07385045562398734,0.0792915016829841,0.046725014116318464,0.009684902326538736,0.022760975471264322
German Credit,R2_F2,2,2,installment_rate,1,1,-0.017363071710897793,-0.03582501600369259,-0.032456081757490096,-0.017363071710897682,-0.006178313515159267,-0.012374526158002441
German Credit,R2_F2,2,2,installment_rate,2,1,-0.01722190852625638,-0.002091928299006729,-0.035555833100582246,-0.021739130434782483,-0.004648038279223471,-0.008815598675946112
German Credit,R2_F2,2,2,installment_rate,3,1,-0.0040937323546019755,0.03004107165513681,-0.05016251390326526,-0.028232636928289034,-0.0008857892932500888,0.0009990593513869994
German Credit,R2_F2,2,2,installment_rate,4,1,-0.008752117447769714,-0.0023901170412800044,-0.057628648300196206,-0.03147939017504231,-0.002478489164668002,-0.0019311857619900286
German Credit,R2_F2,2,2,installment_rate,5,1,-0.0039525691699604515,-0.0015361282119908948,-0.010646045568219575,-0.007622811970637966,-0.0010154910281091334,0.0008740484415903915
German Credit,R2_F2,2,2,present_residence,0,0,0.0,0.0,0.0,0.0,0.0,0.0
German Credit,R2_F2,2,2,age,0,0,0.0,0.0,0.0,0.0,0.0,0.0
German Credit,R2_F2,2,2,number_credits,0,0,0.0,0.0,0.0,0.0,0.0,0.0
German Credit,R2_F2,2,2,people_liable,0,0,0.0,0.0,0.0,0.0,0.0,0.0
German Credit,R2_F3,2,3,status,1,1,0.058461538461538454,0.08389821738623926,0.009805812631331345,0.012535612535612417,0.017542247106612008,0.054176672729788544
German Credit,R2_F3,2,3,status,2,1,0.10735042735042732,0.12009421371978768,0.13316665843503078,0.07321937321937311,0.031507785140272665,0.09071077138806671
German Credit,R2_F3,2,3,status,3,1,0.03589743589743577,0.11633704597076633,0.04765770932131275,0.027065527065527006,0.01576428032899041,0.03613619332475537
German Credit,R2_F3,2,3,status,4,1,0.1135042735042735,0.12462631244844924,0.11615322799856381,0.06581196581196569,0.03419354332113417,0.09265134943718878
German Credit,R2_F3,2,3,status,5,1,0.09766381766381771,0.13302942503915527,0.13316665843503078,0.07321937321937311,0.03048526361157136,0.07816409062109553
German Credit,R2_F3,2,3,credit_history,1,1,0.026210826210826266,0.0478660603236466,0.03193395406061994,0.014814814814814725,0.008686177180935423,0.022549363296405334
German Credit,R2_F3,2,3,credit_history,2,1,0.017549857549857606,0.04505283227514312,0.03362796046951788,0.01937321937321923,0.0059529010624693734,0.016674523711532663
German Credit,R2_F3,2,3,credit_history,3,1,0.013447293447293451,0.023685941267350463,0.025276387245826315,0.015669515669515577,0.00437501544817917,0.012192974123554579
German Credit,R2_F3,2,3,credit_history,4,1,0.020284900284900154,0.016628132612522828,0.027884401305390827,0.01538461538461533,0.005720411431848538,0.01713430466529109
German Credit,R2_F3,2,3,credit_history,5,1,0.0062678062678063196,0.019860075050523895,-0.005628512973435806,0.0005698005698004938,0.002930458669724023,0.010401420370664827
German Credit,R2_F3,2,3,purpose,1,1,0.03908831908831911,0.05421382022604537,0.013560860543666564,0.01225071225071217,0.014008271314601861,0.039195336231980016
German Credit,R2_F3,2,3,purpose,2,1,0.03464387464387464,0.07383124496030635,0.08739707206993996,0.05042735042735036,0.014610871968909672,0.034178294731934455
German Credit,R2_F3,2,3,purpose,3,1,0.024615384615384595,0.04752699450502562,0.005710447289573928,0.0039886039886039,0.009949746412740795,0.026751306400986996
German Credit,R2_F3,2,3,purpose,4,1,0.020740740740740726,0.04505362541278346,0.0924203534722855,0.049857549857549754,0.008206546211614485,0.01696648341975071
German Credit,R2_F3,2,3,purpose,5,1,0.021994301994301968,0.03559814066071698,-0.03029808279373436,-0.015099715099715194,0.007413942928467893,0.02059326762909719
German Credit,R2_F3,2,3,savings,1,1,-0.013219373219373165,-0.004611325894118612,0.011318842316923206,0.007977207977207912,-0.0022608201622688062,-0.012195162669598192
German Credit,R2_F3,2,3,savings,2,1,0.015612535612535616,0.0203460409302485,0.05814528917077333,0.030484330484330413,0.006724097926197575,0.012489142480134774
German Credit,R2_F3,2,3,savings,3,1,0.012877492877492847,0.04273222056742121,0.08025613216190025,0.04188034188034173,0.0065853469028096245,0.010388147105853007
German Credit,R2_F3,2,3,savings,4,1,0.0017094017094018144,-0.0009237377067743413,0.05593707862211261,0.03076923076923066,0.0017780189529283674,0.0009218708798653941
German Credit,R2_F3,2,3,savings,5,1,0.03316239316239322,0.05821504495720253,0.10236697515302717,0.05327635327635316,0.012635575781279329,0.02666226537890848
German Credit,R2_F3,2,3,employment_duration,1,1,0.01698005698005689,0.0333246533516206,0.03603444617964641,0.019088319088319095,0.006329020050534984,0.01762766908929836
German Credit,R2_F3,2,3,employment_duration,2,1,0.013675213675213627,0.03615663076768971,0.022050619482525957,0.011396011396011319,0.00569748185351332,0.013065537973872554
German Credit,R2_F3,2,3,employment_duration,3,1,0.01777777777777778,0.036096066780825775,-0.01174077283482855,-0.007977207977208023,0.005844700339016795,0.015143347030964538
German Credit,R2_F3,2,3,employment_duration,4,1,0.013105413105413133,0.035781858762095164,0.008102082837935953,0.0037037037037036535,0.003599820373835133,0.008649508390368266
German Credit,R2_F3,2,3,employment_duration,5,1,0.02438746438746442,0.0395715308630924,0.0,0.0,0.008612875409557325,0.023280246161786255
German Credit,R2_F3,2,3,personal_status_sex,1,1,0.008319088319088341,0.006792516640618085,0.011318842316923206,0.007977207977207912,0.00223298234136432,0.006130062489905108
German Credit,R2_F3,2,3,personal_status_sex,2,1,0.012535612535612639,0.027527224400132666,-0.019486256905146493,-0.007122507122507171,0.0037596981557524167,0.007391174964046399
German Credit,R2_F3,2,3,personal_status_sex,3,1,0.01572649572649576,0.01520288292835592,0.06615185844757787,0.03418803418803407,0.005251837282246069,0.013771199540697165
German Credit,R2_F3,2,3,personal_status_sex,4,1,0.011509971509971462,0.025255202620608652,0.011318842316923206,0.007977207977207912,0.003728400822133049,0.009934427846462479
German Credit,R2_F3,2,3,personal_status_sex,5,1,0.0026210826210826266,0.004444566833879504,-0.05560851214086093,-0.026210826210826266,-0.0001750238027976303,0.0016223101959601527
German Credit,R2_F3,2,3,other_debtors,1,1,0.004900284900284935,0.0050995657925164695,-0.008187239802607438,-0.0037037037037037646,0.0015094517058194812,0.0034086269627541244
German Credit,R2_F3,2,3,other_debtors,2,1,0.003646723646723582,-0.0024002818017979655,-0.05240892578486128,-0.026495726495726624,-0.00024175135893983457,0.003904788484994537
German Credit,R2_F3,2,3,other_debtors,3,1,0.00022792022792028632,0.0007739875422801967,-0.022050619482525957,-0.01139601139601143,-0.00044989631703168387,0.0017716199287817203
German Credit,R2_F3,2,3,other_debtors,4,1,0.013789173789173659,0.0067126960581160855,0.0,0.0,0.004111455914373757,0.013309842068153888
German Credit,R2_F3,2,3,other_debtors,5,1,0.010826210826210825,0.018743025031677685,0.016122732707772758,0.007407407407407307,0.0035014620029674426,0.008960334093294442
German Credit,R2_F3,2,3,property,1,1,0.006609686609686527,0.02766060408930726,-0.02775442737851469,-0.015384615384615441,0.002405048180139008,0.006208740512606448
German Credit,R2_F3,2,3,property,2,1,-0.00353276353276355,0.014718570281754051,-0.0358843547153227,-0.019088319088319095,-0.000670749516296254,-0.0011818208858753732
German Credit,R2_F3,2,3,property,3,1,-0.003760683760683725,0.007218130107169873,0.016122732707772758,0.007407407407407307,-0.000543324883796964,-0.0006341496307790129
German Credit,R2_F3,2,3,property,4,1,-0.00353276353276355,0.011965234804405256,-0.005815847335370938,-0.0039886039886041225,-0.001112281740258264,-0.0001611339490478203
German Credit,R2_F3,2,3,property,5,1,0.018803418803418848,0.04371406638604125,0.013923603188519484,0.007692307692307665,0.006854802615088612,0.01857701365605091
German Credit,R2_F3,2,3,other_installment_plans,1,1,0.011737891737891748,-0.0020683954901119517,-0.005815847335370938,-0.0039886039886041225,0.0018538297832166595,0.010197765673926718
German Credit,R2_F3,2,3,other_installment_plans,2,1,0.012763532763532703,0.0121839596853891,-0.0358843547153227,-0.019088319088319095,0.0029324622580975956,0.010459191284694525
German Credit,R2_F3,2,3,other_installment_plans,3,1,0.0005698005698004938,0.005837590153895067,-0.019707755515931513,-0.011680911680911787,0.0015869712813752213,0.0012847620216002165
German Credit,R2_F3,2,3,other_installment_plans,4,1,0.0012535612535612417,0.0030693024651152756,-0.005815847335370938,-0.0039886039886041225,0.00020336543319887657,0.00018789797656781904
German Credit,R2_F3,2,3,other_installment_plans,5,1,-0.0003418803418804295,-0.01892727166552166,-0.04743140306139454,-0.027065527065527117,-0.0004076446710363779,0.005131690319485904
German Credit,R2_F3,2,3,housing,1,1,-0.00752136752136745,-0.021225551227040618,0.008102082837935953,0.0037037037037036535,-0.0027498527397402106,-0.0053206181053840895
German Credit,R2_F3,2,3,housing,2,1,-0.0012535612535611307,0.00798789184587645,0.0,0.0,-0.0005808792632077397,-0.0006610354594467349
German Credit,R2_F3,2,3,housing,3,1,0.001481481481481528,0.010777456290085197,0.022050619482525957,0.011396011396011319,0.00014811015723900645,0.001194863135691504
German Credit,R2_F3,2,3,housing,4,1,-0.004900284900284935,-0.015415369128878531,0.013923603188519484,0.007692307692307665,-0.0014270482079670466,-0.003113071121410127
German Credit,R2_F3,2,3,housing,5,1,-0.005811965811965858,-0.004883630365977165,0.013923603188519484,0.007692307692307665,-0.0012993708437164797,-0.002918100837033144
German Credit,R2_F3,2,3,job,0,0,0.0,0.0,0.0,0.0,0.0,0.0
German Credit,R2_F3,2,3,telephone,0,0,0.0,0.0,0.0,0.0,0.0,0.0
German Credit,R2_F3,2,3,foreign_worker,1,1,-0.0005698005698006048,-0.00041592611943452873,0.0,0.0,-0.00026695258572817515,-0.0006207329690981478
German Credit,R2_F3,2,3,foreign_worker,2,1,-0.0031908831908832314,-0.0028050477741679014,-0.01646350672624297,-0.007407407407407529,-0.0013362422225613457,-0.0027176081576244515
German Credit,R2_F3,2,3,foreign_worker,3,1,0.00900284900284909,0.013136947470856919,0.027884401305390827,0.01538461538461533,0.002663526018757273,0.00614269662137612
German Credit,R2_F3,2,3,foreign_worker,4,1,0.002165242165242165,0.0042240753499738215,-0.008187239802607438,-0.0037037037037037646,0.0002909874829704062,0.0027421393031754615
German Credit,R2_F3,2,3,foreign_worker,5,1,-0.00034188034188031846,-0.0003408881425744914,0.0,0.0,-0.000309042538241433,-0.0006419108302258003
German Credit,R2_F3,2,3,duration,1,1,0.039658119658119606,0.10877811633233436,0.05896673685920706,0.03504273504273492,0.01713236265225762,0.038922305976679006
German Credit,R2_F3,2,3,duration,2,1,0.024501424501424562,0.049485427156489736,0.0,0.0,0.008479926720958958,0.019827141528877545
German Credit,R2_F3,2,3,duration,3,1,0.04250712250712252,0.07262848776068698,0.09009349490949797,0.05014245014245011,0.013644120739423587,0.03070137937783668
German Credit,R2_F3,2,3,duration,4,1,0.029059829059829068,0.06139625029302076,0.013923603188519484,0.007692307692307665,0.011082241482745558,0.023546876579540243
German Credit,R2_F3,2,3,duration,5,1,0.04022792022792032,0.05805249744906815,-0.005628512973435806,0.0005698005698004938,0.01462458684926235,0.03610588782464841
German Credit,R2_F3,2,3,amount,1,1,0.016980056980057,-0.016183437538513368,0.03009530161456525,0.015099715099714972,0.004241193693845319,0.014089131304021785
German Credit,R2_F3,2,3,amount,2,1,-0.010256410256410331,-0.021597338288262047,-0.002592805709179191,0.00028490028490013586,-0.0035548521680188183,-0.008039855881736946
German Credit,R2_F3,2,3,amount,3,1,0.01333333333333342,-0.010299527405376097,0.027884401305390827,0.01538461538461533,0.0035395396394374,0.009019573387997859
German Credit,R2_F3,2,3,amount,4,1,-0.0009116809116809232,-0.011319239083828037,0.03009530161456525,0.015099715099714972,-0.0009882544840318641,-0.004474589533672413
German Credit,R2_F3,2,3,amount,5,1,0.021082621082621156,0.0017816178772106506,-0.014256483100804462,-0.003133903133903271,0.005038567194859372,0.017629787666312957
German Credit,R2_F3,2,3,installment_rate,1,1,0.0047863247863247915,0.0431694205933979,-0.05541549973027704,-0.030769230769230882,0.00350604355706044,0.008265593264372595
German Credit,R2_F3,2,3,installment_rate,2,1,-0.012421652421652385,0.026000855998445926,-0.06348104780068226,-0.034472934472934535,-0.0016413792152691342,-0.007656915344975146
German Credit,R2_F3,2,3,installment_rate,3,1,0.014814814814814836,0.07239882831257971,0.05814528917077333,0.030484330484330413,0.0077570091174644085,0.015176293329200119
German Credit,R2_F3,2,3,installment_rate,4,1,0.0003418803418804295,0.03065675492516351,-0.03863746074205987,-0.01880341880341896,0.0020205943374584368,0.002770048159864813
German Credit,R2_F3,2,3,installment_rate,5,1,-0.008319088319088341,0.03570921613919764,-0.044101238965051914,-0.02279202279202286,-0.00043428192969735546,-0.00034001245948511727
German Credit,R2_F3,2,3,present_residence,0,0,0.0,0.0,0.0,0.0,0.0,0.0
German Credit,R2_F3,2,3,age,1,1,0.009914529914529902,0.011237312900219898,-0.045611071464733144,-0.018233618233618354,0.0039426422758642166,0.010412920540751824
German Credit,R2_F3,2,3,age,2,1,0.0015954415954415602,0.03257359002020965,-0.002592805709179191,0.00028490028490013586,0.001357334488220202,-0.0017124596610357257
German Credit,R2_F3,2,3,age,3,1,0.00011396011396025418,-0.005347590018964121,-0.002592805709179191,0.00028490028490013586,7.073275409688606e-05,-0.0011260395563451597
German Credit,R2_F3,2,3,age,4,1,-0.002051282051282022,0.030425939222017417,-0.005628512973435806,0.0005698005698004938,0.0009177309228681207,-0.00034040026762272024
German Credit,R2_F3,2,3,age,5,1,0.002051282051282022,0.016177632960694854,-0.05560851214086093,-0.026210826210826266,0.0010306708296129174,0.0013422065597614719
German Credit,R2_F3,2,3,number_credits,0,0,0.0,0.0,0.0,0.0,0.0,0.0
German Credit,R2_F3,2,3,people_liable,0,0,0.0,0.0,0.0,0.0,0.0,0.0
German Credit,R2_F4,2,4,status,1,1,0.07977173385138414,0.09420545757156285,0.14436324020006225,0.07795046138902384,0.024155672372768694,0.0602281522688799
German Credit,R2_F4,2,4,status,2,1,0.14728023312287508,0.1552493552559594,0.33936264215975154,0.1805488101019912,0.04396532644804069,0.10282403219281744
German Credit,R2_F4,2,4,status,3,1,0.060951918406993544,0.061341791334221796,0.13405796271893916,0.06811559009227786,0.018212030711355992,0.04180481421552418
German Credit,R2_F4,2,4,status,4,1,0.1059980573093734,0.12132832139333805,0.1966366706275291,0.1041767848470132,0.03188496359855736,0.07823261543471449
German Credit,R2_F4,2,4,status,5,1,0.1117047110247692,0.17178123086064928,0.2574995155924982,0.13708110733365708,0.03772335351760142,0.08422917208247183
German Credit,R2_F4,2,4,credit_history,1,1,0.029018941233608597,0.06058268292874358,0.07510000626717628,0.0431034482758621,0.008755581680359281,0.02029177601763832
German Credit,R2_F4,2,4,credit_history,2,1,0.018819815444390375,0.020234746506929024,0.0449378712855491,0.025862068965517238,0.005661942400882886,0.013029279096506918
German Credit,R2_F4,2,4,credit_history,3,1,0.03763963088878086,0.0643657762688753,0.052811094457856644,0.029383195726080613,0.012780835679898128,0.03148991125978107
German Credit,R2_F4,2,4,credit_history,4,1,0.017969888295288783,0.018241084899796256,0.02071840663515001,0.01529868868382711,0.006801114411112835,0.013309085972512402
German Credit,R2_F4,2,4,credit_history,5,1,0.030961631860126126,0.07988657629867002,0.0834141338003741,0.04504613890237974,0.01136508486077098,0.02459400715019966
German Credit,R2_F4,2,4,purpose,1,1,0.02974745021855263,0.028521930761577496,0.09085033406901372,0.05014570179698885,0.007203536045647496,0.021964071192156376
German Credit,R2_F4,2,4,purpose,2,1,0.010199125789218,-0.0037522593880402466,-0.029814154973335616,-0.01724137931034475,0.002291655988914454,0.0059202143179789
German Credit,R2_F4,2,4,purpose,3,1,0.015784361340456465,0.025435807306538716,-0.007877438219786537,-0.0035211267605633756,0.005032866847701822,0.012772266445402636
German Credit,R2_F4,2,4,purpose,4,1,0.019062651772705164,0.06250686278969941,0.030604607544058193,0.014084507042253502,0.007256736826273397,0.018104571411230952
German Credit,R2_F4,2,4,purpose,5,1,0.021248178727537592,0.011174668645805408,0.03668289684346865,0.01444876153472563,0.006638198432682985,0.017530672997276564
German Credit,R2_F4,2,4,savings,1,1,0.020398251578436,0.025305633297374897,0.0834141338003741,0.04504613890237974,0.005735236231841245,0.012994068263162295
German Credit,R2_F4,2,4,savings,2,1,0.02355512384652736,0.05454475631792066,0.04552146015839392,0.024283632831471502,0.007999478692313405,0.023292993517329275
German Credit,R2_F4,2,4,savings,3,1,0.02853326857697902,0.028221465227127984,0.06789410267728141,0.03800388538125299,0.00862579267911906,0.02035585642009463
German Credit,R2_F4,2,4,savings,4,1,0.00400679941719273,-0.004085293820545011,-0.007877438219786537,-0.0035211267605633756,-0.00037614298299828985,0.003214717268346823
German Credit,R2_F4,2,4,savings,5,1,0.02464788732394363,0.015403318991011439,0.06826492778654702,0.03484701311316174,0.006892218614178297,0.019127252643371506
German Credit,R2_F4,2,4,employment_duration,1,1,-0.006677999028654735,-0.006313194806113254,0.03776834779029381,0.020762506070908238,-0.0024042994462155076,-0.01179472272481713
German Credit,R2_F4,2,4,employment_duration,2,1,-0.017848470131131666,-0.020067550016183322,-0.029814154973335616,-0.01724137931034475,-0.005728021591428767,-0.014259092462851009
German Credit,R2_F4,2,4,employment_duration,3,1,0.0069208353569693015,0.009819393745819527,0.06826492778654702,0.03484701311316174,0.0021514991745957,-0.000634006053111591
German Credit,R2_F4,2,4,employment_duration,4,1,0.009349198640116518,-0.026513502990813675,0.07568582038425514,0.038368139873725005,0.0010832671875401767,0.0005570861437543817
German Credit,R2_F4,2,4,employment_duration,5,1,-0.002671199611462005,-0.0018632213764441241,0.03804726308465728,0.017605633802816878,-0.002432852966061244,-0.0067368250442289
German Credit,R2_F4,2,4,personal_status_sex,1,1,0.006313744536182497,-0.002888281935261805,0.029923058022305216,0.01724137931034475,0.0007896663528668968,0.004265307926407613
German Credit,R2_F4,2,4,personal_status_sex,2,1,-0.004978144730451661,-0.0009085717590154863,0.02276073007919699,0.012141816415735862,-0.0014056005145275385,-0.0062690343461094256
German Credit,R2_F4,2,4,personal_status_sex,3,1,0.0025497814473043334,0.0008289501334975968,0.030484706986203425,0.015662943176299127,-0.0004777712248958399,0.0010072452042027558
German Credit,R2_F4,2,4,personal_status_sex,4,1,0.0009713453132588201,0.004557102581447925,-0.007877438219786537,-0.0035211267605633756,-0.0007667153571551399,-0.0012948939134106996
German Credit,R2_F4,2,4,personal_status_sex,5,1,0.001335599805730836,0.02139093573489803,0.015476010146837305,0.007042253521126751,-0.0001471845912548453,0.0005337359488712945
German Credit,R2_F4,2,4,other_debtors,1,1,0.00303545410393391,0.0021588182987032356,-0.01491825473505548,-0.008620689655172376,-8.405034920225263e-05,0.0002481772993060405
German Credit,R2_F4,2,4,other_debtors,2,1,0.010441962117532677,0.016097324212250075,0.023081975391012977,0.010563380281690127,0.0032815250075884927,0.007911418381527868
German Credit,R2_F4,2,4,other_debtors,3,1,0.00716367168528409,0.020682450712572575,0.0,0.0,0.0025979662031231365,0.006297218474507316
German Credit,R2_F4,2,4,other_debtors,4,1,0.01432734337056818,0.020209221990356907,0.007783226125573972,0.0035211267605633756,0.004916645459012797,0.011694699937396247
German Credit,R2_F4,2,4,other_debtors,5,1,0.01238465274405054,0.02589563670548345,0.007783226125573972,0.0035211267605633756,0.0042622258043918115,0.010066073006279097
German Credit,R2_F4,2,4,property,1,1,0.004613890237979534,-0.0037294616375224132,-0.007877438219786537,-0.0035211267605633756,0.0001413751439175437,-7.568673645330648e-05
German Credit,R2_F4,2,4,property,2,1,0.002671199611461783,0.005099356849405212,-0.007877438219786537,-0.0035211267605633756,0.00014614934617485087,0.0008132693798670321
German Credit,R2_F4,2,4,property,3,1,0.006435162700340058,0.00643780063942323,0.0449378712855491,0.025862068965517238,0.0019691473518432534,0.004210086609908681
German Credit,R2_F4,2,4,property,4,1,0.0012141816415734974,-0.010691826045072461,0.02198163989381685,0.013720252549781486,-0.00012605464279880074,-0.0023513468529227644
German Credit,R2_F4,2,4,property,5,1,0.008742107819329714,0.008100162153584445,0.02276073007919699,0.012141816415735862,0.002017591791929091,0.0033514469482229248
German Credit,R2_F4,2,4,other_installment_plans,1,1,0.009834871296745873,0.020697960241867652,0.015476010146837305,0.007042253521126751,0.00238800742262138,0.00818572045626742
German Credit,R2_F4,2,4,other_installment_plans,2,1,0.011898980087420963,0.018543880214389463,0.015476010146837305,0.007042253521126751,0.002324892950146179,0.00964582522581836
German Credit,R2_F4,2,4,other_installment_plans,3,1,0.002064108790674979,-0.003339601386206259,-0.0009745914979154557,0.0015784361340456243,-0.0016424895689591268,0.0007700417098078782
German Credit,R2_F4,2,4,other_installment_plans,4,1,0.008256435162700249,-0.0026722734973417817,0.04552146015839392,0.024283632831471502,-0.0004403405193775245,0.005697670783929576
German Credit,R2_F4,2,4,other_installment_plans,5,1,0.0052209810587663386,0.0028706481397593464,0.02198163989381685,0.013720252549781486,0.0010055897336671005,0.0036060113599180044
German Credit,R2_F4,2,4,housing,1,1,0.009956289460903212,0.012042004756698255,0.02276073007919699,0.012141816415735862,0.0029550799673133954,0.006202595875369532
German Credit,R2_F4,2,4,housing,2,1,0.0052209810587663386,0.02239373136960565,0.014945454785253665,0.008620689655172376,0.0019440302199310033,0.002565019323142681
German Credit,R2_F4,2,4,housing,3,1,0.003763963088878053,0.012603493922934583,0.015476010146837305,0.007042253521126751,0.0005234385329474511,-0.0003250600787381708
German Credit,R2_F4,2,4,housing,4,1,0.0069208353569694125,0.004373612985443365,0.05318618784683293,0.02780475959203499,0.0016857079397963881,0.0036051742242474982
German Credit,R2_F4,2,4,housing,5,1,0.0007285089849441428,0.00409500398615581,0.038121092706923765,0.019184069936862613,0.00030401321760137323,-0.0010024462606800233
German Credit,R2_F4,2,4,job,0,0,0.0,0.0,0.0,0.0,0.0,0.0
German Credit,R2_F4,2,4,telephone,0,0,0.0,0.0,0.0,0.0,0.0,0.0
German Credit,R2_F4,2,4,foreign_worker,1,1,0.011534725594948947,0.01372286710613646,0.030484706986203425,0.015662943176299127,0.0029819517880159963,0.007334923144556027
German Credit,R2_F4,2,4,foreign_worker,2,1,0.007163671685283979,0.004012607120772449,0.015476010146837305,0.007042253521126751,0.0013735008851308295,0.004386733095740947
German Credit,R2_F4,2,4,foreign_worker,3,1,0.007770762506070783,0.0085226277245819,0.015476010146837305,0.007042253521126751,0.0022256732539722712,0.006446851179919222
German Credit,R2_F4,2,4,foreign_worker,4,1,0.008499271491015037,0.007825106787639147,0.03776834779029381,0.020762506070908238,0.0025094131814565046,0.008273597861394977
German Credit,R2_F4,2,4,foreign_worker,5,1,0.01845556095191836,0.022484614974220163,0.030484706986203425,0.015662943176299127,0.00453179283421698,0.01237833065469135
German Credit,R2_F4,2,4,duration,1,1,0.022948033025740555,0.04002743482232418,0.02071840663515001,0.01529868868382711,0.004175594546933753,0.013915939856308068
German Credit,R2_F4,2,4,duration,2,1,0.022583778533268428,0.04631904520004437,0.06828219023759086,0.036425449247207364,0.007151240154701671,0.015580641195802658
German Credit,R2_F4,2,4,duration,3,1,0.024162214667314164,0.06631751857933044,0.0004904991932459524,-0.0015784361340456243,0.006602042201740682,0.01726176640050242
German Credit,R2_F4,2,4,duration,4,1,0.027926177756192216,0.022842739788918598,0.0,0.0,0.007521367876833274,0.02145287518340666
German Credit,R2_F4,2,4,duration,5,1,0.028290432248664232,0.07248478430606986,-0.029430000907749276,-0.018819815444390486,0.008337411150862062,0.022428470960712432
German Credit,R2_F4,2,4,amount,1,1,0.00910636231180173,0.04224176927737877,-0.01491825473505548,-0.008620689655172376,0.0025447977763738416,0.0074685613729781886
German Credit,R2_F4,2,4,amount,2,1,0.011049052938319592,0.002300763297227393,0.015476010146837305,0.007042253521126751,0.0009560543931092513,0.0038860079027412953
German Credit,R2_F4,2,4,amount,3,1,0.013477416221466698,0.02657568085493689,-0.01491825473505548,-0.008620689655172376,0.0035733094369544693,0.009957534885568886
German Credit,R2_F4,2,4,amount,4,1,0.02258377853326854,0.030290504041387667,0.038121092706923765,0.019184069936862613,0.006480352452470667,0.015821900514140896
German Credit,R2_F4,2,4,amount,5,1,0.023190869354055232,0.03128835967539101,0.030484706986203425,0.015662943176299127,0.006618599005374398,0.016694642361454126
German Credit,R2_F4,2,4,installment_rate,1,1,0.013841670713938714,0.013770174838288463,0.0,0.0,0.0036706578072397134,0.008372728268957519
German Credit,R2_F4,2,4,installment_rate,2,1,-0.0036425449247208253,-0.033660916329501744,0.007035021586753787,0.005099562894609111,-0.002754179848504734,-0.005224740068342393
German Credit,R2_F4,2,4,installment_rate,3,1,0.0018212724623603016,0.014781165455950207,-0.022760730079196934,-0.012141816415735862,-0.000828936065845054,-0.0009356496464543729
German Credit,R2_F4,2,4,installment_rate,4,1,0.006435162700339836,0.0340165864763361,-0.007169072413249156,-0.005099562894609111,0.0013055703224434112,0.003946921509076107
German Credit,R2_F4,2,4,installment_rate,5,1,0.012384652744050428,0.025784550238368675,-0.006937579576947073,-0.006677999028654735,0.0027917413609098163,0.006059686619043214
German Credit,R2_F4,2,4,present_residence,0,0,0.0,0.0,0.0,0.0,0.0,0.0
German Credit,R2_F4,2,4,age,1,1,0.009592034968431196,0.02368944887531399,0.07568582038425514,0.038368139873725005,0.0024019534124240516,0.008170602015383555
German Credit,R2_F4,2,4,age,2,1,0.0015784361340456243,0.023877056490098858,0.007035021586753787,0.005099562894609111,0.0012781754017585079,0.0079237471308794
German Credit,R2_F4,2,4,age,3,1,0.002306945118989656,0.014670947890015995,-0.007169072413249156,-0.005099562894609111,-0.0006399304283403184,0.0019850037901351647
German Credit,R2_F4,2,4,age,4,1,0.00400679941719273,0.009225699700782797,0.015476010146837305,0.007042253521126751,-0.0006086126756477683,0.0023667925304555193
German Credit,R2_F4,2,4,age,5,1,0.011049052938319592,0.037602778424518535,0.030484706986203425,0.015662943176299127,0.0032928997587912956,0.009108316125423122
German Credit,R2_F4,2,4,number_credits,0,0,0.0,0.0,0.0,0.0,0.0,0.0
German Credit,R2_F4,2,4,people_liable,0,0,0.0,0.0,0.0,0.0,0.0,0.0
German Credit,R2_F5,2,5,status,1,1,0.12767379679144386,0.14669136845161046,0.17225012475782048,0.0851158645276292,0.03691957399426207,0.1023910017193509
German Credit,R2_F5,2,5,status,2,1,0.0932486631016044,0.11129742940125509,0.16706577950157991,0.0848930481283422,0.02752271269788026,0.07750920443363984
German Credit,R2_F5,2,5,status,3,1,0.09993315508021383,0.13743702222073972,0.21979954888711753,0.10739750445632801,0.03473705818566308,0.08124487451894569
German Credit,R2_F5,2,5,status,4,1,0.11842691622103385,0.1533666977396395,0.22500600927116854,0.11096256684491979,0.037255748271752015,0.09939486955015198
German Credit,R2_F5,2,5,status,5,1,0.046457219251336834,0.0450007918048001,0.10832834400392422,0.05882352941176472,0.01371374564626257,0.038781017986996624
German Credit,R2_F5,2,5,credit_history,1,1,0.026849376114082002,0.0388872304579998,0.1046892713778318,0.05525846702317283,0.008346114208547,0.01896232026134337
German Credit,R2_F5,2,5,credit_history,2,1,0.00100267379679142,0.019973957919721452,0.016263891233974148,0.01091800356506234,0.0017700631889992768,0.003769333086208082
German Credit,R2_F5,2,5,credit_history,3,1,0.01949643493761144,0.02364580187260512,0.06694855426333585,0.03676470588235292,0.006960289809414433,0.01941024601166841
German Credit,R2_F5,2,5,credit_history,4,1,-0.01849376114081991,-0.00035431531804686056,0.043032365554234064,0.025623885918003575,-0.0026139435184091286,-0.00566450923473194
German Credit,R2_F5,2,5,credit_history,5,1,0.032308377896613116,0.036189281169446086,0.07353529856846619,0.03698752228163982,0.010988458915015487,0.027621671519487356
German Credit,R2_F5,2,5,purpose,1,1,0.03197415329768272,0.059510438040487834,0.08062592379916445,0.044117647058823484,0.011349703766978803,0.03289643998418201
German Credit,R2_F5,2,5,purpose,2,1,0.013368983957219305,0.033037267004158655,0.016263891233974148,0.01091800356506234,0.005699526314361714,0.016886000881559227
German Credit,R2_F5,2,5,purpose,3,1,0.053698752228164004,0.08720810614354635,0.1025748616860106,0.04835115864527628,0.018699147016081608,0.05415798559971152
German Credit,R2_F5,2,5,purpose,4,1,0.017045454545454586,0.00768482362275269,0.03660290489867368,0.01849376114081991,0.00255320050049182,0.016521175027442214
German Credit,R2_F5,2,5,purpose,5,1,0.00991532976827092,0.03715659683720496,0.043032365554234064,0.025623885918003575,0.003367232015347804,0.012592014406698437
German Credit,R2_F5,2,5,savings,1,1,0.02384135472370774,0.07496673896715156,0.04652221675335677,0.022281639928698693,0.010618925688917064,0.024414382747158125
German Credit,R2_F5,2,5,savings,2,1,0.018270944741533013,0.03679918794398185,0.03314052895150482,0.014928698752228131,0.006582131038660816,0.01808382333429892
German Credit,R2_F5,2,5,savings,3,1,0.017268270944741593,0.051354003872435605,0.1108186125962185,0.05548128342245984,0.009155527908241728,0.020775167671108208
German Credit,R2_F5,2,5,savings,4,1,0.028966131907308346,0.04774701806189996,0.1046892713778318,0.05525846702317283,0.010316420752006783,0.024884765127207165
German Credit,R2_F5,2,5,savings,5,1,0.02417557932263814,0.03689468454436351,0.026519554911084542,0.014705882352941124,0.008071483312999311,0.02131307361842838
German Credit,R2_F5,2,5,employment_duration,1,1,-0.002673796791443861,0.012488557243101162,0.043032365554234064,0.025623885918003575,0.0015189726599046383,0.00198197361369723
German Credit,R2_F5,2,5,employment_duration,2,1,0.007130124777183555,0.002870839264196623,0.029601852369929293,0.018270944741533013,0.002469403508546325,0.006952519090372422
German Credit,R2_F5,2,5,employment_duration,3,1,-0.00011140819964350346,-0.0033993830314443807,0.06354125191509635,0.033199643493761144,0.001049940652482928,0.0023329840818224756
German Credit,R2_F5,2,5,employment_duration,4,1,0.012366310160427774,0.004979819389390405,0.016263891233974148,0.01091800356506234,0.003265818713152069,0.008932048536752557
German Credit,R2_F5,2,5,employment_duration,5,1,0.002896613190730868,0.01070944145922792,0.009995751373336248,0.0037878787878786735,0.0015512552968732773,0.005130926761215293
German Credit,R2_F5,2,5,personal_status_sex,1,1,0.00924688057041001,0.01663325862334597,-0.007374789106586899,-0.00022281639928700692,0.003188563133836836,0.008591350563307287
German Credit,R2_F5,2,5,personal_status_sex,2,1,0.004790552584670316,0.005001167910746229,0.00301168308239369,0.0035650623885917776,0.0018170957809220956,0.005087721889121322
German Credit,R2_F5,2,5,personal_status_sex,3,1,0.012811942959001899,0.020286639154037722,0.00301168308239369,0.0035650623885917776,0.003908582934093602,0.00993861609592972
German Credit,R2_F5,2,5,personal_status_sex,4,1,-0.001225490196078427,0.0050067115740562995,0.016263891233974148,0.01091800356506234,-0.0005227509925053164,-0.0008197879390619001
German Credit,R2_F5,2,5,personal_status_sex,5,1,0.004901960784313708,0.010044586762245955,0.023261108376678385,0.011140819964349347,0.0014482935239802375,0.003974809923433131
German Credit,R2_F5,2,5,other_debtors,1,1,-0.001448306595365434,-0.00035211504847876274,0.00301168308239369,0.0035650623885917776,0.00021158297834589224,0.0009118179706197882
German Credit,R2_F5,2,5,other_debtors,2,1,-0.003676470588235281,-0.007964720043049822,0.0,0.0,-0.0008714443546487816,-0.0005366707212941524
German Credit,R2_F5,2,5,other_debtors,3,1,0.003119429590017875,-0.0069957009356328426,-0.010161253492061206,-0.0037878787878788955,0.0001834327673286007,0.003713777623170267
German Credit,R2_F5,2,5,other_debtors,4,1,0.01849376114082002,0.012225883459434872,0.013220825703306238,0.007352941176470562,0.00552070737726329,0.01655090865987796
German Credit,R2_F5,2,5,other_debtors,5,1,0.004679144385026701,0.003195055807646896,0.016263891233974148,0.01091800356506234,0.0014771659960660377,0.005261246234986472
German Credit,R2_F5,2,5,property,1,1,-0.0008912655971480277,0.0004104861480276334,0.013220825703306238,0.007352941176470562,-0.0005521446702606014,-0.001208354123041766
German Credit,R2_F5,2,5,property,2,1,0.0025623885918003575,-0.005056244468210402,0.006595898947507339,0.00022281639928700692,0.00013939641175259032,0.0009342984453437619
German Credit,R2_F5,2,5,property,3,1,0.004901960784313708,-0.006812223737740153,0.006595898947507339,0.00022281639928700692,0.0010740541718014252,0.0030016381238143763
German Credit,R2_F5,2,5,property,4,1,0.0013368983957219305,-0.013697575547492291,-0.0031991833119752733,-0.0035650623885918886,-0.00015168494886871886,-0.0002836683036530063
German Credit,R2_F5,2,5,property,5,1,0.0027852049910872534,0.000586937408822874,0.04652221675335677,0.022281639928698693,0.001716446574374475,0.00381312527904909
German Credit,R2_F5,2,5,other_installment_plans,1,1,0.010026737967914534,-0.0014347091451230032,0.05002742673977534,0.025846702317290582,0.001227719042610792,0.006663193864928751
German Credit,R2_F5,2,5,other_installment_plans,2,1,0.0017825311942958333,-0.0072919398678577,0.05337656443457783,0.02941176470588225,-0.0001288313124420959,0.002217315292545319
German Credit,R2_F5,2,5,other_installment_plans,3,1,0.005904634581105128,-0.0020924389809978683,0.026519554911084542,0.014705882352941124,0.0025245499274543504,0.009535647753603382
German Credit,R2_F5,2,5,other_installment_plans,4,1,0.01058377896613194,0.005303136561671251,0.016263891233974148,0.01091800356506234,0.0027663736247406923,0.008999674289896564
German Credit,R2_F5,2,5,other_installment_plans,5,1,0.0020053475935829512,-0.007412184747533912,0.0324992286418298,0.02183600713012468,0.0001880869523010753,0.003544320354240571
German Credit,R2_F5,2,5,housing,1,1,-0.005793226381461736,-0.003466768660062347,-0.01632946590343315,-0.01091800356506245,-0.0011260247788159317,-0.0027724627168173033
German Credit,R2_F5,2,5,housing,2,1,-0.001448306595365434,0.007869822874467025,0.00301168308239369,0.0035650623885917776,0.0003718633726822185,0.0007085168235948514
German Credit,R2_F5,2,5,housing,3,1,0.008132798573975086,0.015686177555858882,0.00301168308239369,0.0035650623885917776,0.0022899858007440488,0.005873543902413236
German Credit,R2_F5,2,5,housing,4,1,-0.0025623885918002465,0.00978459096774209,0.0,0.0,0.0005739984429035117,-0.0002683648626519153
German Credit,R2_F5,2,5,housing,5,1,0.0,0.02239255701331233,-0.02623209967959117,-0.014705882352941235,0.0011630177094228977,0.002685783725188684
German Credit,R2_F5,2,5,job,0,0,0.0,0.0,0.0,0.0,0.0,0.0
German Credit,R2_F5,2,5,telephone,0,0,0.0,0.0,0.0,0.0,0.0,0.0
German Credit,R2_F5,2,5,foreign_worker,1,1,0.0018939393939393367,0.005179496898502944,0.009995751373336248,0.0037878787878786735,0.0009919710340950683,0.0018397621231061034
German Credit,R2_F5,2,5,foreign_worker,2,1,0.002228163992869958,0.0014611613702231185,-0.0031991833119752733,-0.0035650623885918886,0.00039996156726596066,0.0016989713998939449
German Credit,R2_F5,2,5,foreign_worker,3,1,0.007018716577540163,0.005220714320246067,0.009995751373336248,0.0037878787878786735,0.0016509303089584648,0.005180541328320243
German Credit,R2_F5,2,5,foreign_worker,4,1,0.0006684491978609097,0.002213190552326161,0.009995751373336248,0.0037878787878786735,0.0006318632475116603,0.0012265761095783256
German Credit,R2_F5,2,5,foreign_worker,5,1,0.0006684491978610207,-0.0010823587017081415,-0.013149026204832381,-0.007352941176470562,-0.0006022138537448984,-3.9548577643322425e-05
German Credit,R2_F5,2,5,duration,1,1,0.004567736185383309,0.02114007411353558,0.07715127649922637,0.040552584670231706,0.003970008156739119,0.008003287009269777
German Credit,R2_F5,2,5,duration,2,1,0.014817290552584739,0.03396853337146544,0.1259877019222158,0.06974153297682706,0.006532038409233748,0.015813882372245125
German Credit,R2_F5,2,5,duration,3,1,0.031194295900178304,0.034177360728565365,0.09304443350671354,0.044563279857397387,0.010518486189975668,0.025244680663877417
German Credit,R2_F5,2,5,duration,4,1,0.04768270944741526,0.06742518779817386,0.14405891405453863,0.07040998217468808,0.015970967197347974,0.03997913129258723
German Credit,R2_F5,2,5,duration,5,1,0.01882798573975042,0.03417575563888675,0.09441645071430949,0.051470588235294046,0.0069810995752629945,0.014143417833818672
German Credit,R2_F5,2,5,amount,1,1,0.028297682709447436,0.047785154593034784,0.15803123126133617,0.07442067736185387,0.010909426103588,0.024075758282093185
German Credit,R2_F5,2,5,amount,2,1,0.014483065953654228,0.03130171707955143,0.13035317096673987,0.059714795008912636,0.005572560453838554,0.010596893992626977
German Credit,R2_F5,2,5,amount,3,1,0.020276292335115853,0.04092552421065898,0.09829735835126935,0.044786096256684504,0.008124676977164014,0.016293782403886126
German Credit,R2_F5,2,5,amount,4,1,0.016934046345811082,0.000978038697342476,0.098380300907,0.041443850267379734,0.005737478311698907,0.011823345528487739
German Credit,R2_F5,2,5,amount,5,1,0.03409090909090906,0.06709787397602296,0.09704317039715699,0.048128342245989275,0.011398896416809023,0.0266454442004328
German Credit,R2_F5,2,5,installment_rate,1,1,0.001448306595365434,0.009474076954010258,0.03990257157453525,0.022058823529411686,0.001416844642848497,0.0021700701714414405
German Credit,R2_F5,2,5,installment_rate,2,1,0.005570409982174729,0.01763994861720386,0.023261108376678385,0.011140819964349347,0.0022213301588711043,0.004295100877348967
German Credit,R2_F5,2,5,installment_rate,3,1,0.005570409982174729,0.022200848655500538,0.016263891233974148,0.01091800356506234,0.00370502331660999,0.0072862367788423255
German Credit,R2_F5,2,5,installment_rate,4,1,-0.0017825311942959443,0.012651629278003562,0.0,0.0,0.0007695389147595599,0.0001603702663879325
German Credit,R2_F5,2,5,installment_rate,5,1,0.004679144385026701,0.016338092178054597,0.05002742673977534,0.025846702317290582,0.0025415807406578284,0.004798698929412981
German Credit,R2_F5,2,5,present_residence,0,0,0.0,0.0,0.0,0.0,0.0,0.0
German Credit,R2_F5,2,5,age,1,1,-0.002896613190730868,-0.00793000265149324,-0.0031991833119752733,-0.0035650623885918886,-0.0025195547136897534,-0.003773000380544844
German Credit,R2_F5,2,5,age,2,1,-0.0006684491978610207,-0.0053116096752302555,0.07353529856846619,0.03698752228163982,-0.0005846715171369254,-0.000398697858695396
German Credit,R2_F5,2,5,age,3,1,0.003899286987522288,-0.00038404750452869507,0.05628530652967345,0.026069518716577478,0.0009815899384955085,0.003243322549744576
German Credit,R2_F5,2,5,age,4,1,-0.0013368983957219305,-0.006734318159203778,0.03314052895150482,0.014928698752228131,-0.00011727870921940386,0.0006074305805029434
German Credit,R2_F5,2,5,age,5,1,-0.004344919786096302,0.0012049557176887493,0.009995751373336248,0.0037878787878786735,-0.00025307752649716964,-0.000799346191242778
German Credit,R2_F5,2,5,number_credits,0,0,0.0,0.0,0.0,0.0,0.0,0.0
German Credit,R2_F5,2,5,people_liable,0,0,0.0,0.0,0.0,0.0,0.0,0.0
German Credit,R3_F1,3,1,status,1,1,0.1278538812785388,0.17562147590822935,0.21039469313207101,0.12037037037037035,0.03409754452152264,0.08733893163541923
German Credit,R3_F1,3,1,status,2,1,0.1070522577371893,0.2126393831578941,0.14187718832708807,0.07572298325722981,0.03278901668083137,0.08143971027451119
German Credit,R3_F1,3,1,status,3,1,0.08536276002029419,0.08457814520664042,0.07262971495514464,0.04287163876204969,0.022720254456790295,0.0651471296425658
German Credit,R3_F1,3,1,status,4,1,0.11073059360730586,0.19368599143029275,0.16469257547367216,0.08980213089802125,0.03357362382628257,0.08158385617037206
German Credit,R3_F1,3,1,status,5,1,0.12087772704211053,0.14568730380605122,0.16810368354388333,0.09601725012683915,0.03101048736712858,0.08263880038759736
German Credit,R3_F1,3,1,credit_history,1,1,0.016869609335362745,0.030833487219015354,-0.007126523233207893,-0.003424657534246589,0.005575565919853781,0.013063413587335482
German Credit,R3_F1,3,1,credit_history,2,1,0.016996448503297734,0.02753248259750951,0.00264925217275247,0.004819888381532245,0.00442335172816774,0.01249493196793161
German Credit,R3_F1,3,1,credit_history,3,1,0.0181380010147133,0.025012513525056845,-0.008868858921223188,-0.005834601725012711,0.005500857356368322,0.01519855844570911
German Credit,R3_F1,3,1,credit_history,4,1,0.02156265854895989,0.016628929854760166,-0.008868858921223188,-0.005834601725012711,0.0055907480349943195,0.017595236664702252
German Credit,R3_F1,3,1,credit_history,5,1,0.016869609335362745,0.06299741831034589,-0.014331611651415999,-0.006849315068493178,0.006270382321634876,0.01692732182744766
German Credit,R3_F1,3,1,purpose,1,1,0.030441400304414,-0.002054512242411599,0.07986510492095905,0.04629629629629628,0.008602810643928593,0.021258872439986032
German Credit,R3_F1,3,1,purpose,2,1,0.019533231861998956,0.035345810083692975,-0.02161850680677624,-0.010273972602739656,0.005622041340315187,0.013085763707164744
German Credit,R3_F1,3,1,purpose,3,1,0.035641806189751324,0.032959271959319136,0.059826913752193234,0.032217148655504735,0.008701436805714169,0.026422827782552505
German Credit,R3_F1,3,1,purpose,4,1,0.023338406900050734,0.03960494291557115,-0.022989052461176884,-0.01268391679350589,0.007247565803806227,0.01663983887672532
German Credit,R3_F1,3,1,purpose,5,1,0.003424657534246589,-0.010691649118996449,-0.06051220055712564,-0.032217148655504846,-5.1990566917181624e-06,0.000697140383064565
German Credit,R3_F1,3,1,savings,1,1,0.026889903602232312,0.06398846053511276,-0.03645132232131065,-0.017123287671232834,0.008713885340306066,0.021751669043216848
German Credit,R3_F1,3,1,savings,2,1,0.029807204464738724,0.08728213847251587,-0.020677568754711606,-0.007864028411973645,0.008491876826642902,0.02146462814466832
German Credit,R3_F1,3,1,savings,3,1,0.007229832572298256,0.0475985182712213,-0.04476359124677781,-0.022957889396245656,0.004599651760843065,0.009604261510927414
German Credit,R3_F1,3,1,savings,4,1,0.03132927447995937,0.0695157916982766,-0.051653575912928906,-0.023972602739726012,0.009140549202458298,0.02655415663731242
German Credit,R3_F1,3,1,savings,5,1,0.015981735159817267,0.05656365157722709,-0.04476359124677781,-0.022957889396245656,0.0054627213157630305,0.01351844505013211
German Credit,R3_F1,3,1,employment_duration,1,1,0.008371385083713823,0.008851876225453248,-0.03645132232131065,-0.017123287671232834,0.0019748351646142748,0.006810341242213136
German Credit,R3_F1,3,1,employment_duration,2,1,0.013191273465246067,0.029735238203339787,0.02467166207322702,0.0150938609842719,0.0034905503971917606,0.01266165693034077
German Credit,R3_F1,3,1,employment_duration,3,1,0.006468797564687989,-0.029533800381189357,0.03895007971471526,0.02194317605276508,0.000791455106211425,0.006247040791962422
German Credit,R3_F1,3,1,employment_duration,4,1,0.0020294266869609334,-0.0001723994235224291,-0.014331611651415999,-0.006849315068493178,-0.0015857106847084468,0.0012477232099706859
German Credit,R3_F1,3,1,employment_duration,5,1,-0.0058346017250126,-0.017661261289389163,0.014029731969915638,0.006849315068493178,-0.0011846520364539315,0.0007296027655652737
German Credit,R3_F1,3,1,personal_status_sex,1,1,0.010400811770674756,0.017242726211639248,0.0070510811355043446,0.003424657534246589,0.0024684968694236586,0.007005997535247943
German Credit,R3_F1,3,1,personal_status_sex,2,1,0.01255707762557079,0.022065586489321665,0.008758682801438877,0.0058346017250126,0.0034482008779259665,0.00933561248813336
German Credit,R3_F1,3,1,personal_status_sex,3,1,0.0121765601217656,0.021101996494295006,0.008758682801438877,0.0058346017250126,0.003202552639981926,0.008673286329666519
German Credit,R3_F1,3,1,personal_status_sex,4,1,0.0052004058853373225,0.007088437656058932,0.015911778240753682,0.0092592592592593,0.0017901759704609665,0.0046823314259002435
German Credit,R3_F1,3,1,personal_status_sex,5,1,0.008625063419583912,0.024289750876126615,-0.007126523233207893,-0.003424657534246589,0.0028875414426978163,0.007426243920093889
German Credit,R3_F1,3,1,other_debtors,1,1,0.00925925925925919,-0.003543627725050902,0.0070510811355043446,0.003424657534246589,0.0015481510729952186,0.005258900940289468
German Credit,R3_F1,3,1,other_debtors,2,1,0.0006341958396752778,-0.004155809768173202,0.020938859741013394,0.010273972602739656,0.0002986781750897727,6.7576948383552e-05
German Credit,R3_F1,3,1,other_debtors,3,1,0.008117706747843734,0.012892278310448924,0.008758682801438877,0.0058346017250126,0.0019878625020880447,0.004893144960740892
German Credit,R3_F1,3,1,other_debtors,4,1,0.008244545915778723,0.0036440071756652648,0.015911778240753682,0.0092592592592593,0.0017562179675773282,0.004026664874092756
German Credit,R3_F1,3,1,other_debtors,5,1,0.014713343480466712,0.02470073787810878,0.022989052461176884,0.012683916793505778,0.004299270114953457,0.00920110975765892
German Credit,R3_F1,3,1,property,1,1,0.0021562658548959224,-0.011013665214079316,-0.01318803687285669,-0.004439370877727056,-0.0011684965240186806,-9.960162120897786e-05
German Credit,R3_F1,3,1,property,2,1,-0.006341958396752889,-0.015767439997032784,-0.014331611651415999,-0.006849315068493178,-0.002422858468300426,-0.005925140904051718
German Credit,R3_F1,3,1,property,3,1,0.00012683916793509997,-0.009534707654808128,-0.02161850680677624,-0.010273972602739656,-0.001683743392905085,-0.0023846097459862547
German Credit,R3_F1,3,1,property,4,1,-0.0025367833587012223,0.000790260061157344,-0.02161850680677624,-0.010273972602739656,-0.0007470007286285996,-0.0008467933345132073
German Credit,R3_F1,3,1,property,5,1,0.004185692541856856,-0.0041532544178528585,-0.02161850680677624,-0.010273972602739656,-0.0002926906410631869,0.0018531154512568815
German Credit,R3_F1,3,1,other_installment_plans,1,1,-0.011035007610350145,-0.023567083953720425,0.0,0.0,-0.004371699418661834,-0.009953965581268431
German Credit,R3_F1,3,1,other_installment_plans,2,1,0.004312531709791956,-0.006762846205230155,-0.014331611651415999,-0.006849315068493178,-0.0002198850802741792,0.002368512856458893
German Credit,R3_F1,3,1,other_installment_plans,3,1,0.006595636732622978,0.0054559929730697565,0.0070510811355043446,0.003424657534246589,0.0015931246197574689,0.002983554263019661
German Credit,R3_F1,3,1,other_installment_plans,4,1,0.017630644342973123,0.0010397330368181468,0.022989052461176884,0.012683916793505778,0.003859106014240582,0.010866350019523907
German Credit,R3_F1,3,1,other_installment_plans,5,1,0.0021562658548960334,-0.006325289161556724,-0.014331611651415999,-0.006849315068493178,-0.0006206949039625764,9.992976802136733e-05
German Credit,R3_F1,3,1,housing,1,1,0.0011415525114154557,-0.005968041347230835,-0.01589141661133242,-0.0092592592592593,0.00034325707488294666,0.0012492813698825045
German Credit,R3_F1,3,1,housing,2,1,0.004185692541856967,0.022835944965395538,-0.028990576372086352,-0.013698630136986356,0.0017579424837614044,0.003523146724330517
German Credit,R3_F1,3,1,housing,3,1,0.0020294266869609334,0.009436017723532752,-0.007126523233207893,-0.003424657534246589,0.00042755930391372154,0.0017230856462379096
German Credit,R3_F1,3,1,housing,4,1,-0.007737189244038545,-0.018443768808530936,-0.014331611651415999,-0.006849315068493178,-0.0024423904327177393,-0.0049400027267179625
German Credit,R3_F1,3,1,housing,5,1,0.0011415525114154557,0.010854047662020805,-0.014331611651415999,-0.006849315068493178,0.0008316990324706841,0.0025510683886794117
German Credit,R3_F1,3,1,job,0,0,0.0,0.0,0.0,0.0,0.0,0.0
German Credit,R3_F1,3,1,telephone,0,0,0.0,0.0,0.0,0.0,0.0,0.0
German Credit,R3_F1,3,1,foreign_worker,1,1,-0.0021562658548961444,0.02043861749408349,-0.014331611651415999,-0.006849315068493178,-0.0002453211905205366,-0.0013776373643962225
German Credit,R3_F1,3,1,foreign_worker,2,1,0.005707762557077611,0.023449951676736136,-0.01318803687285669,-0.004439370877727056,0.0018903138047536017,0.004762472727194045
German Credit,R3_F1,3,1,foreign_worker,3,1,-0.006976154236428278,0.009014947226156589,-0.03016482470716947,-0.01610857432775248,-0.0020771994230083524,-0.006056775775858558
German Credit,R3_F1,3,1,foreign_worker,4,1,-0.006722475900558189,0.008089863172157985,-0.03742190610427082,-0.019533231861998956,-0.002134752881570029,-0.005543944887243524
German Credit,R3_F1,3,1,foreign_worker,5,1,0.0013952308472856556,0.011905621500108321,-0.03016482470716947,-0.01610857432775248,0.0008159792419027978,0.0024564543364936076
German Credit,R3_F1,3,1,duration,1,1,0.057204464738711214,0.08918960164269285,0.07587857437601458,0.041476407914764035,0.018105521013304454,0.04173363849594608
German Credit,R3_F1,3,1,duration,2,1,0.03741755454084217,0.0671327563785733,0.054939271707148574,0.03120243531202438,0.01115436770413994,0.028021864449518152
German Credit,R3_F1,3,1,duration,3,1,0.047691527143581824,0.08645157567207651,0.06896715738353065,0.038051750380517446,0.015392037144790593,0.0364655238605463
German Credit,R3_F1,3,1,duration,4,1,0.0242262810755961,0.025126619826370655,0.02467166207322702,0.0150938609842719,0.0076129000325795,0.017311845641262036
German Credit,R3_F1,3,1,duration,5,1,0.047945205479452024,0.05430034690434116,0.05734202856574533,0.029807204464738724,0.011591574582056063,0.027951381397358643
German Credit,R3_F1,3,1,amount,1,1,0.022577371892440357,0.04989472923142346,0.00264925217275247,0.004819888381532245,0.007326190641057606,0.019225581572296757
German Credit,R3_F1,3,1,amount,2,1,0.023084728564180645,0.020539970468197444,0.05293607662917782,0.028792491121258257,0.0060355404480230135,0.015282914751183818
German Credit,R3_F1,3,1,amount,3,1,0.025621511922881757,0.05277204467956331,0.017414879650269,0.011669203450025423,0.007412232806760705,0.019887238301844246
German Credit,R3_F1,3,1,amount,4,1,0.020040588533739245,0.01881123778350502,0.03895007971471526,0.02194317605276508,0.005520911044438165,0.01803077861670771
German Credit,R3_F1,3,1,amount,5,1,0.020801623541349512,0.03833022289992094,0.0780295661600034,0.04388635210553016,0.006419072312127905,0.01434214887690971
German Credit,R3_F1,3,1,installment_rate,1,1,0.0031709791983765,0.011105870685192754,0.008758682801438877,0.0058346017250126,0.0007818016141192263,0.0023071286624465337
German Credit,R3_F1,3,1,installment_rate,2,1,0.011669203450025312,0.0191189199798798,0.020938859741013394,0.010273972602739656,0.003026528148921459,0.00887459018641068
German Credit,R3_F1,3,1,installment_rate,3,1,0.0015220700152206446,-0.0016521745182407344,0.04597810492235377,0.025367833587011668,0.00010314843389286343,0.002641584496670568
German Credit,R3_F1,3,1,installment_rate,4,1,0.010781329274479834,0.02415974496381812,0.022989052461176884,0.012683916793505778,0.003255179699748312,0.009633100903618463
German Credit,R3_F1,3,1,installment_rate,5,1,-0.00025367833587019994,0.014881692538687985,0.02467166207322702,0.0150938609842719,-0.0005280530860016508,-0.0023776707050223167
German Credit,R3_F1,3,1,present_residence,0,0,0.0,0.0,0.0,0.0,0.0,0.0
German Credit,R3_F1,3,1,age,1,1,0.0148401826484017,0.047859594100086666,0.0318489772542937,0.01851851851851849,0.005746783011334994,0.009809560611001023
German Credit,R3_F1,3,1,age,2,1,0.014713343480466712,0.04710711299962811,0.054939271707148574,0.03120243531202438,0.005318358990635291,0.009418319238100992
German Credit,R3_F1,3,1,age,3,1,0.023084728564180645,0.03734472449353721,0.0780295661600034,0.04388635210553016,0.007136914395675958,0.015214012286897838
German Credit,R3_F1,3,1,age,4,1,0.015601217656012079,0.028811985404862406,-0.005787848360908676,-0.0010147133434804667,0.004958988580258145,0.009870081585441282
German Credit,R3_F1,3,1,age,5,1,0.016615930999492656,0.0365570154480096,0.02467166207322702,0.0150938609842719,0.00439770757056257,0.010652250515695405
German Credit,R3_F1,3,1,number_credits,0,0,0.0,0.0,0.0,0.0,0.0,0.0
German Credit,R3_F1,3,1,people_liable,0,0,0.0,0.0,0.0,0.0,0.0,0.0
German Credit,R3_F2,3,2,status,1,1,0.05608322026232482,0.028367425614986397,0.1010046532538969,0.052804161013116246,0.018169211116818046,0.04669963120424936
German Credit,R3_F2,3,2,status,2,1,0.05348258706467657,0.08767795922015587,0.032205596657845115,0.014925373134328401,0.018988088931980618,0.04653607038999508
German Credit,R3_F2,3,2,status,3,1,0.09961555857078253,0.13509392013603383,0.18218880962703438,0.0941881501582994,0.03413020697323596,0.08157253515977436
German Credit,R3_F2,3,2,status,4,1,0.095771144278607,0.12848001574366485,0.1665631467496707,0.0867254635911352,0.03122600776476675,0.07677861905418637
German Credit,R3_F2,3,2,status,5,1,0.06784260515603802,0.07616001397863559,0.1771234829482451,0.09023066485753051,0.023051699490809513,0.051194620181343575
German Credit,R3_F2,3,2,credit_history,1,1,0.008706467661691475,-0.0058304420306187765,-0.008259502572392718,-0.003731343283582156,0.0028599622183726747,0.010695176084911884
German Credit,R3_F2,3,2,credit_history,2,1,0.028154681139755944,0.0036577610729155996,0.029924738340141255,0.01503844414292177,0.00955790940882309,0.02475964172498657
German Credit,R3_F2,3,2,credit_history,3,1,0.031320669380371036,0.034926842142888326,0.04593367322329178,0.02250113071008597,0.010055624212923109,0.02933984774934495
German Credit,R3_F2,3,2,credit_history,4,1,0.011080958842152877,0.013956868230617259,-0.011034603390985165,-0.0076888285843510484,0.0039340268647317655,0.010337230750393278
German Credit,R3_F2,3,2,credit_history,5,1,0.015490728177295465,-0.0015624284941742062,0.04593367322329178,0.02250113071008597,0.005875193756442271,0.014698357212868274
German Credit,R3_F2,3,2,purpose,1,1,0.03923563998190849,0.024251591672444284,0.0909453695371627,0.04500226142017194,0.012815489844675981,0.03231644737193995
German Credit,R3_F2,3,2,purpose,2,1,0.018543645409317078,0.01614864132798577,0.06323909560604668,0.02985074626865669,0.007299776591556784,0.020035409654543646
German Credit,R3_F2,3,2,purpose,3,1,0.015151515151515138,0.011098426408233109,0.0909453695371627,0.04500226142017194,0.006389192872323535,0.012872942903045081
German Credit,R3_F2,3,2,purpose,4,1,0.04681139755766628,0.049523547485411545,0.08322815861169758,0.041270918136589785,0.016557861788960515,0.041513420723258365
German Credit,R3_F2,3,2,purpose,5,1,0.023179556761646403,0.018665487716050144,0.049388323713059346,0.022274988692899123,0.009079746482663686,0.019877690214725408
German Credit,R3_F2,3,2,savings,1,1,0.006331976481230295,0.055963727260152196,0.027205001197218304,0.015151515151515138,0.006921056859307606,0.01047404550077713
German Credit,R3_F2,3,2,savings,2,1,0.002035278154681075,0.03804597139842747,0.0026105623423967605,-0.0001130710085934794,0.0038283237092064937,0.001740740993229295
German Credit,R3_F2,3,2,savings,3,1,0.0065581184984171426,0.043351695437273796,0.02427211778284427,0.011194029850746245,0.005678480016659576,0.00848542518110007
German Credit,R3_F2,3,2,savings,4,1,0.015151515151515138,0.0642580229212325,0.05967329966847762,0.03007688828584354,0.009848504565888733,0.01765634296721963
German Credit,R3_F2,3,2,savings,5,1,0.00587969244685671,0.031811758609300966,0.00817272815629938,0.003731343283582156,0.004423198986726495,0.006856086482161405
German Credit,R3_F2,3,2,employment_duration,1,1,0.018995929443690662,-0.0012976674475859706,0.03796778879053497,0.018769787426503814,0.004481546747499565,0.013331209020799983
German Credit,R3_F2,3,2,employment_duration,2,1,0.011985526910900157,-0.017341734980148682,0.06540330075818379,0.03392130257801895,0.0025076783133959613,0.005167038707814986
German Credit,R3_F2,3,2,employment_duration,3,1,0.003165988240615092,-0.029529909400833665,0.01045213169388487,0.0076888285843510484,-0.00013587370958220713,0.0015940746499736314
German Credit,R3_F2,3,2,employment_duration,4,1,0.010967887833559509,-0.006612108476559908,0.029924738340141255,0.01503844414292177,0.0028466866576970784,0.006468322048529429
German Credit,R3_F2,3,2,employment_duration,5,1,0.019787426503844463,0.005878651927602507,0.03544615975812315,0.018882858435097294,0.004878030205433342,0.011553349678710023
German Credit,R3_F2,3,2,personal_status_sex,1,1,0.007010402532790616,0.004316136508526136,0.029924738340141255,0.01503844414292177,0.0037084646581587166,0.006740888411328583
German Credit,R3_F2,3,2,personal_status_sex,2,1,0.0003392130257803272,0.008300900611371342,-0.02714874384329291,-0.015151515151515138,0.0012478349242946163,0.0015915541258386678
German Credit,R3_F2,3,2,personal_status_sex,3,1,0.002374491180461402,0.012982409234269299,0.00817272815629938,0.003731343283582156,0.0026271039804113827,0.003439509246013217
German Credit,R3_F2,3,2,personal_status_sex,4,1,0.0016960651289009698,0.011483222152245731,0.0,0.0,0.0017148390273385439,0.0012102607354353978
German Credit,R3_F2,3,2,personal_status_sex,5,1,0.004296698326549109,-0.006153713661846916,-0.005443232965350264,-0.003844414292175413,0.001991034266560443,0.00356243464834638
German Credit,R3_F2,3,2,other_debtors,1,1,0.011080958842152988,0.014170871671138952,0.05967329966847762,0.03007688828584354,0.004254204037486525,0.008364662933249556
German Credit,R3_F2,3,2,other_debtors,2,1,0.010176390773405708,0.014856517057982077,0.06164705490859279,0.02996381727725017,0.005479133595244073,0.009887355012871746
German Credit,R3_F2,3,2,other_debtors,3,1,0.010176390773405708,-0.012951561431857384,0.040065951205488004,0.018656716417910446,0.0032891189502119444,0.005603034643350102
German Credit,R3_F2,3,2,other_debtors,4,1,0.010402532790592556,0.012245500341539706,0.03406937569238938,0.014812302125734922,0.004991704902642835,0.009463523059986212
German Credit,R3_F2,3,2,other_debtors,5,1,0.007236544549977353,0.006849805958610844,0.0026105623423967605,-0.0001130710085934794,0.003046976522126793,0.0066414765797613295
German Credit,R3_F2,3,2,property,1,1,0.0030529172320217235,0.012439157514090415,-0.00309625620072157,-0.003957485300768893,0.002713102627789732,0.0042723576703807
German Credit,R3_F2,3,2,property,2,1,0.0027137042062416183,0.007494838568324003,-0.024677359903826357,-0.015264586160108617,0.0015837499000651845,0.0016991032210673662
German Credit,R3_F2,3,2,property,3,1,0.013794663048394495,0.020468854762804578,0.032205596657845115,0.014925373134328401,0.006146774327851573,0.013054259950192826
German Credit,R3_F2,3,2,property,4,1,0.0021483491632744434,0.004381136094528393,0.0026105623423967605,-0.0001130710085934794,0.0009846287036777424,0.0036383053436626067
German Credit,R3_F2,3,2,property,5,1,0.0050881953867029095,0.007105522109960738,0.032205596657845115,0.014925373134328401,0.0033318227102265563,0.0059264022302869535
German Credit,R3_F2,3,2,other_installment_plans,1,1,0.005201266395296389,0.015210829345996824,0.04911225753564591,0.026458616010854863,0.0019171211198231453,0.0030266465260460063
German Credit,R3_F2,3,2,other_installment_plans,2,1,0.00836725463591137,0.00861627704336776,-0.0030894708237830804,0.0001130710085934794,0.0018602557571299472,0.008869062083033508
German Credit,R3_F2,3,2,other_installment_plans,3,1,-0.0050881953867027985,-0.002420356267586632,0.029924738340141255,0.01503844414292177,-0.0018128037948842712,-0.0029456716642811687
German Credit,R3_F2,3,2,other_installment_plans,4,1,0.014360018091361448,0.015900356196734022,0.013593328592865217,0.007575757575757569,0.004094002495171556,0.01492125144350609
German Credit,R3_F2,3,2,other_installment_plans,5,1,0.0024875621890547706,0.004595577599486922,0.00817272815629938,0.003731343283582156,0.00031824722951817597,0.0014192006916690092
German Credit,R3_F2,3,2,housing,1,1,0.0002261420171868478,0.019049551738177795,-0.021801100252727967,-0.011307100859339725,0.002261818182705183,0.002982988514377616
German Credit,R3_F2,3,2,housing,2,1,-0.009724106739032123,-0.006526802916648533,-0.04885425472123556,-0.026458616010854863,-0.0030194786179412736,-0.0054909914514647
German Credit,R3_F2,3,2,housing,3,1,0.00033921302578021617,0.014255979471707536,-0.011034603390985165,-0.0076888285843510484,0.0007364041310705394,0.0009529207811499463
German Credit,R3_F2,3,2,housing,4,1,-0.0016960651289008588,0.006663484011541154,-0.01905099309805075,-0.011420171867932982,0.000913846205754687,0.0027580866023665385
German Credit,R3_F2,3,2,housing,5,1,0.0004522840343736956,0.021413377637556574,-0.013579282027542494,-0.007575757575757569,0.0010393142972939806,3.4263240723753086e-05
German Credit,R3_F2,3,2,job,0,0,0.0,0.0,0.0,0.0,0.0,0.0
German Credit,R3_F2,3,2,telephone,1,1,0.00033921302578021617,0.0009510200379558853,0.0026105623423967605,-0.0001130710085934794,0.0011554747688506395,0.0029470583261770322
German Credit,R3_F2,3,2,telephone,2,1,0.0019222071460877066,0.006131084557966626,0.029924738340141255,0.01503844414292177,0.0009124589305343211,0.0038336894592950754
German Credit,R3_F2,3,2,telephone,3,1,0.0033921302578019397,0.001252498202549357,-0.005443232965350264,-0.003844414292175413,0.0019072340368582186,0.005116568624457196
German Credit,R3_F2,3,2,telephone,4,1,-0.003731343283581934,-0.013591281010561285,-0.011034603390985165,-0.0076888285843510484,-0.0011944757544301576,-0.0010314367869057595
German Credit,R3_F2,3,2,telephone,5,1,0.001469923111714233,-0.00884381753932284,-0.005443232965350264,-0.003844414292175413,0.0005155656007462817,0.002611739878060293
German Credit,R3_F2,3,2,foreign_worker,1,1,0.006218905472636815,0.004755374299248993,0.029924738340141255,0.01503844414292177,0.002095735567282986,0.005199535070042449
German Credit,R3_F2,3,2,foreign_worker,2,1,0.006784260515603768,0.005434559291960572,0.021801100252727912,0.011307100859339725,0.002010069849762819,0.005094538300221996
German Credit,R3_F2,3,2,foreign_worker,3,1,0.006897331524197137,0.0052895668822247055,0.021801100252727912,0.011307100859339725,0.002307370531158953,0.0063245013255661675
German Credit,R3_F2,3,2,foreign_worker,4,1,0.0033921302578018286,0.003465509920607679,0.0,0.0,0.0014457568569366253,0.003656752382387496
German Credit,R3_F2,3,2,foreign_worker,5,1,0.005314337403889535,0.01141498820115372,0.016262277912592382,0.00746268656716409,0.0022734537478354133,0.005321699062507124
German Credit,R3_F2,3,2,duration,1,1,0.055517865219357865,0.0986028965270016,0.07709005278240294,0.03742650384441437,0.02132949643027854,0.045573471174035984
German Credit,R3_F2,3,2,duration,2,1,0.06196291270918142,0.10159232958137043,0.10619609850209905,0.05246494798733603,0.024279553695325473,0.04967331965312671
German Credit,R3_F2,3,2,duration,3,1,0.023179556761646403,0.010005472477139565,0.04176059415802047,0.018543645409317078,0.008434822795709562,0.017552749338783702
German Credit,R3_F2,3,2,duration,4,1,0.04941203075531431,0.052184550712620625,0.11373528392200555,0.056196291270918186,0.01623090197553992,0.03744649176144099
German Credit,R3_F2,3,2,duration,5,1,0.05506558118498428,0.09950035467985818,0.11373528392200555,0.056196291270918186,0.02233407737801893,0.04083596196445782
German Credit,R3_F2,3,2,amount,1,1,0.02340569877883314,0.030915167028607304,0.016262277912592382,0.00746268656716409,0.00777817169435821,0.024032524606035777
German Credit,R3_F2,3,2,amount,2,1,0.02419719583898683,0.03381344519664009,0.029924738340141255,0.01503844414292177,0.008956369950280846,0.023026570333177343
German Credit,R3_F2,3,2,amount,3,1,0.028946178199909522,0.05732890561949888,0.029924738340141255,0.01503844414292177,0.012017405085120475,0.026708162951094683
German Credit,R3_F2,3,2,amount,4,1,0.026910900045228447,0.04072083253962466,0.04360220050545588,0.02261420171867934,0.010666984322698081,0.02643300741646304
German Credit,R3_F2,3,2,amount,5,1,0.030303030303030387,0.04763890494345058,0.016262277912592382,0.00746268656716409,0.01146010381748247,0.02946580758681172
German Credit,R3_F2,3,2,installment_rate,0,0,0.0,0.0,0.0,0.0,0.0,0.0
German Credit,R3_F2,3,2,present_residence,0,0,0.0,0.0,0.0,0.0,0.0,0.0
German Credit,R3_F2,3,2,age,0,0,0.0,0.0,0.0,0.0,0.0,0.0
German Credit,R3_F2,3,2,number_credits,1,1,0.003505201266395308,0.010238515249473168,-0.00309625620072157,-0.003957485300768893,0.001153680939102203,0.002665025030602175
German Credit,R3_F2,3,2,number_credits,2,1,0.0001130710085934794,0.004474268324394237,-0.01905099309805075,-0.011420171867932982,-0.0008744734955453692,-0.0012451671169507739
German Credit,R3_F2,3,2,number_credits,3,1,0.003957485300768893,0.0034806580497693806,0.0,0.0,0.0015587025867368764,0.004472800922982634
German Credit,R3_F2,3,2,number_credits,4,1,0.0019222071460877066,0.006054350172111533,0.00817272815629938,0.003731343283582156,0.0010714534361173922,0.0015079085203780762
German Credit,R3_F2,3,2,number_credits,5,1,0.004748982360922693,0.00881634662928521,0.0,0.0,0.00121021587744094,0.003621610831103128
German Credit,R3_F2,3,2,people_liable,0,0,0.0,0.0,0.0,0.0,0.0,0.0
German Credit,R3_F3,3,3,status,1,1,0.0935261521827273,0.07905130378516956,0.1954025316722681,0.11582646303554545,0.02138092417828119,0.05316022431244927
German Credit,R3_F3,3,3,status,2,1,0.08203811325854837,0.06058590442948153,0.24065148539221473,0.1395458845789972,0.01850612056509729,0.04272248254387612
German Credit,R3_F3,3,3,status,3,1,0.08420056764427619,0.13895903280284044,0.26069429917892833,0.14177591566427905,0.027334773198867374,0.058431785498056166
German Credit,R3_F3,3,3,status,4,1,0.0873090958237599,0.1406944599614921,0.20489733937616908,0.11528584943911346,0.02965537319996117,0.06861088368605228
German Credit,R3_F3,3,3,status,5,1,0.09501283957291529,0.1317609168060469,0.2696484450390415,0.14893904581700235,0.02910837759744489,0.06391896532966335
German Credit,R3_F3,3,3,credit_history,1,1,0.003243681578591562,0.013509669351986164,0.07805219611085318,0.04770914988511965,0.002208757419979862,0.005241447623702766
German Credit,R3_F3,3,3,credit_history,2,1,0.03027436140018913,0.03013416049467299,0.0685549227945596,0.04081632653061229,0.007500403231310709,0.023615799530398718
German Credit,R3_F3,3,3,credit_history,3,1,0.020948776861738017,0.03303990022535164,0.05128034630738382,0.030612244897959218,0.005556651097043119,0.01899396760316041
German Credit,R3_F3,3,3,credit_history,4,1,0.01716448168671436,-0.0037171326724266818,0.049448043280948595,0.02703067982159757,0.003317207265002675,0.012423228815610365
German Credit,R3_F3,3,3,credit_history,5,1,0.023786998243005786,0.019630259912847392,0.1051310607437948,0.0648060548722802,0.0069817056037792535,0.019072156796233253
German Credit,R3_F3,3,3,purpose,1,1,0.016083254493850507,0.026743564709678203,0.049448043280948595,0.02703067982159757,0.005739235085890443,0.0152879408340299
German Credit,R3_F3,3,3,purpose,2,1,0.04703338288957959,0.06582615677479436,0.1337894534236319,0.07446952290850128,0.016277492971070007,0.038493273700843766
German Credit,R3_F3,3,3,purpose,3,1,0.04676307609136365,0.0504350087382186,0.18011124186613342,0.0979186376537371,0.01568732127532696,0.037575831337305354
German Credit,R3_F3,3,3,purpose,4,1,0.02351669144478974,0.035585938791666105,0.05450498268333276,0.026760373023381634,0.008978307992089762,0.027646711095993037
German Credit,R3_F3,3,3,purpose,5,1,0.02284092444924979,0.038958363644447436,0.0889034208825934,0.04716853628868778,0.007327365614951009,0.019091185970052382
German Credit,R3_F3,3,3,savings,1,1,-0.012163805919718884,-0.04847859456838011,0.041831138398908674,0.02371942154345197,-0.004827639939871287,-0.01381010729046106
German Credit,R3_F3,3,3,savings,2,1,0.001081227192863854,-0.00021021487582473242,0.10886738747996105,0.0609541829977025,0.0025375062955861616,0.00356192555310475
German Credit,R3_F3,3,3,savings,3,1,0.00418975537234767,-0.005881913823997054,0.08158764659602541,0.043857278010541956,0.002806319369056759,0.005413161072945982
German Credit,R3_F3,3,3,savings,4,1,0.002838221381267547,0.005382701224825204,0.041831138398908674,0.02371942154345197,0.0010072973342556968,0.0010346688440215912
German Credit,R3_F3,3,3,savings,5,1,0.0009460737937558861,0.0019990980794664104,0.05268316745779,0.034193809974320866,0.0012596034332068018,-0.0010805914555124807
German Credit,R3_F3,3,3,employment_duration,1,1,-0.003108528179483816,-0.012932709489955174,0.032325848960971404,0.016826598188944608,-0.0010623262567447944,-0.0014655648173773073
German Credit,R3_F3,3,3,employment_duration,2,1,-0.00486552236788762,-0.028644242670197828,0.030131208351072525,0.013245033112582849,-0.0005963540516798205,-0.0058427792156447445
German Credit,R3_F3,3,3,employment_duration,3,1,0.004189755372347448,0.001737339625240475,0.0,0.0,0.001344464379452348,0.005091540668435535
German Credit,R3_F3,3,3,employment_duration,4,1,-0.0008109203946480292,-0.00344902698934757,0.0012258702980972314,0.003581565076361759,-0.0012896195510214425,-0.003513805293088812
German Credit,R3_F3,3,3,employment_duration,5,1,0.007974050547371325,0.0038845106609779467,0.00917912370527768,0.006892823354507471,0.0012829359026295117,0.006024081547868931
German Credit,R3_F3,3,3,personal_status_sex,1,1,0.003108528179483594,0.011869327428091991,0.039820312797926305,0.02013785646709021,0.0010132772660491896,0.0007660334563834859
German Credit,R3_F3,3,3,personal_status_sex,2,1,0.008244357345587261,0.017756220115917154,-0.0169359486740826,-0.010204081632652962,0.002318904226104229,0.004798990002079284
German Credit,R3_F3,3,3,personal_status_sex,3,1,0.010136504933099033,0.01647997708330895,0.032325848960971404,0.016826598188944608,0.003036912074184911,0.005348475936468755
German Credit,R3_F3,3,3,personal_status_sex,4,1,-0.003243681578591784,0.0004422551657440321,0.024724021640474325,0.013515339910798785,-0.0005877247930095586,-0.0029288158368548922
German Credit,R3_F3,3,3,personal_status_sex,5,1,0.0075685903500472,0.010097445665871785,0.0,0.0,0.0014139924368327395,0.004533859614313962
German Credit,R3_F3,3,3,other_debtors,1,1,0.010001351533991065,0.0033757722108977983,0.02275604295090422,0.009933774834437137,0.002679130266616647,0.007200297676369205
German Credit,R3_F3,3,3,other_debtors,2,1,0.011352885525070966,0.009824634532075938,0.039820312797926305,0.02013785646709021,0.003985039306586974,0.009758383164143458
German Credit,R3_F3,3,3,other_debtors,3,1,0.002838221381267658,-0.007801460168971541,0.0,0.0,0.0004270345313976409,0.0023737120116960053
German Credit,R3_F3,3,3,other_debtors,4,1,0.00905527774023518,0.0024933565798717083,0.02275604295090422,0.009933774834437137,0.003175784719442798,0.008076941541341642
German Credit,R3_F3,3,3,other_debtors,5,1,0.009325584538451115,-0.0006993365518319639,0.015278758755592758,0.0066225165562914245,0.0029225610512295386,0.007250216792396624
German Credit,R3_F3,3,3,property,1,1,0.010812271928638983,-0.007042598518079535,0.026253108302740524,0.017096904987160544,0.002510010271982527,0.007088405767322059
German Credit,R3_F3,3,3,property,2,1,0.01662386809028238,0.028443790250084366,0.07630758431202711,0.044127584808758,0.006100066739429255,0.01398284085604068
German Credit,R3_F3,3,3,property,3,1,0.012839572915258834,-0.013429881755399387,0.0434182325139994,0.027300986619813505,0.004013592037235086,0.009223777245390807
German Credit,R3_F3,3,3,property,4,1,0.014055953507230545,-0.0060607901556303245,0.049448043280948595,0.02703067982159757,0.004602714959702603,0.009316766414236122
German Credit,R3_F3,3,3,property,5,1,0.009731044735775018,0.017048582005216972,0.01828154223343914,0.013785646709014832,0.0038379567603985254,0.007628387960608218
German Credit,R3_F3,3,3,other_installment_plans,1,1,0.010812271928638983,-0.001344342211335725,0.0,0.0,0.0017841891089418194,0.006272404632740813
German Credit,R3_F3,3,3,other_installment_plans,2,1,0.019867549668874163,0.012072392177422286,-0.007810935311915346,-0.0033112582781456013,0.0036716030402329236,0.015084617574708303
German Credit,R3_F3,3,3,other_installment_plans,3,1,0.01932693607244218,0.012492079920262356,-0.007810935311915346,-0.0033112582781456013,0.002880197245636762,0.01050419885031395
German Credit,R3_F3,3,3,other_installment_plans,4,1,0.009190431139343036,0.0045453025027129,0.015278758755592758,0.0066225165562914245,0.0020981349578191033,0.004695700253873614
German Credit,R3_F3,3,3,other_installment_plans,5,1,0.00959589133666705,0.0034093103517709444,-0.007810935311915346,-0.0033112582781456013,0.0012323589355635323,0.006582663734405747
German Credit,R3_F3,3,3,housing,1,1,-0.0016218407892959474,0.004717232934774884,0.04721192261740037,0.02344911474523592,0.0006492174129080763,0.0007894956933406361
German Credit,R3_F3,3,3,housing,2,1,-0.004054601973239702,0.0009644550884714276,0.024724021640474325,0.013515339910798785,0.0004268037178992712,-8.069686513217933e-05
German Credit,R3_F3,3,3,housing,3,1,-0.0027030679821599124,-0.0022891721422088063,0.024724021640474325,0.013515339910798785,1.1874594971761354e-06,2.7225126343399797e-05
German Credit,R3_F3,3,3,housing,4,1,-0.0013515339910799007,-0.006861369037244547,0.032325848960971404,0.016826598188944608,-0.00037379898987960347,-0.000321796554660414
German Credit,R3_F3,3,3,housing,5,1,-0.007027976753615328,-0.013885292600125942,0.032325848960971404,0.016826598188944608,-0.0011781392061886165,-0.0038232905748835644
German Credit,R3_F3,3,3,job,0,0,0.0,0.0,0.0,0.0,0.0,0.0
German Credit,R3_F3,3,3,telephone,0,0,0.0,0.0,0.0,0.0,0.0,0.0
German Credit,R3_F3,3,3,foreign_worker,1,1,0.0025679145830517225,-0.004461784058059859,0.024724021640474325,0.013515339910798785,0.0006512112015730764,0.003346241412540696
German Credit,R3_F3,3,3,foreign_worker,2,1,0.00013515339910796786,-0.005314639454904846,0.00917912370527768,0.006892823354507471,-4.852425581403086e-05,0.0007431959557100409
German Credit,R3_F3,3,3,foreign_worker,3,1,0.010812271928639094,0.007739799751877441,0.032325848960971404,0.016826598188944608,0.003037913258534669,0.0077248820490882775
German Credit,R3_F3,3,3,foreign_worker,4,1,0.018921475875118277,0.01982494738671292,0.032325848960971404,0.016826598188944608,0.00540187143674678,0.014420602004107386
German Credit,R3_F3,3,3,foreign_worker,5,1,0.01784024868225431,0.01348757545418,0.1013348223166704,0.05764292471955679,0.005056399534582173,0.013087572601667596
German Credit,R3_F3,3,3,duration,1,1,0.014866873901878574,-0.036347089834391944,0.017010101543496692,0.010204081632653184,0.0010601433562115181,0.006812612406418228
German Credit,R3_F3,3,3,duration,2,1,-0.010136504933099255,-0.010577499002484836,0.026253108302740524,0.017096904987160544,-0.0024547181439825427,-0.00010684826448587037
German Credit,R3_F3,3,3,duration,3,1,0.015542640897418525,-0.06523796547938421,0.07004474223605489,0.04439789160697405,0.0013941227360683706,0.008404685507719611
German Credit,R3_F3,3,3,duration,4,1,0.014055953507230656,0.013051979578722728,0.09369161307511986,0.054331666441411075,0.0051342987198001455,0.009089287403073298
German Credit,R3_F3,3,3,duration,5,1,0.012163805919718773,0.004878390122748821,0.10886738747996105,0.0609541829977025,0.004432648908195697,0.010234307156083866
German Credit,R3_F3,3,3,amount,1,1,0.016218407892958364,0.046450449935624194,-0.015742942238393176,-0.0066225165562913135,0.007786043018338323,0.01762940332357582
German Credit,R3_F3,3,3,amount,2,1,0.02067847006352208,0.05915281290293661,0.05168516012922275,0.023178807947019875,0.009699479556076362,0.02004604330951193
German Credit,R3_F3,3,3,amount,3,1,0.026354912826057397,0.047508108602120014,0.06436186684025985,0.033653196377888994,0.009309644503606884,0.022983623370122774
German Credit,R3_F3,3,3,amount,4,1,0.02608460602784146,0.07773914037845553,0.039820312797926305,0.02013785646709021,0.01135847319560937,0.025679670168053947
German Credit,R3_F3,3,3,amount,5,1,0.022435464251925885,0.0600448602615799,0.07166780228389658,0.036964454656034706,0.008976984617459383,0.01934083824110644
German Credit,R3_F3,3,3,installment_rate,0,0,0.0,0.0,0.0,0.0,0.0,0.0
German Credit,R3_F3,3,3,present_residence,0,0,0.0,0.0,0.0,0.0,0.0,0.0
German Credit,R3_F3,3,3,age,1,1,-0.004460062170563717,-0.01744380873396556,0.00917912370527768,0.006892823354507471,-0.0017103847039234565,-0.001597510268476765
German Credit,R3_F3,3,3,age,2,1,0.006757669955399281,-0.028442565894899463,0.017010101543496692,0.010204081632653184,0.00028899571626225806,0.005550728409560279
German Credit,R3_F3,3,3,age,3,1,-0.002027300986619851,-0.04882879696733322,0.0012258702980972314,0.003581565076361759,-0.003641385365531574,-0.003456736474255595
German Credit,R3_F3,3,3,age,4,1,-0.012839572915258834,-0.02325151715063678,-0.05712852860824158,-0.026760373023381412,-0.004414216814578348,-0.00827077348667793
German Credit,R3_F3,3,3,age,5,1,-0.0028382213812677692,-0.01220681809633739,-0.006855148047121118,0.00027030679821604675,-0.0022702357940828366,-0.002927180272283336
German Credit,R3_F3,3,3,number_credits,1,1,-0.006081902959859442,-0.0060384642471333905,0.0,0.0,-0.0016127386288134482,-0.004269637126823045
German Credit,R3_F3,3,3,number_credits,2,1,-0.0022976077848358978,-0.003912013902655609,0.0,0.0,-0.0005278143487949805,-0.0008644145593549313
German Credit,R3_F3,3,3,number_credits,3,1,-0.004324908771455638,-0.0034869274811282214,-0.007810935311915346,-0.0033112582781456013,-0.0011944210519747311,-0.0022796957638920867
German Credit,R3_F3,3,3,number_credits,4,1,-0.004730368968779652,-0.007517151899976371,-0.007810935311915346,-0.0033112582781456013,-0.0017311289919125783,-0.0037015135623913453
German Credit,R3_F3,3,3,number_credits,5,1,-0.009460737937559305,-0.007933432359252701,-0.015742942238393176,-0.0066225165562913135,-0.0029378344853056015,-0.006878834461626349
German Credit,R3_F3,3,3,people_liable,0,0,0.0,0.0,0.0,0.0,0.0,0.0
German Credit,R3_F4,3,4,status,1,1,0.14094479477818356,0.14302995958502845,0.23718704759208806,0.12473724969576272,0.04693967718517797,0.12053631249975172
German Credit,R3_F4,3,4,status,2,1,0.10144927536231896,0.08827114760336252,0.18136937004863976,0.09536453147472057,0.03235355330447018,0.09480502137502267
German Credit,R3_F4,3,4,status,3,1,0.09835158756499618,0.08108704411008083,0.2517747072384616,0.13237083748202227,0.030224633808212248,0.08040047297228792
German Credit,R3_F4,3,4,status,4,1,0.09967916804956312,0.1145757103603599,0.20028624510883833,0.10565328023011389,0.03827497687619563,0.09460866407449098
German Credit,R3_F4,3,4,status,5,1,0.10908286314857851,0.1279604282942246,0.15300387007030974,0.08048456687686689,0.039934737695007744,0.10044088319091671
German Credit,R3_F4,3,4,credit_history,1,1,0.001770107312755842,0.026535418269989175,0.021361340030448928,0.011450381679389277,0.0038509802620632916,0.004751873377139226
German Credit,R3_F4,3,4,credit_history,2,1,0.008408009735590305,0.04536166023283983,-0.007195360990955191,-0.003816793893129833,0.004414577697551242,0.0039727539114470245
German Credit,R3_F4,3,4,credit_history,3,1,0.014935280451377486,0.019137878460583235,0.08416212067222262,0.04425268281889594,0.006316197172625437,0.014144970690979641
German Credit,R3_F4,3,4,credit_history,4,1,-0.00033189512114162323,0.014482704745108044,0.007156515013828857,0.003816793893129833,0.0018454190389607938,0.00013949052127804062
German Credit,R3_F4,3,4,credit_history,5,1,-0.013054541431574251,-0.02880453924544002,-0.02783006720698694,-0.01449275362318836,-0.006541993582997424,-0.01616398819259479
German Credit,R3_F4,3,4,purpose,1,1,0.026440977984290348,0.03268917637973856,0.013842012545146887,0.007246376811594124,0.008953051156199654,0.02569860365627974
German Credit,R3_F4,3,4,purpose,2,1,0.018254231662794496,-0.010287942138651696,0.02672910378764226,0.01410554264852304,0.005456298104388108,0.014194954869310994
German Credit,R3_F4,3,4,purpose,3,1,0.008518641442637587,-0.016260583335369394,0.027640952268328245,0.01449275362318836,0.00032183713748831777,0.013935089237150144
German Credit,R3_F4,3,4,purpose,4,1,-0.002655160969133652,-0.0381414569620373,-0.015362484973246882,-0.008020798760924985,-0.002605954799102972,-0.002224525905688002
German Credit,R3_F4,3,4,purpose,5,1,0.016484124350038876,0.010035091385680817,0.025463345420441486,0.01371833167385772,0.007042742296557242,0.02089604132883449
German Credit,R3_F4,3,4,savings,1,1,0.008850536563779321,0.0010106565214297314,0.03408565887225018,0.017922336541652872,0.005767872414297548,0.008134292297282353
German Credit,R3_F4,3,4,savings,2,1,-0.0018807390198029017,-0.020690747137614984,0.007156515013828857,0.003816793893129833,-0.0010377951805546348,-0.003461310380829974
German Credit,R3_F4,3,4,savings,3,1,0.011948224361101989,0.004721183838039211,-0.01388927936661577,-0.007246376811594235,0.005121224686014836,0.0074338576559015435
German Credit,R3_F4,3,4,savings,4,1,0.013386436552716097,0.002243370764356989,0.013045128704194497,0.0068591658369289155,0.0060234844734459725,0.008147453285683892
German Credit,R3_F4,3,4,savings,5,1,0.015930965814802578,0.01847767346818152,0.054008473027947534,0.0285982962717114,0.007106624224362784,0.01773594025105618
German Credit,R3_F4,3,4,employment_duration,1,1,-0.00088505365637781,0.00015320618690117804,0.00568330940719769,0.0030423719437990826,0.0011808929286908632,0.00027108566255373834
German Credit,R3_F4,3,4,employment_duration,2,1,0.002212634140944858,0.011933100274532316,0.006604630627201014,0.0034295829184644022,0.002263752153869869,0.005292112021381357
German Credit,R3_F4,3,4,employment_duration,3,1,-0.005310321938267415,-0.000748196942670809,0.006604630627201014,0.0034295829184644022,-5.307941244531156e-05,-0.0006041160894298958
German Credit,R3_F4,3,4,employment_duration,4,1,-0.003872109746653307,-0.008968295644956825,-0.02823273452705727,-0.01487996459785379,-0.0009021314408140801,-0.0015280474495822371
German Credit,R3_F4,3,4,employment_duration,5,1,0.009514326806062567,-0.0028767874858829368,-0.0017241352658481923,-0.0007744219493307503,0.0038300812764872905,0.008704633250157134
German Credit,R3_F4,3,4,personal_status_sex,1,1,-0.0016594756057085602,-0.00427711428495281,-0.0006737751947635262,-0.0003872109746653196,0.00034852037554980453,-0.0025368780107197786
German Credit,R3_F4,3,4,personal_status_sex,2,1,-0.018918021905077964,-0.026277610876311197,-0.029035931631916756,-0.01526717557251911,-0.005014700994648458,-0.015118185173818466
German Credit,R3_F4,3,4,personal_status_sex,3,1,-0.00409337316074776,-0.00042975553225244045,0.00568330940719769,0.0030423719437990826,-0.00014351963887734853,-0.0051671658384664365
German Credit,R3_F4,3,4,personal_status_sex,4,1,-0.0012169487775196552,-0.004927086496113509,0.006604630627201014,0.0034295829184644022,-0.0002864335710315302,0.0011701824410048633
German Credit,R3_F4,3,4,personal_status_sex,5,1,0.008629273149684757,0.009348026894374528,0.055126189040305806,0.02898550724637683,0.0044127169734275995,0.007762978087962891
German Credit,R3_F4,3,4,other_debtors,1,1,0.0055315853523620895,0.014845512189625487,0.007156515013828857,0.003816793893129833,0.003390888045493312,0.010675948300579718
German Credit,R3_F4,3,4,other_debtors,2,1,0.01703728288527495,0.01669383878313213,0.035329445553832606,0.01869675849098351,0.005868729371714787,0.01866870435236989
German Credit,R3_F4,3,4,other_debtors,3,1,0.0143821219161413,0.03337520532935678,-0.02076399286954933,-0.010675959730058637,0.006024134838595069,0.019002612472553304
German Credit,R3_F4,3,4,other_debtors,4,1,0.008850536563779321,0.026928211654256295,-0.027828648734807893,-0.01410554264852315,0.003617438804664974,0.007674090228095842
German Credit,R3_F4,3,4,other_debtors,5,1,0.003097687797322779,0.0192502527599393,-0.02076399286954933,-0.010675959730058637,0.0013929245161371229,0.0036928249071851438
German Credit,R3_F4,3,4,property,1,1,0.00630600730169284,0.014077810711134009,0.014276274633559405,0.007633587786259555,0.0014257305326446923,0.002577699679030987
German Credit,R3_F4,3,4,property,2,1,0.004757163403031339,0.002695164208213807,0.027640952268328245,0.01449275362318836,0.00021145301532940475,0.0007505210051913513
German Credit,R3_F4,3,4,property,3,1,0.0033189512114172315,0.004456925098705211,-0.006776896286713796,-0.0034295829184644022,6.822884789930983e-05,0.0003312245663791291
German Credit,R3_F4,3,4,property,4,1,0.007412324372165102,0.0049175894916647644,0.027640952268328245,0.01449275362318836,0.0008469315044799253,0.0024360467439640265
German Credit,R3_F4,3,4,property,5,1,0.0027657926761811558,0.005904460899120778,0.021040530168055682,0.011063170704723957,0.0008519163043719247,0.003192976719871732
German Credit,R3_F4,3,4,other_installment_plans,1,1,0.012612014603385346,0.014823926847239433,0.04208106033611131,0.022126341409447914,0.0032943750256264337,0.012372737075132978
German Credit,R3_F4,3,4,other_installment_plans,2,1,0.019581812147361433,0.01606285595225554,0.034879386081248964,0.018309547516318192,0.005087326481364535,0.019113745937496818
German Credit,R3_F4,3,4,other_installment_plans,3,1,0.010288748755393429,0.016003480665867542,-0.0006737751947635262,-0.0003872109746653196,0.0017396262276380692,0.00935796086125329
German Credit,R3_F4,3,4,other_installment_plans,4,1,0.01759044142051125,0.00020250277994338095,0.028202309394273428,0.014879964597853679,0.00430009749504684,0.018142326436330403
German Credit,R3_F4,3,4,other_installment_plans,5,1,0.0018807390198031237,0.002169512984140809,0.007156515013828857,0.003816793893129833,-0.0012359485418601823,0.00266978874846846
German Credit,R3_F4,3,4,housing,1,1,0.0025445292620865922,-0.005806657154509676,0.034879386081248964,0.018309547516318192,0.0002524718012235916,0.002104954372968537
German Credit,R3_F4,3,4,housing,2,1,0.008186746321495852,0.00570367813966588,0.027640952268328245,0.01449275362318836,0.0038353855304975315,0.00846788554404343
German Credit,R3_F4,3,4,housing,3,1,0.001327580484566937,0.0010450505969438195,0.04867727390945553,0.025555924327912316,0.0009869880334966996,0.0008932580054843431
German Credit,R3_F4,3,4,housing,4,1,0.004978426817125903,-0.001942987437231647,0.02672910378764226,0.01410554264852304,0.0018563854990899242,0.004140967105787596
German Credit,R3_F4,3,4,housing,5,1,0.0012169487775196552,-0.005028121268446761,0.006604630627201014,0.0034295829184644022,0.0007432137158748242,0.0020904434891453327
German Credit,R3_F4,3,4,job,0,0,0.0,0.0,0.0,0.0,0.0,0.0
German Credit,R3_F4,3,4,telephone,1,1,0.004867795110078621,0.02232673253849482,0.013842012545146887,0.007246376811594124,0.0038228037097144674,0.006860839727133694
German Credit,R3_F4,3,4,telephone,2,1,-0.0032083195043698387,-0.002482697660884603,0.03408565887225018,0.017922336541652872,-0.0007453444815523347,-0.003069614195697734
German Credit,R3_F4,3,4,telephone,3,1,-0.005642217059409149,-0.005944400649527282,-0.006776896286713796,-0.0034295829184644022,-0.0012296738205276048,-0.005368438613987281
German Credit,R3_F4,3,4,telephone,4,1,-0.0006637902422833575,0.008287644171987019,0.021040530168055682,0.011063170704723957,0.0002627869798613458,-0.001051155861730213
German Credit,R3_F4,3,4,telephone,5,1,0.006748534129881745,0.01670645864141118,0.04777489816808689,0.025168713353247107,0.003510980043678086,0.007504929683209927
German Credit,R3_F4,3,4,foreign_worker,1,1,-0.0034295829184644022,-0.0035621406400451194,-0.01388927936661577,-0.007246376811594235,-0.0019047349030628935,-0.003555493411580124
German Credit,R3_F4,3,4,foreign_worker,2,1,0.0025445292620865922,-0.0013548663390715587,-0.01388927936661577,-0.007246376811594235,-0.0005027699038128441,0.004669178538370344
German Credit,R3_F4,3,4,foreign_worker,3,1,-0.004757163403031339,-0.004637648339014477,-0.021040530168055627,-0.011063170704724068,-0.002240139374576844,-0.005015507218346205
German Credit,R3_F4,3,4,foreign_worker,4,1,-0.00254452926208637,-4.033624470578534e-05,-0.021040530168055627,-0.011063170704724068,-0.0011446745390333024,-0.0025572247644052304
German Credit,R3_F4,3,4,foreign_worker,5,1,0.0006637902422834685,-0.0021974840376632887,-0.01388927936661577,-0.007246376811594235,-0.0009702789882176377,0.0029583445587152424
German Credit,R3_F4,3,4,duration,1,1,0.03473835601283326,0.035846300519499996,0.04208106033611131,0.022126341409447914,0.012941039991109099,0.03594514356499323
German Credit,R3_F4,3,4,duration,2,1,0.03451709259873892,0.04270926595698832,0.035329445553832606,0.01869675849098351,0.015051621415905742,0.03355291951776562
German Credit,R3_F4,3,4,duration,3,1,0.03175129992255776,0.049740054917085996,-0.014431691013926273,-0.007633587786259555,0.013489566697965416,0.030819082946890508
German Credit,R3_F4,3,4,duration,4,1,0.02500276579267624,0.04050787246573362,0.04948803552372444,0.026330346277242955,0.008657767190022397,0.02213210911283847
German Credit,R3_F4,3,4,duration,5,1,0.043146365748423565,0.052873125272160704,0.007156515013828857,0.003816793893129833,0.015759809191921298,0.03993950618127218
German Credit,R3_F4,3,4,amount,1,1,0.006195375594645558,-0.004496979567422454,0.06971359555058276,0.03661909503263627,0.001900213825926672,0.004037851165076378
German Credit,R3_F4,3,4,amount,2,1,0.027657926761810003,0.013412305336043095,0.11238548691605171,0.05913264741674962,0.008666363370133406,0.02314913040214328
German Credit,R3_F4,3,4,amount,3,1,0.0021020024338975762,-0.0003820477780880349,0.035329445553832606,0.01869675849098351,0.0008496829109001514,-0.006117643509443549
German Credit,R3_F4,3,4,amount,4,1,0.006969797543976197,-0.003948751945819895,0.04140097187744063,0.021739130434782594,0.0025153751935631796,0.0022873202238623547
German Credit,R3_F4,3,4,amount,5,1,0.012169487775196441,0.0067554497068208486,0.09613380592794579,0.050724637681159424,0.0053425984142619065,0.011877306611123961
German Credit,R3_F4,3,4,installment_rate,0,0,0.0,0.0,0.0,0.0,0.0,0.0
German Credit,R3_F4,3,4,present_residence,0,0,0.0,0.0,0.0,0.0,0.0,0.0
German Credit,R3_F4,3,4,age,1,1,-0.0027657926761808227,-0.006216093296025682,-0.021040530168055627,-0.011063170704724068,-0.0014493279133859782,-0.003920899041713
German Credit,R3_F4,3,4,age,2,1,0.012612014603385457,0.020038645968376456,0.049248103774718,0.025943135302577747,0.005203102390775233,0.013380685142119209
German Credit,R3_F4,3,4,age,3,1,0.00022126341409456352,0.0016150248089347174,-0.04274852226696774,-0.022513552384113344,0.0005680587949099536,-0.001216670836474365
German Credit,R3_F4,3,4,age,4,1,-0.00033189512114173425,-0.02339052250881113,0.021324641232374486,0.011837592654054596,0.00024016763747602976,0.0015714778071981295
German Credit,R3_F4,3,4,age,5,1,0.0016594756057085602,0.011553917186664653,-0.014431691013926273,-0.007633587786259555,0.0023869760574619925,0.006060981160651346
German Credit,R3_F4,3,4,number_credits,0,0,0.0,0.0,0.0,0.0,0.0,0.0
German Credit,R3_F4,3,4,people_liable,0,0,0.0,0.0,0.0,0.0,0.0,0.0
German Credit,R3_F5,3,5,status,1,1,0.08555399719495083,0.10863304077050318,0.11924284285584952,0.06206171107994396,0.024794674020764712,0.07465551156342731
German Credit,R3_F5,3,5,status,2,1,0.1561477325853201,0.14636065879318583,0.20854462975255633,0.10963066853669945,0.040755271995509795,0.12181547044872276
German Credit,R3_F5,3,5,status,3,1,0.08450210378681611,0.11264006596002918,0.12638908090282783,0.0665030388031791,0.026060921764734457,0.07424345216415074
German Credit,R3_F5,3,5,status,4,1,0.09431977559607274,0.12820394195176266,0.14117679766264396,0.07456755493221134,0.028079047285757774,0.07548406206934621
German Credit,R3_F5,3,5,status,5,1,0.10682561944834024,0.14079484592534908,0.17117314172572354,0.08987844787283783,0.03217406977699305,0.08088954493472222
German Credit,R3_F5,3,5,credit_history,1,1,0.021972884525479075,0.06256606084951899,0.022331041030056176,0.011687704534829368,0.009515401113267846,0.021746302594858657
German Credit,R3_F5,3,5,credit_history,2,1,0.007713884992987197,0.017975201768211324,-0.026446993765917193,-0.010051425899953226,0.0030412408401848112,0.008815464233024928
German Credit,R3_F5,3,5,credit_history,3,1,0.01075268817204278,0.02910307593564543,0.06011057755387311,0.030621785881252972,0.005210435639291328,0.010512252723029913
German Credit,R3_F5,3,5,credit_history,4,1,0.014258999532491656,0.03428013447880951,0.031040155313167006,0.01449275362318847,0.0067240392662274995,0.015177553470043459
German Credit,R3_F5,3,5,credit_history,5,1,0.003506311360448655,0.031120680943278467,0.022331041030056176,0.011687704534829368,0.004799760095877681,0.009297260011259856
German Credit,R3_F5,3,5,purpose,1,1,0.02419354838709664,0.016394248253164267,0.008197251885688372,0.01051893408134652,0.0072361827808602175,0.02162777606209343
German Credit,R3_F5,3,5,purpose,2,1,0.0010518934081346076,-0.020609267742199844,-0.038470754577122346,-0.018934081346423492,-0.0009876555723783431,0.0015348335269315116
German Credit,R3_F5,3,5,purpose,3,1,0.013090229079008697,0.01385974540464352,-0.0016362268650155776,0.0008181393174380158,0.0049961529910811375,0.015432317979972576
German Credit,R3_F5,3,5,purpose,4,1,-0.0021037868162694373,0.003522927159972822,0.012785632364343436,0.008882655446470267,0.0007956080630644458,0.004808611344529867
German Credit,R3_F5,3,5,purpose,5,1,0.009817671809256523,-0.012515553159632153,-0.016014810547151592,-0.007246376811594235,0.0006223147205753343,0.007547333568780901
German Credit,R3_F5,3,5,savings,1,1,0.04616643291257583,0.08722215901022257,0.12638908090282783,0.0665030388031791,0.017382679223944403,0.038281293247505066
German Credit,R3_F5,3,5,savings,2,1,0.03190743338008395,0.05026135718865132,0.06011057755387311,0.030621785881252972,0.011551562790197423,0.028842018010242776
German Credit,R3_F5,3,5,savings,3,1,0.019518466573164917,0.06341174010604267,0.04555989789966147,0.02255726975222072,0.010051864390588194,0.02293143671788378
German Credit,R3_F5,3,5,savings,4,1,0.011337073398784314,0.02285478481133585,0.036820959257036434,0.01975222066386162,0.0051642885354013235,0.010989129725145097
German Credit,R3_F5,3,5,savings,5,1,0.03447872837774657,0.07039263437902377,0.06699312309016858,0.035063113604488105,0.014060588486778436,0.033162323104787506
German Credit,R3_F5,3,5,employment_duration,1,1,0.005493221131369741,0.009986340470490074,-0.014394619240789386,-0.008064516129032251,0.0023387974328723804,0.006933454929398453
German Credit,R3_F5,3,5,employment_duration,2,1,0.010869565217391242,0.012241174798561572,0.03015120145809025,0.015310892940626486,0.002271100692034622,0.009144528422959874
German Credit,R3_F5,3,5,employment_duration,3,1,-1.1102230246251565e-16,0.019863318596682222,0.014428928845588607,0.008064516129032251,0.0017553885678444903,0.001736124640517367
German Credit,R3_F5,3,5,employment_duration,4,1,0.022089761570827315,0.024979086260036865,0.0,0.0,0.006304253484704037,0.019787184875082797
German Credit,R3_F5,3,5,employment_duration,5,1,0.001168770453482848,0.003606039650645654,0.04466208206011241,0.023375409069658737,0.0004386446437298075,-0.00026103412186129216
German Credit,R3_F5,3,5,personal_status_sex,1,1,-0.004207573632538653,-0.004593002050704231,-0.03240002178063439,-0.01449275362318836,-0.0017342078123023519,-0.00046130924260978645
German Credit,R3_F5,3,5,personal_status_sex,2,1,0.0042075736325384305,0.006721403307359708,0.006441133482819217,0.004441327723235133,0.0021510138843115756,0.007466887368430375
German Credit,R3_F5,3,5,personal_status_sex,3,1,0.005843852267414573,0.004713234183181703,-0.0016362268650155776,0.0008181393174380158,0.0006456257848871938,0.005518731457906156
German Credit,R3_F5,3,5,personal_status_sex,4,1,0.007246376811594124,0.018691704680758647,0.0,0.0,0.0026641146128150717,0.007682433052745408
German Credit,R3_F5,3,5,personal_status_sex,5,1,-0.004558204768583485,-0.0012596876467446672,-0.016014810547151592,-0.007246376811594235,-0.0014303023379699242,-0.0003266298594871708
German Credit,R3_F5,3,5,other_debtors,1,1,0.0018700327255725124,0.007783262240636968,-0.03666752959022923,-0.01975222066386162,0.0011009474448859802,0.005236162563312274
German Credit,R3_F5,3,5,other_debtors,2,1,0.0002337540906964808,0.007828179277607594,-0.03666752959022923,-0.01975222066386162,0.0008041079379341731,0.0037840139913685733
German Credit,R3_F5,3,5,other_debtors,3,1,-0.0028050490883591017,0.009543204035653674,-0.022331041030056176,-0.011687704534829368,0.00045333757606669245,0.0012331003606417812
German Credit,R3_F5,3,5,other_debtors,4,1,-0.008181393174380713,-0.010799684711646274,-0.03666752959022923,-0.01975222066386162,-0.0024456495020357683,-0.004558858940107768
German Credit,R3_F5,3,5,other_debtors,5,1,-0.0010518934081347187,0.013100314186477613,-0.03666752959022923,-0.01975222066386162,0.0005545715341173929,0.0023194413180691598
German Credit,R3_F5,3,5,property,1,1,-0.009934548854605096,0.0101510048329575,-0.007963101565859276,-0.0036231884057971175,0.00032933151424638374,-0.00012854399387574045
German Credit,R3_F5,3,5,property,2,1,-0.009350163627863672,-0.0024698804534444285,-0.05499284885312328,-0.026180458158017728,-0.0021249027765387063,-0.005691119616775098
German Credit,R3_F5,3,5,property,3,1,-0.020453482935951506,-0.01387833342359246,-0.04668192999672499,-0.02255726975222061,-0.004566666944196718,-0.010787901752748463
German Credit,R3_F5,3,5,property,4,1,-0.00794763908368401,-0.02217875804612801,-0.0016362268650155776,0.0008181393174380158,-0.002290168329795117,-0.0032958327655923103
German Credit,R3_F5,3,5,property,5,1,-0.018817204301075363,-0.01021304339305562,-0.030355131977307104,-0.015310892940626486,-0.0030455358253999587,-0.0063082750038714885
German Credit,R3_F5,3,5,other_installment_plans,1,1,0.025829827021972784,0.015824831028426467,0.014428928845588607,0.008064516129032251,0.0056296822156349235,0.019781809003892592
German Credit,R3_F5,3,5,other_installment_plans,2,1,0.013323983169705289,0.006538741240969315,0.02088662470083913,0.012505843852267384,0.0027836170579220165,0.011252932072188249
German Credit,R3_F5,3,5,other_installment_plans,3,1,0.022557269752220388,0.015993720307675208,0.022331041030056176,0.011687704534829368,0.005867686492271096,0.01994507904443854
German Credit,R3_F5,3,5,other_installment_plans,4,1,0.0021037868162692153,0.0015590642662857146,-0.009807194708145506,-0.0028050490883589907,0.0003167805362870868,0.0033763457689407472
German Credit,R3_F5,3,5,other_installment_plans,5,1,0.024544179523141474,0.015426671984591911,0.022331041030056176,0.011687704534829368,0.005623597013981657,0.019100528552218554
German Credit,R3_F5,3,5,housing,1,1,-0.0010518934081348297,-0.0070773785768386555,0.03015120145809025,0.015310892940626486,-0.00023772522082043945,-0.00038362819796983194
German Credit,R3_F5,3,5,housing,2,1,-0.0009350163627864783,-0.0047467433743171306,-0.03240002178063439,-0.01449275362318836,-0.0009229038168535597,-0.002277579115273376
German Credit,R3_F5,3,5,housing,3,1,-0.0036231884057972286,-0.007119520859477535,-0.024159078430870284,-0.010869565217391242,-0.0009389392984520128,-0.0014751995009227858
German Credit,R3_F5,3,5,housing,4,1,0.004908835904628206,0.012411164091650329,0.014428928845588607,0.008064516129032251,0.0026051179351260223,0.00659133367553788
German Credit,R3_F5,3,5,housing,5,1,-0.0004675081813931836,0.0020374967445884185,0.00787829110865046,0.0036231884057971175,0.0008289054420764219,0.0008660573797507065
German Credit,R3_F5,3,5,job,0,0,0.0,0.0,0.0,0.0,0.0,0.0
German Credit,R3_F5,3,5,telephone,0,0,0.0,0.0,0.0,0.0,0.0,0.0
German Credit,R3_F5,3,5,foreign_worker,1,1,0.003506311360448655,0.005654473098436696,0.014428928845588607,0.008064516129032251,0.0014062657997399586,0.0032148528182328606
German Credit,R3_F5,3,5,foreign_worker,2,1,-0.00035063113604505425,0.0021392616065105674,0.0,0.0,0.00045362716620978016,0.0008013138975388467
German Credit,R3_F5,3,5,foreign_worker,3,1,0.0016362786348760316,0.0048634244084466705,0.014428928845588607,0.008064516129032251,0.0012674626792730792,0.002756076038476607
German Credit,R3_F5,3,5,foreign_worker,4,1,0.0036231884057971175,0.00937909033186246,-0.007963101565859276,-0.0036231884057971175,0.0015530038396879275,0.003837653105698169
German Credit,R3_F5,3,5,foreign_worker,5,1,0.007480130902290716,0.012082410478026828,0.014428928845588607,0.008064516129032251,0.0025435120393968447,0.005917210040598919
German Credit,R3_F5,3,5,duration,1,1,0.038686302010285,0.009711995072633428,0.052424111807530094,0.026998597475455854,0.010765560367403476,0.03470902858550118
German Credit,R3_F5,3,5,duration,2,1,0.011921458625525738,-0.010383188459564097,0.023394915487125745,0.010869565217391353,0.002668306650059432,0.008731129333678145
German Credit,R3_F5,3,5,duration,3,1,0.027232351566152335,0.03528820032250024,-0.02093504933794571,-0.012505843852267384,0.009157428283540076,0.026016967235963695
German Credit,R3_F5,3,5,duration,4,1,0.0016362786348760316,0.019149008011870805,-0.006542152743275076,-0.004441327723235133,0.0025998731333433667,0.005791616401252253
German Credit,R3_F5,3,5,duration,5,1,0.023726040205703458,0.02496583217847259,-0.0037046921748122297,0.0016362786348761427,0.006111364423131954,0.019878956155077843
German Credit,R3_F5,3,5,amount,1,1,0.00409069658719019,0.024536838520973547,-0.019353202902604172,-0.014142122487143527,0.003453905696824938,0.009932554250610015
German Credit,R3_F5,3,5,amount,2,1,0.024777933613838066,0.030239012993427683,0.015675424022440987,0.007246376811594235,0.007712140547776719,0.021429637177778016
German Credit,R3_F5,3,5,amount,3,1,0.022089761570827315,0.02525453385097487,0.03789300078815705,0.018934081346423604,0.007478068587924408,0.02090950317547724
German Credit,R3_F5,3,5,amount,4,1,0.008532024310425323,0.014558742759592569,-0.03666752959022923,-0.01975222066386162,0.002725447663844971,0.008705783955399338
German Credit,R3_F5,3,5,amount,5,1,0.006778868630200829,0.03658990441628984,0.0012299330745900172,-0.0008181393174380158,0.004753176289959027,0.011908705913446394
German Credit,R3_F5,3,5,installment_rate,1,1,-0.00771388499298753,-0.011418503362801369,0.04555989789966147,0.02255726975222072,-0.0007139085426760006,-0.003546543004043612
German Credit,R3_F5,3,5,installment_rate,2,1,0.00409069658719019,-0.0028621079115173087,0.03861441440960289,0.018115942028985588,0.001457033192268642,0.002704008222242038
German Credit,R3_F5,3,5,installment_rate,3,1,0.014142122487143305,-0.002298868532059517,0.052424111807530094,0.026998597475455854,0.003628031623944178,0.009873125970713215
German Credit,R3_F5,3,5,installment_rate,4,1,-0.004908835904628539,-0.015150177975601808,0.006441133482819217,0.004441327723235133,-0.001872978991914881,-0.0053701756624011665
German Credit,R3_F5,3,5,installment_rate,5,1,-0.0007012622720898865,-0.009737389887496395,0.008925082331846967,0.0028050490883591017,4.442411117977496e-05,-0.0005398708598478574
German Credit,R3_F5,3,5,present_residence,0,0,0.0,0.0,0.0,0.0,0.0,0.0
German Credit,R3_F5,3,5,age,1,1,0.0042075736325384305,0.018831943266952145,0.022331041030056176,0.011687704534829368,0.0029159877694043823,0.006828163252641906
German Credit,R3_F5,3,5,age,2,1,-0.002921926133707453,-0.010902661181475426,-0.0509773062747072,-0.02781673679289387,-0.000556903790822072,9.593683714559376e-05
German Credit,R3_F5,3,5,age,3,1,0.008064516129032251,0.007771699775845686,-0.0016362268650155776,0.0008181393174380158,0.002902780912232922,0.008592512121745055
German Credit,R3_F5,3,5,age,4,1,-0.0016362786348762537,0.0005918234160205982,-0.02093504933794571,-0.012505843852267384,0.0011479327697320185,0.0029033767614754513
German Credit,R3_F5,3,5,age,5,1,-0.00046750818139340566,-0.0007224837112833615,0.008925082331846967,0.0028050490883591017,0.0002182207894648458,0.001389991454977535
German Credit,R3_F5,3,5,number_credits,0,0,0.0,0.0,0.0,0.0,0.0,0.0
German Credit,R3_F5,3,5,people_liable,0,0,0.0,0.0,0.0,0.0,0.0,0.0
German Credit,R4_F1,4,1,status,1,1,0.11050831465974786,0.12658668185928046,0.13036303926743342,0.06875810826748441,0.03368896943792793,0.08818537803503351
German Credit,R4_F1,4,1,status,2,1,0.09210991862247919,0.15883836514844374,0.14593285149510443,0.07795730628611874,0.031322917165835934,0.07740053654385509
German Credit,R4_F1,4,1,status,3,1,0.1252506191767898,0.16237174322677483,0.20369389776192687,0.10873923811770259,0.03861017354818083,0.09587854940329271
German Credit,R4_F1,4,1,status,4,1,0.12619412666588048,0.19438646942600513,0.16849375880237438,0.09175610331407014,0.04092403147336798,0.10554632138859271
German Credit,R4_F1,4,1,status,5,1,0.17844085387427766,0.24157387578164358,0.30597718491705383,0.1641113338837128,0.05545177870139095,0.13262343042391284
German Credit,R4_F1,4,1,credit_history,1,1,0.01332704328340617,0.02931762635787505,0.007045859910424668,0.004599599009317279,0.0040039909974470544,0.01283143981524043
German Credit,R4_F1,4,1,credit_history,2,1,0.030074301214765953,0.03703132020408262,0.08043303059093099,0.04357825215237643,0.010608139700592184,0.025778223718911975
German Credit,R4_F1,4,1,credit_history,3,1,0.017454888548178005,0.000977247845247886,0.1093046593725534,0.057966741361009655,0.00639165029439695,0.015459600034620768
German Credit,R4_F1,4,1,credit_history,4,1,0.0031843377756811675,-0.02061148547252445,0.02189464801944213,0.010791366906474864,0.0014340356916234531,0.007393068502020039
German Credit,R4_F1,4,1,credit_history,5,1,0.016157565750678282,0.014199240588841588,0.0435688846118622,0.024590163934426368,0.005771627607103702,0.013065114039926329
German Credit,R4_F1,4,1,purpose,1,1,0.030074301214765953,0.05393134838605551,0.03649614283637548,0.01999056492510909,0.010447060151901194,0.025118934269957482
German Credit,R4_F1,4,1,purpose,2,1,0.00825569052954378,-0.0059485193686507065,-0.021810357657113533,-0.012796320320792587,0.0018012133716654721,0.006713536376325491
German Credit,R4_F1,4,1,purpose,3,1,0.01910602665408656,0.039449787698493166,-0.022553263747549235,-0.010791366906474753,0.006590425249291293,0.015517757260081255
German Credit,R4_F1,4,1,purpose,4,1,0.041042575775445234,0.06411344829332966,0.02189464801944213,0.010791366906474864,0.014146719927703666,0.03575067854728625
German Credit,R4_F1,4,1,purpose,5,1,0.03243306993749273,0.022477596961005042,0.03507103722228189,0.021995518339426923,0.008448303329465612,0.025842744219358837
German Credit,R4_F1,4,1,savings,1,1,0.00377402995636289,0.06298416274786267,-0.030231127703874205,-0.014388489208633004,0.002998090149367305,0.006030157301329442
German Credit,R4_F1,4,1,savings,2,1,0.011440028305224725,0.03481244429225716,0.00625146038232105,0.005602075716476085,0.003798008641442363,0.009474038679176566
German Credit,R4_F1,4,1,savings,3,1,0.0340842080434014,0.09393763853020753,0.02905938866195512,0.014388489208633226,0.012401859627921535,0.025898571021423955
German Credit,R4_F1,4,1,savings,4,1,0.009317136454770614,0.07090071729812542,0.01466493835590904,0.007194244604316613,0.004939292635280951,0.010053691845743284
German Credit,R4_F1,4,1,savings,5,1,0.010614459252270336,0.06734541520194559,-0.021810357657113533,-0.012796320320792587,0.004464854088533754,0.011294995005037889
German Credit,R4_F1,4,1,employment_duration,1,1,0.02205448755749506,0.04537565772376284,0.03654292387910829,0.018988088217950283,0.0069091355003495225,0.017370926635866257
German Credit,R4_F1,4,1,employment_duration,2,1,0.011675905177497281,0.008296961615561926,0.00723007502445866,0.002594645594999445,0.002751213032871569,0.008919411767712604
German Credit,R4_F1,4,1,employment_duration,3,1,0.029130793725675286,0.055397096962670145,0.014527698959097723,0.00819672131147553,0.009944259168029351,0.02573587718644882
German Credit,R4_F1,4,1,employment_duration,4,1,0.015567873569996449,0.018533978698423992,-0.000512547627745441,0.001002476707158917,0.0049631149182413625,0.013423538522322587
German Credit,R4_F1,4,1,employment_duration,5,1,0.01710107323976895,0.011455037864582573,0.007367627188668013,0.003597122302158251,0.0053056755975776915,0.01481001150920691
German Credit,R4_F1,4,1,personal_status_sex,1,1,-0.0007076306168178892,-0.0014528452233999456,-0.007440744918179976,-0.003597122302158251,-0.0004972285585529146,-0.0008991765018793729
German Credit,R4_F1,4,1,personal_status_sex,2,1,-0.000943507489090667,-0.0006093000560263295,0.02193592874615735,0.011793843613633781,4.852272994404494e-05,0.00047810834726602636
German Credit,R4_F1,4,1,personal_status_sex,3,1,0.0012973227974998336,0.0031344959488229795,-0.014957501914400095,-0.007194244604316502,5.9250193214094304e-05,-5.878275041248937e-05
German Credit,R4_F1,4,1,personal_status_sex,4,1,0.0030663993395447786,0.0007229711840053277,-0.022553263747549235,-0.010791366906474753,0.0012747631191235287,0.0035737383815550583
German Credit,R4_F1,4,1,personal_status_sex,5,1,0.0003538153084090556,0.02113334790694421,-0.014957501914400095,-0.007194244604316502,0.0010403665786908323,0.0018671654490357015
German Credit,R4_F1,4,1,other_debtors,1,1,-0.0007076306168180002,-0.003166322130124688,0.0,0.0,-0.0006066378256229243,-0.001208207643536574
German Credit,R4_F1,4,1,other_debtors,2,1,-0.0008255690529542781,-0.004101683198679207,0.0,0.0,-0.0004531972423094943,-0.0007731698471850623
German Credit,R4_F1,4,1,other_debtors,3,1,0.002830522467272112,0.0005246150450960441,0.029273412648776476,0.015390965915792032,0.0012552026081540657,0.0030666701285615994
German Credit,R4_F1,4,1,other_debtors,4,1,-0.0008255690529542781,-0.0027817243487312515,0.0,0.0,-0.00020496790450896807,-0.0004736073536361629
German Credit,R4_F1,4,1,other_debtors,5,1,-0.00023587687227255572,0.0038023056782263698,0.0,0.0,0.00019002169352583254,0.00047591541547342686
German Credit,R4_F1,4,1,property,1,1,0.010496520816134058,0.005010982686996068,0.014527698959097723,0.00819672131147553,0.0032750126155102754,0.00866091532178681
German Credit,R4_F1,4,1,property,2,1,0.011440028305224725,0.010043431531539637,0.0,0.0,0.00379036827062898,0.008935633218496719
German Credit,R4_F1,4,1,property,3,1,0.012855289538860726,0.02064806622718318,0.007367627188668013,0.003597122302158251,0.004464568207898173,0.01075788462585231
German Credit,R4_F1,4,1,property,4,1,0.010850336124543114,0.01567116992030171,0.03654292387910829,0.018988088217950283,0.0039074811997075465,0.009455381411660635
German Credit,R4_F1,4,1,property,5,1,0.018752211345677616,0.029467283932033017,0.029273412648776476,0.015390965915792032,0.006457807294416001,0.015722481458394166
German Credit,R4_F1,4,1,other_installment_plans,1,1,0.005543106498407835,-0.0024194644297718115,-0.021935928746157407,-0.011793843613633559,0.0003883553217352287,0.002885729724967534
German Credit,R4_F1,4,1,other_installment_plans,2,1,0.004363722137044501,0.00415613140584814,-0.014957501914400095,-0.007194244604316502,0.0010019852514353833,0.0029103389851001804
German Credit,R4_F1,4,1,other_installment_plans,3,1,-0.0016511381059086672,-0.015116051239276063,-0.014957501914400095,-0.007194244604316502,-0.0016453363501140461,-0.001224044312539696
German Credit,R4_F1,4,1,other_installment_plans,4,1,0.005071352753862612,-0.0003161459484857243,0.02193592874615735,0.011793843613633781,0.0017965768614210398,0.004743060687215694
German Credit,R4_F1,4,1,other_installment_plans,5,1,0.013562920155678837,0.01593473160420067,0.029273412648776476,0.015390965915792032,0.0035776746810313453,0.009930950127514049
German Credit,R4_F1,4,1,housing,1,1,0.0007076306168181112,0.002419847704868916,-0.02909103269048935,-0.016393442622950838,0.0003580822804713224,0.0017765780367960393
German Credit,R4_F1,4,1,housing,2,1,0.008255690529543669,0.012933001969864355,-0.021935928746157407,-0.011793843613633559,0.0031203475447300344,0.007883003035071556
German Credit,R4_F1,4,1,housing,3,1,0.003656091520226501,0.005608050232677075,-0.021935928746157407,-0.011793843613633559,0.0011465529751997494,0.002597804384568747
German Credit,R4_F1,4,1,housing,4,1,0.0038919683924991677,0.0024622400250676746,-0.014599238613037857,-0.009199198018634225,0.0010645086158862227,0.0033115233630900964
German Credit,R4_F1,4,1,housing,5,1,-0.009317136454770503,-0.019930258057656802,-0.036443943731548856,-0.01999056492510909,-0.003326121267465787,-0.007004657943421311
German Credit,R4_F1,4,1,job,0,0,0.0,0.0,0.0,0.0,0.0,0.0
German Credit,R4_F1,4,1,telephone,1,1,0.002830522467272223,0.012315092977517095,0.021528168492058353,0.012796320320792587,0.0019268366762509592,0.004529888080807287
German Credit,R4_F1,4,1,telephone,2,1,-0.006958367732043835,-0.008385374628579023,-0.014538158271440393,-0.008196721311475308,-0.001977493238674355,-0.004736201435767473
German Credit,R4_F1,4,1,telephone,3,1,0.00011793843613638888,0.013266284572547304,0.0,0.0,0.0002921005681441602,0.0007242927607796212
German Credit,R4_F1,4,1,telephone,4,1,0.000943507489090667,-0.005452663721416506,-0.029409188795457786,-0.015390965915791921,-4.531881670094551e-05,1.6915800390648883e-05
German Credit,R4_F1,4,1,telephone,5,1,-0.0014152612336358894,0.006408394135831164,0.014527698959097723,0.00819672131147553,-0.00030241952454287957,-0.00023897287165647318
German Credit,R4_F1,4,1,foreign_worker,1,1,0.002594645594999445,0.011054078019641977,0.0,0.0,0.0008761475892599679,0.002289877670420437
German Credit,R4_F1,4,1,foreign_worker,2,1,0.005661044934544224,0.00977344875078845,0.007367627188668013,0.003597122302158251,0.002058379047603476,0.0045223445429042886
German Credit,R4_F1,4,1,foreign_worker,3,1,-0.005778983370680502,-0.011406717402785205,-0.007440744918179976,-0.003597122302158251,-0.0022790569842904562,-0.004141000417294538
German Credit,R4_F1,4,1,foreign_worker,4,1,0.0014152612336362225,0.00435252065362457,0.007367627188668013,0.003597122302158251,0.0005912026874050902,0.0013572496576822468
German Credit,R4_F1,4,1,foreign_worker,5,1,0.0007076306168181112,0.0028764511918401015,0.007367627188668013,0.003597122302158251,0.000229390033024357,0.00038755209564950155
German Credit,R4_F1,4,1,duration,1,1,0.032786885245901676,0.07696314272449845,0.08745215653427563,0.046172897747375874,0.012337666117437529,0.030210312611946843
German Credit,R4_F1,4,1,duration,2,1,0.027951409364311952,0.032113286276286956,0.0655996536959978,0.034379054133742315,0.010256267767777577,0.025207433447406613
German Credit,R4_F1,4,1,duration,3,1,0.030546054959311286,0.03521886156636567,0.07271801593694804,0.037976176435900566,0.009374152562896115,0.023669182536660283
German Credit,R4_F1,4,1,duration,4,1,0.06274324802453124,0.1596906722861462,0.0945473295744445,0.049770020049534236,0.023736740037685305,0.05324164453395147
German Credit,R4_F1,4,1,duration,5,1,0.030781931831584064,0.0434282053867604,0.03616171561485554,0.017985611510791477,0.010293515317917723,0.023188195434433734
German Credit,R4_F1,4,1,amount,1,1,0.024649133152494507,0.04059670194782117,0.007045859910424668,0.004599599009317279,0.007357680329109384,0.0200628229649904
German Credit,R4_F1,4,1,amount,2,1,0.02806934780044823,0.06383980225176611,0.021528168492058353,0.012796320320792587,0.009768921826748156,0.025469612592727398
German Credit,R4_F1,4,1,amount,3,1,0.05248260408066996,0.09115719086811624,0.09499076902910175,0.05077249675669304,0.017545375193625062,0.042552750879178314
German Credit,R4_F1,4,1,amount,4,1,0.004599599009317279,-0.0023635469674753162,0.013929958186403246,0.009199198018634336,0.0006551134604377284,0.003991438205348252
German Credit,R4_F1,4,1,amount,5,1,0.020285411015450006,0.027657539495710926,0.007045859910424668,0.004599599009317279,0.005132915684974676,0.015617539294918936
German Credit,R4_F1,4,1,installment_rate,0,0,0.0,0.0,0.0,0.0,0.0,0.0
German Credit,R4_F1,4,1,present_residence,0,0,0.0,0.0,0.0,0.0,0.0,0.0
German Credit,R4_F1,4,1,age,1,1,0.004717537445453557,0.0012636973921209549,0.01466493835590904,0.007194244604316613,0.0015674111206857022,0.0037398759945654336
German Credit,R4_F1,4,1,age,2,1,0.01261941266658817,0.021360983757664376,-0.00815058475873548,-0.002594645594999334,0.0045620873912534665,0.009379162297785404
German Credit,R4_F1,4,1,age,3,1,0.0016511381059087782,0.01159966619065167,-0.03696086373922497,-0.018988088217950172,0.00023611053279926075,-0.0004410566986760567
German Credit,R4_F1,4,1,age,4,1,0.008963321146361669,0.01785902407571649,0.0435688846118622,0.024590163934426368,0.003997309260389187,0.007691876492136707
German Credit,R4_F1,4,1,age,5,1,0.01474230451704217,0.04520968064810238,0.04282497803000207,0.025592640641585174,0.0059375739318443255,0.01250000408084967
German Credit,R4_F1,4,1,number_credits,0,0,0.0,0.0,0.0,0.0,0.0,0.0
German Credit,R4_F1,4,1,people_liable,0,0,0.0,0.0,0.0,0.0,0.0,0.0
German Credit,R4_F2,4,2,status,1,1,0.05187721968543901,0.1086327568495864,0.09377730167883935,0.05276509386098427,0.020358608611447365,0.04069902209711407
German Credit,R4_F2,4,2,status,2,1,0.14294774226281082,0.22024839700951926,0.2198655993017901,0.12404870624048703,0.04402565901771599,0.10668316142005663
German Credit,R4_F2,4,2,status,3,1,0.0980466768138002,0.18549017956142322,0.12078451816425939,0.06785895484525617,0.033117301121599246,0.0720013950395727
German Credit,R4_F2,4,2,status,4,1,0.08612379502790468,0.16357494000610895,0.08312775066040373,0.04693049213597156,0.029729807434775712,0.06357707479492536
German Credit,R4_F2,4,2,status,5,1,0.12113140537798084,0.16232378158344873,0.18836163494452263,0.10591070522577373,0.03992285388526362,0.09282021194059664
German Credit,R4_F2,4,2,credit_history,1,1,0.007610350076103667,0.00552378503058526,0.024616649981924532,0.013698630136986245,0.0025014812779417805,0.011227168744710025
German Credit,R4_F2,4,2,credit_history,2,1,0.019279553526128868,0.03736656374143488,0.008155990197154017,0.004439370877727056,0.007584088128468197,0.023551413392484566
German Credit,R4_F2,4,2,credit_history,3,1,0.025494672754946768,0.035072996562776626,0.0696658085418903,0.039066463723998024,0.009143422782873695,0.02536779826061164
German Credit,R4_F2,4,2,credit_history,4,1,0.007356671740233467,0.026935693386719306,-0.004007890823293336,-0.0024099441907661223,0.004278208895769187,0.007099456121632652
German Credit,R4_F2,4,2,credit_history,5,1,0.007483510908168456,0.02537607848997836,0.018517814770127705,0.010273972602739767,0.0055318924211975595,0.010360317248649609
German Credit,R4_F2,4,2,purpose,1,1,0.0052004058853374335,0.025960769034416575,0.03208699635451967,0.0181380010147133,0.00503272749793407,0.00979634385971001
German Credit,R4_F2,4,2,purpose,2,1,0.024226281075596212,0.0455688881933215,0.05463978426080962,0.03082191780821908,0.010693269492927704,0.023985929044791132
German Credit,R4_F2,4,2,purpose,3,1,-0.0021562658548958114,0.03536341109838137,0.0445360443073175,0.026002029426686946,0.0025299108107539603,0.00496988528652581
German Credit,R4_F2,4,2,purpose,4,1,0.004058853373921867,0.004779383630566292,0.014185676613231946,0.007864028411973645,0.0024155254624242395,0.002164850436682686
German Credit,R4_F2,4,2,purpose,5,1,0.013952308472856556,0.00538969726785965,0.006211381395154425,0.003424657534246589,0.0031133006645371886,0.01163676293239313
German Credit,R4_F2,4,2,savings,1,1,0.0021562658548959224,0.011063370299924213,-0.0026822740101946074,-0.0010147133434804667,0.0007080423678613723,-0.00011931399173614743
German Credit,R4_F2,4,2,savings,2,1,1.1102230246251565e-16,-0.008297407411784308,-0.06405025891849903,-0.035641806189751324,0.0006623724043393342,-0.00011384635927519371
German Credit,R4_F2,4,2,savings,3,1,-0.019786910197869045,0.00119952867819062,-0.07695057025557706,-0.0424911212582445,-0.0032611326167379384,-0.01657642198818171
German Credit,R4_F2,4,2,savings,4,1,0.020547945205479645,0.04102985677417126,0.0123833497694108,0.006849315068493067,0.006854454762897838,0.016330683090572784
German Credit,R4_F2,4,2,savings,5,1,-0.0181380010147133,-0.007953513687597003,-0.047876285543840935,-0.026382546930492135,-0.00465868008817763,-0.017542391848348937
German Credit,R4_F2,4,2,employment_duration,1,1,0.0095129375951295,0.007327209502083876,0.010016394698457498,0.005834601725012711,0.0032523104612041664,0.010124087528410819
German Credit,R4_F2,4,2,employment_duration,2,1,0.02207001522070018,0.04843708800102797,0.018517814770127705,0.010273972602739767,0.007796059944789768,0.021938579341693853
German Credit,R4_F2,4,2,employment_duration,3,1,0.0053272450532725335,-0.021624462057732607,0.006211381395154425,0.003424657534246589,0.0014442023357248424,0.007419280246766691
German Credit,R4_F2,4,2,employment_duration,4,1,0.005834601725012822,0.009804845206240143,0.024616649981924532,0.013698630136986245,0.0033272097076478824,0.008076663125025696
German Credit,R4_F2,4,2,employment_duration,5,1,0.0124302384576358,0.014751920925936357,0.01630004482011671,0.00925925925925919,0.004087986889913575,0.01181034477616516
German Credit,R4_F2,4,2,personal_status_sex,1,1,0.004946727549467345,0.0033256862491334305,0.028746103582789617,0.016108574327752367,0.002287469081065613,0.006159459637670617
German Credit,R4_F2,4,2,personal_status_sex,2,1,0.007990867579908745,0.0008667443733190172,0.022542620595874863,0.012683916793505778,0.00252410280900639,0.006042920205074631
German Credit,R4_F2,4,2,personal_status_sex,3,1,0.004693049213597367,-0.005490182726365256,0.04714122926190745,0.026382546930492023,0.00235646245384441,0.004623613800139648
German Credit,R4_F2,4,2,personal_status_sex,4,1,0.003678335870116678,0.008097811794075649,0.03491243531717508,0.019533231861998956,0.001670731019544014,0.004222283275066574
German Credit,R4_F2,4,2,personal_status_sex,5,1,0.0005073566717403999,-0.005366922217918235,0.04714122926190745,0.026382546930492023,0.0007032575590930068,0.00044161286904303987
German Credit,R4_F2,4,2,other_debtors,1,1,0.0053272450532726445,0.0038827855223702024,0.010016394698457498,0.005834601725012711,0.0008715962896306273,0.0012832642063084765
German Credit,R4_F2,4,2,other_debtors,2,1,0.004693049213597256,0.006311432947411433,0.022542620595874863,0.012683916793505778,0.00192194946014837,0.004958760271629559
German Credit,R4_F2,4,2,other_debtors,3,1,0.011035007610350145,0.00957799995288866,0.01630004482011671,0.00925925925925919,0.0033240158178096946,0.008285179917904562
German Credit,R4_F2,4,2,other_debtors,4,1,0.0013952308472856556,-0.011286133474825433,0.0,0.0,0.0002188356072998221,0.001055868657531156
German Credit,R4_F2,4,2,other_debtors,5,1,0.004058853373921978,0.0007351558439310235,0.028746103582789617,0.016108574327752367,0.0005506378890017816,0.002148253160112523
German Credit,R4_F2,4,2,property,1,1,-0.00913242009132409,-0.014503994858415137,0.006211381395154425,0.003424657534246589,-0.0013275561932918345,-0.005216824682007182
German Credit,R4_F2,4,2,property,2,1,-0.0242262810755961,-0.05896554058495007,0.030681695790575114,0.017123287671232834,-0.0065706404277770525,-0.016620948637036947
German Credit,R4_F2,4,2,property,3,1,-0.0024099441907660113,-0.009572707492522037,0.018517814770127705,0.010273972602739767,0.0006704576248596494,0.0005938943922351725
German Credit,R4_F2,4,2,property,4,1,-0.016996448503297734,-0.015626575458356884,0.006211381395154425,0.003424657534246589,-0.004475465835819703,-0.01225121064405732
German Credit,R4_F2,4,2,property,5,1,-0.023845763571790912,-0.03779300458239432,0.0123833497694108,0.006849315068493067,-0.005565611338647053,-0.016384191999043007
German Credit,R4_F2,4,2,other_installment_plans,1,1,-0.0025367833587011113,-0.009246193164180072,0.014185676613231946,0.007864028411973645,0.0004192479932278448,0.004409951837480053
German Credit,R4_F2,4,2,other_installment_plans,2,1,0.0010147133434805777,0.011631259237746439,0.0,0.0,0.001859880487260629,0.0004842601364689614
German Credit,R4_F2,4,2,other_installment_plans,3,1,0.004566210045662267,0.009011198026105394,0.030681695790575114,0.017123287671232834,0.003815620571888778,0.004968672586597611
German Credit,R4_F2,4,2,other_installment_plans,4,1,0.004946727549467456,0.0015015033090237662,0.030681695790575114,0.017123287671232834,0.0022430574996533115,0.007462920944995177
German Credit,R4_F2,4,2,other_installment_plans,5,1,0.005834601725012711,0.0038680889338249536,0.018517814770127705,0.010273972602739767,0.0024376962126442248,0.009404161593845273
German Credit,R4_F2,4,2,housing,1,1,0.006215119228818011,0.019600167683392677,0.03491243531717508,0.019533231861998956,0.002947901291836419,0.005503976658102427
German Credit,R4_F2,4,2,housing,2,1,-0.004058853373921756,0.008951593347192754,0.018517814770127705,0.010273972602739767,0.0004366513130354688,-0.002893300418340017
German Credit,R4_F2,4,2,housing,3,1,0.0027904616945714222,0.023834620042275656,0.01630004482011671,0.00925925925925919,0.0022286601757451896,0.0029466484432958406
German Credit,R4_F2,4,2,housing,4,1,0.0036783358701169,0.010529751127757003,0.0123833497694108,0.006849315068493067,0.0016842926565408256,0.0022662900891635696
German Credit,R4_F2,4,2,housing,5,1,0.0019025875190259445,0.009035765580975186,0.018517814770127705,0.010273972602739767,0.00118445193604369,0.0018379201955830426
German Credit,R4_F2,4,2,job,0,0,0.0,0.0,0.0,0.0,0.0,0.0
German Credit,R4_F2,4,2,telephone,0,0,0.0,0.0,0.0,0.0,0.0,0.0
German Credit,R4_F2,4,2,foreign_worker,1,1,-0.0052004058853374335,-0.005502037180833863,-0.010145735778353482,-0.005834601725012711,-0.0013526045377182938,-0.0033920422403629913
German Credit,R4_F2,4,2,foreign_worker,2,1,0.002917300862506411,9.043474991332623e-05,0.0,0.0,0.0006976562935837316,0.0029573839771898647
German Credit,R4_F2,4,2,foreign_worker,3,1,0.002917300862506411,-0.005792720122330897,0.0,0.0,-0.00018370293689845552,0.00613343436585817
German Credit,R4_F2,4,2,foreign_worker,4,1,-0.0027904616945712,-0.0015406990359037032,-0.016323340792480823,-0.00925925925925919,-0.0007922913942898235,0.0017587728429130922
German Credit,R4_F2,4,2,foreign_worker,5,1,-0.007356671740233356,-0.008547841599807926,-0.022542620595874807,-0.01268391679350589,-0.0026065156702501646,-0.00574276538062668
German Credit,R4_F2,4,2,duration,1,1,0.011922881785895623,0.054818749346333684,0.03208699635451967,0.0181380010147133,0.006961094224483183,0.015599374273275457
German Credit,R4_F2,4,2,duration,2,1,0.02207001522070029,0.07738559938372025,0.030681695790575114,0.017123287671232834,0.01179478469751788,0.02341623902390022
German Credit,R4_F2,4,2,duration,3,1,0.013571790969051367,0.028182082789704577,0.06525235352675873,0.0366565195332319,0.006476257763898208,0.01599841084773479
German Credit,R4_F2,4,2,duration,4,1,0.035768645357686535,0.12159445583820283,0.03208699635451967,0.0181380010147133,0.017676324054556436,0.03738892363025581
German Credit,R4_F2,4,2,duration,5,1,0.01560121765601219,0.06355868711074175,-0.016323340792480823,-0.00925925925925919,0.008083109472023703,0.015128561652851646
German Credit,R4_F2,4,2,amount,1,1,0.0156012176560123,-0.002626106804017425,0.043881988774396474,0.02498731608320648,0.005594366313467769,0.020155863299102406
German Credit,R4_F2,4,2,amount,2,1,0.0186453576864537,0.006953635896694066,0.06525235352675873,0.0366565195332319,0.00730299492097039,0.01912649173684955
German Credit,R4_F2,4,2,amount,3,1,0.018264840182648512,0.01797544042035981,0.024616649981924532,0.013698630136986245,0.006966289707599993,0.01711801133678903
German Credit,R4_F2,4,2,amount,4,1,-0.009005580923388878,-0.02095973445842969,0.015432050695638688,0.008878741755454111,-0.0009319206725645346,-0.0006539163044080865
German Credit,R4_F2,4,2,amount,5,1,0.0024099441907662333,-0.00933756031752253,0.07233978513565825,0.04109589041095896,0.0024136154768580886,0.006837401871698234
German Credit,R4_F2,4,2,installment_rate,1,1,-0.007990867579908412,-0.007056556220709109,-0.010145735778353482,-0.005834601725012711,-0.0012194067426523347,-0.0062513664573514705
German Credit,R4_F2,4,2,installment_rate,2,1,-0.0008878741755452557,0.004669380871005102,0.03258162802004583,0.01851851851851849,0.0016764217762742228,0.0022696374298341038
German Credit,R4_F2,4,2,installment_rate,3,1,-0.006088280060882689,-0.00865134028168102,0.022542620595874863,0.012683916793505778,-0.0013697851863508637,-0.005835201537709556
German Credit,R4_F2,4,2,installment_rate,4,1,0.0015220700152207556,0.052874135616241325,0.0,0.0,0.004225561461108335,0.004144991376308249
German Credit,R4_F2,4,2,installment_rate,5,1,-0.0008878741755452557,0.015893022924952316,-0.004007890823293336,-0.0024099441907661223,0.0010974058864426373,-0.0017867872879754332
German Credit,R4_F2,4,2,present_residence,0,0,0.0,0.0,0.0,0.0,0.0,0.0
German Credit,R4_F2,4,2,age,1,1,0.010654490106545067,0.03620664988590416,0.057441520864939366,0.032217148655504846,0.0059139638894776525,0.012976467526445434
German Credit,R4_F2,4,2,age,2,1,-0.0008878741755452557,-0.028115177976184236,0.04714122926190745,0.026382546930492023,-0.0015788042349595688,-0.002416173315209047
German Credit,R4_F2,4,2,age,3,1,-0.003170979198376389,0.006186648065570122,0.018517814770127705,0.010273972602739767,0.0020601882172674724,0.0006356098892145723
German Credit,R4_F2,4,2,age,4,1,0.0012683916793505556,0.013442193802219005,0.059243847708760455,0.0332318619989852,0.000696796885419515,0.0025667887845955972
German Credit,R4_F2,4,2,age,5,1,-0.006976154236428056,-0.021524201558057898,0.03258162802004583,0.01851851851851849,-0.0030427940464785586,-0.00794647949632682
German Credit,R4_F2,4,2,number_credits,0,0,0.0,0.0,0.0,0.0,0.0,0.0
German Credit,R4_F2,4,2,people_liable,0,0,0.0,0.0,0.0,0.0,0.0,0.0
German Credit,R4_F3,4,3,status,1,1,0.09805984104721821,0.11214471416759964,0.171880430318096,0.09151472650771386,0.030380854095271415,0.07232707282160633
German Credit,R4_F3,4,3,status,2,1,0.12868162692847118,0.1506079809551406,0.24991157137214648,0.13020102851799908,0.040222856140937735,0.09891594138306137
German Credit,R4_F3,4,3,status,3,1,0.10448807854137432,0.16693124106129736,0.1731354830147927,0.09069658719027585,0.03240345311364429,0.07556887291374359
German Credit,R4_F3,4,3,status,4,1,0.08976157082748937,0.16677769480382787,0.17704684667276593,0.09677419354838712,0.030775323197111154,0.06797427244122078
German Credit,R4_F3,4,3,status,5,1,0.057854137447405196,0.08838342158724133,0.08436626083995158,0.04920523609163163,0.018622598621109404,0.04421828735885214
German Credit,R4_F3,4,3,credit_history,1,1,0.02758298270219728,0.059805933268224365,0.057726118545470106,0.032258064516129004,0.010242672750856358,0.024311730634505646
German Credit,R4_F3,4,3,credit_history,2,1,0.04079008882655444,0.05845527082342683,0.08281006793789858,0.043127629733520245,0.01282121797984423,0.03143139316093668
German Credit,R4_F3,4,3,credit_history,3,1,0.014492753623188248,0.020986149768205342,0.06619326215929988,0.03588125292192612,0.004490668340041276,0.010863396058226726
German Credit,R4_F3,4,3,credit_history,4,1,0.020453482935951284,0.031747339184331036,0.034644245651605565,0.020570359981299746,0.007316013898405499,0.015499228372606533
German Credit,R4_F3,4,3,credit_history,5,1,0.018232819074333717,0.031121326579703124,0.034644245651605565,0.020570359981299746,0.005789867769668,0.015266576135019805
German Credit,R4_F3,4,3,purpose,1,1,0.04534829359513781,0.08609335353734371,0.08281006793789858,0.043127629733520245,0.01662608436305854,0.040901757959897256
German Credit,R4_F3,4,3,purpose,2,1,0.029686769518466494,0.07838986389898239,-0.005953028014717199,-0.004441327723235133,0.010884092842844806,0.02672744433491281
German Credit,R4_F3,4,3,purpose,3,1,0.05691912108461894,0.11874639258874276,0.06619326215929988,0.03588125292192612,0.02125933859954296,0.05273894265964374
German Credit,R4_F3,4,3,purpose,4,1,0.03459560542309481,0.0735619343425501,0.06822690477331489,0.035063113604487994,0.014031904001945539,0.03240756288040514
German Credit,R4_F3,4,3,purpose,5,1,0.04604955586722759,0.09657190817218775,0.05998809501537994,0.03143992519869099,0.01669062837798052,0.03976877171206117
German Credit,R4_F3,4,3,savings,1,1,0.014258999532491767,0.011780933310765906,0.08080799143933459,0.04394576905095848,0.005207076013115319,0.005726760761742056
German Credit,R4_F3,4,3,savings,2,1,0.003740065451145358,0.004791299745891986,0.03288812724873641,0.01449275362318836,0.002849020020347204,0.006058302514769909
German Credit,R4_F3,4,3,savings,3,1,0.0036231884057970065,0.006930747346189925,0.05998809501537994,0.03143992519869099,0.0011028898385979091,-0.0005540612109743437
German Credit,R4_F3,4,3,savings,4,1,0.022907900888265442,0.05731688026464887,0.072322276468335,0.040322580645161366,0.009513274977307001,0.019428544066458553
German Credit,R4_F3,4,3,savings,5,1,0.019284712482468325,0.0229745684162036,0.0745529631469603,0.03950444132772324,0.0054031565603290255,0.00878284279450614
German Credit,R4_F3,4,3,employment_duration,1,1,0.019284712482468325,0.034368524558593405,0.045484603182209926,0.023375409069658737,0.0062155572207475696,0.013375339202355452
German Credit,R4_F3,4,3,employment_duration,2,1,0.009934548854604874,0.020679065150030262,-0.02577335926024854,-0.010869565217391242,0.00190498994188662,0.009148989824233178
German Credit,R4_F3,4,3,employment_duration,3,1,0.01858345021037866,0.040341883746321194,-0.02577335926024854,-0.010869565217391242,0.0057037914474435125,0.015895510205402696
German Credit,R4_F3,4,3,employment_duration,4,1,0.015661524076671318,0.03357530258663599,-0.02577335926024854,-0.010869565217391242,0.005358560596601281,0.017502791007884655
German Credit,R4_F3,4,3,employment_duration,5,1,0.010402057035998169,0.027458241167831354,-0.002781703905361421,0.0008181393174381268,0.00342824988881682,0.009000094235292133
German Credit,R4_F3,4,3,personal_status_sex,1,1,-0.0010518934081346076,0.010611723892181235,-0.008477823752176039,-0.0036231884057970065,-6.963003218285468e-05,-0.002694293054049335
German Credit,R4_F3,4,3,personal_status_sex,2,1,0.009116409537166859,0.012366198107299664,0.005837790721296643,0.004441327723235244,0.002555295303040328,0.004488867497921989
German Credit,R4_F3,4,3,personal_status_sex,3,1,0.011687704534829368,0.038961778760912336,-0.03696088902652028,-0.01975222066386151,0.003854741354127861,0.005976681714235821
German Credit,R4_F3,4,3,personal_status_sex,4,1,0.005843852267414684,0.006418198123194219,-0.008477823752176039,-0.0036231884057970065,0.0019961725443326805,0.0036992604681602703
German Credit,R4_F3,4,3,personal_status_sex,5,1,0.005610098176717981,0.009913274869434274,-0.03129979667469468,-0.015310892940626375,0.0015232909778612191,0.0020782428938002084
German Credit,R4_F3,4,3,other_debtors,1,1,0.016479663394109223,0.021266191524233813,0.008371009423829845,0.0036231884057971175,0.0049413847551676715,0.010866392539534031
German Credit,R4_F3,4,3,other_debtors,2,1,0.016713417484805926,0.026098148726307113,0.05370290787417992,0.026998597475455743,0.006198259174039045,0.012722041089286762
German Credit,R4_F3,4,3,other_debtors,3,1,0.010986442262739482,0.031672672108084554,0.016639799057771687,0.007246376811594235,0.0041202553147691445,0.0074726616482040376
German Credit,R4_F3,4,3,other_debtors,4,1,0.010285179990649707,0.023763432808820095,0.008371009423829845,0.0036231884057971175,0.0034431095818715507,0.006478125425193104
German Credit,R4_F3,4,3,other_debtors,5,1,0.016947171575502407,0.029174009562276226,0.03923262613026063,0.018934081346423492,0.005981354920394033,0.012338253407662148
German Credit,R4_F3,4,3,property,1,1,0.006545114539504349,0.0201067157719087,-0.011519500136123462,-0.0028050490883589907,0.0009379255506597461,0.006057771815097257
German Credit,R4_F3,4,3,property,2,1,0.005259467040673038,0.02391816637486066,-0.01706726675392456,-0.007246376811594124,0.00010883340133041597,0.0025322982446700504
German Credit,R4_F3,4,3,property,3,1,0.004558204768583263,0.01751037272136602,-0.008477823752176039,-0.0036231884057970065,0.0014132323577046024,0.0028035150056986424
German Credit,R4_F3,4,3,property,4,1,-0.002571294997662621,0.00961750652041482,-0.006098313654025023,0.0016362786348761427,-0.0005304352470131279,-0.003687057656978965
German Credit,R4_F3,4,3,property,5,1,-0.007246376811594235,-0.005466368393470478,-0.03997232422914576,-0.018934081346423492,-0.002046745625882057,-0.005342964949860751
German Credit,R4_F3,4,3,other_installment_plans,1,1,0.019635343618513268,0.03168090500566889,0.04320160680441276,0.024193548387096753,0.004580203417828804,0.012892678501537636
German Credit,R4_F3,4,3,other_installment_plans,2,1,0.016129032258064502,0.01935232161658973,0.045484603182209926,0.023375409069658737,0.0033776479524119662,0.011148946498112045
German Credit,R4_F3,4,3,other_installment_plans,3,1,-0.0009350163627864783,-0.0010116607272074862,0.014344149170342657,0.008064516129032251,-0.0021100400983037615,0.0007220261017584217
German Credit,R4_F3,4,3,other_installment_plans,4,1,0.005726975222066333,-0.005712248723319213,-0.008477823752176039,-0.0036231884057970065,5.494905156266938e-05,0.00547670046720139
German Credit,R4_F3,4,3,other_installment_plans,5,1,0.007480130902290716,0.0032970689680010823,0.011562372757741024,0.008882655446470378,0.0009783533828564284,0.00560716210580503
German Credit,R4_F3,4,3,housing,1,1,-0.005726975222066444,0.008922571356521969,-0.06528063936251727,-0.03588125292192612,-0.002178041393467889,-0.005274444466692341
German Credit,R4_F3,4,3,housing,2,1,0.000584385226741535,0.017851799538225133,-0.008477823752176039,-0.0036231884057970065,0.0002561189428130217,0.0007554108729513898
German Credit,R4_F3,4,3,housing,3,1,0.001986909770920864,0.01322793074931583,-0.014294939801345219,-0.008064516129032251,0.00036355381076988436,0.0009400612222670857
German Credit,R4_F3,4,3,housing,4,1,0.001986909770920975,0.020144958773253396,0.0,0.0,0.0009640872806991885,0.00153245010398817
German Credit,R4_F3,4,3,housing,5,1,0.0007012622720897754,0.01629310532797812,-0.03696088902652028,-0.01975222066386151,0.00023896619407409725,-0.00018348407380142095
German Credit,R4_F3,4,3,job,0,0,0.0,0.0,0.0,0.0,0.0,0.0
German Credit,R4_F3,4,3,telephone,0,0,0.0,0.0,0.0,0.0,0.0,0.0
German Credit,R4_F3,4,3,foreign_worker,1,1,-0.004558204768583596,-0.016989973203206943,-0.028545855087206085,-0.016129032258064502,-0.002112345607730326,-0.0038777574431493322
German Credit,R4_F3,4,3,foreign_worker,2,1,-0.0009350163627864783,-0.008863392176442608,-0.03129979667469468,-0.015310892940626375,-0.0012779301201018556,0.00026528973168105097
German Credit,R4_F3,4,3,foreign_worker,3,1,0.006077606358111165,0.0028284124229769336,0.008371009423829845,0.0036231884057971175,0.001567048534057286,0.004265332017361345
German Credit,R4_F3,4,3,foreign_worker,4,1,-0.006428237494156219,-0.010693535719359049,-0.0202349362308078,-0.012505843852267384,-0.002315597938631342,-0.002697186291389597
German Credit,R4_F3,4,3,foreign_worker,5,1,0.0010518934081346076,0.01065118098499207,-0.008477823752176039,-0.0036231884057970065,0.0006120329048863449,0.002160250515545359
German Credit,R4_F3,4,3,duration,1,1,0.02267414679756885,0.08299662821386178,-0.020381015777716782,-0.006428237494156108,0.010307816270188203,0.022236970816100765
German Credit,R4_F3,4,3,duration,2,1,0.017765310892940533,0.039633849657227826,-0.014294939801345219,-0.008064516129032251,0.0065606817823747055,0.01602603074611897
German Credit,R4_F3,4,3,duration,3,1,0.019401589527816565,0.10669063109668697,0.04044893816891526,0.02501168770453488,0.011113064873974648,0.01908942064589525
German Credit,R4_F3,4,3,duration,4,1,0.04675081813931736,0.10705771929091357,0.0371661220928613,0.01975222066386162,0.01768791064690306,0.038360135772604886
German Credit,R4_F3,4,3,duration,5,1,0.0015194015895276802,0.05343824961339039,-0.03129979667469468,-0.015310892940626375,0.0020602256056908297,0.003130895228114716
German Credit,R4_F3,4,3,amount,1,1,0.013090229079008697,0.0003469139402457744,0.022742301591104963,0.011687704534829368,0.004166536948442462,0.003533195320164606
German Credit,R4_F3,4,3,amount,2,1,0.03214118747078054,0.03916841322891196,0.049146453406822055,0.028634876110331997,0.0099363492590199,0.024994349748372557
German Credit,R4_F3,4,3,amount,3,1,0.036699392239364026,0.031112599300999855,0.0461589892656189,0.029453015427770013,0.009355251641915613,0.02586026500434313
German Credit,R4_F3,4,3,amount,4,1,0.02898550724637683,0.03167905731410692,-0.006098313654025023,0.0016362786348761427,0.007316164197088859,0.017593294219040545
German Credit,R4_F3,4,3,amount,5,1,0.028868630201028256,0.03742313123244323,0.01717531225744512,0.013323983169705511,0.008051825951733704,0.02240427929139399
German Credit,R4_F3,4,3,installment_rate,0,0,0.0,0.0,0.0,0.0,0.0,0.0
German Credit,R4_F3,4,3,present_residence,0,0,0.0,0.0,0.0,0.0,0.0,0.0
German Credit,R4_F3,4,3,age,1,1,0.011804581580177609,-0.0015946476733464943,-0.03129979667469468,-0.015310892940626375,0.001751154200199917,0.00888797777376682
German Credit,R4_F3,4,3,age,2,1,0.014843384759233191,0.01928815212999946,-0.048765014615135605,-0.02255726975222061,0.0030608909492677583,0.012985809598710318
German Credit,R4_F3,4,3,age,3,1,0.012622720897615625,0.019302611152751004,0.020209951449525643,0.012505843852267495,0.003205576737327437,0.01012119399110778
German Credit,R4_F3,4,3,age,4,1,0.011687704534829257,-0.007007225271762563,0.020209951449525643,0.012505843852267495,0.001311046475481803,0.00935283296620304
German Credit,R4_F3,4,3,age,5,1,0.015310892940626375,0.020983322512735936,-0.014294939801345219,-0.008064516129032251,0.0033196422458410813,0.01297630927459792
German Credit,R4_F3,4,3,number_credits,0,0,0.0,0.0,0.0,0.0,0.0,0.0
German Credit,R4_F3,4,3,people_liable,1,1,0.004675081813931725,0.00612200779778016,0.022742301591104963,0.011687704534829368,0.0012913698303748666,0.003690055244366941
German Credit,R4_F3,4,3,people_liable,2,1,0.0036231884057970065,0.009159662014148973,-0.008477823752176039,-0.0036231884057970065,0.0010386051297909815,0.0035751239094995446
German Credit,R4_F3,4,3,people_liable,3,1,0.00409069658719019,0.0034764388366362864,0.005837790721296643,0.004441327723235244,0.001038404785382696,0.0035055636106076093
German Credit,R4_F3,4,3,people_liable,4,1,0.0028050490883588797,0.0025211762412529204,0.005837790721296643,0.004441327723235244,0.001007402547232611,0.0031374564903557944
German Credit,R4_F3,4,3,people_liable,5,1,0.004441327723235022,0.01952965526523076,0.005837790721296643,0.004441327723235244,0.0012384686741426232,0.0039383009614232245
German Credit,R4_F4,4,4,status,1,1,0.0772649572649573,0.11496931628463691,0.17046374053536556,0.09173789173789182,0.024743643989796865,0.060874591265258404
German Credit,R4_F4,4,4,status,2,1,0.0948148148148148,0.14527056647235226,0.1769457700328882,0.09572649572649583,0.029610256062689577,0.07583489708142555
German Credit,R4_F4,4,4,status,3,1,0.06153846153846165,0.0772692654112932,0.09760084783992401,0.05384615384615388,0.018330999987543534,0.05048661844348057
German Credit,R4_F4,4,4,status,4,1,0.08809116809116813,0.14157536289266037,0.15363297579622032,0.08461538461538476,0.028317138306100997,0.07205932701258977
German Credit,R4_F4,4,4,status,5,1,0.022336182336182397,0.01801424392367179,0.09257920759609639,0.04957264957264962,0.005077778209185424,0.01837124434873194
German Credit,R4_F4,4,4,credit_history,1,1,0.028148148148148144,0.05473774305358792,0.08364399780464243,0.04615384615384621,0.009857057438271366,0.02403867579615626
German Credit,R4_F4,4,4,credit_history,2,1,0.023133903133903067,0.054740930153095224,0.0063280816598951795,0.0039886039886041225,0.009195974519393219,0.018517857709179575
German Credit,R4_F4,4,4,credit_history,3,1,0.010142450142450188,0.03485582252132702,0.02789086314394551,0.015384615384615441,0.0027422810023338684,0.007644405266688248
German Credit,R4_F4,4,4,credit_history,4,1,0.028262108262108288,0.05600505450418447,0.048033046728959305,0.027065527065527117,0.009663167837885123,0.024957351400690553
German Credit,R4_F4,4,4,credit_history,5,1,0.011623931623931605,0.025573169463318224,0.0,0.0,0.002891835439347318,0.008565988674501646
German Credit,R4_F4,4,4,purpose,1,1,0.013105413105413133,0.0583254105197718,0.07854953115416813,0.041880341880341954,0.0039265511678111265,0.011736958364648387
German Credit,R4_F4,4,4,purpose,2,1,0.0015954415954415602,0.025171240157033203,0.10752911960260608,0.05698005698005715,0.0012870570338142096,0.003127058311855002
German Credit,R4_F4,4,4,purpose,3,1,0.02723646723646722,0.07006626742397415,0.043011647841042444,0.02279202279202286,0.007913609199780097,0.025644730780263747
German Credit,R4_F4,4,4,purpose,4,1,0.005584045584045572,0.029835686334123257,0.07585429407325356,0.04245014245014245,0.0019902805652666222,0.006406604832562279
German Credit,R4_F4,4,4,purpose,5,1,0.012877492877492847,0.05049929269393394,0.026367260386242153,0.0156695156695158,0.0027264288560102656,0.011495951374544844
German Credit,R4_F4,4,4,savings,1,1,0.002849002849002802,0.002215832041614907,0.01852919075660009,0.011965811965812145,0.00033587980756605296,0.0008869563869170483
German Credit,R4_F4,4,4,savings,2,1,0.022222222222222143,0.0565342030243956,0.021505823920521194,0.01139601139601143,0.006800462210548197,0.017298247916020637
German Credit,R4_F4,4,4,savings,3,1,0.020284900284900154,0.05301447521800429,0.06193906212196165,0.03475783475783478,0.009716625473338514,0.020767300898514307
German Credit,R4_F4,4,4,savings,4,1,0.022678062678062716,0.05583192825226824,0.024410998258745042,0.015954415954416046,0.0073149881745668555,0.0171398284138079
German Credit,R4_F4,4,4,savings,5,1,0.009458689458689551,0.017720979167202944,0.07739013761928126,0.04216524216524231,0.0030299556758228707,0.007241750870013386
German Credit,R4_F4,4,4,employment_duration,1,1,0.006495726495726495,0.008286211302464208,0.021505823920521194,0.01139601139601143,0.0008467814983565691,0.002032548179561111
German Credit,R4_F4,4,4,employment_duration,2,1,0.006609686609686638,0.0031007031126387696,0.04182647644284515,0.023076923076923217,0.001791730327073665,0.004739755150600156
German Credit,R4_F4,4,4,employment_duration,3,1,0.014131054131054088,0.022844029598193982,0.0323611865399126,0.01965811965811981,0.004007772153815564,0.009076362609004685
German Credit,R4_F4,4,4,employment_duration,4,1,-0.0031908831908832314,-0.002772041725395802,-0.007583072681089598,-0.0037037037037036535,-0.0014686939341985727,-0.005561038107151806
German Credit,R4_F4,4,4,employment_duration,5,1,0.006153846153846176,0.015313139112484886,0.02789086314394551,0.015384615384615441,0.002116792431689274,0.004154283584176577
German Credit,R4_F4,4,4,personal_status_sex,1,1,-0.008091168091168055,-0.01244965540621601,-0.015234699824155096,-0.007407407407407307,-0.003248510907893437,-0.007950132004642174
German Credit,R4_F4,4,4,personal_status_sex,2,1,-0.0181196581196581,-0.029259174879523897,-0.006486432699938038,-0.0039886039886039,-0.007798939814942507,-0.017197625002641048
German Credit,R4_F4,4,4,personal_status_sex,3,1,-0.007407407407407418,-0.03135172311389367,-0.0013630105719996122,0.0002849002849003579,-0.004423950236645741,-0.009457823877680627
German Credit,R4_F4,4,4,personal_status_sex,4,1,-0.01538461538461533,-0.028659872500198413,0.013950078277724876,0.007692307692307776,-0.005806705095495024,-0.014189529404548096
German Credit,R4_F4,4,4,personal_status_sex,5,1,-0.015156695156695155,-0.028239142738748613,-0.013963469955477426,-0.007692307692307665,-0.0060958095583616145,-0.014727036658106207
German Credit,R4_F4,4,4,other_debtors,1,1,0.009686609686609615,-0.00601515485749804,0.04380277594572146,0.022507122507122612,0.004510321000184253,0.010858444356958374
German Credit,R4_F4,4,4,other_debtors,2,1,0.004900284900284824,-0.015275042515087267,0.043011647841042444,0.02279202279202286,0.0021332794671863886,0.006056458150661026
German Credit,R4_F4,4,4,other_debtors,3,1,0.006381766381766352,0.0019017085130432765,0.04380277594572146,0.022507122507122612,0.003244609058108805,0.00662553042630909
German Credit,R4_F4,4,4,other_debtors,4,1,0.0069515669515669565,0.0035409974365010477,0.04380277594572146,0.022507122507122612,0.00218718550131225,0.005531434058202944
German Credit,R4_F4,4,4,other_debtors,5,1,0.0077492877492877366,0.0027741154118436917,0.028998079476425798,0.015099715099715194,0.0025829966205827004,0.0067682180582480655
German Credit,R4_F4,4,4,property,1,1,-0.0017094017094017033,-0.0025613348981311512,0.02236535736382017,0.011111111111111183,-5.9890675404988825e-05,0.0001692129624721872
German Credit,R4_F4,4,4,property,2,1,0.011965811965812034,0.02119550415381999,0.05788750724476427,0.030199430199430277,0.0030131094905949674,0.007852937245651337
German Credit,R4_F4,4,4,property,3,1,-0.0010256410256410664,0.014646190572144335,0.007517304760474186,0.0037037037037037646,-0.0017551612446667364,-0.0031637246474367497
German Credit,R4_F4,4,4,property,4,1,-0.0023931623931623403,0.009735855787492143,-0.006486432699938038,-0.0039886039886039,-0.0013286462969689938,-0.00445604816422257
German Credit,R4_F4,4,4,property,5,1,0.0011396011396012096,0.008761501226460133,0.05112036521192481,0.026210826210826266,0.0005718008238868311,-0.001707120253043204
German Credit,R4_F4,4,4,other_installment_plans,1,1,0.006837606837606813,0.009610094289418392,-0.013963469955477426,-0.007692307692307665,0.0010178386546662033,0.007655326487975511
German Credit,R4_F4,4,4,other_installment_plans,2,1,0.008433048433048373,-0.011201985385040025,-0.013963469955477426,-0.007692307692307665,0.0001210671271200392,0.00789647539892735
German Credit,R4_F4,4,4,other_installment_plans,3,1,0.007179487179487243,-0.011121368469694248,-0.034555921005295975,-0.01937321937321923,-0.0010790122586081252,0.004529978023921133
German Credit,R4_F4,4,4,other_installment_plans,4,1,0.007977207977208023,-0.0014549337506577498,-0.02050947979998241,-0.011680911680911565,0.0008923271002851951,0.009095439075890333
German Credit,R4_F4,4,4,other_installment_plans,5,1,0.013903133903133913,-0.005383061211219897,-0.006486432699938038,-0.0039886039886039,0.001970702115307199,0.011551532018764243
German Credit,R4_F4,4,4,housing,1,1,0.0015954415954416712,0.01642224421157079,-0.0013630105719996122,0.0002849002849003579,0.0018180939260915019,0.004461922795681084
German Credit,R4_F4,4,4,housing,2,1,0.004216524216524187,0.014919972852153074,-0.0013630105719996122,0.0002849002849003579,0.0024889855608823397,0.004222791920094338
German Credit,R4_F4,4,4,housing,3,1,0.002165242165242165,0.0116442875758338,0.0063280816598951795,0.0039886039886041225,0.0005311864459419113,0.0013271530755948335
German Credit,R4_F4,4,4,housing,4,1,0.0047863247863247915,0.017904239733201766,0.0,0.0,0.0028067057505322124,0.004949877493662214
German Credit,R4_F4,4,4,housing,5,1,-0.005014245014244967,0.004748410362507727,0.0063280816598951795,0.0039886039886041225,-0.0014596819562039676,-0.004972595321654005
German Credit,R4_F4,4,4,job,0,0,0.0,0.0,0.0,0.0,0.0,0.0
German Credit,R4_F4,4,4,telephone,0,0,0.0,0.0,0.0,0.0,0.0,0.0
German Credit,R4_F4,4,4,foreign_worker,1,1,0.005356125356125396,0.0018198234261816992,0.021505823920521194,0.01139601139601143,0.002012191930661017,0.004814178767430566
German Credit,R4_F4,4,4,foreign_worker,2,1,0.011737891737891748,0.010602286866440935,0.021505823920521194,0.01139601139601143,0.002896134277069945,0.009428438531204453
German Credit,R4_F4,4,4,foreign_worker,3,1,0.008547008547008628,0.006628501211907167,0.04182647644284515,0.023076923076923217,0.0028468574075384834,0.007172562796457893
German Credit,R4_F4,4,4,foreign_worker,4,1,0.001481481481481528,-0.0010208742391387693,-0.007583072681089598,-0.0037037037037036535,-0.00015386608590770012,0.0014848003415675604
German Credit,R4_F4,4,4,foreign_worker,5,1,0.00433048433048433,0.0014172429494646588,0.021505823920521194,0.01139601139601143,0.0007408254558923244,0.0023283668970184856
German Credit,R4_F4,4,4,duration,1,1,0.029401709401709497,0.05042719540728979,0.08602329568208483,0.04558404558404572,0.010017081968735908,0.02287561986262776
German Credit,R4_F4,4,4,duration,2,1,0.03031339031339031,0.07248050518386107,0.10661070696511232,0.057264957264957284,0.010796741063927195,0.026192258572632188
German Credit,R4_F4,4,4,duration,3,1,0.027806267806267826,0.05397081542309834,0.12161583307179702,0.06467236467236481,0.009113626425379856,0.023157310101605044
German Credit,R4_F4,4,4,duration,4,1,0.048660968660968695,0.07698871423364351,0.1639064075130378,0.08774928774928781,0.01839353080071593,0.04679418164537563
German Credit,R4_F4,4,4,duration,5,1,0.05754985754985753,0.09773012762509059,0.17046374053536556,0.09173789173789182,0.020875275615584582,0.04889953559775273
German Credit,R4_F4,4,4,amount,1,1,0.02051282051282055,0.05203948411249937,0.048033046728959305,0.027065527065527117,0.008330397264686984,0.014950880810720268
German Credit,R4_F4,4,4,amount,2,1,0.010940170940170968,0.015437165552006582,0.0323611865399126,0.01965811965811981,0.0034690345730682137,0.00893780838301883
German Credit,R4_F4,4,4,amount,3,1,0.01652421652421654,0.009261434823939929,0.07101642611204612,0.03817663817663819,0.0060192994470832095,0.016276316400171797
German Credit,R4_F4,4,4,amount,4,1,0.03031339031339031,0.06585022618240222,0.07934548722633172,0.04159544159544171,0.011341992572749898,0.025660376455801326
German Credit,R4_F4,4,4,amount,5,1,0.01857549857549856,0.029938236443999844,0.09136461941439372,0.049857549857549976,0.006399528065145987,0.016180397738233987
German Credit,R4_F4,4,4,installment_rate,1,1,-0.002962962962962945,0.032524056328359086,-0.009126132274475285,-0.0034188034188032956,-0.000537470424011588,-0.0019889951232210934
German Credit,R4_F4,4,4,installment_rate,2,1,0.00011396011396014316,0.02330611216201406,-0.024880680608761474,-0.010826210826210714,4.0226132611953513e-05,-0.00039691074795761283
German Credit,R4_F4,4,4,installment_rate,3,1,0.006153846153846176,0.0461601632809332,0.02023173293542274,0.011680911680911787,0.0024809689102127386,0.006654806849533845
German Credit,R4_F4,4,4,installment_rate,4,1,0.0033048433048433745,0.03773040307400799,-0.04301164784104239,-0.022792022792022637,0.0010014850240688544,-0.0006800025697797363
German Credit,R4_F4,4,4,installment_rate,5,1,-0.0047863247863247915,0.03671057537501898,-0.030755199747914408,-0.014814814814814725,-0.0011594734229531944,-0.0022370056202823396
German Credit,R4_F4,4,4,present_residence,0,0,0.0,0.0,0.0,0.0,0.0,0.0
German Credit,R4_F4,4,4,age,1,1,0.009800569800569758,0.016079366723403155,0.04182647644284515,0.023076923076923217,0.003371582805644202,0.007939064118213102
German Credit,R4_F4,4,4,age,2,1,0.010142450142450188,0.024722800618899865,0.050478854192377354,0.026495726495726624,0.0033543140802988203,0.008734280634032754
German Credit,R4_F4,4,4,age,3,1,0.012535612535612528,0.02243834136328282,0.013950078277724876,0.007692307692307776,0.0037168831613566544,0.009376371716295129
German Credit,R4_F4,4,4,age,4,1,0.014017094017093945,0.021791105795450516,0.050478854192377354,0.026495726495726624,0.005407333472770948,0.01201250361116546
German Credit,R4_F4,4,4,age,5,1,0.011509971509971462,0.007775713784107907,0.02236535736382017,0.011111111111111183,0.0030395900846108548,0.007880920551207371
German Credit,R4_F4,4,4,number_credits,0,0,0.0,0.0,0.0,0.0,0.0,0.0
German Credit,R4_F4,4,4,people_liable,0,0,0.0,0.0,0.0,0.0,0.0,0.0
German Credit,R4_F5,4,5,status,1,1,0.11352598348712961,0.14722202486814912,0.10966846514687811,0.058766391452161226,0.032563926133626964,0.09209102079444947
German Credit,R4_F5,4,5,status,2,1,0.09215638659543457,0.11155626537825336,0.06604690472940228,0.04273919378338997,0.026774659880365925,0.07828574956081774
German Credit,R4_F5,4,5,status,3,1,0.08341427877610486,0.06514586346897161,0.141617186705822,0.07600777076250609,0.019826683131965256,0.06142631820011707
German Credit,R4_F5,4,5,status,4,1,0.07236522583778526,0.03793431564182015,0.05905152287185328,0.03763963088878086,0.014413997877795903,0.05242789321884872
German Credit,R4_F5,4,5,status,5,1,0.08644973288003888,0.10532294947841464,0.09329281010493534,0.051724137931034475,0.023222886875928606,0.06501204127777144
German Credit,R4_F5,4,5,credit_history,1,1,0.015541525012141788,-0.01895069465803645,-0.009997187399137852,-0.0019426906265177513,0.000966111906686079,0.008538521261461762
German Credit,R4_F5,4,5,credit_history,2,1,-0.014084507042253502,-0.03894053467929359,-0.003355943096837899,0.0031568722680912487,-0.0036862618412895898,-0.00899964717305668
German Credit,R4_F5,4,5,credit_history,3,1,-0.011534725594949058,-0.04385717524381394,-0.07916634690119884,-0.03994657600777085,-0.004621889953395963,-0.009704675036175725
German Credit,R4_F5,4,5,credit_history,4,1,-0.006677999028654735,-0.007509805403833614,-0.07291094837442014,-0.03484701311316185,-0.0021949019662642066,-0.00416378405696749
German Credit,R4_F5,4,5,credit_history,5,1,0.02464788732394363,0.03552614911657659,0.02352600928691506,0.012141816415735751,0.00883410020457448,0.019928628039593443
German Credit,R4_F5,4,5,purpose,1,1,0.018698397280233037,0.01843899898485457,0.015320721992068409,0.008620689655172376,0.004260779321116931,0.014407355716059278
German Credit,R4_F5,4,5,purpose,2,1,0.011534725594949058,0.010662815732994768,0.00818897148475245,0.0035211267605633756,0.0029731034011972746,0.008514235688899696
German Credit,R4_F5,4,5,purpose,3,1,0.049781447304516724,0.053650918721795005,0.061802204128471705,0.03448275862068961,0.014327986139534149,0.03995602989581054
German Credit,R4_F5,4,5,purpose,4,1,0.031083050024283576,0.025768454209155855,0.02352600928691506,0.012141816415735751,0.008024360831690058,0.024901736324962565
German Credit,R4_F5,4,5,purpose,5,1,0.033147158814958666,0.020435827432894738,-0.030350959156843604,-0.007406508013598878,0.006863510200957962,0.02764061383445765
German Credit,R4_F5,4,5,savings,1,1,0.030961631860126237,0.042332141439544,0.03894248921538518,0.020762506070908127,0.009709011985277044,0.024863759444661626
German Credit,R4_F5,4,5,savings,2,1,0.029018941233608597,0.0574814378245021,0.08573533463767491,0.046624575036425475,0.00999694471432383,0.02496607346113061
German Credit,R4_F5,4,5,savings,3,1,0.006313744536182497,0.011241165571209577,0.016270856730309424,0.007042253521126751,0.0033842295621932528,0.006998791764780632
German Credit,R4_F5,4,5,savings,4,1,0.025740650801359788,0.03757938625544621,-0.009997187399137852,-0.0019426906265177513,0.007824364064030837,0.023784730344275917
German Credit,R4_F5,4,5,savings,5,1,0.02343370568237002,0.010341870941353304,0.06296243997896467,0.031325886352598364,0.0062003480380247444,0.019430098172473376
German Credit,R4_F5,4,5,employment_duration,1,1,0.007527926177756217,0.014426175015016307,0.02352600928691506,0.012141816415735751,0.0025478017729670677,0.00928897228331721
German Credit,R4_F5,4,5,employment_duration,2,1,0.011777561923263624,0.02314340065674647,0.0070020531123061724,0.005099562894609,0.003920511216762429,0.011806287917487113
German Credit,R4_F5,4,5,employment_duration,3,1,0.007892180670228233,-0.0029509392029228865,0.015320721992068409,0.008620689655172376,0.0021101890834836212,0.008386137506490698
German Credit,R4_F5,4,5,employment_duration,4,1,0.00400679941719273,-0.008799858728079535,0.02238982611418877,0.013720252549781375,0.0014655488407375183,0.006073770163203207
German Credit,R4_F5,4,5,employment_duration,5,1,0.008377853326857698,0.01188580595853539,-0.003355943096837899,0.0031568722680912487,0.0018289844062651384,0.0071764111316602874
German Credit,R4_F5,4,5,personal_status_sex,1,1,-0.0019426906265177513,0.009507233770232437,-0.008301045231248416,-0.0035211267605633756,0.0005965696735878712,0.0004154221737541208
German Credit,R4_F5,4,5,personal_status_sex,2,1,-0.00303545410393391,0.0023148963507367837,0.0070020531123061724,0.005099562894609,0.00024382799941252697,-0.0005435515097793608
German Credit,R4_F5,4,5,personal_status_sex,3,1,0.012991743564837233,0.022559861841679796,-0.0070749348940182255,-0.005099562894609,0.003950226497797915,0.009615816595530957
German Credit,R4_F5,4,5,personal_status_sex,4,1,0.011777561923263624,0.02091456669052494,-0.0070749348940182255,-0.005099562894609,0.0022576148902701265,0.007203040887038437
German Credit,R4_F5,4,5,personal_status_sex,5,1,0.001699854298203074,0.010542298623905655,0.013935943110065352,0.010199125789218,0.0013028520991653358,0.0037217203405464083
German Credit,R4_F5,4,5,other_debtors,1,1,0.016998542982030074,0.02491155899008013,0.015320721992068409,0.008620689655172376,0.0057974519569386485,0.015181716161327186
German Credit,R4_F5,4,5,other_debtors,2,1,0.009470616804273968,0.018127798087627878,-0.03740752871826136,-0.022340942204953973,0.0027316478238884334,0.007643649175756162
German Credit,R4_F5,4,5,other_debtors,3,1,0.006192326372025159,0.02273334577073516,0.0,0.0,0.002443620384412648,0.007191370698657551
German Credit,R4_F5,4,5,other_debtors,4,1,0.01238465274405054,0.026312943656996546,-0.0070749348940182255,-0.005099562894609,0.004137209502166367,0.010566465942278114
German Credit,R4_F5,4,5,other_debtors,5,1,-0.00024283632831467727,-0.0007196273936762587,-0.02227180367556103,-0.013720252549781486,-0.0008806999813411875,-0.0016513342181442847
German Credit,R4_F5,4,5,property,1,1,-0.005099562894609111,0.00037116449138585583,-0.038679140118479116,-0.020762506070908238,-0.0014583512967808465,-0.004670065752016894
German Credit,R4_F5,4,5,property,2,1,0.017969888295288894,0.0059904122164573526,0.03894248921538518,0.020762506070908127,0.0036838213616013638,0.009678253598335573
German Credit,R4_F5,4,5,property,3,1,0.013477416221466698,0.009920996228981127,-0.038679140118479116,-0.020762506070908238,0.0031450117000052236,0.007929169538404557
German Credit,R4_F5,4,5,property,4,1,0.008377853326857587,0.010880844601374728,0.02352600928691506,0.012141816415735751,0.0015978081814659595,0.003259920457629628
German Credit,R4_F5,4,5,property,5,1,0.005949490043710481,0.0038126391429974538,-0.0070749348940182255,-0.005099562894609,0.0018258819629760337,0.004130050822268638
German Credit,R4_F5,4,5,other_installment_plans,1,1,0.0122632345798932,0.0053806265756942695,-0.015245084316863333,-0.008620689655172487,0.002403789755708402,0.008378449321505832
German Credit,R4_F5,4,5,other_installment_plans,2,1,0.01129188926663427,0.015178969925699115,0.030723505086811098,0.017241379310344862,0.004781804043881177,0.011929635864938615
German Credit,R4_F5,4,5,other_installment_plans,3,1,0.011777561923263624,-0.0012109530119842615,-0.008301045231248416,-0.0035211267605633756,0.003643429966390055,0.01046698738616153
German Credit,R4_F5,4,5,other_installment_plans,4,1,0.01542010684798445,0.016049559152817028,0.04705201857383012,0.024283632831471613,0.004833161342433362,0.013341996529166178
German Credit,R4_F5,4,5,other_installment_plans,5,1,0.012991743564837233,0.013067853422686904,0.0,0.0,0.0034458880361619426,0.010683059729010569
German Credit,R4_F5,4,5,housing,1,1,-0.012141816415735862,-0.019223870485165495,-0.05554457967788201,-0.0278047595920351,-0.003987520146244844,-0.009956161236058358
German Credit,R4_F5,4,5,housing,2,1,-0.0021855269548325396,0.005437485349478632,0.00535605712108167,0.006677999028654624,0.00026588265984917037,-0.0001723812398647384
German Credit,R4_F5,4,5,housing,3,1,-0.01444876153472574,-0.01908871106794119,-0.0014353675079634698,0.0015784361340455133,-0.002380875185742204,-0.008909936828141563
German Credit,R4_F5,4,5,housing,4,1,-0.0014570179698882857,0.0006246359275849933,0.013935943110065352,0.010199125789218,-0.00025103049995420235,-0.0012732920233078926
German Credit,R4_F5,4,5,housing,5,1,-0.001335599805730947,0.0005606639899224941,-0.03393031790834106,-0.014084507042253613,0.0005625816105378212,-0.0002113362504231886
German Credit,R4_F5,4,5,job,0,0,0.0,0.0,0.0,0.0,0.0,0.0
German Credit,R4_F5,4,5,telephone,0,0,0.0,0.0,0.0,0.0,0.0,0.0
German Credit,R4_F5,4,5,foreign_worker,1,1,0.00012141816415733864,0.003468482277880658,-0.016719398862198698,-0.007042253521126862,0.0005669350646125559,0.0013509673167171332
German Credit,R4_F5,4,5,foreign_worker,2,1,0.012991743564837233,0.010615541920883098,0.015320721992068409,0.008620689655172376,0.003661087136384439,0.009991603361820312
German Credit,R4_F5,4,5,foreign_worker,3,1,0.004371053909664857,0.007840595555720142,-0.008301045231248416,-0.0035211267605633756,0.0013931779596306482,0.004904202912257127
German Credit,R4_F5,4,5,foreign_worker,4,1,0.003763963088878053,0.004168458964056154,-0.008301045231248416,-0.0035211267605633756,0.0012547450140864835,0.0030676006107598908
German Credit,R4_F5,4,5,foreign_worker,5,1,0.007406508013598767,0.01125060870126171,0.0,0.0,0.0025928830681079262,0.006072577256335754
German Credit,R4_F5,4,5,duration,1,1,0.02865468674113647,0.030057638820379373,-0.0014353675079634698,0.0015784361340455133,0.007757629231190721,0.02019241827133661
German Credit,R4_F5,4,5,duration,2,1,0.0467459932005827,0.06638681359188536,0.02425041307779574,0.010563380281690127,0.013978442754291664,0.03780270694081017
German Credit,R4_F5,4,5,duration,3,1,0.05220981058766394,0.07677046744354549,0.07816640903582084,0.041525012141816364,0.01465786789144169,0.03815611487422771
German Credit,R4_F5,4,5,duration,4,1,0.018698397280233037,0.006813182336769419,-0.015245084316863333,-0.008620689655172487,0.0024694063608504124,0.010328474122554165
German Credit,R4_F5,4,5,duration,5,1,0.033268576979116005,0.040861488321983996,0.0938654069806455,0.05014570179698874,0.010506517605828491,0.028444222881904346
German Credit,R4_F5,4,5,amount,1,1,0.04601748421563867,0.04244388523874387,0.07816640903582084,0.041525012141816364,0.011247923570293833,0.02807092515588877
German Credit,R4_F5,4,5,amount,2,1,0.028169014084507005,0.024227456023059868,0.03894248921538518,0.020762506070908127,0.006385701926720333,0.018343703899014463
German Credit,R4_F5,4,5,amount,3,1,0.04711024769305483,0.055488403407076003,0.10192519469121564,0.05208839242350649,0.012406274829689146,0.03158101718304368
German Credit,R4_F5,4,5,amount,4,1,0.030475959203496883,0.03638409742956639,0.03162302728636823,0.015662943176299127,0.007257452305595019,0.020432438606207526
German Credit,R4_F5,4,5,amount,5,1,0.026104905293831915,0.02137126942145995,0.03162302728636823,0.015662943176299127,0.005193489741136176,0.015178132782823484
German Credit,R4_F5,4,5,installment_rate,1,1,0.008256435162700249,0.007525785666004925,-0.0070749348940182255,-0.005099562894609,0.0038466161805908172,0.009790941118603624
German Credit,R4_F5,4,5,installment_rate,2,1,0.016634288489558058,0.022449891132264588,-0.0070749348940182255,-0.005099562894609,0.005347505378137191,0.012809943774857613
German Credit,R4_F5,4,5,installment_rate,3,1,0.018941233608547825,0.030663450321962715,0.00818897148475245,0.0035211267605633756,0.005943378402827992,0.013315206086030262
German Credit,R4_F5,4,5,installment_rate,4,1,0.010563380281690127,0.00477071909597071,0.02238982611418877,0.013720252549781375,0.0035097532922072072,0.009193825635235242
German Credit,R4_F5,4,5,installment_rate,5,1,-0.002671199611461894,0.009694214651562727,-0.02227180367556103,-0.013720252549781486,0.0007923576031331758,0.00028474685502860586
German Credit,R4_F5,4,5,present_residence,0,0,0.0,0.0,0.0,0.0,0.0,0.0
German Credit,R4_F5,4,5,age,1,1,0.007406508013598767,-0.005888795070445152,-0.02352600928691506,-0.012141816415735751,0.0010849978404010585,0.005971451333761257
German Credit,R4_F5,4,5,age,2,1,0.022098105876639185,0.0057928769772772615,-0.009997187399137852,-0.0019426906265177513,0.005014339175489629,0.018185232958370323
German Credit,R4_F5,4,5,age,3,1,0.004371053909664857,-0.008057325814059602,-0.02352600928691506,-0.012141816415735751,-0.00010431289238069241,0.005043704102402735
German Credit,R4_F5,4,5,age,4,1,0.007770762506070894,0.000331967392093957,0.0070020531123061724,0.005099562894609,0.0009987978429854827,0.0077892212656683335
German Credit,R4_F5,4,5,age,5,1,-0.004006799417192841,-0.007218723229517887,-0.0014353675079634698,0.0015784361340455133,-0.0005979414167607555,-0.0017372226774333699
German Credit,R4_F5,4,5,number_credits,0,0,0.0,0.0,0.0,0.0,0.0,0.0
German Credit,R4_F5,4,5,people_liable,0,0,0.0,0.0,0.0,0.0,0.0,0.0
German Credit,R5_F1,5,1,status,1,1,0.10565476190476197,0.14502486068417508,0.15981795140395813,0.08680555555555558,0.030504285045735713,0.07517046711664921
German Credit,R5_F1,5,1,status,2,1,0.09064980158730163,0.10461205306387533,0.12810234159702183,0.06894841269841279,0.02609573413232888,0.07048446933634533
German Credit,R5_F1,5,1,status,3,1,0.13665674603174605,0.1626420530888485,0.18669640874799248,0.10317460317460325,0.04246173574979961,0.11022021398075665
German Credit,R5_F1,5,1,status,4,1,0.07601686507936523,0.11658385573227248,0.11415567957425582,0.06200396825396837,0.021806362979490235,0.05293244259397578
German Credit,R5_F1,5,1,status,5,1,0.1060267857142857,0.16747111335327342,0.16446078917576956,0.08829365079365081,0.033065726623434155,0.08305467752878137
German Credit,R5_F1,5,1,credit_history,1,1,0.032614087301587213,0.04827371789689916,0.0,0.0,0.008859059307448458,0.026659511107449685
German Credit,R5_F1,5,1,credit_history,2,1,0.044642857142857206,0.07639846034269315,0.022831135914851197,0.012400793650793718,0.013942290229726928,0.03248512716756091
German Credit,R5_F1,5,1,credit_history,3,1,0.01574900793650791,0.04783536896924623,-0.037697705086662814,-0.019345238095238138,0.0036769960611177654,0.012002225060735283
German Credit,R5_F1,5,1,credit_history,4,1,0.02690972222222221,0.05462909700714624,-0.008283839800473425,-0.005456349206349187,0.008222480266605714,0.021450793611765218
German Credit,R5_F1,5,1,credit_history,5,1,0.02170138888888895,0.012684386320120367,-0.02283113591485114,-0.012400793650793718,0.006140387957866034,0.016669513645530265
German Credit,R5_F1,5,1,purpose,1,1,0.022073412698412676,0.011613501438459739,0.015547780188472415,0.008928571428571397,0.006857795569104513,0.02194756129639258
German Credit,R5_F1,5,1,purpose,2,1,0.023809523809523836,0.034393824834081044,0.008186910018626536,0.005456349206349187,0.006476522593177381,0.01754514494324655
German Credit,R5_F1,5,1,purpose,3,1,0.004216269841269882,-0.0016432063992031232,-0.023806871697286625,-0.014384920634920584,0.002592483614643648,0.006151509667212618
German Credit,R5_F1,5,1,purpose,4,1,0.031870039682539764,0.030090674041298837,0.07701383267656065,0.04265873015873023,0.008776230944760682,0.023803752412322354
German Credit,R5_F1,5,1,purpose,5,1,0.026413690476190466,0.029257238567391375,0.05281996213426099,0.028273809523809534,0.008741915221479907,0.02750585629511504
German Credit,R5_F1,5,1,savings,1,1,0.012524801587301626,0.04653217437327217,-0.016671882635446666,-0.010912698412698374,0.003810947801552167,0.014643198688087389
German Credit,R5_F1,5,1,savings,2,1,0.006572420634920584,0.046870953433747364,0.005969701340955369,0.0014880952380952328,0.0027048519654932213,0.009999317637480687
German Credit,R5_F1,5,1,savings,3,1,0.024553571428571397,0.05619979050946644,0.021563124372160125,0.01041666666666674,0.008549316609342605,0.020765518555473372
German Credit,R5_F1,5,1,savings,4,1,0.016989087301587324,0.05544030728482596,0.014447190432442414,0.00694444444444442,0.005865930244102313,0.015406892751319401
German Credit,R5_F1,5,1,savings,5,1,0.039434523809523836,0.06495560130729983,0.04424812240688353,0.022817460317460347,0.012481718432102523,0.03188333192685905
German Credit,R5_F1,5,1,employment_duration,1,1,0.01128472222222221,0.011503364505236369,0.014447190432442414,0.00694444444444442,0.0042913463375593985,0.011788138943945092
German Credit,R5_F1,5,1,employment_duration,2,1,0.024553571428571397,0.032675790539805405,0.026850779362393107,0.011904761904761862,0.009086250160343534,0.025612744963993073
German Credit,R5_F1,5,1,employment_duration,3,1,0.009176587301587324,0.01030557778152208,0.005969701340955369,0.0014880952380952328,0.0030869283317309093,0.008179643034146644
German Credit,R5_F1,5,1,employment_duration,4,1,0.0040922619047619735,0.023398873187365332,-0.00960694240958987,-0.007440476190476164,0.0026569357962351603,0.008459202073350047
German Credit,R5_F1,5,1,employment_duration,5,1,0.022197420634920695,0.042598970209850484,0.01995325187681235,0.008432539682539764,0.009100118285071429,0.02222764737507793
German Credit,R5_F1,5,1,personal_status_sex,1,1,0.0009920634920634885,-0.003875797587100771,-0.015519217334405366,-0.008928571428571397,0.0008657565267030654,0.0028848311014394445
German Credit,R5_F1,5,1,personal_status_sex,2,1,0.004836309523809534,0.00636749440464357,0.014447190432442414,0.00694444444444442,0.001661138944759416,0.0041223897256196795
German Credit,R5_F1,5,1,personal_status_sex,3,1,0.005704365079365115,0.015115370372207892,0.0072605091551500855,0.003472222222222321,0.002200157713973805,0.005891086867792716
German Credit,R5_F1,5,1,personal_status_sex,4,1,0.009052579365079416,0.015637565461603553,0.021563124372160125,0.01041666666666674,0.003605193190207079,0.009221229466739811
German Credit,R5_F1,5,1,personal_status_sex,5,1,0.005084325396825462,-0.007673353612680289,0.022831135914851197,0.012400793650793718,0.0014138934238751566,0.003110630423476146
German Credit,R5_F1,5,1,other_debtors,1,1,0.0004960317460317443,-0.006418519089487096,0.0,0.0,-0.00043489028897455984,0.00033166884186469625
German Credit,R5_F1,5,1,other_debtors,2,1,0.010912698412698485,0.009648227534035603,0.008186910018626536,0.005456349206349187,0.002713810504856806,0.007519443756954458
German Credit,R5_F1,5,1,other_debtors,3,1,-0.00037202380952383596,-0.001660385645105733,0.0,0.0,-0.00024388028832469932,-0.00035124002462294523
German Credit,R5_F1,5,1,other_debtors,4,1,0.007068452380952439,0.011640286919992193,0.03717822066535831,0.019345238095238138,0.002767300336508821,0.005084690334809794
German Credit,R5_F1,5,1,other_debtors,5,1,0.0013640873015873245,-0.005881983458483786,0.0,0.0,0.00026857352753856256,0.0010137670347752925
German Credit,R5_F1,5,1,property,1,1,-0.0033482142857143016,-0.013462039909939771,0.0,0.0,-0.0017713877467433747,-0.0034244457892117497
German Credit,R5_F1,5,1,property,2,1,0.010540674603174649,0.013391724675372196,0.008186910018626536,0.005456349206349187,0.002551793196725771,0.007239001373815612
German Credit,R5_F1,5,1,property,3,1,0.007688492063492092,0.012966379826587437,0.04424812240688353,0.022817460317460347,0.002773435180440237,0.007101561097381526
German Credit,R5_F1,5,1,property,4,1,-0.007316468253968256,0.013710911232525325,-0.04649186973201003,-0.02678571428571419,-0.0024198356379920294,-0.006746133511789321
German Credit,R5_F1,5,1,property,5,1,0.004712301587301626,0.0023013530225118872,0.0007451420048452118,0.001984126984126977,0.001028834398638906,0.0025148077572083594
German Credit,R5_F1,5,1,other_installment_plans,1,1,-0.010044642857142905,-0.035516088612764896,-0.02283113591485114,-0.012400793650793718,-0.003286664242992454,-0.006536292016371237
German Credit,R5_F1,5,1,other_installment_plans,2,1,-0.010044642857142794,-0.022415617147092837,-0.02283113591485114,-0.012400793650793718,-0.0018005088831078153,-0.0020971078327805537
German Credit,R5_F1,5,1,other_installment_plans,3,1,-0.0037202380952381375,-0.03460764493402979,-0.023806871697286625,-0.014384920634920584,-0.0015239653923182495,-0.0013721658945457516
German Credit,R5_F1,5,1,other_installment_plans,4,1,0.0007440476190476719,-0.030102787833661382,0.021563124372160125,0.01041666666666674,0.0006937157494632806,0.0026747846580243984
German Credit,R5_F1,5,1,other_installment_plans,5,1,-0.007936507936507908,-0.04200210803442561,0.014447190432442414,0.00694444444444442,-0.0034458011154693546,-0.006325141282988722
German Credit,R5_F1,5,1,housing,1,1,-0.00037202380952372494,0.0009709750355691993,-0.016671882635446666,-0.010912698412698374,0.00023578458056672247,-0.00012074721558197332
German Credit,R5_F1,5,1,housing,2,1,-0.002728174603174538,-0.009014330826944805,0.021563124372160125,0.01041666666666674,-0.0011884816752444904,-0.0026126660155095793
German Credit,R5_F1,5,1,housing,3,1,0.001984126984127088,0.017854969335707405,0.0072605091551500855,0.003472222222222321,0.00013538213724811898,-0.00022573096860523112
German Credit,R5_F1,5,1,housing,4,1,0.005456349206349187,0.007490501502272928,0.022831135914851197,0.012400793650793718,0.0007807491549855217,0.0018178022244552672
German Credit,R5_F1,5,1,housing,5,1,0.0068204365079365115,0.008294504656121249,0.04424812240688353,0.022817460317460347,0.0022183653675677817,0.005878850403108649
German Credit,R5_F1,5,1,job,0,0,0.0,0.0,0.0,0.0,0.0,0.0
German Credit,R5_F1,5,1,telephone,0,0,0.0,0.0,0.0,0.0,0.0,0.0
German Credit,R5_F1,5,1,foreign_worker,1,1,0.015004960317460347,0.01793925759754844,0.022831135914851197,0.012400793650793718,0.004304042371255173,0.010169456864402293
German Credit,R5_F1,5,1,foreign_worker,2,1,0.00954861111111105,0.011337425450535954,0.03112921757127124,0.017857142857142905,0.0022141153274755354,0.005023628548553871
German Credit,R5_F1,5,1,foreign_worker,3,1,0.008308531746031744,0.013654031970111058,0.015547780188472415,0.008928571428571397,0.0021000820255626107,0.005887950726356339
German Credit,R5_F1,5,1,foreign_worker,4,1,0.00024801587301592765,-0.013285239328610365,0.0072605091551500855,0.003472222222222321,0.0001816403927947241,-9.969708006651867e-05
German Credit,R5_F1,5,1,foreign_worker,5,1,-0.0002480158730158166,0.0035369528442725784,-0.014755397534018166,-0.00694444444444442,-0.0003062415989896483,-0.0005829945886813293
German Credit,R5_F1,5,1,duration,1,1,0.04278273809523814,0.07113481063717875,0.10339678357814547,0.05456349206349209,0.014631794031826878,0.03121835295098363
German Credit,R5_F1,5,1,duration,2,1,0.05555555555555558,0.09572983596694018,0.11695732576645551,0.06150793650793651,0.021122575933360727,0.04487546225632033
German Credit,R5_F1,5,1,duration,3,1,0.050843253968253954,0.09217217842018044,0.06693312044160693,0.035218253968253954,0.01859363911692108,0.04529227722320728
German Credit,R5_F1,5,1,duration,4,1,0.04600694444444442,0.09527372525742595,0.10537131136410594,0.05654761904761907,0.01797989619200102,0.03859604637427916
German Credit,R5_F1,5,1,duration,5,1,0.0379464285714286,0.0826573294850882,0.021563124372160125,0.01041666666666674,0.014073158235813316,0.03106447484432806
German Credit,R5_F1,5,1,amount,1,1,0.025049603174603252,0.07006276245373322,0.012993802787957198,0.004960317460317443,0.009758471216343323,0.02622465578645672
German Credit,R5_F1,5,1,amount,2,1,0.0068204365079366225,0.017357239725944273,-0.0393134666118487,-0.02331349206349209,0.0032734588436694745,0.01026457295932004
German Credit,R5_F1,5,1,amount,3,1,0.03918650793650791,0.06449913045303102,0.09132454365940468,0.04960317460317465,0.013551294297429156,0.03359904403944969
German Credit,R5_F1,5,1,amount,4,1,0.03906250000000011,0.10156805930020296,0.030040235644705537,0.015873015873015817,0.01422104731966134,0.033391146251893655
German Credit,R5_F1,5,1,amount,5,1,0.028273809523809645,0.05073294639400672,0.035594547985504266,0.01736111111111116,0.010761691778438998,0.028516399351728117
German Credit,R5_F1,5,1,installment_rate,1,1,0.007564484126984183,0.030360125401394655,-0.00960694240958987,-0.007440476190476164,0.004107691920010842,0.009835078269975317
German Credit,R5_F1,5,1,installment_rate,2,1,0.015252976190476164,0.03738842455685509,0.028611285317357404,0.01388888888888895,0.005347289046833376,0.012950399337486818
German Credit,R5_F1,5,1,installment_rate,3,1,0.02070932539682535,0.08310042392068706,0.021563124372160125,0.01041666666666674,0.00806963816814893,0.018154697341696113
German Credit,R5_F1,5,1,installment_rate,4,1,0.009672619047619069,0.03189702113717008,-0.001121873662563222,-0.001984126984126977,0.003846253351366541,0.009640300947107383
German Credit,R5_F1,5,1,installment_rate,5,1,0.017857142857142905,0.0619590623355194,-0.023806871697286625,-0.014384920634920584,0.007535501183414478,0.01780350232666067
German Credit,R5_F1,5,1,present_residence,0,0,0.0,0.0,0.0,0.0,0.0,0.0
German Credit,R5_F1,5,1,age,1,1,0.013640873015873023,0.04335610078034835,-0.022257043306566637,-0.01041666666666663,0.0045981723023919285,0.010869702455024
German Credit,R5_F1,5,1,age,2,1,-0.0007440476190475609,0.0080375255710875,-0.03101487003338932,-0.017857142857142794,-0.0006481449033983178,0.0007248992636460505
German Credit,R5_F1,5,1,age,3,1,0.017857142857142905,0.06268231913650035,-0.001121873662563222,-0.001984126984126977,0.005639004379251189,0.012067521801701009
German Credit,R5_F1,5,1,age,4,1,0.006324404761904878,0.0016720072784444096,-0.007337530767146383,-0.00347222222222221,0.0021724751183430924,0.006150453821515245
German Credit,R5_F1,5,1,age,5,1,0.004216269841269882,0.018543039705432807,-0.015519217334405366,-0.008928571428571397,0.0011795919551216005,0.0031508517640108646
German Credit,R5_F1,5,1,number_credits,0,0,0.0,0.0,0.0,0.0,0.0,0.0
German Credit,R5_F1,5,1,people_liable,0,0,0.0,0.0,0.0,0.0,0.0,0.0
German Credit,R5_F2,5,2,status,1,1,0.1415384615384616,0.10426266080560853,0.22295361574427022,0.11263736263736257,0.040561506981321604,0.1115342805936761
German Credit,R5_F2,5,2,status,2,1,0.13032967032967036,0.131427491059685,0.26029675762538923,0.1335164835164835,0.04252370671923214,0.10860325370835577
German Credit,R5_F2,5,2,status,3,1,0.14340659340659345,0.12870618668929157,0.25542477496847815,0.1302197802197802,0.04340531224445787,0.1115071594678414
German Credit,R5_F2,5,2,status,4,1,0.09681318681318685,0.12417035967126133,0.18673419245095074,0.0945054945054945,0.03224939161688678,0.08120934850363226
German Credit,R5_F2,5,2,status,5,1,0.12351648351648359,0.10698344846447849,0.16301644494774475,0.08626373626373629,0.03697503321445747,0.10289191157651578
German Credit,R5_F2,5,2,credit_history,1,1,0.021538461538461617,0.037798413612114556,0.0757887564952236,0.03681318681318679,0.01067378190263607,0.022612829437944737
German Credit,R5_F2,5,2,credit_history,2,1,0.016373626373626493,0.004402653842586646,0.03153013599890386,0.014835164835164782,0.0038885672463684906,0.015894999718197744
German Credit,R5_F2,5,2,credit_history,3,1,0.024615384615384706,0.03473230118088422,0.03153013599890386,0.014835164835164782,0.009618605774391997,0.024164088618703783
German Credit,R5_F2,5,2,credit_history,4,1,0.014285714285714235,0.029511322441997723,0.035059265709745324,0.01813186813186818,0.00760370524668974,0.017214155837054324
German Credit,R5_F2,5,2,credit_history,5,1,0.01846153846153853,0.02211629784306801,-0.003372495619682614,-0.003296703296703396,0.007410503114891637,0.018893154955960223
German Credit,R5_F2,5,2,purpose,1,1,0.04142857142857148,0.0687254335688019,0.05879868049452064,0.02637362637362639,0.018517007523504214,0.03898906932926949
German Credit,R5_F2,5,2,purpose,2,1,0.022417582417582516,0.0517248733404001,0.014984442227958361,0.004395604395604269,0.010285370453439274,0.022849981554372456
German Credit,R5_F2,5,2,purpose,3,1,0.02472527472527486,0.015899567081929966,0.06278367537071394,0.029670329670329676,0.01030796686253152,0.025490832542141906
German Credit,R5_F2,5,2,purpose,4,1,0.030879120879121036,0.011735848678373628,0.035059265709745324,0.01813186813186818,0.0110385975175116,0.028484880912412525
German Credit,R5_F2,5,2,purpose,5,1,0.028461538461538538,0.0522159710879222,0.022209873127181146,0.01098901098901095,0.011738666326373742,0.025945219792698704
German Credit,R5_F2,5,2,savings,1,1,0.00593406593406598,0.01823084659190466,0.04441974625436235,0.02197802197802201,0.0059852844809058225,0.009192857407325006
German Credit,R5_F2,5,2,savings,2,1,0.010989010989011061,0.021617826322439693,0.0031911207349736848,0.003296703296703174,0.0036475391699695714,0.010980862044011719
German Credit,R5_F2,5,2,savings,3,1,-0.007582417582417511,0.03502596021794924,0.022209873127181146,0.01098901098901095,0.0017062822842227598,-0.005681624264084917
German Credit,R5_F2,5,2,savings,4,1,0.0143956043956045,0.03282111319423986,0.03153013599890386,0.014835164835164782,0.007321365429134696,0.01625648042732819
German Credit,R5_F2,5,2,savings,5,1,0.0060439560439561335,0.04505385331900602,0.06662961938154355,0.03296703296703296,0.0076799152649735525,0.00988572718841485
German Credit,R5_F2,5,2,employment_duration,1,1,0.009890109890109966,0.009347130072342558,0.02557244281046006,0.014285714285714346,0.005548290769509828,0.012885958936549424
German Credit,R5_F2,5,2,employment_duration,2,1,0.017582417582417742,0.02610316749347541,0.05365944624706376,0.025824175824175843,0.007770116641651753,0.017108114048487222
German Credit,R5_F2,5,2,employment_duration,3,1,-0.008021978021978016,-0.01642216429582688,-0.02637182573265534,-0.008241758241758323,-0.0005504055430274324,-0.0041229275541621035
German Credit,R5_F2,5,2,employment_duration,4,1,0.008681318681318717,0.008360554067739945,0.0031911207349736848,0.003296703296703174,0.005567782104203306,0.011537688634010945
German Credit,R5_F2,5,2,employment_duration,5,1,-0.0005494505494505475,-0.003794140269701818,0.0127654230084846,0.0071428571428571175,0.0006163550858716282,0.0007963826820747144
German Credit,R5_F2,5,2,personal_status_sex,1,1,-0.0018681318681318393,-0.001026456315540325,0.015953445269393796,0.010439560439560402,0.00103212383044346,0.0001543243636918934
German Credit,R5_F2,5,2,personal_status_sex,2,1,0.006483516483516638,0.001855779654710732,0.0031911207349736848,0.003296703296703174,0.002272304535687053,0.007123781962770526
German Credit,R5_F2,5,2,personal_status_sex,3,1,0.010219780219780428,0.006492039228015001,0.015953445269393796,0.010439560439560402,0.0047801026401919355,0.011072990005245864
German Credit,R5_F2,5,2,personal_status_sex,4,1,0.006373626373626484,0.006400218163360671,0.0031911207349736848,0.003296703296703174,0.0037571906930318755,0.00923684564571814
German Credit,R5_F2,5,2,personal_status_sex,5,1,0.008351648351648477,0.014967738622978843,0.0,0.0,0.004011995492642723,0.010149256067286672
German Credit,R5_F2,5,2,other_debtors,1,1,0.0071428571428572285,-0.0021351855456757107,0.0127654230084846,0.0071428571428571175,0.0006575394851182359,0.0037148974518953493
German Credit,R5_F2,5,2,other_debtors,2,1,0.004505494505494534,0.00033673909738340946,0.005863442214122716,0.0005494505494504365,0.00044299855348600703,0.0018568451178556655
German Credit,R5_F2,5,2,other_debtors,3,1,0.005714285714285783,0.010958219070017594,0.03153013599890386,0.014835164835164782,0.0010850904632901393,0.0035593019467345943
German Credit,R5_F2,5,2,other_debtors,4,1,0.007252747252747271,-0.006125191762708759,0.027841464192144727,0.011538461538461497,0.0009528523227038954,0.004045837623593118
German Credit,R5_F2,5,2,other_debtors,5,1,0.007362637362637536,0.01070939176818353,0.01867956137711624,0.007692307692307665,0.0013841991165491063,0.004906497737899085
German Credit,R5_F2,5,2,property,1,1,-0.0037362637362636786,0.011078008742799184,0.015953445269393796,0.010439560439560402,0.00028910451401120696,-0.00592057851822525
German Credit,R5_F2,5,2,property,2,1,-0.008571428571428452,-0.016152713551072284,-0.0578524710991552,-0.03516483516483515,-0.004733087981797945,-0.011970683762622003
German Credit,R5_F2,5,2,property,3,1,0.003296703296703396,0.018307692966152755,-0.028829796038603916,-0.01758241758241763,0.0003665641703013145,0.00135452719920226
German Credit,R5_F2,5,2,property,4,1,0.0006593406593408124,0.013404802631935886,-0.006922676905322778,-0.006593406593406681,0.0015714674984004529,0.0006824460502663499
German Credit,R5_F2,5,2,property,5,1,0.0005494505494505475,-0.0040748072394255486,-0.04152240467933799,-0.02472527472527475,1.897086432786632e-05,-0.0002354715821913933
German Credit,R5_F2,5,2,other_installment_plans,1,1,0.008791208791208871,0.004079061136847195,-0.01919020134051269,-0.007692307692307776,0.003419503206673974,0.014434764863800464
German Credit,R5_F2,5,2,other_installment_plans,2,1,0.0113186813186813,0.010122417636933001,0.0,0.0,0.0037005210983757364,0.015772635733175666
German Credit,R5_F2,5,2,other_installment_plans,3,1,0.008901098901098914,0.014410106469824213,0.0127654230084846,0.0071428571428571175,0.0038877723883318227,0.012071803832883421
German Credit,R5_F2,5,2,other_installment_plans,4,1,0.01505494505494509,0.014310564012447236,-0.03182226239403685,-0.014835164835164893,0.004534525736918232,0.018581423879263093
German Credit,R5_F2,5,2,other_installment_plans,5,1,0.003516483516483593,0.0009243808482476412,-0.009528419692776124,-0.0038461538461539435,0.0017092214034500341,0.007124229708088792
German Credit,R5_F2,5,2,housing,1,1,-0.009890109890109744,-0.013388805258375047,0.005863442214122716,0.0005494505494504365,-0.003867312705713555,-0.008490503526622173
German Credit,R5_F2,5,2,housing,2,1,-0.002087912087911925,0.013649000102890718,-0.003372495619682614,-0.003296703296703396,-0.0002602449289794695,0.0003541487635018159
German Credit,R5_F2,5,2,housing,3,1,-0.0009890109890110521,0.013561405744249577,0.022209873127181146,0.01098901098901095,0.0005587527924524605,0.000879729296582088
German Credit,R5_F2,5,2,housing,4,1,-0.00505494505494497,-0.0007838648227274092,-0.03182226239403685,-0.014835164835164893,-0.0008573903709262753,-0.0021000351753973634
German Credit,R5_F2,5,2,housing,5,1,0.0013186813186814028,0.009427383605513429,0.04441974625436235,0.02197802197802201,0.0013068421418921117,0.002547701494047372
German Credit,R5_F2,5,2,job,0,0,0.0,0.0,0.0,0.0,0.0,0.0
German Credit,R5_F2,5,2,telephone,0,0,0.0,0.0,0.0,0.0,0.0,0.0
German Credit,R5_F2,5,2,foreign_worker,1,1,-0.007362637362637314,-0.013013268811724599,-0.01272848449741587,-0.0071428571428572285,-0.0034019081675005503,-0.006462487764451907
German Credit,R5_F2,5,2,foreign_worker,2,1,-0.0026373626373625836,-0.0003434239795320204,0.0127654230084846,0.0071428571428571175,-0.0006852882637891633,-0.0016609431562796262
German Credit,R5_F2,5,2,foreign_worker,3,1,0.0009890109890111631,0.004699204921712941,0.005863442214122716,0.0005494505494504365,0.00031323469723917863,0.003396623886085637
German Credit,R5_F2,5,2,foreign_worker,4,1,0.007362637362637425,0.009209082766866938,0.01867956137711624,0.007692307692307665,0.002728775363678909,0.007587178881191314
German Credit,R5_F2,5,2,foreign_worker,5,1,-0.013406593406593337,-0.0192940520840984,-0.0222098731271812,-0.010989010989011061,-0.005383759667981325,-0.012542171500633192
German Credit,R5_F2,5,2,duration,1,1,0.02670329670329674,0.062466330199907105,0.005863442214122716,0.0005494505494504365,0.012192193710877347,0.028011518713387584
German Credit,R5_F2,5,2,duration,2,1,0.009890109890109966,-0.002184787249461695,0.03153013599890386,0.014835164835164782,0.004423600744353495,0.009996544374761496
German Credit,R5_F2,5,2,duration,3,1,0.012637362637362815,0.04045930100162343,0.00900922859404546,0.009890109890109855,0.005990608533732761,0.016168648142040665
German Credit,R5_F2,5,2,duration,4,1,-0.0012087912087910269,0.008695362664422723,0.019993315286915225,0.0049450549450549275,0.0003215409946690506,0.00047900163334524404
German Credit,R5_F2,5,2,duration,5,1,-0.010439560439560402,-0.0247689471313437,-0.04157152341599912,-0.018681318681318726,-0.004606254389371539,-0.009924792037188657
German Credit,R5_F2,5,2,amount,1,1,0.02758241758241775,0.007129675299175187,0.03290099586885625,0.012087912087912045,0.0073571709580159406,0.0244279275093503
German Credit,R5_F2,5,2,amount,2,1,0.02285714285714291,0.003992405437490132,0.04981948617016668,0.02252747252747256,0.006515556391366362,0.02087906408070006
German Credit,R5_F2,5,2,amount,3,1,0.012857142857143011,0.016221911711258308,-0.010647785302836998,-0.009890109890109966,0.004453857676418621,0.013600038706473194
German Credit,R5_F2,5,2,amount,4,1,0.016483516483516647,0.00825722913895266,0.05879868049452064,0.02637362637362639,0.005942052389107666,0.017009429750182714
German Credit,R5_F2,5,2,amount,5,1,0.03406593406593428,0.0305653886698376,0.04073161837391509,0.018681318681318615,0.012802588703868245,0.031251763698608936
German Credit,R5_F2,5,2,installment_rate,1,1,-0.007362637362637314,0.031664535422958995,-0.03893836011191326,-0.015384615384615441,0.0007253447999956419,-0.0008360238863613922
German Credit,R5_F2,5,2,installment_rate,2,1,-0.0007692307692307443,0.016505450123441734,-0.03809260174192125,-0.021428571428571463,0.0024535075249183524,0.006244180982187486
German Credit,R5_F2,5,2,installment_rate,3,1,0.0008791208791208982,0.03442701802009318,-0.028829796038603916,-0.01758241758241763,0.0029050405474644325,0.008505847019460444
German Credit,R5_F2,5,2,installment_rate,4,1,-0.005494505494505475,0.013874527795583846,-0.023431518292851727,-0.017032967032967083,-0.001268169855043022,-0.003692609733884633
German Credit,R5_F2,5,2,installment_rate,5,1,0.004505494505494645,0.03211409181197444,0.011126605283009627,0.001098901098901095,0.003299123349877864,0.010602407186581786
German Credit,R5_F2,5,2,present_residence,0,0,0.0,0.0,0.0,0.0,0.0,0.0
German Credit,R5_F2,5,2,age,1,1,-0.0128571428571429,-0.01378065025319597,-0.03485779474557571,-0.01813186813186818,-0.003046382860560859,-0.012135137679681551
German Credit,R5_F2,5,2,age,2,1,-0.015934065934065877,-0.023500084060836812,-0.01272848449741587,-0.0071428571428572285,-0.004564254520851102,-0.011449036402906843
German Credit,R5_F2,5,2,age,3,1,-0.006813186813186656,-0.012033032381355557,0.006196150400659517,0.00659340659340657,-0.0007680663948194388,-0.005489881208161074
German Credit,R5_F2,5,2,age,4,1,0.005054945054945081,0.01904619999693491,0.035059265709745324,0.01813186813186818,0.003595665084462324,0.009228614110850186
German Credit,R5_F2,5,2,age,5,1,-0.008131868131868059,-0.0035095266346173437,-0.03485779474557571,-0.01813186813186818,-0.002104000342374124,-0.005919262772373646
German Credit,R5_F2,5,2,number_credits,0,0,0.0,0.0,0.0,0.0,0.0,0.0
German Credit,R5_F2,5,2,people_liable,0,0,0.0,0.0,0.0,0.0,0.0,0.0
German Credit,R5_F3,5,3,status,1,1,0.07044115879312418,0.09425845834826818,0.09291614927052627,0.04808270224786626,0.01897529048831534,0.05206438771764377
German Credit,R5_F3,5,3,status,2,1,0.10289698281043391,0.11141557706360805,0.18532803958908606,0.09893015987498488,0.02756565655052723,0.07321322363014171
German Credit,R5_F3,5,3,status,3,1,0.10758504627960097,0.14504907357841207,0.1696897879703233,0.09045558360379846,0.03181055385139964,0.07725903880065765
German Credit,R5_F3,5,3,status,4,1,0.13883880274071403,0.1745759380461101,0.2165125240664708,0.11726169010698395,0.04010005098709227,0.10215385406853239
German Credit,R5_F3,5,3,status,5,1,0.11119124894819088,0.11986803010104441,0.12763410123199914,0.07272508714989767,0.028247169854091286,0.08096366186083626
German Credit,R5_F3,5,3,credit_history,1,1,0.024762591657651267,-0.0012892852308957758,0.04244740636694172,0.02680610650318549,0.005835246724320731,0.018728469816148174
German Credit,R5_F3,5,3,credit_history,2,1,0.05505469407380703,0.08643034042795184,0.08478751855080757,0.04453660295708617,0.01671431652013755,0.042631739262911195
German Credit,R5_F3,5,3,credit_history,3,1,0.014304603918740222,0.015513814140566629,-0.023229037317631596,-0.012020675561966732,0.004049603558973602,0.013085649861308113
German Credit,R5_F3,5,3,credit_history,4,1,0.026325279480706842,0.019636914171477726,0.029735944547976956,0.016949152542372836,0.007115995852340518,0.020031263728818027
German Credit,R5_F3,5,3,credit_history,5,1,0.026205072725087097,0.0486135689299817,0.018633967496584358,0.014785430941218869,0.007940537059906771,0.02156652674134024
German Credit,R5_F3,5,3,purpose,1,1,0.03437913210722454,0.04714750161612813,0.04865662470927401,0.031734583483591816,0.009634131554569297,0.02819205950558268
German Credit,R5_F3,5,3,purpose,2,1,0.020074528188484098,0.029823000469601624,-0.043664588094120715,-0.01773049645390068,0.004003347978618038,0.015123422661641628
German Credit,R5_F3,5,3,purpose,3,1,0.010457987738911045,0.005549644169545176,-0.014248871694214127,-0.0007813439115278431,0.0016629896402848565,0.007301976091119877
German Credit,R5_F3,5,3,purpose,4,1,0.03630244019713913,0.03945225488758042,0.051159579045632175,0.03035220579396558,0.008625992382362252,0.02619990439885972
German Credit,R5_F3,5,3,purpose,5,1,0.01899266738790728,0.042086327164390425,-0.002304329743212874,0.0013823776896261242,0.004987243416503528,0.013288051903585951
German Credit,R5_F3,5,3,savings,1,1,0.026325279480706842,0.02917916337564841,0.021199302995762004,0.013403053251592634,0.0064614744961135895,0.015736105761499863
German Credit,R5_F3,5,3,savings,2,1,0.03149416997235244,0.06585119455437394,0.057526598335495005,0.03528068277437191,0.010226260100235529,0.024109833490361443
German Credit,R5_F3,5,3,savings,3,1,0.02933044837119847,0.06969977675111283,0.006327590851749054,0.004928476980406216,0.009308309813722077,0.021754976381097968
German Credit,R5_F3,5,3,savings,4,1,0.0206755619665826,0.04344937462324072,0.018633967496584358,0.014785430941218869,0.006914646456149032,0.015333799693964756
German Credit,R5_F3,5,3,savings,5,1,0.026926313258805235,0.05853116472042719,-0.002304329743212874,0.0013823776896261242,0.00876963005831538,0.02245581120709672
German Credit,R5_F3,5,3,employment_duration,1,1,0.03017189566053613,0.052668053360548694,0.03360144165892531,0.023260007212405287,0.009702977194700368,0.022989777847442328
German Credit,R5_F3,5,3,employment_duration,2,1,0.005769924269743987,0.003007489248195494,-0.023229037317631596,-0.012020675561966732,0.0015271466789278099,0.0030759450040465652
German Credit,R5_F3,5,3,employment_duration,3,1,0.010818608005769947,-0.00026917727954423043,0.0037474954757557577,0.00631085467003234,0.0018972476659026016,0.005702894480551335
German Credit,R5_F3,5,3,employment_duration,4,1,0.008294266137756967,0.008715892825790106,-0.006446399273583314,-0.004928476980406327,0.0017210249675500278,0.003765524018139621
German Credit,R5_F3,5,3,employment_duration,5,1,0.005529510758504719,-0.007075329741844771,-0.002304329743212874,0.0013823776896261242,0.0006289823708423847,0.0038608371552651954
German Credit,R5_F3,5,3,personal_status_sex,1,1,0.007212405337179928,0.011293218511803982,-0.006446399273583314,-0.004928476980406327,0.0014985676218999822,0.004715229427270262
German Credit,R5_F3,5,3,personal_status_sex,2,1,-0.006010337780983366,-0.009680905415150098,-0.008479921761980924,-0.0035460992907802025,-0.0012619097325012874,-0.002557565653448335
German Credit,R5_F3,5,3,personal_status_sex,3,1,-0.0015626878230556862,-0.005808002392002298,-0.017080762844478903,-0.007092198581560294,-0.0011054472838838703,-0.00263461186368269
German Credit,R5_F3,5,3,personal_status_sex,4,1,-0.005649717514124242,-0.017351660914405875,-0.02951037861177558,-0.016949152542372947,-0.0027695426761017716,-0.006052097118210642
German Credit,R5_F3,5,3,personal_status_sex,5,1,-0.0032455824017310064,0.003694139966943455,-0.023229037317631596,-0.012020675561966732,-0.0006515393586269957,-0.0021746841204852707
German Credit,R5_F3,5,3,other_debtors,0,0,0.0,0.0,0.0,0.0,0.0,0.0
German Credit,R5_F3,5,3,property,1,1,0.023560524101454594,0.04709483359959987,0.04470293573473688,0.025423728813559254,0.007632252988253874,0.01816107631386188
German Credit,R5_F3,5,3,property,2,1,0.019112874143526914,0.027745054992821205,0.027453537260693994,0.01833153023199907,0.005664272195909953,0.012982073102370262
German Credit,R5_F3,5,3,property,3,1,0.005890131025363621,0.02510310882102451,0.0,0.0,0.0025850538562220693,0.006348202675104386
German Credit,R5_F3,5,3,property,4,1,0.013222743118163294,0.03682632068770564,-0.023229037317631596,-0.012020675561966732,0.0047726883244048335,0.010771152438370901
German Credit,R5_F3,5,3,property,5,1,0.012140882317586366,0.013337237038187455,0.029735944547976956,0.016949152542372836,0.0034859804504499547,0.009212257045267569
German Credit,R5_F3,5,3,other_installment_plans,1,1,0.0040870296910686665,0.007611409679155523,-0.031796781840178034,-0.015566774852746823,0.0014559034777367474,0.0034593658893849466
German Credit,R5_F3,5,3,other_installment_plans,2,1,0.008174059382137222,0.018251555503851158,-0.031796781840178034,-0.015566774852746823,0.0016610041879187853,0.003733771954086418
German Credit,R5_F3,5,3,other_installment_plans,3,1,0.01117922827262896,0.01959275451791731,-0.046458074635263136,-0.02404135112393324,0.002542379110635068,0.007640865028566479
German Credit,R5_F3,5,3,other_installment_plans,4,1,0.008775093160235725,0.015159307157500579,-0.08421492457800728,-0.04453660295708617,0.0011002594057211434,0.0043225209987328705
German Credit,R5_F3,5,3,other_installment_plans,5,1,0.01117922827262896,0.025155961954991146,0.0,0.0,0.0035692777815139742,0.006981380062204945
German Credit,R5_F3,5,3,housing,1,1,0.0008414472893376601,-0.012177663944092032,0.01661758006460895,0.007092198581560183,-0.001338982029604946,-0.002970482689778231
German Credit,R5_F3,5,3,housing,2,1,-0.0008414472893375491,-0.017118298870245408,0.008364185734667129,0.0035460992907800915,-0.0005409333358978308,1.6227583354955222e-05
German Credit,R5_F3,5,3,housing,3,1,0.0030051688904917384,0.0006387004116520378,0.014836938316216242,0.008474576271186418,0.0013335971027105264,0.0036324724156521215
German Credit,R5_F3,5,3,housing,4,1,0.006010337780983255,0.005879415001592947,0.02322903731763154,0.01202067556196651,0.000846336327359476,0.0011235218134542646
German Credit,R5_F3,5,3,housing,5,1,-0.0021637216011538563,-0.016225829012242676,-0.037925369421670074,-0.02049525183315315,-0.001937528977613151,-0.004598904726749231
German Credit,R5_F3,5,3,job,0,0,0.0,0.0,0.0,0.0,0.0,0.0
German Credit,R5_F3,5,3,telephone,1,1,0.0039668229354489215,0.003458828629046562,-0.017080762844478903,-0.007092198581560294,0.00048684702245332945,0.0012870700560814186
German Credit,R5_F3,5,3,telephone,2,1,0.0025243418680130914,-0.009126309243327024,-0.002304329743212874,0.0013823776896261242,0.0008612340635524018,0.0028538979902027473
German Credit,R5_F3,5,3,telephone,3,1,-0.0008414472893376601,-0.0027839013279438163,-0.031796781840178034,-0.015566774852746823,-0.0005031961287225162,-0.0027783272518305813
German Credit,R5_F3,5,3,telephone,4,1,0.0016828945786753202,0.0035551080692917125,-0.040489116540706804,-0.019112874143526914,0.0008260129363969193,0.0019447847757788073
German Credit,R5_F3,5,3,telephone,5,1,0.004567856713547314,0.004750459307291677,-0.023229037317631596,-0.012020675561966732,0.0011784838582569734,0.0028667967178446774
German Credit,R5_F3,5,3,foreign_worker,1,1,0.00444764995792768,-0.012034213475776712,0.006327590851749054,0.004928476980406216,0.0009475954225327821,0.0034544297729044438
German Credit,R5_F3,5,3,foreign_worker,2,1,0.00024041351123937904,-0.013097569531470121,-0.017080762844478903,-0.007092198581560294,-0.0009104277941545669,0.0009808730311103853
German Credit,R5_F3,5,3,foreign_worker,3,1,-0.0030051688904916274,-0.013662858241199283,-0.017080762844478903,-0.007092198581560294,-0.0012914837415397284,-0.0025564326639963553
German Credit,R5_F3,5,3,foreign_worker,4,1,0.008534679648996346,-0.005648301177822557,0.006327590851749054,0.004928476980406216,0.001695309957688046,0.00608447944395174
German Credit,R5_F3,5,3,foreign_worker,5,1,0.0032455824017311175,-0.01016215236886997,-0.025807962482187752,-0.010638297872340496,-4.079236360138294e-05,0.0028422758791433744
German Credit,R5_F3,5,3,duration,1,1,0.045678567135473025,0.08414736205204865,0.09673932695714038,0.055775934607524835,0.015457537034407026,0.03525129816188122
German Credit,R5_F3,5,3,duration,2,1,0.023079697078975836,0.04723329716055846,0.0037474954757557577,0.00631085467003234,0.008812192216533371,0.021092553447587148
German Credit,R5_F3,5,3,duration,3,1,0.037865128020194705,0.0651657639719534,0.057526598335495005,0.03528068277437191,0.012319532121035065,0.031322907161185354
German Credit,R5_F3,5,3,duration,4,1,0.019713907921625196,0.04555040393415033,0.08478751855080757,0.04453660295708617,0.0072702361908264235,0.013601012468198559
German Credit,R5_F3,5,3,duration,5,1,0.030051688904916496,0.030408598859989255,0.08478751855080757,0.04453660295708617,0.008932525561142574,0.024362998378108403
German Credit,R5_F3,5,3,amount,1,1,0.04796249549224674,0.08276667233820267,0.07863545527354632,0.03822574828705361,0.014616354078729077,0.034068993971649086
German Credit,R5_F3,5,3,amount,2,1,0.032576030772929365,0.06152073153684412,0.014836938316216242,0.008474576271186418,0.01103427401175186,0.025496826174067455
German Credit,R5_F3,5,3,amount,3,1,0.03245582401730984,0.050466885210721846,0.021199302995762004,0.013403053251592634,0.009635408823211511,0.021375129658293524
German Credit,R5_F3,5,3,amount,4,1,0.036182233441519385,0.041323561516521945,0.008364185734667129,0.0035460992907800915,0.009397341584676977,0.023966927658816528
German Credit,R5_F3,5,3,amount,5,1,0.030532515927395143,0.02750359216228826,0.017917781995993975,0.005709820891934059,0.007982845852464393,0.0195649290767399
German Credit,R5_F3,5,3,installment_rate,1,1,0.005409304002885085,0.028925838873829046,-0.03592649763693706,-0.021877629522779274,0.0014824152209827468,0.002115656268884547
German Credit,R5_F3,5,3,installment_rate,2,1,0.0040870296910686665,0.013008583845237287,-0.046458074635263136,-0.02404135112393324,0.0010629130087911054,0.002781511892927857
German Credit,R5_F3,5,3,installment_rate,3,1,0.0022839283567737123,0.008001102798157134,-0.040489116540706804,-0.019112874143526914,0.0008459700121859204,0.0016077780729093494
German Credit,R5_F3,5,3,installment_rate,4,1,0.006010337780983255,0.020588904012572073,-0.025807962482187752,-0.010638297872340496,0.00241389549974777,0.006418811338637309
German Credit,R5_F3,5,3,installment_rate,5,1,-0.005890131025363621,0.009431778901439869,-0.037925369421670074,-0.02049525183315315,-0.0025789225224700507,-0.006067755382503814
German Credit,R5_F3,5,3,present_residence,0,0,0.0,0.0,0.0,0.0,0.0,0.0
German Credit,R5_F3,5,3,age,1,1,0.010698401250150202,0.016739513501252135,-0.017080762844478903,-0.007092198581560294,0.002356974363328046,0.00762841389426655
German Credit,R5_F3,5,3,age,2,1,0.021396802500300516,0.019674484420173943,0.0,0.0,0.005911270384869327,0.018211320655662444
German Credit,R5_F3,5,3,age,3,1,0.012261089073205889,0.008606813092056131,-0.037925369421670074,-0.02049525183315315,0.0015707707492545187,0.0050254018749810725
German Credit,R5_F3,5,3,age,4,1,0.0164683255198943,-0.005028391773633012,0.006327590851749054,0.004928476980406216,0.003573127775269247,0.01372665049310734
German Credit,R5_F3,5,3,age,5,1,0.011539848539487862,0.01490267936855627,0.014836938316216242,0.008474576271186418,0.0026926162394805275,0.007551111469180305
German Credit,R5_F3,5,3,number_credits,0,0,0.0,0.0,0.0,0.0,0.0,0.0
German Credit,R5_F3,5,3,people_liable,0,0,0.0,0.0,0.0,0.0,0.0,0.0
German Credit,R5_F4,5,4,status,1,1,0.09519184069936859,0.1371251682399488,0.14867464242551576,0.07795046138902384,0.02670063843103171,0.0735048445140476
German Credit,R5_F4,5,4,status,2,1,0.09810587663914516,0.07769484380311886,0.13253993090137262,0.06775133559980573,0.02666833071030303,0.06760938373488024
German Credit,R5_F4,5,4,status,3,1,0.06860126274890721,0.06790110298801877,0.06275660577133746,0.031325886352598364,0.01936899050471602,0.04951614636814383
German Credit,R5_F4,5,4,status,4,1,0.04188926663428849,0.05911661985236505,0.060213517820912055,0.03606119475473535,0.013440153910272534,0.033017662901178024
German Credit,R5_F4,5,4,status,5,1,0.045774647887323994,0.10010927790367258,0.08582311217760846,0.04504613890237985,0.01846325586081196,0.03743025636731112
German Credit,R5_F4,5,4,credit_history,1,1,0.02756192326372031,0.037297844536723246,0.07055717170572956,0.03484701311316174,0.009881861413866183,0.021197040078277496
German Credit,R5_F4,5,4,credit_history,2,1,-0.004128217581350069,0.018878758306426713,0.00934650823884764,0.0003642544924720159,0.0006065380944331733,0.0006325921028831338
German Credit,R5_F4,5,4,credit_history,3,1,0.006799417192812074,0.017615787604588817,-0.02864941829477785,-0.02039825157843611,0.004975395242844571,0.010224265162650958
German Credit,R5_F4,5,4,credit_history,4,1,0.029383195726080613,0.061332442680377186,0.03204997133860954,0.010927634774162254,0.012953542728281364,0.025542872991801024
German Credit,R5_F4,5,4,credit_history,5,1,0.020883924235065576,0.04549428618374651,0.01699636771530244,0.0038853812530355025,0.010162986160516418,0.022343760156083303
German Credit,R5_F4,5,4,purpose,1,1,-0.00036425449247212693,0.00481768780970615,-0.029245578842801823,-0.018819815444390375,-0.000714244803323022,-0.0005223976558049737
German Credit,R5_F4,5,4,purpose,2,1,0.011777561923263735,0.04944360046654139,0.0016096749789019094,-0.0031568722680912487,0.005103366730431408,0.012065916296788659
German Credit,R5_F4,5,4,purpose,3,1,-0.0027926177756191217,0.004038890139002493,-0.030287827735376083,-0.01724137931034475,-0.0012129932325948556,-2.9848376690178036e-05
German Credit,R5_F4,5,4,purpose,4,1,0.0019426906265177513,0.01930650490739405,-0.04534234842817991,-0.025862068965517127,8.586903762611287e-05,0.007770656128847309
German Credit,R5_F4,5,4,purpose,5,1,0.021855269548324396,0.0023372490840924964,-0.04534234842817991,-0.025862068965517127,0.0030474113759115795,0.01610301989995333
German Credit,R5_F4,5,4,savings,1,1,0.007527926177756328,-0.006620755992089888,0.0016096749789019094,-0.0031568722680912487,0.002923596128469985,0.006304500544924263
German Credit,R5_F4,5,4,savings,2,1,0.01833414278776102,0.04797797002989124,0.03223454467439901,0.012506070908207878,0.007686892611327517,0.01675796093510795
German Credit,R5_F4,5,4,savings,3,1,0.02452646915978629,0.04411012449774987,0.039495497394659074,0.019184069936862613,0.008581147000205708,0.018441020978577027
German Credit,R5_F4,5,4,savings,4,1,0.011898980087421074,0.021002340705992162,0.00934650823884764,0.0003642544924720159,0.0037353961628539822,0.00768064232919885
German Credit,R5_F4,5,4,savings,5,1,-0.0015784361340456243,-0.011183541762314397,-0.05227313219469315,-0.030961631860126237,-0.0008820156410798141,-0.0012635900148449952
German Credit,R5_F4,5,4,employment_duration,1,1,0.006677999028654846,0.007585398318023184,-0.030287827735376083,-0.01724137931034475,0.0015608396965582083,0.005550975825980631
German Credit,R5_F4,5,4,employment_duration,2,1,0.001335599805730947,0.003614788075679831,-0.02216244440139803,-0.013720252549781486,5.564857694231873e-05,0.000945328886701291
German Credit,R5_F4,5,4,employment_duration,3,1,-0.00206410879067509,0.008377782990379168,-0.03180693425696679,-0.015662943176299127,-0.00044745623607023166,0.00011006256452605889
German Credit,R5_F4,5,4,employment_duration,4,1,0.0032782904322485873,0.004966227638451892,0.039495497394659074,0.019184069936862613,-0.0003547381725299281,0.0014629681367336334
German Credit,R5_F4,5,4,employment_duration,5,1,-0.0069208353569694125,0.002052270305366366,-0.021346556412830398,-0.01529868868382711,-0.0006081509411850761,-0.0039233823338176155
German Credit,R5_F4,5,4,personal_status_sex,1,1,-0.0042496357455075184,-0.0014648626039424073,0.0,0.0,-0.001341704965800522,-0.004479234577729696
German Credit,R5_F4,5,4,personal_status_sex,2,1,-0.013720252549781486,-0.004868647992418262,-0.05354893611205447,-0.029383195726080613,-0.003991700473461202,-0.010961469983511718
German Credit,R5_F4,5,4,personal_status_sex,3,1,-0.010563380281690127,0.004496639220337162,-0.07530068554658453,-0.0431034482758621,-0.0018170418525324528,-0.006572853648255994
German Credit,R5_F4,5,4,personal_status_sex,4,1,-0.009834871296745873,0.003184577617299955,-0.03384067043540456,-0.014084507042253502,-0.0017037989283159027,-0.005497445713365412
German Credit,R5_F4,5,4,personal_status_sex,5,1,0.0027926177756192327,0.006632097225105271,0.008961429682247835,0.0019426906265177513,0.001165541816064819,0.0016913404163083623
German Credit,R5_F4,5,4,other_debtors,1,1,0.008620689655172264,0.014910524487293242,0.016809527860980833,0.005463817387081127,0.00478781743292131,0.00868633293208021
German Credit,R5_F4,5,4,other_debtors,2,1,0.005342399222923788,0.02036405584073009,0.0010174596253838541,-0.0015784361340456243,0.003437677018600288,0.006610016641258376
German Credit,R5_F4,5,4,other_debtors,3,1,0.006435162700339947,0.010598851966211686,0.024197363652165793,0.010563380281690238,0.004051943408407949,0.0077625328046180275
German Credit,R5_F4,5,4,other_debtors,4,1,0.0069208353569693015,0.012191259610831784,0.008961429682247835,0.0019426906265177513,0.0040962922202596175,0.0070453443508393665
German Credit,R5_F4,5,4,other_debtors,5,1,0.006070908207867931,0.0021835370534488696,0.0010174596253838541,-0.0015784361340456243,0.002947463913888948,0.0057675844438001
German Credit,R5_F4,5,4,property,1,1,0.014570179698882968,0.014958283174212772,0.008961429682247835,0.0019426906265177513,0.0051319940098588646,0.012501508919289583
German Credit,R5_F4,5,4,property,2,1,0.011777561923263735,0.0172622642977468,0.0010174596253838541,-0.0015784361340456243,0.004478445470270126,0.011560792423865096
German Credit,R5_F4,5,4,property,3,1,0.002671199611462005,-0.0009692274568855463,0.016234389017980688,0.007042253521126751,0.0017924921044937536,0.003636258258672198
German Credit,R5_F4,5,4,property,4,1,0.01857697911607581,0.013698437709716349,0.016234389017980688,0.007042253521126751,0.005941953570136604,0.014018964664059608
German Credit,R5_F4,5,4,property,5,1,0.006313744536182719,-0.003104346158843585,-0.030287827735376083,-0.01724137931034475,0.002142008092526515,0.005185769419355779
German Credit,R5_F4,5,4,other_installment_plans,1,1,0.014813016027197645,0.006408699087183001,0.0,0.0,0.0037617390930902994,0.012367069800067743
German Credit,R5_F4,5,4,other_installment_plans,2,1,0.006677999028654735,0.013871655846648512,-0.023434055801615783,-0.012141816415735751,0.0028968634298426332,0.006894018211342945
German Credit,R5_F4,5,4,other_installment_plans,3,1,0.012748907236522555,-0.007308096190963287,-0.007026719358697697,-0.005099562894609,0.0021395674430317313,0.008299842226718535
German Credit,R5_F4,5,4,other_installment_plans,4,1,0.006313744536182608,0.007162870582254399,-0.046868111603231566,-0.024283632831471613,0.0014822540964650466,0.0056782634424984435
German Credit,R5_F4,5,4,other_installment_plans,5,1,0.01032054395337545,0.01152195572077852,-0.025195766519840235,-0.010563380281690127,0.002834400890154798,0.010289747103741975
German Credit,R5_F4,5,4,housing,1,1,0.0007285089849441428,0.003856055161227001,0.022247137429169506,0.013720252549781486,0.0007045413144399493,0.002180478976899769
German Credit,R5_F4,5,4,housing,2,1,0.004492472073822307,-0.005030489926739934,0.05486173267150035,0.02780475959203499,0.0024139015015077203,0.004604871916905506
German Credit,R5_F4,5,4,housing,3,1,0.00934919864011663,-0.0022438916465044034,0.046868111603231566,0.024283632831471613,0.0025783198460717083,0.0054629116496826
German Credit,R5_F4,5,4,housing,4,1,0.0018212724623604126,-0.015494382136148843,0.023434055801615783,0.012141816415735862,0.0013192949107502516,0.003186977175564487
German Credit,R5_F4,5,4,housing,5,1,0.007649344341913555,-0.013639125818423303,0.008961429682247835,0.0019426906265177513,0.002559650643632727,0.006409058684405111
German Credit,R5_F4,5,4,job,0,0,0.0,0.0,0.0,0.0,0.0,0.0
German Credit,R5_F4,5,4,telephone,1,1,0.019184069936862502,0.00811723767882,0.024197363652165793,0.010563380281690238,0.004734597757030001,0.01332568557864533
German Credit,R5_F4,5,4,telephone,2,1,0.0012141816415736084,0.00353910192801532,-0.015175642201482542,-0.008620689655172376,0.0004325048891164751,-9.754843172660177e-05
German Credit,R5_F4,5,4,telephone,3,1,0.006556580864497286,0.0053462537385824405,-0.015175642201482542,-0.008620689655172376,0.0020177566759493892,0.0053407553300416355
German Credit,R5_F4,5,4,telephone,4,1,0.0002428363283147883,0.0004482482951575495,0.016234389017980688,0.007042253521126751,0.0005443799989019726,0.0004046939634217983
German Credit,R5_F4,5,4,telephone,5,1,0.001699854298202963,0.0017764841611602744,0.030565806308931742,0.017241379310344862,0.0006562200830053933,0.0004927057623203002
German Credit,R5_F4,5,4,foreign_worker,1,1,0.0032782904322485873,0.0025579317087538467,-0.008280924970051728,-0.0035211267605632646,0.0008879101256271948,0.004392610975681666
German Credit,R5_F4,5,4,foreign_worker,2,1,0.011170471102476931,0.006641244763128107,0.0,0.0,0.002710889008720435,0.0072394851215586975
German Credit,R5_F4,5,4,foreign_worker,3,1,0.005828071879553143,0.0034960699774067017,-0.016677728137701853,-0.007042253521126751,0.0015458270877304059,0.005357643250527122
German Credit,R5_F4,5,4,foreign_worker,4,1,0.006677999028654624,0.009513728003499367,0.0,0.0,0.0020807851777030484,0.006603388986894387
German Credit,R5_F4,5,4,foreign_worker,5,1,0.006313744536182608,0.013152216977877385,-0.016677728137701853,-0.007042253521126751,0.002380971079386035,0.005676044281859194
German Credit,R5_F4,5,4,duration,1,1,0.034604176784847174,0.013067049166167077,0.06286463456476354,0.02974745021855274,0.007972887745580692,0.02273475645779499
German Credit,R5_F4,5,4,duration,2,1,0.04431762991743571,0.0681345323580258,0.04737726767894768,0.02270519669742599,0.013662815540535417,0.037848033185651664
German Credit,R5_F4,5,4,duration,3,1,0.04103933948518701,0.07232631012324775,0.07826767719779787,0.038368139873725116,0.014659210410087331,0.04013867906833213
German Credit,R5_F4,5,4,duration,4,1,0.04383195726080613,0.008142596436087834,0.08601771414801584,0.043467702768334116,0.011579713783154227,0.032005436841314294
German Credit,R5_F4,5,4,duration,5,1,0.02986886838271019,0.03451452563298374,0.03151594104717276,0.015662943176299238,0.009152940809263488,0.02511442089779492
German Credit,R5_F4,5,4,amount,1,1,0.021005342399222915,0.021516196758340933,0.03204997133860954,0.010927634774162254,0.007106470741831378,0.016783637544548147
German Credit,R5_F4,5,4,amount,2,1,0.006556580864497286,-0.006738958393065597,0.01699636771530244,0.0038853812530355025,0.0019495245609732204,0.0032151036456504745
German Credit,R5_F4,5,4,amount,3,1,0.03812530354541044,0.0507449989683203,0.07008445146426684,0.03169014084507049,0.013671562547969862,0.03188628122261761
German Credit,R5_F4,5,4,amount,4,1,0.011534725594948947,0.013378492253373286,0.008961429682247835,0.0019426906265177513,0.005476253022338257,0.009347907442751269
German Credit,R5_F4,5,4,amount,5,1,0.024162214667314275,0.013884782724602474,0.03206351218743114,0.014084507042253502,0.006527047444628925,0.017484924070017227
German Credit,R5_F4,5,4,installment_rate,1,1,0.00012141816415733864,-0.02522545841772872,0.0010174596253838541,-0.0015784361340456243,-0.0016004473457923996,-0.0008391222190951009
German Credit,R5_F4,5,4,installment_rate,2,1,0.005706653715395804,-0.024992193575197885,-0.007026719358697697,-0.005099562894609,0.0012944651214046865,0.004072313242384218
German Credit,R5_F4,5,4,installment_rate,3,1,0.012991743564837344,-0.015210548374680832,0.05486173267150035,0.02780475959203499,0.0029232797300590974,0.007935641980008956
German Credit,R5_F4,5,4,installment_rate,4,1,0.002671199611461894,0.003607933090016502,0.008961429682247835,0.0019426906265177513,0.0011515068644354087,0.0022665725168106166
German Credit,R5_F4,5,4,installment_rate,5,1,-0.0012141816415736084,-0.02532206399320236,-0.006218025490910495,-0.006677999028654735,-0.0014230383477979447,-0.0006079006911030582
German Credit,R5_F4,5,4,present_residence,0,0,0.0,0.0,0.0,0.0,0.0,0.0
German Credit,R5_F4,5,4,age,0,0,0.0,0.0,0.0,0.0,0.0,0.0
German Credit,R5_F4,5,4,number_credits,0,0,0.0,0.0,0.0,0.0,0.0,0.0
German Credit,R5_F4,5,4,people_liable,0,0,0.0,0.0,0.0,0.0,0.0,0.0
German Credit,R5_F5,5,5,status,1,1,0.14292724819040603,0.1870068985927409,0.29546702845238926,0.15783339467549995,0.045089066533084116,0.12045525272664337
German Credit,R5_F5,5,5,status,2,1,0.13151760520181566,0.15813122756023784,0.23029521418554483,0.12274567537725423,0.03848077759816629,0.10833514635157626
German Credit,R5_F5,5,5,status,3,1,0.13237639553429026,0.1845836474541035,0.22093521835648344,0.11924917188075079,0.04044783006136732,0.11222405139319658
German Credit,R5_F5,5,5,status,4,1,0.10256410256410253,0.1359913259797917,0.23697366538748965,0.12802110170531222,0.033159245212445065,0.09093109713300107
German Credit,R5_F5,5,5,status,5,1,0.07864065758802607,0.11303307854778544,0.19209385873332657,0.09992638940007348,0.02633705819140522,0.07161700701915197
German Credit,R5_F5,5,5,credit_history,1,1,0.010305483989694442,-0.003073985922512179,0.0634426018408083,0.03330879646669116,0.0040023426722627375,0.016239904240154757
German Credit,R5_F5,5,5,credit_history,2,1,0.02649981597350015,0.026817772451356303,0.11808724307506474,0.06312108943687889,0.009805448103710535,0.02573438111791715
German Credit,R5_F5,5,5,credit_history,3,1,0.03312476996687519,0.03309242664302048,0.07838789138480512,0.04208072629125259,0.009431766693271532,0.029155042498868078
German Credit,R5_F5,5,5,credit_history,4,1,0.03435161329898162,0.06340479210948868,0.12746162466906474,0.06661759293338232,0.011994100527791235,0.03297420662610817
German Credit,R5_F5,5,5,credit_history,5,1,0.019261440314071843,-0.007825698565922079,0.10854116299775635,0.05962458594037545,0.005646379933229112,0.01634513591995962
German Credit,R5_F5,5,5,purpose,1,1,0.045393203287940165,0.07008465282786647,0.1854922085968589,0.09465096307201559,0.01650544096619866,0.041131652726890455
German Credit,R5_F5,5,5,purpose,2,1,0.037541405962458585,0.054688114858525316,0.16742498684723928,0.08765795607900873,0.01410199608978338,0.03416171534828527
German Credit,R5_F5,5,5,purpose,3,1,0.022451232977548807,0.018463429113408036,0.004777291458415767,0.005275426328057886,0.007237437066089869,0.0198683984960063
German Credit,R5_F5,5,5,purpose,4,1,0.027849343638817303,0.035941533466020914,0.14572707144276364,0.07361059992638941,0.009577141238440695,0.024739674720466953
German Credit,R5_F5,5,5,purpose,5,1,0.013127223653539355,0.05013374795591041,0.11226244454322853,0.05784566310882089,0.008007915110247343,0.017200737444241943
German Credit,R5_F5,5,5,savings,1,1,0.00883327199116668,0.013877953243041419,0.07622852954571474,0.03502637713164025,0.005957850788624625,0.013428611741525598
German Credit,R5_F5,5,5,savings,2,1,0.01631701631701632,0.021953023833535812,0.1029247580269349,0.054349159612317455,0.007920605089271171,0.01937702260830748
German Credit,R5_F5,5,5,savings,3,1,0.013372592319960686,0.0447197007618525,0.0671663458217075,0.03152987363513682,0.008943135625548326,0.021395512085553903
German Credit,R5_F5,5,5,savings,4,1,0.012513801987486195,0.024693953996068996,0.09341837118897744,0.05085265611581402,0.008612634732856422,0.018545648331903086
German Credit,R5_F5,5,5,savings,5,1,0.021960495644706146,0.032859915970856024,0.0638018220549515,0.04036314562630339,0.010429371386971586,0.024512674199481332
German Credit,R5_F5,5,5,employment_duration,1,1,-0.006624953993375149,-0.005125571486730984,-0.01548954065908481,-0.0017175806649492031,-0.0014731621370558945,-0.0021097887244571623
German Credit,R5_F5,5,5,employment_duration,2,1,0.013004539320328856,0.014948910438648433,0.04408062741680285,0.02631578947368418,0.00424002212226568,0.013999246035242274
German Credit,R5_F5,5,5,employment_duration,3,1,0.006993006993006978,0.009442189378920385,0.00931660007228341,0.010550852656115772,0.0023622213421976845,0.00861461860616175
German Credit,R5_F5,5,5,employment_duration,4,1,0.007238375659428309,-0.002180013834268024,0.029314158100545495,0.01754385964912286,0.0012249876719646335,0.006616778102175647
German Credit,R5_F5,5,5,employment_duration,5,1,0.009692062323641282,-0.008613133828772712,0.03412274080365163,0.022819285977180637,0.00290200348213826,0.009011145153800304
German Credit,R5_F5,5,5,personal_status_sex,1,1,0.0019629493313704227,0.002686514810188778,0.014622759138388064,0.00877192982456143,0.0015694095544006026,0.004336821110256961
German Credit,R5_F5,5,5,personal_status_sex,2,1,-0.003557845663108905,-0.02655952235914283,-0.02992598824145898,-0.010489510489510523,-0.0027708118606904475,-0.0027239717061726676
German Credit,R5_F5,5,5,personal_status_sex,3,1,0.006011532327321767,0.009243470719008773,0.08212154863809451,0.04030180345969814,0.002230413773824741,0.007650161666231725
German Credit,R5_F5,5,5,personal_status_sex,4,1,-0.0019629493313704227,-0.007374227067029282,0.014622759138388064,0.00877192982456143,-3.694278759136527e-05,0.0011513437766686452
German Credit,R5_F5,5,5,personal_status_sex,5,1,-0.00907864065758801,-0.022430506863462818,0.004777291458415767,0.005275426328057886,-0.002191985618081954,-0.003629935561344555
German Credit,R5_F5,5,5,other_debtors,1,1,0.011164274322169043,0.014930522586184547,0.009610170256890815,0.0034965034965035446,0.003006907192683317,0.009855461850176106
German Credit,R5_F5,5,5,other_debtors,2,1,0.014967488651699168,0.018335475126248446,0.03378062971729201,0.015764936817568298,0.005565570808741788,0.015102193439060496
German Credit,R5_F5,5,5,other_debtors,3,1,0.014231382652435287,0.015667336784046082,0.029314158100545495,0.01754385964912286,0.004803243745059832,0.013136225490705866
German Credit,R5_F5,5,5,other_debtors,4,1,0.004784688995215225,0.007687831523641497,-0.005006442838739522,-0.005275426328057886,0.002260881852004487,0.006429305739892144
German Credit,R5_F5,5,5,other_debtors,5,1,0.012023064654643645,0.012449831569423475,0.04310874960155853,0.019261440314071843,0.003552011642758701,0.010517187997690969
German Credit,R5_F5,5,5,property,1,1,0.005398110661268496,-0.018237955864678912,0.057951089177693316,0.028033370138633273,0.0017514036799776977,0.003171412220645098
German Credit,R5_F5,5,5,property,2,1,-0.0002453686664214416,0.012476858490304998,0.04857569048092114,0.02453686664212973,0.0028839500722251665,0.005423468469327952
German Credit,R5_F5,5,5,property,3,1,0.005888847994111157,0.007236367243729336,0.04857569048092114,0.02453686664212973,0.002651061727453413,0.007331454648093261
German Credit,R5_F5,5,5,property,4,1,0.011164274322169043,-0.006468386942091842,0.07286353572138182,0.036805299963194704,0.0029369344774322903,0.009162117650185764
German Credit,R5_F5,5,5,property,5,1,0.006624953993375038,-0.014677706668215884,0.07622852954571474,0.03502637713164025,0.0018158689353204305,0.006081741125112394
German Credit,R5_F5,5,5,other_installment_plans,1,1,0.010182799656483832,0.009725474043295934,0.07838789138480512,0.04208072629125259,0.0038304321173635025,0.011867204559602551
German Credit,R5_F5,5,5,other_installment_plans,2,1,0.001840264998159702,-0.010273334266341472,0.029314158100545495,0.01754385964912286,0.0007874819950524359,0.005301015287427102
German Credit,R5_F5,5,5,other_installment_plans,3,1,0.003067108330266244,-0.01262930178949384,0.0634426018408083,0.03330879646669116,0.0016370386001974824,0.003832836189998412
German Credit,R5_F5,5,5,other_installment_plans,4,1,0.019752177646914504,0.008976576888697352,0.07838789138480512,0.04208072629125259,0.005074774522604353,0.017322766287998614
German Credit,R5_F5,5,5,other_installment_plans,5,1,0.010060115323273333,0.01149837273030696,0.05892888153501985,0.03508771929824561,0.0031657635920859517,0.010635182533129728
German Credit,R5_F5,5,5,housing,1,1,0.005520794994479106,0.015240962531589242,0.029314158100545495,0.01754385964912286,0.003229864364285101,0.0074379098586535575
German Credit,R5_F5,5,5,housing,2,1,0.010060115323273111,0.020155532644783314,-0.005257116355371627,0.0017789228315543415,0.003809040229745264,0.009344759048147466
German Credit,R5_F5,5,5,housing,3,1,-0.0017175806649492031,-0.0014598417207976055,0.014622759138388064,0.00877192982456143,-0.00052962466260148,-0.0007075114708101071
German Credit,R5_F5,5,5,housing,4,1,0.011777695988222314,0.02774919892372829,0.04310874960155853,0.019261440314071843,0.0054121834080001485,0.011429687517613862
German Credit,R5_F5,5,5,housing,5,1,0.007115691326217588,0.015409009533324247,0.03412274080365163,0.022819285977180637,0.002703326108459969,0.006432405445739975
German Credit,R5_F5,5,5,job,0,0,0.0,0.0,0.0,0.0,0.0,0.0
German Credit,R5_F5,5,5,telephone,0,0,0.0,0.0,0.0,0.0,0.0,0.0
German Credit,R5_F5,5,5,foreign_worker,1,1,0.0013495276653171517,0.0038025576464090216,0.0,0.0,0.00016618885374722336,8.897813759090045e-05
German Credit,R5_F5,5,5,foreign_worker,2,1,0.0,0.003787162658437482,-0.009787162212822054,-0.0034965034965035446,0.0006888770269390665,0.0014582354438272271
German Credit,R5_F5,5,5,foreign_worker,3,1,-0.0003680529996319404,0.002308565221777914,-0.009787162212822054,-0.0034965034965035446,-0.00013437613108152613,-0.00038774999126117704
German Credit,R5_F5,5,5,foreign_worker,4,1,0.00024536866642121957,0.0011938942144091858,-0.009787162212822054,-0.0034965034965035446,-2.4490427905976553e-05,-6.925812540387044e-05
German Credit,R5_F5,5,5,foreign_worker,5,1,0.003925898662740734,0.008507013071598069,0.014622759138388064,0.00877192982456143,0.0013462912222800827,0.0027156805040891574
German Credit,R5_F5,5,5,duration,1,1,0.053858422279474905,0.11236204900586266,0.18928859507458656,0.10170531223162804,0.020891038145093244,0.048475239034879825
German Credit,R5_F5,5,5,duration,2,1,0.022941970310391357,0.06723978091417471,0.0638018220549515,0.04036314562630339,0.01418148483391779,0.03155080397831567
German Credit,R5_F5,5,5,duration,3,1,0.04723346828609987,0.11487208077929245,0.19209385873332657,0.09992638940007348,0.021062605044880722,0.04616908287396193
German Credit,R5_F5,5,5,duration,4,1,0.02515028830818311,0.01255463771450016,0.08751954507212228,0.036743957796589344,0.00894327021231961,0.023820944714175174
German Credit,R5_F5,5,5,duration,5,1,0.015580910317752328,0.015499424420369001,0.09122394204185652,0.04379830695620157,0.006870872279947898,0.0172985183080141
German Credit,R5_F5,5,5,amount,1,1,0.00821985032511341,0.03439741017909981,0.11226244454322853,0.05784566310882089,0.004120688834644032,0.008561323742110383
German Credit,R5_F5,5,5,amount,2,1,-0.0008587903324746016,-0.061205133432529535,0.08785252319201842,0.045577229787756135,-0.0018593959090624224,-0.0010273020756648155
German Credit,R5_F5,5,5,amount,3,1,0.019016071647650512,-0.014819391341626686,0.0634426018408083,0.03330879646669116,0.004030659301248962,0.014766660531165043
German Credit,R5_F5,5,5,amount,4,1,0.002944423997055523,-0.05333193584388618,0.057951089177693316,0.028033370138633273,-0.00170058920192806,-0.0004007889191338654
German Credit,R5_F5,5,5,amount,5,1,-0.0001226843332107208,-0.019717951198441108,0.02428784524046057,0.012268433321064864,-0.00044898123898023945,0.0006747993603168911
German Credit,R5_F5,5,5,installment_rate,1,1,0.006993006993006867,0.016760812058857377,0.02833033354430159,0.010489510489510412,0.002546053355336003,0.0053739228990374865
German Credit,R5_F5,5,5,installment_rate,2,1,-0.003925898662740845,0.018192704733143605,0.03903268048959818,0.021040363145626295,0.0032406243341340513,0.0044052681499394675
German Credit,R5_F5,5,5,installment_rate,3,1,0.001717580664948981,0.03328935073853967,0.014622759138388064,0.00877192982456143,0.004009843933460128,0.008768202075540077
German Credit,R5_F5,5,5,installment_rate,4,1,0.011041589988958433,0.03704467065086814,0.10629200809849576,0.052570236780763,0.006009143990743676,0.012579769530545293
German Credit,R5_F5,5,5,installment_rate,5,1,-0.0001226843332107208,0.027248081902927934,0.057951089177693316,0.028033370138633273,0.003419884221264574,0.005074623861093475
German Credit,R5_F5,5,5,present_residence,0,0,0.0,0.0,0.0,0.0,0.0,0.0
German Credit,R5_F5,5,5,age,0,0,0.0,0.0,0.0,0.0,0.0,0.0
German Credit,R5_F5,5,5,number_credits,1,1,-0.0001226843332107208,0.008116897717329596,0.029314158100545495,0.01754385964912286,0.001271520827940159,0.002543564641654006
German Credit,R5_F5,5,5,number_credits,2,1,-0.0020856336645810325,-0.0007762459927458387,0.02428784524046057,0.012268433321064864,0.00017004291803005,0.000360309036826878
German Credit,R5_F5,5,5,number_credits,3,1,0.0002453686664213306,0.0019619432463193753,0.0,0.0,0.0007222222045524807,0.001946158516011598
German Credit,R5_F5,5,5,number_credits,4,1,-0.002944423997055523,0.0009971571127780354,0.014622759138388064,0.00877192982456143,0.0006005169117220821,0.0006180709061393563
German Credit,R5_F5,5,5,number_credits,5,1,0.0011041589988958211,0.0091881210623318,0.014622759138388064,0.00877192982456143,0.0015349118977704967,0.003210184984478115
German Credit,R5_F5,5,5,people_liable,0,0,0.0,0.0,0.0,0.0,0.0,0.0
Australian Credit Approval,R1_F1,1,1,a1,0,0,0.0,0.0,0.0,0.0,0.0,0.0
Australian Credit Approval,R1_F1,1,1,a4,1,1,-0.007580680095299996,-0.004518784274135101,-0.016533153631165365,-0.00877192982456132,-0.0051468534907708335,-0.014419736571229413
Australian Credit Approval,R1_F1,1,1,a4,2,1,-0.003898635477582846,0.01037387792577038,-0.01315648169130268,-0.006172839506172756,-0.0004685581016842383,-0.008724224533634417
Australian Credit Approval,R1_F1,1,1,a4,3,1,-0.005631362356508518,-0.0030163827181064473,-0.03317891315943289,-0.01754385964912275,-0.0009997145643061978,-0.000697302602810923
Australian Credit Approval,R1_F1,1,1,a4,4,1,-0.006714316655837105,0.007489058632888845,-0.016533153631165365,-0.00877192982456132,-0.006713843359174687,-0.012344096636572655
Australian Credit Approval,R1_F1,1,1,a4,5,1,-0.010396361273554144,-0.005083406447446981,-0.026500766329286995,-0.012345679012345623,-0.008349577728050658,-0.021366352575343528
Australian Credit Approval,R1_F1,1,1,a5,1,1,0.008880225254494167,0.010710513856658999,0.029545969331932986,0.014944769330734298,0.0019379888340240597,0.01442381006145832
Australian Credit Approval,R1_F1,1,1,a5,2,1,0.00888022525449439,0.0065056974570575354,-0.01315648169130268,-0.006172839506172756,0.0050227450267475715,0.02386449128150414
Australian Credit Approval,R1_F1,1,1,a5,3,1,0.010829542993285757,0.007650708963037878,0.019332244531862997,0.011371020142949995,0.0006220998902857489,0.01490409636944695
Australian Credit Approval,R1_F1,1,1,a5,4,1,0.0017327268789257833,0.0016453488053006504,0.03276704158852195,0.01754385964912286,0.0009558846663281634,-0.001340651143503957
Australian Credit Approval,R1_F1,1,1,a5,5,1,0.007364089235434301,0.004477885467690013,0.035450113297650354,0.020142949967511425,0.005656441134315224,0.016679383671658
Australian Credit Approval,R1_F1,1,1,a6,1,1,0.001516136019060088,-0.0013778734243908852,0.003133137629617533,0.002599090318388675,0.0008536863236701525,-0.00042595738642459136
Australian Credit Approval,R1_F1,1,1,a6,2,1,0.00021659085986580617,-0.000263241850577578,0.003133137629617533,0.002599090318388675,-9.023153622708668e-06,0.00045921120367720114
Australian Credit Approval,R1_F1,1,1,a6,3,1,-0.0006497725795970855,0.0015018260944280604,0.019332244531862997,0.011371020142949995,0.0012105625539438891,2.7792924648550876e-05
Australian Credit Approval,R1_F1,1,1,a6,4,1,0.0036820446177171506,0.00424733070487715,0.016430216953356336,0.00877192982456143,0.005023472608182283,0.010872164877963553
Australian Credit Approval,R1_F1,1,1,a6,5,1,0.0036820446177171506,0.005285655952677826,0.03276704158852195,0.01754385964912286,0.00099966475252454,0.0031711225797662612
Australian Credit Approval,R1_F1,1,1,a8,1,1,0.1810699588477367,0.1346008374792974,0.38973746986429664,0.20110461338531516,0.12745454296457298,0.3376434916799153
Australian Credit Approval,R1_F1,1,1,a8,2,1,0.24951267056530213,0.20344435149867224,0.4881416066651413,0.25113710201429507,0.15742385314993532,0.426396371294184
Australian Credit Approval,R1_F1,1,1,a8,3,1,0.16894087069525665,0.11954222853808205,0.3760055543904977,0.1949317738791423,0.11152807093353881,0.2684519567844455
Australian Credit Approval,R1_F1,1,1,a8,4,1,0.22742040285899945,0.15282601798325424,0.48084819568686865,0.24593892137751794,0.13850373338373048,0.35003386341629933
Australian Credit Approval,R1_F1,1,1,a8,5,1,0.173272687892571,0.11859035107903082,0.3479717824809758,0.18258609486679667,0.11583742349541512,0.30258714454161134
Australian Credit Approval,R1_F1,1,1,a9,1,1,0.015594541910331383,0.008949282304669404,0.02578835882830266,0.012345679012345734,0.005561432879718803,0.019749682452883333
Australian Credit Approval,R1_F1,1,1,a9,2,1,-0.0010829542993284758,-0.0015367093957574518,0.04249012063246338,0.021117608836907165,-0.0020931789075154805,-0.01691587759656643
Australian Credit Approval,R1_F1,1,1,a9,3,1,-0.00931340697422578,-0.006118481663179964,-0.01315648169130268,-0.006172839506172756,-0.005478950136494368,-0.02098460113244832
Australian Credit Approval,R1_F1,1,1,a9,4,1,-0.0004331817197315013,-0.0029901784368598916,0.0,0.0,-0.0022210128359340803,-0.0018506955438212236
Australian Credit Approval,R1_F1,1,1,a9,5,1,0.0032488628979856493,0.001918692817501011,-0.029545969331932986,-0.014944769330734076,-9.626758842339045e-05,-0.0023500198301473763
Australian Credit Approval,R1_F1,1,1,a11,1,1,-0.0010829542993285868,-0.0008235708483090853,0.016430216953356336,0.00877192982456143,9.970280579998936e-05,0.0010660586756470192
Australian Credit Approval,R1_F1,1,1,a11,2,1,1.1102230246251565e-16,0.00015916782600955415,0.016430216953356336,0.00877192982456143,0.001031666141074028,0.0029920728771828387
Australian Credit Approval,R1_F1,1,1,a11,3,1,0.0004331817197315013,0.0007736195047768346,0.03276704158852195,0.01754385964912286,0.001229243690861359,0.0024388339336959275
Australian Credit Approval,R1_F1,1,1,a11,4,1,0.001516136019059977,0.0017130088570327384,0.0,0.0,0.0014524164886264568,0.004656442941158134
Australian Credit Approval,R1_F1,1,1,a11,5,1,-0.003032272038119954,-0.001607013367614818,0.016430216953356336,0.00877192982456143,-7.547449978338727e-05,-0.002263124681789075
Australian Credit Approval,R1_F1,1,1,a12,0,0,0.0,0.0,0.0,0.0,0.0,0.0
Australian Credit Approval,R1_F1,1,1,a2,1,1,-0.0019493177387913674,-0.00043418859883659344,0.029545969331932986,0.014944769330734298,0.0008317289842456055,-0.0036954168283505062
Australian Credit Approval,R1_F1,1,1,a2,2,1,-0.005847953216374213,-0.006121330656899793,0.03276704158852195,0.01754385964912286,0.0018051821810181057,0.0004162095125059273
Australian Credit Approval,R1_F1,1,1,a2,3,1,-0.009529997834091253,-0.007368592329846657,0.00570198830050328,0.005198180636777128,-0.007207183347167315,-0.023271450873961597
Australian Credit Approval,R1_F1,1,1,a2,4,1,-0.005198180636777128,-0.004905557031707031,0.016430216953356336,0.00877192982456143,0.00029869764685383493,-0.00862594594672994
Australian Credit Approval,R1_F1,1,1,a2,5,1,0.0023824994585228687,0.0021315534049697327,0.06240094554742637,0.03248862897985716,0.0035096196252841494,0.00774204240027665
Australian Credit Approval,R1_F1,1,1,a3,1,1,0.008013861815031498,0.013478362413680722,0.06240094554742637,0.03248862897985716,0.012410085170829005,0.02809218458391305
Australian Credit Approval,R1_F1,1,1,a3,2,1,-0.0032488628979856493,-0.0013734438296209017,0.019332244531862997,0.011371020142949995,0.002017549210063377,-0.0031127217385366612
Australian Credit Approval,R1_F1,1,1,a3,3,1,0.0023824994585228687,0.008046774446425431,0.016430216953356336,0.00877192982456143,0.007679310563678807,0.01538018998979973
Australian Credit Approval,R1_F1,1,1,a3,4,1,0.011046133853151452,0.012892146123807513,0.07870759939563488,0.04126055880441859,0.010822019920990675,0.03043599775735134
Australian Credit Approval,R1_F1,1,1,a3,5,1,0.011262724713017147,0.016232752925247396,0.02578835882830266,0.012345679012345734,0.009757062567342309,0.02292295230393071
Australian Credit Approval,R1_F1,1,1,a7,1,1,-0.008447043534762888,-0.008967113523449033,-0.026500766329286995,-0.012345679012345623,-0.004306106858335393,-0.009814236984385272
Australian Credit Approval,R1_F1,1,1,a7,2,1,0.0021659085986572846,0.00013346700139693635,-0.010355432900023054,-0.003573749187784192,0.0025141951542396457,0.02218534852626003
Australian Credit Approval,R1_F1,1,1,a7,3,1,0.001299545159194282,0.00021110200606166973,-0.01315648169130268,-0.006172839506172756,0.0007154494214987733,0.005883637032402578
Australian Credit Approval,R1_F1,1,1,a7,4,1,0.005847953216374324,0.00568488267235312,-0.01315648169130268,-0.006172839506172756,0.00470577477063612,0.016752512387560647
Australian Credit Approval,R1_F1,1,1,a7,5,1,-0.005414771496642823,-0.004695265183143893,-0.04004311033190899,-0.01851851851851838,-0.005307989444267094,-0.008327285998900424
Australian Credit Approval,R1_F1,1,1,a10,1,1,0.004331817197314347,0.0015255857204994339,0.04249012063246338,0.021117608836907165,0.0026016871409286907,0.006230656324637818
Australian Credit Approval,R1_F1,1,1,a10,2,1,0.011046133853151452,0.007198942828057331,0.03276704158852195,0.01754385964912286,0.00402858463052011,0.014753893342158708
Australian Credit Approval,R1_F1,1,1,a10,3,1,0.012778860732077013,0.007827174430431683,0.08863790799579896,0.04483430799220289,0.009279310279869196,0.02209052125833344
Australian Credit Approval,R1_F1,1,1,a10,4,1,0.011262724713017147,0.008222823271695323,0.04249012063246338,0.021117608836907165,0.004841562180020922,0.015878269400615264
Australian Credit Approval,R1_F1,1,1,a10,5,1,-0.00021659085986569515,-0.0025922380964614744,0.035450113297650354,0.020142949967511425,0.001934994794405967,-0.0006487285557461031
Australian Credit Approval,R1_F1,1,1,a13,0,0,0.0,0.0,0.0,0.0,0.0,0.0
Australian Credit Approval,R1_F1,1,1,a14,1,1,0.0138618150314056,0.0024036090099844865,0.0,0.0,0.006782285275139674,0.02572249426919343
Australian Credit Approval,R1_F1,1,1,a14,2,1,0.016460905349794386,0.007435579689678895,0.029545969331932986,0.014944769330734298,0.008489179738454478,0.030358257164609326
Australian Credit Approval,R1_F1,1,1,a14,3,1,0.02317522200563138,0.013965747163932618,0.04601691559801535,0.02371669915529573,0.016027666044486744,0.046737737963871706
Australian Credit Approval,R1_F1,1,1,a14,4,1,0.010396361273554255,0.004528706967747542,0.06240094554742637,0.03248862897985716,0.00876570756818136,0.029580018532366914
Australian Credit Approval,R1_F1,1,1,a14,5,1,0.014511587611002907,0.007619841686101525,0.03276704158852195,0.01754385964912286,0.007495486884560851,0.03169637287860688
Australian Credit Approval,R1_F2,1,2,a1,0,0,0.0,0.0,0.0,0.0,0.0,0.0
Australian Credit Approval,R1_F2,1,2,a4,1,1,0.001299545159194282,0.004536626731943105,0.01502793838807337,0.00877192982456143,0.0006112221504666338,0.0028291559965640256
Australian Credit Approval,R1_F2,1,2,a4,2,1,0.0008663634394628916,0.002171987991422264,0.029841044878494594,0.012345679012345734,0.002348431413949248,0.002097672812323592
Australian Credit Approval,R1_F2,1,2,a4,3,1,0.010612952133420062,0.009515724003764992,0.04436933115483532,0.0185185185185186,0.0058545646340865815,0.017118841139922625
Australian Credit Approval,R1_F2,1,2,a4,4,1,0.009096816114359974,0.007965210370207254,0.05990033763653191,0.02729044834308003,0.0070075836323529594,0.01774274299845685
Australian Credit Approval,R1_F2,1,2,a4,5,1,0.005847953216374324,0.006023678265176802,0.05990033763653191,0.02729044834308003,0.006842622763469711,0.01520422069341354
Australian Credit Approval,R1_F2,1,2,a5,1,1,0.010829542993285757,0.009435063777033736,0.029992590437498357,0.01754385964912286,0.007413415946124921,0.024116064305746532
Australian Credit Approval,R1_F2,1,2,a5,2,1,-0.009529997834091364,-0.011339218890695557,-0.03249889532869865,-0.009746588693957059,-0.002853532888299107,-0.013180396682378248
Australian Credit Approval,R1_F2,1,2,a5,3,1,0.009529997834091475,0.013302420451442254,0.014284229014486005,0.011371020142949995,0.004126334556088143,0.017757621867860174
Australian Credit Approval,R1_F2,1,2,a5,4,1,0.011479315572882953,0.013016832139093992,0.05832439952072732,0.03768680961663429,0.006961107453280782,0.022640076804173626
Australian Credit Approval,R1_F2,1,2,a5,5,1,0.007364089235434412,0.02970724774625777,0.014284229014486005,0.011371020142949995,0.003538554588954329,0.016850896409139948
Australian Credit Approval,R1_F2,1,2,a6,1,1,-0.002815681178254259,-0.004021148446587852,0.0,0.0,0.00028761359047400903,-0.0044751598157531935
Australian Credit Approval,R1_F2,1,2,a6,2,1,-0.002599090318388564,-0.004896810496267889,-0.015342303552783876,-0.006172839506172867,0.0007077844826404028,-0.002892303342386937
Australian Credit Approval,R1_F2,1,2,a6,3,1,-0.001516136019059866,-0.0034633322249394416,0.01502793838807337,0.00877192982456143,3.2961196205230636e-05,-0.0006727137285057472
Australian Credit Approval,R1_F2,1,2,a6,4,1,-0.0006497725795970855,-0.0022911756397852034,0.01502793838807337,0.00877192982456143,0.0009841168369595782,0.0030541776694772427
Australian Credit Approval,R1_F2,1,2,a6,5,1,0.0006497725795970855,-0.0010425918453753624,-0.0004971996760469999,0.002599090318388564,0.00045782665563535996,0.0009827222416356474
Australian Credit Approval,R1_F2,1,2,a8,1,1,0.2508122157244964,0.18698550440860906,0.47077014109863263,0.24756335282651076,0.1562076398485669,0.41635481498810756
Australian Credit Approval,R1_F2,1,2,a8,2,1,0.27073857483214214,0.19571385550797782,0.4002238816751982,0.2228719948018194,0.1655505526693049,0.43985462372470063
Australian Credit Approval,R1_F2,1,2,a8,3,1,0.2376001732726879,0.18038130539039643,0.3837528314181688,0.21410006497725798,0.15010996327223558,0.40778328245601414
Australian Credit Approval,R1_F2,1,2,a8,4,1,0.2744206194498592,0.19380648986804982,0.4169194080993563,0.23164392462638084,0.16899386118146897,0.44624253913505263
Australian Credit Approval,R1_F2,1,2,a8,5,1,0.20532813515269666,0.15749208231629286,0.29847888816322016,0.17543859649122806,0.12909136218502093,0.3470045563581905
Australian Credit Approval,R1_F2,1,2,a9,1,1,0.009096816114359974,0.009192963508264707,0.030258803528258382,0.014944769330734298,0.0040898820970205335,0.01576848198199765
Australian Credit Approval,R1_F2,1,2,a9,2,1,0.011695906432748648,0.0062659695791145165,0.0755196639081861,0.04126055880441848,0.006783818246220402,0.02122830465400838
Australian Credit Approval,R1_F2,1,2,a9,3,1,0.007147498375568606,0.0070076561739733645,0.04490194646133605,0.026315789473684292,0.0030720568185874653,0.011960608990202404
Australian Credit Approval,R1_F2,1,2,a9,4,1,0.005198180636777128,0.0038500696160128633,0.045398180328930726,0.02371669915529573,0.003321596423320583,0.010049328921128475
Australian Credit Approval,R1_F2,1,2,a9,5,1,0.00021659085986569515,-0.006767606309291296,0.04490194646133605,0.026315789473684292,0.0030811048407687752,0.003913643185029236
Australian Credit Approval,R1_F2,1,2,a11,0,0,0.0,0.0,0.0,0.0,0.0,0.0
Australian Credit Approval,R1_F2,1,2,a12,1,1,-0.0004331817197313903,0.0004452018612662867,0.0,0.0,-0.002637144928884297,-0.00614549301058831
Australian Credit Approval,R1_F2,1,2,a12,2,1,0.0017327268789257833,0.0022209180393339967,0.0,0.0,-0.0012891858069835338,-0.0032353829959412272
Australian Credit Approval,R1_F2,1,2,a12,3,1,0.0004331817197315013,0.0013742996135792662,0.0,0.0,-0.002036361617605925,-0.0058987639493424115
Australian Credit Approval,R1_F2,1,2,a12,4,1,-0.00021659085986569515,0.0001949321258052361,0.0,0.0,-0.0023943197232229596,-0.0066611087220251886
Australian Credit Approval,R1_F2,1,2,a12,5,1,-0.004331817197314236,-0.005837182037184974,0.0,0.0,-0.002439871801829127,-0.011239596059103962
Australian Credit Approval,R1_F2,1,2,a2,1,1,-0.004548408057179931,-0.005273620606711549,-0.0469512058792142,-0.01851851851851849,-0.0023884084010548784,-0.011794874959321688
Australian Credit Approval,R1_F2,1,2,a2,2,1,0.001299545159194393,0.00647794829330639,0.01502793838807337,0.00877192982456143,0.0008012948530596309,0.002102941411665449
Australian Credit Approval,R1_F2,1,2,a2,3,1,-0.007147498375568495,-0.0068094527281628014,-0.0004971996760469999,0.002599090318388564,-0.003649626584642185,-0.015060683177119116
Australian Credit Approval,R1_F2,1,2,a2,4,1,-0.010396361273554144,-0.014601107101687827,0.014284229014486005,0.011371020142949995,-0.002852413542020177,-0.022238910616876217
Australian Credit Approval,R1_F2,1,2,a2,5,1,-0.0004331817197313903,0.002700572385165967,-0.0469512058792142,-0.01851851851851849,-0.00015354017420354804,-0.002416151188478266
Australian Credit Approval,R1_F2,1,2,a3,1,1,0.009529997834091364,0.006384898893546653,0.0755196639081861,0.04126055880441848,0.0037536951992478557,0.012715464157384504
Australian Credit Approval,R1_F2,1,2,a3,2,1,0.010612952133420062,0.01648685193846211,0.029992590437498357,0.01754385964912286,0.0018086957624271899,0.011168019675168284
Australian Credit Approval,R1_F2,1,2,a3,3,1,0.004548408057180042,0.003405964116330651,0.030258803528258382,0.014944769330734298,0.002115516318282523,0.006502671661118509
Australian Credit Approval,R1_F2,1,2,a3,4,1,0.0062811349361058255,0.0070738856184109355,0.029841044878494594,0.012345679012345734,0.0019471387107696664,0.006661071378229744
Australian Credit Approval,R1_F2,1,2,a3,5,1,0.012778860732077235,0.012832667784111962,0.07576842226978808,0.038661468486029915,0.004254456755053135,0.019323117451531202
Australian Credit Approval,R1_F2,1,2,a7,1,1,0.0017327268789256722,0.021822588920935693,0.0436871602406399,0.028914879792072856,-0.00030948678114560424,0.0038454160381155567
Australian Credit Approval,R1_F2,1,2,a7,2,1,0.010829542993285757,0.028554360683579305,0.029992590437498357,0.01754385964912286,0.004882377383496381,0.02036494605915079
Australian Credit Approval,R1_F2,1,2,a7,3,1,-0.005847953216374213,0.011601052854937954,-0.01633348843236415,-0.003573749187784303,-0.001555043661765912,-0.005832836156662191
Australian Credit Approval,R1_F2,1,2,a7,4,1,0.0008663634394628916,0.0012008933203588867,0.012787245884102405,0.013970110461338558,0.001666046668676771,0.002560488744687117
Australian Credit Approval,R1_F2,1,2,a7,5,1,-0.0049815897769113215,0.000551403962468,-0.030258803528258382,-0.014944769330734187,-0.004399966909895331,-0.012984667198950528
Australian Credit Approval,R1_F2,1,2,a10,1,1,0.008230452674897193,0.010218485156096913,0.07576842226978808,0.038661468486029915,0.006151398877833156,0.017892417880363776
Australian Credit Approval,R1_F2,1,2,a10,2,1,0.0004331817197315013,-0.0018169962521070726,0.014284229014486005,0.011371020142949995,0.0026160932211207327,0.004505744807784873
Australian Credit Approval,R1_F2,1,2,a10,3,1,0.019709768247780035,0.0158715605981794,0.060517607056516765,0.029889538661468484,0.009586818775989672,0.03492989903981675
Australian Credit Approval,R1_F2,1,2,a10,4,1,0.009313406974225669,0.010573833686750578,0.09051837812365104,0.05003248862897991,0.0064595506006275005,0.018136122527382337
Australian Credit Approval,R1_F2,1,2,a10,5,1,-0.0008663634394628916,0.004688615162466103,0.029992590437498357,0.01754385964912286,0.0012670013982387374,0.0005669957494972011
Australian Credit Approval,R1_F2,1,2,a13,0,0,0.0,0.0,0.0,0.0,0.0,0.0
Australian Credit Approval,R1_F2,1,2,a14,1,1,0.008663634394628583,0.0049935901521994674,0.015056050016040379,0.006172839506172867,0.0026831298937567694,0.01976942954124694
Australian Credit Approval,R1_F2,1,2,a14,2,1,0.011046133853151452,0.006817289906512758,-0.015572251435357787,-0.011371020142949995,0.004890188115941815,0.033771887399070166
Australian Credit Approval,R1_F2,1,2,a14,3,1,0.014294996751137101,0.010201896887349404,-0.0011246021182858001,-0.005198180636777128,0.009884060264196207,0.03428487386486445
Australian Credit Approval,R1_F2,1,2,a14,4,1,0.01299545159194293,0.011911818316627354,0.015056050016040379,0.006172839506172867,0.00791578788478603,0.027436195001123542
Australian Credit Approval,R1_F2,1,2,a14,5,1,0.010612952133420062,0.003197672143388397,0.015056050016040379,0.006172839506172867,0.004024438695727356,0.02035684617240402
Australian Credit Approval,R1_F3,1,3,a1,0,0,0.0,0.0,0.0,0.0,0.0,0.0
Australian Credit Approval,R1_F3,1,3,a4,1,1,-0.007112068965517193,-0.012603713412026485,0.013963163805523093,0.008620689655172376,-0.0036711591019689543,-0.017986644748557212
Australian Credit Approval,R1_F3,1,3,a4,2,1,0.004956896551724155,-0.004570081692840677,0.003123152657134587,-0.0023706896551725087,0.005765383854778525,0.012094271529936973
Australian Credit Approval,R1_F3,1,3,a4,3,1,0.0060344827586206184,0.005198518428370269,0.013963163805523093,0.008620689655172376,0.0044476992467099435,0.011959001918567858
Australian Credit Approval,R1_F3,1,3,a4,4,1,0.0028017241379310054,0.004002828116734691,0.003123152657134587,-0.0023706896551725087,0.002133516132674637,0.008266563671323057
Australian Credit Approval,R1_F3,1,3,a4,5,1,0.004956896551724155,0.007399677842056529,0.031501398240541434,0.014870689655172353,0.006676742081623749,0.011713733013438976
Australian Credit Approval,R1_F3,1,3,a5,1,1,-0.010775862068965525,-0.02228822196066893,-0.028018902288017955,-0.017241379310344973,-0.0027550065460394124,-0.018800096897449714
Australian Credit Approval,R1_F3,1,3,a5,2,1,-0.00581896551724137,-0.020229860477891992,-0.003999441935751524,0.0023706896551722867,-0.001042189148828282,-0.010059200434207605
Australian Credit Approval,R1_F3,1,3,a5,3,1,0.003232758620689613,0.005860966256930333,0.0,0.0,0.0063061198274514535,0.007814566740519946
Australian Credit Approval,R1_F3,1,3,a5,4,1,-0.009051724137930983,-0.02530121386259443,-0.028018902288017955,-0.017241379310344973,-0.0016143265404455764,-0.01628497787975053
Australian Credit Approval,R1_F3,1,3,a5,5,1,-0.004525862068965547,-0.018956139553934603,0.041835290614608445,0.025862068965517127,0.002434976853436424,-0.001207559182876572
Australian Credit Approval,R1_F3,1,3,a6,1,1,0.0,0.011686666745083896,-0.013991521706254062,-0.008620689655172487,-0.0011219943195455023,-0.0015751468358284892
Australian Credit Approval,R1_F3,1,3,a6,2,1,0.00043103448275849665,0.006759889202230029,0.017324916752812114,0.006249999999999978,0.000990606026494839,0.0036484087749714122
Australian Credit Approval,R1_F3,1,3,a6,3,1,0.00193965517241379,0.008389939767256438,0.017324916752812114,0.006249999999999978,0.0016971970713432066,0.00478539341308698
Australian Credit Approval,R1_F3,1,3,a6,4,1,0.001293103448275934,0.007409233505393575,0.0,0.0,0.0001563039009654238,0.0006415040917508441
Australian Credit Approval,R1_F3,1,3,a6,5,1,-0.004310344827586188,-0.01224981419221094,0.0,0.0,-0.0016311401951404764,-0.009436097338075544
Australian Credit Approval,R1_F3,1,3,a8,1,1,0.19719827586206895,0.16126588254036278,0.3767876474193635,0.1926724137931034,0.13457726372857554,0.33723086725533646
Australian Credit Approval,R1_F3,1,3,a8,2,1,0.25409482758620694,0.19933592043077697,0.36840580252082467,0.1997844827586206,0.15565149215653104,0.4018505456034511
Australian Credit Approval,R1_F3,1,3,a8,3,1,0.2978448275862069,0.2167847213644747,0.44594133566310085,0.22478448275862062,0.1944467545737864,0.5039507764669616
Australian Credit Approval,R1_F3,1,3,a8,4,1,0.20754310344827598,0.12451065709684728,0.3790455632607081,0.1879310344827585,0.15626750364582057,0.39169746832517494
Australian Credit Approval,R1_F3,1,3,a8,5,1,0.23965517241379308,0.1707779075624909,0.41157266076629023,0.20754310344827576,0.16526508575584015,0.41817610383562
Australian Credit Approval,R1_F3,1,3,a9,1,1,0.008836206896551735,0.003047098024089534,0.07396022879685049,0.04073275862068959,0.008305420530729107,0.02182863447461908
Australian Credit Approval,R1_F3,1,3,a9,2,1,0.001293103448275934,-0.009896879433589412,0.04566059484648788,0.02349137931034484,0.0037868396036339624,0.004652842360080789
Australian Credit Approval,R1_F3,1,3,a9,3,1,0.00387931034482758,-0.009563364160161791,0.031501398240541434,0.014870689655172353,0.006912200709154742,0.008806414903709148
Australian Credit Approval,R1_F3,1,3,a9,4,1,0.005172413793103514,-0.003747536527996198,0.017324916752812114,0.006249999999999978,0.0028662777277610185,0.0006485822653490292
Australian Credit Approval,R1_F3,1,3,a9,5,1,0.00021551724137935935,-0.009209289551075028,0.013963163805523093,0.008620689655172376,0.003837887635149459,0.00237654349993649
Australian Credit Approval,R1_F3,1,3,a11,0,0,0.0,0.0,0.0,0.0,0.0,0.0
Australian Credit Approval,R1_F3,1,3,a12,1,1,-0.0036637931034482207,-0.008490032227653543,0.0,0.0,0.0013819526601739907,-0.002364269971228794
Australian Credit Approval,R1_F3,1,3,a12,2,1,0.005172413793103403,0.001565719680979738,0.0,0.0,0.00427004971759791,0.008608903810626622
Australian Credit Approval,R1_F3,1,3,a12,3,1,0.003232758620689613,0.0008714302284922315,0.0,0.0,0.0033181864901275226,0.005353931777358767
Australian Credit Approval,R1_F3,1,3,a12,4,1,0.004741379310344795,0.0015560330329071892,0.0,0.0,0.003912421005469249,0.008749786847053853
Australian Credit Approval,R1_F3,1,3,a12,5,1,0.003879310344827691,0.0028026099910338775,0.0,0.0,0.0032906711767754643,0.006772360160653357
Australian Credit Approval,R1_F3,1,3,a2,1,1,0.003232758620689613,0.0017342947942823317,0.013963163805523093,0.008620689655172376,0.0038776703743622354,0.007891007765396973
Australian Credit Approval,R1_F3,1,3,a2,2,1,0.005603448275862122,0.007985665268745112,0.009710352432366398,0.010991379310344773,0.003941724817715916,0.010715102600422244
Australian Credit Approval,R1_F3,1,3,a2,3,1,0.004525862068965547,0.01264968274015199,0.0,0.0,0.0023037162199470024,0.008636194978454192
Australian Credit Approval,R1_F3,1,3,a2,4,1,-0.001293103448275934,-0.01458265988682017,-0.003999441935751524,0.0023706896551722867,0.003157724518611474,-0.0012194344458095197
Australian Credit Approval,R1_F3,1,3,a2,5,1,-0.0008620689655173264,0.0013861173099736224,0.023402571267801542,0.01961206896551726,-2.1132417042726837e-05,-0.0008785104996616444
Australian Credit Approval,R1_F3,1,3,a3,1,1,0.012284482758620707,0.0016891572453328063,0.031501398240541434,0.014870689655172353,0.013467809309045106,0.024440782014060136
Australian Credit Approval,R1_F3,1,3,a3,2,1,0.01357758620689653,0.011549954385843386,-0.013991521706254062,-0.008620689655172487,0.009150314419857059,0.02760615578327391
Australian Credit Approval,R1_F3,1,3,a3,3,1,0.013362068965517171,0.012385290183048125,0.0,0.0,0.010560263132072992,0.027449618121174912
Australian Credit Approval,R1_F3,1,3,a3,4,1,0.003232758620689724,-0.0002291496929134329,-0.028018902288017955,-0.017241379310344973,0.0017800422783768588,0.004494602326655384
Australian Credit Approval,R1_F3,1,3,a3,5,1,0.0,-0.018478173908071716,-0.013991521706254062,-0.008620689655172487,0.00864236528578334,0.008725042057445787
Australian Credit Approval,R1_F3,1,3,a7,1,1,0.01163793103448274,0.012647226649328602,0.017324916752812114,0.006249999999999978,0.011688430324045193,0.03942355470578479
Australian Credit Approval,R1_F3,1,3,a7,2,1,-0.00581896551724137,-0.01229968316405683,0.0,0.0,-6.514788939408767e-05,-0.008138060286483673
Australian Credit Approval,R1_F3,1,3,a7,3,1,0.0030172413793102537,0.010461592630381378,-0.017734267235441692,-0.006250000000000089,0.002929292534574246,0.012031097168940297
Australian Credit Approval,R1_F3,1,3,a7,4,1,0.0060344827586207295,0.019356096281783808,-0.003999441935751524,0.0023706896551722867,0.004316003961826478,0.015147784392062158
Australian Credit Approval,R1_F3,1,3,a7,5,1,0.004956896551724044,0.01025456476833364,-0.013991521706254062,-0.008620689655172487,0.004469935874457112,0.02072109485904028
Australian Credit Approval,R1_F3,1,3,a10,1,1,0.01767241379310347,0.012571078662701796,0.06540726254743956,0.02737068965517231,0.013181022323944719,0.03221201435962562
Australian Credit Approval,R1_F3,1,3,a10,2,1,-0.004525862068965547,-0.003185740707337903,0.06300279648108276,0.029741379310344707,-0.0020029501169704783,-0.008374598459553184
Australian Credit Approval,R1_F3,1,3,a10,3,1,0.00948275862068959,-0.00377433048313891,0.05232267330343432,0.016379310344827536,0.010894783411409523,0.021814038813840253
Australian Credit Approval,R1_F3,1,3,a10,4,1,0.006465517241379337,0.011907997883570776,0.03426520760228702,0.012499999999999956,0.008591945745030471,0.017505111699428755
Australian Credit Approval,R1_F3,1,3,a10,5,1,0.010775862068965525,0.005719098837932868,0.06540726254743956,0.02737068965517231,0.010961484462840981,0.023376192342090707
Australian Credit Approval,R1_F3,1,3,a13,0,0,0.0,0.0,0.0,0.0,0.0,0.0
Australian Credit Approval,R1_F3,1,3,a14,1,1,0.012284482758620596,-0.002595650348225953,0.03426520760228702,0.012499999999999956,0.00973217548244816,0.024951929844472254
Australian Credit Approval,R1_F3,1,3,a14,2,1,0.0010775862068965747,-0.022457517633027835,0.02790563780557631,0.01724137931034475,0.005888313385288127,0.019787233998634246
Australian Credit Approval,R1_F3,1,3,a14,3,1,0.011422413793103492,0.008480120777225153,0.019866079352546584,0.00387931034482758,0.00901045532236805,0.03138208408825405
Australian Credit Approval,R1_F3,1,3,a14,4,1,0.020689655172413723,0.0025659942105539235,0.050843872181364214,0.018749999999999933,0.0170807878982136,0.04414841153058413
Australian Credit Approval,R1_F3,1,3,a14,5,1,0.014439655172413857,-0.0017179363227486366,-0.011111713476271046,-0.010991379310344884,0.006410511837166774,0.020017992047075328
Australian Credit Approval,R1_F4,1,4,a1,0,0,0.0,0.0,0.0,0.0,0.0,0.0
Australian Credit Approval,R1_F4,1,4,a4,1,1,0.0008408660920747879,-0.0017760825267921776,0.029446424827175743,0.014504940088290952,0.004356457763618038,0.005637291121531218
Australian Credit Approval,R1_F4,1,4,a4,2,1,0.00042043304603733844,-0.004189965629949333,0.029446424827175743,0.014504940088290952,0.002209093245543109,0.001595691166367319
Australian Credit Approval,R1_F4,1,4,a4,3,1,0.0033634643682993737,0.010289932673330004,0.00442629905907721,0.00042043304603744946,-0.0013933005849444402,-0.0010821477183222128
Australian Credit Approval,R1_F4,1,4,a4,4,1,0.009459743535841891,0.015589181352263504,0.012280169628421933,0.007042253521126751,0.004028727584432248,0.0126564808207561
Australian Credit Approval,R1_F4,1,4,a4,5,1,-0.0033634643682993737,-0.004857071720636874,0.0,0.0,-0.00020609355916460792,-0.007430018843739061
Australian Credit Approval,R1_F4,1,4,a5,1,1,0.013664073996216053,0.032938210583776106,0.054075316976969434,0.028589447130544454,0.0027506887637820526,0.01774610597246923
Australian Credit Approval,R1_F4,1,4,a5,2,1,0.008408660920748434,0.025376871154506486,0.0757351294636347,0.036472566743746104,0.004455447740668472,0.011911179716208198
Australian Credit Approval,R1_F4,1,4,a5,3,1,0.016817321841496757,0.04358171346990869,0.01874216129991968,0.013664073996216053,0.004510234530204105,0.02666254601344087
Australian Credit Approval,R1_F4,1,4,a5,4,1,0.008618877443767103,0.03246486227857559,0.012280169628421933,0.007042253521126751,0.0041141709755879025,0.01462328534938745
Australian Credit Approval,R1_F4,1,4,a5,5,1,0.011351692243010247,0.054799669922299454,-0.0172463032582183,-0.007462686567164201,0.0002678483632959916,0.014968805799748575
Australian Credit Approval,R1_F4,1,4,a6,1,1,0.006306495690561298,0.0170817507402935,0.00442629905907721,0.00042043304603744946,0.003080844625882692,0.012117917202639439
Australian Credit Approval,R1_F4,1,4,a6,2,1,0.0012612991381122374,-0.003554524238235768,0.01698842402139311,0.007462686567164201,0.0034200615301631654,0.006045226982645147
Australian Credit Approval,R1_F4,1,4,a6,3,1,0.0023123817532058055,-0.0018637904791698467,0.04636177674251396,0.02196762665545504,0.0038942789493350283,0.009119863216944413
Australian Credit Approval,R1_F4,1,4,a6,4,1,0.0010510826150935682,0.0003122941410108604,0.01698842402139311,0.007462686567164201,0.0013946070701711666,0.00030839472726529316
Australian Credit Approval,R1_F4,1,4,a6,5,1,0.008408660920748323,0.006691417818110557,0.06304051431340385,0.029430313222619353,0.007664653249739306,0.018026983289764098
Australian Credit Approval,R1_F4,1,4,a8,1,1,0.21904561698549507,0.21824976685066066,0.4250082939296874,0.21547193609417692,0.14031634487598466,0.37713998330891596
Australian Credit Approval,R1_F4,1,4,a8,2,1,0.18204750893420218,0.18086706149773935,0.35967333429477527,0.18026066848854316,0.1278539352037526,0.34893239372481866
Australian Credit Approval,R1_F4,1,4,a8,3,1,0.26235022072734915,0.2633285365482607,0.45142230820158086,0.22955644313643053,0.1669806788120946,0.45727539299001796
Australian Credit Approval,R1_F4,1,4,a8,4,1,0.27979819213790214,0.27005648354676937,0.4823512299314304,0.24406138322472148,0.1777976304594605,0.4984452526450216
Australian Credit Approval,R1_F4,1,4,a8,5,1,0.1725877653983603,0.11713640330546937,0.4195133376098789,0.20927054866512507,0.13172666370727815,0.3234490998731814
Australian Credit Approval,R1_F4,1,4,a9,1,1,-0.010090393104898121,-0.026504808084137355,0.029446424827175743,0.014504940088290952,-0.0005877023153781913,-0.015224453003750527
Australian Credit Approval,R1_F4,1,4,a9,2,1,0.004624763506411611,-0.0052029281309964315,0.033733406686240586,0.01492537313432829,0.005308093746561396,0.00740036386234505
Australian Credit Approval,R1_F4,1,4,a9,3,1,-0.00021021652301866922,-0.002298622095870839,0.029446424827175743,0.014504940088290952,0.00586061651180797,0.005879967046217849
Australian Credit Approval,R1_F4,1,4,a9,4,1,-0.005465629598486399,-0.016668338273893246,0.05349411315234498,0.02280849274752994,0.001629661103951685,-0.010621193648846006
Australian Credit Approval,R1_F4,1,4,a9,5,1,-0.00021021652301866922,-0.0045220798982325006,0.029446424827175743,0.014504940088290952,0.006184881844268977,0.004580873155375809
Australian Credit Approval,R1_F4,1,4,a11,0,0,0.0,0.0,0.0,0.0,0.0,0.0
Australian Credit Approval,R1_F4,1,4,a12,1,1,0.00021021652301866922,0.007454571070158567,0.0,0.0,0.0004425950492832065,0.0013980807934424466
Australian Credit Approval,R1_F4,1,4,a12,2,1,0.002943031322261813,0.01234936295696809,0.01698842402139311,0.007462686567164201,0.0012209370665407782,0.006665158066562038
Australian Credit Approval,R1_F4,1,4,a12,3,1,0.0033634643682992627,0.010018529638225027,0.0,0.0,0.0019191996843410941,0.0080160664993294
Australian Credit Approval,R1_F4,1,4,a12,4,1,0.0031532478452805934,0.01531997585416578,0.01698842402139311,0.007462686567164201,0.0009844501924366617,0.0067317885369810315
Australian Credit Approval,R1_F4,1,4,a12,5,1,0.00042043304603733844,0.006517718511870996,0.01698842402139311,0.007462686567164201,-0.00035871443602505937,0.0006731404802647334
Australian Credit Approval,R1_F4,1,4,a2,1,1,0.002732814799243255,-0.0029418882039415895,0.05889284965435149,0.029009880176581793,0.004590057429764177,0.005735386669610432
Australian Credit Approval,R1_F4,1,4,a2,2,1,0.007147361782636086,-0.006234855134342743,0.0794962592209173,0.03689299978978344,0.008329358395885222,0.011756396825111426
Australian Credit Approval,R1_F4,1,4,a2,3,1,-1.1102230246251565e-16,0.0009704203098082065,0.024461654665791865,0.014084507042253502,-0.0006480225694466407,-0.011744173586788198
Australian Credit Approval,R1_F4,1,4,a2,4,1,-0.0006306495690561187,-0.01689723210389238,0.04636177674251396,0.02196762665545504,0.0049234559361586855,-0.0037208901332854705
Australian Credit Approval,R1_F4,1,4,a2,5,1,0.003573680891318043,0.003262405225404219,0.033733406686240586,0.01492537313432829,-4.721749558685151e-05,-0.0028906311151478126
Australian Credit Approval,R1_F4,1,4,a3,1,1,0.008408660920748323,0.020809662614598712,0.00442629905907721,0.00042043304603744946,0.001602863566669388,0.014975964732611924
Australian Credit Approval,R1_F4,1,4,a3,2,1,0.0031532478452805934,0.01866965920660002,0.02100114682104437,0.007883119613201539,-0.00214054310299569,0.006373492175401729
Australian Credit Approval,R1_F4,1,4,a3,3,1,0.0077780113516922045,0.025719578675318266,0.00442629905907721,0.00042043304603744946,-0.0002133902476113836,0.009657013928278668
Australian Credit Approval,R1_F4,1,4,a3,4,1,0.0014715156611309066,0.02708037929193141,0.050248703020980834,0.022388059701492602,4.2428272876648965e-05,0.00017955751269516096
Australian Credit Approval,R1_F4,1,4,a3,5,1,-0.00042043304603733844,-0.010483608646566944,0.00442629905907721,0.00042043304603744946,-0.000460421651440987,-0.0026501942637247033
Australian Credit Approval,R1_F4,1,4,a7,1,1,0.00483498002943028,0.0063852275277613835,0.006842251998221638,0.006621820475089302,0.00493267691198189,0.007211740756127627
Australian Credit Approval,R1_F4,1,4,a7,2,1,-0.0058860626445239594,-0.011569542105866804,0.012280169628421933,0.007042253521126751,0.001352154801360847,-0.005307883813880532
Australian Credit Approval,R1_F4,1,4,a7,3,1,-0.008408660920748323,-0.019100519419174233,0.012280169628421933,0.007042253521126751,0.0009897330178913893,-0.009829620421688834
Australian Credit Approval,R1_F4,1,4,a7,4,1,0.0031532478452804824,-0.0033950452163413747,0.06047331771925735,0.03521126760563387,0.0046275510382478985,0.0078122607580229375
Australian Credit Approval,R1_F4,1,4,a7,5,1,-0.003994113937355492,-0.001263526547151006,0.0,0.0,-0.0016061823356770394,-0.010025496251625965
Australian Credit Approval,R1_F4,1,4,a10,1,1,0.008829093966785773,0.018221970818587008,0.011221126762849032,0.0012612991381122374,0.005193933818866972,0.011994781281791822
Australian Credit Approval,R1_F4,1,4,a10,2,1,0.007567794828673535,-0.0070254231610011875,0.00442629905907721,0.00042043304603744946,0.008657480475913401,0.017991998043692448
Australian Credit Approval,R1_F4,1,4,a10,3,1,0.012823207904141265,0.013502071896522416,0.02100114682104437,0.007883119613201539,0.011154563546763793,0.027922696908705302
Australian Credit Approval,R1_F4,1,4,a10,4,1,0.014084507042253502,0.011724414687995122,0.033733406686240586,0.01492537313432829,0.01046528131413435,0.021980817230220884
Australian Credit Approval,R1_F4,1,4,a10,5,1,0.011982341812066366,-0.002570604404219523,0.024346038724305297,0.008303552659238989,0.009328353444214496,0.021753433864311944
Australian Credit Approval,R1_F4,1,4,a13,0,0,0.0,0.0,0.0,0.0,0.0,0.0
Australian Credit Approval,R1_F4,1,4,a14,1,1,0.001891948707168356,-0.020652238486243535,0.05889284965435149,0.029009880176581793,0.00502740897182781,-0.0015565754111461216
Australian Credit Approval,R1_F4,1,4,a14,2,1,0.013033424427159934,0.009531753175751279,0.09574202339458582,0.04435568635694764,0.01065743303946401,0.018763105136002045
Australian Credit Approval,R1_F4,1,4,a14,3,1,0.022493167963001937,0.010235965630272958,0.08833927448152723,0.043514820264872855,0.01906920530743285,0.04592732988728493
Australian Credit Approval,R1_F4,1,4,a14,4,1,0.00021021652301866922,0.0026017867336871614,0.054075316976969434,0.028589447130544454,0.0024310158277088684,-0.0012555289547738768
Australian Credit Approval,R1_F4,1,4,a14,5,1,0.011772125289047697,0.004308893150450355,0.0757351294636347,0.036472566743746104,0.012643267289531787,0.02405701583370673
Australian Credit Approval,R1_F5,1,5,a1,0,0,0.0,0.0,0.0,0.0,0.0,0.0
Australian Credit Approval,R1_F5,1,5,a4,1,1,0.005278716216216228,0.0024141922712851427,0.008818203257023205,0.008868243243243312,0.006074746649907051,0.014950758186401791
Australian Credit Approval,R1_F5,1,5,a4,2,1,0.0021114864864865135,0.000604543124874457,-0.0041451577113093,0.0010557432432433123,0.002695455231465055,0.007537124318191923
Australian Credit Approval,R1_F5,1,5,a4,3,1,0.007179054054054057,0.004919563202818611,0.026364080662110045,0.015625,0.005973007430686211,0.016718552748487048
Australian Credit Approval,R1_F5,1,5,a4,4,1,0.004011824324324342,0.00160816505110839,0.008818203257023205,0.008868243243243312,0.004259667232608871,0.008760991328719603
Australian Credit Approval,R1_F5,1,5,a4,5,1,0.0025337837837837718,-0.0010745500471339708,0.0,0.0,0.002311281664956713,0.008019531351293518
Australian Credit Approval,R1_F5,1,5,a5,1,1,0.006545608108108114,0.015039153702585017,0.013206253094228959,0.0078125,0.004434970693442938,0.015146663416916561
Australian Credit Approval,R1_F5,1,5,a5,2,1,0.007179054054054168,0.010617565780402849,0.013206253094228959,0.0078125,0.00012341287439632254,0.011659326170199713
Australian Credit Approval,R1_F5,1,5,a5,3,1,-0.0038006756756756577,-0.010152987040357275,-0.013261554720017998,-0.0078125,0.0007302457209841656,-0.001617892211179417
Australian Credit Approval,R1_F5,1,5,a5,4,1,0.0,-0.007447802163452644,0.06561690805927933,0.0390625,0.005167453219397655,0.00988286861343951
Australian Credit Approval,R1_F5,1,5,a5,5,1,0.009712837837837829,0.006070334447638159,0.0568733190355295,0.0301942567567568,0.004494312712981993,0.02293858270229615
Australian Credit Approval,R1_F5,1,5,a6,1,1,0.0,-0.0018242787899402924,0.026364080662110045,0.015625,0.00038030546355526107,0.004458102549521892
Australian Credit Approval,R1_F5,1,5,a6,2,1,-0.003589527027027084,-0.007196409434808593,0.013206253094228959,0.0078125,0.0006315043578772744,-0.00046255260389016506
Australian Credit Approval,R1_F5,1,5,a6,3,1,0.0010557432432432012,-0.005013290238925938,0.026364080662110045,0.015625,0.003793773955040422,0.010317001334920417
Australian Credit Approval,R1_F5,1,5,a6,4,1,0.0004222972972973693,0.0004513575954400162,0.013206253094228959,0.0078125,-0.0005446803878336459,0.0014036633349749361
Australian Credit Approval,R1_F5,1,5,a6,5,1,-0.0021114864864864025,-0.0021516357005787468,0.026364080662110045,0.015625,0.0007675130583415096,-0.0001664841498736913
Australian Credit Approval,R1_F5,1,5,a8,1,1,0.23754222972972983,0.1847039931678337,0.3155258730208926,0.16765202702702708,0.16194410182926622,0.4107604826484456
Australian Credit Approval,R1_F5,1,5,a8,2,1,0.2512668918918919,0.2166734158795124,0.30538221387846903,0.1697635135135136,0.1624653591232909,0.4198269691593021
Australian Credit Approval,R1_F5,1,5,a8,3,1,0.19214527027027029,0.19979410742814807,0.22978070375135645,0.1317567567567568,0.12769467351498898,0.336047186631887
Australian Credit Approval,R1_F5,1,5,a8,4,1,0.27744932432432434,0.2502909704028712,0.3342546591157418,0.1853885135135136,0.16669560222901025,0.4316249293444829
Australian Credit Approval,R1_F5,1,5,a8,5,1,0.277660472972973,0.2271802125518042,0.394481339598294,0.2166385135135136,0.16742432394281037,0.4181945847432494
Australian Credit Approval,R1_F5,1,5,a9,1,1,-0.0016891891891891442,-0.0018252315293670884,-0.017159230095304512,-0.006756756756756688,-0.00037196906375211447,-0.0002088522282590044
Australian Credit Approval,R1_F5,1,5,a9,2,1,-0.0021114864864864025,-0.0033044106815582897,0.026364080662110045,0.015625,-0.001189388209840339,-0.0011311307242179436
Australian Credit Approval,R1_F5,1,5,a9,3,1,0.0008445945945946276,0.0021309920810346217,-0.0041451577113093,0.0010557432432433123,-0.0016864706781470895,0.0028514144521761264
Australian Credit Approval,R1_F5,1,5,a9,4,1,-0.0010557432432432012,2.9936493816884457e-05,0.026364080662110045,0.015625,-0.00038675459424970804,0.002505527925593165
Australian Credit Approval,R1_F5,1,5,a9,5,1,-0.0019003378378378288,-0.0027380621864546706,-0.017159230095304512,-0.006756756756756688,0.00031709216571747245,0.0018562177437406735
Australian Credit Approval,R1_F5,1,5,a11,0,0,0.0,0.0,0.0,0.0,0.0,0.0
Australian Credit Approval,R1_F5,1,5,a12,1,1,0.0006334459459459429,0.0015669874712055387,0.0,0.0,0.0011741621516984657,0.003990404621479149
Australian Credit Approval,R1_F5,1,5,a12,2,1,0.0010557432432433123,0.0013294739912722564,0.0,0.0,0.001501812937376279,0.0037201649834848194
Australian Credit Approval,R1_F5,1,5,a12,3,1,-0.00021114864864857363,-0.0024886413529068285,0.0,0.0,0.0018126817717601662,0.003198855426279179
Australian Credit Approval,R1_F5,1,5,a12,4,1,-0.0012668918918918859,-0.0007987363426108507,-0.013261554720017998,-0.0078125,0.000848164954696029,0.0009190211568398388
Australian Credit Approval,R1_F5,1,5,a12,5,1,0.001266891891891997,0.0011176455040013966,0.0,0.0,0.002230773806731215,0.005878675900604924
Australian Credit Approval,R1_F5,1,5,a2,1,1,0.000633445945946054,0.0005898657587979361,0.016842744722251335,0.006756756756756799,0.0028899501826982338,0.0066372046674558205
Australian Credit Approval,R1_F5,1,5,a2,2,1,0.0008445945945945166,0.0008215372337440074,0.013206253094228959,0.0078125,0.00444948256326029,0.008884724185458992
Australian Credit Approval,R1_F5,1,5,a2,3,1,-0.004434121621621601,-0.008087661803545143,0.016842744722251335,0.006756756756756799,0.0034797874776554133,0.001042036753325648
Australian Credit Approval,R1_F5,1,5,a2,4,1,-0.0010557432432432012,-0.0016293841713842516,-0.013261554720017998,-0.0078125,0.0030922777999897594,0.0070382594680611366
Australian Credit Approval,R1_F5,1,5,a2,5,1,-0.0008445945945945166,-0.0006761342750186694,0.04357173628376232,0.0223817567567568,-0.00016116216412365159,0.004582557649886854
Australian Credit Approval,R1_F5,1,5,a3,1,1,-0.004011824324324342,-0.006616920824745853,-0.013261554720017998,-0.0078125,0.0004447670353929234,-0.0026330125729239207
Australian Credit Approval,R1_F5,1,5,a3,2,1,0.004222972972973027,-0.0011009286015398745,0.04694704416452067,0.021326013513513598,0.00791139384993439,0.014507700244422217
Australian Credit Approval,R1_F5,1,5,a3,3,1,0.0014780405405405705,-0.0035910107333643193,0.016842744722251335,0.006756756756756799,0.005984803854480081,0.011902260558181499
Australian Credit Approval,R1_F5,1,5,a3,4,1,-0.0006334459459459429,-0.0004037660354994088,-0.010101650135951212,-0.008868243243243201,0.0030466300516391737,0.0068991817534023725
Australian Credit Approval,R1_F5,1,5,a3,5,1,-0.004222972972972916,-0.00418302020056438,-0.026585244715268574,-0.015625,0.0004867371706757939,-0.002454564241549051
Australian Credit Approval,R1_F5,1,5,a7,1,1,0.002956081081081141,-0.0014259336388947608,0.034619490874452596,0.024493243243243312,0.005303137647109629,0.015544319767699821
Australian Credit Approval,R1_F5,1,5,a7,2,1,0.007179054054054057,-0.0018472133538167679,0.0568733190355295,0.0301942567567568,0.007801805056985384,0.021727184375650577
Australian Credit Approval,R1_F5,1,5,a7,3,1,-0.004011824324324342,-0.009592109116569936,0.026364080662110045,0.015625,-0.0008734896959842475,-0.001087539756514988
Australian Credit Approval,R1_F5,1,5,a7,4,1,-0.005278716216216117,-0.008546771956057242,-0.030230609355663685,-0.014569256756756688,0.0006867191951836771,-0.0014479604957784442
Australian Credit Approval,R1_F5,1,5,a7,5,1,-0.0033783783783782884,-0.007772428149323329,0.008818203257023205,0.008868243243243312,0.0006694588984573341,0.003532046313186432
Australian Credit Approval,R1_F5,1,5,a10,1,1,0.008868243243243312,0.0056605880195989,0.04357173628376232,0.0223817567567568,0.006125629020972231,0.02481523514178363
Australian Credit Approval,R1_F5,1,5,a10,2,1,0.00929054054054057,0.006022674137391548,0.08338712743924392,0.0458192567567568,0.005044155642182885,0.023774858429264634
Australian Credit Approval,R1_F5,1,5,a10,3,1,0.0063344594594594295,-0.0026331139685367155,0.07014264594772823,0.0380067567567568,0.007837503867583195,0.0203463917721865
Australian Credit Approval,R1_F5,1,5,a10,4,1,0.014358108108108114,0.012349870535094287,0.026364080662110045,0.015625,0.009256713750095624,0.027898422115461508
Australian Credit Approval,R1_F5,1,5,a10,5,1,-0.0008445945945945166,0.0023520586009163624,0.030230609355663685,0.014569256756756799,-0.002802159894578715,-0.001446137632483302
Australian Credit Approval,R1_F5,1,5,a13,0,0,0.0,0.0,0.0,0.0,0.0,0.0
Australian Credit Approval,R1_F5,1,5,a14,1,1,0.004222972972973027,0.0013262218648605328,-0.056571507464763804,-0.030194256756756688,0.0038043149208906862,0.013624538636922923
Australian Credit Approval,R1_F5,1,5,a14,2,1,0.025126689189189255,0.01327880263116299,0.10430270266282915,0.051520270270270396,0.02031417327698057,0.06167496877475542
Australian Credit Approval,R1_F5,1,5,a14,3,1,0.0063344594594594295,0.002942745128440838,0.030230609355663685,0.014569256756756799,0.005976349821747981,0.02590931050516687
Australian Credit Approval,R1_F5,1,5,a14,4,1,0.022592905405405483,0.011022150598173686,0.03948042460237566,0.0234375,0.01582586904745384,0.053738113308300306
Australian Credit Approval,R1_F5,1,5,a14,5,1,0.005912162162162171,-0.0002552157902120378,0.0568733190355295,0.0301942567567568,0.00784290528923147,0.020583944230176343
Australian Credit Approval,R2_F1,2,1,a1,0,0,0.0,0.0,0.0,0.0,0.0,0.0
Australian Credit Approval,R2_F1,2,1,a4,1,1,0.0029504741833509263,0.004700583112754897,0.04159759455525869,0.023076923076922995,0.003995942290198409,0.00977905593836137
Australian Credit Approval,R2_F1,2,1,a4,2,1,0.005690200210748175,0.034626092752696125,-0.012768967732791014,-0.00937829293993686,-0.003839647152682382,0.004178106219683564
Australian Credit Approval,R2_F1,2,1,a4,3,1,0.0018967334035828731,0.0024006877403055515,-0.01309770526633669,-0.008535300316122263,4.40411724624834e-05,0.0003827473366495582
Australian Credit Approval,R2_F1,2,1,a4,4,1,-0.0008429926238144869,0.0024491859126474225,0.016133767567598656,0.00600632244467858,0.0001518925191618392,-0.005790650679884601
Australian Credit Approval,R2_F1,2,1,a4,5,1,0.0067439409905164505,0.01823549078548592,0.0017322722822877834,-0.0016859852476291959,-0.0011586220547834952,0.005679768802587026
Australian Credit Approval,R2_F1,2,1,a5,1,1,0.014963119072708086,0.02480803946631671,0.015325930759427897,0.006849315068493178,0.004031691752657496,0.018516271944310325
Australian Credit Approval,R2_F1,2,1,a5,2,1,0.012223393045310837,0.03351210874320787,0.03044367948042659,0.013698630136986245,0.007139447587803466,0.023706608690460484
Australian Credit Approval,R2_F1,2,1,a5,3,1,0.015173867228661764,0.046905061021177974,0.0017322722822877834,-0.0016859852476291959,0.004856119505505838,0.023090713089797488
Australian Credit Approval,R2_F1,2,1,a5,4,1,0.015595363540569007,0.03979542056770313,0.03044367948042659,0.013698630136986245,0.00615659032882486,0.02487697971240954
Australian Credit Approval,R2_F1,2,1,a5,5,1,0.02212855637513178,0.07362967594076342,0.030917180854460713,0.012855637513171758,0.006941802179445192,0.035046676346916605
Australian Credit Approval,R2_F1,2,1,a6,1,1,0.004214963119072768,0.0053449281390184344,0.0011591634221889136,-0.0008429926238144869,0.005178643404727512,0.00943015307446221
Australian Credit Approval,R2_F1,2,1,a6,2,1,0.004847207586933688,0.007093932891394261,-0.001763488988635209,0.0008429926238144869,0.0038901434805945767,0.008200691610219968
Australian Credit Approval,R2_F1,2,1,a6,3,1,0.0016859852476291959,0.009383717981739315,0.0,0.0,0.002310133800172101,9.965026210151384e-05
Australian Credit Approval,R2_F1,2,1,a6,4,1,-0.0014752370916754076,-0.0006989014474465538,-0.014018211980608153,-0.007692307692307665,2.0824386285811514e-05,-0.004971216159211811
Australian Credit Approval,R2_F1,2,1,a6,5,1,0.004636459430980122,0.009826457815210965,0.015325930759427897,0.006849315068493178,0.003635560019911735,0.007635102068238142
Australian Credit Approval,R2_F1,2,1,a8,1,1,0.1785036880927292,0.16337015680423594,0.3964516871316475,0.2001053740779768,0.12464245571887556,0.320074241553174
Australian Credit Approval,R2_F1,2,1,a8,2,1,0.20885142255005273,0.1926809943184593,0.44208113021004536,0.22149631190727082,0.1423252319038831,0.3845767065573682
Australian Credit Approval,R2_F1,2,1,a8,3,1,0.22128556375131725,0.2241466869945592,0.4721207348889238,0.23519494204425706,0.14556501697930843,0.4035475316863033
Australian Credit Approval,R2_F1,2,1,a8,4,1,0.19283456269757637,0.17543577491303108,0.3970357903501116,0.1992623814541623,0.13295019216327666,0.3561712473518125
Australian Credit Approval,R2_F1,2,1,a8,5,1,0.17281348788198114,0.15432390962152187,0.4122850534100017,0.20526870389884078,0.11611425622318355,0.2960350199039472
Australian Credit Approval,R2_F1,2,1,a9,1,1,-0.0014752370916754076,0.0028141936477995566,-0.01309770526633669,-0.008535300316122263,0.0012667180093437758,-0.008027047026110845
Australian Credit Approval,R2_F1,2,1,a9,2,1,-0.0050579557428871436,-0.008463904379958365,-0.014018211980608153,-0.007692307692307665,-0.000793351809175627,-0.010754723499089902
Australian Credit Approval,R2_F1,2,1,a9,3,1,0.0031612223393046035,-0.00497634189935936,0.04467007349946406,0.02139093782929402,0.0046615858720800984,-0.0015299922545081723
Australian Credit Approval,R2_F1,2,1,a9,4,1,-0.0010537407797681642,0.0012331442666901893,-0.012768967732791014,-0.00937829293993686,-0.001724312716784679,-0.011940149509498121
Australian Credit Approval,R2_F1,2,1,a9,5,1,-0.013487881981032568,-0.01803669127662133,0.015325930759427897,0.006849315068493178,-0.004135901511340384,-0.03148519009441958
Australian Credit Approval,R2_F1,2,1,a11,0,0,0.0,0.0,0.0,0.0,0.0,0.0
Australian Credit Approval,R2_F1,2,1,a12,1,1,0.0006322444678609207,0.0014091038123054123,0.0,0.0,0.0029308917111435517,0.004459975999761001
Australian Credit Approval,R2_F1,2,1,a12,2,1,0.002528977871443683,0.00222227757718807,0.015325930759427897,0.006849315068493178,0.0036756737862565364,0.009241184024465332
Australian Credit Approval,R2_F1,2,1,a12,3,1,0.0006322444678610317,0.00038306741352656104,0.0,0.0,0.002397302996476572,0.00614478558635112
Australian Credit Approval,R2_F1,2,1,a12,4,1,0.0021074815595365504,0.001911820881377091,0.0,0.0,0.002526532151320676,0.007012700285414009
Australian Credit Approval,R2_F1,2,1,a12,5,1,0.0010537407797682752,0.0008777811618703169,0.0,0.0,0.002565196123961694,0.0069180246751272545
Australian Credit Approval,R2_F1,2,1,a2,1,1,0.00611169652265553,0.00715396749137176,0.016133767567598656,0.00600632244467858,0.005251763677269025,0.013115465794395154
Australian Credit Approval,R2_F1,2,1,a2,2,1,0.003582718651211847,0.0025873356789228863,0.015325930759427897,0.006849315068493178,0.006091511640908348,0.012062383898306606
Australian Credit Approval,R2_F1,2,1,a2,3,1,0.001896733403582762,0.002284471541393218,-0.014018211980608153,-0.007692307692307665,0.0006633099898385592,0.000928048454565622
Australian Credit Approval,R2_F1,2,1,a2,4,1,0.003582718651211847,0.011268210730899675,0.0,0.0,1.3523760367117887e-05,0.003667473578245206
Australian Credit Approval,R2_F1,2,1,a2,5,1,-0.0025289778714435718,-0.005527463614936501,0.011946509740972888,0.008535300316122152,0.0025679857431228637,0.004650703210989593
Australian Credit Approval,R2_F1,2,1,a3,1,1,0.008640674394099102,0.015260294542773,-0.027452636289885146,-0.016227608008429928,0.0031824198527264924,0.01568508526977891
Australian Credit Approval,R2_F1,2,1,a3,2,1,0.008219178082191747,0.010568588433170323,0.016375764634446344,0.005163329820863982,0.009175502760321141,0.016187592062444855
Australian Credit Approval,R2_F1,2,1,a3,3,1,0.0031612223393046035,0.00764992274403431,-0.01309770526633669,-0.008535300316122263,0.0027812105188821656,0.008650328107819849
Australian Credit Approval,R2_F1,2,1,a3,4,1,-0.00042149631190724346,0.0067156930026056605,0.029410471547288153,0.014541622760800843,0.004759846005609095,-0.00046499052935650154
Australian Credit Approval,R2_F1,2,1,a3,5,1,0.00400421496311909,0.007439345775058226,0.030917180854460713,0.012855637513171758,0.004285229362619658,0.006554505582925418
Australian Credit Approval,R2_F1,2,1,a7,1,1,0.019178082191780965,0.03018176501425962,0.0011591634221889136,-0.0008429926238144869,0.002685110411699665,0.020204746831147258
Australian Credit Approval,R2_F1,2,1,a7,2,1,-0.021074815595363505,-0.01999671719984253,-0.086694384752524,-0.04446786090621713,-0.013410708005509545,-0.04905600976107383
Australian Credit Approval,R2_F1,2,1,a7,3,1,-0.0046364594309799,0.002945235447040506,-0.043362354720644314,-0.022233930453108508,-0.006719787817827491,-0.02666567414476856
Australian Credit Approval,R2_F1,2,1,a7,4,1,0.010537407797681864,0.021783751358704917,-0.029410471547288042,-0.014541622760800843,-0.0028544035767451154,-0.0030744305600872157
Australian Credit Approval,R2_F1,2,1,a7,5,1,0.008219178082191747,0.017856019493386555,-0.057409868694286326,-0.029926238145416173,-0.0006122766303662541,0.0016597549430302228
Australian Credit Approval,R2_F1,2,1,a10,1,1,0.01011591148577451,0.01283447998364684,0.1023878696465168,0.051317175974710194,0.006289936624935127,0.006428521010774291
Australian Credit Approval,R2_F1,2,1,a10,2,1,0.006533192834562773,0.008175073733814764,0.029410471547288153,0.014541622760800843,0.003629245314536164,0.0001365647502726275
Australian Credit Approval,R2_F1,2,1,a10,3,1,-0.0010537407797681642,0.0015229718669904635,0.0017322722822877834,-0.0016859852476291959,0.0011574296255130734,-0.008140075742636754
Australian Credit Approval,R2_F1,2,1,a10,4,1,0.0046364594309799,0.000208145703878726,0.013936961664913539,0.007692307692307665,0.001263175409244463,0.005615589030096513
Australian Credit Approval,R2_F1,2,1,a10,5,1,0.007797681770284504,0.007444988999479318,0.04342059765878126,0.022233930453108508,0.003925716580402208,0.009120397615300369
Australian Credit Approval,R2_F1,2,1,a13,0,0,0.0,0.0,0.0,0.0,0.0,0.0
Australian Credit Approval,R2_F1,2,1,a14,1,1,0.015173867228661875,0.0063904979914045645,0.016062540049160634,0.004320337197049495,0.011216454782293273,0.036357069737026015
Australian Credit Approval,R2_F1,2,1,a14,2,1,0.00800842992623818,0.005020898763942627,0.0011689199087117075,-0.0033719704952581697,0.004773109649546831,0.014111348787999523
Australian Credit Approval,R2_F1,2,1,a14,3,1,0.013277133825079224,0.014144237757564238,0.04536524040153389,0.020547945205479423,0.005794913214944963,0.01719836968650834
Australian Credit Approval,R2_F1,2,1,a14,4,1,0.013487881981032679,0.0061968249745976145,0.016375764634446344,0.005163329820863982,0.010084308519381802,0.02968755976290055
Australian Credit Approval,R2_F1,2,1,a14,5,1,0.009272918861960022,0.01337729355474604,-0.01309770526633669,-0.008535300316122263,0.0013046875095655969,0.0114415618751888
Australian Credit Approval,R2_F2,2,2,a1,0,0,0.0,0.0,0.0,0.0,0.0,0.0
Australian Credit Approval,R2_F2,2,2,a4,1,1,-0.004282172639170745,-0.008010299519045083,0.004239318277474813,0.0040567951318458695,-1.594586696379574e-05,-0.006643308149075766
Australian Credit Approval,R2_F2,2,2,a4,2,1,-0.004507550146495509,-0.008625710002608922,0.05577047990194617,0.03346855983772823,0.0012063473961227422,-0.0019364004467711249
Australian Credit Approval,R2_F2,2,2,a4,3,1,0.00022537750732476436,-0.009329911328188056,0.030414128868085366,0.015551048005409074,0.0054313363578421675,0.0065580656666887616
Australian Credit Approval,R2_F2,2,2,a4,4,1,-0.009916610322289854,-0.013628277006024536,0.030414128868085366,0.015551048005409074,0.0003807379698338442,-0.005065642034934481
Australian Credit Approval,R2_F2,2,2,a4,5,1,0.006761325219742931,0.0016893080802277138,0.06538466725553582,0.03515889114266402,0.006911386128182304,0.02033367455516083
Australian Credit Approval,R2_F2,2,2,a5,1,1,-0.0027045300878972833,-0.011010157101571605,0.06538466725553582,0.03515889114266402,1.7444664453275527e-05,-0.01183281578862272
Australian Credit Approval,R2_F2,2,2,a5,2,1,-0.01690331304935777,-0.009449040053994051,0.017438850504654657,0.009803921568627416,-0.0068608652460085545,-0.028720776606533716
Australian Credit Approval,R2_F2,2,2,a5,3,1,-0.01329727293216143,-0.010891592373941883,0.030414128868085366,0.015551048005409074,-0.00029189750151865923,-0.019800103285945447
Australian Credit Approval,R2_F2,2,2,a5,4,1,-0.0020283975659229903,-3.39813901040209e-05,0.047928640618200125,0.02535496957403649,0.004594690758819117,-0.0010731287654432986
Australian Credit Approval,R2_F2,2,2,a5,5,1,-0.01645255803470813,-0.01800091048656205,0.012831048071284434,0.005747126436781658,-0.004925622451339234,-0.0282078286961171
Australian Credit Approval,R2_F2,2,2,a6,1,1,-0.008789722785666032,-0.011502088504574015,0.012831048071284434,0.005747126436781658,-0.0024545086174010966,-0.017940013690928402
Australian Credit Approval,R2_F2,2,2,a6,2,1,-0.016001803020058603,-0.007557097943596269,-0.030414128868085366,-0.015551048005409074,-0.007413481012573997,-0.031075259523712206
Australian Credit Approval,R2_F2,2,2,a6,3,1,-0.005409060175794456,-0.0001598340517762198,0.012831048071284434,0.005747126436781658,-0.0011105241193043874,-0.009703569967040582
Australian Credit Approval,R2_F2,2,2,a6,4,1,-0.0004507550146495287,-0.003962442075463479,0.030414128868085366,0.015551048005409074,0.0029931954555166146,0.0005224416340758875
Australian Credit Approval,R2_F2,2,2,a6,5,1,0.0,0.011400421864713572,0.030414128868085366,0.015551048005409074,-0.0003454441745269071,-0.0012757876957038006
Australian Credit Approval,R2_F2,2,2,a8,1,1,0.3107955826008564,0.20230704681987988,0.5124306980987825,0.27620013522650444,0.16463107286319806,0.4392454448247789
Australian Credit Approval,R2_F2,2,2,a8,2,1,0.2402524228082037,0.1484148780179031,0.4589018851947563,0.244421906693712,0.14475928418311967,0.37734537509630406
Australian Credit Approval,R2_F2,2,2,a8,3,1,0.23597025016903306,0.15877517286674325,0.4486817738683208,0.23630831643002037,0.15217538384811258,0.4101769854762287
Australian Credit Approval,R2_F2,2,2,a8,4,1,0.13928329952670715,0.08173565705598518,0.3303896375920629,0.18627450980392157,0.08589498709927514,0.19351655639348853
Australian Credit Approval,R2_F2,2,2,a8,5,1,0.23867478025693034,0.16800154572013215,0.44009727274899774,0.23461798512508447,0.14135144591614118,0.37375544958956375
Australian Credit Approval,R2_F2,2,2,a9,1,1,0.0072120802343925705,-0.003277885126935387,0.025453193477430913,0.011494252873563315,0.004978069303626986,0.010229479012534792
Australian Credit Approval,R2_F2,2,2,a9,2,1,-0.0011268875366239328,-0.010788800503634288,0.012831048071284434,0.005747126436781658,0.0006295804047490305,-0.008954845497523067
Australian Credit Approval,R2_F2,2,2,a9,3,1,0.0020283975659228792,-0.0002226168334822365,0.05573706851842397,0.027045300878972278,0.002418999039815087,0.0035180878672226856
Australian Credit Approval,R2_F2,2,2,a9,4,1,0.011043497858913565,0.007206106337105056,0.030414128868085366,0.015551048005409074,0.00372609213726581,0.004500325625868662
Australian Credit Approval,R2_F2,2,2,a9,5,1,0.0029299075952219367,-0.00783230079830266,0.030414128868085366,0.015551048005409074,0.002969969015296642,-0.0009060312985186836
Australian Credit Approval,R2_F2,2,2,a11,0,0,0.0,0.0,0.0,0.0,0.0,0.0
Australian Credit Approval,R2_F2,2,2,a12,1,1,0.0022537750732476436,0.0061921480945029694,0.012831048071284434,0.005747126436781658,0.0009614939620101459,0.0047495862060311644
Australian Credit Approval,R2_F2,2,2,a12,2,1,0.0018030200585981149,0.006443326724312803,0.0,0.0,0.00048373568078856344,0.004042142980499486
Australian Credit Approval,R2_F2,2,2,a12,3,1,0.0020283975659228792,0.005216487075328735,0.012831048071284434,0.005747126436781658,0.0005303801874609188,0.00424831769509415
Australian Credit Approval,R2_F2,2,2,a12,4,1,0.0013522650439485862,0.004701898302509777,0.030414128868085366,0.015551048005409074,0.0015073515516785402,0.005651959732706213
Australian Credit Approval,R2_F2,2,2,a12,5,1,0.0006761325219741821,0.004494434071806386,0.025453193477430913,0.011494252873563315,0.0007962567772079876,0.0029678255929219133
Australian Credit Approval,R2_F2,2,2,a2,1,1,-0.011945007888212844,-0.013335485088752486,0.03787687622241953,0.017241379310344862,-0.002472727930656643,-0.019960523024991017
Australian Credit Approval,R2_F2,2,2,a2,2,1,-0.015551048005409074,-0.01944650131664938,-0.026333356211555747,-0.011494252873563204,-0.004878775885887601,-0.024015581931224883
Australian Credit Approval,R2_F2,2,2,a2,3,1,-0.0006761325219744041,0.0012350872734251395,0.047928640618200125,0.02535496957403649,0.001517286632472789,-1.2410631315240561e-05
Australian Credit Approval,R2_F2,2,2,a2,4,1,-0.01329727293216143,-0.016869364283142896,0.025453193477430913,0.011494252873563315,-5.1662226533480404e-05,-0.01330129914904804
Australian Credit Approval,R2_F2,2,2,a2,5,1,-0.016452558034708242,-0.01900911236335745,0.012831048071284434,0.005747126436781658,-0.0039110783011963995,-0.019883172106908154
Australian Credit Approval,R2_F2,2,2,a3,1,1,0.013748027946810848,0.012265644222377525,0.07841843073174559,0.040906017579445564,0.00633762060745191,0.017174315772487125
Australian Credit Approval,R2_F2,2,2,a3,2,1,-0.001803020058598226,0.012085215264046378,0.025453193477430913,0.011494252873563315,0.0007211984736567867,-0.0014186553053625595
Australian Credit Approval,R2_F2,2,2,a3,3,1,0.013071895424836555,0.018781188802748816,0.0,0.0,0.005492993407171118,0.02178458852448567
Australian Credit Approval,R2_F2,2,2,a3,4,1,0.00022537750732476436,0.009600012499997201,0.025453193477430913,0.011494252873563315,-0.0014147564127864748,-0.003998389544379866
Australian Credit Approval,R2_F2,2,2,a3,5,1,0.0006761325219741821,0.006238486971804069,0.019931162815569503,0.007437457741717335,0.000804716343577469,-0.003217458123017547
Australian Credit Approval,R2_F2,2,2,a7,1,1,0.012170385395537497,0.013706878815227697,0.012831048071284434,0.005747126436781658,0.0039242946627125325,0.01775121843534161
Australian Credit Approval,R2_F2,2,2,a7,2,1,0.008564345278341157,0.015217018964577611,0.0,0.0,0.0033998682805473773,0.017393716342507692
Australian Credit Approval,R2_F2,2,2,a7,3,1,-1.1102230246251565e-16,0.003481170226249941,-0.030414128868085366,-0.015551048005409074,0.0008292447609113546,0.006963340128555984
Australian Credit Approval,R2_F2,2,2,a7,4,1,-0.0006761325219742931,-0.004141243559874219,-0.017514488462666233,-0.009803921568627416,-0.0008993720743384337,-0.004517201450731312
Australian Credit Approval,R2_F2,2,2,a7,5,1,0.0009015100292989464,-0.0033374570577467955,-0.01305093960889081,-0.005747126436781547,0.0005538639054626232,-0.0020328912807136557
Australian Credit Approval,R2_F2,2,2,a10,1,1,0.003831417624520994,0.003846058406022479,0.047928640618200125,0.02535496957403649,0.002282970779134433,-0.0005140048109025797
Australian Credit Approval,R2_F2,2,2,a10,2,1,0.020509353166554,0.012370160175121492,0.03481199276650526,0.019607843137254943,0.008139367700391253,0.019246874239277234
Australian Credit Approval,R2_F2,2,2,a10,3,1,0.026819923371647403,0.018586208307663887,0.06810589789402965,0.032792427315753825,0.013343895321021024,0.03434699278176201
Australian Credit Approval,R2_F2,2,2,a10,4,1,0.0020283975659228792,-0.005421971154514149,0.047928640618200125,0.02535496957403649,0.004251717062223687,-0.004438174937563766
Australian Credit Approval,R2_F2,2,2,a10,5,1,0.012621140410187026,0.007590308976791249,0.06082825773617073,0.031102096010818148,0.0057108044945203,0.012729592629690922
Australian Credit Approval,R2_F2,2,2,a13,0,0,0.0,0.0,0.0,0.0,0.0,0.0
Australian Credit Approval,R2_F2,2,2,a14,1,1,0.014649537976109905,0.00934286649554017,0.03864018416701931,0.023664638269100813,0.0040933110370237336,0.015391611759040691
Australian Credit Approval,R2_F2,2,2,a14,2,1,0.024340770791075106,0.010601058052208567,0.052129375774482734,0.02941176470588247,0.007990693296394347,0.034178511784713206
Australian Credit Approval,R2_F2,2,2,a14,3,1,0.01487491548343467,0.006374907876984026,0.08279232904166256,0.04496281271129143,0.008328062395307048,0.02197050688236729
Australian Credit Approval,R2_F2,2,2,a14,4,1,0.025467658327698928,0.010395003609089737,0.047928640618200125,0.02535496957403649,0.011026584193745095,0.03413188202689349
Australian Credit Approval,R2_F2,2,2,a14,5,1,0.01284651791751179,0.0058610297730400385,0.06538466725553582,0.03515889114266402,0.002983487844637367,0.014383128236286291
Australian Credit Approval,R2_F3,2,3,a1,0,0,0.0,0.0,0.0,0.0,0.0,0.0
Australian Credit Approval,R2_F3,2,3,a4,1,1,0.001052188552188582,-0.0008283753083602186,0.026795249847951785,0.015151515151515138,0.002745917415924559,0.005782102704770975
Australian Credit Approval,R2_F3,2,3,a4,2,1,0.003998316498316612,0.0033122193641696995,0.0,0.0,0.0018599527542259575,0.00706668425735657
Australian Credit Approval,R2_F3,2,3,a4,3,1,0.00042087542087554386,0.00040744169749196146,0.013433357076260699,0.007575757575757569,0.002810628780791344,0.005102647608133781
Australian Credit Approval,R2_F3,2,3,a4,4,1,0.003998316498316612,0.003727724953577205,0.013433357076260699,0.007575757575757569,0.0054547588287956195,0.010521670909061198
Australian Credit Approval,R2_F3,2,3,a4,5,1,0.00294612794612803,-0.00010384017527353961,0.013433357076260699,0.007575757575757569,0.003295954643072266,0.00988884836190912
Australian Credit Approval,R2_F3,2,3,a5,1,1,0.004419191919192045,0.008908538483392459,-0.0029285513175548727,0.0006313131313131493,0.003566923957552995,0.01172097890710283
Australian Credit Approval,R2_F3,2,3,a5,2,1,-0.0008417508417508657,0.00016416658087792246,-0.03265235248306164,-0.01388888888888884,-0.0009489255471234886,0.009736553967024997
Australian Credit Approval,R2_F3,2,3,a5,3,1,-0.007154882154882136,-0.012349327533421328,-0.0029285513175548727,0.0006313131313131493,-0.00014192483008584889,-0.007687102608062768
Australian Credit Approval,R2_F3,2,3,a5,4,1,-0.0016835016835016203,0.012065067643937222,-0.0029285513175548727,0.0006313131313131493,-0.000372904896057083,0.0007134159807257734
Australian Credit Approval,R2_F3,2,3,a5,5,1,-0.003577441077440957,0.005548434753576803,-0.016195880717144062,-0.00694444444444442,-0.0044285206758831325,-0.008895026525252647
Australian Credit Approval,R2_F3,2,3,a6,1,1,-0.0063131313131312705,-0.007055046782274088,-0.016195880717144062,-0.00694444444444442,-0.0004645493196576561,-0.004898667547401148
Australian Credit Approval,R2_F3,2,3,a6,2,1,-0.0063131313131312705,-0.007769577414530993,-0.05649845701434786,-0.029671717171717127,-0.0011436457296696012,-0.006469202275982522
Australian Credit Approval,R2_F3,2,3,a6,3,1,-0.004629629629629539,-0.008799673028772936,-0.013511947917717926,-0.007575757575757569,-0.0011055822118206937,-0.006735694280676829
Australian Credit Approval,R2_F3,2,3,a6,4,1,-0.010732323232323093,-0.013289429437937983,-0.016195880717144062,-0.00694444444444442,-0.004574910665458953,-0.01717633630074067
Australian Credit Approval,R2_F3,2,3,a6,5,1,0.002104377104377164,-0.002730989263015071,0.053333067224786146,0.030303030303030276,0.003717643118257438,0.0081276882313559
Australian Credit Approval,R2_F3,2,3,a8,1,1,0.24621212121212122,0.2482285201344565,0.45125789743060385,0.22979797979797978,0.1598432442511919,0.4196210064612838
Australian Credit Approval,R2_F3,2,3,a8,2,1,0.18160774410774416,0.17287517014984966,0.32428148095984094,0.1717171717171717,0.13535483853882857,0.34943442729182234
Australian Credit Approval,R2_F3,2,3,a8,3,1,0.23085016835016836,0.20279928615118592,0.4253467325845284,0.2247474747474747,0.15335294538348526,0.39806770247404916
Australian Credit Approval,R2_F3,2,3,a8,4,1,0.2647306397306398,0.21948267816589606,0.4491601181679199,0.23042929292929304,0.17434470572386768,0.44663351512725685
Australian Credit Approval,R2_F3,2,3,a8,5,1,0.28135521885521897,0.2411450034862681,0.4618168998823604,0.23863636363636365,0.1805615228725057,0.45032347212493923
Australian Credit Approval,R2_F3,2,3,a9,1,1,0.0012626262626262985,0.005030666714735177,-0.02710965520326125,-0.015151515151515138,-0.0006665536897743213,-0.0016619823778851184
Australian Credit Approval,R2_F3,2,3,a9,2,1,-0.0004208754208753218,-0.0041706388348390355,-0.029542002511069865,-0.014520202020201989,-0.0009877777543218363,-0.0066087414659833366
Australian Credit Approval,R2_F3,2,3,a9,3,1,-0.003577441077441068,-0.011863788456819901,0.0,0.0,-0.0007018160252885569,-0.00816028830950416
Australian Credit Approval,R2_F3,2,3,a9,4,1,0.00042087542087554386,0.0011227129098994038,-0.02710965520326125,-0.015151515151515138,-0.0011673721235684886,-0.005119564848635572
Australian Credit Approval,R2_F3,2,3,a9,5,1,0.004840067340067367,-0.007743867801891735,0.0,0.0,0.0027287438172289152,0.0076413974251350325
Australian Credit Approval,R2_F3,2,3,a11,0,0,0.0,0.0,0.0,0.0,0.0,0.0
Australian Credit Approval,R2_F3,2,3,a12,1,1,0.0006313131313132603,0.002014481498423537,0.0,0.0,0.0025691066088891767,0.008816510452540227
Australian Credit Approval,R2_F3,2,3,a12,2,1,0.0,-0.001953707980232977,0.0,0.0,0.002991613771089238,0.006235924007917726
Australian Credit Approval,R2_F3,2,3,a12,3,1,-0.002946127946127919,-0.0018449927284073242,0.0,0.0,0.0003333957785213171,-0.0010763300806670428
Australian Credit Approval,R2_F3,2,3,a12,4,1,-0.001052188552188471,-0.0011502570934642797,-0.013511947917717926,-0.007575757575757569,0.0012467740368252295,0.005874717893344872
Australian Credit Approval,R2_F3,2,3,a12,5,1,-0.002104377104376942,-0.005356372284068267,0.0,0.0,0.002309081247788683,0.006199172979627965
Australian Credit Approval,R2_F3,2,3,a2,1,1,-0.003156565656565413,-0.008569018889466706,-0.016195880717144062,-0.00694444444444442,-0.0004696383285816147,-0.0020830812722542613
Australian Credit Approval,R2_F3,2,3,a2,2,1,0.0027356902356903134,0.002004942865402759,-0.02710965520326125,-0.015151515151515138,0.001453013385313326,0.007905576150911142
Australian Credit Approval,R2_F3,2,3,a2,3,1,-0.011994949494949392,-0.019640814340327273,-0.013511947917717926,-0.007575757575757569,0.0011189861257729083,-0.009377677546807739
Australian Credit Approval,R2_F3,2,3,a2,4,1,-0.008207070707070607,-0.014932160554794516,0.0022791466078253553,-0.0006313131313131493,-0.002375586879662356,-0.0128224603161472
Australian Credit Approval,R2_F3,2,3,a2,5,1,0.0023148148148149916,0.0001345175849215563,0.0,0.0,0.0016425321880145227,0.005500354651001127
Australian Credit Approval,R2_F3,2,3,a3,1,1,0.0027356902356903134,0.004911525010803497,-0.016195880717144062,-0.00694444444444442,0.00641973272781976,0.012264665824607834
Australian Credit Approval,R2_F3,2,3,a3,2,1,0.00042087542087543284,0.0046717293889045886,0.026795249847951785,0.015151515151515138,0.002649971905721152,0.007019001515978673
Australian Credit Approval,R2_F3,2,3,a3,3,1,0.010101010101010166,0.016790996404689396,0.013433357076260699,0.007575757575757569,0.007384950595083414,0.021857412017795563
Australian Credit Approval,R2_F3,2,3,a3,4,1,0.002104377104377053,0.013761110331243387,0.0102668900187185,0.008207070707070718,0.002304672482630596,0.012671586803252033
Australian Credit Approval,R2_F3,2,3,a3,5,1,0.001473063973064015,0.011896192145142925,-0.03265235248306164,-0.01388888888888884,0.002699102824877564,0.007885958471256949
Australian Credit Approval,R2_F3,2,3,a7,1,1,0.0037878787878788955,0.007892244411825011,0.023397328964001707,0.015782828282828287,0.0029701088993215885,0.014081930217849425
Australian Credit Approval,R2_F3,2,3,a7,2,1,-0.006734006734006703,-0.009294130607015783,0.036469653635044064,0.023358585858585856,0.0012484938347284147,-0.0028507532780067124
Australian Credit Approval,R2_F3,2,3,a7,3,1,-0.008417508417508324,-0.011325867903005493,-0.016195880717144062,-0.00694444444444442,-0.0028868216774152744,-0.009956094726932319
Australian Credit Approval,R2_F3,2,3,a7,4,1,-0.010732323232323204,-0.02183538305163446,0.06246765660295561,0.038510101010100994,0.0008166275195605477,-0.012455141240467205
Australian Credit Approval,R2_F3,2,3,a7,5,1,0.001052188552188582,0.002820874544386953,0.0102668900187185,0.008207070707070718,-0.00011575661613219546,0.0115834091283053
Australian Credit Approval,R2_F3,2,3,a10,1,1,0.004840067340067367,0.004656894167614056,0.03414952846511021,0.012626262626262652,0.005265796784070728,0.005474991681021946
Australian Credit Approval,R2_F3,2,3,a10,2,1,0.009048821548821584,0.003876381004871199,0.047167212237941625,0.02083333333333337,0.008992198614822366,0.015910992348536546
Australian Credit Approval,R2_F3,2,3,a10,3,1,-0.0006313131313130382,0.007465863259536354,0.029542002511069865,0.014520202020201989,0.0011863015880787808,0.0012874641936175268
Australian Credit Approval,R2_F3,2,3,a10,4,1,0.005471380471380516,0.010501349019655049,-0.025328418729849478,-0.015782828282828287,0.0069949963683257205,0.016578826216257003
Australian Credit Approval,R2_F3,2,3,a10,5,1,-0.0012626262626262985,-0.0006909361571806327,-0.01147783151231252,-0.008207070707070718,0.0011034724115469713,-0.0004553361388402455
Australian Credit Approval,R2_F3,2,3,a13,0,0,0.0,0.0,0.0,0.0,0.0,0.0
Australian Credit Approval,R2_F3,2,3,a14,1,1,0.013468013468013518,0.0064884495242854,0.03166794841891196,0.01388888888888895,0.014725014022400285,0.03421181818078972
Australian Credit Approval,R2_F3,2,3,a14,2,1,0.005892255892255838,0.003235898567117701,-0.04080035338743959,-0.022727272727272707,0.004126054457322087,0.010015197868848413
Australian Credit Approval,R2_F3,2,3,a14,3,1,0.0063131313131313815,0.002604669441188756,-0.01147783151231252,-0.008207070707070718,0.0034690205238431804,0.015240461838233132
Australian Credit Approval,R2_F3,2,3,a14,4,1,0.00989057239057245,0.009650648315936872,-0.06719189232766443,-0.039141414141414144,0.004039411009686827,0.017617596627613696
Australian Credit Approval,R2_F3,2,3,a14,5,1,0.017255892255892302,0.008574707731970888,-0.013511947917717926,-0.007575757575757569,0.011055251228982849,0.03910687010786157
Australian Credit Approval,R2_F4,2,4,a1,0,0,0.0,0.0,0.0,0.0,0.0,0.0
Australian Credit Approval,R2_F4,2,4,a4,1,1,0.006560846560846545,-0.00501824653695393,0.003529419520893362,-0.0012698412698413097,0.008660574983667194,0.018836971996787355
Australian Credit Approval,R2_F4,2,4,a4,2,1,-0.0055026455026455645,-0.010876348351994913,-0.013343370396789678,-0.00793650793650802,0.0008179323748371409,-0.007459015300139815
Australian Credit Approval,R2_F4,2,4,a4,3,1,-0.0008465608465608732,0.01359711745869907,-0.0173971141831889,-0.00666666666666671,-0.0006280182269135653,-0.0029062998748276003
Australian Credit Approval,R2_F4,2,4,a4,4,1,0.002116402116402072,-0.007658820644294018,0.0133007778880746,0.007936507936507908,0.0036706863093136366,0.008254658993982089
Australian Credit Approval,R2_F4,2,4,a4,5,1,-0.005291005291005346,-0.010566882237683761,0.0,0.0,0.001272251852478104,-0.007494855419327928
Australian Credit Approval,R2_F4,2,4,a5,1,1,-0.0010582010582012025,0.006677053443122305,0.021802554759719928,0.017142857142857126,-0.0009667509621584108,-0.0013948302932044743
Australian Credit Approval,R2_F4,2,4,a5,2,1,-0.0019047619047619646,-0.0021390924511129894,0.0,0.0,0.0005526637843625282,0.003837712924722736
Australian Credit Approval,R2_F4,2,4,a5,3,1,0.013333333333333308,0.024743418890061153,-0.0173971141831889,-0.00666666666666671,0.007000721748149405,0.028858887739258154
Australian Credit Approval,R2_F4,2,4,a5,4,1,-0.0004232804232804366,0.00292114303928126,-0.004294591453346652,0.0012698412698411987,0.0008782532742621502,-0.0008895252939775111
Australian Credit Approval,R2_F4,2,4,a5,5,1,0.00021164021164010727,0.004562946382322686,0.03980313391707968,0.023809523809523725,0.002307731670975588,0.00956815113097298
Australian Credit Approval,R2_F4,2,4,a6,1,1,0.0019047619047619646,0.0019684830276927023,0.04745824701670853,0.021269841269841105,0.0020737970928501742,0.0041096804974397605
Australian Credit Approval,R2_F4,2,4,a6,2,1,-0.0016931216931217463,-0.0023445098557494104,-0.02673635844725597,-0.015873015873015928,-0.0011385850117919954,-0.002929079803871637
Australian Credit Approval,R2_F4,2,4,a6,3,1,-0.00592592592592589,-0.004984232751528372,0.0133007778880746,0.007936507936507908,-0.0011452860578904933,-0.010560129757933467
Australian Credit Approval,R2_F4,2,4,a6,4,1,-0.003809523809523929,-0.0037081097369886518,-0.0173971141831889,-0.00666666666666671,-0.0030598154839434344,-0.008310029809522557
Australian Credit Approval,R2_F4,2,4,a6,5,1,0.00021164021164010727,0.004681456803618977,0.008769656058112862,0.009206349206349218,-0.0013960600392227823,-0.002321675710927673
Australian Credit Approval,R2_F4,2,4,a8,1,1,0.209100529100529,0.18665157255408482,0.2533550355350342,0.14031746031746017,0.14129169456406632,0.3772850145193422
Australian Credit Approval,R2_F4,2,4,a8,2,1,0.19978835978835974,0.14996452397740012,0.3729814793860927,0.19079365079365074,0.1411530535413864,0.3722149769724589
Australian Credit Approval,R2_F4,2,4,a8,3,1,0.24952380952380948,0.17848523836963892,0.3699134188080616,0.19206349206349205,0.1719304664006608,0.44593376036540605
Australian Credit Approval,R2_F4,2,4,a8,4,1,0.23957671957671955,0.15323575960566127,0.4571317878101315,0.22666666666666657,0.17998291531708482,0.46188105856852185
Australian Credit Approval,R2_F4,2,4,a8,5,1,0.3013756613756613,0.2209175731705233,0.4665663074129469,0.2396825396825396,0.20016270977203143,0.5325400869616728
Australian Credit Approval,R2_F4,2,4,a9,1,1,-0.0069841269841270925,-0.01360321419023336,-0.013343370396789678,-0.00793650793650802,-0.0032291369063765507,-0.009894306875843306
Australian Credit Approval,R2_F4,2,4,a9,2,1,0.002116402116402072,-0.011669420545185494,0.03980313391707968,0.023809523809523725,0.0013003052040854168,0.006813698723724337
Australian Credit Approval,R2_F4,2,4,a9,3,1,0.001481481481481417,0.0034372635030830434,0.033795197489042694,0.013333333333333197,0.001021499535838688,0.0023274710060662285
Australian Credit Approval,R2_F4,2,4,a9,4,1,0.0069841269841269815,0.007854162956432376,0.0574267485314901,0.030476190476190324,0.004200403197244171,0.01715439208517533
Australian Credit Approval,R2_F4,2,4,a9,5,1,0.0002116402116402183,-0.01083193428561624,-0.004294591453346652,0.0012698412698411987,0.0008181927481562268,0.00494601261386024
Australian Credit Approval,R2_F4,2,4,a11,0,0,0.0,0.0,0.0,0.0,0.0,0.0
Australian Credit Approval,R2_F4,2,4,a12,1,1,-0.011428571428571455,-0.031336832754291444,0.017057438309959427,0.006666666666666599,-0.0010536749858836986,-0.015331944633175776
Australian Credit Approval,R2_F4,2,4,a12,2,1,0.002962962962962834,0.0031731429980359493,0.017057438309959427,0.006666666666666599,0.002360930125255997,0.007510037976074135
Australian Credit Approval,R2_F4,2,4,a12,3,1,-0.0006349206349207659,0.0014650910013158658,0.017057438309959427,0.006666666666666599,-0.0003627405860044258,-0.0005159482946525684
Australian Credit Approval,R2_F4,2,4,a12,4,1,-0.004232804232804255,-0.003952040069161944,0.017057438309959427,0.006666666666666599,-0.002256867068090543,-0.006494670293109295
Australian Credit Approval,R2_F4,2,4,a12,5,1,0.0025396825396823974,0.004182317315115425,0.0305447311274345,0.014603174603174507,0.0006201562319719106,0.005054655274933539
Australian Credit Approval,R2_F4,2,4,a2,1,1,-0.0016931216931217463,-0.01893496441286069,0.0,0.0,0.004568580227991101,0.002754357748862901
Australian Credit Approval,R2_F4,2,4,a2,2,1,0.002116402116402072,-0.0018417854007958256,-0.013343370396789678,-0.00793650793650802,0.004092438465395101,0.0078108848200363346
Australian Credit Approval,R2_F4,2,4,a2,3,1,-0.004232804232804366,-0.017473855462142085,0.0133007778880746,0.007936507936507908,0.0008299775322629654,-0.005140895700870063
Australian Credit Approval,R2_F4,2,4,a2,4,1,-0.003597883597883711,-0.0015221359914256993,0.017057438309959427,0.006666666666666599,-2.4157491230053507e-06,-0.002570180672925748
Australian Credit Approval,R2_F4,2,4,a2,5,1,-0.0025396825396826195,-0.009507393982109646,-0.01004660298734461,-0.009206349206349218,0.0018163188832423238,-0.0015527829206068433
Australian Credit Approval,R2_F4,2,4,a3,1,1,0.002116402116402183,0.0022402066775439877,0.0,0.0,0.002736893279619401,0.009234772897777743
Australian Credit Approval,R2_F4,2,4,a3,2,1,0.010158730158730145,0.013235610721803348,0.017057438309959427,0.006666666666666599,0.005824852009835416,0.026914383932719832
Australian Credit Approval,R2_F4,2,4,a3,3,1,0.012486772486772435,0.027253672508223303,0.0133007778880746,0.007936507936507908,0.005352531857936202,0.030259118373143434
Australian Credit Approval,R2_F4,2,4,a3,4,1,0.006349206349206327,0.01834680594949223,0.02656607853907167,0.015873015873015817,0.0036493565449475796,0.016427075014485815
Australian Credit Approval,R2_F4,2,4,a3,5,1,-0.0025396825396826195,-0.006108935916993685,-0.004294591453346652,0.0012698412698411987,9.885290072249309e-05,0.0008163769643598218
Australian Credit Approval,R2_F4,2,4,a7,1,1,0.0069841269841269815,0.015677008007745186,0.021802554759719928,0.017142857142857126,0.007336071729624458,0.02383510561528651
Australian Credit Approval,R2_F4,2,4,a7,2,1,0.0004232804232804366,-0.0027466917710490257,0.060784618324423834,0.04095238095238085,0.005729433238514117,0.008000019945276493
Australian Credit Approval,R2_F4,2,4,a7,3,1,0.0016931216931217463,0.015496457619506798,-0.004294591453346652,0.0012698412698411987,-0.0007765213765221074,0.005956769154154162
Australian Credit Approval,R2_F4,2,4,a7,4,1,0.0012698412698411987,-0.0009324392352016986,0.021802554759719928,0.017142857142857126,0.0031390080745425514,0.007363998108248948
Australian Credit Approval,R2_F4,2,4,a7,5,1,-0.0012698412698413097,0.01166736002379698,0.02894994596529199,0.026349206349206233,0.00044506360173328374,0.00603820031979363
Australian Credit Approval,R2_F4,2,4,a10,1,1,0.019894179894179853,0.017972061916771476,0.061089462254869,0.029206349206349125,0.010201522252450732,0.04082617716847664
Australian Credit Approval,R2_F4,2,4,a10,2,1,0.002116402116402072,0.00018836520648202182,0.017057438309959427,0.006666666666666599,0.002979292572171499,0.01692943017673343
Australian Credit Approval,R2_F4,2,4,a10,3,1,0.0019047619047618536,0.002984628786025123,0.006343308528321545,-0.0025396825396826195,0.0036475657606285794,0.009858121645749507
Australian Credit Approval,R2_F4,2,4,a10,4,1,0.011216931216931125,0.015009631627716624,0.0,0.0,0.007802762271887226,0.026376542788450752
Australian Credit Approval,R2_F4,2,4,a10,5,1,0.0008465608465607621,0.0038568435829223757,-0.013343370396789678,-0.00793650793650802,0.004469172641441921,0.007460353382065854
Australian Credit Approval,R2_F4,2,4,a13,0,0,0.0,0.0,0.0,0.0,0.0,0.0
Australian Credit Approval,R2_F4,2,4,a14,1,1,0.014814814814814725,0.0012127449309367044,0.033795197489042694,0.013333333333333197,0.012168395334523727,0.03562944006817176
Australian Credit Approval,R2_F4,2,4,a14,2,1,0.01312169312169309,0.01790502276328243,0.017057438309959427,0.006666666666666599,0.009079087692289725,0.03173489932570828
Australian Credit Approval,R2_F4,2,4,a14,3,1,0.022857142857142798,0.008812679945000124,0.020092718125470088,0.005396825396825289,0.014100410679057943,0.05133140988398405
Australian Credit Approval,R2_F4,2,4,a14,4,1,0.013968253968253963,0.0055915578489271756,0.04399866995933799,0.022539682539682415,0.010404165455151146,0.03128733428218439
Australian Credit Approval,R2_F4,2,4,a14,5,1,0.02137566137566138,0.020656869831873204,0.020092718125470088,0.005396825396825289,0.01300493399243055,0.04774341817816091
Australian Credit Approval,R2_F5,2,5,a1,0,0,0.0,0.0,0.0,0.0,0.0,0.0
Australian Credit Approval,R2_F5,2,5,a4,1,1,0.0021222410865874286,0.0016916986022734726,-0.03006253145110882,-0.01464346349745338,0.003383241499961151,0.007153739462994718
Australian Credit Approval,R2_F5,2,5,a4,2,1,0.00021222410865873176,0.0003816380556526111,-0.016711741547792758,-0.006578947368421018,0.0006072050182397981,-0.000500477940735794
Australian Credit Approval,R2_F5,2,5,a4,3,1,0.003607809847198662,0.002605302825281375,0.0,0.0,0.0053366969239969225,0.01230216449915239
Australian Credit Approval,R2_F5,2,5,a4,4,1,0.002546689303904892,0.002346041113961972,-0.027208502383843314,-0.016129032258064613,0.0051918774995837885,0.009963385772603278
Australian Credit Approval,R2_F5,2,5,a4,5,1,0.005093378607809784,0.0038035326863298247,0.013469126817073906,0.008064516129032251,0.0074874403227239705,0.01770638529583063
Australian Credit Approval,R2_F5,2,5,a5,1,1,-0.001697792869269965,-0.0009910363125510413,0.035854976953108464,0.025679117147707986,0.0005418931246957623,0.005504828836868453
Australian Credit Approval,R2_F5,2,5,a5,2,1,0.0021222410865874286,0.0018722224792954156,0.0,0.0,0.005699362682734993,0.019073950517000005
Australian Credit Approval,R2_F5,2,5,a5,3,1,-0.003395585738539819,-0.002422329260115097,-0.0034507080276834357,0.0014855687606112333,-0.00028413372514866225,0.00455873979963109
Australian Credit Approval,R2_F5,2,5,a5,4,1,0.009974533106961059,0.00672203804681526,0.013469126817073906,0.008064516129032251,0.008971333777283083,0.026555372461649324
Australian Credit Approval,R2_F5,2,5,a5,5,1,0.004668930390492432,0.0030068599257701,0.03006253145110882,0.014643463497453268,0.005895719423175072,0.019852909977551347
Australian Credit Approval,R2_F5,2,5,a6,1,1,-0.0006366723259761953,-0.0002998460331969932,0.0,0.0,0.0005484646976593316,0.0038685012782767314
Australian Credit Approval,R2_F5,2,5,a6,2,1,-0.0006366723259761953,-0.00042398038638258306,0.0,0.0,0.0010101563796126867,0.003745664860149517
Australian Credit Approval,R2_F5,2,5,a6,3,1,-1.1102230246251565e-16,-8.894870437670122e-05,0.03006253145110882,0.014643463497453268,0.0010224288655331648,0.0034818065090687356
Australian Credit Approval,R2_F5,2,5,a6,4,1,0.0012733446519525016,0.0005932027285404651,0.0,0.0,0.001367199589704611,0.007150936186202883
Australian Credit Approval,R2_F5,2,5,a6,5,1,-0.001697792869269965,-0.0011709585341499462,0.0,0.0,9.385812528159287e-05,0.001987823451741866
Australian Credit Approval,R2_F5,2,5,a8,1,1,0.2971137521222411,0.22219487799721127,0.5096464801436463,0.25933786078098464,0.19480493501124366,0.4957678646803152
Australian Credit Approval,R2_F5,2,5,a8,2,1,0.23471986417657054,0.19973887801329926,0.3970758107995662,0.20734295415959247,0.1581261384886842,0.4184222537369542
Australian Credit Approval,R2_F5,2,5,a8,3,1,0.2610356536502547,0.2083433684316356,0.42942970378675316,0.22198641765704574,0.18547634987657763,0.4891582103543787
Australian Credit Approval,R2_F5,2,5,a8,4,1,0.21413412563667233,0.18451987745691723,0.3678945683037947,0.19121392190152797,0.15149323426206013,0.40921788931228387
Australian Credit Approval,R2_F5,2,5,a8,5,1,0.29053480475382,0.2336257468162326,0.47877051456157993,0.24320882852292014,0.18473053540405748,0.4756501260149999
Australian Credit Approval,R2_F5,2,5,a9,1,1,0.002546689303904892,0.0018227298739595943,0.04016941589923795,0.024193548387096753,0.004455872655315982,0.013817254723553801
Australian Credit Approval,R2_F5,2,5,a9,2,1,0.0031833616298811984,0.0023266249602944544,0.026856791514123346,0.016129032258064502,0.0053575653991302236,0.016200367521230497
Australian Credit Approval,R2_F5,2,5,a9,3,1,0.0057300509337860905,0.0038945994596514266,0.04364999518194057,0.02270797962648552,0.0066976239779480695,0.01859559776332806
Australian Credit Approval,R2_F5,2,5,a9,4,1,0.002758913412563735,0.0017032028099216445,0.03006253145110882,0.014643463497453268,0.0035150008612405415,0.011452793094884478
Australian Credit Approval,R2_F5,2,5,a9,5,1,0.0038200339558575047,0.0023873068351578652,0.04364999518194057,0.02270797962648552,0.0034837098313545006,0.012536463411523091
Australian Credit Approval,R2_F5,2,5,a11,0,0,0.0,0.0,0.0,0.0,0.0,0.0
Australian Credit Approval,R2_F5,2,5,a12,0,0,0.0,0.0,0.0,0.0,0.0,0.0
Australian Credit Approval,R2_F5,2,5,a2,1,1,-0.0010611205432936588,-0.00012290306210394064,0.013469126817073906,0.008064516129032251,0.0008545343784426632,0.0034659360269552464
Australian Credit Approval,R2_F5,2,5,a2,2,1,0.00339558573853993,0.003187957297266064,0.016395179985710606,0.006578947368421018,0.0034781581258543776,0.012876180609142196
Australian Credit Approval,R2_F5,2,5,a2,3,1,0.005093378607809895,0.005138093471732885,0.013469126817073906,0.008064516129032251,0.005829187769878799,0.01538403821878051
Australian Credit Approval,R2_F5,2,5,a2,4,1,0.004456706281833589,0.004096245616066807,0.013469126817073906,0.008064516129032251,0.006752013933716924,0.019632268307685052
Australian Credit Approval,R2_F5,2,5,a2,5,1,0.005305602716468516,0.004991959290426284,0.03006253145110882,0.014643463497453268,0.005601612485291743,0.01633415543262645
Australian Credit Approval,R2_F5,2,5,a3,1,1,0.015492359932088307,0.01863761685964338,0.05716429105593013,0.03077249575551777,0.009948484985343786,0.03176526750317582
Australian Credit Approval,R2_F5,2,5,a3,2,1,0.009762308998302216,0.011589086776418345,0.035854976953108464,0.025679117147707986,0.006171268013985168,0.020556504857411922
Australian Credit Approval,R2_F5,2,5,a3,3,1,0.015492359932088307,0.01949272106122446,-0.013557042143854448,-0.008064516129032362,0.008459996928478444,0.02953295513168197
Australian Credit Approval,R2_F5,2,5,a3,4,1,0.013157894736842146,0.018069252869509334,-0.0435092642734195,-0.02270797962648563,0.008784595756058097,0.03114562769471535
Australian Credit Approval,R2_F5,2,5,a3,5,1,0.014431239388794537,0.017632100089347458,0.026856791514123346,0.016129032258064502,0.010300140603321253,0.0356627339483139
Australian Credit Approval,R2_F5,2,5,a7,1,1,0.004668930390492321,0.0034667058008912566,0.03006253145110882,0.014643463497453268,0.006864383250542824,0.02117676627704515
Australian Credit Approval,R2_F5,2,5,a7,2,1,0.0031833616298811984,0.0021582057348163985,0.026856791514123346,0.016129032258064502,0.003850085223053648,0.014599678411271466
Australian Credit Approval,R2_F5,2,5,a7,3,1,0.007215619694397213,0.005470709140876773,0.03006253145110882,0.014643463497453268,0.007312025385445203,0.02088800889647041
Australian Credit Approval,R2_F5,2,5,a7,4,1,0.003395585738540041,0.0024628290499069116,0.013469126817073906,0.008064516129032251,0.004726467112445357,0.016111680259231292
Australian Credit Approval,R2_F5,2,5,a7,5,1,0.00021222410865873176,0.0005081800140288584,0.016395179985710606,0.006578947368421018,0.0028492497525526572,0.011530735475759418
Australian Credit Approval,R2_F5,2,5,a10,1,1,0.005093378607809895,0.0033596439666706557,0.0706121323204042,0.03883701188455002,0.006658177031324555,0.022830179711598064
Australian Credit Approval,R2_F5,2,5,a10,2,1,0.0038200339558572827,0.002472400815145548,0.0706121323204042,0.03883701188455002,0.005600794401994111,0.021699233074000568
Australian Credit Approval,R2_F5,2,5,a10,3,1,0.011460101867572181,0.006937256401462477,0.09018759435332646,0.043930390492359805,0.010833383054400486,0.03316087112941837
Australian Credit Approval,R2_F5,2,5,a10,4,1,0.010611205432937365,0.005957994118336973,0.07383086354680712,0.03735144312393879,0.009447334435233296,0.03471823097936125
Australian Credit Approval,R2_F5,2,5,a10,5,1,0.007427843803055945,0.005210120862364498,0.07383086354680712,0.03735144312393879,0.011354001982580117,0.03244162636369624
Australian Credit Approval,R2_F5,2,5,a13,1,1,0.007427843803055945,0.004836423728641792,0.04364999518194057,0.02270797962648552,0.009037027661544628,0.022870842739052683
Australian Credit Approval,R2_F5,2,5,a13,2,1,-0.0006366723259761953,-0.0007763493963229839,-0.013557042143854448,-0.008064516129032362,-0.0006343783651128129,0.0015070470846107742
Australian Credit Approval,R2_F5,2,5,a13,3,1,0.0010611205432936588,0.0005839939384002513,0.013469126817073906,0.008064516129032251,0.0017359580191533205,0.005754250554113577
Australian Credit Approval,R2_F5,2,5,a13,4,1,-0.0006366723259761953,-0.0004981687958410808,0.04016941589923795,0.024193548387096753,0.001604771498615827,0.006307095649525113
Australian Credit Approval,R2_F5,2,5,a13,5,1,0.0014855687606112333,0.0009008257199480951,0.0026411943097947033,-0.0014855687606112333,0.003610517969401303,0.011067712680759595
Australian Credit Approval,R2_F5,2,5,a14,1,1,0.028650254668930453,0.02026478483040517,0.09219028439070887,0.04244482173174868,0.02462951043779868,0.06623793118783164
Australian Credit Approval,R2_F5,2,5,a14,2,1,0.010611205432937254,0.006050827204004294,0.07383086354680712,0.03735144312393879,0.009570330712560221,0.02741848086364393
Australian Credit Approval,R2_F5,2,5,a14,3,1,0.015492359932088307,0.012330252237829464,0.06012506290221764,0.029286926994906537,0.01207367425561108,0.03575943736427198
Australian Credit Approval,R2_F5,2,5,a14,4,1,0.013370118845500878,0.010961393723949442,0.0706121323204042,0.03883701188455002,0.014118324507943605,0.0402804913592654
Australian Credit Approval,R2_F5,2,5,a14,5,1,0.015492359932088307,0.01301383339109885,0.08400024623615576,0.04690152801358227,0.01694750968336496,0.045156502213225175
Australian Credit Approval,R3_F1,3,1,a1,0,0,0.0,0.0,0.0,0.0,0.0,0.0
Australian Credit Approval,R3_F1,3,1,a4,1,1,-0.00021043771043782744,0.00225680332993905,0.01622208077020193,0.00694444444444442,-0.00038752259650298715,-0.00018214594563659148
Australian Credit Approval,R3_F1,3,1,a4,2,1,0.007786195286195174,0.009919322071420988,0.0,0.0,0.0037328544772199657,0.0131582380835788
Australian Credit Approval,R3_F1,3,1,a4,3,1,0.0052609427609427994,0.0062459409570766455,0.002576497882205153,-0.0006313131313132603,0.0032725077749193865,0.0111735065287637
Australian Credit Approval,R3_F1,3,1,a4,4,1,0.0008417508417507547,0.0038323919726929168,0.01622208077020193,0.00694444444444442,0.0014933002356543185,0.0031912399364632527
Australian Credit Approval,R3_F1,3,1,a4,5,1,0.004208754208754217,0.005917471154781917,0.01622208077020193,0.00694444444444442,0.0029504119775662363,0.0076421945246467615
Australian Credit Approval,R3_F1,3,1,a5,1,1,0.01620370370370361,0.012940709280516494,0.01622208077020193,0.00694444444444442,0.004253492001806053,0.017694744229667714
Australian Credit Approval,R3_F1,3,1,a5,2,1,0.017676767676767624,0.018258401135434865,0.01622208077020193,0.00694444444444442,0.005773677413067363,0.020586927324768134
Australian Credit Approval,R3_F1,3,1,a5,3,1,0.017045454545454586,0.014740445524249468,0.002576497882205153,-0.0006313131313132603,0.009918277390819935,0.025155278465696762
Australian Credit Approval,R3_F1,3,1,a5,4,1,0.011574074074073959,0.015787639282026977,0.013459971172084972,0.007575757575757569,0.0014415215917109175,0.01138655408354855
Australian Credit Approval,R3_F1,3,1,a5,5,1,0.026725589225589208,0.026265087304742862,0.002576497882205153,-0.0006313131313132603,0.007771841578679384,0.033575975296679716
Australian Credit Approval,R3_F1,3,1,a6,1,1,0.003998316498316501,0.007814696167344759,0.0,0.0,0.0005667353510110246,0.004726033812851804
Australian Credit Approval,R3_F1,3,1,a6,2,1,0.0018939393939393367,0.003449853364651423,0.0,0.0,0.0004463578543032892,0.00308480644755893
Australian Credit Approval,R3_F1,3,1,a6,3,1,0.004419191919191934,0.006174899105109821,0.0,0.0,0.0020703168807717914,0.007382750704724883
Australian Credit Approval,R3_F1,3,1,a6,4,1,0.0016835016835016203,-0.0009491975847822909,0.013459971172084972,0.007575757575757569,0.0009399276572706616,0.001441612934873826
Australian Credit Approval,R3_F1,3,1,a6,5,1,0.003998316498316501,0.003895615618994319,0.0,0.0,0.0025734836679102147,0.010822692589480098
Australian Credit Approval,R3_F1,3,1,a8,1,1,0.30029461279461267,0.27280162538265706,0.34694388442185997,0.17929292929292917,0.17932791205923235,0.48726243844057476
Australian Credit Approval,R3_F1,3,1,a8,2,1,0.2622053872053872,0.2264438211676506,0.34694388442185997,0.17929292929292917,0.1567750675419425,0.41578364994454803
Australian Credit Approval,R3_F1,3,1,a8,3,1,0.27356902356902346,0.22980591570899667,0.3644665304597401,0.1862373737373737,0.17634703768053753,0.4760348784025639
Australian Credit Approval,R3_F1,3,1,a8,4,1,0.15193602693602704,0.13242979018005385,0.20662542436052284,0.11300505050505039,0.09785655775270485,0.26189636968128366
Australian Credit Approval,R3_F1,3,1,a8,5,1,0.2605218855218855,0.22878521033738686,0.31071191005657345,0.16540404040404022,0.15729292176850504,0.4195983096420403
Australian Credit Approval,R3_F1,3,1,a9,1,1,0.001052188552188582,-0.0017676747911230528,0.026885809273884398,0.015151515151515138,-0.0018061401705645463,-0.004113498744493127
Australian Credit Approval,R3_F1,3,1,a9,2,1,0.00462962962962965,0.007046085048858619,-0.020074123009841793,-0.0063131313131313815,-0.0008346673065385835,0.0023813808986341556
Australian Credit Approval,R3_F1,3,1,a9,3,1,-1.1102230246251565e-16,0.0012979260349247346,0.010105550152343268,0.008207070707070607,-0.0033853652802867534,-0.007291739242810402
Australian Credit Approval,R3_F1,3,1,a9,4,1,-0.011784511784511897,-0.01074065125911694,-0.020074123009841793,-0.0063131313131313815,-0.008868498787356016,-0.023149776028791758
Australian Credit Approval,R3_F1,3,1,a9,5,1,0.003577441077441068,0.0008739976053432352,0.026885809273884398,0.015151515151515138,-0.0005275276372848497,0.0011948211179972912
Australian Credit Approval,R3_F1,3,1,a11,0,0,0.0,0.0,0.0,0.0,0.0,0.0
Australian Credit Approval,R3_F1,3,1,a12,1,1,0.004840067340067256,0.005053573394983801,0.0,0.0,0.0041775634095908565,0.01037866109854979
Australian Credit Approval,R3_F1,3,1,a12,2,1,0.004208754208754217,0.004147288841558461,0.0,0.0,0.0029873806676747466,0.009019179037095482
Australian Credit Approval,R3_F1,3,1,a12,3,1,0.0027356902356902024,0.0030795726645392874,0.0,0.0,0.002663066914479706,0.007250347513140021
Australian Credit Approval,R3_F1,3,1,a12,4,1,0.0018939393939393367,0.0024755128158994166,0.0,0.0,0.002362725368263832,0.005878581367137314
Australian Credit Approval,R3_F1,3,1,a12,5,1,0.0004208754208753218,-0.0028292400992037114,0.0,0.0,0.0035351321449647727,0.005688205603435803
Australian Credit Approval,R3_F1,3,1,a2,1,1,-0.006523569023569098,-0.003950436017679637,-0.07634724361026834,-0.03598484848484862,-0.000587417179401431,-0.008583390130589563
Australian Credit Approval,R3_F1,3,1,a2,2,1,-0.004629629629629761,-0.006133365271522528,-0.046411505349483906,-0.02146464646464663,-0.0013592560480134852,-0.015099327083929082
Australian Credit Approval,R3_F1,3,1,a2,3,1,-0.006102693602693554,-0.0061796611769417975,-0.05668197770460448,-0.02967171717171735,-0.003535810061002856,-0.014395812633867688
Australian Credit Approval,R3_F1,3,1,a2,4,1,-0.0008417508417508657,0.0028026620818457637,-0.046411505349483906,-0.02146464646464663,-0.00288963249201786,-0.008189222591229395
Australian Credit Approval,R3_F1,3,1,a2,5,1,-0.008207070707070718,-0.009636572112787345,-0.046411505349483906,-0.02146464646464663,-0.0019211469736021558,-0.015216753894220392
Australian Credit Approval,R3_F1,3,1,a3,1,1,0.009469696969697017,0.006151982326476957,0.002576497882205153,-0.0006313131313132603,0.007326101276812963,0.01576087277667859
Australian Credit Approval,R3_F1,3,1,a3,2,1,0.0012626262626262985,0.0028486527147659757,-0.0031677667971523604,0.0006313131313130382,0.00017560874557688566,-0.0012095571053575283
Australian Credit Approval,R3_F1,3,1,a3,3,1,0.004629629629629539,0.004441731833808027,0.002576497882205153,-0.0006313131313132603,0.0012536515869034232,0.00297523912021741
Australian Credit Approval,R3_F1,3,1,a3,4,1,0.010101010101010055,0.0068726818092252895,0.04339570943286941,0.022095959595959558,0.0060249274471318726,0.012125535440008939
Australian Credit Approval,R3_F1,3,1,a3,5,1,0.001473063973063904,0.006391160406575613,-0.024870783442433986,-0.0157828282828284,-0.0008109451856808114,0.0018884260898008876
Australian Credit Approval,R3_F1,3,1,a7,1,1,0.005471380471380405,0.012141116572021105,-0.0432255215608115,-0.02209595959595978,-0.0006652449223496365,0.007573603237411686
Australian Credit Approval,R3_F1,3,1,a7,2,1,0.0018939393939394478,0.005676167191387749,-0.07020257006320019,-0.03724747474747492,0.0004988349935554637,0.003490133213946478
Australian Credit Approval,R3_F1,3,1,a7,3,1,0.007996632996633002,0.022000524089462403,-0.05433269579228528,-0.030303030303030387,-0.0008233697999900785,0.008807061321524479
Australian Credit Approval,R3_F1,3,1,a7,4,1,0.010732323232323204,0.01918008587444009,-0.05668197770460448,-0.02967171717171735,0.0015515853280104602,0.013611107980727344
Australian Credit Approval,R3_F1,3,1,a7,5,1,0.008207070707070607,0.010216636371908061,-0.011118565041060346,-0.00820707070707083,0.0037447911835228054,0.014437457679699783
Australian Credit Approval,R3_F1,3,1,a10,1,1,0.002104377104377053,0.0052455388361494215,-0.020074123009841793,-0.0063131313131313815,-0.0011491486521832822,0.0008244674041889555
Australian Credit Approval,R3_F1,3,1,a10,2,1,0.0023148148148147696,0.004468158389755117,0.013459971172084972,0.007575757575757569,-0.0024359440869860943,0.0030258125941157177
Australian Credit Approval,R3_F1,3,1,a10,3,1,0.007996632996633002,0.008151824552783737,0.013459971172084972,0.007575757575757569,0.0013129253731635898,0.008970338598492278
Australian Credit Approval,R3_F1,3,1,a10,4,1,0.009048821548821473,0.012727946366888898,0.010105550152343268,0.008207070707070607,0.00358506470612191,0.011039705344772666
Australian Credit Approval,R3_F1,3,1,a10,5,1,0.0012626262626262985,-0.001957966440283232,-0.01350172039530484,-0.00757575757575768,-0.002155362206068351,-0.0003497016769489769
Australian Credit Approval,R3_F1,3,1,a13,0,0,0.0,0.0,0.0,0.0,0.0,0.0
Australian Credit Approval,R3_F1,3,1,a14,1,1,0.019781144781144677,0.007456363863481585,0.002576497882205153,-0.0006313131313132603,0.00746211289932372,0.02764869877515902
Australian Credit Approval,R3_F1,3,1,a14,2,1,0.019570707070707072,0.014671452893336268,0.026885809273884398,0.015151515151515138,0.005468725550846126,0.02440789096401469
Australian Credit Approval,R3_F1,3,1,a14,3,1,0.03893097643097643,0.02201320766590753,0.09297686595697136,0.04229797979797967,0.018769370985926626,0.06142255171056493
Australian Credit Approval,R3_F1,3,1,a14,4,1,0.007786195286195174,0.008681895888280167,-0.01350172039530484,-0.00757575757575768,0.0019471295150291779,0.010232533813347766
Australian Credit Approval,R3_F1,3,1,a14,5,1,0.015572390572390571,0.0031551841883313836,0.032205735675609914,0.01388888888888884,0.007558176620172691,0.023325363574307312
Australian Credit Approval,R3_F2,3,2,a1,0,0,0.0,0.0,0.0,0.0,0.0,0.0
Australian Credit Approval,R3_F2,3,2,a4,1,1,0.001697792869269854,-1.2771909566833273e-05,0.029333654026154066,0.014643463497453268,0.004296445127327672,0.0023775723341840083
Australian Credit Approval,R3_F2,3,2,a4,2,1,0.005517826825127248,0.00977804126903481,0.044261846966638485,0.02270797962648552,0.005529509222315571,0.010337943777808722
Australian Credit Approval,R3_F2,3,2,a4,3,1,0.013157894736842035,0.032577182979926955,0.07288096281400192,0.035865874363327666,0.010546343526194574,0.032019571805940006
Australian Credit Approval,R3_F2,3,2,a4,4,1,0.005517826825127359,0.004131643020149567,0.057666943094161205,0.027801358234295304,0.005991209419489996,0.011632136714775976
Australian Credit Approval,R3_F2,3,2,a4,5,1,0.009974533106960948,0.030233485509542635,0.08854678862120402,0.04541595925297104,0.008755777231925416,0.023986420820478582
Australian Credit Approval,R3_F2,3,2,a5,1,1,0.013370118845500878,0.02887911052016945,0.02936636623049027,0.017614601018675735,0.0035700009324524246,0.01979751055504042
Australian Credit Approval,R3_F2,3,2,a5,2,1,0.010398981324278522,-0.007843911132622394,0.014830070880368917,0.009550084889643484,0.004802811087063846,0.016583308924270512
Australian Credit Approval,R3_F2,3,2,a5,3,1,0.0023344651952461604,0.005591714015414806,0.014830070880368917,0.009550084889643484,0.00043109593932635915,-0.0023674337980999494
Australian Credit Approval,R3_F2,3,2,a5,4,1,0.004668930390492321,0.0016244176869769644,-0.02980703105882765,-0.011672325976231024,0.001821566012172135,0.006426420339088246
Australian Credit Approval,R3_F2,3,2,a5,5,1,-0.0044567062818337,-0.017747772432398667,-0.015510819694060762,-0.003607809847198662,-0.003905495041922058,-0.016926061777229995
Australian Credit Approval,R3_F2,3,2,a6,1,1,-0.0029711375212223556,-0.008548274900604613,-0.044266745165624566,-0.02270797962648563,-0.0005010916426557988,-0.006799122852745587
Australian Credit Approval,R3_F2,3,2,a6,2,1,-0.00021222410865873176,-0.004444755191474581,0.014874964298911775,0.008064516129032251,0.0009640422234147572,-0.0005146354310762713
Australian Credit Approval,R3_F2,3,2,a6,3,1,-0.0048811544991511635,-0.010885118437135133,0.014874964298911775,0.008064516129032251,0.0004533975341512869,-0.0052725066470932225
Australian Credit Approval,R3_F2,3,2,a6,4,1,0.0006366723259763063,-0.003628639209659501,0.00020663528164832634,0.0014855687606111223,-1.140829434642665e-05,-0.0012443476377279605
Australian Credit Approval,R3_F2,3,2,a6,5,1,0.0029711375212223556,-0.004868869530028408,0.014830070880368917,0.009550084889643484,0.001947286531806744,0.004197021548677904
Australian Credit Approval,R3_F2,3,2,a8,1,1,0.1958828522920204,0.1625436562670235,0.35401481578414407,0.18909168081494054,0.12711052989885283,0.3248197848265424
Australian Credit Approval,R3_F2,3,2,a8,2,1,0.26273344651952457,0.20122127384778543,0.5116861761872968,0.26379456706281834,0.16044648628696884,0.4072983909578468
Australian Credit Approval,R3_F2,3,2,a8,3,1,0.24257215619694383,0.19875343910503374,0.39941222579702096,0.2132852292020373,0.1445199478892523,0.37538272236166415
Australian Credit Approval,R3_F2,3,2,a8,4,1,0.17423599320882843,0.1397310812916709,0.3863202231646269,0.19630730050933776,0.13228517514067178,0.33295978410828886
Australian Credit Approval,R3_F2,3,2,a8,5,1,0.24193548387096775,0.1681378239371416,0.5246181905491081,0.26591680814940577,0.16655182255658818,0.4110160959210115
Australian Credit Approval,R3_F2,3,2,a9,1,1,0.0048811544991509415,0.011461471923491895,-0.030072887957345196,-0.016129032258064502,0.0004294056465083129,0.006330905900050754
Australian Credit Approval,R3_F2,3,2,a9,2,1,-0.0031833616298811984,0.0025067280035158124,-0.0008262776068430622,-0.0014855687606112333,-0.001576753256446295,-0.009299621728183438
Australian Credit Approval,R3_F2,3,2,a9,3,1,-0.0023344651952462714,-0.008639139809171081,-0.014979818170717918,-0.008064516129032251,0.0006526135109363868,-0.008737089969430567
Australian Credit Approval,R3_F2,3,2,a9,4,1,0.015067911714770732,0.0035958987252220354,0.01430710882418873,0.006578947368421018,0.008718255604022493,0.020467106214558495
Australian Credit Approval,R3_F2,3,2,a9,5,1,0.0004244482173174635,-0.002474703709224424,-0.0008262776068430622,-0.0014855687606112333,-0.00033030419924351406,-0.004428499629326843
Australian Credit Approval,R3_F2,3,2,a11,0,0,0.0,0.0,0.0,0.0,0.0,0.0
Australian Credit Approval,R3_F2,3,2,a12,1,1,0.0004244482173174635,-0.005263925020325244,0.0,0.0,0.0038916031954810137,0.004863695509694677
Australian Credit Approval,R3_F2,3,2,a12,2,1,0.0019100169779286968,-0.005605465278458288,0.0,0.0,0.004102930661605872,0.008810248639755158
Australian Credit Approval,R3_F2,3,2,a12,3,1,0.003607809847198662,0.0019949750835902558,0.0,0.0,0.004041766559690255,0.012038668928959884
Australian Credit Approval,R3_F2,3,2,a12,4,1,0.005305602716468516,0.005546821263654023,0.0,0.0,0.004062444568468188,0.013150367781182226
Australian Credit Approval,R3_F2,3,2,a12,5,1,0.0031833616298810874,0.003984031857788062,0.0,0.0,0.0029694705734151783,0.008504297132227723
Australian Credit Approval,R3_F2,3,2,a2,1,1,-0.009337860780984752,-0.017588089951126817,0.029333654026154066,0.014643463497453268,-0.001455237440615334,-0.018388233060029402
Australian Credit Approval,R3_F2,3,2,a2,2,1,-0.005093378607810006,-0.0067758992559673326,0.02842033274365907,0.013157894736842035,0.00017674282761082072,-0.010979457670021953
Australian Credit Approval,R3_F2,3,2,a2,3,1,-0.0019100169779285858,-0.007095316518970773,0.0,0.0,-0.0012286201411766257,-0.0045570701601384545
Australian Credit Approval,R3_F2,3,2,a2,4,1,0.0048811544991510525,0.007651532398318728,0.029333654026154066,0.014643463497453268,0.00546225225007381,0.01084348393518264
Australian Credit Approval,R3_F2,3,2,a2,5,1,-0.011884550084889756,-0.015353491354030191,0.00020663528164832634,0.0014855687606111223,-0.0020484220873865644,-0.01984913600297189
Australian Credit Approval,R3_F2,3,2,a3,1,1,0.016341256366723123,0.018986669944272005,0.02936636623049027,0.017614601018675735,0.006230597422619041,0.020139122461071413
Australian Credit Approval,R3_F2,3,2,a3,2,1,0.012733446519524683,0.0035132474198579233,0.014874964298911775,0.008064516129032251,0.012635534121589215,0.02723401343575821
Australian Credit Approval,R3_F2,3,2,a3,3,1,0.01018675721561968,0.014286138431920059,0.029653353061500187,0.016129032258064502,0.007813506982000173,0.01844052230740073
Australian Credit Approval,R3_F2,3,2,a3,4,1,-0.0038200339558573937,-0.009579416918449213,-0.014683207564932466,-0.005093378607810006,-0.004776642395827813,-0.018724198737069597
Australian Credit Approval,R3_F2,3,2,a3,5,1,0.00806451612903214,0.006463848502328062,0.013137501142233776,0.005093378607809784,0.004533846021382543,0.011851755362550953
Australian Credit Approval,R3_F2,3,2,a7,1,1,0.0031833616298810874,0.03317133259113503,-0.00022033241416863358,0.0029711375212223556,0.0015360991808359425,0.006808260180843961
Australian Credit Approval,R3_F2,3,2,a7,2,1,0.0010611205432936588,0.014312764797398514,0.014830070880368917,0.009550084889643484,-0.00030091458055883646,0.0026411066782162096
Australian Credit Approval,R3_F2,3,2,a7,3,1,0.005517826825127359,0.0188442588876504,-0.014511918368814825,-0.006578947368421129,0.0005876472145991407,0.009982328712738853
Australian Credit Approval,R3_F2,3,2,a7,4,1,0.002758913412563624,0.01058984171690247,0.00020663528164832634,0.0014855687606111223,-0.000932464036822428,-0.002845951780310496
Australian Credit Approval,R3_F2,3,2,a7,5,1,0.00021222410865862074,0.004427311929368294,0.014874964298911775,0.008064516129032251,-0.0007972855344150209,-0.006861268654357544
Australian Credit Approval,R3_F2,3,2,a10,1,1,0.0004244482173174635,0.004384212444417668,0.026921608795296925,0.011672325976230802,0.002452805638746211,0.0005150472823139407
Australian Credit Approval,R3_F2,3,2,a10,2,1,0.014643463497453268,0.015779854500159174,0.011372325063608746,0.003607809847198551,0.008532037760898892,0.021114786696391996
Australian Credit Approval,R3_F2,3,2,a10,3,1,0.014431239388794537,0.018108630168020556,-0.017791079967935608,-0.011035653650254718,0.006523883070294723,0.019979935622057243
Australian Credit Approval,R3_F2,3,2,a10,4,1,0.012096774193548265,0.010705318989445933,-0.031448208349048934,-0.017614601018675735,0.005675562768131942,0.013565838641501904
Australian Credit Approval,R3_F2,3,2,a10,5,1,0.002546689303904892,-0.009665431813064895,0.013137501142233776,0.005093378607809784,0.006665172357513488,0.002149265932898159
Australian Credit Approval,R3_F2,3,2,a13,0,0,0.0,0.0,0.0,0.0,0.0,0.0
Australian Credit Approval,R3_F2,3,2,a14,1,1,0.0065789473684209065,-0.01354220420973029,0.013137501142233776,0.005093378607809784,0.008921266144779116,0.009247437098064748
Australian Credit Approval,R3_F2,3,2,a14,2,1,0.006366723259762175,-0.006382272042953163,0.044261846966638485,0.02270797962648552,0.0076888300948802085,0.007521313543874586
Australian Credit Approval,R3_F2,3,2,a14,3,1,0.011247877758913338,-0.004772265910620077,0.024841103631101036,0.010186757215619568,0.012855676438884536,0.04100359840653489
Australian Credit Approval,R3_F2,3,2,a14,4,1,0.03077249575551766,0.012964734935781541,0.057666943094161205,0.027801358234295304,0.021127975157415047,0.0585524554233417
Australian Credit Approval,R3_F2,3,2,a14,5,1,0.018675721561969394,-0.0034892456192949783,0.08691355344466334,0.04244482173174868,0.019103791841624432,0.04010368728744923
Australian Credit Approval,R3_F3,3,3,a1,0,0,0.0,0.0,0.0,0.0,0.0,0.0
Australian Credit Approval,R3_F3,3,3,a4,1,1,0.009550084889643373,0.0072221931587899135,0.05933425605749554,0.029286926994906648,0.00442588897217,0.01334588310887258
Australian Credit Approval,R3_F3,3,3,a4,2,1,0.008276740237690872,0.004786333565535705,0.029667128028747825,0.014643463497453268,0.004911562761568483,0.012648550457250773
Australian Credit Approval,R3_F3,3,3,a4,3,1,0.003607809847198662,0.0013189877102135483,0.014210511205264065,0.008064516129032251,0.0006213901628257107,0.002832459976930546
Australian Credit Approval,R3_F3,3,3,a4,4,1,0.001697792869269965,0.0014416802952558205,0.0,0.0,0.002983424738885368,0.003263444414475958
Australian Credit Approval,R3_F3,3,3,a4,5,1,0.0021222410865874286,4.070630215480264e-05,0.0,0.0,-0.0026410260031368843,-0.0026279659333261485
Australian Credit Approval,R3_F3,3,3,a5,1,1,-0.0019100169779286968,-0.0007572780050231209,0.012452155174342394,0.009550084889643373,-0.00106243357187083,-0.0027097964579521072
Australian Credit Approval,R3_F3,3,3,a5,2,1,-0.008064516129032362,-0.003923344618171565,-0.03135657806706538,-0.013157894736842146,-0.006819260678349856,-0.01537948003341938
Australian Credit Approval,R3_F3,3,3,a5,3,1,-0.0038200339558573937,-0.002288201550246338,-0.020197473888557638,-0.003607809847198662,-0.0030728281607502184,-0.00920228986822097
Australian Credit Approval,R3_F3,3,3,a5,4,1,-0.00339558573853993,-0.0020939778834294653,-0.03135657806706538,-0.013157894736842146,-0.006410350402317341,-0.009985819560661191
Australian Credit Approval,R3_F3,3,3,a5,5,1,-0.011884550084889534,-0.007009473210544792,-0.029667128028747713,-0.01464346349745338,-0.011831524895178497,-0.0253893731926062
Australian Credit Approval,R3_F3,3,3,a6,1,1,-0.0029711375212224667,-0.0019660016570434147,-0.00150688137342736,0.0014855687606111223,-0.0020705691803732523,-0.006429575176120583
Australian Credit Approval,R3_F3,3,3,a6,2,1,0.002758913412563624,0.0020808413508779378,0.028342815320210657,0.016129032258064502,0.0025571841026306857,0.0034830463829655933
Australian Credit Approval,R3_F3,3,3,a6,3,1,-0.0019100169779286968,-0.0015403884248049726,-0.00150688137342736,0.0014855687606111223,0.00015120141606383974,0.00025777817022448746
Australian Credit Approval,R3_F3,3,3,a6,4,1,-0.00339558573853993,-0.0017518309973485469,-0.01750006695522266,-0.005093378607809895,-0.004734185051273168,-0.011930372259434385
Australian Credit Approval,R3_F3,3,3,a6,5,1,-0.0012733446519525016,-0.001423200535273006,0.014210511205264065,0.008064516129032251,-0.0027163692822727153,-0.0048983507556711325
Australian Credit Approval,R3_F3,3,3,a8,1,1,0.3331918505942274,0.32750969813494324,0.5597055926393766,0.2835314091680815,0.1890461589592508,0.5223902433184824
Australian Credit Approval,R3_F3,3,3,a8,2,1,0.3372241086587435,0.3045044083156734,0.5851762752520646,0.2907470288624787,0.1970965834310605,0.5402321750566195
Australian Credit Approval,R3_F3,3,3,a8,3,1,0.1984295415959253,0.17901234878846206,0.38719482404390076,0.19630730050933776,0.13322338503867556,0.34775391422741603
Australian Credit Approval,R3_F3,3,3,a8,4,1,0.33807300509337845,0.2759603162233186,0.6061775055191084,0.30326825127334456,0.20144827414883087,0.5244297709661576
Australian Credit Approval,R3_F3,3,3,a8,5,1,0.26655348047538197,0.24677444195811182,0.526797276875708,0.26591680814940577,0.16310667788416233,0.43635609947170656
Australian Credit Approval,R3_F3,3,3,a9,1,1,0.007427843803055945,0.003227815971677206,0.0,0.0,0.0029685027615621584,0.009389746160492873
Australian Credit Approval,R3_F3,3,3,a9,2,1,0.003395585738539819,0.001688205101322171,0.0008276121291282967,-0.0014855687606113444,0.001916175220651642,0.002569412674341076
Australian Credit Approval,R3_F3,3,3,a9,3,1,0.004244482173174857,0.0015601822903574813,0.029667128028747825,0.014643463497453268,0.0019657954873565225,0.0050444073289182545
Australian Credit Approval,R3_F3,3,3,a9,4,1,0.0019100169779286968,0.000544910623898498,0.0,0.0,0.0008113818037519954,0.001362044880515334
Australian Credit Approval,R3_F3,3,3,a9,5,1,0.0021222410865874286,0.0007734341154719271,-0.014296211364766886,-0.008064516129032362,0.0009194033254610878,0.002198943208877424
Australian Credit Approval,R3_F3,3,3,a11,0,0,0.0,0.0,0.0,0.0,0.0,0.0
Australian Credit Approval,R3_F3,3,3,a12,1,1,0.0006366723259761953,0.0007152309981954819,0.0,0.0,-0.0007454968278524515,-0.00048026267755335583
Australian Credit Approval,R3_F3,3,3,a12,2,1,-0.00021222410865873176,0.00017269622018545316,0.0,0.0,-0.0008924337665504739,-0.0009940525221434071
Australian Credit Approval,R3_F3,3,3,a12,3,1,-0.0012733446519525016,-0.0008605060142956589,0.0,0.0,-0.002140148963473351,-0.004572545088671942
Australian Credit Approval,R3_F3,3,3,a12,4,1,0.000848896434634927,0.000786672015084422,0.0,0.0,-0.0006271362958433502,-0.00024626230269580995
Australian Credit Approval,R3_F3,3,3,a12,5,1,-0.0010611205432936588,-0.000661195855365504,0.0,0.0,-0.001608113988887494,-0.002858880308211187
Australian Credit Approval,R3_F3,3,3,a2,1,1,0.00785229202037352,0.006370013453711687,0.029667128028747825,0.014643463497453268,0.006344075731329141,0.01681064205997357
Australian Credit Approval,R3_F3,3,3,a2,2,1,0.002546689303904892,0.0035723976749049147,0.0,0.0,0.002680267505460507,0.006747520845881871
Australian Credit Approval,R3_F3,3,3,a2,3,1,0.0010611205432936588,0.0007789173255186022,-0.029667128028747713,-0.01464346349745338,0.0006495486625842234,0.001588079234818962
Australian Credit Approval,R3_F3,3,3,a2,4,1,0.004032258064516014,0.0031461778514685346,0.0008276121291282967,-0.0014855687606113444,0.000958545774670222,0.0002285844714524643
Australian Credit Approval,R3_F3,3,3,a2,5,1,-0.0008488964346350381,0.0012906155100487204,-0.01750006695522266,-0.005093378607809895,-0.001388912129061906,-0.004819560398580391
Australian Credit Approval,R3_F3,3,3,a3,1,1,0.012096774193548265,0.018697412618496,-0.014296211364766886,-0.008064516129032362,0.004039131568679591,0.017239198185737548
Australian Credit Approval,R3_F3,3,3,a3,2,1,0.011884550084889645,0.021693842350903436,-0.014296211364766886,-0.008064516129032362,0.0031724156127118652,0.019069543003739198
Australian Credit Approval,R3_F3,3,3,a3,3,1,0.007427843803056056,0.01902396987640953,-0.029667128028747713,-0.01464346349745338,-0.0033796857970109645,0.0036189395503620214
Australian Credit Approval,R3_F3,3,3,a3,4,1,0.0057300509337860905,0.012667326606375373,0.012452155174342394,0.009550084889643373,0.00020471729036278252,0.007699158024090158
Australian Credit Approval,R3_F3,3,3,a3,5,1,0.015280135823429464,0.0266139662499717,0.0,0.0,0.002872674281580695,0.018968068953597206
Australian Credit Approval,R3_F3,3,3,a7,1,1,-0.007640067911714787,-0.004809977665027443,-0.0438829100094259,-0.02270797962648563,-0.011020467702121478,-0.025233141645980173
Australian Credit Approval,R3_F3,3,3,a7,2,1,0.0006366723259761953,0.0020761344227979706,-0.029667128028747713,-0.01464346349745338,-6.562425520226234e-05,0.0072533018022231666
Australian Credit Approval,R3_F3,3,3,a7,3,1,0.004456706281833589,0.004920197163856388,0.04396524400246604,0.02270797962648552,0.0004973097877322419,0.008333965231175355
Australian Credit Approval,R3_F3,3,3,a7,4,1,-0.00339558573853993,7.558801411733373e-05,-0.04529895438913978,-0.021222410865874397,-0.0029544926111557263,-0.007702701942959855
Australian Credit Approval,R3_F3,3,3,a7,5,1,0.00912563667232591,0.0077781783256178905,0.04396524400246604,0.02270797962648552,0.006546560714674549,0.01899791125034206
Australian Credit Approval,R3_F3,3,3,a10,1,1,0.016341256366723234,0.008534883538355853,0.05933425605749554,0.029286926994906648,0.011268030298893617,0.032367128074724805
Australian Credit Approval,R3_F3,3,3,a10,2,1,0.009762308998302105,0.0060426246554968754,0.015290487279892129,0.006578947368421018,0.006225826913864252,0.020440217795725413
Australian Credit Approval,R3_F3,3,3,a10,3,1,0.00912563667232591,0.007379730062809564,0.05933425605749554,0.029286926994906648,0.009570519988652104,0.021110418617217297
Australian Credit Approval,R3_F3,3,3,a10,4,1,0.014006791171477073,0.009126192667382349,0.04240437730390745,0.024193548387096753,0.01254316520593278,0.03078907370886924
Australian Credit Approval,R3_F3,3,3,a10,5,1,0.008276740237690983,0.007161601857615496,0.07446388456921005,0.035865874363327666,0.007038372243818439,0.01293578571137749
Australian Credit Approval,R3_F3,3,3,a13,0,0,0.0,0.0,0.0,0.0,0.0,0.0
Australian Credit Approval,R3_F3,3,3,a14,1,1,0.0038200339558573937,0.0022669490287211547,0.014210511205264065,0.008064516129032251,0.0014551877101463967,0.009654712749733896
Australian Credit Approval,R3_F3,3,3,a14,2,1,0.02292020373514425,0.010033467639527616,0.0008276121291282967,-0.0014855687606113444,0.010306482966963307,0.04636482135375408
Australian Credit Approval,R3_F3,3,3,a14,3,1,0.008701188455008557,0.00439490051070357,0.0008276121291282967,-0.0014855687606113444,0.0016496683521093208,0.014069117076483895
Australian Credit Approval,R3_F3,3,3,a14,4,1,0.013582342954159499,0.007228862276638992,-0.028387981342480773,-0.017614601018675846,0.00482767407733925,0.02961349910330735
Australian Credit Approval,R3_F3,3,3,a14,5,1,0.022071307300509324,0.013462723937394117,0.059854169019731174,0.027801358234295415,0.015460880567019955,0.046521243691611314
Australian Credit Approval,R3_F4,3,4,a1,0,0,0.0,0.0,0.0,0.0,0.0,0.0
Australian Credit Approval,R3_F4,3,4,a4,1,1,0.0027449324324324564,-0.0008828400992788588,-0.01135239107378061,-0.008868243243243201,0.007338245241620203,0.01845615763795677
Australian Credit Approval,R3_F4,3,4,a4,2,1,0.003589527027026973,0.004037776329088527,-0.029876233282917997,-0.014569256756756799,0.002576430967637461,0.008565490062007797
Australian Credit Approval,R3_F4,3,4,a4,3,1,0.0021114864864865135,0.0005194818058951167,0.0,0.0,0.005497302209826485,0.011901129697857116
Australian Credit Approval,R3_F4,3,4,a4,4,1,0.0021114864864865135,-0.00026928757847288765,0.01620330066238007,0.006756756756756799,0.0032711444113622534,0.012021745701523034
Australian Credit Approval,R3_F4,3,4,a4,5,1,0.0033783783783783994,0.0013533406092566258,0.01620330066238007,0.006756756756756799,0.006097001882305789,0.013625831273835487
Australian Credit Approval,R3_F4,3,4,a5,1,1,-0.0033783783783783994,0.017575838636726404,-0.04646985732881259,-0.021326013513513487,0.001019797483583093,-0.0006013488997640426
Australian Credit Approval,R3_F4,3,4,a5,2,1,-0.004222972972972916,0.00445478216691475,-0.003159904584066786,0.0010557432432432012,0.002855613431724857,-0.0018911177599378881
Australian Credit Approval,R3_F4,3,4,a5,3,1,0.0012668918918918859,0.005143369133885467,0.0,0.0,0.002482151525635218,0.008039364438754859
Australian Credit Approval,R3_F4,3,4,a5,4,1,-0.0027449324324324564,0.02339006505528718,-0.03326420402633612,-0.013513513513513487,-0.002844446512111326,-0.004115697969317655
Australian Credit Approval,R3_F4,3,4,a5,5,1,-0.00823479729729737,0.002928470874082545,-0.04334463524606835,-0.0223817567567568,-0.003532467709791154,-0.011704383095372584
Australian Credit Approval,R3_F4,3,4,a6,1,1,-0.005489864864864913,0.000624374556027818,-0.04646985732881259,-0.021326013513513487,-0.0037351611198951085,-0.012762291458096375
Australian Credit Approval,R3_F4,3,4,a6,2,1,-0.004222972972973027,-0.0038426803760405193,-0.020128959219712472,-0.0057010135135134865,-0.002788278506075742,-0.002760598861945851
Australian Credit Approval,R3_F4,3,4,a6,3,1,0.0027449324324324564,0.003877703076541006,-0.013570667291844196,-0.0078125,0.003294032463076982,0.011280204279713879
Australian Credit Approval,R3_F4,3,4,a6,4,1,-0.0008445945945946276,-0.0002846067911385086,-0.05975246656583588,-0.029138513513513487,-0.002849413050332039,-0.005474805877634048
Australian Credit Approval,R3_F4,3,4,a6,5,1,-0.004011824324324342,-0.0031458300950822915,-0.020128959219712472,-0.0057010135135134865,-0.003365632558708226,-0.005511171996539055
Australian Credit Approval,R3_F4,3,4,a8,1,1,0.28526182432432423,0.25111220563475634,0.4342878966667243,0.23015202702702697,0.18366600822753285,0.47570548682648683
Australian Credit Approval,R3_F4,3,4,a8,2,1,0.24746621621621634,0.19801284940649055,0.43754966777178395,0.22909628378378377,0.17506780633607402,0.4509457895189868
Australian Credit Approval,R3_F4,3,4,a8,3,1,0.2892736486486486,0.24650770736232075,0.3795853432270213,0.2088260135135136,0.19356007096959363,0.5106636324807247
Australian Credit Approval,R3_F4,3,4,a8,4,1,0.2510557432432432,0.21732721059643345,0.3883897341656335,0.20671452702702697,0.17579652680465294,0.46238430735518343
Australian Credit Approval,R3_F4,3,4,a8,5,1,0.23268581081081086,0.20392508346829086,0.39181135363728764,0.20565878378378377,0.16781305141890165,0.44221882916501665
Australian Credit Approval,R3_F4,3,4,a9,1,1,0.0027449324324323454,0.004831348259881407,-0.013570667291844196,-0.0078125,-7.74892048535647e-05,0.004165280306217545
Australian Credit Approval,R3_F4,3,4,a9,2,1,0.00295608108108103,-0.001531510433664729,0.026944394858202547,0.015625,0.003148427335194451,0.004142083963398435
Australian Credit Approval,R3_F4,3,4,a9,3,1,0.003589527027026973,0.003126595374487451,0.026944394858202547,0.015625,0.003013294400985647,0.006893180868438875
Australian Credit Approval,R3_F4,3,4,a9,4,1,0.007812499999999889,0.008405534300237938,0.0,0.0,0.0015088710761990837,0.008220191256808063
Australian Credit Approval,R3_F4,3,4,a9,5,1,-0.0016891891891893662,-0.0031106573125059267,0.013502668170177978,0.0078125,0.0012765731180271328,-0.00018559597201528444
Australian Credit Approval,R3_F4,3,4,a11,0,0,0.0,0.0,0.0,0.0,0.0,0.0
Australian Credit Approval,R3_F4,3,4,a12,1,1,0.0014780405405405705,0.0018044125229129682,0.0,0.0,0.0010626301020022627,0.0038509401000811905
Australian Credit Approval,R3_F4,3,4,a12,2,1,0.002322635135135198,0.003113303990294747,0.0,0.0,0.000383977671764027,0.0020773659949215317
Australian Credit Approval,R3_F4,3,4,a12,3,1,-0.00021114864864868466,-0.0022472703315121745,0.0,0.0,0.00011845557429601694,0.00028081372501193025
Australian Credit Approval,R3_F4,3,4,a12,4,1,0.0006334459459459429,-0.0005875789913230012,-0.016483594579317362,-0.006756756756756799,-0.0010786583432464414,-0.0013193764814727338
Australian Credit Approval,R3_F4,3,4,a12,5,1,0.0008445945945946276,0.0024489528448357056,-0.016483594579317362,-0.006756756756756799,6.7230917092653275e-06,0.0001266793926483767
Australian Credit Approval,R3_F4,3,4,a2,1,1,-0.008234797297297258,-0.008517653146496329,-0.029876233282917997,-0.014569256756756799,-0.001459405752238102,-0.011351463103294379
Australian Credit Approval,R3_F4,3,4,a2,2,1,-0.007390202702702742,-0.0070637358119767235,-0.03326420402633612,-0.013513513513513487,-0.00352133077841478,-0.012677250613911506
Australian Credit Approval,R3_F4,3,4,a2,3,1,-0.0038006756756756577,-0.007004936095434844,0.0,0.0,0.00042610736689410733,-0.002262232022070765
Australian Credit Approval,R3_F4,3,4,a2,4,1,-0.005489864864864802,-0.009688141113645354,-0.03326420402633612,-0.013513513513513487,-0.001945148745441841,-0.008622546320502134
Australian Credit Approval,R3_F4,3,4,a2,5,1,-0.0038006756756757687,-0.005347039234864903,-0.029876233282917997,-0.014569256756756799,0.001500251075522388,-0.00044045724791896834
Australian Credit Approval,R3_F4,3,4,a3,1,1,0.0016891891891891442,-0.0021643876937263995,-0.03326420402633612,-0.013513513513513487,0.006091199979309403,0.01419422375485202
Australian Credit Approval,R3_F4,3,4,a3,2,1,0.0008445945945946276,-0.0010227200325702013,-0.016483594579317362,-0.006756756756756799,0.004935612533213188,0.01216764503633827
Australian Credit Approval,R3_F4,3,4,a3,3,1,0.003589527027026973,0.003435876885217959,-0.003159904584066786,0.0010557432432432012,0.00796934894209067,0.015079776030687997
Australian Credit Approval,R3_F4,3,4,a3,4,1,0.004645270270270285,0.0017185001312315373,-0.020128959219712472,-0.0057010135135134865,0.008213385669901874,0.02030978984853965
Australian Credit Approval,R3_F4,3,4,a3,5,1,-0.0063344594594594295,-0.007813871177352105,-0.003159904584066786,0.0010557432432432012,0.004089062455713735,0.0008144395909093216
Australian Credit Approval,R3_F4,3,4,a7,1,1,0.007390202702702631,0.013485969506184414,-0.020128959219712472,-0.0057010135135134865,0.0041840679920876755,0.016309250533221742
Australian Credit Approval,R3_F4,3,4,a7,2,1,0.006123310810810856,0.007371015987466034,0.05367338641971353,0.03125,0.007311718424025407,0.021574213266173592
Australian Credit Approval,R3_F4,3,4,a7,3,1,0.004222972972973027,-0.0004488884108578839,0.03646573079806126,0.0244932432432432,0.005905247464386712,0.020479639544848494
Australian Credit Approval,R3_F4,3,4,a7,4,1,-0.005278716216216339,-0.007563783754868991,0.005956492424641913,0.009923986486486513,0.0004827906352449507,9.002265390689601e-06
Australian Credit Approval,R3_F4,3,4,a7,5,1,0.0016891891891892552,-0.0008268718409155662,0.010101650135951212,0.008868243243243201,0.006218263793619616,0.015294533472243022
Australian Credit Approval,R3_F4,3,4,a10,1,1,-0.0019003378378378288,0.005911387135808077,0.013502668170177978,0.0078125,0.0021572440007313065,0.004506394056660534
Australian Credit Approval,R3_F4,3,4,a10,2,1,-0.015625,-0.00792574676715685,-0.029876233282917997,-0.014569256756756799,-0.004220633458257933,-0.016643510772375303
Australian Credit Approval,R3_F4,3,4,a10,3,1,-0.008234797297297258,-0.00961153080817656,-0.016483594579317362,-0.006756756756756799,0.002559930727369583,-0.0018043196702743347
Australian Credit Approval,R3_F4,3,4,a10,4,1,-0.0038006756756757687,0.007063446426265219,-0.016483594579317362,-0.006756756756756799,0.0028582605200320327,0.004988423509020012
Australian Credit Approval,R3_F4,3,4,a10,5,1,-0.0019003378378378288,0.006150633733909894,0.026944394858202547,0.015625,0.004523179086568949,0.010403542500214802
Australian Credit Approval,R3_F4,3,4,a13,0,0,0.0,0.0,0.0,0.0,0.0,0.0
Australian Credit Approval,R3_F4,3,4,a14,1,1,0.005489864864864802,0.004977254113014751,0.013502668170177978,0.0078125,0.008436918639723331,0.01931401729728338
Australian Credit Approval,R3_F4,3,4,a14,2,1,-1.1102230246251565e-16,-0.0024853960066572034,-0.003159904584066786,0.0010557432432432012,0.0012384645471951033,0.01005946345110148
Australian Credit Approval,R3_F4,3,4,a14,3,1,-0.010979729729729826,-0.015871671580383495,0.013502668170177978,0.0078125,-0.0036250664864849735,-0.017483827782244665
Australian Credit Approval,R3_F4,3,4,a14,4,1,0.012457770270270285,0.009406716367090562,0.07056286884727858,0.0380067567567568,0.01077398577633644,0.04155200926526276
Australian Credit Approval,R3_F4,3,4,a14,5,1,0.007179054054054057,0.00863406422154167,0.010101650135951212,0.008868243243243201,0.0023074323419303433,0.014114955778342098
Australian Credit Approval,R3_F5,3,5,a1,0,0,0.0,0.0,0.0,0.0,0.0,0.0
Australian Credit Approval,R3_F5,3,5,a4,1,1,-0.00044395116537188084,0.015424565350234287,-0.01464994447451029,-0.012985571587125433,-0.0035950929141915777,-0.0009530970643266135
Australian Credit Approval,R3_F5,3,5,a4,2,1,-0.002441731409545067,-0.0010888811023639366,0.0,0.0,-0.00013172360968001506,0.002217156595024583
Australian Credit Approval,R3_F5,3,5,a4,3,1,0.0008879023307435396,0.002451002914829914,0.0,0.0,-7.326277517172297e-05,0.004113583205214932
Australian Credit Approval,R3_F5,3,5,a4,4,1,0.0008879023307435396,0.010721141720223426,0.0,0.0,-0.0023084169690565787,-0.0002568949741673654
Australian Credit Approval,R3_F5,3,5,a4,5,1,0.001997780244173075,0.009674144446658595,-0.01464994447451029,-0.012985571587125433,-0.002329338960064542,0.002770017757482035
Australian Credit Approval,R3_F5,3,5,a5,1,1,0.012874583795782435,0.055424027446486224,0.0,0.0,0.004250025266139004,0.0272394584697932
Australian Credit Approval,R3_F5,3,5,a5,2,1,0.007769145394006638,0.011386698388421768,0.030457762098076713,0.018867924528301994,0.005628807970993771,0.02052331299914284
Australian Credit Approval,R3_F5,3,5,a5,3,1,-0.0011098779134295356,0.009861948479510496,0.015239604926076789,0.009433962264150941,-0.0002663094922278758,0.0035351488446889734
Australian Credit Approval,R3_F5,3,5,a5,4,1,0.01309655937846832,0.019477317415862117,0.030457762098076713,0.018867924528301994,0.006965417690155101,0.026105941436323055
Australian Credit Approval,R3_F5,3,5,a5,5,1,0.019089900110987768,0.048864670758893225,0.015239604926076789,0.009433962264150941,0.005272814665372327,0.02976165692167665
Australian Credit Approval,R3_F5,3,5,a6,1,1,0.004439511653718031,0.0038676796730018337,0.030457762098076713,0.018867924528301994,0.006111018926314854,0.013715809870490037
Australian Credit Approval,R3_F5,3,5,a6,2,1,-0.01220865704772478,-0.012597953851664512,-0.015269550611807237,-0.009433962264150941,-0.0017630956891488553,-0.006523599774250821
Australian Credit Approval,R3_F5,3,5,a6,3,1,-0.005993340732519559,-0.008907015359756798,0.030457762098076713,0.018867924528301994,0.0019189805520019587,0.0013986786011385144
Australian Credit Approval,R3_F5,3,5,a6,4,1,-0.004661487236404138,-0.0062992564433068665,0.047940895426377694,0.02119866814650384,0.0014509217652636242,0.0014687162401263998
Australian Credit Approval,R3_F5,3,5,a6,5,1,-0.012652608213096661,-0.013783751584536597,0.015239604926076789,0.009433962264150941,-0.002866522672955743,-0.010631579211725695
Australian Credit Approval,R3_F5,3,5,a8,1,1,0.26237513873473906,0.16172588977464641,0.44630218479692874,0.22985571587125408,0.16635493451058564,0.4258923409878539
Australian Credit Approval,R3_F5,3,5,a8,2,1,0.21753607103218642,0.12404299535465135,0.4114270737191858,0.21809100998890119,0.13852684906064924,0.34483511903784014
Australian Credit Approval,R3_F5,3,5,a8,3,1,0.25416204217536054,0.16678499976708083,0.44252252029365435,0.2227524972253052,0.16300027106393444,0.4244499028406351
Australian Credit Approval,R3_F5,3,5,a8,4,1,0.2261931187569367,0.15499887037198512,0.3050927358395016,0.16859045504994452,0.13938647326939238,0.3686426462295228
Australian Credit Approval,R3_F5,3,5,a8,5,1,0.2703662597114317,0.1831966907633048,0.393130459902918,0.21220865704772474,0.15761907037592407,0.41404432460013185
Australian Credit Approval,R3_F5,3,5,a9,1,1,0.001997780244173075,-0.0009310016913510744,0.0934675805590629,0.053052164261931156,0.0019316970089808677,0.005713358490062159
Australian Credit Approval,R3_F5,3,5,a9,2,1,0.0117647058823529,0.009858634737730076,0.04720951566443454,0.024750277469478443,0.0081442902697762,0.023427489460821127
Australian Credit Approval,R3_F5,3,5,a9,3,1,-0.00044395116537188084,0.0017399832477057453,0.030457762098076713,0.018867924528301994,-3.18782205882967e-05,0.003176539038491688
Australian Credit Approval,R3_F5,3,5,a9,4,1,-0.0017758046614873013,-0.004371217464584132,0.07804278378596585,0.043618201997780326,0.0011565446250743905,0.001510423502303182
Australian Credit Approval,R3_F5,3,5,a9,5,1,0.0062153163152052215,0.0026471935929679447,0.09479548027026397,0.049500554938956776,0.00679031158455308,0.017713206334045162
Australian Credit Approval,R3_F5,3,5,a11,0,0,0.0,0.0,0.0,0.0,0.0,0.0
Australian Credit Approval,R3_F5,3,5,a12,1,1,0.0004439511653717698,0.0025441826800534084,0.0,0.0,-0.00043516527202058786,0.0010465351803825573
Australian Credit Approval,R3_F5,3,5,a12,2,1,-0.0033296337402886067,-0.003026618147202953,0.0,0.0,-0.0005135097348802492,-0.001097431531847104
Australian Credit Approval,R3_F5,3,5,a12,3,1,0.0,0.00015970639632145733,0.0,0.0,0.0003757896458141813,0.002520178756289959
Australian Credit Approval,R3_F5,3,5,a12,4,1,-0.0011098779134295356,-0.0002445029742272897,0.0,0.0,-0.0006025915816256222,0.0001635111236319986
Australian Credit Approval,R3_F5,3,5,a12,5,1,-0.0017758046614873013,-0.0006161273945615164,0.0,0.0,-0.0015792161050075804,-0.00218237209300981
Australian Credit Approval,R3_F5,3,5,a2,1,1,-0.005105438401775908,-0.005463945132733294,-0.03178220009583965,-0.015316315205327391,-0.0002201478894094111,-0.0009306949094604056
Australian Credit Approval,R3_F5,3,5,a2,2,1,-0.008435072142064515,-0.008124054375226786,-0.015269550611807237,-0.009433962264150941,-0.002808802582652495,-0.009078474001809722
Australian Credit Approval,R3_F5,3,5,a2,3,1,0.001997780244173075,0.004264348155771369,-0.03178220009583965,-0.015316315205327391,0.0018272681400479523,0.004153405646019903
Australian Credit Approval,R3_F5,3,5,a2,4,1,-0.0031076581576026108,-0.003215570920325428,0.0,0.0,0.0008957210886053196,0.0018709720166335542
Australian Credit Approval,R3_F5,3,5,a2,5,1,-0.0019977802441731862,-0.0022722019657477333,0.0,0.0,0.0007934868930883215,0.004005029880090827
Australian Credit Approval,R3_F5,3,5,a3,1,1,0.00221975582685896,0.003960905334793208,0.030457762098076713,0.018867924528301994,0.0028157710175626405,0.0076116018761061555
Australian Credit Approval,R3_F5,3,5,a3,2,1,0.004439511653718031,0.003589199261822662,0.030457762098076713,0.018867924528301994,0.003033486614010039,0.007950144431019102
Australian Credit Approval,R3_F5,3,5,a3,3,1,-0.004217536071032257,-0.0021820361195328264,0.015239604926076789,0.009433962264150941,-0.0048018141792025015,-0.010417600428420437
Australian Credit Approval,R3_F5,3,5,a3,4,1,-0.002441731409545067,-0.00017383033981754892,-0.001711096988016858,0.0035516093229744916,-0.0029571407758019336,-0.008006968105692347
Australian Credit Approval,R3_F5,3,5,a3,5,1,-0.004217536071032257,-0.0027368714957300977,-0.03387995607411043,-0.01176470588235301,-0.0016469289693378797,-0.0029175191887883534
Australian Credit Approval,R3_F5,3,5,a7,1,1,-0.0086570477247504,-0.010785809131426793,0.0,0.0,0.0007684784596769245,0.0015503207221908566
Australian Credit Approval,R3_F5,3,5,a7,2,1,-0.004217536071032257,-0.009875184583333807,0.013283591597618827,0.012985571587125433,0.0039053853972803587,0.008229848462367018
Australian Credit Approval,R3_F5,3,5,a7,3,1,-0.008879023307436285,-0.00575694490836709,-0.016730305812280966,-0.005882352941176561,-0.003479949905407384,-0.007841692384737087
Australian Credit Approval,R3_F5,3,5,a7,4,1,-0.003107658157602722,0.0023950543854509565,0.010394235852090206,0.016537180910099925,0.0005664130534654421,0.005439170654237158
Australian Credit Approval,R3_F5,3,5,a7,5,1,-0.004883462819090023,-0.0064407037398369615,-0.03387995607411043,-0.01176470588235301,3.2042417589028815e-05,0.0014744908320666883
Australian Credit Approval,R3_F5,3,5,a10,1,1,0.009988901220865598,0.007421455951340916,0.0934675805590629,0.053052164261931156,0.009699785812444461,0.02698656308576486
Australian Credit Approval,R3_F5,3,5,a10,2,1,0.009766925638179713,0.0044635620904460716,0.11042237988013937,0.058934517203107606,0.010770759929570453,0.028201528193628478
Australian Credit Approval,R3_F5,3,5,a10,3,1,0.007325194228634868,0.006591657934544748,0.0626266211841704,0.034184239733629274,0.005758346325631866,0.021611045826253283
Australian Credit Approval,R3_F5,3,5,a10,4,1,-0.0019977802441731862,0.0025892738449485586,0.060864856123809874,0.037735849056603876,-0.0008676655327181371,0.004613970024332614
Australian Credit Approval,R3_F5,3,5,a10,5,1,0.009544950055493828,0.002578678906733467,0.0626266211841704,0.034184239733629274,0.008538795056823978,0.02383940050215011
Australian Credit Approval,R3_F5,3,5,a13,0,0,0.0,0.0,0.0,0.0,0.0,0.0
Australian Credit Approval,R3_F5,3,5,a14,1,1,0.011098779134295134,0.000216257781441076,0.032062469579429265,0.008213096559378408,0.01387035849242807,0.04148821532291669
Australian Credit Approval,R3_F5,3,5,a14,2,1,0.021975582685904604,0.007749463981194804,0.07919504070351224,0.03296337402885674,0.016593826169817222,0.04922329749412385
Australian Credit Approval,R3_F5,3,5,a14,3,1,0.0013318534961153095,-0.003917720626606558,0.0,0.0,0.01249498608323342,0.03106149519426704
Australian Credit Approval,R3_F5,3,5,a14,4,1,0.020199778024417192,0.014196348973662287,0.09534660028751873,0.045948945615982284,0.014838713253639654,0.04270715506766315
Australian Credit Approval,R3_F5,3,5,a14,5,1,0.011764705882352788,0.0025900822414979263,0.0635644001916792,0.030632630410654893,0.011913844936984247,0.038324884522973335
Australian Credit Approval,R4_F1,4,1,a1,0,0,0.0,0.0,0.0,0.0,0.0,0.0
Australian Credit Approval,R4_F1,4,1,a4,1,1,0.0,0.0011376127853995888,-0.03036548318953347,-0.014569256756756688,0.0012336071296558532,0.004382104347684601
Australian Credit Approval,R4_F1,4,1,a4,2,1,-0.0025337837837837718,0.0021166148938005502,-0.047860649178957604,-0.021326013513513487,-0.002594656148472957,-0.0035617011214315597
Australian Credit Approval,R4_F1,4,1,a4,3,1,0.00485641891891897,0.006070537003694532,0.0,0.0,0.002065165577613909,0.010746564519457158
Australian Credit Approval,R4_F1,4,1,a4,4,1,-0.004645270270270285,-0.0042101541050098,-0.013206253094228959,-0.0078125,-0.005864360094545898,-0.011180119340338801
Australian Credit Approval,R4_F1,4,1,a4,5,1,0.0057010135135135975,0.004586402030298031,0.026274171508146704,0.015625,0.0016244659216217427,0.009041523222125258
Australian Credit Approval,R4_F1,4,1,a5,1,1,0.01646959459459474,0.010643504603659704,0.09109644956860019,0.043707770270270396,0.01350990844368466,0.036171127763485744
Australian Credit Approval,R4_F1,4,1,a5,2,1,-0.0006334459459458319,-0.009279531056704649,0.050167290438988266,0.020270270270270396,0.003403035066724208,0.005596109273843242
Australian Credit Approval,R4_F1,4,1,a5,3,1,0.0031672297297298257,-0.008422637330909977,0.07417630431471989,0.0369510135135136,0.007080645809549757,0.017143734513570985
Australian Credit Approval,R4_F1,4,1,a5,4,1,-0.00295608108108103,-0.014565193974607982,0.008531254105505925,0.008868243243243312,0.004185048371879066,0.005669193868476474
Australian Credit Approval,R4_F1,4,1,a5,5,1,0.00971283783783794,-0.004159873343317022,0.10984181222355704,0.0614442567567568,0.010642984900812821,0.024963550396040257
Australian Credit Approval,R4_F1,4,1,a6,1,1,-0.0021114864864864025,-0.004241867467928762,-0.01735141080553826,-0.006756756756756688,0.0014345126493946758,0.00022110416697268542
Australian Credit Approval,R4_F1,4,1,a6,2,1,-0.00042229729729714727,-0.004102429475778546,-0.004388049837205754,0.0010557432432433123,0.0019981995609743147,0.003013701415896075
Australian Credit Approval,R4_F1,4,1,a6,3,1,-0.0021114864864864025,-0.004761931011553866,-0.03036548318953347,-0.014569256756756688,0.000739029925600182,0.00022511460251828375
Australian Credit Approval,R4_F1,4,1,a6,4,1,0.000633445945946054,-0.0020405340783005155,0.013157827567881086,0.0078125,0.0019031211824240002,0.0032537565343476182
Australian Credit Approval,R4_F1,4,1,a6,5,1,0.0027449324324324564,0.0019098938360828654,-0.03036548318953347,-0.014569256756756688,0.0031046371663813466,0.007579346320501168
Australian Credit Approval,R4_F1,4,1,a8,1,1,0.31545608108108114,0.26415280782292194,0.48061546155514234,0.24260979729729737,0.199646423502071,0.5409495956767456
Australian Credit Approval,R4_F1,4,1,a8,2,1,0.30616554054054057,0.255902316983018,0.39880412501357987,0.20460304054054057,0.20504640550423797,0.5514169380726661
Australian Credit Approval,R4_F1,4,1,a8,3,1,0.3329814189189191,0.284903591702119,0.4427604517885938,0.22909628378378377,0.19766475268998013,0.5294429638914993
Australian Credit Approval,R4_F1,4,1,a8,4,1,0.30173141891891897,0.28331474729562167,0.35627743999684114,0.1921452702702704,0.18659966625686852,0.5136513707337835
Australian Credit Approval,R4_F1,4,1,a8,5,1,0.25063344594594605,0.1898205916299086,0.3461096895550041,0.18327702702702708,0.16919339446935305,0.4447029585590135
Australian Credit Approval,R4_F1,4,1,a9,1,1,0.005278716216216339,-0.0037054255794397584,0.021413237780223637,0.016680743243243312,0.006844520342063981,0.014415393471915727
Australian Credit Approval,R4_F1,4,1,a9,2,1,0.004434121621621712,-0.008020545385686417,0.04366706594130054,0.0223817567567568,0.0060192587216440635,0.015516323651884323
Australian Credit Approval,R4_F1,4,1,a9,3,1,0.000633445945946054,0.0036512574603707604,0.056936392853499274,0.0301942567567568,0.003139197770483146,0.008042624443749702
Australian Credit Approval,R4_F1,4,1,a9,4,1,0.00021114864864868466,-0.00020855784942430677,0.07018087434501497,0.0380067567567568,0.0016966264650164903,0.006071914653157262
Australian Credit Approval,R4_F1,4,1,a9,5,1,-0.0021114864864864025,-0.012681033177967871,0.07846728363696998,0.046875,0.006095656570577632,0.01090480116844933
Australian Credit Approval,R4_F1,4,1,a11,1,1,-0.0019003378378377178,0.003958335514417155,-0.013206253094228959,-0.0078125,0.00020462976168700298,-0.0019147107437352817
Australian Credit Approval,R4_F1,4,1,a11,2,1,-0.0021114864864864025,0.0013488774295083994,0.0,0.0,-0.0020969034246982043,-0.004107651438951698
Australian Credit Approval,R4_F1,4,1,a11,3,1,-0.0078125,-0.0058695207566559215,-0.013206253094228959,-0.0078125,-0.0028168690580483574,-0.010331531878177758
Australian Credit Approval,R4_F1,4,1,a11,4,1,1.1102230246251565e-16,0.005177175957022828,-0.013206253094228959,-0.0078125,0.0004380839158019817,0.0004659658971257752
Australian Credit Approval,R4_F1,4,1,a11,5,1,0.00021114864864879568,0.0003277258404030814,0.0,0.0,-0.00031359549195925096,0.0002175022746674915
Australian Credit Approval,R4_F1,4,1,a12,0,0,0.0,0.0,0.0,0.0,0.0,0.0
Australian Credit Approval,R4_F1,4,1,a2,1,1,-0.0006334459459458319,0.004497203598135879,-0.01735141080553826,-0.006756756756756688,-0.0020017350984637416,-0.0028320215172250585
Australian Credit Approval,R4_F1,4,1,a2,2,1,-0.005489864864864802,-0.011862124984775457,-0.01735141080553826,-0.006756756756756688,-0.00039070493717657806,-0.004484070116746064
Australian Credit Approval,R4_F1,4,1,a2,3,1,0.004434121621621712,0.0002300252937595948,-0.013206253094228959,-0.0078125,0.006392504607769509,0.013422607334346748
Australian Credit Approval,R4_F1,4,1,a2,4,1,-0.0038006756756756577,-0.0107541503792975,0.013157827567881086,0.0078125,-0.0020403674982588105,-0.007400963195832888
Australian Credit Approval,R4_F1,4,1,a2,5,1,-0.004645270270270174,-0.008589049187012754,0.0,0.0,-0.002549380698996198,-0.006100920840613144
Australian Credit Approval,R4_F1,4,1,a3,1,1,0.004645270270270396,0.006968875037999589,-0.013206253094228959,-0.0078125,0.0030579798711721784,0.013325108780393113
Australian Credit Approval,R4_F1,4,1,a3,2,1,0.0008445945945947386,-0.0039072545444163165,-0.02330790323018017,-0.0166807432432432,0.0015917495479372407,0.00621453872427602
Australian Credit Approval,R4_F1,4,1,a3,3,1,-0.0038006756756756577,-0.012792936410411349,-0.026467807814246957,-0.015625,0.0009662611427261047,-0.0012347770444340878
Australian Credit Approval,R4_F1,4,1,a3,4,1,0.006123310810810856,0.01048030103649189,-0.01735141080553826,-0.006756756756756688,0.0018598817222947872,0.014758423135035281
Australian Credit Approval,R4_F1,4,1,a3,5,1,-0.00021114864864868466,-0.00238889283741206,-0.013206253094228959,-0.0078125,0.0007445179794619838,0.0035064889112884634
Australian Credit Approval,R4_F1,4,1,a7,1,1,-0.00021114864864857363,0.002443016625342298,-0.039791497809497534,-0.0234375,-0.0027560499883326622,0.0014143330635658646
Australian Credit Approval,R4_F1,4,1,a7,2,1,0.005912162162162282,0.020906020569111727,-0.03036548318953347,-0.014569256756756688,-1.216395569102191e-05,0.012460190310568386
Australian Credit Approval,R4_F1,4,1,a7,3,1,0.0010557432432434233,-0.0025974378127775477,0.013157827567881086,0.0078125,0.002257666408141318,0.00665921000937908
Australian Credit Approval,R4_F1,4,1,a7,4,1,0.004011824324324453,0.0034447586232811966,-0.026467807814246957,-0.015625,0.0011879688696333074,0.011382807233183134
Australian Credit Approval,R4_F1,4,1,a7,5,1,-0.0027449324324323454,0.007058676361117899,-0.013206253094228959,-0.0078125,-0.0021648440407826958,-0.0020171977851451417
Australian Credit Approval,R4_F1,4,1,a10,1,1,0.010768581081081141,0.010189755319764404,0.056936392853499274,0.0301942567567568,0.009780011182377257,0.032026621823288526
Australian Credit Approval,R4_F1,4,1,a10,2,1,0.004434121621621712,-0.00708689666125617,0.06073096637906683,0.029138513513513598,0.007892233764157403,0.018755396410708836
Australian Credit Approval,R4_F1,4,1,a10,3,1,0.0019003378378379399,-0.011718613106049602,0.04366706594130054,0.0223817567567568,0.007993769667971898,0.018819874912063383
Australian Credit Approval,R4_F1,4,1,a10,4,1,0.024070945945946054,0.016210306877589065,0.06073096637906683,0.029138513513513598,0.017555053316221703,0.05048367372046203
Australian Credit Approval,R4_F1,4,1,a10,5,1,0.00929054054054057,-0.00378895220528086,0.04366706594130054,0.0223817567567568,0.011732539074367082,0.027493950984722626
Australian Credit Approval,R4_F1,4,1,a13,0,0,0.0,0.0,0.0,0.0,0.0,0.0
Australian Credit Approval,R4_F1,4,1,a14,1,1,0.021114864864865024,0.015858631515418553,-0.02330790323018017,-0.0166807432432432,0.008213160315000592,0.0351585532996842
Australian Credit Approval,R4_F1,4,1,a14,2,1,0.007601351351351426,0.007618718009755776,-0.009805235060002193,-0.008868243243243201,0.007655924635676187,0.02336293639809678
Australian Credit Approval,R4_F1,4,1,a14,3,1,0.017947635135135198,0.01910867159210161,0.022669365386424056,0.004645270270270396,0.010087923917769678,0.03716560332807012
Australian Credit Approval,R4_F1,4,1,a14,4,1,0.02829391891891908,0.02330433503655316,0.05244333334064821,0.019214527027027084,0.020972178394674412,0.06227177071636303
Australian Credit Approval,R4_F1,4,1,a14,5,1,0.010346283783783883,0.007115306996042348,-0.009805235060002193,-0.008868243243243201,0.011727865870010998,0.03251125591634074
Australian Credit Approval,R4_F2,4,2,a1,0,0,0.0,0.0,0.0,0.0,0.0,0.0
Australian Credit Approval,R4_F2,4,2,a4,1,1,0.0046364594309799,0.008176689451849795,0.014998495357401609,0.006849315068493067,0.007559929911178473,0.01479881253409343
Australian Credit Approval,R4_F2,4,2,a4,2,1,-0.0029504741833510373,-0.00363972156542014,-0.0011099825868512436,0.0008429926238144869,0.0012700902985335744,-0.002945479934499007
Australian Credit Approval,R4_F2,4,2,a4,3,1,-0.002739726027397249,-0.0035248547006374586,0.014998495357401609,0.006849315068493067,0.0031239621166074677,-0.0012416492748262287
Australian Credit Approval,R4_F2,4,2,a4,4,1,-0.002528977871443794,-0.004431859294670382,0.015272781759306353,0.00600632244467858,-0.0011180476940441109,-0.00933514363516963
Australian Credit Approval,R4_F2,4,2,a4,5,1,0.00021074815595367724,0.0011522961376251306,0.028373653407016586,0.01538461538461533,0.00119970061064828,-0.002030131451490058
Australian Credit Approval,R4_F2,4,2,a5,1,1,0.01475237091675441,0.04432437491447949,-0.03241662168424153,-0.01285563751317187,0.0030263555794022012,0.022135397027232107
Australian Credit Approval,R4_F2,4,2,a5,2,1,-0.0031612223393047145,0.01686184827261028,-0.10342468778678826,-0.05047418335089571,-0.006995504952653289,-0.009285289178174672
Australian Credit Approval,R4_F2,4,2,a5,3,1,0.012855637513171758,0.013038735586153094,0.057857289400884304,0.029926238145416173,0.008317529380288388,0.018928640334331004
Australian Credit Approval,R4_F2,4,2,a5,4,1,0.0014752370916754076,0.020681688555487687,-0.0728550528173113,-0.03677555321390935,-0.005700584305150247,-0.007545837771241071
Australian Credit Approval,R4_F2,4,2,a5,5,1,0.01138040042149624,0.02653883161246018,-0.016650134809529815,-0.006006322444678691,0.004286928152977265,0.01482470930718588
Australian Credit Approval,R4_F2,4,2,a6,1,1,-0.006322444678609207,-0.005856244042620307,-0.015193273144923913,-0.006849315068493178,-0.0020874193955146975,-0.008350801471078861
Australian Credit Approval,R4_F2,4,2,a6,2,1,0.003793466807165302,0.0006999509183371888,0.014998495357401609,0.006849315068493067,0.0030691576192621722,0.007997413228201078
Australian Credit Approval,R4_F2,4,2,a6,3,1,-0.004214963119072768,-0.008038388527037643,0.0,0.0,-0.000986878534645852,-0.004942281129947934
Australian Credit Approval,R4_F2,4,2,a6,4,1,-0.0014752370916755186,-0.0038103720236661864,0.0,0.0,0.0007956780951369896,-0.0038225501457174182
Australian Credit Approval,R4_F2,4,2,a6,5,1,0.004847207586933577,0.0035469835636029456,0.044283011415639284,0.02139093782929402,0.003102454114940159,0.0037028973166410295
Australian Credit Approval,R4_F2,4,2,a8,1,1,0.22107481559536357,0.22539129747798092,0.25846026585609366,0.13677555321390933,0.13782905399251302,0.39462900477606655
Australian Credit Approval,R4_F2,4,2,a8,2,1,0.20695468914646986,0.24055076570856126,0.31889629634467676,0.1667017913593255,0.12382599845998438,0.3538576362880067
Australian Credit Approval,R4_F2,4,2,a8,3,1,0.2663856691253951,0.2793057482116965,0.3664152338307547,0.18809272918861952,0.15956917578749616,0.44325395459785044
Australian Credit Approval,R4_F2,4,2,a8,4,1,0.3201264488935721,0.3359958114026136,0.4133002974249059,0.20948366701791354,0.19205432653899154,0.5764507182652088
Australian Credit Approval,R4_F2,4,2,a8,5,1,0.2497365648050579,0.22322933264809341,0.3792762629175901,0.19747102212855627,0.15619419015410216,0.42074274583450955
Australian Credit Approval,R4_F2,4,2,a9,1,1,0.010537407797681753,0.004322078187976253,0.029813969829904363,0.013698630136986245,0.006421232107662378,0.0110436439231264
Australian Credit Approval,R4_F2,4,2,a9,2,1,0.006322444678608985,0.0054239569532748,-0.014286020700835955,-0.007692307692307665,0.0016673501436442334,-0.00015393117147466384
Australian Credit Approval,R4_F2,4,2,a9,3,1,0.012223393045310726,0.004692843441266303,0.014998495357401609,0.006849315068493067,0.006245029395705162,0.016120501994444203
Australian Credit Approval,R4_F2,4,2,a9,4,1,0.01664910432033717,0.010428643233623136,0.029813969829904363,0.013698630136986245,0.00798712556943193,0.019623741020368735
Australian Credit Approval,R4_F2,4,2,a9,5,1,0.006533192834562551,0.002123471456755066,0.0005824969959690174,-0.0008429926238145979,0.0006742053963788991,-0.0038598616359472593
Australian Credit Approval,R4_F2,4,2,a11,0,0,0.0,0.0,0.0,0.0,0.0,0.0
Australian Credit Approval,R4_F2,4,2,a12,1,1,-0.009272918861960022,-0.0074442055454277956,-0.04621392001883262,-0.020547945205479534,-0.007492193399690636,-0.016676120373352032
Australian Credit Approval,R4_F2,4,2,a12,2,1,-0.0031612223393044925,-0.0017543216168582898,-0.04621392001883262,-0.020547945205479534,-0.003363725742614121,-0.007146103574419749
Australian Credit Approval,R4_F2,4,2,a12,3,1,-0.004214963119072768,-0.0009662117259321423,-0.07401421623950022,-0.035932560590094864,-0.003183535930446249,-0.005421288627221799
Australian Credit Approval,R4_F2,4,2,a12,4,1,-0.004847207586933577,-0.002774412094640355,-0.06007725457458668,-0.0282402528977872,-0.003968633263158605,-0.007979778258872916
Australian Credit Approval,R4_F2,4,2,a12,5,1,-0.005057955742887366,-0.003268550368553891,-0.04621392001883262,-0.020547945205479534,-0.00393938469919726,-0.006896612781984113
Australian Credit Approval,R4_F2,4,2,a2,1,1,0.0010537407797680531,-1.2338827222735382e-05,-0.02934414274003616,-0.014541622760800843,0.001612216467947944,0.0033614158245920955
Australian Credit Approval,R4_F2,4,2,a2,2,1,0.0031612223393043815,-0.0007295458954416079,-0.030593618580718962,-0.013698630136986356,0.004271468944018253,0.008920780662636518
Australian Credit Approval,R4_F2,4,2,a2,3,1,0.002739726027397138,-0.00029762829974111504,-0.05788044867190156,-0.029926238145416284,0.002629063908487661,0.004051653167854441
Australian Credit Approval,R4_F2,4,2,a2,4,1,0.0014752370916754076,-0.0007785590815613253,-0.05868828548007232,-0.029083245521601686,0.0027701336323818354,0.005040279880562437
Australian Credit Approval,R4_F2,4,2,a2,5,1,-0.004214963119072768,-0.0020485705640675977,-0.044603744692212066,-0.02139093782929402,-0.004367559274769561,-0.00824091389422682
Australian Credit Approval,R4_F2,4,2,a3,1,1,-0.0023182297154900056,-0.003370129236309305,-0.07401421623950022,-0.035932560590094864,0.00036009412206482183,0.0020713213912891826
Australian Credit Approval,R4_F2,4,2,a3,2,1,0.00042149631190724346,-0.0052493270412167226,-0.015193273144923913,-0.006849315068493178,0.005374432557103209,0.00937442710863362
Australian Credit Approval,R4_F2,4,2,a3,3,1,-0.0010537407797682752,-0.0033744602335776808,-0.06206770649852733,-0.027397260273972712,0.0017476750208039321,0.009120296512800719
Australian Credit Approval,R4_F2,4,2,a3,4,1,0.005690200210748175,0.001618257467504991,-0.02934414274003616,-0.014541622760800843,0.005965996718912112,0.016251441595825367
Australian Credit Approval,R4_F2,4,2,a3,5,1,-0.003582718651211847,-0.002583485842184041,-0.07228194395721244,-0.03761854583772406,-0.0006853903902116348,-0.0006782125237386194
Australian Credit Approval,R4_F2,4,2,a7,1,1,0.006111696522655308,0.004252887824706786,-0.030593618580718962,-0.013698630136986356,0.0021862778679679062,0.005044840968894737
Australian Credit Approval,R4_F2,4,2,a7,2,1,0.0050579557428871436,0.0034969473831120146,-0.07228194395721244,-0.03761854583772406,-0.0003628694495428769,0.002489514556331285
Australian Credit Approval,R4_F2,4,2,a7,3,1,0.0010537407797681642,0.00022723722873430052,-0.05868828548007232,-0.029083245521601686,-0.0010555636288235304,0.007491233180526857
Australian Credit Approval,R4_F2,4,2,a7,4,1,0.00021074815595367724,-0.0030180962564075875,-0.014286020700835955,-0.007692307692307665,0.0009222824674039592,-0.0020656795340997514
Australian Credit Approval,R4_F2,4,2,a7,5,1,0.00021074815595367724,-0.00647799279317951,-0.04357053675907363,-0.02223393045310862,-0.0011340324244289018,-0.002926094412830871
Australian Credit Approval,R4_F2,4,2,a10,1,1,0.02613277133825076,0.009923147795731557,0.07356752747387685,0.03593256059009475,0.015491778308359017,0.03747415775279356
Australian Credit Approval,R4_F2,4,2,a10,2,1,0.010537407797681753,0.00918385501052954,0.014998495357401609,0.006849315068493067,0.0024622051275293294,0.009492960224769809
Australian Credit Approval,R4_F2,4,2,a10,3,1,0.037513171759747,0.022139172350847947,0.057857289400884304,0.029926238145416173,0.018064983151513336,0.05454764924565425
Australian Credit Approval,R4_F2,4,2,a10,4,1,0.02086406743940994,0.012073785497511369,0.014217198402364128,0.007692307692307665,0.007817420925976482,0.022915547916384615
Australian Credit Approval,R4_F2,4,2,a10,5,1,0.003582718651211736,-0.0024736385286177054,-0.013912126812866576,-0.008535300316122374,-4.9516344878208773e-05,-0.00021412807936177503
Australian Credit Approval,R4_F2,4,2,a13,0,0,0.0,0.0,0.0,0.0,0.0,0.0
Australian Credit Approval,R4_F2,4,2,a14,1,1,0.007586933614330826,0.0024905716081323748,0.0,0.0,0.0014758961183112262,0.01816469496832762
Australian Credit Approval,R4_F2,4,2,a14,2,1,0.021707060063224426,0.013214946910519387,0.014998495357401609,0.006849315068493067,0.011775334162447665,0.037019203422217595
Australian Credit Approval,R4_F2,4,2,a14,3,1,0.00189673340358254,-0.003523981480763938,-0.058813908010455385,-0.032455216016859856,0.0025944152654104463,0.010942888798691264
Australian Credit Approval,R4_F2,4,2,a14,4,1,0.01812434141201258,0.009763479569862232,0.015272781759306353,0.00600632244467858,0.009849027307008151,0.029830095915897525
Australian Credit Approval,R4_F2,4,2,a14,5,1,0.012644889357218081,0.007494116521177707,-0.013912126812866576,-0.008535300316122374,0.007170986295542206,0.025439266841049246
Australian Credit Approval,R4_F3,4,3,a1,0,0,0.0,0.0,0.0,0.0,0.0,0.0
Australian Credit Approval,R4_F3,4,3,a4,1,1,-0.0014715156611309066,-0.016634625024920968,0.013976762031612466,0.00746268656716409,0.0012325768617318794,-0.0045418113405334415
Australian Credit Approval,R4_F3,4,3,a4,2,1,0.010931259196972909,0.002339110057887117,0.04312483645965215,0.02196762665545504,0.006877662986167821,0.01950531167114178
Australian Credit Approval,R4_F3,4,3,a4,3,1,0.013453857473197495,-7.616439237523309e-06,0.08622840230692919,0.043935253310910194,0.009144152428794863,0.021074555557234975
Australian Credit Approval,R4_F3,4,3,a4,4,1,-0.0016817321841495758,-0.01911014851782966,0.044049375470229024,0.021547193609417592,0.00297167113917772,-0.0027379502357832153
Australian Credit Approval,R4_F3,4,3,a4,5,1,0.00042043304603733844,-0.011649399640827784,0.027839242464423042,0.01492537313432829,0.002850166269520865,0.0031856649291580608
Australian Credit Approval,R4_F3,4,3,a5,1,1,-0.004204330460374162,0.00981647274602293,-0.0013553374568300303,0.00042043304603733844,-0.0004637596404044181,0.0003364914477989589
Australian Credit Approval,R4_F3,4,3,a5,2,1,-0.007357578305654755,-0.0013315273413934126,0.03664918108410986,0.02322892579356739,-0.0017403527975852068,-0.015218002825690358
Australian Credit Approval,R4_F3,4,3,a5,3,1,-0.004834980029430391,-0.010512461380277172,0.023405280799115746,0.015766239226403078,-0.0013918753168711273,-0.001375474327936499
Australian Credit Approval,R4_F3,4,3,a5,4,1,-0.008198444397729654,-0.016986088930793453,0.01007046208046991,0.008303552659238989,-0.0013418974353074653,-0.014308266057241281
Australian Credit Approval,R4_F3,4,3,a5,5,1,0.0023123817532058055,-0.003743353465707644,-0.0033622658865039012,0.0008408660920747879,0.004180635110809697,0.007899016494533506
Australian Credit Approval,R4_F3,4,3,a6,1,1,-0.002943031322261813,0.011589293791480215,0.01007046208046991,0.008303552659238989,-0.004948221210950635,-0.01114925149017948
Australian Credit Approval,R4_F3,4,3,a6,2,1,-0.016817321841496757,-0.030175418563591516,0.012347565340037003,0.007883119613201539,-0.00245999516769968,-0.01998006187550122
Australian Credit Approval,R4_F3,4,3,a6,3,1,-0.003573680891318043,-0.014628511151001056,0.013976762031612466,0.00746268656716409,0.0008844187362788691,-0.0022827764378001714
Australian Credit Approval,R4_F3,4,3,a6,4,1,0.0006306495690562297,0.009795873227466667,0.0,0.0,0.0038884295229754673,0.007101032973564292
Australian Credit Approval,R4_F3,4,3,a6,5,1,0.00021021652301866922,-0.017694549349384636,-0.014098875941167321,-0.007462686567164312,0.001030936205443464,-0.0012329359843356036
Australian Credit Approval,R4_F3,4,3,a8,1,1,0.22556232919907504,0.16789817693185327,0.5222741822445226,0.2636115198654614,0.16949256875833332,0.4332431257488707
Australian Credit Approval,R4_F3,4,3,a8,2,1,0.21336977086399,0.18805095405501504,0.4750100790563581,0.24248475930208113,0.1526141517105216,0.38891220737401655
Australian Credit Approval,R4_F3,4,3,a8,3,1,0.26865671641791056,0.21885509955276505,0.502101145711693,0.25783056548244687,0.17765268241216595,0.45999417743631743
Australian Credit Approval,R4_F3,4,3,a8,4,1,0.2612991381122556,0.2427399542516928,0.5054519007107994,0.256989699390372,0.17119872841145087,0.45688585158535244
Australian Credit Approval,R4_F3,4,3,a8,5,1,0.25204961109943236,0.17746436372865004,0.5803703880085792,0.2938826991801555,0.1746893685309804,0.4469355529863349
Australian Credit Approval,R4_F3,4,3,a9,1,1,-0.009459743535842002,-0.03545691071044743,0.014975249764530907,0.007042253521126751,0.004239534958001306,-0.002525051334752837
Australian Credit Approval,R4_F3,4,3,a9,2,1,-0.005675846121505068,-0.03439350876219016,0.0,0.0,0.0033775679210402143,-0.0003691103180407107
Australian Credit Approval,R4_F3,4,3,a9,3,1,-0.0014715156611310176,-0.03420440047766771,0.029107948929314786,0.01450494008829084,0.007434501976228802,0.0038280735343629857
Australian Credit Approval,R4_F3,4,3,a9,4,1,-0.004624763506411611,-0.032970194289570376,-0.02832787260104319,-0.014925373134328401,0.0018055870576977051,-0.0036369304092913057
Australian Credit Approval,R4_F3,4,3,a9,5,1,0.008618877443767103,0.010479535245274674,0.04312483645965215,0.02196762665545504,0.005886161021350339,0.019182328156225947
Australian Credit Approval,R4_F3,4,3,a11,0,0,0.0,0.0,0.0,0.0,0.0,0.0
Australian Credit Approval,R4_F3,4,3,a12,1,1,0.00042043304603744946,-0.007168976978747521,0.0,0.0,0.0015104869505861707,-0.0012014460101525959
Australian Credit Approval,R4_F3,4,3,a12,2,1,0.00042043304603744946,-0.0012094451409152551,0.0,0.0,0.002337273056427433,0.004174762518304953
Australian Credit Approval,R4_F3,4,3,a12,3,1,0.004624763506411611,0.005923074408435314,0.0,0.0,0.00282339892066516,0.007027300826880856
Australian Credit Approval,R4_F3,4,3,a12,4,1,0.002732814799243255,0.002180468222162113,0.0,0.0,0.003017771703048261,0.0071635650494943914
Australian Credit Approval,R4_F3,4,3,a12,5,1,0.0,0.00048174105626441754,0.0,0.0,0.0010574669489922667,0.0018993749905106272
Australian Credit Approval,R4_F3,4,3,a2,1,1,-0.004414546983392942,-0.011290884461841899,0.012347565340037003,0.007883119613201539,-0.002496181933025185,-0.006921879746989379
Australian Credit Approval,R4_F3,4,3,a2,2,1,-0.006516712213579967,-0.005542298873359219,-0.015171312396427217,-0.007042253521126751,-0.003792980611419014,-0.01049919762992152
Australian Credit Approval,R4_F3,4,3,a2,3,1,-0.006516712213579967,-0.021475973365514323,0.012347565340037003,0.007883119613201539,-0.001986908175820229,-0.011506827430396438
Australian Credit Approval,R4_F3,4,3,a2,4,1,-0.0023123817532058055,-0.00026538938995479544,0.01007046208046991,0.008303552659238989,-0.00027901078096179144,-0.00037441317512537653
Australian Credit Approval,R4_F3,4,3,a2,5,1,-0.010721042673954129,-0.027157339029551752,-0.0033622658865039012,0.0008408660920747879,-0.00199655364001243,-0.012248918539956188
Australian Credit Approval,R4_F3,4,3,a3,1,1,0.017447971410552876,0.021590354645719456,0.04159512153997347,0.02238805970149249,0.009213269743297905,0.028261452137261445
Australian Credit Approval,R4_F3,4,3,a3,2,1,0.011982341812066366,0.016925935138121795,0.04159512153997347,0.02238805970149249,0.008639692314440034,0.02669936272504042
Australian Credit Approval,R4_F3,4,3,a3,3,1,0.014294723565272172,0.011338214411199532,0.05525194936782285,0.02985074626865658,0.008822482352558808,0.02380692410334323
Australian Credit Approval,R4_F3,4,3,a3,4,1,0.01576623922640319,0.016537352573031128,0.025944841740659474,0.01534580618036574,0.010842302799687814,0.02962076606395464
Australian Credit Approval,R4_F3,4,3,a3,5,1,0.02018078620979613,0.02601239377992326,0.04312483645965215,0.02196762665545504,0.011921045593382334,0.03586318336089095
Australian Credit Approval,R4_F3,4,3,a7,1,1,0.004414546983392942,0.0029374968162819703,0.05285170562629149,0.03027117931469414,0.004955376892070262,0.01002942756871883
Australian Credit Approval,R4_F3,4,3,a7,2,1,-0.0006306495690561187,-0.016846957864764533,0.0688171675227115,0.03731343283582089,0.005445439742014918,0.004445702300562904
Australian Credit Approval,R4_F3,4,3,a7,3,1,-0.0006306495690561187,-0.002709996978379703,0.013976762031612466,0.00746268656716409,0.0031438241920282994,0.0034657473425609986
Australian Credit Approval,R4_F3,4,3,a7,4,1,0.003994113937355492,0.007757500587414978,0.05525194936782285,0.02985074626865658,0.00449225281205036,0.011769168065087321
Australian Credit Approval,R4_F3,4,3,a7,5,1,0.004624763506411611,0.00562025156300372,0.027839242464423042,0.01492537313432829,0.0028784302581662258,0.010771225833333009
Australian Credit Approval,R4_F3,4,3,a10,1,1,0.006096279167542629,0.0024829944734782172,0.014975249764530907,0.007042253521126751,0.0012726735424873764,0.010055573401798856
Australian Credit Approval,R4_F3,4,3,a10,2,1,0.003994113937355492,0.004277360304450806,0.014975249764530907,0.007042253521126751,0.0035296570914135073,0.012783205310691714
Australian Credit Approval,R4_F3,4,3,a10,3,1,-0.0046247635064115,-0.032183594146048544,-0.02832787260104319,-0.014925373134328401,0.0006386679530047401,-0.005687632251988706
Australian Credit Approval,R4_F3,4,3,a10,4,1,0.014294723565272283,-0.0019921062581604865,0.014975249764530907,0.007042253521126751,0.011339438592729872,0.02949253021913467
Australian Credit Approval,R4_F3,4,3,a10,5,1,0.010931259196972909,0.008197347867467064,0.015123448070428425,0.006201387429051852,0.009962602449940697,0.028975960999009454
Australian Credit Approval,R4_F3,4,3,a13,0,0,0.0,0.0,0.0,0.0,0.0,0.0
Australian Credit Approval,R4_F3,4,3,a14,1,1,0.0006306495690561187,0.0038718337156506966,0.027839242464423042,0.01492537313432829,0.0010046428028619853,0.0034786508181256504
Australian Credit Approval,R4_F3,4,3,a14,2,1,0.017868404456590326,0.014761657355960467,0.0,0.0,0.006207242978477662,0.030945098711123886
Australian Credit Approval,R4_F3,4,3,a14,3,1,0.006726928736598747,0.007567252168337868,-0.015171312396427217,-0.007042253521126751,0.0033958656600797804,0.012486794252972888
Australian Credit Approval,R4_F3,4,3,a14,4,1,0.022493167963001937,-0.005578320841497897,0.058830253646074304,0.028169014084507005,0.01355707377473074,0.037105027175745264
Australian Credit Approval,R4_F3,4,3,a14,5,1,0.013033424427159934,-0.0069942821471241645,0.02976520677086747,0.014084507042253502,0.009752500171996303,0.027853446780864877
Australian Credit Approval,R4_F4,4,4,a1,0,0,0.0,0.0,0.0,0.0,0.0,0.0
Australian Credit Approval,R4_F4,4,4,a4,1,1,-0.00023148148148155467,-0.0001536869977915023,-0.01703594979769263,-0.01041666666666663,-0.000130427252793483,0.00444649383122353
Australian Credit Approval,R4_F4,4,4,a4,2,1,-0.000694444444444553,0.00019820824889171806,-0.03289280332700417,-0.011111111111111072,-0.0014721473514539007,0.0004414603118006455
Australian Credit Approval,R4_F4,4,4,a4,3,1,-0.0018518518518518823,-0.000858237930757455,-0.01703594979769263,-0.01041666666666663,-0.003126447130343532,-0.0029766450436852776
Australian Credit Approval,R4_F4,4,4,a4,4,1,0.009490740740740744,0.00435849519028686,0.03124216859485951,0.011111111111111183,0.010265189640899217,0.02667872528259796
Australian Credit Approval,R4_F4,4,4,a4,5,1,-0.000694444444444442,0.0001232370426589302,0.013850896539767898,0.000694444444444553,0.002584047694725672,0.0023560994417629044
Australian Credit Approval,R4_F4,4,4,a5,1,1,0.012037037037037068,0.008633298799650468,0.015814489572109847,0.005555555555555647,0.010219186133741842,0.030023327007660583
Australian Credit Approval,R4_F4,4,4,a5,2,1,0.0004629629629628873,0.0031731522213840346,0.01706687158230924,0.01041666666666674,-0.0009691629535410612,-0.006785049313746683
Australian Credit Approval,R4_F4,4,4,a5,3,1,0.005555555555555536,0.00743139747767485,-0.03405238298110369,-0.02083333333333326,0.0020388591766782593,0.002955623296325538
Australian Credit Approval,R4_F4,4,4,a5,4,1,0.0025462962962962132,0.003417089180558941,0.015814489572109847,0.005555555555555647,0.004591907818540283,0.0073086026491627765
Australian Credit Approval,R4_F4,4,4,a5,5,1,0.0030092592592592116,0.0026871058611274146,0.0,0.0,0.00399273420266702,0.009536678949899347
Australian Credit Approval,R4_F4,4,4,a6,1,1,-0.002777777777777879,-0.0010431568148560055,-0.016238348930169733,-0.000694444444444331,-0.002612084608197965,-0.006682189077631684
Australian Credit Approval,R4_F4,4,4,a6,2,1,-0.0016203703703704386,-0.0007686520052972989,-0.04952012296942798,-0.0215277777777777,0.00018432229315355764,0.000527369945304168
Australian Credit Approval,R4_F4,4,4,a6,3,1,0.003240740740740655,0.0018437631249497155,-0.016238348930169733,-0.000694444444444331,0.0024026908945607994,0.005146579757869252
Australian Credit Approval,R4_F4,4,4,a6,4,1,0.0009259259259258856,0.00044419727873346027,-0.01622662569355937,-0.005555555555555536,0.0003239540196657842,0.002809557855636746
Australian Credit Approval,R4_F4,4,4,a6,5,1,-0.000694444444444553,-0.00039707464931471037,-0.03289280332700417,-0.011111111111111072,-0.0013074210891971805,-0.003944804968402882
Australian Credit Approval,R4_F4,4,4,a8,1,1,0.2657407407407407,0.18446241590598567,0.36467734119444506,0.19861111111111118,0.14523011096060418,0.39088849321683256
Australian Credit Approval,R4_F4,4,4,a8,2,1,0.31759259259259254,0.21448481857079682,0.5427135020402635,0.27708333333333346,0.17238822991362895,0.4609342435032427
Australian Credit Approval,R4_F4,4,4,a8,3,1,0.31805555555555554,0.20171580516009768,0.5437205334919406,0.2729166666666667,0.1796601846224105,0.4765511512010208
Australian Credit Approval,R4_F4,4,4,a8,4,1,0.2099537037037036,0.11206720167675854,0.464714914036077,0.24097222222222225,0.13106961589435467,0.3186191233850149
Australian Credit Approval,R4_F4,4,4,a8,5,1,0.2495370370370369,0.15548028244092726,0.36172450183486826,0.1937500000000001,0.14638148801758122,0.37684556025570165
Australian Credit Approval,R4_F4,4,4,a9,1,1,0.007407407407407307,0.002842845190335952,0.01706687158230924,0.01041666666666674,0.002768672312726761,0.00447493859507081
Australian Credit Approval,R4_F4,4,4,a9,2,1,0.001388888888888884,0.0004429654582301934,-0.01703594979769263,-0.01041666666666663,-0.0017400694329212651,-0.0005981177748761723
Australian Credit Approval,R4_F4,4,4,a9,3,1,0.0037037037037036535,0.0012532267399525399,-0.001405107193122035,-0.004861111111110983,-0.0008545357070200432,0.0018749404758811594
Australian Credit Approval,R4_F4,4,4,a9,4,1,0.0009259259259258856,0.000804789790157967,0.03417655867777336,0.02083333333333337,0.00016540641933766864,-0.00836230015249756
Australian Credit Approval,R4_F4,4,4,a9,5,1,0.006018518518518423,0.0005134708432696922,0.0,0.0,0.0008975787719137929,0.008868613588348562
Australian Credit Approval,R4_F4,4,4,a11,0,0,0.0,0.0,0.0,0.0,0.0,0.0
Australian Credit Approval,R4_F4,4,4,a12,1,1,-0.0009259259259259967,-0.00037706311214469324,-0.01622662569355937,-0.005555555555555536,-0.0018103285377077255,-0.0031625248455068866
Australian Credit Approval,R4_F4,4,4,a12,2,1,-0.0023148148148149916,-0.0013109177504468938,0.0,0.0,-0.000984107514011484,-0.005176635727918488
Australian Credit Approval,R4_F4,4,4,a12,3,1,-0.000694444444444553,-0.00047506802605623566,0.0,0.0,2.7081771230591523e-05,0.0018202411255003326
Australian Credit Approval,R4_F4,4,4,a12,4,1,-1.1102230246251565e-16,-0.00040380285443575303,0.0,0.0,0.0016014642963374098,0.006030209409648657
Australian Credit Approval,R4_F4,4,4,a12,5,1,-0.0009259259259259967,-0.0006869447522974692,0.0,0.0,0.0009612621162542606,0.004193091304580232
Australian Credit Approval,R4_F4,4,4,a2,1,1,-0.0016203703703703276,-0.0012437877973113798,-0.03405238298110369,-0.02083333333333326,-0.00046418188965567653,-0.002810458171435104
Australian Credit Approval,R4_F4,4,4,a2,2,1,0.002083333333333215,0.0011017255530808567,-0.03405238298110369,-0.02083333333333326,0.004632248792901986,0.008519040695394497
Australian Credit Approval,R4_F4,4,4,a2,3,1,-0.006018518518518534,-0.0031953384326494083,-0.033065641385154554,-0.015972222222222165,-0.0028091352226541078,-0.016136617835280698
Australian Credit Approval,R4_F4,4,4,a2,4,1,-0.0071759259259259744,-0.003261262250025654,-0.01703594979769263,-0.01041666666666663,-0.005276251246948457,-0.019758974168382626
Australian Credit Approval,R4_F4,4,4,a2,5,1,-0.0037037037037036535,-0.0016942347752613163,-0.001405107193122035,-0.004861111111110983,-0.0003784126855127107,-0.004796589888160896
Australian Credit Approval,R4_F4,4,4,a3,1,1,-0.0018518518518518823,-0.001586464363395823,0.03417655867777336,0.02083333333333337,-0.0009473736777825814,-0.0048263300631467
Australian Credit Approval,R4_F4,4,4,a3,2,1,0.0011574074074073293,0.00013721214836148743,-0.01703594979769263,-0.01041666666666663,0.0015519345288659142,0.00036644390565204743
Australian Credit Approval,R4_F4,4,4,a3,3,1,-0.0009259259259259967,-0.001216369164678932,0.0,0.0,0.00032824762135588714,-0.0023773092814340924
Australian Credit Approval,R4_F4,4,4,a3,4,1,-0.0032407407407407662,-0.0024208880031775237,0.0,0.0,-0.0029601977811009733,-0.009946679701752004
Australian Credit Approval,R4_F4,4,4,a3,5,1,-0.005555555555555647,-0.003316636779110871,-0.01703594979769263,-0.01041666666666663,-0.0030581116553093646,-0.010307958562267627
Australian Credit Approval,R4_F4,4,4,a7,1,1,0.0050925925925925375,0.003712637764926363,-0.01622662569355937,-0.005555555555555536,0.004389687533061057,0.012776152940231156
Australian Credit Approval,R4_F4,4,4,a7,2,1,0.002777777777777657,0.0022345824582140628,-0.033605351981356835,-0.006249999999999978,0.0026049822145696316,0.009583029346380445
Australian Credit Approval,R4_F4,4,4,a7,3,1,0.006018518518518423,0.0028778759341820948,0.0,0.0,0.0054151725957031355,0.01334889288421326
Australian Credit Approval,R4_F4,4,4,a7,4,1,0.0030092592592592116,0.003109958903831256,-0.016238348930169733,-0.000694444444444331,-0.0009812355618275953,0.006210492869985262
Australian Credit Approval,R4_F4,4,4,a7,5,1,0.003935185185185097,0.0033878140464926876,0.01706687158230924,0.01041666666666674,0.0036288524447890824,0.005161188568477637
Australian Credit Approval,R4_F4,4,4,a10,1,1,0.0050925925925925375,0.003145816801093382,0.05036036885817785,0.026388888888889017,0.00501256411917686,0.003300700825657754
Australian Credit Approval,R4_F4,4,4,a10,2,1,0.0023148148148147696,0.0018626275427574557,0.05134151419762323,0.03125,0.0005099928953200272,0.0006441894167051876
Australian Credit Approval,R4_F4,4,4,a10,3,1,0.015740740740740722,0.007008850176368098,0.08513144576151976,0.047222222222222276,0.009191781197699464,0.02486115229676461
Australian Credit Approval,R4_F4,4,4,a10,4,1,0.013888888888888729,0.0067295267793444635,0.10124592068255078,0.05277777777777781,0.009844862445673258,0.015952620507611648
Australian Credit Approval,R4_F4,4,4,a10,5,1,0.0050925925925924265,0.0022389889016769526,0.05036036885817785,0.026388888888889017,0.0022566897234627403,0.007528234672752154
Australian Credit Approval,R4_F4,4,4,a13,0,0,0.0,0.0,0.0,0.0,0.0,0.0
Australian Credit Approval,R4_F4,4,4,a14,1,1,0.01620370370370361,0.00768948980446682,0.03417655867777336,0.02083333333333337,0.014792559842221428,0.040480732285320176
Australian Credit Approval,R4_F4,4,4,a14,2,1,0.02083333333333326,0.008626393232810892,0.015814489572109847,0.005555555555555647,0.0133098449955142,0.046676929251928234
Australian Credit Approval,R4_F4,4,4,a14,3,1,0.011342592592592515,0.0053617620614877515,-0.001405107193122035,-0.004861111111110983,0.010062732920615866,0.022983064541155507
Australian Credit Approval,R4_F4,4,4,a14,4,1,0.020370370370370372,0.009845768487378503,0.03306564138515444,0.015972222222222276,0.016380500645424484,0.046452398251009
Australian Credit Approval,R4_F4,4,4,a14,5,1,0.01921296296296282,0.008045101061472049,0.04866492894191221,0.021527777777777812,0.014895175373204825,0.04952981187990685
Australian Credit Approval,R4_F5,4,5,a1,0,0,0.0,0.0,0.0,0.0,0.0,0.0
Australian Credit Approval,R4_F5,4,5,a4,1,1,0.011216931216931125,0.026251698271079982,0.0014985425034387267,-0.0012698412698413097,0.004931756529101522,0.018185088354726764
Australian Credit Approval,R4_F5,4,5,a4,2,1,0.004232804232804144,0.003206402603999736,0.015611583733441181,0.006666666666666599,0.003961870420393157,0.007592182923009727
Australian Credit Approval,R4_F5,4,5,a4,3,1,0.011216931216931125,0.013534534867979398,0.029626287996215583,0.014603174603174507,0.0035430518550263745,0.012313011156507736
Australian Credit Approval,R4_F5,4,5,a4,4,1,0.006137566137566108,0.00094287731221121,0.013836164180518029,0.007936507936507908,0.004935785657479222,0.011593431695713585
Australian Credit Approval,R4_F5,4,5,a4,5,1,0.0006349206349205438,0.0002835863246236636,-0.02797410770003672,-0.015873015873015928,-0.0016350430988160414,-0.005360248731607897
Australian Credit Approval,R4_F5,4,5,a5,1,1,0.010158730158730034,0.03693063983167222,-0.029626287996215694,-0.014603174603174729,0.0033743706622860054,0.017615354999991117
Australian Credit Approval,R4_F5,4,5,a5,2,1,0.0025396825396825085,0.0032058361248405998,-0.00222746659076678,0.0012698412698411987,0.004568494630889652,0.012425766620233147
Australian Credit Approval,R4_F5,4,5,a5,3,1,-0.0019047619047620756,0.0009059649669730385,-0.013934385598491805,-0.00793650793650802,0.0030344833287225675,0.003496727906262209
Australian Credit Approval,R4_F5,4,5,a5,4,1,-0.0027513227513227267,0.015924792444907965,-0.05744675790351217,-0.030476190476190546,0.0026939263050054507,0.003822925280728695
Australian Credit Approval,R4_F5,4,5,a5,5,1,0.005714285714285672,0.01784048914480807,0.0,0.0,0.0047287715683805714,0.013633375405427695
Australian Credit Approval,R4_F5,4,5,a6,1,1,0.003597883597883489,0.009570748011892838,0.027581138744689815,0.015873015873015817,0.002715990884753286,0.007138633159052221
Australian Credit Approval,R4_F5,4,5,a6,2,1,0.0035978835978836,0.0048735910752111256,0.013836164180518029,0.007936507936507908,0.0017981457604500234,0.005519385699891577
Australian Credit Approval,R4_F5,4,5,a6,3,1,-0.0002116402116403293,-0.0007084441461514546,-0.00222746659076678,0.0012698412698411987,0.0017939882767922938,0.0013418414972095616
Australian Credit Approval,R4_F5,4,5,a6,4,1,0.006349206349206327,0.013544671783373263,0.013836164180518029,0.007936507936507908,0.002539226067088396,0.010046748007732254
Australian Credit Approval,R4_F5,4,5,a6,5,1,0.0010582010582009804,0.002920552344612637,0.027581138744689815,0.015873015873015817,0.0014699169508987087,0.0023376721139580225
Australian Credit Approval,R4_F5,4,5,a8,1,1,0.2196825396825396,0.16593772324330014,0.3143214911139469,0.18126984126984125,0.15335024386937451,0.3858408512943274
Australian Credit Approval,R4_F5,4,5,a8,2,1,0.2222222222222221,0.17477819631099945,0.4000040594272902,0.21714285714285708,0.14746748885643424,0.37280690337054284
Australian Credit Approval,R4_F5,4,5,a8,3,1,0.26708994708994704,0.18006419161614162,0.5096030847010116,0.27142857142857135,0.16959844264096835,0.40993160337828555
Australian Credit Approval,R4_F5,4,5,a8,4,1,0.17375661375661378,0.11424256601737337,0.356821480978908,0.19333333333333325,0.13774196124346771,0.3244199403985895
Australian Credit Approval,R4_F5,4,5,a8,5,1,0.2150264550264549,0.16188678094370323,0.356821480978908,0.19333333333333325,0.15602907117148185,0.38733245929694243
Australian Credit Approval,R4_F5,4,5,a9,1,1,0.00021164021164010727,-0.0009528209386036046,-0.015877607986647724,-0.00666666666666671,0.00420263582119168,0.010688154488550483
Australian Credit Approval,R4_F5,4,5,a9,2,1,-0.0006349206349206549,-0.002180489463282642,-0.013934385598491805,-0.00793650793650802,0.0033268817816920343,0.006670792784260027
Australian Credit Approval,R4_F5,4,5,a9,3,1,0.002116402116402072,0.0045269075820078,0.0,0.0,0.0013488920275109006,0.00551405777965186
Australian Credit Approval,R4_F5,4,5,a9,4,1,0.0004232804232804366,-0.0016329201950728844,-0.013934385598491805,-0.00793650793650802,0.0024745177823657094,0.007233990436703586
Australian Credit Approval,R4_F5,4,5,a9,5,1,0.004232804232804144,0.004097361465902338,-0.02797410770003672,-0.015873015873015928,0.003565885401476121,0.010518004209191523
Australian Credit Approval,R4_F5,4,5,a11,0,0,0.0,0.0,0.0,0.0,0.0,0.0
Australian Credit Approval,R4_F5,4,5,a12,1,1,0.0012698412698410877,0.0017172801772343815,0.0,0.0,0.0011802973547478113,0.002922051595070585
Australian Credit Approval,R4_F5,4,5,a12,2,1,0.0012698412698411987,0.0022511907111448792,0.0,0.0,0.0012618274252713252,0.002846341400607244
Australian Credit Approval,R4_F5,4,5,a12,3,1,0.0010582010582009804,0.001150190204443624,0.0,0.0,0.00010219504054477524,0.0005062220597680245
Australian Credit Approval,R4_F5,4,5,a12,4,1,0.002962962962962834,0.005352724514271601,0.0,0.0,0.0006188379954024936,0.0026081502610610374
Australian Credit Approval,R4_F5,4,5,a12,5,1,0.0012698412698411987,0.0015731215438072876,0.0,0.0,0.0013417590688957204,0.0031559366405344846
Australian Credit Approval,R4_F5,4,5,a2,1,1,0.0012698412698413097,0.003276034658297844,0.011330902345490279,0.009206349206349218,0.002266681679270785,0.002775052650474008
Australian Credit Approval,R4_F5,4,5,a2,2,1,0.0010582010582010914,0.0016520910504135289,-0.02797410770003672,-0.015873015873015928,0.001878888990431482,0.0003755639444032455
Australian Credit Approval,R4_F5,4,5,a2,3,1,0.003809523809523707,0.003302172101867784,0.0014985425034387267,-0.0012698412698413097,0.004443709205466911,0.008783850575830254
Australian Credit Approval,R4_F5,4,5,a2,4,1,-0.0027513227513227267,-0.005866282808085099,0.013836164180518029,0.007936507936507908,0.0008853640929405993,-0.004275704957037496
Australian Credit Approval,R4_F5,4,5,a2,5,1,0.004232804232804144,-0.0007574628822950569,0.027581138744689815,0.015873015873015817,0.006527158731762614,0.011171997835770775
Australian Credit Approval,R4_F5,4,5,a3,1,1,0.013968253968253963,0.03419862185123579,-0.013934385598491805,-0.00793650793650802,0.004571748933188874,0.021859168155003383
Australian Credit Approval,R4_F5,4,5,a3,2,1,0.00973544973544982,0.019202219990360425,-0.015877607986647724,-0.00666666666666671,0.005665907796682287,0.018777166242717636
Australian Credit Approval,R4_F5,4,5,a3,3,1,0.00465608465608458,0.004995694092633229,0.013836164180518029,0.007936507936507908,0.003993243740881378,0.00980751138852809
Australian Credit Approval,R4_F5,4,5,a3,4,1,0.016084656084655924,0.03863176844657423,0.0,0.0,0.005451136467638076,0.02432246957680978
Australian Credit Approval,R4_F5,4,5,a3,5,1,0.0156613756613756,0.030653127018405835,0.013836164180518029,0.007936507936507908,0.0072306964988246986,0.026284619571058432
Australian Credit Approval,R4_F5,4,5,a7,1,1,-0.004232804232804255,-0.00504402644556412,0.015611583733441181,0.006666666666666599,0.0026387716675889406,0.0013468488280309332
Australian Credit Approval,R4_F5,4,5,a7,2,1,0.003597883597883489,0.005156146468953127,0.027581138744689815,0.015873015873015817,0.0037632164026806525,0.008368987561042596
Australian Credit Approval,R4_F5,4,5,a7,3,1,0.0071957671957672,0.011784232103703274,0.015611583733441181,0.006666666666666599,0.006916717368872158,0.014019942433610544
Australian Credit Approval,R4_F5,4,5,a7,4,1,0.01185185185185178,0.013618648858924387,0.0,0.0,0.009488460964007961,0.026603956420239938
Australian Credit Approval,R4_F5,4,5,a7,5,1,0.005714285714285672,0.012281766879460698,0.013836164180518029,0.007936507936507908,0.002291780964965684,0.0034271152969277963
Australian Credit Approval,R4_F5,4,5,a10,1,1,0.012063492063491887,0.014083273504923,0.029626287996215583,0.014603174603174507,0.008612131993265965,0.029893533529244898
Australian Credit Approval,R4_F5,4,5,a10,2,1,0.02137566137566127,0.022756148875182403,0.06044384291038951,0.027936507936507926,0.013434898357736244,0.03988465873235253
Australian Credit Approval,R4_F5,4,5,a10,3,1,0.008042328042328073,0.009349020479711756,0.027581138744689815,0.015873015873015817,0.007131816817108769,0.023362852615030294
Australian Credit Approval,R4_F5,4,5,a10,4,1,0.014814814814814836,0.006163287691471675,0.07470352239730715,0.035873015873015834,0.016616143915000534,0.04025827186090858
Australian Credit Approval,R4_F5,4,5,a10,5,1,0.004232804232804144,0.0018961830326824636,0.013836164180518029,0.007936507936507908,0.00431599108650331,0.013851650112494618
Australian Credit Approval,R4_F5,4,5,a13,0,0,0.0,0.0,0.0,0.0,0.0,0.0
Australian Credit Approval,R4_F5,4,5,a14,1,1,0.013544973544973526,0.006105413149096073,0.05925257599243117,0.029206349206349125,0.011064694887691295,0.03253742113806929
Australian Credit Approval,R4_F5,4,5,a14,2,1,0.012910052910052872,0.015365459710847018,0.016685977941906516,0.005396825396825289,0.010241090675141881,0.02759004503950596
Australian Credit Approval,R4_F5,4,5,a14,3,1,0.018201058201058107,0.011140528337651778,0.06044384291038951,0.027936507936507926,0.014462559924347917,0.03633475154095661
Australian Credit Approval,R4_F5,4,5,a14,4,1,0.020529100529100508,0.01613383740252905,0.016685977941906516,0.005396825396825289,0.01205548271239354,0.04252974073617605
Australian Credit Approval,R4_F5,4,5,a14,5,1,0.026455026455026398,0.01759268020655791,0.10424949172924014,0.05047619047619034,0.021204336035135024,0.053615972866987605
Australian Credit Approval,R5_F1,5,1,a1,0,0,0.0,0.0,0.0,0.0,0.0,0.0
Australian Credit Approval,R5_F1,5,1,a4,1,1,0.008465608465608399,0.009976278071143097,0.013020099025343401,0.009206349206349218,0.0023183187086656537,0.010785480035286676
Australian Credit Approval,R5_F1,5,1,a4,2,1,0.012063492063491998,0.007597288291380511,-0.015290309076310682,-0.00666666666666671,0.0060183267059615575,0.01914807284301645
Australian Credit Approval,R5_F1,5,1,a4,3,1,0.01185185185185178,0.012183450937259921,0.029545969331932986,0.014603174603174507,0.005514646717645136,0.019928403732157263
Australian Credit Approval,R5_F1,5,1,a4,4,1,0.0004232804232804366,0.00515764334104396,0.014335978919905012,0.007936507936507908,-0.00029813461088397386,0.0006114982499856869
Australian Credit Approval,R5_F1,5,1,a4,5,1,0.009523809523809601,0.005731106684035869,0.0,0.0,0.004066451633410184,0.019277690800397762
Australian Credit Approval,R5_F1,5,1,a5,1,1,0.00486772486772491,0.0011296675084954133,0.0005152415448551606,-0.0012698412698413097,0.0056801093712747774,0.017808100056756926
Australian Credit Approval,R5_F1,5,1,a5,2,1,0.006772486772486652,0.003071968114352064,0.029921422710885603,0.013333333333333197,0.006619389983560153,0.02225674679659051
Australian Credit Approval,R5_F1,5,1,a5,3,1,0.002962962962962834,0.00011069709149824636,0.015066332459642728,0.006666666666666599,0.0021850219480556154,0.009562577137723294
Australian Credit Approval,R5_F1,5,1,a5,4,1,0.009100529100529053,0.007123037047867764,0.015230981340690675,0.005396825396825289,0.005492867641351845,0.019352508793633483
Australian Credit Approval,R5_F1,5,1,a5,5,1,0.001481481481481528,6.429935045304536e-05,-0.028890939621175282,-0.015873015873015928,0.0010869832419556913,0.009444521640826264
Australian Credit Approval,R5_F1,5,1,a6,1,1,0.00232804232804229,0.00353905506326313,0.043962266916120596,0.022539682539682415,0.004526168950519022,0.008249609768356314
Australian Credit Approval,R5_F1,5,1,a6,2,1,0.003809523809523818,0.0027830280996453682,0.044538982663118176,0.021269841269841105,0.003321576544189117,0.010140622853303638
Australian Credit Approval,R5_F1,5,1,a6,3,1,0.0012698412698413097,0.0027160171170270697,0.015066332459642728,0.006666666666666599,0.0016816327020459099,0.00696913182018033
Australian Credit Approval,R5_F1,5,1,a6,4,1,0.00042328042328032556,0.0004576547974780576,0.029545969331932986,0.014603174603174507,0.00237870446020412,0.006324712840486024
Australian Credit Approval,R5_F1,5,1,a6,5,1,-0.0055026455026455645,-0.004368230661247252,0.014335978919905012,0.007936507936507908,-0.0037421456127869346,-0.009230042418487294
Australian Credit Approval,R5_F1,5,1,a8,1,1,0.2353439153439153,0.21392023074126265,0.44929443041357253,0.22793650793650788,0.13783344472635825,0.35863433996922245
Australian Credit Approval,R5_F1,5,1,a8,2,1,0.17862433862433857,0.1379859210602784,0.34126564677075283,0.1736507936507936,0.1144611749483192,0.2905823693974541
Australian Credit Approval,R5_F1,5,1,a8,3,1,0.2209523809523809,0.21826844995123051,0.3220255427981494,0.17079365079365072,0.12312359315270016,0.34229734494183905
Australian Credit Approval,R5_F1,5,1,a8,4,1,0.21333333333333337,0.1817549028034081,0.326195207325738,0.1657142857142857,0.1304515199811301,0.35103104675602304
Australian Credit Approval,R5_F1,5,1,a8,5,1,0.21417989417989414,0.165984883717068,0.41780014012730093,0.21079365079365076,0.1309749478495552,0.3361345682105694
Australian Credit Approval,R5_F1,5,1,a9,1,1,0.005291005291005235,0.0018977674780052967,0.0004593423826236842,-0.0025396825396826195,-0.0008728476018549924,0.004069790650788219
Australian Credit Approval,R5_F1,5,1,a9,2,1,0.005079365079365017,0.002277635055345839,-0.01440631774383272,-0.00793650793650802,0.0006215828033256654,0.008366277132293432
Australian Credit Approval,R5_F1,5,1,a9,3,1,-0.010582010582010581,-0.006771107879613214,-0.015290309076310682,-0.00666666666666671,-0.00590572266485602,-0.015179800073387262
Australian Credit Approval,R5_F1,5,1,a9,4,1,-0.0027513227513227267,-0.003835004041922052,-0.043648484510066865,-0.025079365079365146,-0.005014109396709668,-0.009622487905315169
Australian Credit Approval,R5_F1,5,1,a9,5,1,-0.0055026455026455645,-0.006152946038452511,-0.04387896794730817,-0.022539682539682637,-0.008311457406457903,-0.015325830877887914
Australian Credit Approval,R5_F1,5,1,a11,0,0,0.0,0.0,0.0,0.0,0.0,0.0
Australian Credit Approval,R5_F1,5,1,a12,1,1,0.0012698412698411987,0.0011948562597347001,0.0,0.0,0.0030437347332319398,0.007919806812074659
Australian Credit Approval,R5_F1,5,1,a12,2,1,-0.0012698412698413097,-0.0018596853678386482,0.0,0.0,0.001195596907707236,0.0022396389519522275
Australian Credit Approval,R5_F1,5,1,a12,3,1,0.002116402116402072,0.0017229615516521912,0.0,0.0,0.0022109050647330375,0.00572223027086477
Australian Credit Approval,R5_F1,5,1,a12,4,1,0.0019047619047618536,0.0014162128561577836,0.015066332459642728,0.006666666666666599,0.003959886393565953,0.009603008938493862
Australian Credit Approval,R5_F1,5,1,a12,5,1,0.0019047619047618536,0.0017408001800948147,0.014335978919905012,0.007936507936507908,0.0028090913625756636,0.0070595384975672415
Australian Credit Approval,R5_F1,5,1,a2,1,1,0.004867724867724799,0.0060507118934817194,0.029545969331932986,0.014603174603174507,0.0014708229966296782,0.0067039241684005435
Australian Credit Approval,R5_F1,5,1,a2,2,1,-0.006349206349206438,-0.004320953942121286,-0.01440631774383272,-0.00793650793650802,-0.007016290942514783,-0.017903570821933168
Australian Credit Approval,R5_F1,5,1,a2,3,1,0.0008465608465607621,0.0009704623368879117,0.015230981340690675,0.005396825396825289,0.001982947475051622,0.003311437630078573
Australian Credit Approval,R5_F1,5,1,a2,4,1,-0.0016931216931217463,-0.0009477811030893513,-0.01440631774383272,-0.00793650793650802,-0.002842209915645613,-0.007205866822339646
Australian Credit Approval,R5_F1,5,1,a2,5,1,0.0025396825396825085,0.005092578604368292,0.05909193866386597,0.029206349206349125,0.004733068303280172,0.007831958189021382
Australian Credit Approval,R5_F1,5,1,a3,1,1,0.02645502645502651,0.03906759587387687,0.0004593423826236842,-0.0025396825396826195,0.012392076898012805,0.05312403558176376
Australian Credit Approval,R5_F1,5,1,a3,2,1,0.02751322751322749,0.04460944598402661,-0.00015478790241296725,-0.003809523809523929,0.012499419864469397,0.054189185514111504
Australian Credit Approval,R5_F1,5,1,a3,3,1,0.025396825396825307,0.03416224765292952,-0.00015478790241296725,-0.003809523809523929,0.011667441078896529,0.04995742095086919
Australian Credit Approval,R5_F1,5,1,a3,4,1,0.02010582010582007,0.04025470219518845,-0.01440631774383272,-0.00793650793650802,0.006355439192883491,0.03557133031691684
Australian Credit Approval,R5_F1,5,1,a3,5,1,0.011005291005291018,0.016420152274284505,-0.014115447082762467,-0.009206349206349218,0.007626804530639228,0.027566106141500568
Australian Credit Approval,R5_F1,5,1,a7,1,1,0.006772486772486763,0.008822619753767635,0.0005152415448551606,-0.0012698412698413097,0.00287471751160559,0.013096176340855303
Australian Credit Approval,R5_F1,5,1,a7,2,1,0.011216931216931236,0.007564669620795383,0.0,0.0,0.005523890306709425,0.022012944555778735
Australian Credit Approval,R5_F1,5,1,a7,3,1,0.009100529100529053,0.0141853722466867,-0.029545969331932986,-0.014603174603174729,0.0016108863186846123,0.013142854857404851
Australian Credit Approval,R5_F1,5,1,a7,4,1,0.008888888888888835,0.00666890789643082,0.0,0.0,0.004247338314497903,0.018036143535917537
Australian Credit Approval,R5_F1,5,1,a7,5,1,0.003809523809523818,0.008656422851112566,0.0,0.0,0.0011791392962983566,0.0094631109082155
Australian Credit Approval,R5_F1,5,1,a10,1,1,-0.0071957671957672,-0.004586715176800316,-0.05812720373118119,-0.031746031746031855,-0.0080251999392046,-0.013612491844972374
Australian Credit Approval,R5_F1,5,1,a10,2,1,-0.002116402116402183,-2.5355211216271378e-05,0.029545969331932986,0.014603174603174507,-0.0016573507675693988,-0.0018211179820624701
Australian Credit Approval,R5_F1,5,1,a10,3,1,-0.004444444444444473,-0.0012195064707535286,-0.015290309076310682,-0.00666666666666671,-0.004760140790850742,-0.009154033954929253
Australian Credit Approval,R5_F1,5,1,a10,4,1,0.008888888888888946,0.005751241214800973,0.029921422710885603,0.013333333333333197,0.00640286925125029,0.021288794745304207
Australian Credit Approval,R5_F1,5,1,a10,5,1,0.004444444444444362,0.0007917244977797555,0.029921422710885603,0.013333333333333197,0.005100204877387604,0.01606980991810697
Australian Credit Approval,R5_F1,5,1,a13,0,0,0.0,0.0,0.0,0.0,0.0,0.0
Australian Credit Approval,R5_F1,5,1,a14,1,1,0.011216931216931125,0.0045338388526853235,0.044538982663118176,0.021269841269841105,0.009782082774711931,0.027862299408555335
Australian Credit Approval,R5_F1,5,1,a14,2,1,0.01312169312169309,0.007510891232029526,0.015066332459642728,0.006666666666666599,0.007979421856179114,0.02795269779277937
Australian Credit Approval,R5_F1,5,1,a14,3,1,0.006560846560846434,0.002318336634865692,0.05909193866386597,0.029206349206349125,0.00594105459757166,0.020407558914295465
Australian Credit Approval,R5_F1,5,1,a14,4,1,0.017989417989418,0.00905608028266125,0.02975261543952601,0.012063492063491998,0.013092561276596054,0.03845618701536707
Australian Credit Approval,R5_F1,5,1,a14,5,1,0.008042328042327962,0.004309938893205412,0.015230981340690675,0.005396825396825289,0.002479249123209376,0.015049673601872537
Australian Credit Approval,R5_F2,5,2,a1,0,0,0.0,0.0,0.0,0.0,0.0,0.0
Australian Credit Approval,R5_F2,5,2,a4,1,1,-0.004290924694271614,-0.008029613453749196,0.030608813244969335,0.014803690195237085,0.0013280937839704465,-0.002388971753726543
Australian Credit Approval,R5_F2,5,2,a4,2,1,0.002360008581849371,-0.002252631762462709,0.014410083034143928,0.008474576271186418,0.005564269744239708,0.01253021487996192
Australian Credit Approval,R5_F2,5,2,a4,3,1,0.0025745548165628795,-0.001032065086275069,0.045163803427440086,0.023278266466423503,0.004500384912553959,0.007618165914053843
Australian Credit Approval,R5_F2,5,2,a4,4,1,0.0017163698777086234,-0.00369671968228924,0.01602614922837564,0.006329113924050667,0.004793772381376779,0.007567002126394273
Australian Credit Approval,R5_F2,5,2,a4,5,1,-0.0012872774082816063,-0.006232690063522783,0.03175307494663382,0.012658227848101222,0.004040158193982499,0.003299067042454751
Australian Credit Approval,R5_F2,5,2,a5,1,1,-0.012443681613387714,-0.014374322400494632,-0.01634363735915212,-0.006329113924050667,-0.001125395774227947,-0.01784406701622837
Australian Credit Approval,R5_F2,5,2,a5,2,1,-0.013730959021669209,-0.02233001080577124,-0.018990821861965768,-0.004183651576914915,-0.0008542011065051508,-0.01701214610174323
Australian Credit Approval,R5_F2,5,2,a5,3,1,-0.01609096760351869,-0.014344360816159973,-0.030608813244969224,-0.014803690195237085,-0.006066932211967704,-0.028157271811171003
Australian Credit Approval,R5_F2,5,2,a5,4,1,-0.017163698777086345,-0.022258589517525795,-0.03302424445750207,-0.012658227848101333,-0.007314359964326403,-0.027371111902257883
Australian Credit Approval,R5_F2,5,2,a5,5,1,0.0,0.0035749389215902205,-0.03302424445750207,-0.012658227848101333,0.0022204995279322265,0.004421021012754989
Australian Credit Approval,R5_F2,5,2,a6,1,1,0.004290924694271614,0.009617260228232505,-0.01444670938788628,-0.008474576271186529,0.0024683519596648135,0.008063809266256494
Australian Credit Approval,R5_F2,5,2,a6,2,1,-0.006436387041407476,-0.005794376672378476,-0.030608813244969224,-0.014803690195237085,-0.0019031451166862806,-0.011344026220063586
Australian Credit Approval,R5_F2,5,2,a6,3,1,-0.003861832224844486,-0.007697118759017463,0.0,0.0,-0.00020027986320780844,-0.003969112906760497
Australian Credit Approval,R5_F2,5,2,a6,4,1,-0.0006436387041407476,-0.00279809569418088,0.01602614922837564,0.006329113924050667,0.0022807743130685426,0.0001922299575312092
Australian Credit Approval,R5_F2,5,2,a6,5,1,-0.0015018236429950038,-0.003605968965259665,0.01602614922837564,0.006329113924050667,0.0012835350550312735,-0.0019176568353674872
Australian Credit Approval,R5_F2,5,2,a8,1,1,0.2078953014374597,0.16456986541199936,0.35442835573268366,0.18418794250160908,0.14532880301353515,0.3931408893490345
Australian Credit Approval,R5_F2,5,2,a8,2,1,0.27955374383179576,0.2001090453068577,0.4726448857800877,0.2392190517056425,0.17976466264137408,0.45951983303624916
Australian Credit Approval,R5_F2,5,2,a8,3,1,0.2651791461059858,0.21195796905188202,0.38724167557056316,0.20113709504398192,0.1691680478911738,0.4598395310767915
Australian Credit Approval,R5_F2,5,2,a8,4,1,0.2816992061789315,0.1891793816037739,0.4732674098094133,0.24136451405277837,0.17635171250455128,0.45335712401433953
Australian Credit Approval,R5_F2,5,2,a8,5,1,0.24265179146105986,0.17388687437634542,0.38467992760680136,0.20542801973825353,0.15310219859821483,0.39167452264108865
Australian Credit Approval,R5_F2,5,2,a9,1,1,0.0036472859901308663,-0.0010134910675810849,0.01602614922837564,0.006329113924050667,0.004532576266997296,0.007458252604302107
Australian Credit Approval,R5_F2,5,2,a9,2,1,0.01587642136880485,0.014630835493706473,0.0,0.0,0.007759104141965942,0.02630269162428328
Australian Credit Approval,R5_F2,5,2,a9,3,1,0.001930916112422132,-0.005358932171559694,0.01602614922837564,0.006329113924050667,0.0031477959115162185,0.006285889565202374
Australian Credit Approval,R5_F2,5,2,a9,4,1,-0.0008581849388543672,-0.007782625653897091,0.01602614922837564,0.006329113924050667,0.0031846438942631367,0.002229883382601827
Australian Credit Approval,R5_F2,5,2,a9,5,1,0.010298219266251851,0.008093185831669847,0.03175307494663382,0.012658227848101222,0.006796088050896598,0.01958936630240632
Australian Credit Approval,R5_F2,5,2,a11,0,0,0.0,0.0,0.0,0.0,0.0,0.0
Australian Credit Approval,R5_F2,5,2,a12,1,1,0.001930916112422243,0.010093648547137013,0.01602614922837564,0.006329113924050667,6.0246197937624535e-05,0.002229793146865222
Australian Credit Approval,R5_F2,5,2,a12,2,1,0.003218193520703738,0.013034760720639027,0.01602614922837564,0.006329113924050667,0.0002584002780931932,0.00453761786725948
Australian Credit Approval,R5_F2,5,2,a12,3,1,0.0025745548165629906,0.01441684726370518,0.01602614922837564,0.006329113924050667,-0.0003353591427307512,0.0027937029120624346
Australian Credit Approval,R5_F2,5,2,a12,4,1,0.0010727311735678757,0.010251150741262705,0.01602614922837564,0.006329113924050667,-6.109091608313966e-05,0.0010172999688590756
Australian Credit Approval,R5_F2,5,2,a12,5,1,0.002789101051276499,0.012703476353452814,0.01602614922837564,0.006329113924050667,7.433190932173983e-06,0.0031563541135140594
Australian Credit Approval,R5_F2,5,2,a2,1,1,-0.0010727311735679868,-0.0007098028674142887,-0.01634363735915212,-0.006329113924050667,0.002534320359662487,0.0032382165642917404
Australian Credit Approval,R5_F2,5,2,a2,2,1,-0.007723664449688972,-0.015334541997454987,-0.05808569161202448,-0.033898305084745894,-0.001020973800557129,-0.01031777587262206
Australian Credit Approval,R5_F2,5,2,a2,3,1,0.0025745548165629906,-0.0015206271650270997,0.0,0.0,0.0037775879406151125,0.002337296989790627
Australian Credit Approval,R5_F2,5,2,a2,4,1,0.0021454623471357515,0.0031344909608662652,-0.030608813244969224,-0.014803690195237085,0.0023119078636695545,0.006393836741215242
Australian Credit Approval,R5_F2,5,2,a2,5,1,-0.0010727311735678757,0.005144315462335736,-0.02893799812126774,-0.016949152542372947,-0.0019344254079509127,-0.002122720034712866
Australian Credit Approval,R5_F2,5,2,a3,1,1,0.004290924694271614,0.007310259099862826,-0.013255172936178616,-0.01062003861832228,0.002412130209788879,0.011253730815651397
Australian Credit Approval,R5_F2,5,2,a3,2,1,0.006221840806693746,0.011837589851819263,0.01602614922837564,0.006329113924050667,0.0025722170094316654,0.009425435646664704
Australian Credit Approval,R5_F2,5,2,a3,3,1,0.0045054709289852335,0.014392096674819,0.030608813244969335,0.014803690195237085,-0.0007943273186721972,0.0026359024249540397
Australian Credit Approval,R5_F2,5,2,a3,4,1,0.008367303153829608,0.017841641875203096,0.002145593977079918,-0.004290924694271725,-0.0013127898686392248,0.008043442669931455
Australian Credit Approval,R5_F2,5,2,a3,5,1,0.007080025745548113,0.019648696445343172,0.01602614922837564,0.006329113924050667,0.0017927106937750126,0.010354209213794652
Australian Credit Approval,R5_F2,5,2,a7,1,1,-0.012229135378674094,-0.004425592820475277,-0.0449195680041482,-0.023278266466423503,-0.01013569127377946,-0.028259657435682706
Australian Credit Approval,R5_F2,5,2,a7,2,1,-0.007938210684402591,-0.006974384932823319,-0.042745091405107294,-0.027569191160695228,-0.009727764955344692,-0.018141090031932705
Australian Credit Approval,R5_F2,5,2,a7,3,1,-0.00021454623471361955,0.011026478656194771,-0.06121762648993845,-0.02960738039047417,-0.0032985655309186457,0.004076517215170938
Australian Credit Approval,R5_F2,5,2,a7,4,1,0.003861832224844486,0.017905056806303277,0.0014075384126830404,-0.0021454623471358625,-0.0007738079507854795,0.010132859275555017
Australian Credit Approval,R5_F2,5,2,a7,5,1,0.005578202102552998,0.013990179757844556,-0.059283534655218406,-0.03175284273761003,-0.005263775482930902,0.00268153379032815
Australian Credit Approval,R5_F2,5,2,a10,1,1,0.006436387041407476,0.009062602640508177,-0.01444670938788628,-0.008474576271186529,0.003861369804233933,0.009904324932548725
Australian Credit Approval,R5_F2,5,2,a10,2,1,0.01351641278695559,0.015020540164012774,0.03226123677163206,0.01051276550096536,0.009842995518611591,0.025612008423351207
Australian Credit Approval,R5_F2,5,2,a10,3,1,0.014803690195237085,0.014728059040050367,-0.01634363735915212,-0.006329113924050667,0.008569371320940808,0.02713384021001608
Australian Credit Approval,R5_F2,5,2,a10,4,1,0.008367303153829608,0.009585097558464706,0.01602614922837564,0.006329113924050667,0.00768587174873292,0.018143178411893
Australian Credit Approval,R5_F2,5,2,a10,5,1,0.004720017163698853,0.0022331038373153422,0.03175307494663382,0.012658227848101222,0.0032305586756461863,0.004025729107670739
Australian Credit Approval,R5_F2,5,2,a13,0,0,0.0,0.0,0.0,0.0,0.0,0.0
Australian Credit Approval,R5_F2,5,2,a14,1,1,0.007723664449688861,0.0031287437440227217,0.014410083034143928,0.008474576271186418,0.0060012309502779915,0.017447831238044775
Australian Credit Approval,R5_F2,5,2,a14,2,1,0.003218193520703627,-0.002547620472380663,0.01602614922837564,0.006329113924050667,0.0055384238578447265,0.015533133852015435
Australian Credit Approval,R5_F2,5,2,a14,3,1,0.010512765500965249,0.0106011323116042,-0.0449195680041482,-0.023278266466423503,0.0020466633608959284,0.023375304904531324
Australian Credit Approval,R5_F2,5,2,a14,4,1,0.007080025745548224,0.0055703229107783025,-0.013255172936178616,-0.01062003861832228,0.003288225712029011,0.014838663793849127
Australian Credit Approval,R5_F2,5,2,a14,5,1,0.009440034327397595,0.006327105875840511,0.03175307494663382,0.012658227848101222,0.008164485541490366,0.023195995358410215
Australian Credit Approval,R5_F3,5,3,a1,0,0,0.0,0.0,0.0,0.0,0.0,0.0
Australian Credit Approval,R5_F3,5,3,a4,1,1,0.011169652265542673,0.011889534638310884,0.012429517647792765,0.007692307692307665,0.010274761142949146,0.025338389180072196
Australian Credit Approval,R5_F3,5,3,a4,2,1,0.006322444678609096,0.009071437747077526,-0.006928948896631426,0.0008429926238144869,0.004945331120856961,0.015146041577673963
Australian Credit Approval,R5_F3,5,3,a4,3,1,0.009272918861959911,0.009954906243540673,0.03723397184837651,0.023076923076922995,0.004536362005377562,0.015365702868499309
Australian Credit Approval,R5_F3,5,3,a4,4,1,0.006743940990516228,0.007906821165395983,0.04962279273088721,0.03076923076923066,0.004515611424667831,0.01278809627731159
Australian Credit Approval,R5_F3,5,3,a4,5,1,0.005690200210748064,0.007357447804812067,-0.019120580622864813,-0.006849315068493178,0.006915801320198547,0.016197473904109416
Australian Credit Approval,R5_F3,5,3,a5,1,1,0.017070600632244415,0.02770352493540551,0.012429517647792765,0.007692307692307665,0.010958862448137582,0.0318648626092653
Australian Credit Approval,R5_F3,5,3,a5,2,1,0.01812434141201258,0.043024275971165205,0.04397961591845034,0.022233930453108508,0.009507869903952887,0.03477689104081294
Australian Credit Approval,R5_F3,5,3,a5,3,1,0.0023182297154898945,0.008097728919471026,-0.024946981069428054,-0.015384615384615441,0.004112098530372199,0.01133535438939165
Australian Credit Approval,R5_F3,5,3,a5,4,1,0.003793466807165413,0.003925639349989574,-0.006928948896631426,0.0008429926238144869,0.005737457441507332,0.018293674447449393
Australian Credit Approval,R5_F3,5,3,a5,5,1,0.009483667017913588,0.02714854570605052,-0.006928948896631426,0.0008429926238144869,0.0070398084067910816,0.025059679906393073
Australian Credit Approval,R5_F3,5,3,a6,1,1,-1.1102230246251565e-16,-0.0024662916314058814,0.031344759905878594,0.014541622760800843,0.0016348180307037968,0.005951201860712352
Australian Credit Approval,R5_F3,5,3,a6,2,1,-0.001896733403582762,-0.003254451034037431,-0.019120580622864813,-0.006849315068493178,0.0007855196650906338,0.0008243351974198121
Australian Credit Approval,R5_F3,5,3,a6,3,1,-0.006322444678609096,-0.012330126325032387,-0.03134475990587848,-0.014541622760800843,0.000693507869049953,-0.005768612684953767
Australian Credit Approval,R5_F3,5,3,a6,4,1,0.0012644889357217304,0.001031179948595251,0.005236332099717633,0.008535300316122152,0.001008442342703128,0.002571655162304065
Australian Credit Approval,R5_F3,5,3,a6,5,1,0.00021074815595356622,0.0003930090549285614,0.0,0.0,0.0016383451837292534,0.0023028245606485087
Australian Credit Approval,R5_F3,5,3,a8,1,1,0.27903055848261327,0.22820051790548057,0.35814914606142184,0.17955742887249726,0.18648130150062234,0.4704867617666253
Australian Credit Approval,R5_F3,5,3,a8,2,1,0.30958904109589047,0.29350609702555597,0.3624377144416852,0.18893572181243412,0.19276897958740194,0.5097950753187218
Australian Credit Approval,R5_F3,5,3,a8,3,1,0.27586933614330866,0.265250657191095,0.3381204588889812,0.1727081138040042,0.17422615607313122,0.46896414300545686
Australian Credit Approval,R5_F3,5,3,a8,4,1,0.19367755532139086,0.2098991118714464,0.19231477345897374,0.10600632244467856,0.13462213368113884,0.3596464472285107
Australian Credit Approval,R5_F3,5,3,a8,5,1,0.30263435194942034,0.2632416296208996,0.37331606696402264,0.18724973656480493,0.1961787105636527,0.5171544167724029
Australian Credit Approval,R5_F3,5,3,a9,1,1,0.0023182297154898945,-5.521943075947888e-05,0.017381601671506486,0.016227608008429817,0.0034383025198676115,0.011619754019639994
Australian Credit Approval,R5_F3,5,3,a9,2,1,0.009694415173867155,0.002427984088746671,0.062012308317275,0.038461538461538325,0.00729944123389073,0.020378427988956338
Australian Credit Approval,R5_F3,5,3,a9,3,1,0.0029504741833509263,-0.001913652664774279,-0.019120580622864813,-0.006849315068493178,0.0007161381399856948,0.003452601523432741
Australian Credit Approval,R5_F3,5,3,a9,4,1,0.006111696522655419,0.007710425628271289,0.024838561631657652,0.01538461538461533,0.002153795596992733,0.011810657342504194
Australian Credit Approval,R5_F3,5,3,a9,5,1,0.0059009483667017415,0.001946729119746915,0.04962279273088721,0.03076923076923066,0.004450712858223793,0.012246437580492764
Australian Credit Approval,R5_F3,5,3,a11,0,0,0.0,0.0,0.0,0.0,0.0,0.0
Australian Credit Approval,R5_F3,5,3,a12,1,1,0.0023182297154900056,0.0020845949724633828,0.0,0.0,0.0009731555366147976,0.002372026171383823
Australian Credit Approval,R5_F3,5,3,a12,2,1,0.0014752370916754076,0.0006651934031344231,0.0,0.0,0.0008003428366749332,0.0017425364157270806
Australian Credit Approval,R5_F3,5,3,a12,3,1,0.0008429926238145979,0.0006763092678557792,0.0,0.0,-0.00018896095698760218,-0.0009803389508572513
Australian Credit Approval,R5_F3,5,3,a12,4,1,0.0012644889357217304,0.000772158481841756,0.0,0.0,0.0005470947171684892,0.0008187191184167997
Australian Credit Approval,R5_F3,5,3,a12,5,1,0.0016859852476290849,0.0015782173807140643,0.0,0.0,2.7501229344945033e-05,-0.0003280782135394178
Australian Credit Approval,R5_F3,5,3,a2,1,1,-0.007165437302423694,-0.011954730621674625,-0.03134475990587848,-0.014541622760800843,-0.0024593649767102183,-0.009849540945062463
Australian Credit Approval,R5_F3,5,3,a2,2,1,0.0023182297154898945,0.0017148687500901927,-0.006928948896631426,0.0008429926238144869,6.66785044685092e-05,-0.00046230547162262603
Australian Credit Approval,R5_F3,5,3,a2,3,1,-0.0067439409905164505,-0.012747195060041738,0.024838561631657652,0.01538461538461533,-0.0029873320885465127,-0.010059469094591877
Australian Credit Approval,R5_F3,5,3,a2,4,1,-0.005479452054794609,-0.006236160738608665,-0.04360756665109822,-0.022233930453108508,-0.003112791171793486,-0.009213688435544709
Australian Credit Approval,R5_F3,5,3,a2,5,1,0.00021074815595356622,0.0013597075777574963,0.012429517647792765,0.007692307692307665,-0.0005235471094802435,0.0008181800787528393
Australian Credit Approval,R5_F3,5,3,a3,1,1,0.004214963119072768,-0.000575919683252657,0.006021025244334344,-0.0008429926238145979,0.004423072135423506,0.010536365952958093
Australian Credit Approval,R5_F3,5,3,a3,2,1,0.0023182297154898945,-0.0014368204623721459,-0.012456658450583635,-0.007692307692307776,0.0034201151730943735,0.007761389307817834
Australian Credit Approval,R5_F3,5,3,a3,3,1,0.004847207586933577,0.0011950999413378183,0.018694249749930947,0.006849315068493178,0.004711479249695144,0.011647179298828747
Australian Credit Approval,R5_F3,5,3,a3,4,1,0.005690200210748064,0.0033539385032054225,0.04397961591845034,0.022233930453108508,0.004078189928820891,0.010574359792390464
Australian Credit Approval,R5_F3,5,3,a3,5,1,0.004425711275026223,0.0006110973438961942,0.018694249749930947,0.006849315068493178,0.0030552262115373374,0.008090121314992094
Australian Credit Approval,R5_F3,5,3,a7,1,1,-0.0033719704952582807,-0.005017461146831659,0.012429517647792765,0.007692307692307665,-0.0001873518972363708,-0.00035092131014763384
Australian Credit Approval,R5_F3,5,3,a7,2,1,-0.002528977871443683,-0.009439894176177854,0.006021025244334344,-0.0008429926238145979,0.00267125321846709,0.0044428747048814166
Australian Credit Approval,R5_F3,5,3,a7,3,1,0.0016859852476290849,0.007576910034405415,0.012429517647792765,0.007692307692307665,0.00170665100794673,0.00707819454720221
Australian Credit Approval,R5_F3,5,3,a7,4,1,-0.002528977871443683,-0.004637364064028926,-0.006681811042163144,-0.008535300316122263,-0.0002343381885511614,0.0023536306847525834
Australian Credit Approval,R5_F3,5,3,a7,5,1,-0.007165437302423583,-0.014038286568204161,0.024113751979014997,0.006006322444678469,-0.0007272547260141898,-0.003377513805018162
Australian Credit Approval,R5_F3,5,3,a10,1,1,-0.006111696522655419,-0.012350065294955193,0.017381601671506486,0.016227608008429817,-0.0017781649720878812,-0.003540937653604803
Australian Credit Approval,R5_F3,5,3,a10,2,1,0.01138040042149624,0.015606949741583165,0.05660607215994673,0.029926238145416173,0.007265511865011329,0.02303994745584198
Australian Credit Approval,R5_F3,5,3,a10,3,1,0.004425711275026223,0.009577728173552957,0.005236332099717633,0.008535300316122152,0.005293520562666465,0.018751071640104866
Australian Credit Approval,R5_F3,5,3,a10,4,1,0.01538461538461533,0.013300616684649547,0.04397961591845034,0.022233930453108508,0.0141371720441716,0.03874671281511732
Australian Credit Approval,R5_F3,5,3,a10,5,1,0.008851422550052668,0.007058794561538351,-0.006681811042163144,-0.008535300316122263,0.00987660194915238,0.027987886305561538
Australian Credit Approval,R5_F3,5,3,a13,0,0,0.0,0.0,0.0,0.0,0.0,0.0
Australian Credit Approval,R5_F3,5,3,a14,1,1,0.01538461538461533,0.014146621931531156,0.006021025244334344,-0.0008429926238145979,0.01003534918599007,0.02978442868325376
Australian Credit Approval,R5_F3,5,3,a14,2,1,0.001896733403582762,0.0020231695767540803,-0.01942102257556555,-0.01622760800843004,0.0007308089531116585,0.005178529417218025
Australian Credit Approval,R5_F3,5,3,a14,3,1,0.0012644889357217304,-0.008099944228611267,-0.001722974782664144,-0.00937829293993686,2.6904075547770634e-05,0.0038413820473983673
Australian Credit Approval,R5_F3,5,3,a14,4,1,0.012644889357218081,0.01027426448535318,0.018694249749930947,0.006849315068493178,0.008782690945035795,0.02913731268200076
Australian Credit Approval,R5_F3,5,3,a14,5,1,0.009694415173867155,0.009690727973945101,-0.01942102257556555,-0.01622760800843004,0.003993726902084008,0.016974135043147043
Australian Credit Approval,R5_F4,5,4,a1,0,0,0.0,0.0,0.0,0.0,0.0,0.0
Australian Credit Approval,R5_F4,5,4,a4,1,1,-0.0036637931034484428,-0.005239851260080197,-0.014673389639222933,-0.010991379310344773,-0.004044060012391257,-0.007200463814555136
Australian Credit Approval,R5_F4,5,4,a4,2,1,0.004741379310344684,0.0021836519618005923,0.014752059971018583,0.008620689655172487,0.004697648507933819,0.014043531706473988
Australian Credit Approval,R5_F4,5,4,a4,3,1,-0.0021551724137932604,-0.004488802664015079,-0.030294877357447292,-0.014870689655172353,-0.0005768154347185195,-0.0011417154704663757
Australian Credit Approval,R5_F4,5,4,a4,4,1,-0.0030172413793104758,-0.004717088964449889,-0.030294877357447292,-0.014870689655172353,-0.0004213720147866612,-0.0012416174526150292
Australian Credit Approval,R5_F4,5,4,a4,5,1,-0.002586206896551868,-0.005086084450635298,-0.01481381065665921,-0.008620689655172376,-0.0009821054157238412,-0.0011503985991854204
Australian Credit Approval,R5_F4,5,4,a5,1,1,0.012068965517241237,0.018547780473413322,0.014752059971018583,0.008620689655172487,0.005757347052760722,0.021045241827647332
Australian Credit Approval,R5_F4,5,4,a5,2,1,0.008836206896551513,0.023763866300776537,-0.01725344164658582,-0.003879310344827469,0.0007767725062760439,0.005544842343077838
Australian Credit Approval,R5_F4,5,4,a5,3,1,0.000646551724137745,0.00560547508754905,-0.0010914774999203347,0.0023706896551723977,-0.0009592073266936341,-0.0038784012726647554
Australian Credit Approval,R5_F4,5,4,a5,4,1,0.01573275862068957,0.023752678543106587,0.013424559036978034,0.010991379310344884,0.008420674932684322,0.03064736376102023
Australian Credit Approval,R5_F4,5,4,a5,5,1,0.001939655172413679,0.00028627995816621343,-0.01725344164658582,-0.003879310344827469,0.002554651964471258,0.0058302802279143195
Australian Credit Approval,R5_F4,5,4,a6,1,1,0.002586206896551646,0.0029220307842077187,0.014752059971018583,0.008620689655172487,0.0022496691384637085,0.004996707824436064
Australian Credit Approval,R5_F4,5,4,a6,2,1,0.002586206896551535,0.0036066269365329084,-0.015662068897066783,-0.006249999999999978,0.0013898067247046786,0.004188690157367836
Australian Credit Approval,R5_F4,5,4,a6,3,1,0.004525862068965436,0.004511532961257281,-0.0010914774999203347,0.0023706896551723977,0.003513111374980435,0.00981090233297327
Australian Credit Approval,R5_F4,5,4,a6,4,1,0.0010775862068963526,0.001163583792168077,-0.01725344164658582,-0.003879310344827469,0.001516058853823804,0.004469578378913874
Australian Credit Approval,R5_F4,5,4,a6,5,1,0.004310344827586077,0.005556924725280243,0.0,0.0,0.0029752248521035807,0.005061522064579549
Australian Credit Approval,R5_F4,5,4,a8,1,1,0.22306034482758608,0.19090396226343276,0.43403054786696166,0.23189655172413792,0.15002211152731482,0.4045387734458533
Australian Credit Approval,R5_F4,5,4,a8,2,1,0.2579741379310343,0.19594021455201505,0.3418867827557376,0.19827586206896552,0.16186755020838933,0.4316714593669788
Australian Credit Approval,R5_F4,5,4,a8,3,1,0.25193965517241357,0.20749465448175308,0.43096795997435144,0.23663793103448272,0.158291991359995,0.4164380051008174
Australian Credit Approval,R5_F4,5,4,a8,4,1,0.2801724137931033,0.21407715078789868,0.46747231990265575,0.2515086206896552,0.1807116656032653,0.4776454442773659
Australian Credit Approval,R5_F4,5,4,a8,5,1,0.2521551724137929,0.1958840905642366,0.46839922276377227,0.24913793103448278,0.16395806277225505,0.4420456198585617
Australian Credit Approval,R5_F4,5,4,a9,1,1,0.001293103448275712,-0.0005902877288745945,0.04516618883910395,0.02349137931034495,0.004308631356853471,0.0071246136839343
Australian Credit Approval,R5_F4,5,4,a9,2,1,-0.000646551724138078,-0.0016972010726649112,0.0,0.0,0.002606281032142138,-0.0012867320112497915
Australian Credit Approval,R5_F4,5,4,a9,3,1,-0.00021551724137947037,-0.0005069556485089999,0.029450261246304232,0.017241379310344862,0.001552940480479964,-0.002456737813425647
Australian Credit Approval,R5_F4,5,4,a9,4,1,0.0015086206896551824,-0.0009232585855385445,0.030294877357447292,0.014870689655172464,0.0028909004772118135,0.008070898584455644
Australian Credit Approval,R5_F4,5,4,a9,5,1,-0.003879310344827691,-0.0025362595237911068,-0.015662068897066783,-0.006249999999999978,-0.001008458586498548,-0.002494553551918799
Australian Credit Approval,R5_F4,5,4,a11,0,0,0.0,0.0,0.0,0.0,0.0,0.0
Australian Credit Approval,R5_F4,5,4,a12,1,1,0.0015086206896550713,0.0019334722484913858,-0.015662068897066783,-0.006249999999999978,0.0012481795050276606,0.00431317857966973
Australian Credit Approval,R5_F4,5,4,a12,2,1,0.000646551724137856,0.0008954856290110946,-0.030294877357447292,-0.014870689655172353,0.0002505427667318233,0.0014061387865155206
Australian Credit Approval,R5_F4,5,4,a12,3,1,-0.0004310344827587187,0.0001068551209367774,-0.015662068897066783,-0.006249999999999978,0.00022306859692786118,-0.00016061114311199942
Australian Credit Approval,R5_F4,5,4,a12,4,1,0.00043103448275849665,0.0005754287300068217,-0.015662068897066783,-0.006249999999999978,0.0002714695763063324,0.0011863409527956836
Australian Credit Approval,R5_F4,5,4,a12,5,1,0.001293103448275712,0.0021914297098868385,-0.015662068897066783,-0.006249999999999978,0.0006030144196650516,0.0022877906255472924
Australian Credit Approval,R5_F4,5,4,a2,1,1,0.004094827586206717,0.007446565243432124,-0.01481381065665921,-0.008620689655172376,0.0023749826331604107,0.003445018347885298
Australian Credit Approval,R5_F4,5,4,a2,2,1,-0.0053879310344828735,-0.007670901063167812,0.015369904825648262,0.006249999999999978,-0.0024588387797691152,-0.010192946952060689
Australian Credit Approval,R5_F4,5,4,a2,3,1,-0.0034482758620690834,-0.001883241516418943,-0.04607619776515215,-0.02112068965517233,-0.005502323942212117,-0.01192276151513244
Australian Credit Approval,R5_F4,5,4,a2,4,1,-0.0053879310344827624,-0.005805201304890262,-0.0010914774999203347,0.0023706896551723977,-0.003051129835246233,-0.009216550734922224
Australian Credit Approval,R5_F4,5,4,a2,5,1,-0.0008620689655173264,-0.00011371862197917526,-0.0010914774999203347,0.0023706896551723977,0.0023720635626892084,0.0017852570786062727
Australian Credit Approval,R5_F4,5,4,a3,1,1,0.004956896551724044,0.0040137189444494625,-0.0010914774999203347,0.0023706896551723977,0.005101967582506653,0.012731816999784151
Australian Credit Approval,R5_F4,5,4,a3,2,1,-0.000646551724138078,-0.005267389983710902,-0.01725344164658582,-0.003879310344827469,0.002063156157699808,0.004472463730765264
Australian Credit Approval,R5_F4,5,4,a3,3,1,0.011853448275861989,0.01135268989840843,-0.0010914774999203347,0.0023706896551723977,0.008126424394378606,0.025908910463002754
Australian Credit Approval,R5_F4,5,4,a3,4,1,0.0034482758620688614,1.5350232944078e-05,0.013424559036978034,0.010991379310344884,0.004998220556358818,0.01064829317067667
Australian Credit Approval,R5_F4,5,4,a3,5,1,0.002586206896551646,-0.00031925188951231753,-0.015662068897066783,-0.006249999999999978,0.0012968967077674198,0.007530424213814557
Australian Credit Approval,R5_F4,5,4,a7,1,1,0.0017241379310343197,0.0035796198698796466,-0.015662068897066783,-0.006249999999999978,0.0012318890723902742,0.004844162579891065
Australian Credit Approval,R5_F4,5,4,a7,2,1,0.00754310344827569,0.01007889660462058,-0.0010914774999203347,0.0023706896551723977,0.005180000648435337,0.011358891482205258
Australian Credit Approval,R5_F4,5,4,a7,3,1,0.006896551724137723,0.003758235520173958,0.02789376752729289,0.01961206896551726,0.008030120292889006,0.022916961849852202
Australian Credit Approval,R5_F4,5,4,a7,4,1,0.008836206896551624,0.01111560131174194,-0.015662068897066783,-0.006249999999999978,0.006025739486265724,0.014397893298155606
Australian Credit Approval,R5_F4,5,4,a7,5,1,0.014224137931034275,0.0183084307959811,0.04410255972054189,0.025862068965517238,0.008136990056014926,0.03029302852441418
Australian Credit Approval,R5_F4,5,4,a10,1,1,0.000646551724137745,-0.003058833104916059,0.07558031770718932,0.03836206896551719,0.006005566327831294,0.0002863267326483898
Australian Credit Approval,R5_F4,5,4,a10,2,1,0.014439655172413635,0.014184386338867871,0.014752059971018583,0.008620689655172487,0.009505761439073473,0.026273843205853742
Australian Credit Approval,R5_F4,5,4,a10,3,1,0.004310344827586077,0.0010751368537449402,0.06058975471489447,0.029741379310344818,0.007605429212655265,0.01077511317938562
Australian Credit Approval,R5_F4,5,4,a10,4,1,0.012068965517241237,0.004961243527951575,0.029450261246304232,0.017241379310344862,0.007614751682922194,0.01880588840621955
Australian Credit Approval,R5_F4,5,4,a10,5,1,0.010344827586206806,0.008854378548294184,0.045296009967781714,0.018750000000000044,0.008104113677514652,0.02118665662919189
Australian Credit Approval,R5_F4,5,4,a13,0,0,0.0,0.0,0.0,0.0,0.0,0.0
Australian Credit Approval,R5_F4,5,4,a14,1,1,0.008620689655172376,0.0032187325258428157,-0.030294877357447292,-0.014870689655172353,0.007258419531291721,0.022246271203652412
Australian Credit Approval,R5_F4,5,4,a14,2,1,0.013793103448275779,0.007991566456355681,0.09053373873875326,0.04698275862068968,0.010345570544060378,0.03066497684623276
Australian Credit Approval,R5_F4,5,4,a14,3,1,0.023706896551723977,0.01131812144849953,0.04516618883910395,0.02349137931034495,0.016040217113660882,0.04233495242408919
Australian Credit Approval,R5_F4,5,4,a14,4,1,0.022629310344827624,0.014667570635454319,0.09062436417828579,0.042241379310344884,0.01488609968012726,0.03817804265353569
Australian Credit Approval,R5_F4,5,4,a14,5,1,0.016379310344827425,0.010400984306322636,0.030463568873244418,0.012500000000000067,0.012991216936223113,0.031019469653300547
Australian Credit Approval,R5_F5,5,5,a1,0,0,0.0,0.0,0.0,0.0,0.0,0.0
Australian Credit Approval,R5_F5,5,5,a4,1,1,-0.001697792869269965,0.01896730200272423,0.0,0.0,-0.0022493471899451695,-0.0005520576948528921
Australian Credit Approval,R5_F5,5,5,a4,2,1,-0.0044567062818337,0.0018722714976079358,-0.029586698644659015,-0.014643463497453268,-0.0009913280155563892,-0.0014417211295809085
Australian Credit Approval,R5_F5,5,5,a4,3,1,0.003607809847198551,0.004593639204141464,0.04263902668497754,0.024193548387096864,0.005462467388460138,0.01020083208103889
Australian Credit Approval,R5_F5,5,5,a4,4,1,-0.01124787775891345,-0.001676258835479505,0.015123823493895183,0.006578947368421018,-0.0025386551865122092,-0.008140294948382809
Australian Credit Approval,R5_F5,5,5,a4,5,1,-0.0012733446519525016,-0.01535159146850329,0.015123823493895183,0.006578947368421018,0.004947133760627623,0.0029220568930222734
Australian Credit Approval,R5_F5,5,5,a5,1,1,-0.012945670628183414,-0.025575642003551113,-0.0012480102271709148,0.0014855687606112333,-0.0036490361607613014,-0.02179723346577661
Australian Credit Approval,R5_F5,5,5,a5,2,1,-0.01230899830220722,-0.026443783876069826,0.07415038038449806,0.03586587436332778,-0.004126825375050908,-0.02353388181519328
Australian Credit Approval,R5_F5,5,5,a5,3,1,0.0048811544991511635,0.004695813002920213,0.02850672257003095,0.016129032258064613,0.004145975204215502,0.01532699383925179
Australian Credit Approval,R5_F5,5,5,a5,4,1,-0.0008488964346350381,0.014901945064387023,0.04396333939351471,0.02270797962648563,0.004315784688603691,0.009840366338265016
Australian Credit Approval,R5_F5,5,5,a5,5,1,0.005942275042444822,0.01725444186565883,0.04263902668497754,0.024193548387096864,0.006052116410892178,0.017715640350226103
Australian Credit Approval,R5_F5,5,5,a6,1,1,-0.01018675721561968,-0.021411207377028396,-0.01438945495140631,-0.008064516129032251,-0.0018713799086904903,-0.013225306709731321
Australian Credit Approval,R5_F5,5,5,a6,2,1,0.00021222410865873176,0.0017020916983927492,0.0,0.0,0.0018431618572958275,0.005977195413733316
Australian Credit Approval,R5_F5,5,5,a6,3,1,-0.007003395585738481,-0.01926514465557716,-0.014091769977713886,-0.009550084889643484,0.002055192067057579,-0.002439721240970305
Australian Credit Approval,R5_F5,5,5,a6,4,1,-0.0031833616298810874,-0.013386356535437738,0.0,0.0,0.0015839902003873807,-0.00285970797350954
Australian Credit Approval,R5_F5,5,5,a6,5,1,-0.0004244482173174635,-0.0011643573581056055,-0.014091769977713886,-0.009550084889643484,0.0025861614844302216,0.006613956683149236
Australian Credit Approval,R5_F5,5,5,a8,1,1,0.26782682512733447,0.21881564345617344,0.4313982314184562,0.22198641765704585,0.17741170847119683,0.45865120188389086
Australian Credit Approval,R5_F5,5,5,a8,2,1,0.3499575551782682,0.28103316799091815,0.5576572181413342,0.2835314091680816,0.20892676553808362,0.5342812617444007
Australian Credit Approval,R5_F5,5,5,a8,3,1,0.321095076400679,0.26047874017327055,0.4445862320553957,0.23302207130730057,0.1943413513441832,0.505621270921255
Australian Credit Approval,R5_F5,5,5,a8,4,1,0.28586587436332767,0.20530385939331253,0.446730503401973,0.23005093378607822,0.18675637582159957,0.46903470735023334
Australian Credit Approval,R5_F5,5,5,a8,5,1,0.2506366723259762,0.21700782490909787,0.30078129557036304,0.16638370118845502,0.1500604044403603,0.3908809762876263
Australian Credit Approval,R5_F5,5,5,a9,1,1,0.0006366723259761953,0.012281995369595844,0.044681995357739424,0.019736842105263275,0.0027462793343669967,0.005774100191965337
Australian Credit Approval,R5_F5,5,5,a9,2,1,0.004244482173174857,-1.1766226215570441e-08,0.030013666340475975,0.013157894736842146,0.007383728924198654,0.01693631652843114
Australian Credit Approval,R5_F5,5,5,a9,3,1,-0.00912563667232591,-0.017796872206368164,-0.028879769219227858,-0.016129032258064502,-0.0007384332757665868,-0.008490995723158867
Australian Credit Approval,R5_F5,5,5,a9,4,1,0.0,-0.00466727279660617,0.015123823493895183,0.006578947368421018,0.0036469392425959035,0.007096693210572158
Australian Credit Approval,R5_F5,5,5,a9,5,1,0.010823429541595875,0.006360986234062338,0.07340106687792292,0.03289473684210531,0.01248056225187874,0.02927247300219199
Australian Credit Approval,R5_F5,5,5,a11,0,0,0.0,0.0,0.0,0.0,0.0,0.0
Australian Credit Approval,R5_F5,5,5,a12,1,1,0.00021222410865884278,-0.0017986393926066047,0.0,0.0,0.00013450215541725707,0.0009553729412734024
Australian Credit Approval,R5_F5,5,5,a12,2,1,-0.00021222410865884278,9.539584070705764e-05,0.0,0.0,-0.00032301937147158344,4.611561170930756e-06
Australian Credit Approval,R5_F5,5,5,a12,3,1,0.0,0.0015210477963357727,-0.01438945495140631,-0.008064516129032251,-0.001148480244114819,-0.0016815114620606364
Australian Credit Approval,R5_F5,5,5,a12,4,1,0.0,-0.00040579615762204035,0.0,0.0,-0.0001733808900972328,-0.00048396609232714827
Australian Credit Approval,R5_F5,5,5,a12,5,1,-0.00021222410865862074,-0.001451404070650919,-0.01438945495140631,-0.008064516129032251,-0.00015760324314748053,0.00075767985912506
Australian Credit Approval,R5_F5,5,5,a2,1,1,-0.006154499151103665,-0.00899296998792587,0.014296211364766886,0.008064516129032362,-0.0011853320413080237,-0.004710086863501661
Australian Credit Approval,R5_F5,5,5,a2,2,1,-0.007215619694397324,-0.0020278485217015696,0.015295112690012824,0.005093378607809895,-0.0019479671487929173,-0.008261989457490182
Australian Credit Approval,R5_F5,5,5,a2,3,1,-0.0023344651952462714,-0.004618019822669739,0.014296211364766886,0.008064516129032362,0.0006533856964015955,-0.003943534157054174
Australian Credit Approval,R5_F5,5,5,a2,4,1,-0.0012733446519525016,-0.006385757915335022,0.0,0.0,0.0018745118614983958,0.0011686978248063862
Australian Credit Approval,R5_F5,5,5,a2,5,1,-0.006154499151103554,-0.0048852258578557795,0.0005669485606240032,-0.0014855687606112333,-0.00035244034825197834,-0.0031677388979752252
Australian Credit Approval,R5_F5,5,5,a3,1,1,-0.0040322580645161255,-0.006965894080466217,0.07415038038449806,0.03586587436332778,0.0008285256936308993,-0.006603183732655615
Australian Credit Approval,R5_F5,5,5,a3,2,1,0.0057300509337859795,-0.0066814545764054545,0.04396333939351471,0.02270797962648563,0.0015379393963812216,0.0055069765627373535
Australian Credit Approval,R5_F5,5,5,a3,3,1,0.005093378607809784,0.0010386909956544566,0.029586698644659015,0.01464346349745338,0.006474987921295375,0.012181370948955883
Australian Credit Approval,R5_F5,5,5,a3,4,1,-0.0031833616298811984,-0.00011192968459239339,0.05917339728931792,0.02928692699490676,-0.0017268108750450456,-0.010823529831311851
Australian Credit Approval,R5_F5,5,5,a3,5,1,-0.0021222410865874286,-0.004234948790917348,0.02850672257003095,0.016129032258064613,-0.0012048754896438196,-0.008230884245524983
Australian Credit Approval,R5_F5,5,5,a7,1,1,0.002546689303904892,0.0039418110430264885,-0.01438945495140631,-0.008064516129032251,0.001451201012275527,0.0053491896794765625
Australian Credit Approval,R5_F5,5,5,a7,2,1,0.00339558573853993,0.009969010228805697,0.044637101939196566,0.021222410865874508,0.0037976140648093987,0.009064388830791248
Australian Credit Approval,R5_F5,5,5,a7,3,1,-0.0010611205432937698,0.018306658039569323,0.0,0.0,-0.0016692205435570595,0.0036414093568994943
Australian Credit Approval,R5_F5,5,5,a7,4,1,0.0008488964346350381,0.0015236676269222427,0.029586698644659015,0.01464346349745338,0.0028787136503423544,0.009062517661912128
Australian Credit Approval,R5_F5,5,5,a7,5,1,-0.001697792869269965,-0.019036055895017223,0.044681995357739424,0.019736842105263275,0.0063441045466935825,0.008167254492513487
Australian Credit Approval,R5_F5,5,5,a10,1,1,-0.0012733446519525016,-0.011284373878015175,0.0005669485606240032,-0.0014855687606112333,0.002587137570228479,0.008377840276950654
Australian Credit Approval,R5_F5,5,5,a10,2,1,0.004244482173174857,0.0044935360605395935,0.044681995357739424,0.019736842105263275,0.007964409616343843,0.020286027887969182
Australian Credit Approval,R5_F5,5,5,a10,3,1,0.00021222410865873176,-0.01275639220992264,-0.028860276993480483,-0.017614601018675735,0.004184275681782854,0.004725124218544319
Australian Credit Approval,R5_F5,5,5,a10,4,1,0.002758913412563624,0.011141313837613076,0.02980703105882765,0.011672325976231024,0.008783398438758597,0.01876199845717691
Australian Credit Approval,R5_F5,5,5,a10,5,1,0.019100169779286857,0.009859225775392777,0.07406887802546613,0.03438030560271654,0.012475913976406808,0.03884135358234192
Australian Credit Approval,R5_F5,5,5,a13,0,0,0.0,0.0,0.0,0.0,0.0,0.0
Australian Credit Approval,R5_F5,5,5,a14,1,1,0.017402376910017003,0.001877326750500008,0.059460384120327836,0.027801358234295526,0.014952473499041247,0.04052124454689082
Australian Credit Approval,R5_F5,5,5,a14,2,1,0.025891341256366718,0.013367060226022853,0.029586698644659015,0.01464346349745338,0.020244746312300596,0.05952459696255952
Australian Credit Approval,R5_F5,5,5,a14,3,1,0.0458404074702885,0.013888875701740133,0.10345576069319273,0.04902376910016981,0.03393532678028832,0.08945235987462125
Australian Credit Approval,R5_F5,5,5,a14,4,1,0.02355687606112067,-0.001980233791236019,0.10366365882979955,0.050509337860781045,0.01708451912135317,0.0471739257521655
Australian Credit Approval,R5_F5,5,5,a14,5,1,0.024617996604414216,0.01054636357188854,0.07415038038449806,0.03586587436332778,0.019175129027261165,0.055091389124925894
Taiwan Credit Card Default,R1_F1,1,1,sex,1,1,0.0018289955429379168,0.00048822275094084766,-0.003024717949058564,-0.0016437072834892819,3.8425222392973746e-05,0.00042885854526208966
Taiwan Credit Card Default,R1_F1,1,1,sex,2,1,0.001889367611579429,-0.0019584255480699087,0.00017000921472515307,0.0006208179253670565,-3.503688714862063e-05,0.00019723835897800246
Taiwan Credit Card Default,R1_F1,1,1,sex,3,1,0.002242519671641352,0.0019896237068415257,0.0033939030230317746,0.0017501355508369176,0.0005205079350253106,0.001263571120378837
Taiwan Credit Card Default,R1_F1,1,1,sex,4,1,0.0035748772352798275,0.00019892776220875596,-0.0035250375712552184,-0.0014072091121576369,0.00018998689162511018,0.0009567426242987898
Taiwan Credit Card Default,R1_F1,1,1,sex,5,1,0.0014257788405879213,0.000470981328472897,0.0010303068891444056,0.0004907480213831583,0.00021843000463717122,0.0004996191442708242
Taiwan Credit Card Default,R1_F1,1,1,education,1,1,0.00026210312727303897,0.006780977204679961,0.005749201811332205,0.004144730663677154,0.0005179393519550157,0.0012658855428107074
Taiwan Credit Card Default,R1_F1,1,1,education,2,1,0.002932135577668915,0.004256590944748839,-0.0006328036154195638,0.0005794246100110367,0.000400498850590264,0.0014767332764332175
Taiwan Credit Card Default,R1_F1,1,1,education,3,1,4.932839754856477e-05,0.0025937112421330344,0.0025661758853042227,0.002843949818867375,5.884546475604102e-05,0.00049538140584654
Taiwan Credit Card Default,R1_F1,1,1,education,4,1,0.00035511537936716575,0.002413680449384059,-0.0004963168542693741,0.00023649817133164497,3.468044402635262e-05,0.0005321969614516808
Taiwan Credit Card Default,R1_F1,1,1,education,5,1,0.001002928945183723,0.0009716788878676441,0.004302346379756572,0.0025838100108996898,-0.00014813604519001156,0.00026823289829502883
Taiwan Credit Card Default,R1_F1,1,1,marriage,1,1,0.0026171046341206816,0.005758379868962993,0.007765565005709574,0.0041624823423969115,0.00047750186174794207,0.0014236852570432834
Taiwan Credit Card Default,R1_F1,1,1,marriage,2,1,0.002036043924688369,0.0013757926216076966,-0.004717812370320373,-0.0025187750589077407,9.975616614729677e-05,0.0005497891054238591
Taiwan Credit Card Default,R1_F1,1,1,marriage,3,1,0.004538539794355256,0.0014103071704261172,0.007212148224010784,0.0034352361496821082,0.0002519896910000985,0.0013349690297974615
Taiwan Credit Card Default,R1_F1,1,1,marriage,4,1,0.002597471441066479,0.004344269337859252,0.0066725606820168815,0.00384319754035356,0.000393174955398784,0.0011335404278384198
Taiwan Credit Card Default,R1_F1,1,1,marriage,5,1,0.0029210919065760788,0.0064613546936451716,0.002121652947882413,0.0008100328234265097,0.0002636703849890898,0.00120889297765725
Taiwan Credit Card Default,R1_F1,1,1,pay_0,1,1,0.08425298481797894,0.20706782335464452,0.19343551574007076,0.09056374750535734,0.030155119784256695,0.0711542385049902
Taiwan Credit Card Default,R1_F1,1,1,pay_0,2,1,0.07757491781054549,0.18986214372742377,0.20025628457926123,0.09365605721636006,0.02758758601463615,0.06469033626416121
Taiwan Credit Card Default,R1_F1,1,1,pay_0,3,1,0.08225064454136677,0.1984428908634705,0.19808823568081207,0.09203010161159064,0.029397916529697143,0.06928294126206702
Taiwan Credit Card Default,R1_F1,1,1,pay_0,4,1,0.08650834787007655,0.21126714606086622,0.20823033014479084,0.09764707633941727,0.031241339830256704,0.07356292950332288
Taiwan Credit Card Default,R1_F1,1,1,pay_0,5,1,0.07580964834006243,0.19507408184272568,0.190601749247931,0.08831697397522087,0.028335287129406972,0.06601309393055438
Taiwan Credit Card Default,R1_F1,1,1,pay_2,1,1,0.005665157855780367,0.008111612785485334,0.017303157748880194,0.010335240043598759,0.00187884518553183,0.0051717679744006095
Taiwan Credit Card Default,R1_F1,1,1,pay_2,2,1,0.006795375335931997,0.010313491662048646,0.022251472019579388,0.01233962544448719,0.00235208576183088,0.006203510842086535
Taiwan Credit Card Default,R1_F1,1,1,pay_2,3,1,0.008497654978699587,0.013139132600393788,0.021669071751755364,0.012919050054498449,0.0023221717757609117,0.006394759583484733
Taiwan Credit Card Default,R1_F1,1,1,pay_2,4,1,0.006476581363714984,0.007589191546310992,0.018843337368810498,0.011724697477036417,0.0017291476006710549,0.004908957778125611
Taiwan Credit Card Default,R1_F1,1,1,pay_2,5,1,0.0061051049901359455,0.013517206634873213,0.014596316898863981,0.00993316861084359,0.0020317077386188265,0.005585569564798942
Taiwan Credit Card Default,R1_F1,1,1,pay_3,1,1,0.006353301272329026,0.009402434504245827,0.01650827978453967,0.01029384672824285,0.00204879990582843,0.0053747439608584635
Taiwan Credit Card Default,R1_F1,1,1,pay_3,2,1,0.006742611129599063,0.012812179819822522,0.016320516070840396,0.009673028802875905,0.0018434260366459454,0.005176852183475633
Taiwan Credit Card Default,R1_F1,1,1,pay_3,3,1,0.006190100355066175,0.006891165335411009,0.015646449898596093,0.009288709048840493,0.0015539483108227004,0.004328198779127768
Taiwan Credit Card Default,R1_F1,1,1,pay_3,4,1,0.006869899664566859,0.0122687950562691,0.01949665311077281,0.010973809647685573,0.0019867792108204108,0.005359877774132105
Taiwan Credit Card Default,R1_F1,1,1,pay_3,5,1,0.006284666901610447,0.01629713877389427,0.018286741227822867,0.010997451284321613,0.0022617505103492974,0.005735197902849376
Taiwan Credit Card Default,R1_F1,1,1,pay_4,1,1,0.004717447266061492,0.007896153733371047,0.01172780340772056,0.0066398640859488545,0.0011130748112624655,0.0032758212770329642
Taiwan Credit Card Default,R1_F1,1,1,pay_4,2,1,0.0019886788464451577,0.005106654954714074,0.014889762378655802,0.007940644930758634,0.0007345088975286296,0.0019803064018344974
Taiwan Credit Card Default,R1_F1,1,1,pay_4,3,1,0.0041943862811099075,0.012241730293757302,0.010750411446902364,0.005977652845225889,0.0010913711645845758,0.0032313666599780855
Taiwan Credit Card Default,R1_F1,1,1,pay_4,4,1,0.003338297258977163,0.0086900270034167,0.014780015799395751,0.008283571369438025,0.0010510396833883218,0.0028739751009725922
Taiwan Credit Card Default,R1_F1,1,1,pay_4,5,1,0.0021201394349369407,0.006483219829861553,0.010571210683261889,0.006492042503245199,0.0007067620529208618,0.0020446313880539413
Taiwan Credit Card Default,R1_F1,1,1,pay_5,1,1,0.000406979731018664,-0.000206166551373399,0.004643663280694821,0.0038254458616336917,0.00022400525927113168,0.0006810887654618014
Taiwan Credit Card Default,R1_F1,1,1,pay_5,2,1,0.00041336051876128543,0.003921575975324387,0.004109214590722832,0.0030981996689188884,0.00051599733490576,0.0013188952340276727
Taiwan Credit Card Default,R1_F1,1,1,pay_5,3,1,0.0025550964660577824,0.004313238357654403,0.00721796559450838,0.004570443733068363,0.0007104619692587799,0.002060719966582969
Taiwan Credit Card Default,R1_F1,1,1,pay_5,4,1,0.0001992769094998348,0.003443843401394253,0.0021961862679841793,0.0027375215515196283,0.00048016498493427817,0.001072922324101
Taiwan Credit Card Default,R1_F1,1,1,pay_5,5,1,0.0004685788742260222,0.003685333391116541,0.0047781289066103905,0.003482519422954189,0.0005972642889054414,0.0015134441329130999
Taiwan Credit Card Default,R1_F1,1,1,pay_6,1,1,0.0034090585589432454,0.0005657170872510608,0.004343039548092564,0.003547554374946138,0.00040861845503256666,0.0014865197668369468
Taiwan Credit Card Default,R1_F1,1,1,pay_6,2,1,0.003670670856389946,0.0012426911586849165,0.0017529354715082879,0.0028025565035114663,0.0005421484996763482,0.001801833957304988
Taiwan Credit Card Default,R1_F1,1,1,pay_6,3,1,0.0012707584204310063,0.0016121018950692179,0.0007123940001274032,0.002311808482128308,0.0003249306094476323,0.0009704980164369492
Taiwan Credit Card Default,R1_F1,1,1,pay_6,4,1,0.003510578528027497,0.0036753801587918744,0.0035346999667966728,0.0035061610595903403,0.0005613668581760656,0.001883288185187404
Taiwan Credit Card Default,R1_F1,1,1,pay_6,5,1,0.00252253808757652,0.004052504767814824,0.005174508118785892,0.004552692054348606,0.0005523502312805018,0.0017412532994730001
Taiwan Credit Card Default,R1_F1,1,1,limit_bal,1,1,0.017672900532681113,0.009371358388923001,0.006149115685707585,0.0061786476591180195,0.001529646127557155,0.006199069473745822
Taiwan Credit Card Default,R1_F1,1,1,limit_bal,2,1,0.016970441246197177,0.015292745257396545,0.011180964181964459,0.007047825476620195,0.002105029560457522,0.007519060508868303
Taiwan Credit Card Default,R1_F1,1,1,limit_bal,3,1,0.016882991732135144,0.012116611508812158,0.01408790907990587,0.010169666782175235,0.0017608759734751012,0.006805403985334191
Taiwan Credit Card Default,R1_F1,1,1,limit_bal,4,1,0.020776253914776777,0.014512604424798514,0.008842927748323681,0.0077159266752594435,0.0021505446661670424,0.008286947423094437
Taiwan Credit Card Default,R1_F1,1,1,limit_bal,5,1,0.011565014173529176,0.009199270986475883,-0.001099538869168859,0.0025719482900961044,0.0012116262320125137,0.00497761989890011
Taiwan Credit Card Default,R1_F1,1,1,age,1,1,0.001096350222133169,0.002299285629843717,0.002362905000655391,0.0012593875294537593,0.0003537162613495848,0.0009388908614987868
Taiwan Credit Card Default,R1_F1,1,1,age,2,1,0.001049230558803127,0.0007125403775859462,0.011478159825169643,0.006190509379921494,0.0004281229912402318,0.000981963771113703
Taiwan Credit Card Default,R1_F1,1,1,age,3,1,0.0015091381060970965,0.0017324812853005689,0.003323678726904755,0.0007863911867904694,0.0004418875525972199,0.0011351032856994347
Taiwan Credit Card Default,R1_F1,1,1,age,4,1,0.0027335131079376795,0.005062773632801276,0.0071550681144811334,0.003606699369021915,0.0005548367417145539,0.0016105772182061218
Taiwan Credit Card Default,R1_F1,1,1,age,5,1,0.0006570575275460788,7.943261557197268e-05,0.007037264753127492,0.003949625807701307,0.00037962731881682754,0.00097467157777964
Taiwan Credit Card Default,R1_F1,1,1,bill_amt1,0,0,0.0,0.0,0.0,0.0,0.0,0.0
Taiwan Credit Card Default,R1_F1,1,1,bill_amt2,1,1,0.00842517577434132,0.00531002944772585,0.0019591011276752224,0.004215655573585275,0.0011508211413328306,0.004178910064320029
Taiwan Credit Card Default,R1_F1,1,1,bill_amt2,2,1,0.009466062226096361,0.0013963711190317918,0.010038105160243671,0.007863748257963099,0.001161137187894401,0.004465386667371007
Taiwan Credit Card Default,R1_F1,1,1,bill_amt2,3,1,0.006982790524628357,0.006815885893481033,0.00027916815177136955,0.00413286894287368,0.0010217653404543114,0.0037230701827409285
Taiwan Credit Card Default,R1_F1,1,1,bill_amt2,4,1,0.008478349005529684,0.004674689789469499,0.006505530510719781,0.007248820290512326,0.0010007194275236941,0.003968892878167096
Taiwan Credit Card Default,R1_F1,1,1,bill_amt2,5,1,0.008889991619898674,0.004905465378692853,0.0057854816091427175,0.007828244900523473,0.0010897501287694955,0.0042215013591178074
Taiwan Credit Card Default,R1_F1,1,1,bill_amt3,0,0,0.0,0.0,0.0,0.0,0.0,0.0
Taiwan Credit Card Default,R1_F1,1,1,bill_amt4,0,0,0.0,0.0,0.0,0.0,0.0,0.0
Taiwan Credit Card Default,R1_F1,1,1,bill_amt5,0,0,0.0,0.0,0.0,0.0,0.0,0.0
Taiwan Credit Card Default,R1_F1,1,1,bill_amt6,0,0,0.0,0.0,0.0,0.0,0.0,0.0
Taiwan Credit Card Default,R1_F1,1,1,pay_amt1,1,1,0.010727167659942638,0.007052864767502887,0.001833094595695861,0.0077277065910918985,0.001403574697507487,0.005180745535137532
Taiwan Credit Card Default,R1_F1,1,1,pay_amt1,2,1,0.005536969466130914,0.004464071288964533,-0.0025990125263677943,0.0067284588696058245,0.0006151723794573238,0.002841484521909854
Taiwan Credit Card Default,R1_F1,1,1,pay_amt1,3,1,0.0088911368894935,0.006863278059990541,0.0020148881141985875,0.008177061297119259,0.0012812437946232436,0.004566934913699805
Taiwan Credit Card Default,R1_F1,1,1,pay_amt1,4,1,0.009981597153710386,0.004414074318513372,0.0025429266778042026,0.009525125415201119,0.0009400697307207773,0.004093828987410952
Taiwan Credit Card Default,R1_F1,1,1,pay_amt1,5,1,0.006866136635898079,0.007104681384298206,-0.0011917972538637023,0.006704817232969784,0.000983619372841582,0.0037262063977580584
Taiwan Credit Card Default,R1_F1,1,1,pay_amt2,1,1,0.008974577959973806,0.009157963678750547,0.00040381579649556576,0.005545968012947378,0.0011428333646466282,0.004354398513529589
Taiwan Credit Card Default,R1_F1,1,1,pay_amt2,2,1,0.007324980718568241,0.005005565934072198,0.009845049878509537,0.01013416342473561,0.000903955347901747,0.003596408737599255
Taiwan Credit Card Default,R1_F1,1,1,pay_amt2,3,1,0.009845064657012959,0.008629493468390925,0.002613345347268925,0.006356000836373998,0.0013010097764222794,0.004891825123224225
Taiwan Credit Card Default,R1_F1,1,1,pay_amt2,4,1,0.00736580139912657,0.00973592956063507,0.01085601231369876,0.009832630301412015,0.0011549277505283895,0.0040825088722717395
Taiwan Credit Card Default,R1_F1,1,1,pay_amt2,5,1,0.00721348054301485,0.006918362832941782,0.003086326331637357,0.006290965884382049,0.000994286321636173,0.0037184759262561817
Taiwan Credit Card Default,R1_F1,1,1,pay_amt3,1,1,0.006054140493166105,0.00465637988887968,-0.0013280259955690266,0.004670900237528919,0.0005426314546415623,0.002568747108807168
Taiwan Credit Card Default,R1_F1,1,1,pay_amt3,2,1,0.006987780627862872,0.002636653331177352,0.012769371915097916,0.012120797146904394,0.0008090526578716228,0.0030689932303151757
Taiwan Credit Card Default,R1_F1,1,1,pay_amt3,3,1,0.00920444992864966,0.00968578836995404,0.003195730891269122,0.006911783809749106,0.0009515889339688777,0.0038116948118440686
Taiwan Credit Card Default,R1_F1,1,1,pay_amt3,4,1,0.008892445769030477,0.00989401340054663,0.009930720924860359,0.009962700205395913,0.0011481998520883607,0.004134788747560403
Taiwan Credit Card Default,R1_F1,1,1,pay_amt3,5,1,0.009308342241894696,0.00670302314915916,0.008576703348586623,0.00919406069732509,0.0009714043727363231,0.0039810487739865286
Taiwan Credit Card Default,R1_F1,1,1,pay_amt4,1,1,0.00720628170556159,0.0052201344706432895,-0.0030015388830800793,0.005208931532184158,0.0006505834529058618,0.0029748747555942145
Taiwan Credit Card Default,R1_F1,1,1,pay_amt4,2,1,0.007429282056668485,0.004212209420133228,0.00619844103972278,0.009519235457284836,0.0006793597750628932,0.003057111319429151
Taiwan Credit Card Default,R1_F1,1,1,pay_amt4,3,1,0.008893263818741004,0.00887283219435131,-0.0018118366947677544,0.004735935189520868,0.0010570429530699643,0.0041687358847578015
Taiwan Credit Card Default,R1_F1,1,1,pay_amt4,4,1,0.004585823067627337,0.0006901930421870928,0.005606182033681462,0.008171171339202976,0.0003756354306471976,0.001928244999317763
Taiwan Credit Card Default,R1_F1,1,1,pay_amt4,5,1,0.005749007951115881,0.002609230598603407,-0.0004812599638920334,0.006296855842298221,0.00042702451711962297,0.0023056018127167732
Taiwan Credit Card Default,R1_F1,1,1,pay_amt5,1,1,0.0023369226082434746,0.004223189103096603,0.0071203275737307115,0.006840858899840985,0.00047115420997578816,0.0015144706161880905
Taiwan Credit Card Default,R1_F1,1,1,pay_amt5,2,1,0.0021783845743310604,0.003134252979634211,0.0013688297574956376,0.003659872600210168,0.0004431360079380775,0.0014620671407252206
Taiwan Credit Card Default,R1_F1,1,1,pay_amt5,3,1,0.00020475784256068774,0.00021851901772163007,0.0024659975995475203,0.0049429017663001895,4.003740519370469e-06,0.0002476198290966569
Taiwan Credit Card Default,R1_F1,1,1,pay_amt5,4,1,0.002090362425471448,0.0021740246643613403,0.009965672345065124,0.008035211477302795,0.0003835816414737847,0.0012824872612789973
Taiwan Credit Card Default,R1_F1,1,1,pay_amt5,5,1,0.001834312866056731,0.002182395854468222,-0.0025230254028960064,0.0019747720013650882,0.00023816541155516346,0.0011080145575650402
Taiwan Credit Card Default,R1_F1,1,1,pay_amt6,1,1,0.003490454505146956,0.005385603517515158,0.0016233529066697616,0.004901508450944281,0.00045676221513207826,0.001691201458635605
Taiwan Credit Card Default,R1_F1,1,1,pay_amt6,2,1,0.0014497476971080392,0.004589803555397953,0.0077177929018859,0.006432897509169422,0.00048342119412991824,0.001380276672419578
Taiwan Credit Card Default,R1_F1,1,1,pay_amt6,3,1,0.002883379814917819,0.005674260815615284,0.003164101111453821,0.004363477156289042,0.00041396539799923304,0.0017073673130680311
Taiwan Credit Card Default,R1_F1,1,1,pay_amt6,4,1,0.0010624011591436888,0.004337343850444042,0.0009510853757350168,0.00451718869690898,0.0003271454212082636,0.001044805937808202
Taiwan Credit Card Default,R1_F1,1,1,pay_amt6,5,1,0.0026520353567628385,0.0026273144229088663,0.0038353240286833623,0.004747796910324453,0.0005563660916106383,0.0017476576131323918
Taiwan Credit Card Default,R1_F2,1,2,sex,1,1,0.0011700035067220282,0.00038122936915530037,0.001699666186604054,0.0008547033226592449,0.00020722897667660445,0.0007288007107131289
Taiwan Credit Card Default,R1_F2,1,2,sex,2,1,0.0006739932451487185,0.0018481754796891847,0.00028246308708107515,0.0002663729105246704,0.00020213648235034576,0.0006273933772449336
Taiwan Credit Card Default,R1_F2,1,2,sex,3,1,0.0017973955290416788,0.0023463395567616674,-0.000565262620569551,-0.0005327458210493408,0.0002463960848869684,0.0007564096756103589
Taiwan Credit Card Default,R1_F2,1,2,sex,4,1,-0.0001540005986773174,0.00023914501584243464,-0.003298474707149779,-0.0018684603886396367,0.00016783065932821084,0.0004057565449007705
Taiwan Credit Card Default,R1_F2,1,2,sex,5,1,-0.0004149995299773668,0.0017121520005569657,0.002261028176154367,0.0006439150032195862,0.0002370723973100508,0.00044169126427962
Taiwan Credit Card Default,R1_F2,1,2,education,1,1,0.0050995052409932295,0.0031643855813694444,-0.002358247713378614,-0.0012283954003871056,0.0006245346569644927,0.0020060764010734755
Taiwan Credit Card Default,R1_F2,1,2,education,2,1,0.003221259397645837,0.005741452223329335,-0.0016985824907929659,-0.0008547033226591338,0.0006027814110126928,0.0019829399787919533
Taiwan Credit Card Default,R1_F2,1,2,education,3,1,0.007117875587408062,0.004982551871879792,-0.00047524961165607005,5.1734576118178666e-05,0.0008763699482956522,0.0030269334591878083
Taiwan Credit Card Default,R1_F2,1,2,education,4,1,0.006984087567307173,0.0044652172484692665,-0.0025434976284200994,-0.001653822054233256,0.000671115258141064,0.002635799047465248
Taiwan Credit Card Default,R1_F2,1,2,education,5,1,0.003929180899690743,0.0009645517910857881,-0.0026560190085123114,-0.0007512341704227765,0.0001800383708652209,0.0010999038105213854
Taiwan Credit Card Default,R1_F2,1,2,marriage,1,1,0.002004012998933935,0.0032271295546837386,0.006694427266443259,0.002834332893469127,0.00040020397653578454,0.0012967190313992183
Taiwan Credit Card Default,R1_F2,1,2,marriage,2,1,0.0009065983160675417,0.0007994710128012006,0.00028246308708107515,0.0002663729105246704,0.00019974967538319288,0.0006893927312754955
Taiwan Credit Card Default,R1_F2,1,2,marriage,3,1,0.00011253272913758217,0.002862221420916522,-0.0015075011405847882,-0.001172810809301983,0.00017158119442456377,0.00047823933149410136
Taiwan Credit Card Default,R1_F2,1,2,marriage,4,1,-0.0006058961054211665,0.0009134210606549509,-0.0032152646582869204,-0.0012839799914721173,9.772264862142888e-05,0.00019468796285809775
Taiwan Credit Card Default,R1_F2,1,2,marriage,5,1,-0.00017982778241376618,0.000923181212780233,-0.002358247713378614,-0.0012283954003871056,-1.9110823523987852e-05,1.0546863518257066e-05
Taiwan Credit Card Default,R1_F2,1,2,pay_0,1,1,0.07702436193220707,0.19256182057272803,0.19760547763044348,0.09054898325917249,0.028616260235303087,0.06669890032945419
Taiwan Credit Card Default,R1_F2,1,2,pay_0,2,1,0.08470145219356207,0.19388932697873357,0.20991283901531366,0.09653190651778665,0.02997275290413473,0.07056046750704764
Taiwan Credit Card Default,R1_F2,1,2,pay_0,3,1,0.08771216389770375,0.2136019352977544,0.21411413832395335,0.0990365818797121,0.03167073990768923,0.07409120486089443
Taiwan Credit Card Default,R1_F2,1,2,pay_0,4,1,0.0774092832202552,0.20373670431446578,0.20045340582492432,0.09225453988952381,0.030125453456301604,0.06921745075945535
Taiwan Credit Card Default,R1_F2,1,2,pay_0,5,1,0.07617423050232108,0.1892923659934238,0.1758116108848424,0.08012963962897413,0.027796756069995265,0.06532870500655857
Taiwan Credit Card Default,R1_F2,1,2,pay_2,1,1,0.005833253926774584,0.011800620474905599,0.008442267173169093,0.010488162647732335,0.0017322322263639278,0.004662430798452077
Taiwan Credit Card Default,R1_F2,1,2,pay_2,2,1,0.0035122563622299596,0.019701971942077234,0.007599144851515083,0.009104563518990694,0.002080048344390739,0.004881082384700752
Taiwan Credit Card Default,R1_F2,1,2,pay_2,3,1,0.004299183379742,0.004935239920011658,0.006548859328302958,0.009208032671227051,0.001556832244253098,0.003926512076959432
Taiwan Credit Card Default,R1_F2,1,2,pay_2,4,1,0.004297178163613413,0.008382580790982197,0.0075663996101949516,0.008520083121823174,0.001773633517943518,0.0043324566398829645
Taiwan Credit Card Default,R1_F2,1,2,pay_2,5,1,0.006774502377544622,0.01520188635996722,0.015699818709941915,0.013588868451726133,0.0023345796072223868,0.00590512504740337
Taiwan Credit Card Default,R1_F2,1,2,pay_3,1,1,0.001656869982748721,0.011779177776166772,0.013190869042073727,0.00911996357885847,0.001325132636031373,0.002853026979029838
Taiwan Credit Card Default,R1_F2,1,2,pay_3,2,1,0.0047424163528102525,0.004567349676380172,0.012905720198861437,0.0088535906683338,0.0013259391430011092,0.0034203464120617366
Taiwan Credit Card Default,R1_F2,1,2,pay_3,3,1,0.0031941488755871106,0.007941380450103619,0.0092761194539151,0.00671875736916927,0.0013858701035862064,0.003346284077145101
Taiwan Credit Card Default,R1_F2,1,2,pay_3,4,1,0.004633493012703993,0.010436038585080576,0.011362574911290446,0.008424313999520705,0.0014747929314443409,0.0036317399423810848
Taiwan Credit Card Default,R1_F2,1,2,pay_3,5,1,0.004427035960102299,0.006614491217494245,0.008192564151810189,0.006981280264727108,0.0012063789908477174,0.0030542831874099674
Taiwan Credit Card Default,R1_F2,1,2,pay_4,1,1,0.0017466234566654304,0.0004816283867256077,0.0033820662771569254,0.0031964749262962666,0.00058936104441773,0.0014754815403393295
Taiwan Credit Card Default,R1_F2,1,2,pay_4,2,1,0.0015572508454793077,0.004768399075856133,0.004538122768528663,0.0027748982874171713,0.0006745305811761415,0.001618686827764837
Taiwan Credit Card Default,R1_F2,1,2,pay_4,3,1,0.0008481262137571832,0.005522934431027804,0.00614269989500027,0.004532189493886785,0.0005342247036368986,0.0013888516338969592
Taiwan Credit Card Default,R1_F2,1,2,pay_4,4,1,0.0023118537789982296,0.004333118691923654,0.004911748266815508,0.003625751595109361,0.0006292364273459417,0.0014100288773316594
Taiwan Credit Card Default,R1_F2,1,2,pay_4,5,1,0.002952881270992469,5.7766786587643004e-05,0.002538092686431237,0.0023973561947222555,0.0006038765591279971,0.0017055469828684
Taiwan Credit Card Default,R1_F2,1,2,pay_5,1,1,0.0025073222472151713,0.0065503326204241485,0.0011102387471202957,0.001809025782587792,0.0008339572896218506,0.002187468737285314
Taiwan Credit Card Default,R1_F2,1,2,pay_5,2,1,0.0021955512435388735,0.011624064859693695,0.00414773162743054,0.0034111132607028694,0.0008402025837435656,0.0022531736440010164
Taiwan Credit Card Default,R1_F2,1,2,pay_5,3,1,0.0010652510161633932,0.0008641320764101179,0.005940916119247741,0.004850296980529523,0.0006069176571052715,0.0012728962247547382
Taiwan Credit Card Default,R1_F2,1,2,pay_5,4,1,0.001077282312934913,0.0017146923286658344,0.005658947169301987,0.004583924070004852,0.0006061524900635162,0.0015846386650210098
Taiwan Credit Card Default,R1_F2,1,2,pay_5,5,1,0.0006869870456621685,0.006586709759729081,0.0006233294945507395,0.0018607603587059707,0.0005740654486453001,0.001306559351805292
Taiwan Credit Card Default,R1_F2,1,2,pay_6,1,1,0.00311795066269982,0.005208128661998601,0.004529945551082881,0.0035184324279060597,0.0005919848254380411,0.0017641224376410136
Taiwan Credit Card Default,R1_F2,1,2,pay_6,2,1,0.0010848219255785718,0.0021295619929185827,0.005674123935132391,0.003840389929515853,0.0002818220503948976,0.000721125444007209
Taiwan Credit Card Default,R1_F2,1,2,pay_6,3,1,0.0004981758949921256,0.00321334803073714,0.0034834547028161356,0.0030374211829748976,0.00035963616420905953,0.0009276638326413122
Taiwan Credit Card Default,R1_F2,1,2,pay_6,4,1,0.001335714567590407,0.0047706445150133,0.005201560721951659,0.003148590365145143,0.00040278337496471583,0.0009464442890111391
Taiwan Credit Card Default,R1_F2,1,2,pay_6,5,1,0.0008409074356942048,0.003270389059513601,0.00462878018556534,0.0033593786845846907,0.00029139229568447833,0.0009351037798002171
Taiwan Credit Card Default,R1_F2,1,2,limit_bal,1,1,0.01910241071895491,0.013534569245665762,0.013450161490899892,0.010129870629872029,0.0025058719821072495,0.009042295160988367
Taiwan Credit Card Default,R1_F2,1,2,limit_bal,2,1,0.01841638617703467,0.014578889345217672,0.009035028820979008,0.007780398996301119,0.002609538182868326,0.009080536703345021
Taiwan Credit Card Default,R1_F2,1,2,limit_bal,3,1,0.016148807570156132,0.01238376174005762,0.008032006575740158,0.007883868148537476,0.002062710737847112,0.007541613077846787
Taiwan Credit Card Default,R1_F2,1,2,limit_bal,4,1,0.018751417687802863,0.01532573740585641,0.01048270797869566,0.008368729408435582,0.002442703491602388,0.008864654650710846
Taiwan Credit Card Default,R1_F2,1,2,limit_bal,5,1,0.018368421407238156,0.014212831580889707,0.005790761653115706,0.00708089940199641,0.002433694180084156,0.008676197218954351
Taiwan Credit Card Default,R1_F2,1,2,age,1,1,0.0019021480196004248,0.001207785419227947,-0.004055039777732972,-0.0020830987230462394,0.00021979726486981432,0.0009147211960851553
Taiwan Credit Card Default,R1_F2,1,2,age,2,1,0.003344459876587713,0.007086086784018009,0.0028330992275691913,0.0019201949647580374,0.0007294657037395236,0.0023523349263006033
Taiwan Credit Card Default,R1_F2,1,2,age,3,1,0.0004265495748781989,0.0037963125282584054,0.001885178371028584,0.0005365958360163958,0.00024153198445076018,0.0007252857547899172
Taiwan Credit Card Default,R1_F2,1,2,age,4,1,0.0004612799182256433,0.0038133242697325764,0.0007552608645864378,0.00021463833440660274,0.00034539403861350015,0.000849770739073219
Taiwan Credit Card Default,R1_F2,1,2,age,5,1,0.0019339908517227444,0.0012016029316455068,0.001885178371028584,0.0005365958360163958,0.0004537055862612882,0.0012940498693462255
Taiwan Credit Card Default,R1_F2,1,2,bill_amt1,1,1,0.017600584047270496,0.018919284840228534,0.004684533648879774,0.0060154077598977285,0.0028904773011910745,0.010359123642245116
Taiwan Credit Card Default,R1_F2,1,2,bill_amt1,2,1,0.014836914970173587,0.016254580123344464,0.005790761653115706,0.00708089940199641,0.002544355472946014,0.008917444513733053
Taiwan Credit Card Default,R1_F2,1,2,bill_amt1,3,1,0.01820728223914303,0.021084168829595407,0.005790761653115706,0.00708089940199641,0.002841517059381904,0.010496921895233324
Taiwan Credit Card Default,R1_F2,1,2,bill_amt1,4,1,0.017372791495060214,0.013982537582702625,0.007083505090593689,0.007243803160284834,0.0024946359872324575,0.009255859623992557
Taiwan Credit Card Default,R1_F2,1,2,bill_amt1,5,1,0.015310466811106371,0.014833983521700733,0.011669168173429334,0.010018701447701894,0.0025047269787874527,0.008900315308677575
Taiwan Credit Card Default,R1_F2,1,2,bill_amt2,0,0,0.0,0.0,0.0,0.0,0.0,0.0
Taiwan Credit Card Default,R1_F2,1,2,bill_amt3,0,0,0.0,0.0,0.0,0.0,0.0,0.0
Taiwan Credit Card Default,R1_F2,1,2,bill_amt4,0,0,0.0,0.0,0.0,0.0,0.0,0.0
Taiwan Credit Card Default,R1_F2,1,2,bill_amt5,0,0,0.0,0.0,0.0,0.0,0.0,0.0
Taiwan Credit Card Default,R1_F2,1,2,bill_amt6,0,0,0.0,0.0,0.0,0.0,0.0,0.0
Taiwan Credit Card Default,R1_F2,1,2,pay_amt1,1,1,0.010838514009723133,0.006501982986512389,0.004269326655285344,0.008989544321853615,0.0012712210182933004,0.00495621088613063
Taiwan Credit Card Default,R1_F2,1,2,pay_amt1,2,1,0.010221549111272155,0.010254462545973952,0.0003716972225589754,0.006588338112164416,0.001671364078023374,0.00592158754811245
Taiwan Credit Card Default,R1_F2,1,2,pay_amt1,3,1,0.0089475149917978,0.008116727492869402,-0.0008330987954601188,0.005681900213387103,0.0011635171712195969,0.004253952509338799
Taiwan Credit Card Default,R1_F2,1,2,pay_amt1,4,1,0.00859251152838858,0.002286524520066946,0.0010429348076765321,0.0069620301898923875,0.0011032102282615142,0.00424870912047709
Taiwan Credit Card Default,R1_F2,1,2,pay_amt1,5,1,0.008077251191980661,0.006124017649478453,-0.00043050941586147973,0.005789219380590405,0.0009312568290515411,0.0041230855001114786
Taiwan Credit Card Default,R1_F2,1,2,pay_amt2,1,1,0.007973140370583276,0.004793749128946478,0.002680539256254222,0.004894331526713813,0.0013674344581102171,0.004314339299826664
Taiwan Credit Card Default,R1_F2,1,2,pay_amt2,2,1,0.001620134423272579,0.0005889740568775226,0.0018963819125134007,0.0046796931923073215,0.0004435080282267079,0.0015876976819005906
Taiwan Credit Card Default,R1_F2,1,2,pay_amt2,3,1,0.004459039209514848,-0.00024618560795452993,0.0006798804745217768,0.003773255293530009,0.0005707429777186412,0.0020814609113115057
Taiwan Credit Card Default,R1_F2,1,2,pay_amt2,4,1,0.006352765321375076,0.0012738594789288848,0.0005956672977446287,0.0045167894340190085,0.0006106548136928514,0.002831947844309346
Taiwan Credit Card Default,R1_F2,1,2,pay_amt2,5,1,0.0056538271875864465,-0.0003627749007172332,-0.004193044984778682,0.0020599986332447973,0.0003547928070811446,0.0019639742699806284
Taiwan Credit Card Default,R1_F2,1,2,pay_amt3,1,1,0.0038797723742817203,0.0059874632559044905,0.0028738237155078172,0.005904238577727483,0.0009763143543771724,0.003026143818103122
Taiwan Credit Card Default,R1_F2,1,2,pay_amt3,2,1,0.006093851814848894,0.006424876279364056,0.007083505090593689,0.007243803160284834,0.0011673385960974114,0.003687027765837292
Taiwan Credit Card Default,R1_F2,1,2,pay_amt3,3,1,0.003686790374064164,0.004085817096832534,0.004607853103645976,0.006758941900386617,0.000528514349829895,0.002049614200603289
Taiwan Credit Card Default,R1_F2,1,2,pay_amt3,4,1,0.009747034766597551,0.011421618280058055,0.004243616589306498,0.005323608195526908,0.0016019583929579306,0.005303794608125856
Taiwan Credit Card Default,R1_F2,1,2,pay_amt3,5,1,0.008339212627022419,0.009266551984386417,0.009765375949939481,0.008738571471196721,0.0012817445683309947,0.004314935013722765
Taiwan Credit Card Default,R1_F2,1,2,pay_amt4,1,1,0.004184083973959862,0.0013861830276850062,0.0012291938752896359,0.00430600111457935,0.000612342714446823,0.0020367443926075923
Taiwan Credit Card Default,R1_F2,1,2,pay_amt4,2,1,0.004347228358183686,0.001020492105349824,-0.0009869561402252591,0.004087512765205914,0.00031166654314190856,0.0017368897318720822
Taiwan Credit Card Default,R1_F2,1,2,pay_amt4,3,1,0.005527739197419446,0.009358492669246488,0.008535384935229262,0.007832133572419298,0.0010517006782254923,0.0035190198498926684
Taiwan Credit Card Default,R1_F2,1,2,pay_amt4,4,1,0.006230687763465359,0.005482677106405487,0.001462089478596218,0.003987893627936501,0.0008421410289914111,0.003063554250374634
Taiwan Credit Card Default,R1_F2,1,2,pay_amt4,5,1,0.0038991828664066697,0.003429826027587568,0.006377599016055391,0.008198125620213381,0.0007481765558393916,0.002395121944987977
Taiwan Credit Card Default,R1_F2,1,2,pay_amt5,1,1,0.0008639273168506989,0.002717547887784,0.0029622546744405565,0.0038326898995820757,0.0004654310503918735,0.0011861829398375767
Taiwan Credit Card Default,R1_F2,1,2,pay_amt5,2,1,0.0020251880812520717,0.006049699137060327,0.0040466419004236975,0.0035701670040242384,0.0007829221129422304,0.002063942088284476
Taiwan Credit Card Default,R1_F2,1,2,pay_amt5,3,1,0.0008735523542681145,-0.00046040889271148355,0.00440067731998478,0.004421020311716539,0.00040894349004441666,0.0009690238988990241
Taiwan Credit Card Default,R1_F2,1,2,pay_amt5,4,1,0.0005387614694351006,0.0005526655322963814,0.00858018700986668,0.007088599431930298,0.00035053951184277343,0.0007292965401849982
Taiwan Credit Card Default,R1_F2,1,2,pay_amt5,5,1,0.0009986778406935182,0.003442223723060356,0.0009670947763218973,0.0027116136663981605,0.0006185958171468775,0.0014958545319957994
Taiwan Credit Card Default,R1_F2,1,2,pay_amt6,1,1,0.0036046567214362835,0.00475641177119468,0.0016705881719786264,0.0023417716036371328,0.0005670541292537856,0.0019044973368325668
Taiwan Credit Card Default,R1_F2,1,2,pay_amt6,2,1,0.004053023047793647,0.002608357524236493,0.008807678635127547,0.006026957804798561,0.0007010711999521635,0.002060390078878538
Taiwan Credit Card Default,R1_F2,1,2,pay_amt6,3,1,0.0017896954991080127,0.002963125881662032,0.0027178468494065133,0.002822782848568295,0.0002801673911948521,0.0010356379695700135
Taiwan Credit Card Default,R1_F2,1,2,pay_amt6,4,1,0.00253379110011287,0.005665169807529957,0.006889420447498962,0.005490361968782165,0.0008157273548470012,0.0020256421351700915
Taiwan Credit Card Default,R1_F2,1,2,pay_amt6,5,1,0.0016452397292028298,-0.0022612893325719696,-0.0006957816010788043,0.002441390740906546,0.0002208973398750702,0.0007860828132804087
Taiwan Credit Card Default,R1_F3,1,3,sex,1,1,-2.201215201236284e-05,-0.0006378776840150202,-0.0007297266363471833,-0.00021294718909714572,0.00016874774601541298,0.00027909239685119935
Taiwan Credit Card Default,R1_F3,1,3,sex,2,1,0.0023866064370706708,0.0013262986304664048,-0.0006229824958201013,-0.0005527495949764205,0.00040100628645747816,0.0011969500785075082
Taiwan Credit Card Default,R1_F3,1,3,sex,3,1,0.0006575111332572936,-0.0010044740904988636,-5.364831188353625e-05,0.0001699012029396929,4.697408093284894e-05,0.00022146302487935365
Taiwan Credit Card Default,R1_F3,1,3,sex,4,1,0.0018703807091370317,0.00046109572870167703,0.004256698674694248,0.001617485540461927,0.0002825314016668412,0.0008093920340558891
Taiwan Credit Card Default,R1_F3,1,3,sex,5,1,0.0008690723720425897,-0.00021440129757988036,0.0032184491157433714,0.001128163553876682,0.0002035614408786024,0.0005744078502823435
Taiwan Credit Card Default,R1_F3,1,3,education,1,1,0.0029038104828715827,0.0006001337769228066,-0.005705099771103617,-0.003339161933782253,0.00017020322380859043,0.0009709561307278958
Taiwan Credit Card Default,R1_F3,1,3,education,2,1,0.0034429451541959644,0.006371822522497461,-0.0028050060371850316,-0.0024873731773937813,0.0007440405599333788,0.0025641550923776735
Taiwan Credit Card Default,R1_F3,1,3,education,3,1,0.0033713648969113663,0.0035038045145106,-0.00031146613142418733,-0.00027637479748821026,0.0005301089734787434,0.0018372494237375303
Taiwan Credit Card Default,R1_F3,1,3,education,4,1,0.004916454915199431,0.002039782306944571,-0.0008989359289336418,0.000296756419721822,0.0005228548444755066,0.002142315489322477
Taiwan Credit Card Default,R1_F3,1,3,education,5,1,0.0028621504470260906,0.0023130498817358625,-0.003603625585243797,-0.0012346371484250884,0.0006778902487483973,0.0021115377713808448
Taiwan Credit Card Default,R1_F3,1,3,marriage,1,1,0.0012589320421276806,0.0033265055763442852,0.005742679963283814,0.0018734787157164146,0.000491738831624039,0.00136863947486493
Taiwan Credit Card Default,R1_F3,1,3,marriage,2,1,0.0015652270610547747,0.001479633293075322,-0.0014105217429420391,-0.001891577596259908,0.00020762752945935325,0.0007216173896701927
Taiwan Credit Card Default,R1_F3,1,3,marriage,3,1,0.00031599667111037455,0.0006500339833612756,0.0,0.0,5.7757289678689316e-05,0.00047317614789421647
Taiwan Credit Card Default,R1_F3,1,3,marriage,4,1,0.0012061844037869474,0.0032352530876350594,-0.005705099771103617,-0.003339161933782253,0.00023064291433849693,0.0007862034154442199
Taiwan Credit Card Default,R1_F3,1,3,marriage,5,1,0.0023860357516480857,0.003535728471415589,-0.0018197026870545585,-0.0018281499878688434,0.00048088285277211873,0.0015275347026155184
Taiwan Credit Card Default,R1_F3,1,3,pay_0,1,1,0.07396629303620295,0.1743159340181949,0.17577293918928322,0.08205885690731551,0.025802437573294063,0.060451121363044646
Taiwan Credit Card Default,R1_F3,1,3,pay_0,2,1,0.07987932775213868,0.18591412133710977,0.17805083042391634,0.08250741564943354,0.027041425945605713,0.06367545473581943
Taiwan Credit Card Default,R1_F3,1,3,pay_0,3,1,0.08510289295115459,0.1864788591019645,0.1844990560242879,0.08601647878615537,0.028069072037026688,0.06700364692804767
Taiwan Credit Card Default,R1_F3,1,3,pay_0,4,1,0.08592337553579199,0.1889648260055038,0.1830277822789289,0.0852507820020818,0.028714876792485994,0.06844041478366253
Taiwan Credit Card Default,R1_F3,1,3,pay_0,5,1,0.08309236820753907,0.19365800201033806,0.18127637249982678,0.08414528281212896,0.028278000279118393,0.06690345059617997
Taiwan Credit Card Default,R1_F3,1,3,pay_2,1,1,0.00906615320196913,0.018469802435208904,0.01049073230708536,0.009566644317538509,0.0020442432319385806,0.005570046021675323
Taiwan Credit Card Default,R1_F3,1,3,pay_2,2,1,0.005081056896358183,0.011695481009193043,-0.006386904136759353,0.0021837685326013823,0.0008956721527513811,0.003094157533830799
Taiwan Credit Card Default,R1_F3,1,3,pay_2,3,1,0.004369412174448417,0.013372967788514156,-0.0019641469901510167,0.006329390494924425,0.0011294000447276131,0.00304709466205777
Taiwan Credit Card Default,R1_F3,1,3,pay_2,4,1,0.0030279753255189057,0.0011951704709114441,0.002821024786999804,0.0074371724265674954,0.0004137678835975378,0.001399077761338241
Taiwan Credit Card Default,R1_F3,1,3,pay_2,5,1,0.00409426027429427,0.008878610557128352,0.0017869597769676893,0.00599187083073538,0.0009429761079947918,0.0025678609008221165
Taiwan Credit Card Default,R1_F3,1,3,pay_3,1,1,0.006085870872476917,0.014290015868034578,0.00199721051999896,0.0035702080034227812,0.0013078071780535105,0.0038374274804137687
Taiwan Credit Card Default,R1_F3,1,3,pay_3,2,1,0.003955420663638742,0.013322487694983343,0.004853709913640203,0.004761799165690528,0.00105710851080984,0.0027804292046164636
Taiwan Credit Card Default,R1_F3,1,3,pay_3,3,1,0.0029416387737372096,-0.00034216713187251724,0.005597820618013449,0.0049747463547875626,0.00019012731518663895,0.000865568657128224
Taiwan Credit Card Default,R1_F3,1,3,pay_3,4,1,0.003065477510428849,0.0072739454218763155,0.00012204160781359441,0.0030378400306800835,0.0008412510764389813,0.0021371666779763654
Taiwan Credit Card Default,R1_F3,1,3,pay_3,5,1,0.001396467228960252,0.0035288171370519983,0.0077703695643803194,0.006909369937205034,0.00021641852446402376,0.0007505538428935754
Taiwan Credit Card Default,R1_F3,1,3,pay_4,1,1,0.002582514589980378,0.011222943527418705,0.009764611021723824,0.005806153488942423,0.0007301227252299036,0.002068546530016091
Taiwan Credit Card Default,R1_F3,1,3,pay_4,2,1,0.0015489217632680408,0.002118224986946249,0.007984095026087268,0.005103884313260032,0.00024961910551601907,0.000896685779182671
Taiwan Credit Card Default,R1_F3,1,3,pay_4,3,1,-0.000199413791934,0.004107462709121212,0.0010163290254633361,0.0017851040017113906,0.0002340625794459983,0.0004793483552079092
Taiwan Credit Card Default,R1_F3,1,3,pay_4,4,1,0.0008501582266097207,0.007963692129441702,0.010552698308607278,0.00714498149022591,0.00036895676206630257,0.0010199687923056477
Taiwan Credit Card Default,R1_F3,1,3,pay_4,5,1,0.0005486732705295427,0.010047908488847068,0.005832262093419527,0.004295141543029013,0.0005631000213386084,0.0014456370866725576
Taiwan Credit Card Default,R1_F3,1,3,pay_5,1,1,0.0012078149335655874,-0.002309942384261854,0.000523406057722664,0.002018432813042148,5.317647179173268e-05,0.0003468788070947193
Taiwan Credit Card Default,R1_F3,1,3,pay_5,2,1,-0.001184416831241597,-0.001693312154725235,0.00015205486549979552,0.0019119592184935197,-0.00016411191515633416,-0.0006090194763461176
Taiwan Credit Card Default,R1_F3,1,3,pay_5,3,1,0.00025607470174349167,0.0039334979631019396,0.0031174840002528015,0.0038896287870684443,0.00013677122550273535,0.00045564114579810244
Taiwan Credit Card Default,R1_F3,1,3,pay_5,4,1,-6.78300387935149e-05,0.0040252112885140745,0.0010090039226751113,0.0029109848138978434,0.00030465947271149374,0.000572181120689963
Taiwan Credit Card Default,R1_F3,1,3,pay_5,5,1,1.1495234939817855e-05,-0.0004034770256691189,0.00813361292213699,0.00588996271956721,0.00014013165020981821,0.0002717213650854089
Taiwan Credit Card Default,R1_F3,1,3,pay_6,1,1,0.002336304593398064,0.0024065150157318582,-0.0007095182693127589,0.000912933623089307,0.0004085164471753222,0.0012387153884330648
Taiwan Credit Card Default,R1_F3,1,3,pay_6,2,1,0.0031955937867684803,0.0028572974861194034,-0.001643392665409471,0.00120969004281124,0.0005015085779615236,0.0017486304875130587
Taiwan Credit Card Default,R1_F3,1,3,pay_6,3,1,0.0024691927703613947,0.005646770284103653,-0.0008987469852007046,0.0014226372319082747,0.00047356553255128997,0.001491937865688131
Taiwan Credit Card Default,R1_F3,1,3,pay_6,4,1,0.00257191614641894,0.005026040026394729,0.00021526269213850702,0.0017420580155539378,0.0005271337696299006,0.0016604372304346304
Taiwan Credit Card Default,R1_F3,1,3,pay_6,5,1,0.003053900749000138,0.0038304645140232463,8.757474216569694e-05,0.0020818604214332126,0.0004374038999283292,0.001341477058458107
Taiwan Credit Card Default,R1_F3,1,3,limit_bal,1,1,0.008743145252810391,0.007016922082287991,0.006816504152360847,0.007206126356926856,0.0012543092076471862,0.004234679259850216
Taiwan Credit Card Default,R1_F3,1,3,limit_bal,2,1,0.01747789327726046,0.0149737598103874,0.008015050137787971,0.0073556459376329375,0.002258702051130379,0.007743760199908856
Taiwan Credit Card Default,R1_F3,1,3,limit_bal,3,1,0.01780122733237499,0.015022911848520337,0.012260123489305053,0.00931293388397414,0.002255545923467328,0.007826003174467078
Taiwan Credit Card Default,R1_F3,1,3,limit_bal,4,1,0.011951946330786223,0.011823943057825081,0.00994045897660839,0.008843993519622506,0.0018599570133953636,0.0059278306473088405
Taiwan Credit Card Default,R1_F3,1,3,limit_bal,5,1,0.01463261881344391,0.014561394496226177,0.016014943490907096,0.011503550641646099,0.0021522978544355753,0.0070670398389734435
Taiwan Credit Card Default,R1_F3,1,3,age,1,1,0.0021269445698139933,-3.5116288251035854e-05,-0.0007297266363471833,-0.00021294718909714572,0.0003130938556636653,0.0010085932800462105
Taiwan Credit Card Default,R1_F3,1,3,age,2,1,0.0029241105786163013,0.0031580969095099665,-0.001827146447394512,-0.0005323679727426978,0.0005825363740413203,0.00172201623922702
Taiwan Credit Card Default,R1_F3,1,3,age,3,1,0.0014461168607213803,0.0011043004413957558,0.0034348436035362973,0.0017443407572441672,0.00041478641268921645,0.0011100228298397963
Taiwan Credit Card Default,R1_F3,1,3,age,4,1,0.0017017839300202953,0.0026028407515588103,-0.003268375449524241,-0.002254044366063024,0.00047327337894920163,0.0012856904977167627
Taiwan Credit Card Default,R1_F3,1,3,age,5,1,0.0017882835347798887,0.0020370429836470416,0.0026802826382773537,0.00023561155302087577,0.0004895665385124259,0.0013359683328674765
Taiwan Credit Card Default,R1_F3,1,3,bill_amt1,1,1,0.019453117051167368,0.01938908099481329,0.0010406353796038048,0.004822944032391474,0.002689174118189447,0.00870548718389419
Taiwan Credit Card Default,R1_F3,1,3,bill_amt1,2,1,0.02138594705082808,0.02228489577852344,-0.004260962160649473,0.0014203544902181564,0.0029521911937437917,0.010064149245001819
Taiwan Credit Card Default,R1_F3,1,3,bill_amt1,3,1,0.019566112764830557,0.019402722764365943,0.0045239258098001,0.00561130518038877,0.0024340404461353493,0.008859503385608036
Taiwan Credit Card Default,R1_F3,1,3,bill_amt1,4,1,0.019555677374247016,0.01772594918013437,-2.22074548095752e-05,0.0033776424365593583,0.0026595925599747217,0.008945469928483107
Taiwan Credit Card Default,R1_F3,1,3,bill_amt1,5,1,0.021874616825501958,0.024353817086772533,-0.004420053291624981,0.0017601568960974312,0.002985599254333865,0.010223375198877338
Taiwan Credit Card Default,R1_F3,1,3,bill_amt2,0,0,0.0,0.0,0.0,0.0,0.0,0.0
Taiwan Credit Card Default,R1_F3,1,3,bill_amt3,0,0,0.0,0.0,0.0,0.0,0.0,0.0
Taiwan Credit Card Default,R1_F3,1,3,bill_amt4,0,0,0.0,0.0,0.0,0.0,0.0,0.0
Taiwan Credit Card Default,R1_F3,1,3,bill_amt5,0,0,0.0,0.0,0.0,0.0,0.0,0.0
Taiwan Credit Card Default,R1_F3,1,3,bill_amt6,0,0,0.0,0.0,0.0,0.0,0.0,0.0
Taiwan Credit Card Default,R1_F3,1,3,pay_amt1,1,1,0.00925937098074403,0.015202512317478156,0.007213351679485724,0.008268579560722245,0.0015033628740034333,0.00520369055974973
Taiwan Credit Card Default,R1_F3,1,3,pay_amt1,2,1,0.007628352043118958,0.006333447118759494,0.0030168916340477248,0.00614139041144135,0.0010453871821577976,0.0038188523073016123
Taiwan Credit Card Default,R1_F3,1,3,pay_amt1,3,1,0.0099622923683379,0.011506808326548712,0.0074322134547685215,0.007758875951903277,0.0015062449116385879,0.005063504990231615
Taiwan Credit Card Default,R1_F3,1,3,pay_amt1,4,1,0.008138544810871506,0.005909382512465977,0.007671112839497729,0.00916113156157794,0.0012254414336130837,0.0040396282540049455
Taiwan Credit Card Default,R1_F3,1,3,pay_amt1,5,1,0.011954636704921029,0.008700409861802316,-0.0015987647442579633,0.0048637072768586975,0.0014153453395397975,0.005554221081900346
Taiwan Credit Card Default,R1_F3,1,3,pay_amt2,1,1,0.006947442807537452,0.005945626301741336,0.0014982177625937343,0.0047595164240004095,0.00081134657233628,0.002820185794682184
Taiwan Credit Card Default,R1_F3,1,3,pay_amt2,2,1,0.006458609979885788,0.00754594380463125,0.007287657732926389,0.008098678357782552,0.001041707745761955,0.003243999245135687
Taiwan Credit Card Default,R1_F3,1,3,pay_amt2,3,1,0.007548293030985365,0.004486297054777988,0.0009617629508790748,0.004992845235331167,0.0008970742865949399,0.0028979744357136017
Taiwan Credit Card Default,R1_F3,1,3,pay_amt2,4,1,0.010606514683898838,0.00879704442874929,0.005607842851777456,0.007056606776220886,0.001551670473471961,0.004962737921920701
Taiwan Credit Card Default,R1_F3,1,3,pay_amt2,5,1,0.0038156842616048348,0.004238075473937064,0.008188846124310478,0.007971823141000423,0.0007137984921312124,0.0019687818426619152
Taiwan Credit Card Default,R1_F3,1,3,pay_amt3,1,1,0.010240623801560655,0.010058517856871507,0.002236718391709358,0.004016484003850684,0.0014198044721502046,0.004627254669068825
Taiwan Credit Card Default,R1_F3,1,3,pay_amt3,2,1,0.011005668373722632,0.009851976906422477,0.001647440110512377,0.004419714018121024,0.0013781513776788545,0.004851245347260669
Taiwan Credit Card Default,R1_F3,1,3,pay_amt3,3,1,0.009789945370730191,0.007747038922302885,0.0011090918077457101,0.0036970632202050213,0.0012330592530989948,0.00420311946905455
Taiwan Credit Card Default,R1_F3,1,3,pay_amt3,4,1,0.009954139719444588,0.010172042677315862,0.006901904922671898,0.005910344341800711,0.0014612065370134264,0.004789142494271759
Taiwan Credit Card Default,R1_F3,1,3,pay_amt3,5,1,0.009657220246744758,0.007608695230054252,0.0044810571906607755,0.0046553255711420105,0.001272693867699376,0.0041694349002869835
Taiwan Credit Card Default,R1_F3,1,3,pay_amt4,1,1,0.007751457041410337,0.00330535048821079,0.0035512954435345523,0.005908061600110592,0.0009576545421407234,0.003174066778437623
Taiwan Credit Card Default,R1_F3,1,3,pay_amt4,2,1,0.007775751935112818,0.008403090361981835,0.003475703153123122,0.006077962803050285,0.0012021762844708073,0.0038715226075253795
Taiwan Credit Card Default,R1_F3,1,3,pay_amt4,3,1,0.00792902173430965,0.009671662669150427,0.0065773798438436,0.006759850356499064,0.0013851591634171379,0.004135797592368207
Taiwan Credit Card Default,R1_F3,1,3,pay_amt4,4,1,0.008107075586142765,0.009297055163278056,0.0039767063633509014,0.004888654382472657,0.001224046229917064,0.0038424921500502807
Taiwan Credit Card Default,R1_F3,1,3,pay_amt4,5,1,0.008148001883587885,0.009182900489529522,0.003698423043457355,0.0055682591942313175,0.0011740082795185514,0.0037460444623597655
Taiwan Credit Card Default,R1_F3,1,3,pay_amt5,1,1,0.0025221849881686964,0.0008029190634682992,0.004108004971117185,0.004548851976593493,0.00043860127168660057,0.0013063998167032187
Taiwan Credit Card Default,R1_F3,1,3,pay_amt5,2,1,0.00364692442951009,0.006041114526842639,0.006218799422235466,0.005527495949763983,0.0006601749755741626,0.002068937695027695
Taiwan Credit Card Default,R1_F3,1,3,pay_amt5,3,1,0.003580643394006433,0.004977621540721011,0.0019298818717309318,0.003740109206362474,0.0006276853497317325,0.0018581598222048856
Taiwan Credit Card Default,R1_F3,1,3,pay_amt5,4,1,0.002621321198713389,0.0042317616681605275,0.00553606806408713,0.0051446475577272555,0.0005485297571313774,0.0015380940156357603
Taiwan Credit Card Default,R1_F3,1,3,pay_amt5,5,1,0.0024795466344560424,0.003001869216313624,-0.0019201607569675483,0.0018892948545697896,0.0004703052168163746,0.0013432739998967547
Taiwan Credit Card Default,R1_F3,1,3,pay_amt6,1,1,0.004093037376960207,0.0066372228687796575,0.0012649294779125686,0.0022313800021391827,0.0009034428715700149,0.002568981800641801
Taiwan Credit Card Default,R1_F3,1,3,pay_amt6,2,1,0.0038035368147535387,0.006097433985890355,0.0029189778468274863,0.004399332395887412,0.0007830531660013018,0.002339687818729508
Taiwan Credit Card Default,R1_F3,1,3,pay_amt6,3,1,0.0043401441649207895,0.005273533643963324,0.002986441910191151,0.00422943119294783,0.0009672544421608642,0.0027046236444480676
Taiwan Credit Card Default,R1_F3,1,3,pay_amt6,4,1,0.0038081838246228905,0.005401832049231725,0.007896526765072909,0.0065695675313257595,0.0010315997091798479,0.0027541645909022194
Taiwan Credit Card Default,R1_F3,1,3,pay_amt6,5,1,0.00454648770841426,0.009868235471843456,0.006901904922671898,0.005910344341800711,0.0011496755012720128,0.0032845507695137277
Taiwan Credit Card Default,R1_F4,1,4,sex,1,1,9.528398251279491e-05,-0.0002295880899675362,-0.001012696635287802,0.0005965921035272492,-0.00012100518018801076,-0.000281571048672713
Taiwan Credit Card Default,R1_F4,1,4,sex,2,1,0.0017814802410982544,0.0016416935480176864,0.0021726148054996286,0.0015599832403287994,0.000151482807562775,0.0006991919392787538
Taiwan Credit Card Default,R1_F4,1,4,sex,3,1,0.0007681515986686094,0.0004300902557313746,0.0011738695798573229,0.0010767170568316553,0.00011599376123822003,0.00044777021730979527
Taiwan Credit Card Default,R1_F4,1,4,sex,4,1,0.0008086654137184901,0.001341123983226833,0.0034658159102552988,0.0023124286880338296,7.925697928815034e-05,0.0003450747476319571
Taiwan Credit Card Default,R1_F4,1,4,sex,5,1,-0.0003552811892343355,0.0012547234280979591,0.0014066159567189263,0.0015080321256029094,-0.00017441298966203167,-0.000392617243993143
Taiwan Credit Card Default,R1_F4,1,4,education,1,1,0.005788562345928616,0.003799545958463324,0.007111844397735045,0.004138449962377777,0.0011267120785065088,0.003925551564090135
Taiwan Credit Card Default,R1_F4,1,4,education,2,1,0.002774270070729168,0.006625600340758542,0.01219744208771878,0.007472503362324412,0.0011106264130226196,0.0026750516468762586
Taiwan Credit Card Default,R1_F4,1,4,education,3,1,0.002825899007999455,0.00426582061041858,0.006941622614068166,0.004624857376067659,0.0008987848041728808,0.0026475137356739564
Taiwan Credit Card Default,R1_F4,1,4,education,4,1,0.00289927492352704,0.006982223194156423,0.009513949688902235,0.005049889984453326,0.0012821139215817845,0.0032476561260402215
Taiwan Credit Card Default,R1_F4,1,4,education,5,1,0.004867215367091227,0.007966953129198373,0.006760105651342385,0.004031406502733148,0.001141641447282793,0.003500211066333969
Taiwan Credit Card Default,R1_F4,1,4,marriage,1,1,0.001150817871634402,0.001594067019813239,0.006292940962197513,0.004248634652215144,0.00042425622864483703,0.0006724887488558373
Taiwan Credit Card Default,R1_F4,1,4,marriage,2,1,0.0028444242117000584,0.00412354569472595,0.000528000412980234,0.0007004943329791402,0.0004312032544833977,0.0011960681269177487
Taiwan Credit Card Default,R1_F4,1,4,marriage,3,1,0.0010107512227841564,0.0011206020833276487,0.002155156029828631,0.0004801249533044061,0.00017225872441947732,0.0003615106027795578
Taiwan Credit Card Default,R1_F4,1,4,marriage,4,1,0.003356444733115471,0.0023131376596865483,-0.0021138524798884895,-0.0006422607578676631,0.00039820119690278655,0.0010277514422158407
Taiwan Credit Card Default,R1_F4,1,4,marriage,5,1,0.000918769559191901,-0.0014726929011725787,-0.002304318077388845,-0.00015585334417778096,-0.00011428622837625357,-0.00036241305917866784
Taiwan Credit Card Default,R1_F4,1,4,pay_0,1,1,0.07717414609684425,0.21052212351322414,0.17792435270011514,0.08488014757016182,0.030524991198803753,0.07031020220942541
Taiwan Credit Card Default,R1_F4,1,4,pay_0,2,1,0.07553845115443425,0.2008238489411826,0.16610651920818958,0.0790809533681962,0.029063249996434976,0.06715508506337187
Taiwan Credit Card Default,R1_F4,1,4,pay_0,3,1,0.08341810627635515,0.2252352112528564,0.1815094753897752,0.08692339699398766,0.03275007391038012,0.07596229469304244
Taiwan Credit Card Default,R1_F4,1,4,pay_0,4,1,0.08172731898902652,0.21936744374880357,0.19409303222071694,0.0928815857703239,0.03175734922173265,0.07318593442120619
Taiwan Credit Card Default,R1_F4,1,4,pay_0,5,1,0.08652937396570959,0.2234863832519478,0.18410964355435064,0.08729019602726207,0.03241868359556693,0.07612367241218426
Taiwan Credit Card Default,R1_F4,1,4,pay_2,1,1,0.007041188293553269,0.016829233727309156,0.01826336904261383,0.012531817037356063,0.002949846704721454,0.007543492104926108
Taiwan Credit Card Default,R1_F4,1,4,pay_2,2,1,0.006383865739633232,0.01841688216415116,0.01832465525280802,0.012369681232792695,0.0027166170783311794,0.006765764940858399
Taiwan Credit Card Default,R1_F4,1,4,pay_2,3,1,0.008343510113714148,0.01960296434154185,0.012600663610991714,0.00957712759145446,0.0030343319112796363,0.008061991339323782
Taiwan Credit Card Default,R1_F4,1,4,pay_2,4,1,0.004045179588962666,0.013161734194270691,0.014724711715381533,0.011299246636346627,0.0024800279413042248,0.006024402785079319
Taiwan Credit Card Default,R1_F4,1,4,pay_2,5,1,0.003823199322009696,0.008604896529136208,0.010433912698698478,0.009852589316047933,0.0022195876533944447,0.00554564682582076
Taiwan Credit Card Default,R1_F4,1,4,pay_3,1,1,0.005618211016245933,0.014699504713165612,0.008355226875025656,0.006132889501670347,0.002320400657854771,0.0056460599268540745
Taiwan Credit Card Default,R1_F4,1,4,pay_3,2,1,0.006343915735130823,0.017560169226570332,0.014203386358160763,0.010598752303367487,0.0027149714989263274,0.006429442537518315
Taiwan Credit Card Default,R1_F4,1,4,pay_3,3,1,0.003520030336229163,0.01137746776834625,0.011254655511172218,0.007906959661288404,0.0022026218633054984,0.004947786397062615
Taiwan Credit Card Default,R1_F4,1,4,pay_3,4,1,0.003740721893359611,0.007572371519998011,0.003186862953274583,0.004040830193311251,0.0019594566853927686,0.004593946970380347
Taiwan Credit Card Default,R1_F4,1,4,pay_3,5,1,0.0034671126891362425,0.0184363331903169,0.00988910583605318,0.007316650018146742,0.0025425825094455012,0.005538143999214984
Taiwan Credit Card Default,R1_F4,1,4,pay_4,1,1,0.002461435761278663,0.006921856005069782,0.0023828646944075715,0.003071156596124336,0.0009181213718085224,0.002524951601081904
Taiwan Credit Card Default,R1_F4,1,4,pay_4,2,1,0.0028759976023553513,0.006191363101462399,0.00328650297438704,0.0027988361017237118,0.000936067930254747,0.0025677762943620563
Taiwan Credit Card Default,R1_F4,1,4,pay_4,3,1,0.0017520815482687802,0.005112356291201214,0.0005058622450972439,0.0017803526200035336,0.0007672643851859839,0.002039331383234977
Taiwan Credit Card Default,R1_F4,1,4,pay_4,4,1,0.0015448408999124696,0.008717995903870901,0.010162576610638019,0.005426112708305952,0.0008846168831359302,0.002236368442306569
Taiwan Credit Card Default,R1_F4,1,4,pay_4,5,1,0.00022979307025283724,0.002942241192407602,0.0028690305908804503,0.00285392844664234,0.0005137284692190436,0.0013134547370517446
Taiwan Credit Card Default,R1_F4,1,4,pay_5,1,1,0.0008444271112972856,0.0066567066089290305,-0.0005653043875700758,0.0014592222410696465,0.0007584998428775691,0.0020953871256345624
Taiwan Credit Card Default,R1_F4,1,4,pay_5,2,1,0.0009840910383278612,0.006434603840035802,0.0031612209868633334,0.003123107710850226,0.0008334988699431611,0.0020501010273954456
Taiwan Credit Card Default,R1_F4,1,4,pay_5,3,1,0.0008843771157998059,0.010052090871935593,0.0061117487483250965,0.004735042065904915,0.00093573636114469,0.0021865882352459787
Taiwan Credit Card Default,R1_F4,1,4,pay_5,4,1,-4.26885128756993e-06,0.003140600632613899,-0.0013511900132670562,0.0014072711263436455,0.0005917804367122359,0.0013175620374518138
Taiwan Credit Card Default,R1_F4,1,4,pay_5,5,1,0.002844665844791927,0.010080091962057947,0.0014670970629092062,0.0013458963210395414,0.0011157297348951545,0.002948965266467929
Taiwan Credit Card Default,R1_F4,1,4,pay_6,1,1,0.0014873322240762654,0.006210101050173944,0.00043935011988360806,0.0019424884245666796,0.0004385318610779787,0.0013671903443356892
Taiwan Credit Card Default,R1_F4,1,4,pay_6,2,1,0.000913695264265213,0.007617064561314946,0.0029317909156589272,0.0026917926420790828,0.0005407271847666373,0.0014048698673158055
Taiwan Credit Card Default,R1_F4,1,4,pay_6,3,1,0.0014858824255258307,0.005194400730612947,0.0013449894382464023,0.0016701679301660555,0.0005571225078064845,0.0014357303339425087
Taiwan Credit Card Default,R1_F4,1,4,pay_6,4,1,0.001414520119096041,0.005470913891707174,0.001637210376622289,0.0019393471943740526,0.0006439237039789769,0.0015892501616024957
Taiwan Credit Card Default,R1_F4,1,4,pay_6,5,1,0.0007165226613984332,0.007454220836785597,-7.558285814796006e-05,0.0012419940915876504,0.0005294309033554989,0.0014225292501430786
Taiwan Credit Card Default,R1_F4,1,4,limit_bal,1,1,0.012076499748137737,0.017885018509862904,0.013902510506504706,0.013082740486542788,0.0025662784050746734,0.006886170852542506
Taiwan Credit Card Default,R1_F4,1,4,limit_bal,2,1,0.01470313199980855,0.012389988858668155,0.005738287055215674,0.00829888853610461,0.002056545818615696,0.006095548550598462
Taiwan Credit Card Default,R1_F4,1,4,limit_bal,3,1,0.015844848358320562,0.014219098369918415,0.010068381466663057,0.009745545856403304,0.002420800063309081,0.006899849984799256
Taiwan Credit Card Default,R1_F4,1,4,limit_bal,4,1,0.014191030934029514,0.012398858288896863,0.008602595262025725,0.009317372017824788,0.0018800392140257416,0.006251879629319612
Taiwan Credit Card Default,R1_F4,1,4,limit_bal,5,1,0.01422115452613415,0.012590087921200754,0.004257776324223139,0.007870714697526093,0.0019393216488498566,0.005737220444413438
Taiwan Credit Card Default,R1_F4,1,4,age,1,1,0.0007395583494783642,0.006349305774187464,0.007352267393469336,0.00456976503114892,0.0006115554005656498,0.001208051727413617
Taiwan Credit Card Default,R1_F4,1,4,age,2,1,0.00020160254288215107,0.0025903316161250967,0.003113175572458271,0.0022053852283892006,0.0004100925053849569,0.0009280749145321732
Taiwan Credit Card Default,R1_F4,1,4,age,3,1,0.000351576148494126,-0.00043300334030049736,0.0004063318132710436,0.0010247659421056543,0.0002272108022438324,0.00048418583771459023
Taiwan Credit Card Default,R1_F4,1,4,age,4,1,0.0008466018091228822,0.003776041872069147,0.003043301706105006,0.0012876627459281753,0.0004352485783558624,0.0010150419764500818
Taiwan Credit Card Default,R1_F4,1,4,age,5,1,0.0013118260551029381,0.004004758410262266,0.004407468387062574,0.0029578306760942308,0.0006141383540479717,0.00138980666116445
Taiwan Credit Card Default,R1_F4,1,4,bill_amt1,0,0,0.0,0.0,0.0,0.0,0.0,0.0
Taiwan Credit Card Default,R1_F4,1,4,bill_amt2,1,1,0.00693414483390864,0.016418669374253958,0.003551763204690528,0.0050655961354169055,0.0020101723962887286,0.005872269187008061
Taiwan Credit Card Default,R1_F4,1,4,bill_amt2,2,1,0.00763230338033416,0.007414717065106657,0.008323373548234314,0.00721274778869474,0.0018801952835209301,0.005795040127743123
Taiwan Credit Card Default,R1_F4,1,4,bill_amt2,3,1,0.006671731296269634,0.00973379656965967,-0.0015907931315092827,0.002811401022494664,0.0017077771607801884,0.00552208926639014
Taiwan Credit Card Default,R1_F4,1,4,bill_amt2,4,1,0.006613900442977827,0.013948453839238484,0.009419484541003775,0.008451600650089652,0.0021141628192387907,0.006420945149559765
Taiwan Credit Card Default,R1_F4,1,4,bill_amt2,5,1,0.00627609738071333,0.010985425275429783,0.0018889454928053828,0.004206107228067357,0.0017267158652723713,0.005653059320809117
Taiwan Credit Card Default,R1_F4,1,4,bill_amt3,0,0,0.0,0.0,0.0,0.0,0.0,0.0
Taiwan Credit Card Default,R1_F4,1,4,bill_amt4,0,0,0.0,0.0,0.0,0.0,0.0,0.0
Taiwan Credit Card Default,R1_F4,1,4,bill_amt5,0,0,0.0,0.0,0.0,0.0,0.0,0.0
Taiwan Credit Card Default,R1_F4,1,4,bill_amt6,0,0,0.0,0.0,0.0,0.0,0.0,0.0
Taiwan Credit Card Default,R1_F4,1,4,pay_amt1,1,1,0.004528445772459921,0.004588872048232662,-0.0017571209291388223,0.006913606021110019,0.001153793480001969,0.0025234603442406134
Taiwan Credit Card Default,R1_F4,1,4,pay_amt1,2,1,0.006365018358476804,0.0023630946601289615,-0.005463571969037129,0.005681035620100583,0.0009661514842073948,0.002453912434760841
Taiwan Credit Card Default,R1_F4,1,4,pay_amt1,3,1,0.00789890522489678,0.006067318739000904,-0.002955950885371428,0.007348062320074011,0.0012061707389284804,0.003130743068069042
Taiwan Credit Card Default,R1_F4,1,4,pay_amt1,4,1,0.009063093460941363,0.013561403756429558,-0.0008270400368225461,0.007559008009170531,0.0018827379197110528,0.004751188515406735
Taiwan Credit Card Default,R1_F4,1,4,pay_amt1,5,1,0.006916425073847043,0.005937554935633749,-0.004266779259371578,0.006595616872368981,0.0010929882188199236,0.002588385330349552
Taiwan Credit Card Default,R1_F4,1,4,pay_amt2,1,1,0.0013245520646016917,0.005334621921757932,0.007618678954509739,0.009589692512225412,0.000818184475273126,0.0018870241382595299
Taiwan Credit Card Default,R1_F4,1,4,pay_amt2,2,1,0.006172195151261439,0.006545176985315204,0.006639372847705272,0.008188703846267242,0.0012947289908889215,0.0037229225875176075
Taiwan Credit Card Default,R1_F4,1,4,pay_amt2,3,1,0.004383465917410678,0.008508313753154528,0.003603654074768814,0.007494491973673689,0.0011923110316383045,0.0030799734956183933
Taiwan Credit Card Default,R1_F4,1,4,pay_amt2,4,1,0.004564771280586188,0.003473153950932839,0.004365057371371606,0.009219752248758373,0.0009051208555084789,0.002404231357937714
Taiwan Credit Card Default,R1_F4,1,4,pay_amt2,5,1,0.005209206736279559,0.0058640749101464,-0.001708409280953005,0.0046468459874167145,0.0011907284775163895,0.003209553523402686
Taiwan Credit Card Default,R1_F4,1,4,pay_amt3,1,1,0.005325190620318887,0.004427462763618939,-0.003382705864688418,0.0037873570800670553,0.0007001946342038712,0.0024164975281388834
Taiwan Credit Card Default,R1_F4,1,4,pay_amt3,2,1,0.00342353818825758,0.007054409032706266,-0.0010565470000587496,0.00502306871126923,0.0008279118530123974,0.0023562328593453308
Taiwan Credit Card Default,R1_F4,1,4,pay_amt3,3,1,0.0034522925261756265,0.0039024125433095858,0.006963227349801759,0.009213469788372897,0.00079181919068122,0.002112339745396652
Taiwan Credit Card Default,R1_F4,1,4,pay_amt3,4,1,0.0033181861602551432,0.006285470535102644,0.0070477149570974396,0.00905133398380964,0.0009287856737754674,0.0023472771063715037
Taiwan Credit Card Default,R1_F4,1,4,pay_amt3,5,1,0.006567023623178514,0.011855243248135361,0.00192538109027246,0.00663500306632403,0.0013616694590255496,0.0038002138174891287
Taiwan Credit Card Default,R1_F4,1,4,pay_amt4,1,1,0.006178316522919003,0.006997196267565009,-0.002639855656899781,0.004757030677254082,0.0010839373201552704,0.003006751975324462
Taiwan Credit Card Default,R1_F4,1,4,pay_amt4,2,1,0.004140060849656013,0.00455371171910246,-0.005895996777304624,0.004980541287121554,0.0007049433795198179,0.00209799887301354
Taiwan Credit Card Default,R1_F4,1,4,pay_amt4,3,1,0.006312664521931355,0.006849992288930351,-0.0023071981103352512,0.006375247492694247,0.000964350007888165,0.0028686072570691667
Taiwan Credit Card Default,R1_F4,1,4,pay_amt4,4,1,0.00577124530768669,0.006952720185751549,-0.0005881487346178771,0.005723563044248259,0.0011460935760660984,0.00305650238175037
Taiwan Credit Card Default,R1_F4,1,4,pay_amt4,5,1,0.004658686008912394,0.006260632029154722,-0.007152204359096914,0.0034725091615186443,0.0006686591546748444,0.001859616738349057
Taiwan Credit Card Default,R1_F4,1,4,pay_amt5,1,1,0.002163018892969215,0.00883078275391136,0.005794229956665842,0.006463443571182559,0.0009615373848746445,0.0018305324210646234
Taiwan Credit Card Default,R1_F4,1,4,pay_amt5,2,1,-0.0004063463159571512,0.0038026326378262088,-0.001955440273311737,0.002704357562850035,0.0005110251733389248,0.0007120115826442786
Taiwan Credit Card Default,R1_F4,1,4,pay_amt5,3,1,0.001571178906913051,0.00400503670711716,0.002036092000748113,0.003881835618940732,0.0006769256805917445,0.0011007145058344325
Taiwan Credit Card Default,R1_F4,1,4,pay_amt5,4,1,0.0007492236731483359,0.006073374100243889,0.0018135356439457073,0.004368243032630614,0.0005970323263783661,0.0010925941595889554
Taiwan Credit Card Default,R1_F4,1,4,pay_amt5,5,1,-0.0015856768924181752,0.000969059804741268,-0.002320446620051597,0.002597314103205406,-1.5731391023732222e-05,-0.0006073456640543484
Taiwan Credit Card Default,R1_F4,1,4,pay_amt6,1,1,0.002704760284669483,0.007786696355522205,-0.0012076445237634292,0.0020007219996782677,0.0006747355684033896,0.0016582636059465639
Taiwan Credit Card Default,R1_F4,1,4,pay_amt6,2,1,0.0007911872867487624,0.005649721590697543,0.003613511535738634,0.003985737848392734,0.0005306896690232543,0.0009267992655721535
Taiwan Credit Card Default,R1_F4,1,4,pay_amt6,3,1,0.0020322953903333385,0.0097714234027656,0.0034533136422447708,0.003392286975058223,0.0008421958564431009,0.0018158402492845505
Taiwan Credit Card Default,R1_F4,1,4,pay_amt6,4,1,-0.0001858158475547267,0.0027177662096915522,0.0031172828597279545,0.004202965997874619,0.0003932161276920809,0.000625441205695243
Taiwan Credit Card Default,R1_F4,1,4,pay_amt6,5,1,0.0010275044504788333,0.005504036262003242,-0.00012685630021908034,0.0023218523786120437,0.0006626439889768077,0.0014546761790121265
Taiwan Credit Card Default,R1_F5,1,5,sex,1,1,0.0012008519418705843,0.0010722345471513295,0.0007849396090195415,0.0007780457238339977,0.0001993891202176079,0.0005872977031396442
Taiwan Credit Card Default,R1_F5,1,5,sex,2,1,0.0022170426350701655,0.001120425594359875,0.00987366742339646,0.005203428021671952,0.00045024317907840783,0.0012988816440559492
Taiwan Credit Card Default,R1_F5,1,5,sex,3,1,0.0010665888146235147,0.0008015261661424855,-0.00023715141993735367,0.0003031799078433428,0.0001419648236968274,0.00045604678072580507
Taiwan Credit Card Default,R1_F5,1,5,sex,4,1,0.0011764045014936997,0.0031165252115610276,-0.00011786947715602958,0.0001515899539216159,0.00024531142872252776,0.0008972911536963002
Taiwan Credit Card Default,R1_F5,1,5,sex,5,1,0.0029209548584738787,0.003197924037215194,0.002089985795399707,0.0020747885968909197,0.0006147708340815405,0.0017849690478974334
Taiwan Credit Card Default,R1_F5,1,5,education,1,1,0.004546116259051214,0.0072400204463792805,-0.0007395757655902502,0.00034701124107539005,0.0008020949369673958,0.002799425481822715
Taiwan Credit Card Default,R1_F5,1,5,education,2,1,0.004526732366195718,0.0042223664576680475,0.002089985795399707,0.0020747885968909197,0.0007221390076497525,0.00280263010394749
Taiwan Credit Card Default,R1_F5,1,5,education,3,1,0.004594378196364435,0.003603108569328217,-0.0030449230257988957,-0.0008620689655172153,0.00040428353449534216,0.001986347029332647
Taiwan Credit Card Default,R1_F5,1,5,education,4,1,0.0018828484986581628,0.0017417368882666207,-0.0020126057419090904,0.00017532533292818897,0.0003109612179960364,0.001197158302601975
Taiwan Credit Card Default,R1_F5,1,5,education,5,1,0.0040595409894172985,0.006564412165950384,0.0018292973775914656,0.001815440022279513,0.0009923684576589042,0.0031709138334953257
Taiwan Credit Card Default,R1_F5,1,5,marriage,1,1,0.001609337814572953,0.0007771946636081495,-0.0008783922143647538,-6.392728745763243e-05,0.0003717043516971996,0.0010867275823213673
Taiwan Credit Card Default,R1_F5,1,5,marriage,2,1,0.0025357296571979493,0.002887317091634145,-0.003461429439997721,-0.002094884551116616,0.00042103247710337244,0.0013641981542200643
Taiwan Credit Card Default,R1_F5,1,5,marriage,3,1,0.000255234442250285,0.0035961584171073646,-0.0017795628782605322,-0.0006903830573701253,0.00041088496178098843,0.0010600795005324959
Taiwan Credit Card Default,R1_F5,1,5,marriage,4,1,0.003071278925515175,0.0028034902226610203,0.0018070306379764367,0.0012529115398247637,0.0006725455135779268,0.0019048461480729029
Taiwan Credit Card Default,R1_F5,1,5,marriage,5,1,0.003134177679882555,0.0040849437316676784,-0.0010199835316661021,-0.00047486581599076594,0.0005965207705814213,0.0016806583100933414
Taiwan Credit Card Default,R1_F5,1,5,pay_0,1,1,0.08181830409134638,0.19951310706550102,0.19475505733012527,0.09154498329029315,0.03029247639768906,0.07108109618584674
Taiwan Credit Card Default,R1_F5,1,5,pay_0,2,1,0.07489137108208,0.19262535923131818,0.19608737235611692,0.09162900653197625,0.02889557000456186,0.06692759547057109
Taiwan Credit Card Default,R1_F5,1,5,pay_0,3,1,0.08330587941161571,0.19483711220091737,0.2007916994651534,0.0928983746012455,0.02990955966872466,0.07061988504913747
Taiwan Credit Card Default,R1_F5,1,5,pay_0,4,1,0.08404341675527882,0.19822258708871698,0.21716866434795853,0.10168885133424466,0.03132817080693154,0.07416828717798957
Taiwan Credit Card Default,R1_F5,1,5,pay_0,5,1,0.08117072383411827,0.19325089667116124,0.201956739269884,0.09402343156615522,0.029679296547918482,0.06945647802542781
Taiwan Credit Card Default,R1_F5,1,5,pay_2,1,1,0.005589839991898327,0.0077093595748221055,0.014558104526661286,0.011148349283508052,0.0021374646799544317,0.005361397661994116
Taiwan Credit Card Default,R1_F5,1,5,pay_2,2,1,0.006267643298394687,0.009203091278005449,0.013887505311873938,0.009656185123297245,0.0022091883242102983,0.005778726294115966
Taiwan Credit Card Default,R1_F5,1,5,pay_2,3,1,0.005596406780090213,0.009282404158287627,0.018203274140229098,0.01252911539824797,0.0023097292566722216,0.005695209830147541
Taiwan Credit Card Default,R1_F5,1,5,pay_2,4,1,0.007232249101220334,0.014827315362327953,0.01599218506431832,0.011730973720188276,0.0025950006351364574,0.006681144881623524
Taiwan Credit Card Default,R1_F5,1,5,pay_2,5,1,0.0051681414248822,0.009440651116833454,0.014941070998131079,0.010693579421742871,0.002287570936173461,0.005378072274821177
Taiwan Credit Card Default,R1_F5,1,5,pay_3,1,1,0.0023721137779127988,0.005017376526395778,0.004687913580123049,0.0046682743430046525,0.000910702382606321,0.002614420713816068
Taiwan Credit Card Default,R1_F5,1,5,pay_3,2,1,0.0032969232619374234,0.006452342400761424,0.001968902192462707,0.003913963998177117,0.001296039459546594,0.0032242007153077124
Taiwan Credit Card Default,R1_F5,1,5,pay_3,3,1,0.003456108537141178,0.008569974259202251,-0.001054433644498809,0.003462833561192924,0.0014886970234915253,0.0038991783118406675
Taiwan Credit Card Default,R1_F5,1,5,pay_3,4,1,0.005030871816294469,0.006300339753703255,-0.005816236521401952,0.0006337346194743576,0.001538618291139715,0.0039618838635741005
Taiwan Credit Card Default,R1_F5,1,5,pay_3,5,1,0.0014136000556990158,0.0052665382892096435,-0.0028469549661249705,0.0022099220213680493,0.0009435507835914847,0.002194686351684849
Taiwan Credit Card Default,R1_F5,1,5,pay_4,1,1,0.0018810287862676134,0.006318592842953108,-0.004218374619391452,0.0005022406197782159,0.0005323653519644089,0.0015452468999799795
Taiwan Credit Card Default,R1_F5,1,5,pay_4,2,1,0.0024593017367968706,0.006557604801462724,-0.00010217249251848193,0.002964232366195696,0.0007471504252730965,0.0021372465437726196
Taiwan Credit Card Default,R1_F5,1,5,pay_4,3,1,0.0020301660843586866,0.0058012724179205,0.003009564124250408,0.0038263013317130223,0.000692042538898513,0.0019133910202683846
Taiwan Credit Card Default,R1_F5,1,5,pay_4,4,1,0.0016410641045115915,0.00621828292327864,-0.00267915938304647,0.001495803584991573,0.0004940069187545082,0.001496140925001166
Taiwan Credit Card Default,R1_F5,1,5,pay_4,5,1,0.003007668109777817,0.006097173077985296,-0.0008657878708421274,0.0021861866423615872,0.0007811553229434554,0.002302366033927694
Taiwan Credit Card Default,R1_F5,1,5,pay_5,1,1,0.00044068687022125186,0.0017050934309872368,0.0022341204653876234,0.003610784090333663,0.00044991886934481196,0.0011729741414210348
Taiwan Credit Card Default,R1_F5,1,5,pay_5,2,1,-0.00018189212112007525,-0.001330493484371864,0.0013322806234210005,0.00298432832042117,0.0003107263694818174,0.0007295642415163228
Taiwan Credit Card Default,R1_F5,1,5,pay_5,3,1,0.0009195085827131688,0.002234557371203927,0.0010678490892633286,0.003287508228264624,0.00039840042363400996,0.0012599526622421586
Taiwan Credit Card Default,R1_F5,1,5,pay_5,4,1,0.0006217878120410303,-0.0003162611410048033,0.003910259148042716,0.0038902286191705437,0.00042201406424954846,0.0011968787527530944
Taiwan Credit Card Default,R1_F5,1,5,pay_5,5,1,-0.000490689401995037,0.00025260626433176725,0.0010752720047098596,0.0027249797458098746,0.00031968995021217084,0.0005176000465441644
Taiwan Credit Card Default,R1_F5,1,5,pay_6,1,1,0.0021637171502354446,0.0017495553899805616,0.004926699035172122,0.0038025659527063382,0.0006760383283403448,0.0018965277603990027
Taiwan Credit Card Default,R1_F5,1,5,pay_6,2,1,0.0016326776039292668,0.0041937880133308125,3.869002674528055e-05,0.0011250569649096098,0.0007909450111114047,0.0021657666553075994
Taiwan Credit Card Default,R1_F5,1,5,pay_6,3,1,0.0007195775735482357,0.004295731606587361,-0.0009876418865435443,0.0017752481138284537,0.0006393853624121759,0.0016537692020492378
Taiwan Credit Card Default,R1_F5,1,5,pay_6,4,1,0.00023616702111495247,0.004816560697920913,0.002089985795399707,0.0020747885968909197,0.00070146508254329,0.0015575300312729579
Taiwan Credit Card Default,R1_F5,1,5,pay_6,5,1,0.000575108233328292,0.00833269827719052,0.002493337321752387,0.003307604182490209,0.0008219243144590993,0.0019258440933626608
Taiwan Credit Card Default,R1_F5,1,5,limit_bal,1,1,0.015328545116208403,0.012028057933961112,0.010625084585328515,0.010070763076611478,0.0022395856082964016,0.007400098606143379
Taiwan Credit Card Default,R1_F5,1,5,limit_bal,2,1,0.015255202795078193,0.01785320661666434,0.012977932692111616,0.011279843283204194,0.002714194664842129,0.00851307592298417
Taiwan Credit Card Default,R1_F5,1,5,limit_bal,3,1,0.011786989214643828,0.011877631049336812,0.010910015094796721,0.008642526203858414,0.0022487795588168324,0.0069204714949523405
Taiwan Credit Card Default,R1_F5,1,5,limit_bal,4,1,0.016107619373132764,0.012636343320295618,0.00921766358989684,0.007238024710111812,0.002310963769197538,0.007567727135829483
Taiwan Credit Card Default,R1_F5,1,5,limit_bal,5,1,0.011417824953162237,0.013975290797136108,0.014543188670763874,0.012273406248417551,0.0022950124114521353,0.0067703436313084064
Taiwan Credit Card Default,R1_F5,1,5,age,1,1,0.0011983992860399306,0.0036335868948551564,0.006651769467075186,0.0033678920451667427,0.0006754977539536189,0.001472042237239457
Taiwan Credit Card Default,R1_F5,1,5,age,2,1,0.0018048382196567125,0.004350739079789778,0.005516623001974752,0.0030446161830978147,0.0009031288123647618,0.002093681904068334
Taiwan Credit Card Default,R1_F5,1,5,age,3,1,0.0030793489543775587,0.0024470320744569563,-0.004063901510563517,-0.0007744062990532319,0.0006158755708801367,0.0017420603485797104
Taiwan Credit Card Default,R1_F5,1,5,age,4,1,0.0008051831738314918,0.0012902874844853418,0.0006652973992509192,0.0009296356777557246,0.0003856890017497061,0.0008372217981403862
Taiwan Credit Card Default,R1_F5,1,5,age,5,1,0.00357407337080351,0.004238665906008077,0.006160258416541109,0.003411723378398901,0.0010221671175785763,0.0025637938592023013
Taiwan Credit Card Default,R1_F5,1,5,bill_amt1,1,1,0.021244350979796378,0.02372207884052857,0.010853940946062512,0.010892640133677634,0.003720852431298216,0.012079550377521842
Taiwan Credit Card Default,R1_F5,1,5,bill_amt1,2,1,0.022330165451415307,0.021403001235136276,0.008415098980352365,0.008710092916097034,0.0035531859994911708,0.01198497428253581
Taiwan Credit Card Default,R1_F5,1,5,bill_amt1,3,1,0.018796125753202664,0.016326143743130905,0.007990678317617739,0.009164862777862104,0.0031499045081850585,0.010392732133769733
Taiwan Credit Card Default,R1_F5,1,5,bill_amt1,4,1,0.022017016684389157,0.021511991657119367,0.008896218611345208,0.009791318547774486,0.003330022765782953,0.011599174438054138
Taiwan Credit Card Default,R1_F5,1,5,bill_amt1,5,1,0.018956418679426768,0.021587831778819067,0.008751138220262078,0.009942908501696213,0.003363213534872761,0.010813414481800121
Taiwan Credit Card Default,R1_F5,1,5,bill_amt2,0,0,0.0,0.0,0.0,0.0,0.0,0.0
Taiwan Credit Card Default,R1_F5,1,5,bill_amt3,0,0,0.0,0.0,0.0,0.0,0.0,0.0
Taiwan Credit Card Default,R1_F5,1,5,bill_amt4,0,0,0.0,0.0,0.0,0.0,0.0,0.0
Taiwan Credit Card Default,R1_F5,1,5,bill_amt5,0,0,0.0,0.0,0.0,0.0,0.0,0.0
Taiwan Credit Card Default,R1_F5,1,5,bill_amt6,0,0,0.0,0.0,0.0,0.0,0.0,0.0
Taiwan Credit Card Default,R1_F5,1,5,pay_amt1,1,1,0.0075991980606614495,0.004670428744939281,0.00473766341327253,0.008865322294799638,0.0014053903172456528,0.003977566911958774
Taiwan Credit Card Default,R1_F5,1,5,pay_amt1,2,1,0.008939139323510092,0.00539907352647373,0.004643231386936064,0.008454383766266615,0.0015902655347545536,0.004492930937259165
Taiwan Credit Card Default,R1_F5,1,5,pay_amt1,3,1,0.010102964074130472,0.007014416605466645,-0.00046557148092024603,0.005928464732391392,0.0013521243435092312,0.004673869214751825
Taiwan Credit Card Default,R1_F5,1,5,pay_amt1,4,1,0.011022630892703389,0.008066152575693653,0.0038380239193968047,0.008238866524887367,0.0019025558780826901,0.0059683575358662755
Taiwan Credit Card Default,R1_F5,1,5,pay_amt1,5,1,0.009407675705099039,0.0015730160606629573,0.0006753700882844993,0.006814269076915291,0.0011232900462809225,0.004112500245928519
Taiwan Credit Card Default,R1_F5,1,5,pay_amt2,1,1,0.00524812965213417,0.006922833537224338,0.007048008265155892,0.009100935490404582,0.0015824851464171785,0.0036836915821878424
Taiwan Credit Card Default,R1_F5,1,5,pay_amt2,2,1,0.006980970555471089,0.003440423786152058,0.00700067775050911,0.009663463972859332,0.0012846367913494083,0.0033981650996231516
Taiwan Credit Card Default,R1_F5,1,5,pay_amt2,3,1,0.007065943212314574,0.0020016725204572428,0.00116629119567907,0.0073329662261379935,0.0010467110999102802,0.003197639638115035
Taiwan Credit Card Default,R1_F5,1,5,pay_amt2,4,1,0.007598406881361153,0.001483313919811824,0.008404861175581424,0.010808616891994527,0.0010818151936747011,0.003286031060156902
Taiwan Credit Card Default,R1_F5,1,5,pay_amt2,5,1,0.001656175629145773,0.002479136006126481,0.010201013211993404,0.010525532938376547,0.001053467543720904,0.0018385192879882828
Taiwan Credit Card Default,R1_F5,1,5,pay_amt3,1,1,0.007297284039698315,0.0065481323175866635,-0.0008966860140905419,0.00484723910071394,0.001150934763495176,0.003494647374273241
Taiwan Credit Card Default,R1_F5,1,5,pay_amt3,2,1,0.009020630791432449,0.006208792925932127,-0.00203964244794691,0.003961434756190152,0.001229720268606932,0.0039137366914780425
Taiwan Credit Card Default,R1_F5,1,5,pay_amt3,3,1,0.007042840776748216,0.008347150114842106,0.0018467745330331131,0.0061640779279963365,0.001137475068837851,0.003587226279533673
Taiwan Credit Card Default,R1_F5,1,5,pay_amt3,4,1,0.005581216137525935,0.008123390170308942,0.0025949934330872226,0.006942123651830334,0.0011920230581323465,0.003277894274400006
Taiwan Credit Card Default,R1_F5,1,5,pay_amt3,5,1,0.008324551243100942,0.0068984284695479126,-0.0008966860140905419,0.00484723910071394,0.0012521590223582568,0.003917162566593246
Taiwan Credit Card Default,R1_F5,1,5,pay_amt4,1,1,0.006315114056407944,0.005986401717723133,0.0049460049672641615,0.008151203858423162,0.001116749829948832,0.003369008900352688
Taiwan Credit Card Default,R1_F5,1,5,pay_amt4,2,1,0.00855304382500377,0.006754570782404157,0.0011436186495256129,0.006359499215150111,0.0014431033796202253,0.004473823046962477
Taiwan Credit Card Default,R1_F5,1,5,pay_amt4,3,1,0.0058571794774419095,0.0028630514399526907,-0.005403133967558371,0.0032509557445945525,0.0009533474417618704,0.0030435791099862053
Taiwan Credit Card Default,R1_F5,1,5,pay_amt4,4,1,0.007281460453693933,0.005905552474608222,-0.0019441197049467895,0.0043723732847231744,0.0011571897678070986,0.0035124812060277066
Taiwan Credit Card Default,R1_F5,1,5,pay_amt4,5,1,0.00792927806471222,0.007294794381773939,0.0040886178403531925,0.006962219606055919,0.0015653359813923295,0.004488137335096787
Taiwan Credit Card Default,R1_F5,1,5,pay_amt5,1,1,0.001426891867942759,0.0031266247019599014,-0.003208784519990293,0.0015396349182236202,0.0003838947396259673,0.0012834910536673183
Taiwan Credit Card Default,R1_F5,1,5,pay_amt5,2,1,0.0027139823535369256,0.006670978896705537,-0.00012511356432726162,0.0035267608486504454,0.0007055058206952014,0.001935710859441886
Taiwan Credit Card Default,R1_F5,1,5,pay_amt5,3,1,0.0035662406957314152,0.005549487838987566,0.0005207169305058712,0.0038938680439515316,0.0009865271802325937,0.002677003426166058
Taiwan Credit Card Default,R1_F5,1,5,pay_amt5,4,1,0.0029592479366042923,0.0013308048836315756,-0.0009117388960817041,0.003311243607271197,0.0005873201346016377,0.0016813048991831114
Taiwan Credit Card Default,R1_F5,1,5,pay_amt5,5,1,0.0022093681958581524,0.005701745471601183,0.0009333648499720848,0.003439098182186351,0.0006344361738358784,0.0017364799872485182
Taiwan Credit Card Default,R1_F5,1,5,pay_amt6,1,1,0.00231174679730628,0.003669398541432889,-0.006604745666378753,0.00041821737809499826,0.0004128188337321481,0.001387005611069636
Taiwan Credit Card Default,R1_F5,1,5,pay_amt6,2,1,0.004411694895944174,0.005215871041397979,-0.0006310413021188288,0.003008063699427743,0.0008991765890581371,0.0026532469224365696
Taiwan Credit Card Default,R1_F5,1,5,pay_amt6,3,1,0.004599837333535861,0.005613016009901162,0.0023202904458648477,0.005146779583776295,0.0010174077664530934,0.0030725924587513553
Taiwan Credit Card Default,R1_F5,1,5,pay_amt6,4,1,0.003433718162945132,0.006798840987708665,-0.004923298322577985,0.0012601903893867394,0.0008003050700284287,0.0022429562281749416
Taiwan Credit Card Default,R1_F5,1,5,pay_amt6,5,1,0.004511541723631551,0.005994011383830378,0.003907343024346865,0.005015285584080154,0.0012113631232375244,0.0032616822685728186
Taiwan Credit Card Default,R2_F1,2,1,sex,1,1,0.000609656675919279,9.874897541206629e-05,0.0009970305973852622,0.00048679964999132075,6.028401674132433e-05,0.00027786527899148483
Taiwan Credit Card Default,R2_F1,2,1,sex,2,1,0.0013973870186326787,0.002472163573853492,0.005297335689196936,0.0027070770194186355,0.0005949839684183944,0.0013576517932838983
Taiwan Credit Card Default,R2_F1,2,1,sex,3,1,0.0017195923582766781,0.00019368605773839587,0.004267708709999984,0.002386495698623703,0.000247518813980635,0.000683064963046931
Taiwan Credit Card Default,R2_F1,2,1,sex,4,1,0.0007101834426730402,0.00013537132446783673,0.001960646998707849,0.0011398176291792517,0.00012018894089696475,0.00032848349841285707
Taiwan Credit Card Default,R2_F1,2,1,sex,5,1,0.00036191260050244534,-0.0004921654873141224,-0.0013413968826391787,-0.0005936600902565203,8.797046270600517e-05,0.00017248466959213227
Taiwan Credit Card Default,R2_F1,2,1,education,1,1,0.006087959459292636,0.005352185970714851,0.005367327290047685,0.00414368409325494,0.0011632998425349095,0.003753114076197217
Taiwan Credit Card Default,R2_F1,2,1,education,2,1,0.0025277853384877425,0.0011725864488466575,0.0031642434251776264,0.0023983510362213245,0.0003766730913694616,0.0011710830731080923
Taiwan Credit Card Default,R2_F1,2,1,education,3,1,0.004226752657382038,0.005188868913409861,0.0018165695015339711,0.0018046909459649152,0.0007804418361611332,0.0021649944667576637
Taiwan Credit Card Default,R2_F1,2,1,education,4,1,0.004669784999392634,0.007430793989135598,0.006233565153426157,0.0035263133278029546,0.0010801768522826216,0.002880800628075497
Taiwan Credit Card Default,R2_F1,2,1,education,5,1,0.006499161031862544,0.00556487911174075,0.010600628339270168,0.005414154038837271,0.0011521726208322813,0.003918928307097058
Taiwan Credit Card Default,R2_F1,2,1,marriage,1,1,0.001841718575722462,0.00578744716090418,0.003302074233387964,0.001733477719435772,0.0004645409194979633,0.0014048240837959969
Taiwan Credit Card Default,R2_F1,2,1,marriage,2,1,0.0030371588504803926,0.00943346740929063,0.005014845840214499,0.0022677799207607707,0.0007240846725415362,0.0020682248348578014
Taiwan Credit Card Default,R2_F1,2,1,marriage,3,1,0.0038460826391735203,0.0067717101919386735,0.0020264447433303023,0.0008073809707864754,0.000489354126488345,0.0015802050663824008
Taiwan Credit Card Default,R2_F1,2,1,marriage,4,1,0.003928907600473153,0.007800567002203551,0.00800324693709864,0.003728178870735066,0.0008649918033606652,0.002565857420775808
Taiwan Credit Card Default,R2_F1,2,1,marriage,5,1,0.004878309019605731,0.009313538704915358,0.002337213679557859,0.001080459740247841,0.0008980951107254165,0.0027003681285905357
Taiwan Credit Card Default,R2_F1,2,1,pay_0,1,1,0.07544176560730831,0.18239630393366457,0.15871148304046584,0.07571525038148197,0.026693356912231264,0.06234067241672786
Taiwan Credit Card Default,R2_F1,2,1,pay_0,2,1,0.08933386644458752,0.20775695574245123,0.19097263661415884,0.09093669184762021,0.03121425934047578,0.07339041246342054
Taiwan Credit Card Default,R2_F1,2,1,pay_0,3,1,0.08666121862476794,0.20468774946874568,0.20315949651737408,0.09727694263510689,0.030996385601843673,0.07290893751477029
Taiwan Credit Card Default,R2_F1,2,1,pay_0,4,1,0.08652390783108388,0.19218650194337805,0.1718061467620956,0.0819249300535081,0.028361948391684183,0.06774968295523187
Taiwan Credit Card Default,R2_F1,2,1,pay_0,5,1,0.08123756407566363,0.19488674843981335,0.17979962741051975,0.08575996936450836,0.028731648662102566,0.06805215049589741
Taiwan Credit Card Default,R2_F1,2,1,pay_2,1,1,0.006130833556906579,0.016016645617652703,0.02136735389565697,0.012431133480707568,0.002043661516304779,0.005362250612122255
Taiwan Credit Card Default,R2_F1,2,1,pay_2,2,1,0.006553484462362036,0.013111868783285852,0.016942096121889016,0.012312336501902221,0.001749026741721671,0.0049419919904212795
Taiwan Credit Card Default,R2_F1,2,1,pay_2,3,1,0.006603991448566382,0.009676897659708916,0.009469137252489324,0.007361271437860806,0.0014632437591115821,0.004327180311811174
Taiwan Credit Card Default,R2_F1,2,1,pay_2,4,1,0.005462143795825769,0.016001785619163877,0.011604498191186086,0.007836215750254394,0.0017711455986815228,0.004731991132847502
Taiwan Credit Card Default,R2_F1,2,1,pay_2,5,1,0.005817479119989644,0.018164273162693312,0.022804365353633893,0.014627618973996781,0.00217476246337997,0.005600810881535356
Taiwan Credit Card Default,R2_F1,2,1,pay_3,1,1,0.005300553920349116,0.009427485485807297,0.008850157076036924,0.006815113898937852,0.001543038700465349,0.004147408808367059
Taiwan Credit Card Default,R2_F1,2,1,pay_3,2,1,0.007930165240669806,0.008791358072257394,0.01017000817423308,0.007574992318390761,0.001552562429188581,0.004533248387749711
Taiwan Credit Card Default,R2_F1,2,1,pay_3,3,1,0.007996831214421851,0.015916284825652327,0.012994298619132483,0.008263657511314415,0.0020126457858473945,0.005495164976620892
Taiwan Credit Card Default,R2_F1,2,1,pay_3,4,1,0.005608143090351958,0.013227861053660028,0.014836615230254369,0.010068348457279441,0.001960333985830537,0.005174739564706932
Taiwan Credit Card Default,R2_F1,2,1,pay_3,5,1,0.004956992732840448,0.0057675784689379395,0.012334398064267671,0.007883718301588072,0.0013885782928796109,0.0036491352139665367
Taiwan Credit Card Default,R2_F1,2,1,pay_4,1,1,0.003463463798346278,0.010111611509648344,0.004980052227649356,0.004203041982186351,0.0009237253459064287,0.0026495765653183345
Taiwan Credit Card Default,R2_F1,2,1,pay_4,2,1,0.003871011328505869,0.013288446973502954,0.003009577207525038,0.003063224353007099,0.0011534601767179964,0.003212038914584714
Taiwan Credit Card Default,R2_F1,2,1,pay_4,3,1,0.0012493577005452394,0.008866923741807198,0.006522464260304395,0.005568435829493512,0.0008616648153504658,0.0022456367970954405
Taiwan Credit Card Default,R2_F1,2,1,pay_4,4,1,0.0004711278680984421,0.006674225041391479,0.006024493571587908,0.004523623302981505,0.0005191292540674963,0.0013681510704148803
Taiwan Credit Card Default,R2_F1,2,1,pay_4,5,1,0.0034542880918493335,0.008126984243987612,0.0032755853427557935,0.003502521451664853,0.0008974994830613647,0.002405849240964597
Taiwan Credit Card Default,R2_F1,2,1,pay_5,1,1,0.0026136959356005685,0.004182992847082123,0.001171975183412055,0.0028613588100747656,0.0007386175764969583,0.001983596425923939
Taiwan Credit Card Default,R2_F1,2,1,pay_5,2,1,-0.00010036436486904332,0.005833058550369863,0.0022939605807838492,0.0042861105463134486,0.0005692106696871535,0.0013686641234119112
Taiwan Credit Card Default,R2_F1,2,1,pay_5,3,1,-0.001202423555808796,0.0007386822856960684,0.002486226926618984,0.003621237229527674,7.423979482204524e-05,0.00010381478426402246
Taiwan Credit Card Default,R2_F1,2,1,pay_5,4,1,0.0008460326193930889,0.004016108016826947,0.0008202090176540056,0.002754498369809788,0.00046168054782588785,0.0010568318082667671
Taiwan Credit Card Default,R2_F1,2,1,pay_5,5,1,-0.0009111557752383703,0.0018788680269254954,0.002134426272339396,0.0035143767892626965,0.00017762208996319195,0.0003491180064125188
Taiwan Credit Card Default,R2_F1,2,1,pay_6,1,1,0.001339003541010686,0.009033594516281274,0.005057922973393636,0.0038706053237935745,0.00046268444079183846,0.0013660929516282616
Taiwan Credit Card Default,R2_F1,2,1,pay_6,2,1,0.0014581253235858016,0.0013033902460957147,0.0036661056861092,0.0034431635627334423,0.00013645048885310707,0.0006574437992932225
Taiwan Credit Card Default,R2_F1,2,1,pay_6,3,1,0.002185036160403664,0.002283924366290213,0.003089038305111147,0.0027307876946142118,0.00034544445330544904,0.001283087520907944
Taiwan Credit Card Default,R2_F1,2,1,pay_6,4,1,-0.00025537696400712573,0.0014458675736341853,0.005057922973393636,0.0038706053237935745,1.0215877613212188e-05,0.0001530300700645637
Taiwan Credit Card Default,R2_F1,2,1,pay_6,5,1,0.0010967811296804797,-0.0009347651927347211,0.0007754199590083166,0.0014841096251698715,0.00011355331432136295,0.0005618566339822273
Taiwan Credit Card Default,R2_F1,2,1,limit_bal,1,1,0.023791226530491594,0.01771808506921735,0.01675007251378846,0.011540602744851691,0.0029931270503026908,0.010556434855606756
Taiwan Credit Card Default,R2_F1,2,1,limit_bal,2,1,0.020918337186588754,0.018764087692606957,0.018665554806627738,0.01301285703242372,0.002943008703080424,0.009660190335565644
Taiwan Credit Card Default,R2_F1,2,1,limit_bal,3,1,0.018010937442144326,0.01572718555723096,0.0068119367148903875,0.007278121672791293,0.002192778105022025,0.007762271681993227
Taiwan Credit Card Default,R2_F1,2,1,limit_bal,4,1,0.020345139733829787,0.01785476391490859,0.01286954228999898,0.010365137901936494,0.0027942558495832603,0.009262798384400861
Taiwan Credit Card Default,R2_F1,2,1,limit_bal,5,1,0.020884963599241635,0.01998220651614835,0.007217078113356368,0.007218763783859883,0.002675364699065874,0.009427661820933353
Taiwan Credit Card Default,R2_F1,2,1,age,1,1,0.002254706569026377,0.0031285157558751386,0.007858111664987677,0.004559270516717229,0.000667935102773437,0.001808740627921468
Taiwan Credit Card Default,R2_F1,2,1,age,2,1,0.0012016927473266215,0.002193751245506359,-0.0008815841405031,0.0006173707654519855,0.0004067988965188174,0.0011933593299574552
Taiwan Credit Card Default,R2_F1,2,1,age,3,1,0.001879152210192192,0.004804340119418549,-0.0018015015727756989,-0.0002018655429323335,0.0006298764276818636,0.0017711831875565354
Taiwan Credit Card Default,R2_F1,2,1,age,4,1,0.0019995732078463835,0.005280102387163588,-0.001147810523689563,0.00017807366679412073,0.0005042405970532293,0.001608937141931055
Taiwan Credit Card Default,R2_F1,2,1,age,5,1,0.0035462887596459103,0.0063649827008746,0.0052009713808379154,0.003205732007007911,0.0008195166847003443,0.0023887373621938046
Taiwan Credit Card Default,R2_F1,2,1,bill_amt1,1,1,0.018652749691274062,0.012455801668476596,-0.0013093727521388265,0.005425846974550286,0.002292426314743634,0.00884750936451828
Taiwan Credit Card Default,R2_F1,2,1,bill_amt1,2,1,0.01936764278860925,0.020262458380536974,0.002204164183838675,0.0068268880355932815,0.00287461871177902,0.00977435809009114
Taiwan Credit Card Default,R2_F1,2,1,bill_amt1,3,1,0.01800038131962589,0.013983375844464296,0.006309101351025914,0.008774086635559009,0.002484193115288885,0.008891972543201898
Taiwan Credit Card Default,R2_F1,2,1,bill_amt1,4,1,0.01736977480055424,0.005061693191611982,0.003230398475635443,0.007313687685584602,0.0017962526529764211,0.007322577948991438
Taiwan Credit Card Default,R2_F1,2,1,bill_amt1,5,1,0.018682144432441095,0.01581555976454363,0.0023686545536669157,0.007432403463447423,0.002464255563598916,0.008570955769122757
Taiwan Credit Card Default,R2_F1,2,1,bill_amt2,0,0,0.0,0.0,0.0,0.0,0.0,0.0
Taiwan Credit Card Default,R2_F1,2,1,bill_amt3,0,0,0.0,0.0,0.0,0.0,0.0,0.0
Taiwan Credit Card Default,R2_F1,2,1,bill_amt4,0,0,0.0,0.0,0.0,0.0,0.0,0.0
Taiwan Credit Card Default,R2_F1,2,1,bill_amt5,0,0,0.0,0.0,0.0,0.0,0.0,0.0
Taiwan Credit Card Default,R2_F1,2,1,bill_amt6,0,0,0.0,0.0,0.0,0.0,0.0,0.0
Taiwan Credit Card Default,R2_F1,2,1,pay_amt1,1,1,0.01036570630853384,0.008258295328542276,-0.0027885703411302254,0.004060453127243124,0.001544794871698757,0.0052033032184955474
Taiwan Credit Card Default,R2_F1,2,1,pay_amt1,2,1,0.007256035016444784,0.0009915430456584051,-0.003144017468020177,0.004891544773225176,0.0007556935577141544,0.0029846732987341973
Taiwan Credit Card Default,R2_F1,2,1,pay_amt1,3,1,0.008115465791342258,0.004366698364434485,-0.0004954606799891792,0.006411301612130993,0.001106319738210737,0.0036359268430562475
Taiwan Credit Card Default,R2_F1,2,1,pay_amt1,4,1,0.006536432264447334,0.0047981691678355975,0.0014757412437198525,0.006613167155063104,0.0009730685992072607,0.0033369864758897028
Taiwan Credit Card Default,R2_F1,2,1,pay_amt1,5,1,0.009536482284227987,0.006905770567393499,0.00031065451754996865,0.00645880416346456,0.0011262154294497673,0.004330483185173983
Taiwan Credit Card Default,R2_F1,2,1,pay_amt2,1,1,0.007735770184443047,0.004591345748294007,-0.001013940006011238,0.006636877830258792,0.0009784863844149172,0.0035043267941640144
Taiwan Credit Card Default,R2_F1,2,1,pay_amt2,2,1,0.009803958188660311,0.00767972395153127,0.005920112450180759,0.00977139661073756,0.0013784332369212726,0.0047919090116457785
Taiwan Credit Card Default,R2_F1,2,1,pay_amt2,3,1,0.009044404572977172,0.00525502614862261,-0.00035174107343505234,0.006078864953738106,0.0010243177640725243,0.004122259614606494
Taiwan Credit Card Default,R2_F1,2,1,pay_amt2,4,1,0.009373105988017327,0.006853202443971695,-0.0020471535393309925,0.006150078180267249,0.000930109461625972,0.004173112832605519
Taiwan Credit Card Default,R2_F1,2,1,pay_amt2,5,1,0.006743169863926646,0.004560560208117681,0.0118123885631653,0.012419115741224895,0.0010924593605858846,0.0037174862712440193
Taiwan Credit Card Default,R2_F1,2,1,pay_amt3,1,1,0.008981717445405435,0.00788427553610549,-0.00384386566289191,0.0026357013910045524,0.001102124621900069,0.003993107965350684
Taiwan Credit Card Default,R2_F1,2,1,pay_amt3,2,1,0.006212440504069439,0.0006687731341322722,-0.010687469678184403,-0.0004988173894742154,0.0003724807394553664,0.0018474848292467927
Taiwan Credit Card Default,R2_F1,2,1,pay_amt3,3,1,0.008782937538286184,0.010958784285302836,0.0010721519978880156,0.005568354628550987,0.001139438785855179,0.004110473024729611
Taiwan Credit Card Default,R2_F1,2,1,pay_amt3,4,1,0.010083614234460248,0.008450014479634227,-0.008578672646892105,0.00030856358131226,0.0009606493590563481,0.0037594611405609157
Taiwan Credit Card Default,R2_F1,2,1,pay_amt3,5,1,0.0068141394876286565,0.0062337894058559495,0.0014241800587344033,0.004571044653372547,0.0009694606546352125,0.003125460742372077
Taiwan Credit Card Default,R2_F1,2,1,pay_amt4,1,1,0.0061102897184666105,0.0025722233531036975,-0.0024246966094568223,0.004167313567508213,0.000803648679514879,0.00267637917799457
Taiwan Credit Card Default,R2_F1,2,1,pay_amt4,2,1,0.007135208014078187,0.003256043481566606,-0.005790690211921634,0.002433835848072219,0.0005539465650111208,0.0025506705054098022
Taiwan Credit Card Default,R2_F1,2,1,pay_amt4,3,1,0.006831841293082785,0.007536358568827395,-0.004542273509124284,0.0033599325967216265,0.0009550793600691942,0.003258193535482734
Taiwan Credit Card Default,R2_F1,2,1,pay_amt4,4,1,0.005434535475392521,0.005510782050576313,-0.004177330626990772,0.003466793036986715,0.0006811399297645682,0.0023527961850852708
Taiwan Credit Card Default,R2_F1,2,1,pay_amt4,5,1,0.008143886121199984,0.006247493618225075,-0.004836934942337723,0.00308685382726015,0.0006965471560768377,0.0029030745989552798
Taiwan Credit Card Default,R2_F1,2,1,pay_amt5,1,1,0.0014527660613841142,0.006133642884473711,0.001584468690280172,0.0040723896657832714,0.0002908119222583827,0.001089987357761113
Taiwan Credit Card Default,R2_F1,2,1,pay_amt5,2,1,0.0027896583778910244,0.001885844428391903,-0.0033724433153583533,0.0013059547574332253,0.0003426535041184675,0.0010823396581732814
Taiwan Credit Card Default,R2_F1,2,1,pay_amt5,3,1,0.0012176081320470766,0.003118381712386986,0.005235627072110227,0.006078946154680631,0.0004390689905983125,0.0012372727886729717
Taiwan Credit Card Default,R2_F1,2,1,pay_amt5,4,1,0.0032080056333966267,0.003567267757650372,-0.0009095820330081716,0.0033243665839282066,0.0003545936172023867,0.0013285578250467611
Taiwan Credit Card Default,R2_F1,2,1,pay_amt5,5,1,0.001754508763530449,0.0044772589856075795,-0.001297439391863664,0.0021133357282197007,0.0002436634495814327,0.001027332535198211
Taiwan Credit Card Default,R2_F1,2,1,pay_amt6,1,1,0.003265171096881736,0.00268118186428723,-0.0017040374028328142,0.0021726936171511113,0.0002480707277981442,0.0011940121389855118
Taiwan Credit Card Default,R2_F1,2,1,pay_amt6,2,1,0.0020327031923663696,0.0011848203630191456,-0.0038980384934425016,0.0016977493047574121,0.00011012767999826756,0.000609479364494403
Taiwan Credit Card Default,R2_F1,2,1,pay_amt6,3,1,0.003529886169270746,0.00628061113321432,-0.006523938644078131,0.00017799246585159523,0.00032763730969265215,0.0014649478332530164
Taiwan Credit Card Default,R2_F1,2,1,pay_amt6,4,1,0.0038605364069297377,0.005702232770874893,-0.003183194753684948,0.0019114701852874783,0.000468655299433518,0.0016659892720930491
Taiwan Credit Card Default,R2_F1,2,1,pay_amt6,5,1,0.0037923276152712626,0.002079199935301479,-0.00551038772728335,0.000664792115843138,0.0004302601019993968,0.0015821254397161977
Taiwan Credit Card Default,R2_F2,2,2,sex,1,1,-0.0006337689691082726,-0.0004341388700008775,0.001294763279749478,0.0007639419404126269,-8.556310375940068e-06,-0.00020271509512176378
Taiwan Credit Card Default,R2_F2,2,2,sex,2,1,0.0009898518812313517,0.003501791656662756,0.001015342933073704,0.0001508508541756548,0.0003851562345289494,0.0010147542644009522
Taiwan Credit Card Default,R2_F2,2,2,sex,3,1,0.0015785202711635637,0.002987500081526706,-0.000666988032571536,-0.00021312872975265407,0.0004218091749342845,0.0011066279242840094
Taiwan Credit Card Default,R2_F2,2,2,sex,4,1,0.002043446999818177,0.003557562385845592,-0.001982068034891371,-0.0008082284297117326,0.0004917440984136823,0.0013597354243445325
Taiwan Credit Card Default,R2_F2,2,2,sex,5,1,0.0009642894590990991,0.001964804125433983,0.0006472523543901709,0.00038197097020631343,0.0002516136428962479,0.0007660253448120713
Taiwan Credit Card Default,R2_F2,2,2,education,1,1,0.0031854522790283335,0.0010628069177539556,0.0042205544238219095,0.0023983901861139856,0.00026282518470435723,0.0016688737598687942
Taiwan Credit Card Default,R2_F2,2,2,education,2,1,0.003808882306700956,0.0035672868792512302,0.0061839562716189955,0.0033754608562792665,0.0005795681406525199,0.001814196312211025
Taiwan Credit Card Default,R2_F2,2,2,education,3,1,0.0037807147969627364,0.0035790830122776063,0.00853455849999668,0.003614884689053577,0.0006134715042111494,0.0019364420987365571
Taiwan Credit Card Default,R2_F2,2,2,education,4,1,0.00292559479034582,0.0027267321490486163,0.008185156680121985,0.0038460048050841245,0.0005387428828175778,0.0020139500909889807
Taiwan Credit Card Default,R2_F2,2,2,education,5,1,0.0036046271566054777,0.0012663783398680906,0.005550259107930056,0.0028246476456195158,0.0003937328977799137,0.0015388142810810468
Taiwan Credit Card Default,R2_F2,2,2,marriage,1,1,0.0018483910653310787,0.002126177723344669,0.0025518946607400728,0.0018655683617321284,0.00019527858548845645,0.0008304776370927081
Taiwan Credit Card Default,R2_F2,2,2,marriage,2,1,0.0017560732732990747,0.0030716033613655824,-0.0012937313933722439,-0.0007639419404124048,0.0001538097431070251,0.0008872524741810883
Taiwan Credit Card Default,R2_F2,2,2,marriage,3,1,0.0017945797244728334,0.004098966183931796,-0.0013139503470257496,-0.0005950996999589675,0.00027864141736960724,0.0011126658632922282
Taiwan Credit Card Default,R2_F2,2,2,marriage,4,1,0.0005680719160484626,0.0018407939695016529,-0.005596454815163632,-0.002486963164712419,0.00017377869968543402,0.000588406058296298
Taiwan Credit Card Default,R2_F2,2,2,marriage,5,1,0.0028683642720049862,0.005231539507662419,-0.002566734872979093,-0.00169672612127858,0.0004876553227270153,0.0016858530876939226
Taiwan Credit Card Default,R2_F2,2,2,pay_0,1,1,0.07272810309894706,0.2136150340480541,0.15060656708412834,0.07024805969818759,0.02908905985975538,0.06756229053949775
Taiwan Credit Card Default,R2_F2,2,2,pay_0,2,1,0.07863220852163222,0.2205314147146405,0.1569661966010994,0.07356124267888986,0.03074936078605814,0.07165022403309401
Taiwan Credit Card Default,R2_F2,2,2,pay_0,3,1,0.08128052429993149,0.2252993741533228,0.1700735626865416,0.08000077501356284,0.03165796887789479,0.07343723984897271
Taiwan Credit Card Default,R2_F2,2,2,pay_0,4,1,0.07531121027811272,0.21914658385706726,0.1470050107768472,0.06776940025021871,0.030014695539222896,0.0702240228082141
Taiwan Credit Card Default,R2_F2,2,2,pay_0,5,1,0.07161239292275845,0.2084714111962238,0.13658457492142967,0.06348883426888552,0.028749774207316725,0.06691608547048522
Taiwan Credit Card Default,R2_F2,2,2,pay_2,1,1,0.004759576464857029,0.012826311215014097,0.012414468562885861,0.00624439499119811,0.0024687319261823826,0.006557271831472866
Taiwan Credit Card Default,R2_F2,2,2,pay_2,2,1,0.004763158460315053,0.010559352975473946,0.010688919348019021,0.0065557843690836615,0.0024523117875059064,0.00636392723247714
Taiwan Credit Card Default,R2_F2,2,2,pay_2,3,1,0.0023610234607677194,0.014383977520479485,0.004121940543187819,0.0032426013883815052,0.0022793930603030033,0.005617372241445484
Taiwan Credit Card Default,R2_F2,2,2,pay_2,4,1,0.0021010031541098817,0.011783443367501145,0.014046146809836235,0.007114901296487064,0.002396758052028214,0.005799375770336235
Taiwan Credit Card Default,R2_F2,2,2,pay_2,5,1,0.0051058902984584265,0.019987740000459553,0.015993119658754773,0.00842965644755933,0.003038794184661159,0.007624185756483881
Taiwan Credit Card Default,R2_F2,2,2,pay_3,1,1,0.005883997402727603,0.0019623411095576193,0.015685238975025162,0.00781656536132247,0.0014781488137475263,0.004584727036760217
Taiwan Credit Card Default,R2_F2,2,2,pay_3,2,1,0.002524736934997107,0.004540051913392906,0.007730431342501565,0.00509017836383574,0.0012665452439570568,0.003343440246177387
Taiwan Credit Card Default,R2_F2,2,2,pay_3,3,1,0.0022249076333624718,0.003319067897836092,0.010761242330107612,0.005711573166816253,0.0013082560387150388,0.0033967319893287162
Taiwan Credit Card Default,R2_F2,2,2,pay_3,4,1,0.0035508158157472325,0.006825501821848601,0.011067545379649768,0.0061558220125995655,0.0016121166955433142,0.004347740452806392
Taiwan Credit Card Default,R2_F2,2,2,pay_3,5,1,0.002876342352797878,-0.0006938480380765943,0.010110759967213223,0.005329602196609828,0.0011756847910007473,0.0034748287675808176
Taiwan Credit Card Default,R2_F2,2,2,pay_4,1,1,0.0011523442206456957,0.00624458793545557,-0.0008074634550259696,0.0007999247129681919,0.0009342870770574219,0.0025461147515586924
Taiwan Credit Card Default,R2_F2,2,2,pay_4,2,1,0.0007972382163746738,0.0017104643706006284,-0.0007566974692841399,0.00046224023206131726,0.000589635749518036,0.001847822834235957
Taiwan Credit Card Default,R2_F2,2,2,pay_4,3,1,0.0012508490957414686,0.005028465971292584,0.0012116986537366592,0.0014393109022265982,0.000811268879898186,0.002542482075441499
Taiwan Credit Card Default,R2_F2,2,2,pay_4,4,1,0.001560447475898008,0.000877353133062142,0.00344932346046406,0.00302947265862874,0.0007893021699338365,0.002443179821489061
Taiwan Credit Card Default,R2_F2,2,2,pay_4,5,1,0.001526662746009766,0.0025555344010049774,0.003472204343251961,0.002860630418175303,0.0007530562061812407,0.002416742681336015
Taiwan Credit Card Default,R2_F2,2,2,pay_5,1,1,0.0005372179097168361,0.0008002545849037368,-0.00026150107435146674,-0.0007819333266902984,0.000668630224084088,0.0018797464301955613
Taiwan Credit Card Default,R2_F2,2,2,pay_5,2,1,0.0008070072948964668,0.007300390549792812,0.006150734846685324,0.003713145337186363,0.0008879376170380371,0.0025282802651417913
Taiwan Credit Card Default,R2_F2,2,2,pay_5,3,1,0.00046207741408577085,0.0021957047842446897,0.005518470628937511,0.0031623321265266124,0.0006726866772203688,0.0019131584559631265
Taiwan Credit Card Default,R2_F2,2,2,pay_5,4,1,0.002612495823718919,0.0029636347257453455,0.0025311080121284135,0.0020344106021856767,0.0008025374305836164,0.0025733188599303958
Taiwan Credit Card Default,R2_F2,2,2,pay_5,5,1,0.0010226597032675366,0.008811732915343096,0.0061839562716189955,0.0033754608562792665,0.0009578863353808809,0.0025078107423483487
Taiwan Credit Card Default,R2_F2,2,2,pay_6,1,1,0.00245358547976271,0.004898750708724697,0.0067640072196044065,0.004432800788299662,0.0009336642537181028,0.002681257275497173
Taiwan Credit Card Default,R2_F2,2,2,pay_6,2,1,0.0018802219795148734,0.005201894154264974,0.005758106005489927,0.004113107693670459,0.0008720508383292525,0.0024844512433884747
Taiwan Credit Card Default,R2_F2,2,2,pay_6,3,1,0.0041954121802173505,0.003478070075353834,0.0038496654469530323,0.002629510302144644,0.0009802153061337637,0.003065994819558382
Taiwan Credit Card Default,R2_F2,2,2,pay_6,4,1,0.0018131409736644732,0.005351140804171095,0.0031125683232731682,0.002922908293752302,0.0008733027954283545,0.002401547350867006
Taiwan Credit Card Default,R2_F2,2,2,pay_6,5,1,0.003653065504276576,0.004418559555032342,0.004121940543187819,0.0032426013883815052,0.0008462258110286947,0.0025352057915808413
Taiwan Credit Card Default,R2_F2,2,2,limit_bal,1,1,0.013955210077520874,0.014674450555108631,0.006794003016272254,0.00836045880802927,0.002398958246614652,0.007508658116856082
Taiwan Credit Card Default,R2_F2,2,2,limit_bal,2,1,0.013479455953504416,0.010304417061164806,-0.0009364836548506061,0.004727582732697799,0.0017419253293106673,0.005960642270481986
Taiwan Credit Card Default,R2_F2,2,2,limit_bal,3,1,0.009532096958755454,0.010751135157736624,0.003252335172443166,0.006006355111214501,0.0016588317115011075,0.005269368552780929
Taiwan Credit Card Default,R2_F2,2,2,limit_bal,4,1,0.016305324733939086,0.015550311892756019,-0.0007964938567877611,0.004221056011337376,0.0022016089111566717,0.007192257484268771
Taiwan Credit Card Default,R2_F2,2,2,limit_bal,5,1,0.004213647793458231,0.007438734513886991,0.002024317952847521,0.004904728689894999,0.0011396050244477929,0.003218084599225568
Taiwan Credit Card Default,R2_F2,2,2,age,1,1,0.0016263887559208046,0.004432104374846646,0.002905427935113336,0.001803290486155018,0.00044998727328288135,0.0012302122228011747
Taiwan Credit Card Default,R2_F2,2,2,age,2,1,-0.0002957588522505272,0.003256914662317145,-0.001982068034891371,-0.0008082284297117326,0.00021458423941370097,0.0005215138105790218
Taiwan Credit Card Default,R2_F2,2,2,age,3,1,0.0020751965050145316,0.0048037557861322355,-0.002986432861132371,-0.0011279215243409357,0.0006247210185809093,0.001770210593028121
Taiwan Credit Card Default,R2_F2,2,2,age,4,1,0.003542186463052932,0.005297156101627842,0.001275451652126225,0.0009327841808660642,0.0005881358065740472,0.0020399173672412396
Taiwan Credit Card Default,R2_F2,2,2,age,5,1,0.003079620595040966,0.009731544443905227,0.0013131134391131116,0.0005950996999590785,0.0009842047140522503,0.002720512860020341
Taiwan Credit Card Default,R2_F2,2,2,bill_amt1,1,1,0.016906285881011285,0.023991167180613338,0.0018867221408101487,0.006868557699759803,0.00346365104489893,0.01068100989739973
Taiwan Credit Card Default,R2_F2,2,2,bill_amt1,2,1,0.016584069107764,0.015105559519267509,0.0030826025535110047,0.006681724073028472,0.002700494566721806,0.00909163184442241
Taiwan Credit Card Default,R2_F2,2,2,bill_amt1,3,1,0.01658309219991183,0.023583397266708772,0.006333872635716109,0.010048881212564087,0.0034369643239465786,0.010468277898026068
Taiwan Credit Card Default,R2_F2,2,2,bill_amt1,4,1,0.013785716565165917,0.022011920623511982,0.004207796443965295,0.00812103497525496,0.0030006118642281754,0.00941515069023513
Taiwan Credit Card Default,R2_F2,2,2,bill_amt1,5,1,0.01888468709967117,0.017486707360596765,0.0017315325621792832,0.007375084421120226,0.0030303515711816442,0.010232572258729422
Taiwan Credit Card Default,R2_F2,2,2,bill_amt2,0,0,0.0,0.0,0.0,0.0,0.0,0.0
Taiwan Credit Card Default,R2_F2,2,2,bill_amt3,0,0,0.0,0.0,0.0,0.0,0.0,0.0
Taiwan Credit Card Default,R2_F2,2,2,bill_amt4,0,0,0.0,0.0,0.0,0.0,0.0,0.0
Taiwan Credit Card Default,R2_F2,2,2,bill_amt5,0,0,0.0,0.0,0.0,0.0,0.0,0.0
Taiwan Credit Card Default,R2_F2,2,2,bill_amt6,0,0,0.0,0.0,0.0,0.0,0.0,0.0
Taiwan Credit Card Default,R2_F2,2,2,pay_amt1,1,1,0.0045043592884723704,0.0070806542011288,0.001026027231025739,0.0058734956433166285,0.0011633488149824234,0.0037818277055512994
Taiwan Credit Card Default,R2_F2,2,2,pay_amt1,2,1,0.006218181297164338,0.007054562121992625,-0.00862131470649663,0.0009258644169130026,0.0009340072545399036,0.003431281716817669
Taiwan Credit Card Default,R2_F2,2,2,pay_amt1,3,1,0.006675944034902903,0.006282933754971687,0.0067529648389550445,0.008529301048482707,0.001292919883774002,0.0043399052784147685
Taiwan Credit Card Default,R2_F2,2,2,pay_amt1,4,1,0.0063418415494539415,0.007711979739918551,-0.004991044762398256,0.004061901440418181,0.0013053391467406916,0.004181187832688726
Taiwan Credit Card Default,R2_F2,2,2,pay_amt1,5,1,0.00718979756515481,0.007814465255936098,0.004560200340378462,0.008227599340131286,0.0012165832923166087,0.004364647681464551
Taiwan Credit Card Default,R2_F2,2,2,pay_amt2,1,1,0.0048155858483824865,0.010017780023307887,0.006445623381927834,0.008253894443152832,0.001410794655014369,0.0035201470422283054
Taiwan Credit Card Default,R2_F2,2,2,pay_amt2,2,1,0.00616257895857697,0.0032975273032899155,0.005909247780935212,0.007365396751586095,0.0011740676921899451,0.0035847211476299212
Taiwan Credit Card Default,R2_F2,2,2,pay_amt2,3,1,0.0051627137718607274,0.004386416114619207,0.003824265288171036,0.0067260105623278,0.0010716954344847651,0.00347574747229773
Taiwan Credit Card Default,R2_F2,2,2,pay_amt2,4,1,0.006398990658807002,0.009577649973276703,0.003252335172443166,0.006006355111214501,0.0014107632394332048,0.003816115964942801
Taiwan Credit Card Default,R2_F2,2,2,pay_amt2,5,1,0.006256199294412013,0.008415745222756454,0.00251531869927496,0.005962068621915284,0.0015105444151565783,0.004017025290030007
Taiwan Credit Card Default,R2_F2,2,2,pay_amt3,1,1,0.004886737303616995,0.008443961772297781,-0.005769912216881168,0.002897997143521458,0.001131876517095426,0.0036425723532129695
Taiwan Credit Card Default,R2_F2,2,2,pay_amt3,2,1,0.0058921383014958195,0.009365106549270585,-0.003567693055505916,0.005607776707520995,0.0013601548051676293,0.004052499096618867
Taiwan Credit Card Default,R2_F2,2,2,pay_amt3,3,1,0.0067928473412149915,0.01062758656673446,-0.004396456076777855,0.0046127146510779315,0.0013035008474268361,0.0041834977187680256
Taiwan Credit Card Default,R2_F2,2,2,pay_amt3,4,1,0.00834368855656642,0.010854938710912032,-0.0005914641440164514,0.00612260714562507,0.001556315177976525,0.004855495664273235
Taiwan Credit Card Default,R2_F2,2,2,pay_amt3,5,1,0.007227734153414822,0.009791164357701665,-0.007309313151807106,0.0028094241649229135,0.0014791090517271288,0.004728016265019286
Taiwan Credit Card Default,R2_F2,2,2,pay_amt4,1,1,0.006874744782823683,0.008614625135553777,0.00025219161715778204,0.007117669202068244,0.0012458864633501376,0.003976574238065522
Taiwan Credit Card Default,R2_F2,2,2,pay_amt4,2,1,0.006835831286711391,0.008480116226776246,0.007235235344935198,0.009586640980502992,0.001351176261814857,0.0040850793531836405
Taiwan Credit Card Default,R2_F2,2,2,pay_amt4,3,1,0.0058641336097331465,0.00953372050498158,0.00036473638730716296,0.0067799847211612585,0.0014058933618954494,0.004094682793304993
Taiwan Credit Card Default,R2_F2,2,2,pay_amt4,4,1,0.006610491208806191,0.009790055166514988,0.004958900724640336,0.008165321464554287,0.0014375197565094644,0.0042301653472200385
Taiwan Credit Card Default,R2_F2,2,2,pay_amt4,5,1,0.005135848805925436,0.007665309088611516,0.004056995747311276,0.008627561696615493,0.001390178052191493,0.0038613607094091784
Taiwan Credit Card Default,R2_F2,2,2,pay_amt5,1,1,0.0030039102364963766,0.007773475648341854,0.0074873469450920105,0.006778600768370668,0.0008250147248938522,0.002565469445661106
Taiwan Credit Card Default,R2_F2,2,2,pay_amt5,2,1,0.0030923203971194857,0.007283339760031149,0.002170284269090883,0.004229359728080917,0.0009124502452942107,0.0027522653760465032
Taiwan Credit Card Default,R2_F2,2,2,pay_amt5,3,1,0.004675969434506988,0.0068499104898328556,0.006461811768899428,0.006458907673741576,0.0011142181411278873,0.003221438034735513
Taiwan Credit Card Default,R2_F2,2,2,pay_amt5,4,1,0.001875663076204681,0.007226617486089881,0.006119343918278453,0.006352343308865138,0.0009151880975800386,0.0024501238049961516
Taiwan Credit Card Default,R2_F2,2,2,pay_amt5,5,1,0.002386992927838283,0.0022834569269748473,0.004127358536077985,0.005375272638699746,0.0006676321475967972,0.002124621990186315
Taiwan Credit Card Default,R2_F2,2,2,pay_amt6,1,1,0.003188708638535487,0.008886876605452843,-0.001582573436819612,0.002888309473987327,0.001189798051023927,0.003185832800648547
Taiwan Credit Card Default,R2_F2,2,2,pay_amt6,2,1,0.0034926897985420036,0.009487747481264242,0.0005236708881019569,0.003358853422792074,0.0012975232435891437,0.0033199194441460578
Taiwan Credit Card Default,R2_F2,2,2,pay_amt6,3,1,0.0024898938882690347,0.006840223991793293,-0.004836575683824007,0.000978454622955982,0.0010088618675083427,0.0026684300627459745
Taiwan Credit Card Default,R2_F2,2,2,pay_amt6,4,1,0.0021860755462380643,0.0070997314794092325,-0.0017363932833114326,0.0019375339068434805,0.0008389758926930502,0.0024019350622732083
Taiwan Credit Card Default,R2_F2,2,2,pay_amt6,5,1,0.0031509348682509097,0.005282755500043312,0.0002502932034996741,0.0029146045770087614,0.0007490701356440421,0.0024066764101564053
Taiwan Credit Card Default,R2_F3,2,3,sex,1,1,1.614551109585527e-06,0.0007773039031252482,0.0015466864315194506,0.0013538011053862986,3.396960418788897e-06,7.232864816997253e-05
Taiwan Credit Card Default,R2_F3,2,3,sex,2,1,0.0013108540458715012,0.0013327022890460283,3.360808357166789e-05,-0.00016387693762276445,0.00010978741352513088,0.0004209807066346549
Taiwan Credit Card Default,R2_F3,2,3,sex,3,1,-0.0005477364639262516,0.00047808875160526565,-0.006061152916319368,-0.002579406852671662,-0.0001304276557167472,-0.00032071115003634576
Taiwan Credit Card Default,R2_F3,2,3,sex,4,1,0.0011264723091569673,0.001374188250552466,0.0,0.0,9.522466259256901e-05,0.0005066421960132628
Taiwan Credit Card Default,R2_F3,2,3,sex,5,1,0.0007426935104088983,-0.0011286714518707885,-0.003027322844472935,-0.0012897034263357199,-0.0001279219839835366,-0.0001246648086994373
Taiwan Credit Card Default,R2_F3,2,3,education,1,1,0.0039660640731379315,0.009016010720183654,0.003235626844460937,0.0020520944602813174,0.001267458055882048,0.002959131006218918
Taiwan Credit Card Default,R2_F3,2,3,education,2,1,0.0027062298423294884,0.003735537268756972,0.006606032344263879,0.003448681170071577,0.0005735519534508515,0.0014474410918721703
Taiwan Credit Card Default,R2_F3,2,3,education,3,1,0.004650310833379634,0.0072878849922968225,0.005265276840795308,0.002857271098630987,0.001202990340518184,0.003398865540194418
Taiwan Credit Card Default,R2_F3,2,3,education,4,1,0.0032751976533469396,0.003275774505095863,0.0035460821181659274,0.0023228546813586215,0.0005066822670356519,0.001996608170833747
Taiwan Credit Card Default,R2_F3,2,3,education,5,1,0.0061427211515237,0.003064880495136979,0.0023039628175224314,0.001239813797049627,0.0009346165952404395,0.0032195127361854814
Taiwan Credit Card Default,R2_F3,2,3,marriage,1,1,0.002632606311732344,0.0028444211273873643,0.010058930920034015,0.004189760129370779,0.0004957606179594454,0.0014376383051952768
Taiwan Credit Card Default,R2_F3,2,3,marriage,2,1,0.001110003887839106,0.00122689846908286,0.007917496864008555,0.0042039681791350425,0.0001897259864877543,0.0006585481125894188
Taiwan Credit Card Default,R2_F3,2,3,marriage,3,1,0.0024747839407706085,0.002657316900236073,0.010014688862963084,0.004517514004616308,0.0004671201179709261,0.0013319020905495638
Taiwan Credit Card Default,R2_F3,2,3,marriage,4,1,0.0013152940614228337,0.001883367712602002,0.01039684920958217,0.004296643412825207,0.0003648997266874898,0.0009975096346468981
Taiwan Credit Card Default,R2_F3,2,3,marriage,5,1,0.001406758381780726,-0.0013458816576781274,0.009720707438012344,0.004082876845916239,0.00018410799055634808,0.0005451247150577987
Taiwan Credit Card Default,R2_F3,2,3,pay_0,1,1,0.0817361655573624,0.19222639239990214,0.1900081468039165,0.09000815671220563,0.02996239033247758,0.0696281650851654
Taiwan Credit Card Default,R2_F3,2,3,pay_0,2,1,0.07866383625093498,0.1836780770098958,0.17956075393711574,0.08456437473602085,0.02845748441687937,0.06679333666062276
Taiwan Credit Card Default,R2_F3,2,3,pay_0,3,1,0.08428594539717327,0.19028419643344807,0.18193090995435168,0.08602505912486158,0.029903618421137812,0.07068708940429741
Taiwan Credit Card Default,R2_F3,2,3,pay_0,4,1,0.07605278419651551,0.17356311501972893,0.16946356102417656,0.08049570593986888,0.02735996550759276,0.06469199153683985
Taiwan Credit Card Default,R2_F3,2,3,pay_0,5,1,0.07546492613751588,0.17975141266196382,0.18430853092735247,0.08748574351370231,0.028025760848414266,0.06554190722907066
Taiwan Credit Card Default,R2_F3,2,3,pay_2,1,1,0.005627921530232949,0.004595964784688378,0.01617797979043767,0.00867869657934739,0.0013534239978237605,0.0036514364893404094
Taiwan Credit Card Default,R2_F3,2,3,pay_2,2,1,0.004444778477129652,0.0045715264720019855,0.013277221867211031,0.00864301499982556,0.001154081365573295,0.0028154649704453805
Taiwan Credit Card Default,R2_F3,2,3,pay_2,3,1,0.003100987588622872,0.01037002412820387,0.013750171803727007,0.008094390532788931,0.0010660644573419198,0.002856914477628314
Taiwan Credit Card Default,R2_F3,2,3,pay_2,4,1,0.0036967569480592655,0.00562728711267424,0.015177051825499555,0.008194169791361228,0.0011047118113517995,0.0027550570566743926
Taiwan Credit Card Default,R2_F3,2,3,pay_2,5,1,0.006267606679850046,0.0018601661802118974,0.01852065859337837,0.009754633438774252,0.0010304941264230871,0.003178906333993814
Taiwan Credit Card Default,R2_F3,2,3,pay_3,1,1,0.002031266750967875,0.0037472690161513,0.004057255172570717,0.003356005936381523,0.0005269918136485141,0.0013253233703696132
Taiwan Credit Card Default,R2_F3,2,3,pay_3,2,1,0.004221486058674118,0.0074493614124265806,0.00796439979433311,0.005785743901194573,0.0011238764269939916,0.00268291573053564
Taiwan Credit Card Default,R2_F3,2,3,pay_3,3,1,0.004092241242351968,0.005494182534761194,0.014122699837877062,0.008037396878620595,0.0010918462624875391,0.0024280850769338724
Taiwan Credit Card Default,R2_F3,2,3,pay_3,4,1,0.0036763328765231362,0.0034981364824491212,0.007857735842124847,0.004531722054380571,0.0007993824611161049,0.0018501597702822448
Taiwan Credit Card Default,R2_F3,2,3,pay_3,5,1,0.006131742203978718,0.007477782629508933,0.009941397513436423,0.006918674414789772,0.0012773853477583141,0.0032136577789269594
Taiwan Credit Card Default,R2_F3,2,3,pay_4,1,1,0.0018261380324950949,0.005341974267578209,0.0007787474429036823,0.0014677884137228592,0.00027935671195031264,0.0008975959833990022
Taiwan Credit Card Default,R2_F3,2,3,pay_4,2,1,0.0012557171254792276,0.005909482811139677,0.004477151243377109,0.003135135344590423,0.00032474152974226733,0.0006213901646396902
Taiwan Credit Card Default,R2_F3,2,3,pay_4,3,1,0.0021869094779317644,0.001035243557733212,0.003856487871433445,0.0025936149024359256,8.109205012449272e-05,0.0003728748672562343
Taiwan Credit Card Default,R2_F3,2,3,pay_4,4,1,0.0017186089285969874,0.0045877179514101085,0.004922071911081127,0.002750387815176447,0.00035195829433776193,0.0008678917822382282
Taiwan Credit Card Default,R2_F3,2,3,pay_4,5,1,0.0011882288890984194,0.0037795052519435934,0.003955615155286196,0.0021019840895675213,9.722995099931131e-05,8.956990250169605e-05
Taiwan Credit Card Default,R2_F3,2,3,pay_5,1,1,-0.0010417891034589788,0.00027807012275737897,0.0005095030846555271,0.0010331512550229016,-2.0428085075657743e-05,-0.0005165416345173646
Taiwan Credit Card Default,R2_F3,2,3,pay_5,2,1,-0.00016089001806995906,0.0016958746949459202,-0.0046263247617979175,-0.0008978518720397233,-3.637284109492267e-05,-0.0003173959618024136
Taiwan Credit Card Default,R2_F3,2,3,pay_5,3,1,0.0003840209814146567,0.003286196167515021,-0.0002643370214784335,0.0011471385633594622,0.00018520930633089683,0.00019042833229693246
Taiwan Credit Card Default,R2_F3,2,3,pay_5,4,1,-0.0008679019489569173,-0.002185948276004712,-0.00014476009925795674,0.0006555077504911688,-0.0001315062468932593,-0.0008991136864242022
Taiwan Credit Card Default,R2_F3,2,3,pay_5,5,1,0.001178783765107494,0.0010786390145505198,0.001741859637280907,0.002116192139331896,0.00019858911822911995,0.0003608305397492795
Taiwan Credit Card Default,R2_F3,2,3,pay_6,1,1,0.001870376732897805,0.003560226701882052,0.0020498099806545156,0.0023869523604092002,0.00024765022881181875,0.0006352285824424708
Taiwan Credit Card Default,R2_F3,2,3,pay_6,2,1,0.0005700979967941944,0.0023055337310040613,-0.001965080403177777,0.0004488452084643324,0.00021647726357976182,0.00036997830864093917
Taiwan Credit Card Default,R2_F3,2,3,pay_6,3,1,0.0008047730005723563,-0.0015358629945575464,-0.0012674353508581038,0.0006626117753733007,-3.682574769392488e-05,-0.00033564592377699487
Taiwan Credit Card Default,R2_F3,2,3,pay_6,4,1,0.0022512493396485977,0.0016079094481196154,0.007653850811158658,0.00551498368011738,0.00016658002165056973,0.0005915184301322207
Taiwan Credit Card Default,R2_F3,2,3,pay_6,5,1,0.0015266388016672572,0.0057446971446349915,-0.0011847976190852982,0.0003348579001276608,0.00016902581662173177,0.0005657751108225639
Taiwan Credit Card Default,R2_F3,2,3,limit_bal,1,1,0.01681409671031997,0.01213826730224521,0.014418317393027569,0.010217686697002959,0.0022367698479367204,0.007486609986558257
Taiwan Credit Card Default,R2_F3,2,3,limit_bal,2,1,0.019848887703449614,0.014107145268133059,0.011770660026433455,0.010125011463312905,0.0022673113991201477,0.008080330248909529
Taiwan Credit Card Default,R2_F3,2,3,limit_bal,3,1,0.020281183763040778,0.014724314893342916,0.0076596342658705185,0.00944092615818204,0.0024365101306987047,0.008451172373760363
Taiwan Credit Card Default,R2_F3,2,3,limit_bal,4,1,0.016705437420644897,0.008786033044765551,0.006615900403608488,0.0066122326141907495,0.0018084409476590013,0.006322486813096051
Taiwan Credit Card Default,R2_F3,2,3,limit_bal,5,1,0.014248817179857265,0.008850001095378368,0.009876101932831394,0.008664327074472178,0.0015216429250466124,0.005469927683009301
Taiwan Credit Card Default,R2_F3,2,3,age,1,1,0.0005796238483407601,0.0007504309625282479,-0.00384057950832406,-0.0010118391803763949,0.0001969224946738457,0.0003888301575135644
Taiwan Credit Card Default,R2_F3,2,3,age,2,1,0.0010762597696488685,0.001172923612676957,0.003447502399478164,0.0009049558969218552,0.00017481305121738733,0.0006185051175605083
Taiwan Credit Card Default,R2_F3,2,3,age,3,1,0.001165948083786228,0.0005263837713719299,0.0008097866156375755,-0.0004417411835822005,0.00019097874400553216,0.0005997713990774645
Taiwan Credit Card Default,R2_F3,2,3,age,4,1,0.0013622774987116504,0.0019322004237878332,0.006232883373300524,0.0035056748242399127,0.00044586644968239164,0.001073298445188553
Taiwan Credit Card Default,R2_F3,2,3,age,5,1,0.0014267788155396532,0.0011649086828141586,-0.0013055486097911517,-0.0007552870090634656,0.00029927059100204323,0.0010101721115596818
Taiwan Credit Card Default,R2_F3,2,3,bill_amt1,1,1,0.01297647017794945,0.009400442276791487,-0.00029280561920741466,0.004909204103801468,0.0014214474146441447,0.00582680968563265
Taiwan Credit Card Default,R2_F3,2,3,bill_amt1,2,1,0.011742630220005434,0.012598443481142918,0.000836393836431637,0.006156121925733227,0.0016577790341001097,0.006425773820741443
Taiwan Credit Card Default,R2_F3,2,3,bill_amt1,3,1,0.013150841697784466,0.01117836595040489,0.004877916782952685,0.0071679611061096216,0.0014647810022801744,0.005812448450557894
Taiwan Credit Card Default,R2_F3,2,3,bill_amt1,4,1,0.011710339197813724,0.011867174931958324,-0.0013801828442675523,0.004588554253438071,0.0013840552046389398,0.005558109868001315
Taiwan Credit Card Default,R2_F3,2,3,bill_amt1,5,1,0.011249061945805439,0.011057695683789892,0.0015122899671203838,0.005443620521073722,0.0014845110632371872,0.0058816999684654925
Taiwan Credit Card Default,R2_F3,2,3,bill_amt2,0,0,0.0,0.0,0.0,0.0,0.0,0.0
Taiwan Credit Card Default,R2_F3,2,3,bill_amt3,0,0,0.0,0.0,0.0,0.0,0.0,0.0
Taiwan Credit Card Default,R2_F3,2,3,bill_amt4,0,0,0.0,0.0,0.0,0.0,0.0,0.0
Taiwan Credit Card Default,R2_F3,2,3,bill_amt5,0,0,0.0,0.0,0.0,0.0,0.0,0.0
Taiwan Credit Card Default,R2_F3,2,3,bill_amt6,0,0,0.0,0.0,0.0,0.0,0.0,0.0
Taiwan Credit Card Default,R2_F3,2,3,pay_amt1,1,1,0.006133276027532775,0.004703317231238513,-0.0023879422211465773,0.005956563408588633,0.0008820594059470444,0.0031057489038187613
Taiwan Credit Card Default,R2_F3,2,3,pay_amt1,2,1,0.003237820795160107,-0.002630857181730284,-0.004668264034005498,0.004552872673916131,0.00036402351172276637,0.001488059388863483
Taiwan Credit Card Default,R2_F3,2,3,pay_amt1,3,1,0.006186314031482509,0.004550842905831187,0.0013026638308477057,0.007951664214701726,0.0008162625488410125,0.002794861519714864
Taiwan Credit Card Default,R2_F3,2,3,pay_amt1,4,1,0.0031730772956657383,0.003102718653198666,0.0028532194177077197,0.009141588382465149,0.000502527121287788,0.001990142216890922
Taiwan Credit Card Default,R2_F3,2,3,pay_amt1,5,1,0.003798877305740578,0.006100280761647037,0.004548580035593719,0.009077490703414681,0.0009677374540852657,0.0031282522245447697
Taiwan Credit Card Default,R2_F3,2,3,pay_amt2,1,1,0.002318818303584824,-0.0008602169578530994,-0.0072288248106967545,0.0019521537465980732,0.00015861526916632895,0.0006683573484705385
Taiwan Credit Card Default,R2_F3,2,3,pay_amt2,2,1,6.579295771569349e-05,-0.0005995464928505445,0.00026582493139337693,0.006540869455147091,2.9133710719803085e-05,0.0002262149345543807
Taiwan Credit Card Default,R2_F3,2,3,pay_amt2,3,1,0.00196103377770096,0.0007780081709711784,-0.0023381436346372464,0.003940150527829034,0.00020280706763123324,0.0007275306477130816
Taiwan Credit Card Default,R2_F3,2,3,pay_amt2,4,1,0.003465149591389438,0.005745674409487256,-0.0029040276750275096,0.00432489805724301,0.000987467949902593,0.0024976505211079525
Taiwan Credit Card Default,R2_F3,2,3,pay_amt2,5,1,0.00824688488508929,0.005366210302862884,0.0026233649483153876,0.007780683252196718,0.0008698032733907013,0.0034600124018170364
Taiwan Credit Card Default,R2_F3,2,3,pay_amt3,1,1,0.003229021491612749,-0.001158536961664347,-0.009085082294723712,-0.00043479861381101603,1.7657078968169593e-05,0.0005386210558559479
Taiwan Credit Card Default,R2_F3,2,3,pay_amt3,2,1,0.003915609350963467,0.005501072116637973,-0.0004091384729908998,0.00414681306985587,0.00045295558879324127,0.0017801882761453447
Taiwan Credit Card Default,R2_F3,2,3,pay_amt3,3,1,0.003893167090540217,0.005091628502958856,-0.004599911236169818,0.001446314883965405,0.000671714438690213,0.0019407522736089033
Taiwan Credit Card Default,R2_F3,2,3,pay_amt3,4,1,0.005343679807390589,-0.00038282292676838914,-0.00520700400800983,0.001994939351002145,0.0002984937932575815,0.0013588890431421863
Taiwan Credit Card Default,R2_F3,2,3,pay_amt3,5,1,0.001946341362603743,0.003600837261972134,0.0009686370028010871,0.00473822314129646,0.00031892628293336833,0.0008776525535348356
Taiwan Credit Card Default,R2_F3,2,3,pay_amt4,1,1,0.0017710011121028213,0.0006883964086600303,0.003677531617365948,0.0071750651309917535,0.00021675127756401458,0.000790003014552898
Taiwan Credit Card Default,R2_F3,2,3,pay_amt4,2,1,0.0035568560944138072,0.00028494561146896746,-5.815001402065256e-05,0.005343841262501425,0.0003406631181801789,0.001240779296281913
Taiwan Credit Card Default,R2_F3,2,3,pay_amt4,3,1,0.0035983500579301886,0.002910121008373734,0.001498817418882914,0.0065337654302649595,0.0005193578816484745,0.0016701752829769712
Taiwan Credit Card Default,R2_F3,2,3,pay_amt4,4,1,0.004673802552024209,0.005861884323459465,0.00017429783002925747,0.005778478421201494,0.0006747466759474408,0.0022612961845532853
Taiwan Credit Card Default,R2_F3,2,3,pay_amt4,5,1,0.005917329816625738,0.003508659071725151,0.0014522960668428841,0.0056074974586965975,0.0007948396031663418,0.0028248380279286
Taiwan Credit Card Default,R2_F3,2,3,pay_amt5,1,1,0.0013063333027646395,0.0021146318753346716,0.0010376085229294452,0.003320324356859694,0.00019024796746583417,0.0006488889981420831
Taiwan Credit Card Default,R2_F3,2,3,pay_amt5,2,1,0.001509120922128293,-0.0011498249160063478,-2.3910758790768316e-05,0.002999674506496297,6.909288937259617e-05,0.00027958563259616875
Taiwan Credit Card Default,R2_F3,2,3,pay_amt5,3,1,0.0010822336087542572,0.001289353898413892,-0.0022471001810543956,0.0014321068342011412,0.0002199078013380984,0.0006830035093277065
Taiwan Credit Card Default,R2_F3,2,3,pay_amt5,4,1,0.001420966431545101,-0.00039216922531537524,0.007455053791340205,0.0063343683682313134,0.00028791422247081977,0.0007256451046517842
Taiwan Credit Card Default,R2_F3,2,3,pay_amt5,5,1,0.0015305944518857473,0.0033522131228272967,0.004024131064470526,0.004937781658441054,0.0003743594807600059,0.0011491001397558875
Taiwan Credit Card Default,R2_F3,2,3,pay_amt6,1,1,0.0014865172065942067,0.0021861093503461326,0.0027068318677235803,0.004182494649377588,0.00040450404388336914,0.0010335562804836274
Taiwan Credit Card Default,R2_F3,2,3,pay_amt6,2,1,0.0004850111533191148,0.0019337007777532333,-0.006039654286509155,-7.136315904365809e-05,0.00021186736988515475,0.0006949946937974127
Taiwan Credit Card Default,R2_F3,2,3,pay_amt6,3,1,0.00027754133573765216,-0.0032283974621817313,-0.0010945949218000295,0.0014250028093190092,9.510397018785977e-05,0.00015702563534608638
Taiwan Credit Card Default,R2_F3,2,3,pay_amt6,4,1,0.0018537468564689963,0.0018789024724320535,0.0035026411830058057,0.004068507341040917,0.0003954165962413436,0.001313289844597998
Taiwan Credit Card Default,R2_F3,2,3,pay_amt6,5,1,0.001143828733584873,-0.0012846423613851465,-0.003771281674481375,0.0013323275756287334,-2.3503810208519438e-05,8.527103169186923e-05
Taiwan Credit Card Default,R2_F4,2,4,sex,1,1,0.0020684385223391777,0.001579530915237548,0.0018453007378200215,0.001266566372949418,0.00039376891540376935,0.0010515321556870405
Taiwan Credit Card Default,R2_F4,2,4,sex,2,1,0.0004936679641170949,0.00012255603832922457,0.0011899408199137484,1.1462139121620751e-05,0.0001554356339322771,0.0003319318697596052
Taiwan Credit Card Default,R2_F4,2,4,sex,3,1,0.002692329122589099,0.004213788866668233,0.007348853910724207,0.003296797764882786,0.0005971292774717696,0.0016084374945272706
Taiwan Credit Card Default,R2_F4,2,4,sex,4,1,0.0018967452300785448,0.000704957550547447,0.003228697109559475,0.0008116627265563059,0.0003744247103953935,0.000900027264833847
Taiwan Credit Card Default,R2_F4,2,4,sex,5,1,0.00036503729175119126,-0.002430819187408617,0.0011247303188457458,0.0001669174009599761,-9.634492370624859e-05,-0.0001612719038115995
Taiwan Credit Card Default,R2_F4,2,4,education,1,1,0.004203182335570044,0.004657419266362539,-0.00035345331321900986,-0.00010745755426611048,0.0005078737450557591,0.0018658853209507775
Taiwan Credit Card Default,R2_F4,2,4,education,2,1,0.0031044885418407553,0.004787330887961794,0.007317869615106665,0.004336986890178363,0.0005651934615045484,0.0018917911480781369
Taiwan Credit Card Default,R2_F4,2,4,education,3,1,0.0038021666626867345,0.0026985063235070994,0.0006363539985470568,0.0012551042338275753,0.00027229034606521263,0.0011906108212635935
Taiwan Credit Card Default,R2_F4,2,4,education,4,1,0.004796188838741999,0.007664475841632545,0.004756281929566564,0.0028555054086969456,0.0010255450161298363,0.002995461030186497
Taiwan Credit Card Default,R2_F4,2,4,education,5,1,0.0015649003828671626,0.0062909260987619176,0.002267347375610851,0.0012185686653771732,0.0007199142517914647,0.0014538959628438985
Taiwan Credit Card Default,R2_F4,2,4,marriage,1,1,0.001977696587625588,0.0015785806699235572,0.0028380428192873453,0.0017443942975857718,0.00033246463933445103,0.0011278389843834558
Taiwan Credit Card Default,R2_F4,2,4,marriage,2,1,-0.00021594988498063739,0.0007042088317987805,0.006168939643465321,0.0032853356257611654,6.68581728069384e-06,4.083112501268582e-05
Taiwan Credit Card Default,R2_F4,2,4,marriage,3,1,0.001920545088393788,0.0049876198172496,0.0017753090121472304,0.0014220216347875514,0.0005266015482119635,0.0015569511387395485
Taiwan Credit Card Default,R2_F4,2,4,marriage,4,1,0.001176142830989102,0.004027856610374747,0.0014910824490356744,0.0011591088186833076,0.00046740484433460683,0.001273425686307783
Taiwan Credit Card Default,R2_F4,2,4,marriage,5,1,0.0013349412167378283,0.0038646316074016918,0.0033249896109880384,0.0015409413281753936,0.0003220581304113901,0.0010619734273625836
Taiwan Credit Card Default,R2_F4,2,4,pay_0,1,1,0.08242201367496871,0.20101834403935143,0.17740220455802413,0.08245647969052228,0.03096291186650485,0.07175726033081503
Taiwan Credit Card Default,R2_F4,2,4,pay_0,2,1,0.08920489369661944,0.19815690247026307,0.2049430925093071,0.09763020273658574,0.031346062363431515,0.07416110861218134
Taiwan Credit Card Default,R2_F4,2,4,pay_0,3,1,0.09183664859787777,0.21575703430788512,0.2012508131087286,0.0944981732215775,0.032920017293743886,0.07777884593615086
Taiwan Credit Card Default,R2_F4,2,4,pay_0,4,1,0.08761563626811852,0.2069853413336697,0.19708739284535773,0.09324521813883524,0.03124717344232411,0.0736327709623798
Taiwan Credit Card Default,R2_F4,2,4,pay_0,5,1,0.08216331956284673,0.19991185839181846,0.1742385385949055,0.0812744465935955,0.030196075363930958,0.0708504849410238
Taiwan Credit Card Default,R2_F4,2,4,pay_2,1,1,0.007667613885107838,0.012021140180595524,0.024250919686655104,0.01454043985958875,0.002829918505157264,0.0070906090870259675
Taiwan Credit Card Default,R2_F4,2,4,pay_2,2,1,0.004816247582205002,0.017903315704762335,0.00949203452226588,0.008365212407765554,0.002672813185468581,0.006292563235076376
Taiwan Credit Card Default,R2_F4,2,4,pay_2,3,1,0.004222365498961156,0.012644498662685577,0.02288857722783605,0.013955154380686285,0.002476600818357738,0.005828193490438227
Taiwan Credit Card Default,R2_F4,2,4,pay_2,4,1,0.006311340353893469,0.011630643280100772,0.024962696925002914,0.01475535496812086,0.0026272547166636406,0.006351799729851837
Taiwan Credit Card Default,R2_F4,2,4,pay_2,5,1,0.004819272313362211,0.011817332705240435,0.024847451902188677,0.014026076366501883,0.002562164558389285,0.006036392054689144
Taiwan Credit Card Default,R2_F4,2,4,pay_3,1,1,0.00378648581958263,0.009617722835574494,0.0017753090121472304,0.0014220216347875514,0.0019058890788126726,0.004451000833061769
Taiwan Credit Card Default,R2_F4,2,4,pay_3,2,1,0.0028255764898791336,0.008208982429914302,0.00908334889995871,0.004874274661508693,0.001579095839599115,0.0037742896165373074
Taiwan Credit Card Default,R2_F4,2,4,pay_3,3,1,0.004233350048952866,0.008171233604395756,0.0036933171878986704,0.002533132745898614,0.0016933671313716092,0.003963933541929032
Taiwan Credit Card Default,R2_F4,2,4,pay_3,4,1,0.0009514371452904458,0.00177284857259008,0.0064563165260332345,0.0035482484418654092,0.001320571018819855,0.002662423456188834
Taiwan Credit Card Default,R2_F4,2,4,pay_3,5,1,0.00381768830941398,0.008280037415964503,0.01416567910734895,0.006952503761014417,0.0018326801632272405,0.004416411652955143
Taiwan Credit Card Default,R2_F4,2,4,pay_4,1,1,0.0013541243801290515,0.004307486548609352,0.006036511324135574,0.003596246149437654,0.0006305309381501867,0.0016411548349833938
Taiwan Credit Card Default,R2_F4,2,4,pay_4,2,1,0.0024611759836346003,0.004256632195747789,0.00994935907684491,0.005663013109821646,0.0006599024812630194,0.0017737962005788255
Taiwan Credit Card Default,R2_F4,2,4,pay_4,3,1,-0.0009133096130732321,-0.0008992362283143374,0.004191598003062236,0.003214413639945568,0.00032782533868222496,0.000613872520095482
Taiwan Credit Card Default,R2_F4,2,4,pay_4,4,1,0.0036931967428420753,0.0062337998128629835,0.007161377441755656,0.00376316355039763,0.0008863437393490103,0.0026643078588561298
Taiwan Credit Card Default,R2_F4,2,4,pay_4,5,1,0.0016194251418836236,0.007161512840891171,0.0029727693370559805,0.0014334837739093942,0.0007579315940648423,0.001953782011827776
Taiwan Credit Card Default,R2_F4,2,4,pay_5,1,1,0.001303181539588083,6.128659020465665e-05,0.005544095137550997,0.0037996991188480322,0.0005444052121754694,0.0012965141602719887
Taiwan Credit Card Default,R2_F4,2,4,pay_5,2,1,-0.0007360444476284256,-0.0023628382035539852,0.0024810904313518622,0.0025216706067769934,0.0003598533881318533,0.0006787969709653452
Taiwan Credit Card Default,R2_F4,2,4,pay_5,3,1,0.003790465728999992,0.0018956787415517207,-2.5674247864926336e-06,0.000884733863457221,0.0007402893146009892,0.0023426311586445814
Taiwan Credit Card Default,R2_F4,2,4,pay_5,4,1,0.001450915777156836,0.004920660645183816,0.0036933171878986704,0.002533132745898614,0.0007618551505467197,0.0018735473616391385
Taiwan Credit Card Default,R2_F4,2,4,pay_5,5,1,0.0013055694852384114,0.00046470825877975575,0.0011365328920481255,0.0010516512644171971,0.0006531203286284093,0.0015651199313032604
Taiwan Credit Card Default,R2_F4,2,4,pay_6,1,1,0.0008849726580222317,0.003159413170015446,0.003761937679413352,0.003262411347517702,0.0004547729068315187,0.001048834223195072
Taiwan Credit Card Default,R2_F4,2,4,pay_6,2,1,0.0031597296845522482,0.005593642534274634,0.00020464155330079947,0.0013031019413998202,0.0007350847296556939,0.002144656458179184
Taiwan Credit Card Default,R2_F4,2,4,pay_6,3,1,0.0014991522792940914,0.007056653571993365,0.0052587960878247575,0.0035367863027437885,0.0005903064008910552,0.0015093298255534071
Taiwan Credit Card Default,R2_F4,2,4,pay_6,4,1,0.0024868861984700397,0.003641446696912354,0.0019713081989399805,0.0027251235761873716,0.0006645429039447703,0.001830638772493065
Taiwan Credit Card Default,R2_F4,2,4,pay_6,5,1,0.0023065963018680247,0.004340239343450847,0.003907279552413767,0.0029515008238412133,0.000574578747903981,0.0015361727271919756
Taiwan Credit Card Default,R2_F4,2,4,limit_bal,1,1,0.014252692408720735,0.0091782988988387,0.017342490128008814,0.012654201590371783,0.0021859653543041258,0.0069695559793788164
Taiwan Credit Card Default,R2_F4,2,4,limit_bal,2,1,0.013162913612086213,0.008062444895609366,0.01074026348675422,0.008376674546887286,0.0020691575086086156,0.006650582517517933
Taiwan Credit Card Default,R2_F4,2,4,limit_bal,3,1,0.015483359998726298,0.013186451243811792,0.019733081952706455,0.012832581130453491,0.0025310423427691575,0.008313431154455542
Taiwan Credit Card Default,R2_F4,2,4,limit_bal,4,1,0.009342518964268298,0.010913706131935097,0.01807707252955465,0.011984382835446672,0.0019183525692782755,0.005807855049047295
Taiwan Credit Card Default,R2_F4,2,4,limit_bal,5,1,0.014604038812076614,0.01171609045729416,0.015127963353316343,0.010395443799699144,0.002026106249840287,0.006988349753949796
Taiwan Credit Card Default,R2_F4,2,4,age,1,1,0.0026858816693331455,0.007559503173124149,0.0038351932807338396,0.0031069560856795686,0.0008223394383308491,0.002071083584353428
Taiwan Credit Card Default,R2_F4,2,4,age,2,1,0.0036605614856205504,0.007353223330087255,0.0064563165260332345,0.0035482484418654092,0.0010661713180450394,0.002722900555153951
Taiwan Credit Card Default,R2_F4,2,4,age,3,1,0.002588453486798592,0.004469152258318898,-0.0036258624758682134,-0.0009191202808224164,0.0005216748290920725,0.0016004163399037097
Taiwan Credit Card Default,R2_F4,2,4,age,4,1,0.002026331080704602,0.005278090461784513,0.00504224104737766,0.0031184182248011894,0.0005979091252795721,0.0016795365160231501
Taiwan Credit Card Default,R2_F4,2,4,age,5,1,0.0006094037299709809,0.004544358161767015,-0.0004344782524692281,0.0009327315710294659,0.0004185248729031976,0.0010528251662723642
Taiwan Credit Card Default,R2_F4,2,4,bill_amt1,0,0,0.0,0.0,0.0,0.0,0.0,0.0
Taiwan Credit Card Default,R2_F4,2,4,bill_amt2,1,1,0.00798186753269492,0.012319758985333773,0.00820100237592658,0.007624471667024846,0.0020190566990189174,0.006166149689793232
Taiwan Credit Card Default,R2_F4,2,4,bill_amt2,2,1,0.0064518311563228625,0.004436532576786556,0.004164170867496486,0.005713159968479098,0.0015171785560955942,0.004768061081818098
Taiwan Credit Card Default,R2_F4,2,4,bill_amt2,3,1,0.0052311133398602605,0.005242423776733229,0.001955984966919011,0.00433913604126368,0.0015139653793232177,0.004419683452592638
Taiwan Credit Card Default,R2_F4,2,4,bill_amt2,4,1,0.007328525602757208,0.011496075190444821,0.003520423611093615,0.005342789598108744,0.0018038371661539265,0.005215035088107001
Taiwan Credit Card Default,R2_F4,2,4,bill_amt2,5,1,0.009359712172950951,0.008750722289229906,0.008443797687072041,0.007158105881510113,0.0018220608533618399,0.005782132569517706
Taiwan Credit Card Default,R2_F4,2,4,bill_amt3,0,0,0.0,0.0,0.0,0.0,0.0,0.0
Taiwan Credit Card Default,R2_F4,2,4,bill_amt4,0,0,0.0,0.0,0.0,0.0,0.0,0.0
Taiwan Credit Card Default,R2_F4,2,4,bill_amt5,0,0,0.0,0.0,0.0,0.0,0.0,0.0
Taiwan Credit Card Default,R2_F4,2,4,bill_amt6,0,0,0.0,0.0,0.0,0.0,0.0,0.0
Taiwan Credit Card Default,R2_F4,2,4,pay_amt1,1,1,0.0009032006431533013,0.00010742944888808559,0.007635652044588825,0.010745039042911353,0.0008202410971252516,0.001764740217159333
Taiwan Credit Card Default,R2_F4,2,4,pay_amt1,2,1,0.00484808685754301,0.0009743300736989591,0.007531124492154484,0.010900494304749597,0.0009219102713239613,0.002822167705409495
Taiwan Credit Card Default,R2_F4,2,4,pay_amt1,3,1,0.003169281467153784,0.00040156685631598243,0.0014233927658690582,0.007304248155311943,0.0005708160995254175,0.0019120042960308337
Taiwan Credit Card Default,R2_F4,2,4,pay_amt1,4,1,0.0040207432878826,2.3251610776986453e-05,0.00878666558918706,0.010338133104090597,0.0010024816704110873,0.0023829949986781673
Taiwan Credit Card Default,R2_F4,2,4,pay_amt1,5,1,0.0037184293685474934,0.00021698069294162625,0.00650337839656745,0.010422666380113244,0.0008610202510926646,0.0023743386635610153
Taiwan Credit Card Default,R2_F4,2,4,pay_amt2,1,1,0.003796594789502561,0.0020528721852743903,0.00027709164053429935,0.005678773551114014,0.0009967737151055922,0.0028243359717011196
Taiwan Credit Card Default,R2_F4,2,4,pay_amt2,2,1,0.006428508887137752,0.0014924963093839727,0.0055556191888386786,0.00702772404900065,0.0009932968147122745,0.0033882303245421075
Taiwan Credit Card Default,R2_F4,2,4,pay_amt2,3,1,0.007551241333747183,0.002850710435269299,0.008697063491964918,0.009035031162690776,0.0014053156563641478,0.004368880799238251
Taiwan Credit Card Default,R2_F4,2,4,pay_amt2,4,1,0.004466493142615935,0.002916069186852277,0.004624727260876815,0.007852998065764005,0.001147899915704409,0.003370460614084192
Taiwan Credit Card Default,R2_F4,2,4,pay_amt2,5,1,0.006576800312024789,0.002736162967787781,0.0038964011319757574,0.006908804355612919,0.0012014066778485155,0.003591918569245567
Taiwan Credit Card Default,R2_F4,2,4,pay_amt3,1,1,0.005534541633832268,0.0026201215789153354,0.0012198200439914042,0.005582778135969635,0.00095920210744882,0.00310878406027304
Taiwan Credit Card Default,R2_F4,2,4,pay_amt3,2,1,0.003716041422897165,0.00031125768770379203,0.0029595521279244252,0.007004799770757186,0.000896134745551419,0.0025836949804880494
Taiwan Credit Card Default,R2_F4,2,4,pay_amt3,3,1,0.006627106367058988,0.006559515703591368,0.001091935841248004,0.006467511999426856,0.0013177382791074999,0.003953761728973937
Taiwan Credit Card Default,R2_F4,2,4,pay_amt3,4,1,0.006935310552331875,0.00833646727162729,0.005518763574250463,0.009215559853857691,0.0015991407308590666,0.00440301652220304
Taiwan Credit Card Default,R2_F4,2,4,pay_amt3,5,1,0.006275600767326472,0.0013026000691709338,0.007034059288375083,0.008916111469302934,0.0011229386556572685,0.0033751773029542242
Taiwan Credit Card Default,R2_F4,2,4,pay_amt4,1,1,0.0053202633108069275,0.0029862309102578477,0.007292155540038314,0.009908302887026266,0.0011367522198967306,0.0032344248130326547
Taiwan Credit Card Default,R2_F4,2,4,pay_amt4,2,1,0.005504612715014456,0.0012080525836829503,0.0034710781700597604,0.008259904004584873,0.0009675538793571248,0.00288775012208603
Taiwan Credit Card Default,R2_F4,2,4,pay_amt4,3,1,0.00473601260835288,0.007047506224481359,0.0041188655041667355,0.008630274374955227,0.0011868650450382046,0.003305388203046322
Taiwan Credit Card Default,R2_F4,2,4,pay_amt4,4,1,0.005595832238858178,0.001934189776433004,0.013706287654610405,0.012308904649330099,0.0010897706781090033,0.0032099647299766443
Taiwan Credit Card Default,R2_F4,2,4,pay_amt4,5,1,0.005359823610414538,0.008878401009145054,0.008882861562972355,0.010182677842252241,0.001511221942657598,0.003877614170681054
Taiwan Credit Card Default,R2_F4,2,4,pay_amt5,1,1,0.001828131591725013,0.0011131439453435643,0.003620982105940751,0.006645891539508564,0.0005606700661918707,0.0013579814365538567
Taiwan Credit Card Default,R2_F4,2,4,pay_amt5,2,1,0.0033153441427672403,0.005842896889750704,0.002040397782191894,0.006371516584282588,0.0010468587797167472,0.002511523799191284
Taiwan Credit Card Default,R2_F4,2,4,pay_amt5,3,1,0.00319515087836586,0.0020668398280498934,0.007191794498819071,0.007146643742388381,0.0010102976172861877,0.0023825198439400563
Taiwan Credit Card Default,R2_F4,2,4,pay_amt5,4,1,0.0017421655483119691,0.005265691712138643,0.00407681798643722,0.005868615230317342,0.0008096540805900276,0.0018770900527962375
Taiwan Credit Card Default,R2_F4,2,4,pay_amt5,5,1,0.001845324800407444,0.0033790977085106366,0.00047724439863178203,0.005367863027437414,0.000734504891348714,0.0017040839398766439
Taiwan Credit Card Default,R2_F4,2,4,pay_amt6,1,1,0.0017114406476108623,0.0063814584700154775,0.0015981597264033698,0.004960957088616658,0.00079008218211013,0.0018508456885282798
Taiwan Credit Card Default,R2_F4,2,4,pay_amt6,2,1,0.003146436787098583,-0.0017804243389893948,0.0049993962503210865,0.006501898416792051,0.000559119833110161,0.0013324057956323188
Taiwan Credit Card Default,R2_F4,2,4,pay_amt6,3,1,0.0018798704141492761,0.007549631638970933,0.012441718518648948,0.009954151443513082,0.0010838138196084257,0.002448118270405364
Taiwan Credit Card Default,R2_F4,2,4,pay_amt6,4,1,0.0022328087812719666,0.005565995118764211,0.003520423611093615,0.005342789598108744,0.0008330243726116238,0.0020573101605283473
Taiwan Credit Card Default,R2_F4,2,4,pay_amt6,5,1,0.0030630178857128376,0.0033077014778581937,0.007959977840735766,0.008820116054158555,0.0010076108594598288,0.002455948474845704
Taiwan Credit Card Default,R2_F5,2,5,sex,1,1,0.0009910808340126698,0.0013431537677714989,0.005734430372827781,0.002461137277891212,0.00017693094934972953,0.00044736479442269994
Taiwan Credit Card Default,R2_F5,2,5,sex,2,1,-4.8130190239970005e-06,0.0001163806149960811,-0.0003483220580483559,-0.00010725010725010087,-1.356494109330808e-05,-7.860843572909948e-05
Taiwan Credit Card Default,R2_F5,2,5,sex,3,1,0.0013785288654397654,0.0014415798954120485,4.296865698050212e-05,-0.0001594713636597911,6.135485418840014e-05,0.00038983368449574396
Taiwan Credit Card Default,R2_F5,2,5,sex,4,1,0.0015980025329315195,0.0014673599891524836,-0.003352199990691862,-0.001550915163480604,9.146249798311357e-05,0.00041886289201514826
Taiwan Credit Card Default,R2_F5,2,5,sex,5,1,2.8236378273760465e-05,-0.0015021870407000426,-0.001698576471724167,-0.0006957218999102954,-0.0003447528327280569,-0.0005750322085222859
Taiwan Credit Card Default,R2_F5,2,5,education,1,1,0.004489664362513968,0.006799530846812174,-0.0031968105635509225,-0.0008057796015911167,0.0008295710041197613,0.0031078449013391962
Taiwan Credit Card Default,R2_F5,2,5,education,2,1,0.003988388431170664,0.005385576312260332,0.0019166064943177408,0.0012813860981401026,0.0008722507105761168,0.002497219356778213
Taiwan Credit Card Default,R2_F5,2,5,education,3,1,0.00564478892825937,0.005995940811211353,0.0021770495562882797,0.0017075789327098967,0.0010065450635878548,0.0033656664250196755
Taiwan Credit Card Default,R2_F5,2,5,education,4,1,0.005187872988920095,0.00735005735748584,-0.002445137226897931,-0.0007507507507507061,0.0009691973577050372,0.0034258940642784563
Taiwan Credit Card Default,R2_F5,2,5,education,5,1,0.0026465989442802096,0.006631202844886053,0.0018270035602240275,0.0016003288254597958,0.000817210107131483,0.002361553108869152
Taiwan Credit Card Default,R2_F5,2,5,marriage,1,1,0.002922304717368207,0.005771969734961413,-0.005259230615070887,-0.0028323012616205956,0.000510937494438729,0.00162002357982316
Taiwan Credit Card Default,R2_F5,2,5,marriage,2,1,0.002369529482468935,0.0010435492041450667,0.0,0.0,0.0002615938809275853,0.0009670132463243664
Taiwan Credit Card Default,R2_F5,2,5,marriage,3,1,0.003155736140029286,0.0024078296824197043,-0.0030029399862858686,-0.0014436650562305031,0.00018550347217974328,0.0010470906488758147
Taiwan Credit Card Default,R2_F5,2,5,marriage,4,1,0.003514867576198899,0.004333196435231668,-0.0059097984935506664,-0.0032062728397806994,0.0004564542244921421,0.001699288816755573
Taiwan Credit Card Default,R2_F5,2,5,marriage,5,1,0.0024600944571026018,0.003992389293378862,-0.0020948451650396605,-0.0006435006435006052,0.00034294429997269726,0.0011954044121539331
Taiwan Credit Card Default,R2_F5,2,5,pay_0,1,1,0.0734064013794753,0.17991004179573633,0.15864605355363082,0.07418001397058993,0.026551446576562554,0.06216546211819313
Taiwan Credit Card Default,R2_F5,2,5,pay_0,2,1,0.07426817243571171,0.18421107126581632,0.17149343564761033,0.08001251064078296,0.027393916644780275,0.06334300423491052
Taiwan Credit Card Default,R2_F5,2,5,pay_0,3,1,0.06684561471397665,0.17257762768007934,0.1561700181554458,0.07220852116140086,0.0255841992416673,0.057977616694327716
Taiwan Credit Card Default,R2_F5,2,5,pay_0,4,1,0.08401838637440728,0.19634060342192827,0.1934477319502638,0.09065441657064699,0.02978086887984191,0.06968114054614366
Taiwan Credit Card Default,R2_F5,2,5,pay_0,5,1,0.07322535164719146,0.18199273439406904,0.17606132554162918,0.08273475420072285,0.027357689739148316,0.06310105152335904
Taiwan Credit Card Default,R2_F5,2,5,pay_2,1,1,0.003054582523542848,0.00032520492254162203,-0.0026250485544618285,0.0009512129930978608,0.0005946337189090822,0.0014771984715675757
Taiwan Credit Card Default,R2_F5,2,5,pay_2,2,1,0.006647661658880755,0.011250983700964334,0.0024907585378937114,0.0031978500564888712,0.0018765565791164784,0.004734911691167132
Taiwan Credit Card Default,R2_F5,2,5,pay_2,3,1,0.006225880758416236,0.014885172110729927,0.0022138529002417306,0.003995206874788049,0.0019426462936463496,0.004813981055260985
Taiwan Credit Card Default,R2_F5,2,5,pay_2,4,1,0.004795210853550391,0.018536201052654633,0.0030409629768499147,0.0038907643619686683,0.001961552823980417,0.004528998510756943
Taiwan Credit Card Default,R2_F5,2,5,pay_2,5,1,0.005563609340722198,0.012583335190172407,-0.006613185784646591,-0.0011331451122026381,0.0014723889813263724,0.0038808691715161436
Taiwan Credit Card Default,R2_F5,2,5,pay_3,1,1,0.00306557225031423,0.0067053884469208125,0.0068091892783024854,0.0041659086161703884,0.0010156530856581247,0.0021979414928154917
Taiwan Credit Card Default,R2_F5,2,5,pay_3,2,1,0.003503877849427517,0.009158650663605994,0.0038050762291989004,0.003945793212808968,0.001137799664195721,0.002588830989486479
Taiwan Credit Card Default,R2_F5,2,5,pay_3,3,1,0.0027962838359247844,0.010102889537883186,0.005829490297027673,0.004908236583629266,0.0011712233069680056,0.0025023246481168937
Taiwan Credit Card Default,R2_F5,2,5,pay_3,4,1,0.005801212046537274,0.008311989298670275,-8.097937976969671e-05,0.0015424923801887758,0.00124146985068041,0.0033707380817984967
Taiwan Credit Card Default,R2_F5,2,5,pay_3,5,1,0.006334735205341002,0.010183383242189148,0.007335368562769451,0.0050182942853099766,0.0014248452347344898,0.0039059500924564228
Taiwan Credit Card Default,R2_F5,2,5,pay_4,1,1,0.0011811148684746087,0.006720807381311311,0.008299669210996785,0.005658987334380083,0.0007240271910480267,0.0015907819866806117
Taiwan Credit Card Default,R2_F5,2,5,pay_4,2,1,0.0004687880529316013,0.0027407564852024446,0.011286633333923046,0.007262123754270378,0.0005375418406220744,0.0009514052415615648
Taiwan Credit Card Default,R2_F5,2,5,pay_4,3,1,0.0024101192762373547,0.005050137042636016,0.005496950676750323,0.0034179654598502918,0.0005948768942560245,0.0016000596541757561
Taiwan Credit Card Default,R2_F5,2,5,pay_4,4,1,0.0025252306478933395,0.006533576872270297,0.01075332849904459,0.0064097380851307895,0.0007185838855537641,0.001793301850556428
Taiwan Credit Card Default,R2_F5,2,5,pay_4,5,1,-9.67416823812739e-05,0.004162348165970831,0.009264845933183663,0.006299680383450079,0.000460836523139857,0.0007070495696808732
Taiwan Credit Card Default,R2_F5,2,5,pay_5,1,1,0.0002541274044639552,0.0020101820640855417,0.0023400663606283345,0.002452714494599384,0.0004094671939466332,0.0005747437898560581
Taiwan Credit Card Default,R2_F5,2,5,pay_5,2,1,0.0016365066851229404,0.002960253759902054,-0.003653642535283941,-0.0005940869815215244,0.0003185937552393492,0.0007911112031571688
Taiwan Credit Card Default,R2_F5,2,5,pay_5,3,1,0.0018226903043657705,0.004337054918106875,0.0019375470325621036,0.002504935751009074,0.0004743817251789406,0.0011666729298708822
Taiwan Credit Card Default,R2_F5,2,5,pay_5,4,1,0.0008849537645349015,-0.0004258626272167776,-0.0051272954105991975,-0.0008636160468620258,0.000344505715900445,0.0006746719544976076
Taiwan Credit Card Default,R2_F5,2,5,pay_5,5,1,-0.0005311166492916186,0.0030361451792244587,0.0017331019253191693,0.001919271552779489,0.0002959327624937891,0.0003589092450232423
Taiwan Credit Card Default,R2_F5,2,5,pay_6,1,1,0.0021538260132126785,0.004630556605459635,-0.00028025794409192173,0.0009568281819590796,0.0005178177008486606,0.0012782886413736927
Taiwan Credit Card Default,R2_F5,2,5,pay_6,2,1,0.003654926429795591,0.005446276419410645,-0.0007423352616418577,-5.5028850840299626e-05,0.0006169517585802864,0.0018566718691031547
Taiwan Credit Card Default,R2_F5,2,5,pay_6,3,1,0.001395855733925977,0.0004346018788728978,0.00016815958756727367,0.0007451355618894873,0.00023215766054893172,0.0005521059012995044
Taiwan Credit Card Default,R2_F5,2,5,pay_6,4,1,0.0007395203730281574,0.0028462478807651515,0.00016815958756727367,0.0007451355618894873,0.0003440178594013299,0.0007675519621425653
Taiwan Credit Card Default,R2_F5,2,5,pay_6,5,1,0.0019113300713898829,0.006552530847834248,0.0013062408088130306,0.0007479431563200967,0.0005631647223323377,0.0015934296944162818
Taiwan Credit Card Default,R2_F5,2,5,limit_bal,1,1,0.018088448529735013,0.014474950600273262,-0.0009985640907667626,0.003934562835086419,0.0023386162178468395,0.00796435916971977
Taiwan Credit Card Default,R2_F5,2,5,limit_bal,2,1,0.011191312051446634,0.012184477191378273,0.00497310339087681,0.006236228749317729,0.0017536945872927145,0.005809046595008915
Taiwan Credit Card Default,R2_F5,2,5,limit_bal,3,1,0.014210438668179837,0.011264990976183276,-0.0008975716320602789,0.0027110131822173367,0.0014306091711722146,0.0054198342436108105
Taiwan Credit Card Default,R2_F5,2,5,limit_bal,4,1,0.01473714338336618,0.013299814688413458,0.00900220221264103,0.008320586854618228,0.002085297993437263,0.006616260792364215
Taiwan Credit Card Default,R2_F5,2,5,limit_bal,5,1,0.014928701540518952,0.014225314504195952,0.007735999260476245,0.0074131723346383405,0.0021597523127914464,0.007253507870679077
Taiwan Credit Card Default,R2_F5,2,5,age,1,1,0.0029938582668576075,0.005780550360008796,-0.0006326391147492005,0.0008495780747089787,0.0009010108762814162,0.0022392898652655036
Taiwan Credit Card Default,R2_F5,2,5,age,2,1,0.0010497194491211337,9.214465826867801e-05,-0.004051704686071467,-0.0017654153779808057,0.00035241319052897735,0.000781309863977675
Taiwan Credit Card Default,R2_F5,2,5,age,3,1,0.0005353681494294493,0.0019072103341568614,-0.0036546750981009124,-0.001817636634390496,0.00042213955703859773,0.0008365947937423179
Taiwan Credit Card Default,R2_F5,2,5,age,4,1,0.002152221673537902,0.005993860552377717,0.000777910493438394,-0.00010444251281949146,0.0007432884803131035,0.0017726909971682026
Taiwan Credit Card Default,R2_F5,2,5,age,5,1,0.0009505712572279723,0.0016521500220973984,-0.003448315607881336,-0.0012319724361609108,0.0003056957311049491,0.0005768138076647222
Taiwan Credit Card Default,R2_F5,2,5,bill_amt1,1,1,0.018347068085287965,0.023462976186057083,0.0059786939266379124,0.0077815287239371145,0.0034336605415241084,0.010957994061366882
Taiwan Credit Card Default,R2_F5,2,5,bill_amt1,2,1,0.02152526498076246,0.020181249520131672,0.01341487687086318,0.01157627335637812,0.003450671376311859,0.011828717457451288
Taiwan Credit Card Default,R2_F5,2,5,bill_amt1,3,1,0.018876179309986196,0.014192672028437325,0.01117686611112062,0.010028165787328125,0.0029585426109458857,0.010163060685245917
Taiwan Credit Card Default,R2_F5,2,5,bill_amt1,4,1,0.02189105442658179,0.02676169619141111,0.010992062328077368,0.01050657987830761,0.0036903378567256784,0.012199065731618053
Taiwan Credit Card Default,R2_F5,2,5,bill_amt1,5,1,0.021455636638882725,0.02148141430051509,0.009962383548901277,0.010025358192897516,0.0032390648727492755,0.011222315692107243
Taiwan Credit Card Default,R2_F5,2,5,bill_amt2,0,0,0.0,0.0,0.0,0.0,0.0,0.0
Taiwan Credit Card Default,R2_F5,2,5,bill_amt3,0,0,0.0,0.0,0.0,0.0,0.0,0.0
Taiwan Credit Card Default,R2_F5,2,5,bill_amt4,0,0,0.0,0.0,0.0,0.0,0.0,0.0
Taiwan Credit Card Default,R2_F5,2,5,bill_amt5,0,0,0.0,0.0,0.0,0.0,0.0,0.0
Taiwan Credit Card Default,R2_F5,2,5,bill_amt6,0,0,0.0,0.0,0.0,0.0,0.0,0.0
Taiwan Credit Card Default,R2_F5,2,5,pay_amt1,1,1,0.005576524275103245,0.0028405863015975585,0.002735421685031769,0.005752199469477026,0.0007979860914203163,0.002873429591251808
Taiwan Credit Card Default,R2_F5,2,5,pay_amt1,2,1,0.009064198293816883,0.007388822804878403,0.0034909131002546223,0.007775913535075896,0.0013747772637616729,0.004347640820400289
Taiwan Credit Card Default,R2_F5,2,5,pay_amt1,3,1,0.008442195801956487,0.009879593800333208,0.00936175071771328,0.00949191525107762,0.0014973265174661743,0.004645294880143869
Taiwan Credit Card Default,R2_F5,2,5,pay_amt1,4,1,0.0069844125565889925,0.008499187068963243,0.011462940100461616,0.011358965547447197,0.001348768581322407,0.0037353351519461286
Taiwan Credit Card Default,R2_F5,2,5,pay_amt1,5,1,0.010087686789257533,0.011002977521345603,-0.0007259222472908444,0.00601049815709509,0.00185449534515153,0.005374953254452641
Taiwan Credit Card Default,R2_F5,2,5,pay_amt2,1,1,0.003957264241482683,0.0018805596259842128,0.017388767251848403,0.01275602453612934,0.0011566739756822542,0.002456287949816338
Taiwan Credit Card Default,R2_F5,2,5,pay_amt2,2,1,0.0051404647515342905,0.006751614717389165,0.011781316184405033,0.010561608729148131,0.0013766357650741856,0.0036791478270669087
Taiwan Credit Card Default,R2_F5,2,5,pay_amt2,3,1,0.004459903861549375,0.0010038074337959113,0.006108896821078957,0.007462585996617421,0.0009046578145672501,0.0022173073736098114
Taiwan Credit Card Default,R2_F5,2,5,pay_amt2,4,1,0.004619214791241721,0.004257843210482393,0.007006244768569148,0.00826275040934732,0.0010497456664047833,0.0027028562948092083
Taiwan Credit Card Default,R2_F5,2,5,pay_amt2,5,1,0.005304749134218079,0.004378364522027778,0.005017900084891502,0.007140835674867119,0.0008789133916469183,0.002545587255668058
Taiwan Credit Card Default,R2_F5,2,5,pay_amt3,1,1,0.007368010172796979,0.008234410122662128,0.0036940122787210705,0.006392892518547022,0.0012292650647811043,0.003302762155222849
Taiwan Credit Card Default,R2_F5,2,5,pay_amt3,2,1,0.00958400434840212,0.005666418071026524,0.008932704769725186,0.00954413650748731,0.0014411946202863568,0.004264143616765692
Taiwan Credit Card Default,R2_F5,2,5,pay_amt3,3,1,0.009209872336274572,0.005367498288162409,0.0067355859998228795,0.008900635863986706,0.0012600863197705092,0.003896675830214913
Taiwan Credit Card Default,R2_F5,2,5,pay_amt3,4,1,0.010285983173043634,0.0070293925211141195,0.0058436684321969135,0.008100471451256808,0.0013857585326292332,0.004351699524392516
Taiwan Credit Card Default,R2_F5,2,5,pay_amt3,5,1,0.008924139440220191,0.00856560220082414,0.009165643895330478,0.009970329342057105,0.0015760195039263847,0.004623352074292875
Taiwan Credit Card Default,R2_F5,2,5,pay_amt4,1,1,0.009889310188487488,0.005775819135194649,0.00983106652320781,0.010344300920217209,0.0014861285502625887,0.004696157589016647
Taiwan Credit Card Default,R2_F5,2,5,pay_amt4,2,1,0.007593500114068563,0.007307574292726993,0.0025998078961119164,0.006071142196796719,0.0011587698713848849,0.0036340064912782633
Taiwan Credit Card Default,R2_F5,2,5,pay_amt4,3,1,0.01076158966959262,0.007775543946832331,0.0029649114094817963,0.00617839230404682,0.0014096401703821149,0.004681762182511207
Taiwan Credit Card Default,R2_F5,2,5,pay_amt4,4,1,0.00803357048682396,0.008610897218809477,0.006707191720432992,0.007996028938437316,0.0013315645087590422,0.004193243970798066
Taiwan Credit Card Default,R2_F5,2,5,pay_amt4,5,1,0.007242871678174612,-0.0012276533658654998,0.005572779510131409,0.006769671691137735,0.0006427410916317877,0.002529692841376885
Taiwan Credit Card Default,R2_F5,2,5,pay_amt5,1,1,-5.968143589674124e-05,-0.0028882247171031494,-0.0006000363134511244,0.0029777346531273396,-1.3179082511416418e-06,-0.00015869746207269886
Taiwan Credit Card Default,R2_F5,2,5,pay_amt5,2,1,5.182017149096829e-05,0.0007189927259997342,0.0009561605330856704,0.003087792354808161,0.00025894228793366114,0.0002716968905104866
Taiwan Credit Card Default,R2_F5,2,5,pay_amt5,3,1,0.0012849156454242117,0.004998938161203559,0.007400637862654047,0.006082372574519268,0.0006432732746794179,0.0014780242957154188
Taiwan Credit Card Default,R2_F5,2,5,pay_amt5,4,1,0.0021692276740892247,0.00289991145423385,0.0064711637866657346,0.006505757814658453,0.0006196412174470367,0.0013002958971424783
Taiwan Credit Card Default,R2_F5,2,5,pay_amt5,5,1,0.0018002295489206732,0.005677600618995138,0.0035881247127762528,0.004583678667448354,0.0007293203067607057,0.001643444946529793
Taiwan Credit Card Default,R2_F5,2,5,pay_amt6,1,1,0.002998831719848827,0.005359082395833159,-0.0011995929825978635,0.0013802134220982643,0.0006134948856384437,0.0015619615293125388
Taiwan Credit Card Default,R2_F5,2,5,pay_amt6,2,1,0.0037182176299602743,0.007337377473757178,-0.005070408152477113,-0.0010230874105219279,0.0008208156294962077,0.0023479329989148923
Taiwan Credit Card Default,R2_F5,2,5,pay_amt6,3,1,0.0038417517849080873,0.005831212167900945,0.004604320122014172,0.005064900352858559,0.0011528568177255893,0.00275932468841128
Taiwan Credit Card Default,R2_F5,2,5,pay_amt6,4,1,0.004893637092589942,0.004161309527981549,0.0007264219906136238,0.0014380498673692843,0.0008312931516935851,0.002292166954078134
Taiwan Credit Card Default,R2_F5,2,5,pay_amt6,5,1,0.0032742166250019356,0.006024409926779883,0.0051715159744569195,0.0045342650054692735,0.00095523630270683,0.002487646005748967
Taiwan Credit Card Default,R3_F1,3,1,sex,1,1,0.0017455504558575585,0.00017978828355447174,0.0031050283600735917,0.0012806667486736645,0.00029735055536495025,0.0007794750940843254
Taiwan Credit Card Default,R3_F1,3,1,sex,2,1,0.0016981834389572237,-0.0005961011583133224,0.0007768877175494127,5.799064800959819e-05,0.00029258278087090916,0.0008479370893357263
Taiwan Credit Card Default,R3_F1,3,1,sex,3,1,0.0015521684189001572,-0.0007622976385183167,-0.0005352644355903768,-0.000685503775782248,-1.4040906823942212e-05,0.00023028745741382473
Taiwan Credit Card Default,R3_F1,3,1,sex,4,1,0.0024134813080005646,0.0012732373316164391,0.0037625613677642056,0.0016524139605695876,0.0002684688139194813,0.0008718710203365898
Taiwan Credit Card Default,R3_F1,3,1,sex,5,1,0.0012229157314410655,0.000881649978838106,0.0012484534671490244,-0.00014833145090042965,0.00017885126880104463,0.0005809578996225362
Taiwan Credit Card Default,R3_F1,3,1,education,1,1,0.0028230103057209632,0.003057282628324498,-0.0003592414422265988,-0.00010743446497629705,0.0005110111985240917,0.0017439028679280821
Taiwan Credit Card Default,R3_F1,3,1,education,2,1,0.0027078277789582827,0.003296564971213889,-0.0019323245435459713,-0.0002234157609953824,0.000603603976701339,0.0018817018720450607
Taiwan Credit Card Default,R3_F1,3,1,education,3,1,0.0008474143040403392,-0.0019964007457358157,-0.002227201037756643,-0.0004877285079148974,0.00014414238239343624,0.0006763788126122883
Taiwan Credit Card Default,R3_F1,3,1,education,4,1,0.0007247233462680525,-0.0003897453124106498,-0.001143019557488023,-0.00016542511298589524,0.00011705920421800631,0.0006613400167016503
Taiwan Credit Card Default,R3_F1,3,1,education,5,1,0.0014454528462545246,0.0005876515151014283,-0.0005510767598065902,0.0003632003808532458,0.00011733232977531594,0.0007293597614382863
Taiwan Credit Card Default,R3_F1,3,1,marriage,1,1,0.0019449232622376078,-0.0006050020111456611,0.009409269603769754,0.005782530277348652,0.00012920765063020867,0.0005403496654666773
Taiwan Credit Card Default,R3_F1,3,1,marriage,2,1,0.001769433656621855,-0.0021499134149247645,0.006163551649591592,0.0037669159359260407,0.00019470651954980878,0.0006205762854854524
Taiwan Credit Card Default,R3_F1,3,1,marriage,3,1,0.0009822465545087367,0.0015070938126582334,0.006523666297412245,0.0038743504009023377,0.0001815491518216139,0.0005267224034780082
Taiwan Credit Card Default,R3_F1,3,1,marriage,4,1,-0.0004872492463611211,0.0007274787814499639,0.007543814408643101,0.004353532077774558,9.367877555449544e-05,4.023617548104541e-05
Taiwan Credit Card Default,R3_F1,3,1,marriage,5,1,0.0012622950557781287,0.0008541102867737349,0.0069417818992763,0.003824906583935417,0.00011778130179790347,0.00026554496410130524
Taiwan Credit Card Default,R3_F1,3,1,pay_0,1,1,0.0784509627565847,0.1910381196464671,0.18278157024679464,0.08511365687748318,0.028981566596573277,0.06715654101330049
Taiwan Credit Card Default,R3_F1,3,1,pay_0,2,1,0.07842500275575393,0.19352061674012222,0.18453545201316884,0.0857582636673414,0.029843927197373166,0.06894293178910504
Taiwan Credit Card Default,R3_F1,3,1,pay_0,3,1,0.07220195123353934,0.17498238209437,0.16420867342060805,0.07643039604577273,0.026131709508158574,0.0606657569142669
Taiwan Credit Card Default,R3_F1,3,1,pay_0,4,1,0.07059794268990338,0.17500265920227875,0.1782260571070056,0.08277573914113134,0.026779352257980116,0.06134102987692669
Taiwan Credit Card Default,R3_F1,3,1,pay_0,5,1,0.07534199305709766,0.18304707967964828,0.18426501294834668,0.08699619626080135,0.028482874483084397,0.06523902290881245
Taiwan Credit Card Default,R3_F1,3,1,pay_2,1,1,0.0077882398799928865,0.01643538604949135,0.0059424408195815626,0.006178080813083242,0.0017403849329278576,0.004500139250216639
Taiwan Credit Card Default,R3_F1,3,1,pay_2,2,1,0.004171891948885231,0.011425812143679104,0.013051820067327913,0.010737934989767828,0.0012519176971268475,0.0027468844358444766
Taiwan Credit Card Default,R3_F1,3,1,pay_2,3,1,0.005100620963219948,0.013149071647382327,0.020428500684475603,0.012886624289295101,0.0017237353573892888,0.0038744996397095943
Taiwan Credit Card Default,R3_F1,3,1,pay_2,4,1,0.006574190487297238,0.014780824662217418,0.008823664604874548,0.008086260689529556,0.0014688255700849584,0.0038703403761446986
Taiwan Credit Card Default,R3_F1,3,1,pay_2,5,1,0.004455854419510352,0.013749838286753135,0.009095161907306804,0.009242399311141347,0.001394523553206073,0.0034729177626354746
Taiwan Credit Card Default,R3_F1,3,1,pay_3,1,1,0.003404354570477719,0.009111209446151847,0.00719549501814154,0.00618662764412603,0.0009002720102959938,0.0021379352218887093
Taiwan Credit Card Default,R3_F1,3,1,pay_3,2,1,0.0034772822035807893,0.005850151152410943,-0.0014828732362827668,0.0015107921714222483,0.0007187981411689304,0.0013310816042877982
Taiwan Credit Card Default,R3_F1,3,1,pay_3,3,1,0.004884793510159469,0.00579663408154385,0.0008494555882635479,0.0036252941467785904,0.0006873633607432095,0.0017374824131770605
Taiwan Credit Card Default,R3_F1,3,1,pay_3,4,1,0.004696283965665793,0.011022949367018642,0.00719549501814154,0.00618662764412603,0.0012829768403365416,0.0031024124679704945
Taiwan Credit Card Default,R3_F1,3,1,pay_3,5,1,0.005046863792268819,0.00558081745316974,0.005058898670544987,0.005385142572324586,0.0009215997168658674,0.002225237354901377
Taiwan Credit Card Default,R3_F1,3,1,pay_4,1,1,0.0017864474417818021,0.0022521237028119145,-0.000455023447799352,0.0019899738482945795,0.00013581145324989552,0.0005488740584326246
Taiwan Credit Card Default,R3_F1,3,1,pay_4,2,1,0.00191433039972011,0.001869643232643714,0.004909523944529592,0.004807073261518746,8.403475363408242e-05,0.0005666944507128346
Taiwan Credit Card Default,R3_F1,3,1,pay_4,3,1,0.0018973964914859032,0.0022286957667881913,-0.00016249502069753952,0.0022542865952140945,0.00017217449135678575,0.0005420297662742657
Taiwan Credit Card Default,R3_F1,3,1,pay_4,4,1,0.001980308740293091,-0.0015989331110330962,0.006898935883011548,0.005922314897206404,7.658045277228465e-05,0.0003142843687873875
Taiwan Credit Card Default,R3_F1,3,1,pay_4,5,1,0.0022174633324973936,0.0009444084494140137,0.005049900606696356,0.00449331669763231,0.00023830970014485087,0.0006993788379067167
Taiwan Credit Card Default,R3_F1,3,1,pay_5,1,1,0.0005694426028376443,0.004992960280946646,0.004101177327540395,0.004749082613509148,0.00012677020119913895,0.00022853044894238783
Taiwan Credit Card Default,R3_F1,3,1,pay_5,2,1,-0.00034299151866812316,0.005876191585039603,-0.0003805660723227855,0.0018330955663513615,0.00012806465825651592,8.22543232551487e-05
Taiwan Credit Card Default,R3_F1,3,1,pay_5,3,1,-6.645760212664609e-05,0.0024767987501510547,0.001600676129167533,0.0029483372020391307,9.463210853211113e-06,-0.00023549247312548705
Taiwan Credit Card Default,R3_F1,3,1,pay_5,4,1,-0.00038828173550198297,0.0015530520774310608,0.008624292040814718,0.005724539629339165,-3.417448516282451e-05,-0.0005104381055933138
Taiwan Credit Card Default,R3_F1,3,1,pay_5,5,1,-0.0004348499831458019,0.0016389636307163613,0.004421063773776379,0.0030728653291008934,0.0001031141073755959,-2.8032469749250666e-05
Taiwan Credit Card Default,R3_F1,3,1,pay_6,1,1,0.0010173924017872205,0.006536348806090997,-0.0022948148759186493,-0.0003308502259717905,0.00023775251230317984,0.0004298049648379654
Taiwan Credit Card Default,R3_F1,3,1,pay_6,2,1,0.0009185047678538227,0.004970848728557464,-0.0006848505999099141,0.0006769569447395707,0.00025934215170572705,0.0004503678022533819
Taiwan Credit Card Default,R3_F1,3,1,pay_6,3,1,0.0004464321373627289,0.0046478371057081524,0.0019501711986111836,0.002163945792323263,0.00020227767371019945,0.0002778414393470041
Taiwan Credit Card Default,R3_F1,3,1,pay_6,4,1,0.0019323027079876098,0.005649492647445631,0.0006320004418011727,0.0014204513685314168,0.00045385024163585586,0.0012039237148572801
Taiwan Credit Card Default,R3_F1,3,1,pay_6,5,1,0.0014696555547213386,0.007349347423066477,0.0022464011983719945,0.002428258539242778,0.0003376268220729173,0.0008652912541637359
Taiwan Credit Card Default,R3_F1,3,1,limit_bal,1,1,0.012832068349087788,0.010478318624758676,0.0014987487592306725,0.005623814826115958,0.0015615471657280944,0.005685686128897416
Taiwan Credit Card Default,R3_F1,3,1,limit_bal,2,1,0.012637568035171465,0.013023501881777255,0.008452057083173758,0.00797882622455326,0.001926263248624327,0.005825335596768788
Taiwan Credit Card Default,R3_F1,3,1,limit_bal,3,1,0.011203457712356757,0.009481033752650525,0.007254866053565068,0.007813401111567364,0.0014577563975674557,0.0048742928221099935
Taiwan Credit Card Default,R3_F1,3,1,limit_bal,4,1,0.014989943495062885,0.01149827282322613,0.006081864065901721,0.006756150123889193,0.0019306049036156847,0.006441240793765957
Taiwan Credit Card Default,R3_F1,3,1,limit_bal,5,1,0.008817134559071405,0.009077206229750834,-0.00040640805214092746,0.004351694908485082,0.001342761732949449,0.004527720592443885
Taiwan Credit Card Default,R3_F1,3,1,age,1,1,0.001082492096178278,0.00356924778409462,-0.0004220194232628094,4.9443816966809884e-05,0.00038072255934676336,0.0008286148891233358
Taiwan Credit Card Default,R3_F1,3,1,age,2,1,0.0005761522645907347,0.0034959144258652763,0.011122013779161277,0.0054278767275381945,0.000591855627277621,0.0012848239389079419
Taiwan Credit Card Default,R3_F1,3,1,age,3,1,0.0015515294034951221,0.0035783301051444116,0.00047810634730155455,-0.00020632209891002784,0.0005196153858759434,0.0013448660169513293
Taiwan Credit Card Default,R3_F1,3,1,age,4,1,0.0007695343015480249,0.001942128422057987,0.002314533350875836,0.00017397194402868355,0.0003043449699017542,0.0006901698854140936
Taiwan Credit Card Default,R3_F1,3,1,age,5,1,0.0008267261803015513,0.004144997623961588,0.0028666783717061217,0.0019081798764464253,0.0005312182337078031,0.0011974214383069781
Taiwan Credit Card Default,R3_F1,3,1,bill_amt1,1,1,0.015073654513126145,0.016878487179087465,0.010139240598791788,0.009721580988013678,0.002978480670266098,0.009766231101313971
Taiwan Credit Card Default,R3_F1,3,1,bill_amt1,2,1,0.016765288044181537,0.009576912478764799,0.009597423357316504,0.009927903086923706,0.0022639552969304366,0.008568656531216634
Taiwan Credit Card Default,R3_F1,3,1,bill_amt1,3,1,0.01546585021798419,0.019307116598989982,0.007503887912375273,0.008969539733179155,0.0029837198006247567,0.01012610038398215
Taiwan Credit Card Default,R3_F1,3,1,bill_amt1,4,1,0.016111575284801227,0.016762250487236008,0.010350852818781675,0.010142772016876411,0.003014257742099541,0.00999222327118554
Taiwan Credit Card Default,R3_F1,3,1,bill_amt1,5,1,0.014090209804732856,0.00660659506177419,0.012109828462855354,0.011728648498393723,0.0021398094018691416,0.00816251028537357
Taiwan Credit Card Default,R3_F1,3,1,bill_amt2,0,0,0.0,0.0,0.0,0.0,0.0,0.0
Taiwan Credit Card Default,R3_F1,3,1,bill_amt3,0,0,0.0,0.0,0.0,0.0,0.0,0.0
Taiwan Credit Card Default,R3_F1,3,1,bill_amt4,0,0,0.0,0.0,0.0,0.0,0.0,0.0
Taiwan Credit Card Default,R3_F1,3,1,bill_amt5,0,0,0.0,0.0,0.0,0.0,0.0,0.0
Taiwan Credit Card Default,R3_F1,3,1,bill_amt6,0,0,0.0,0.0,0.0,0.0,0.0,0.0
Taiwan Credit Card Default,R3_F1,3,1,pay_amt1,1,1,0.00462798919424956,0.0019445312314834151,0.011090142738476916,0.012719362007019619,0.0008335914878638828,0.0025559743402499002
Taiwan Credit Card Default,R3_F1,3,1,pay_amt1,2,1,0.0054789979599433325,0.0030617543799249525,-0.003742291781157925,0.00601081853080776,0.0006722893653997031,0.0027173834049391554
Taiwan Credit Card Default,R3_F1,3,1,pay_amt1,3,1,0.004551786607195796,-0.001205997508873513,0.002458060075018753,0.007729769970429623,0.0005459281692621887,0.0020233250390910285
Taiwan Credit Card Default,R3_F1,3,1,pay_amt1,4,1,0.004335160384879022,0.0013982009154359654,0.005868670388805397,0.010901522933464136,0.0008606854094150573,0.002906475135851405
Taiwan Credit Card Default,R3_F1,3,1,pay_amt1,5,1,0.003509312850759616,0.0034630542605120773,-0.0014724801865860782,0.0060773560098600354,0.0009509671983963519,0.0023762554750456633
Taiwan Credit Card Default,R3_F1,3,1,pay_amt2,1,1,0.003025817819903187,0.0011039929022566008,0.003028878625659759,0.006788500278770537,0.0005183763435798461,0.0017220587591603165
Taiwan Credit Card Default,R3_F1,3,1,pay_amt2,2,1,0.0026741995932667573,0.003858595506889939,0.0002681776975276273,0.006193337305879121,0.0006808748884349625,0.0017608923398995113
Taiwan Credit Card Default,R3_F1,3,1,pay_amt2,3,1,0.0023483017366840997,0.004702274267521123,0.0027496785119260347,0.00725913512460008,0.00045784860665942784,0.001401160216342956
Taiwan Credit Card Default,R3_F1,3,1,pay_amt2,4,1,0.0034712914341583634,0.003427369666464619,0.002463218182851834,0.006994822377680454,0.0006329089740946259,0.001938189868257001
Taiwan Credit Card Default,R3_F1,3,1,pay_amt2,5,1,0.00610555256460843,0.004363633705616321,0.009551244129151815,0.009192955494174648,0.0012302615094713087,0.0037111475849647135
Taiwan Credit Card Default,R3_F1,3,1,pay_amt3,1,1,0.006188784321118024,0.004343494262708525,0.004423677977613949,0.006640168827869997,0.0009135654340102772,0.0028680649177237894
Taiwan Credit Card Default,R3_F1,3,1,pay_amt3,2,1,0.008820729020724838,0.010972894257823218,0.005295630513191707,0.007433107068628764,0.001412285738807334,0.004584698466119419
Taiwan Credit Card Default,R3_F1,3,1,pay_amt3,3,1,0.0069788469925538,0.004354306420056631,0.0006346344661715131,0.004830876585357302,0.0010547004311678154,0.0036835068610838184
Taiwan Credit Card Default,R3_F1,3,1,pay_amt3,4,1,0.006647437628102715,0.0068270724946710715,-0.0005187415717988197,0.003773625597679131,0.0007525883585566551,0.0028818970705363767
Taiwan Credit Card Default,R3_F1,3,1,pay_amt3,5,1,0.00756953685760986,0.00818902067664773,0.0017621528128564101,0.005153179980286415,0.0011568647675041788,0.0038123927772880095
Taiwan Credit Card Default,R3_F1,3,1,pay_amt4,1,1,0.0011079728354551621,0.003216094939605063,-0.0012514412918553375,0.005028651853224542,0.0005597056931647137,0.0011872985278689185
Taiwan Credit Card Default,R3_F1,3,1,pay_amt4,2,1,0.003283900166623388,0.0028115572660875054,0.0021645394399084084,0.005995562038011881,0.0005896235663162275,0.0017442681505692725
Taiwan Credit Card Default,R3_F1,3,1,pay_amt4,3,1,0.0020847877590208785,0.0021542554081227516,0.005416507663988324,0.00638440291199327,0.0007883654715422073,0.0020105822773481274
Taiwan Credit Card Default,R3_F1,3,1,pay_amt4,4,1,0.003212490195107498,0.0059954251855327545,-0.0024884930887658085,0.0033933315547405307,0.0008587853883889607,0.0022486749184477683
Taiwan Credit Card Default,R3_F1,3,1,pay_amt4,5,1,0.002012259510546177,0.004418163511533457,0.0022533541428285675,0.005838683756068663,0.00073723768036138,0.0017021145057700138
Taiwan Credit Card Default,R3_F1,3,1,pay_amt5,1,1,0.000923537014168585,0.003181331206797311,0.0009771706934136315,0.004203363457584541,0.0005827189014653844,0.0011791821367347355
Taiwan Credit Card Default,R3_F1,3,1,pay_amt5,2,1,-0.0017247824551930302,0.0015138316948071218,0.007334893797812658,0.007656522829624146,0.00028567563155082465,-4.929670637082717e-05
Taiwan Credit Card Default,R3_F1,3,1,pay_amt5,3,1,0.0004347701062203946,0.005144457392542434,0.0010976596753926038,0.004781432768390492,0.000484798533514047,0.0007830292660831462
Taiwan Credit Card Default,R3_F1,3,1,pay_amt5,4,1,0.000589891095799544,0.0046211347058113805,0.001557348689684157,0.004731988951423682,0.0004049160524902118,0.0009905269933828675
Taiwan Credit Card Default,R3_F1,3,1,pay_amt5,5,1,-1.030412340663478e-05,0.0032413139682905268,0.007334893797812658,0.007656522829624146,0.0002972182558934333,0.00042398779523622476
Taiwan Credit Card Default,R3_F1,3,1,pay_amt6,1,1,0.0024235458006305333,0.004789376852205596,0.012718150800237915,0.00868997049346365,0.0009797736137206192,0.0022569089610085524
Taiwan Credit Card Default,R3_F1,3,1,pay_amt6,2,1,0.00253936734279836,0.005803126092203015,0.006747574343391571,0.007127897335785005,0.0008168381369758893,0.0019427939152660834
Taiwan Credit Card Default,R3_F1,3,1,pay_amt6,3,1,0.0020704897893325525,0.005279074720006882,0.002253715205124629,0.00421191028862733,0.0007393335280094504,0.0019270479645743244
Taiwan Credit Card Default,R3_F1,3,1,pay_amt6,4,1,0.002838905813921877,0.0025631722561809678,-0.0005559194391310252,0.0030386780049300732,0.0003451596006670554,0.0012743597928533967
Taiwan Credit Card Default,R3_F1,3,1,pay_amt6,5,1,0.002155638592057363,0.004180363947907106,0.005722643909049641,0.005756889784220509,0.000812976178111352,0.0019040144616842003
Taiwan Credit Card Default,R3_F2,3,2,sex,1,1,0.0007148497203144366,-0.0007435436040775789,-0.001957187043312658,-0.0011467889908257645,6.483716602598277e-05,0.0002264934380342698
Taiwan Credit Card Default,R3_F2,3,2,sex,2,1,0.00027387099674403004,-0.0010694435590877793,-0.0032457710358185232,-0.002249765137093518,2.3294801707929302e-05,6.152391261265988e-05
Taiwan Credit Card Default,R3_F2,3,2,sex,3,1,0.001731503161691239,0.0011459146793441066,0.0026335039129958826,0.00017525137823148906,0.00016303233336378842,0.000741607285335566
Taiwan Credit Card Default,R3_F2,3,2,sex,4,1,0.0004719245989088794,4.0534783238066474e-05,-0.002903364961552357,-0.0026509214052945484,-9.075411479853024e-05,-5.098208184389774e-05
Taiwan Credit Card Default,R3_F2,3,2,sex,5,1,0.000833584157796663,0.0014809462450428024,0.00099352179871659,0.00015033180493284615,0.00021843096682441776,0.0006632643171757824
Taiwan Credit Card Default,R3_F2,3,2,education,1,1,0.0029291899737970972,0.007058793158144616,0.004910359821147403,0.0026131348627761453,0.0008972679297850616,0.0025127090331116264
Taiwan Credit Card Default,R3_F2,3,2,education,2,1,0.0032441864101352413,0.0029957444392165744,0.003915554243198338,0.00246280305784341,0.0005032054963910182,0.002221316159753295
Taiwan Credit Card Default,R3_F2,3,2,education,3,1,0.0027571146196133656,0.004802011586717447,0.0055608706816911435,0.003164622935910022,0.0006874235955970087,0.00205695095974584
Taiwan Credit Card Default,R3_F2,3,2,education,4,1,0.007485237188733396,0.009217910264368911,0.00490604191794497,0.0027823599389681375,0.0014611139906986759,0.004555125298467466
Taiwan Credit Card Default,R3_F2,3,2,education,5,1,0.003371471681592353,0.0038000506387194655,-0.0029583436779059835,-0.0012971207957586106,0.0006258998622762912,0.0017465207930296156
Taiwan Credit Card Default,R3_F2,3,2,marriage,1,1,0.0001957733797718353,0.0022980667450250847,0.00263262495325034,0.0006829266068074658,7.115986357403292e-05,0.00042406437977071665
Taiwan Credit Card Default,R3_F2,3,2,marriage,2,1,0.0009300049904297225,0.0003948123915998858,-0.0006247490242634046,-0.0013976134540939489,1.9488102859510636e-06,0.000299807040718747
Taiwan Credit Card Default,R3_F2,3,2,marriage,3,1,0.003267802999209257,0.005718533900367473,0.005245383953237981,0.0020427535183831225,0.00041406528664750253,0.0014646274390906489
Taiwan Credit Card Default,R3_F2,3,2,marriage,4,1,0.0010684470643114174,0.004857008424362097,0.0023027330100551247,0.0007456327226246229,0.0002669975575010364,0.0010576924982194091
Taiwan Credit Card Default,R3_F2,3,2,marriage,5,1,0.00046581686035551684,0.0031576012667089426,0.0026340918902054145,0.0003444764544234813,5.0826063222431106e-05,0.00044900492330712805
Taiwan Credit Card Default,R3_F2,3,2,pay_0,1,1,0.07969988038604825,0.20103341783163342,0.1516802962315299,0.07179345354665789,0.02893062713782618,0.06785654658585422
Taiwan Credit Card Default,R3_F2,3,2,pay_0,2,1,0.08178139768511838,0.20862763763113507,0.15248529832231994,0.073040735195819,0.0291488531603884,0.06813461627295359
Taiwan Credit Card Default,R3_F2,3,2,pay_0,3,1,0.0818638928738491,0.2067451933855351,0.15701937739808214,0.0753781260220282,0.02891563599198882,0.06810171114383967
Taiwan Credit Card Default,R3_F2,3,2,pay_0,4,1,0.08508136810737632,0.2049180400002808,0.17208475317028088,0.08262825599470458,0.029705442355109468,0.07046248346552347
Taiwan Credit Card Default,R3_F2,3,2,pay_0,5,1,0.07679446987435323,0.1922441178134558,0.1539914777518382,0.07397448626589476,0.027743055299687458,0.06525117461117586
Taiwan Credit Card Default,R3_F2,3,2,pay_2,1,1,0.0076635831544987765,0.0132823415938359,0.011791389298072275,0.007049959021146135,0.0024433913841011845,0.006392861432965191
Taiwan Credit Card Default,R3_F2,3,2,pay_2,2,1,0.0093896300697488,0.017778191661180887,0.018055248263899593,0.010596844953998041,0.0026503247901971116,0.007313837693845249
Taiwan Credit Card Default,R3_F2,3,2,pay_2,3,1,0.004888959684365091,0.008472896813004116,0.01605793906563968,0.010296181344132349,0.0017592033323489131,0.004757820961933168
Taiwan Credit Card Default,R3_F2,3,2,pay_2,4,1,0.004622336537371541,0.007895974208775192,0.00880347435038209,0.00609128837777162,0.001969365840820747,0.0050041783256014605
Taiwan Credit Card Default,R3_F2,3,2,pay_2,5,1,0.009177325077625476,0.016294612317779844,0.017703050755530303,0.01150567645077516,0.0028604619356723815,0.007639873120979801
Taiwan Credit Card Default,R3_F2,3,2,pay_3,1,1,0.006064332891621671,0.011677055652816959,0.012441359658767026,0.005909196332359978,0.0017459567131368758,0.004787206524945298
Taiwan Credit Card Default,R3_F2,3,2,pay_3,2,1,0.005101020366946596,0.004406214732337266,0.009172210026934025,0.004844006728610517,0.001219851912144354,0.0036083412486873634
Taiwan Credit Card Default,R3_F2,3,2,pay_3,3,1,0.0046503506982041865,0.005156780086437829,0.009499685434362914,0.005119750765177455,0.0012732771884061966,0.0035745560312766544
Taiwan Credit Card Default,R3_F2,3,2,pay_3,4,1,0.006695791621550984,0.0074740055325057675,0.006530476856114631,0.00416108012180294,0.0015173063199621362,0.004455470948780849
Taiwan Credit Card Default,R3_F2,3,2,pay_3,5,1,0.006709717265453219,0.011195003242433166,0.009172608618106926,0.004674781652418525,0.001850122422836331,0.004993005828154817
Taiwan Credit Card Default,R3_F2,3,2,pay_4,1,1,0.005410723429871478,0.008415948147273755,0.007843081199610413,0.004925606115686709,0.0011986002351653258,0.0036017063626865298
Taiwan Credit Card Default,R3_F2,3,2,pay_4,2,1,0.003462436267784197,0.004977657556362147,0.011469172951771467,0.00626653975600322,0.0010242444218049596,0.0029454978574552926
Taiwan Credit Card Default,R3_F2,3,2,pay_4,3,1,0.004872590945041444,0.00731706898417106,0.0071923204877482605,0.0043741180425528325,0.001149578424293335,0.0035279167934053612
Taiwan Credit Card Default,R3_F2,3,2,pay_4,4,1,0.005749662201339767,0.00880201696774996,0.008844001602702545,0.004229812539659483,0.0012858346043190805,0.004032178169688205
Taiwan Credit Card Default,R3_F2,3,2,pay_4,5,1,0.0019205173107970097,0.0043236605447458665,0.006548798005821144,0.0034841798170349714,0.000786069342634893,0.00221552916574691
Taiwan Credit Card Default,R3_F2,3,2,pay_5,1,1,0.001317887106840887,0.004019920007449662,0.005859431218269484,0.00411726727724504,0.0006945323149638305,0.0018429503750161946
Taiwan Credit Card Default,R3_F2,3,2,pay_5,2,1,0.001975161211723253,0.00659684635963087,0.005203297375012017,0.003735004280303156,0.0007718985334317641,0.002152632616916228
Taiwan Credit Card Default,R3_F2,3,2,pay_5,3,1,0.0009767495494933387,0.005107283662954432,0.0038598105423420237,0.0034781535149953635,0.0007602774230172082,0.0019457189806228459
Taiwan Credit Card Default,R3_F2,3,2,pay_5,4,1,0.0019360716849801118,0.004661751143106296,0.0071923204877482605,0.0043741180425528325,0.0007567213820199037,0.0020834666351250974
Taiwan Credit Card Default,R3_F2,3,2,pay_5,5,1,0.0008553277070475485,0.007576051635840408,0.002904054982174553,0.002481696329102445,0.000702510530924072,0.0016661061501587193
Taiwan Credit Card Default,R3_F2,3,2,pay_6,1,1,0.004385030535435375,0.007730320350030073,0.0048876347079423454,0.003290035167544114,0.0011151890949928078,0.003177471695606504
Taiwan Credit Card Default,R3_F2,3,2,pay_6,2,1,0.00408322681437312,0.006116897985563696,0.005880791448781897,0.0036095920486690636,0.001168226193588251,0.0032522144679411613
Taiwan Credit Card Default,R3_F2,3,2,pay_6,3,1,0.0021902350453244512,0.004632546390534453,0.008509197181786221,0.004969418960244609,0.000717655612083784,0.0019253226527770617
Taiwan Credit Card Default,R3_F2,3,2,pay_6,4,1,0.0036161884063071748,0.007108680456167971,0.003215607212507021,0.002926665441861487,0.00104872980298229,0.002759334121391177
Taiwan Credit Card Default,R3_F2,3,2,pay_6,5,1,0.004044625906714283,0.007863802663063302,0.004870771538302343,0.0036284853199280986,0.0011970550526651247,0.003183202330034607
Taiwan Credit Card Default,R3_F2,3,2,limit_bal,1,1,0.017938102385894328,0.014276830652159789,0.00796967186131764,0.007739726295133642,0.0021082394722241604,0.007285872741226829
Taiwan Credit Card Default,R3_F2,3,2,limit_bal,2,1,0.020566547313311756,0.017572589230678615,0.004428061934114436,0.004875766969089201,0.0025068269339327542,0.00903439908126702
Taiwan Credit Card Default,R3_F2,3,2,limit_bal,3,1,0.02350078635097974,0.018781953943539986,0.00970203497965949,0.007933870944624388,0.0028605525570325474,0.00988735273349528
Taiwan Credit Card Default,R3_F2,3,2,limit_bal,4,1,0.02011709919228022,0.019808524078965162,0.008246170733185232,0.008353920484084676,0.0026033499863585274,0.008788484690922471
Taiwan Credit Card Default,R3_F2,3,2,limit_bal,5,1,0.02269350618722077,0.01503638915315808,0.01365556603828938,0.010396674002467798,0.0025596843701768124,0.009127408890394706
Taiwan Credit Card Default,R3_F2,3,2,age,1,1,0.0021137661586331236,0.00048871097811376,-0.0048494810471877425,-0.003966935472312305,0.00048336866392084676,0.0012127290595130291
Taiwan Credit Card Default,R3_F2,3,2,age,2,1,0.0003856833305320162,-0.0008266397708818207,-0.00977338089059343,-0.005564719877936386,5.7692011101589946e-05,0.00028992296132335227
Taiwan Credit Card Default,R3_F2,3,2,age,3,1,0.000903619559878166,0.0025401320971619734,0.001655988095383365,-0.0001443055028932383,0.00035583275689146654,0.0008260561278020107
Taiwan Credit Card Default,R3_F2,3,2,age,4,1,0.0021450377800276144,0.0010595206534820267,-0.0032244111748716,-0.003095890518053479,0.000471661941220225,0.0013475757408452638
Taiwan Credit Card Default,R3_F2,3,2,age,5,1,0.0024955405364908145,-0.001007527002108266,0.005571822947784744,0.0021492724787580686,0.0002815553928758596,0.0010855247276449487
Taiwan Credit Card Default,R3_F2,3,2,bill_amt1,1,1,0.01187181501793566,0.013591722501261394,-0.0012714906849068952,0.004525264212626112,0.0017209837852981968,0.005910167304155167
Taiwan Credit Card Default,R3_F2,3,2,bill_amt1,2,1,0.011810900505427657,0.01780954066810836,-0.012151690360280631,-0.00023714312890821265,0.0021457182801185304,0.006867881899032979
Taiwan Credit Card Default,R3_F2,3,2,bill_amt1,3,1,0.011949016833253223,0.01914645990852959,-0.009472211126232588,0.001122683782667333,0.0020398943163993655,0.006317038735635938
Taiwan Credit Card Default,R3_F2,3,2,bill_amt1,4,1,0.013091245379292293,0.020034552671218342,-0.01043585732778246,0.00046467674915862123,0.0022008313534284396,0.00701756147120175
Taiwan Credit Card Default,R3_F2,3,2,bill_amt1,5,1,0.014205296891470653,0.015015169224259939,-0.008958794934010417,0.0020126220081853052,0.0019034274667021622,0.006605568201576872
Taiwan Credit Card Default,R3_F2,3,2,bill_amt2,0,0,0.0,0.0,0.0,0.0,0.0,0.0
Taiwan Credit Card Default,R3_F2,3,2,bill_amt3,0,0,0.0,0.0,0.0,0.0,0.0,0.0
Taiwan Credit Card Default,R3_F2,3,2,bill_amt4,0,0,0.0,0.0,0.0,0.0,0.0,0.0
Taiwan Credit Card Default,R3_F2,3,2,bill_amt5,0,0,0.0,0.0,0.0,0.0,0.0,0.0
Taiwan Credit Card Default,R3_F2,3,2,bill_amt6,0,0,0.0,0.0,0.0,0.0,0.0,0.0
Taiwan Credit Card Default,R3_F2,3,2,pay_amt1,1,1,0.007289056626391566,0.005975581363556359,0.0035137754525707554,0.0063549798102594535,0.0011555934596624573,0.003486684137004814
Taiwan Credit Card Default,R3_F2,3,2,pay_amt1,2,1,0.004481939987152628,0.00028927893307095776,-0.005613497505380094,0.0022943923467918514,0.0003915038525069414,0.0014721708851649362
Taiwan Credit Card Default,R3_F2,3,2,pay_amt1,3,1,0.007683535100440619,0.001469468143514563,-0.0007598856184558578,0.003785657792041097,0.0008233896821639441,0.002732060081794163
Taiwan Credit Card Default,R3_F2,3,2,pay_amt1,4,1,0.004678039112980592,0.0025884748070023056,-0.0033657689067408403,0.0038861504503764355,0.00015975420592168055,0.0013433141368859869
Taiwan Credit Card Default,R3_F2,3,2,pay_amt1,5,1,0.004121420539461518,0.0017254150489708353,-0.004295851778725268,0.0030589183406756204,0.0004601580999145094,0.001917882943924698
Taiwan Credit Card Default,R3_F2,3,2,pay_amt2,1,1,0.00750168736457113,0.006549081208212737,-0.0027056447737521805,0.004268413447318431,0.0012997873159056317,0.0039224667769856
Taiwan Credit Card Default,R3_F2,3,2,pay_amt2,2,1,0.0073980186821878124,0.006161147652549714,-0.004184059354379599,0.0025512431120996437,0.001204526801738104,0.003550986857604632
Taiwan Credit Card Default,R3_F2,3,2,pay_amt2,3,1,0.006450423404723904,0.007469892286673718,-0.004645016284518522,0.0029523993803006743,0.0009137499389804404,0.0028835297109082725
Taiwan Credit Card Default,R3_F2,3,2,pay_amt2,4,1,0.010037538975515514,0.009092363270037596,0.00809076109047474,0.00936927094123663,0.0015067351494163772,0.004953114192896846
Taiwan Credit Card Default,R3_F2,3,2,pay_amt2,5,1,0.004641555554687038,0.003847160325430199,0.00121762488938576,0.004932446782866751,0.0006061593095195716,0.0020623034080771707
Taiwan Credit Card Default,R3_F2,3,2,pay_amt3,1,1,0.006896858374735748,0.0031975124761474127,-0.010257721008203824,-0.00021222355560945871,0.0005871434874589743,0.0022838549590482593
Taiwan Credit Card Default,R3_F2,3,2,pay_amt3,2,1,0.004227125134696141,0.003299161617661972,-0.009425844696205055,0.0009534587064753408,0.0002479355626802404,0.0013467590794662976
Taiwan Credit Card Default,R3_F2,3,2,pay_amt3,3,1,0.006504171503995626,0.004651780135350392,-0.0052646940222210725,0.0024009113071666865,0.0005576143191682592,0.0022536801549465912
Taiwan Credit Card Default,R3_F2,3,2,pay_amt3,4,1,0.004593345138370397,0.0010323532912317468,-0.00863597759386936,0.0008280464748412486,9.954296824532527e-05,0.0008334504686335897
Taiwan Credit Card Default,R3_F2,3,2,pay_amt3,5,1,0.005266173617436198,0.009794194770424647,-0.006661885418463631,0.001974835465666902,0.000925815469230401,0.0027488776176458063
Taiwan Credit Card Default,R3_F2,3,2,pay_amt4,1,1,0.005184329920817632,0.007044467359926476,-0.007670319985436214,0.0014860535083501825,0.0006437859595848916,0.002317533375881642
Taiwan Credit Card Default,R3_F2,3,2,pay_amt4,2,1,0.004459056326705069,0.003931796669569887,-0.009687189119381323,0.0005084895937165212,0.0006283548318897214,0.00179595299575247
Taiwan Credit Card Default,R3_F2,3,2,pay_amt4,3,1,0.004865994587403666,0.003673326384651565,-0.0021079359040765966,0.0031903568743493205,0.0006634933208894134,0.0019921627859556534
Taiwan Credit Card Default,R3_F2,3,2,pay_amt4,4,1,0.0034920791588975986,0.0020326661212236585,-0.005385794169895597,0.0029085865357427743,0.00031684110070442917,0.0012374591073848196
Taiwan Credit Card Default,R3_F2,3,2,pay_amt4,5,1,0.006336900904140741,0.002596963739906477,-0.0031787458653526057,0.0030400250694163633,0.0006137255586182444,0.002446153552143837
Taiwan Credit Card Default,R3_F2,3,2,pay_amt5,1,1,0.0002482184948187083,0.0025734362748455197,8.293942769460605e-05,0.002983345255638925,0.00024735162169683966,0.0004930438888844924
Taiwan Credit Card Default,R3_F2,3,2,pay_amt5,2,1,0.002039007438737084,0.004050620523905146,0.0012371444873906512,0.0019491015272278256,0.0004982302856784693,0.0015792690475116
Taiwan Credit Card Default,R3_F2,3,2,pay_amt5,3,1,0.002585609321028026,0.005360444310355761,-0.0011654735513978998,0.0017111440331790684,0.0006582000478421446,0.0016872932183615852
Taiwan Credit Card Default,R3_F2,3,2,pay_amt5,4,1,0.0024916315838164893,0.0043793192059253805,-0.00215933845353955,0.0012223620758623488,0.000443962195222386,0.0014248524220464298
Taiwan Credit Card Default,R3_F2,3,2,pay_amt5,5,1,0.0018926660229924286,-0.0011872689687499882,-0.010082557569931538,-0.0028571186588645103,0.0002207743077307922,0.0007009333157805275
Taiwan Credit Card Default,R3_F2,3,2,pay_amt6,1,1,0.0011523266737811788,0.0030132899933604795,-0.0005095219169056198,0.002093407030120953,0.00029674674528201717,0.000792550580771989
Taiwan Credit Card Default,R3_F2,3,2,pay_amt6,2,1,0.0012910944937190028,0.0029801272331817508,-0.008518978730372606,-0.0014783984760297075,0.000290124552699611,0.0009047485191481242
Taiwan Credit Card Default,R3_F2,3,2,pay_amt6,3,1,0.002766235509186754,0.007336455286384158,-0.00940405910206965,-0.0006760859396276464,0.0004676420021016703,0.0015981808992309166
Taiwan Credit Card Default,R3_F2,3,2,pay_amt6,4,1,0.0009983302257160487,0.0019297276756935489,-0.004463092690849102,-3.0945875338361795e-05,5.885443738787299e-05,0.00034902594245256324
Taiwan Credit Card Default,R3_F2,3,2,pay_amt6,5,1,-0.0003559590029041937,0.003126852766925481,-0.011262431588124622,-0.0023305501590292765,0.00022197589491043668,0.00046353541249744
Taiwan Credit Card Default,R3_F3,3,3,sex,1,1,0.00042352618059027236,0.0018293274214670197,-0.0007589453016866865,-5.0163982099338256e-05,0.00015196887718635366,0.0003774046350848992
Taiwan Credit Card Default,R3_F3,3,3,sex,2,1,0.0008199912758292127,0.0031459051272528793,-0.00623007908716211,-0.0033420036512271656,0.00029561628196800305,0.0005342016883783662
Taiwan Credit Card Default,R3_F3,3,3,sex,3,1,0.0016522610142655214,0.0030770122947256784,-0.0015921523207197419,-0.0010259786419374306,0.00030480524230686035,0.0007031451974847669
Taiwan Credit Card Default,R3_F3,3,3,sex,4,1,0.002128455337092161,0.002725569164995778,-0.0029413421466457645,-0.001617525889784699,0.00023809556412363042,0.0007913142712238641
Taiwan Credit Card Default,R3_F3,3,3,sex,5,1,0.001994765497519979,0.001972894248544632,-0.0035327278524620587,-0.002158909155532629,0.00011704922110619687,0.0005189097682813948
Taiwan Credit Card Default,R3_F3,3,3,education,1,1,0.004554501833691327,0.007198658506633815,0.002018900497585907,0.0020585811913339525,0.001032550053935627,0.00329597420120864
Taiwan Credit Card Default,R3_F3,3,3,education,2,1,0.0017966137292597661,0.004359665643179911,-0.00011050664442296965,0.00032747952243239453,0.00021802631886383428,0.0008762661351519041
Taiwan Credit Card Default,R3_F3,3,3,education,3,1,0.00534646267185801,0.007602736245184705,0.0029653747379300155,0.0027069163287396503,0.00127032135809374,0.003566718452869211
Taiwan Credit Card Default,R3_F3,3,3,education,4,1,0.003090375947137902,0.0038612573632630376,0.0036740383727273396,0.002920820072055186,0.000635421864562502,0.0021408734793594286
Taiwan Credit Card Default,R3_F3,3,3,education,5,1,0.00585359548928055,0.003387114576114847,-0.0028402255340687077,0.0002337754656929203,0.000622023245916592,0.0023177686070504633
Taiwan Credit Card Default,R3_F3,3,3,marriage,1,1,0.0010095804320079393,0.00010241430468194146,0.0016477705639225682,0.0008622388807211223,0.00010221076258340456,0.0004032405010804263
Taiwan Credit Card Default,R3_F3,3,3,marriage,2,1,-0.0015749551674556495,-0.0018164517205574437,-0.007227776105248995,-0.003826599027416555,-0.00016312725080391832,-0.000692079245632804
Taiwan Credit Card Default,R3_F3,3,3,marriage,3,1,-0.00028757451895899955,0.0013843066489825917,-0.005642533367528402,-0.0028006203854791245,-2.2674904907676874e-05,-0.00013669010882699784
Taiwan Credit Card Default,R3_F3,3,3,marriage,4,1,-0.00021640790345256455,-0.001134781005861396,-0.0014860500838608237,-0.0013534581643698251,-5.058281589809255e-06,-6.924878223990572e-05
Taiwan Credit Card Default,R3_F3,3,3,marriage,5,1,0.000690986639093838,0.00430579554344146,-0.004367524798526146,-0.0031347238153707213,0.00031211985168538847,0.0007046213785558142
Taiwan Credit Card Default,R3_F3,3,3,pay_0,1,1,0.08747984554986499,0.21854225923530823,0.19224141414981813,0.09166235843417281,0.032729564859183186,0.07665058920986528
Taiwan Credit Card Default,R3_F3,3,3,pay_0,2,1,0.08715503174628803,0.22124417775633703,0.19173034418065826,0.09205324975362295,0.032531977898166864,0.07651902791123816
Taiwan Credit Card Default,R3_F3,3,3,pay_0,3,1,0.08140265279415804,0.20797701249704892,0.18599801813236416,0.08886836195615289,0.03060257653170631,0.07188553660480179
Taiwan Credit Card Default,R3_F3,3,3,pay_0,4,1,0.07904987317640588,0.20522999954119658,0.18341491237519475,0.0870804723976929,0.030316058146353658,0.0704387494372043
Taiwan Credit Card Default,R3_F3,3,3,pay_0,5,1,0.08171195696075728,0.21730088021687577,0.19307090911509348,0.09220374169992074,0.03162919347682158,0.07344106947773354
Taiwan Credit Card Default,R3_F3,3,3,pay_2,1,1,0.005271660985184945,0.019098745091611136,0.00981999105843695,0.008769084123624649,0.0027107557881175526,0.006972237646728441
Taiwan Credit Card Default,R3_F3,3,3,pay_2,2,1,0.008603971113301023,0.0152024942964617,0.010314417308421309,0.008548556472850022,0.0029363521114526836,0.007511103831721988
Taiwan Credit Card Default,R3_F3,3,3,pay_2,3,1,0.006786839426789593,0.01807339663163643,0.01581018015800545,0.012004135903194046,0.0030228179556343604,0.007633666689036367
Taiwan Credit Card Default,R3_F3,3,3,pay_2,4,1,0.00648642098970853,0.01620283013738888,0.012608623639133842,0.01087782929705805,0.002853511984321877,0.00723436225633306
Taiwan Credit Card Default,R3_F3,3,3,pay_2,5,1,0.005444286475919546,0.010039550480987813,0.00515436599320962,0.0072149700308576925,0.0023340624992105596,0.00597064130498659
Taiwan Credit Card Default,R3_F3,3,3,pay_3,1,1,0.008111378580545003,0.008308900438432243,0.0014188899774261188,0.0026065883645410848,0.0021275946980114924,0.005940174210259053
Taiwan Credit Card Default,R3_F3,3,3,pay_3,2,1,0.005030211480362423,0.005438589697286167,-0.005281792586050382,-0.0006786273971274293,0.0016696206345210018,0.004579034481017763
Taiwan Credit Card Default,R3_F3,3,3,pay_3,3,1,0.0017949173627154202,0.012608815941697382,0.008236837877415804,0.005564324603777204,0.0019516530152286216,0.004498053871350827
Taiwan Credit Card Default,R3_F3,3,3,pay_3,4,1,0.00231408630466734,0.00423553608070526,0.0011545213545004485,0.003261547409405874,0.0014150623245876293,0.0032727412899554165
Taiwan Credit Card Default,R3_F3,3,3,pay_3,5,1,0.00435909656364597,0.007337967930772349,0.003989887433498984,0.005206552821622967,0.001704143069799685,0.004550966077867646
Taiwan Credit Card Default,R3_F3,3,3,pay_4,1,1,0.001894356753962101,0.004740129172100538,-0.005078027483898018,-0.001169846680776243,0.0008543624261752036,0.0024903818268021127
Taiwan Credit Card Default,R3_F3,3,3,pay_4,2,1,0.0031575035946814767,0.011090430553029162,0.002018900497585907,0.0020585811913339525,0.0011860204904170502,0.0033952017223619624
Taiwan Credit Card Default,R3_F3,3,3,pay_4,3,1,0.0012767177730745871,0.00244648164804806,0.002018900497585907,0.0020585811913339525,0.0007661321997338155,0.0019032341232906314
Taiwan Credit Card Default,R3_F3,3,3,pay_4,4,1,0.0013103219865259197,0.0049453678978608195,-0.004721009841876345,-0.0010628948091183643,0.0008747504237566761,0.0023395132281436304
Taiwan Credit Card Default,R3_F3,3,3,pay_4,5,1,0.0008940659482687963,0.007752384270304891,-0.0019990300700160613,0.00012019968657606128,0.0009404330093503721,0.0023885446289309
Taiwan Credit Card Default,R3_F3,3,3,pay_5,1,1,0.0022432428065979337,0.008239884058332314,-0.003944559068692177,-0.001012730827019137,0.0010006751184379603,0.002890235764414606
Taiwan Credit Card Default,R3_F3,3,3,pay_5,2,1,5.347593582882837e-05,0.0032526887376328473,-0.000225538495390587,0.0006549590448649001,0.0006137885123977949,0.001414882156861641
Taiwan Credit Card Default,R3_F3,3,3,pay_5,3,1,0.0004298269706124458,0.005909213417904957,-0.007805199278292818,-0.0023529411764705577,0.0007028067182841824,0.0018716353323881552
Taiwan Credit Card Default,R3_F3,3,3,pay_5,4,1,0.0014479700147017605,0.009293447634461938,-0.006534585345705501,-0.002523304845145957,0.0008201456549621067,0.0024217010960199126
Taiwan Credit Card Default,R3_F3,3,3,pay_5,5,1,0.0012725980257524139,0.009863452485182167,-0.0028796766970604626,-0.0006918752120458338,0.0012513272894549288,0.003039421422390498
Taiwan Credit Card Default,R3_F3,3,3,pay_6,1,1,0.002288156130345498,0.007666383605225979,0.00042366752873679303,0.0010326025493966329,0.000753542049511613,0.002046625192078211
Taiwan Credit Card Default,R3_F3,3,3,pay_6,2,1,0.0025634521866970683,0.00722099916558272,9.935213784950658e-06,0.0010893904389549514,0.0007734015846093123,0.002285161158364135
Taiwan Credit Card Default,R3_F3,3,3,pay_6,3,1,0.0021755497035396143,0.008263628916413635,-0.003423905492778434,-0.00030760780005489874,0.0008256569043509632,0.002361510053540683
Taiwan Credit Card Default,R3_F3,3,3,pay_6,4,1,0.003625135305426741,0.009064902145822118,-0.001937470634956251,-4.3540074640247006e-05,0.0010652542758495254,0.0030215935740936506
Taiwan Credit Card Default,R3_F3,3,3,pay_6,5,1,0.002543176567523342,0.008067807155340612,0.006896928357903176,0.0037196471557586763,0.0009842665906408532,0.0026162153597042437
Taiwan Credit Card Default,R3_F3,3,3,limit_bal,1,1,0.015561578105562357,0.011121533710408582,0.00027957500639608224,0.004300773866261598,0.0020432378764123627,0.006457949386087403
Taiwan Credit Card Default,R3_F3,3,3,limit_bal,2,1,0.014858393783220403,0.01444461804886732,0.009317390394714131,0.008989611774399386,0.002238612132017953,0.006879077517177812
Taiwan Credit Card Default,R3_F3,3,3,limit_bal,3,1,0.012116661550640506,0.011407735912520756,0.0037769409139759014,0.00569777210527167,0.0018004659517131538,0.006004758248088493
Taiwan Credit Card Default,R3_F3,3,3,limit_bal,4,1,0.018468908024621422,0.01269716268931087,0.004649246101452897,0.006509847003893454,0.002350310725440813,0.007789129963002794
Taiwan Credit Card Default,R3_F3,3,3,limit_bal,5,1,0.01343296120975157,0.010522679413074054,0.00012136864248579737,0.0046282533886941035,0.001910738060431988,0.006106578954416408
Taiwan Credit Card Default,R3_F3,3,3,age,1,1,0.0019723896150055653,0.0033598633142790657,-0.004468636415174976,-0.0017178538539832644,0.0004883607894290432,0.001224088423861902
Taiwan Credit Card Default,R3_F3,3,3,age,2,1,0.0014920755448567524,0.0039675448505057664,-0.0030035127119165117,-0.00036439568961343927,0.0007122185395771752,0.0016518571017950512
Taiwan Credit Card Default,R3_F3,3,3,age,3,1,0.0014108922888023123,0.002179767741575467,-0.007516206282617011,-0.0020822495435967037,0.00044668669079273027,0.0012082634074765952
Taiwan Credit Card Default,R3_F3,3,3,age,4,1,0.0023867069486402936,0.0027766401095253856,-0.0019990300700160613,0.00012019968657606128,0.0006495322641689449,0.0016622099328539308
Taiwan Credit Card Default,R3_F3,3,3,age,5,1,0.0009459262969124804,0.00044296957877354437,-0.00905594133310772,-0.004197618624489086,0.0003030004004543341,0.0006637404617114706
Taiwan Credit Card Default,R3_F3,3,3,bill_amt1,0,0,0.0,0.0,0.0,0.0,0.0,0.0
Taiwan Credit Card Default,R3_F3,3,3,bill_amt2,1,1,0.007030550753671316,0.013819205130844558,-0.005435370120973837,0.0005745028030437194,0.0017304093679465227,0.005577686346982358
Taiwan Credit Card Default,R3_F3,3,3,bill_amt2,2,1,0.009118858749212366,0.011862183406640248,-0.0012378916095623915,0.003111055463108081,0.001848345924648137,0.0058788413243632265
Taiwan Credit Card Default,R3_F3,3,3,bill_amt2,3,1,0.00817826389001075,0.01950457883808876,-0.007342337805912924,0.00020348320597118885,0.002095987891153145,0.006404883524435467
Taiwan Credit Card Default,R3_F3,3,3,bill_amt2,4,1,0.006896133899865653,0.013481039388157257,0.0010854377828994344,0.003425287170622071,0.001882515168756843,0.005862806835042589
Taiwan Credit Card Default,R3_F3,3,3,bill_amt2,5,1,0.007018272291064109,0.006101588479539011,-0.00335192228474146,0.0023056044719452773,0.0012150836280087618,0.004380325242701377
Taiwan Credit Card Default,R3_F3,3,3,bill_amt3,0,0,0.0,0.0,0.0,0.0,0.0,0.0
Taiwan Credit Card Default,R3_F3,3,3,bill_amt4,0,0,0.0,0.0,0.0,0.0,0.0,0.0
Taiwan Credit Card Default,R3_F3,3,3,bill_amt5,0,0,0.0,0.0,0.0,0.0,0.0,0.0
Taiwan Credit Card Default,R3_F3,3,3,bill_amt6,0,0,0.0,0.0,0.0,0.0,0.0,0.0
Taiwan Credit Card Default,R3_F3,3,3,pay_amt1,1,1,0.006438276491590789,0.00901013754762603,0.002916702199808774,0.008260820395172619,0.0013062005990971404,0.00372056381088115
Taiwan Credit Card Default,R3_F3,3,3,pay_amt1,2,1,0.006475596555567953,0.004903181406107682,-0.0007474089427231823,0.006265651000856187,0.001037182521226726,0.003597250447200162
Taiwan Credit Card Default,R3_F3,3,3,pay_amt1,3,1,0.009800636541350993,0.006307005087198725,-0.0017796205921896124,0.005781055624666798,0.001413307542857456,0.004854416396159855
Taiwan Credit Card Default,R3_F3,3,3,pay_amt1,4,1,0.008891384073541508,0.006017976814349901,0.00441364930460908,0.008688627881803579,0.0011986504665822129,0.004124337515959642
Taiwan Credit Card Default,R3_F3,3,3,pay_amt1,5,1,0.006330678385058963,0.00600264428675501,-0.007798485217973106,0.0033079147616200677,0.0009219321976222383,0.0030838453432779356
Taiwan Credit Card Default,R3_F3,3,3,pay_amt2,1,1,0.001069922613373686,0.002652781912462654,-0.00032797839555825936,0.004685041278252533,0.0006937948088549528,0.0014328479873087496
Taiwan Credit Card Default,R3_F3,3,3,pay_amt2,2,1,0.006535373281419066,0.005167103557607966,0.0031087626344277752,0.006245779278478802,0.0012772881676335612,0.003889710756112108
Taiwan Credit Card Default,R3_F3,3,3,pay_amt2,3,1,0.0019096240528618802,-0.0030983934568074023,0.003918707478148209,0.00629594326057803,0.00042065857956055663,0.001298009434082703
Taiwan Credit Card Default,R3_F3,3,3,pay_amt2,4,1,0.004612420634279357,0.0013202627388728683,0.0006951648285572487,0.0051696366544419226,0.0007228499028722746,0.002405869194562593
Taiwan Credit Card Default,R3_F3,3,3,pay_amt2,5,1,0.003655266006429958,-0.0024987308332282687,-0.0001896267050671141,0.00604512335008156,0.0003858465358413665,0.0015135764399663576
Taiwan Credit Card Default,R3_F3,3,3,pay_amt3,1,1,0.005512464255133409,0.003144310469802125,0.0033388288996410442,0.0057545599948301,0.0007904759091771907,0.002746396380610139
Taiwan Credit Card Default,R3_F3,3,3,pay_amt3,2,1,0.0057495516745560415,0.00634489604793087,0.003194892723148157,0.00515638883952374,0.0008576982126256849,0.0028560696058633206
Taiwan Credit Card Default,R3_F3,3,3,pay_amt3,3,1,0.005953600336042086,0.006082973040954176,0.001350285387275607,0.005547280158973655,0.0011398982238489952,0.0033837913228929595
Taiwan Credit Card Default,R3_F3,3,3,pay_amt3,4,1,0.006477535260190237,0.002912470898380981,-0.001236295651109165,0.004798617057369392,0.0007437188978026144,0.002676835018578183
Taiwan Credit Card Default,R3_F3,3,3,pay_amt3,5,1,0.0063269625345331315,0.007420193907057282,0.005378331495137667,0.00672375074720899,0.0011653032199181734,0.0035780519308196146
Taiwan Credit Card Default,R3_F3,3,3,pay_amt4,1,1,0.005045317220543799,0.0057302342008946905,0.0003268000916521463,0.005062684782784266,0.000815584848336437,0.0026867658263107774
Taiwan Credit Card Default,R3_F3,3,3,pay_amt4,2,1,0.0036074446257492454,0.0011986387298665857,-0.005992858070054452,0.003244502964602436,0.0004940122067152997,0.0017070235693445457
Taiwan Credit Card Default,R3_F3,3,3,pay_amt4,3,1,0.004611532061327583,0.0018748278933159446,-0.002812989342134198,0.00453454933195474,0.0005960525036906583,0.002025344622413161
Taiwan Credit Card Default,R3_F3,3,3,pay_amt4,4,1,0.0049112234841752755,0.005040194629132522,0.00024399062139546235,0.005226424544000463,0.000572836237080987,0.0020494536578141154
Taiwan Credit Card Default,R3_F3,3,3,pay_amt4,5,1,0.0057648997528151336,0.007212025903243546,-0.000900411552206215,0.004143658012504603,0.0010445083250592568,0.0032677438334993703
Taiwan Credit Card Default,R3_F3,3,3,pay_amt5,1,1,0.0022823400164788676,0.0013910785557528227,-0.004004093413629006,0.0019279609674135445,0.0003036643398974248,0.0010056136928469628
Taiwan Credit Card Default,R3_F3,3,3,pay_amt5,2,1,0.001870042166825403,0.0003990345259222705,-0.0005092824828977216,0.0033249592064236166,0.00038907994204182006,0.0012012334847891215
Taiwan Credit Card Default,R3_F3,3,3,pay_amt5,3,1,0.0030035381359354574,0.007723411409822245,0.0016679482604191609,0.003966670436370001,0.0008974435193648822,0.0024689354926759055
Taiwan Credit Card Default,R3_F3,3,3,pay_amt5,4,1,0.0012927928655668275,0.003930407167693328,-0.0004348100394404586,0.0031612194452073084,0.00044273425630853014,0.0012587434155685306
Taiwan Credit Card Default,R3_F3,3,3,pay_amt5,5,1,0.0018587330565292826,0.0006923768974225197,0.0008708937876142353,0.003916506454270774,0.0005703758581825369,0.0013366035240374718
Taiwan Credit Card Default,R3_F3,3,3,pay_amt6,1,1,0.0032783495161315956,0.002728659515149112,0.0024274881176237217,0.0030911837407304743,0.0005504297378840783,0.0017113189633007897
Taiwan Credit Card Default,R3_F3,3,3,pay_amt6,2,1,0.00541092460054593,0.007624239767680008,-0.00024039904520783972,0.0017443494838198514,0.0010585765709474615,0.0031008918744712677
Taiwan Credit Card Default,R3_F3,3,3,pay_amt6,3,1,0.0048877974699904625,0.006689630384500211,-0.0006645399740686786,0.001801137373378281,0.0008857569955786626,0.0029455288986553474
Taiwan Credit Card Default,R3_F3,3,3,pay_amt6,4,1,0.00514806856551997,0.005671723078526147,-0.0025485395740736383,0.0005044670985668853,0.0009182555638841128,0.0026728833997654577
Taiwan Credit Card Default,R3_F3,3,3,pay_amt6,5,1,0.003139005121411298,0.004265182102627607,0.004025894263821217,0.004117162382667905,0.0006136347446845936,0.0017381128851279848
Taiwan Credit Card Default,R3_F4,3,4,sex,1,1,0.0022339806036246745,0.0032679884705100193,-0.0005317824207786148,-0.0006865181639665874,0.00036409400590581287,0.0010641848972878232
Taiwan Credit Card Default,R3_F4,3,4,sex,2,1,0.0014050770383323696,0.0036302373938309485,0.0016846050932737278,0.0006941887579774431,0.0002690548657406644,0.0009201298399668656
Taiwan Credit Card Default,R3_F4,3,4,sex,3,1,0.0017411449384306943,0.0021110054103875564,0.00016142407755986854,-0.00047174153166418265,0.0002199651455623841,0.0009232888012389306
Taiwan Credit Card Default,R3_F4,3,4,sex,4,1,0.0014543765852561563,0.004346411889924462,-0.0016870713074889632,-0.0006941887579774431,0.0005358239935173703,0.0015121206881456573
Taiwan Credit Card Default,R3_F4,3,4,sex,5,1,0.001448224129643294,0.002538145479463294,-0.002158949909199126,-0.0015379540991653506,-8.830238535179058e-06,0.00040431352117509256
Taiwan Credit Card Default,R3_F4,3,4,education,1,1,0.002875673733840567,0.005704949271823967,-0.00023840437525118885,-0.0004218826705939538,0.0005476532787304922,0.0019094919728948612
Taiwan Credit Card Default,R3_F4,3,4,education,2,1,0.003261680397029898,0.0060250250749358525,-0.00013271191305952446,-0.0007363770250368162,0.0009772222225567784,0.0027794671197231557
Taiwan Credit Card Default,R3_F4,3,4,education,3,1,0.003265275987972549,0.004991218155778077,0.005935977776390877,0.002876472754050008,0.000878260430042993,0.0026208633038912743
Taiwan Credit Card Default,R3_F4,3,4,education,4,1,0.0027418378487562567,0.006194193728387587,0.004599723250250598,0.0022896723122238782,0.0008709829397285651,0.0023657477105050173
Taiwan Credit Card Default,R3_F4,3,4,education,5,1,0.00327790050728205,0.004781736500830913,0.004599723250250598,0.0022896723122238782,0.0009378806356194758,0.002638110181420461
Taiwan Credit Card Default,R3_F4,3,4,marriage,1,1,0.001897513193421685,0.0021700943478254464,0.0019786592587969776,0.0009588242513500767,0.0005849938054849346,0.0015924776007027464
Taiwan Credit Card Default,R3_F4,3,4,marriage,2,1,0.002446999391466309,0.0028082200474824903,-8.14695705808055e-05,-0.0008936242022581364,0.0005165218542081684,0.0016948384037409614
Taiwan Credit Card Default,R3_F4,3,4,marriage,3,1,0.003457200642284497,0.003980808167734495,0.0019847711286872793,-0.00024929430535092223,0.0005589466207925331,0.0019164276202331965
Taiwan Credit Card Default,R3_F4,3,4,marriage,4,1,0.0013777505471690432,0.00018152139881966178,0.0029217189095057106,0.0003873649975454363,0.00016567202182909968,0.0007978867730707995
Taiwan Credit Card Default,R3_F4,3,4,marriage,5,1,0.002478241081656063,0.0010994533369007575,-0.002051885872819348,-0.001852448453608213,0.0002678634400120894,0.0012589269067015407
Taiwan Credit Card Default,R3_F4,3,4,pay_0,1,1,0.07876341714735724,0.18807221076913028,0.1642500747613848,0.07776064678448702,0.028067024549014025,0.06661949643907417
Taiwan Credit Card Default,R3_F4,3,4,pay_0,2,1,0.08321547785243821,0.20223611056987,0.1764725125189859,0.08279255645557193,0.03044205506611361,0.0717456440134433
Taiwan Credit Card Default,R3_F4,3,4,pay_0,3,1,0.0757897036338161,0.19332594381928958,0.16930693000765973,0.07917203608247425,0.028617601429835132,0.06653714530711186
Taiwan Credit Card Default,R3_F4,3,4,pay_0,4,1,0.08174591988320246,0.19931886115004466,0.17809770713627282,0.08307253313696616,0.0298761649338401,0.06982433797530874
Taiwan Credit Card Default,R3_F4,3,4,pay_0,5,1,0.07183239624243176,0.1812950944335886,0.15722948062206976,0.07336156111929304,0.026835791572725226,0.06222700535928555
Taiwan Credit Card Default,R3_F4,3,4,pay_2,1,1,0.0029797860671331167,0.013640335357063993,0.007955325070341857,0.004886168384879763,0.0014894816771371666,0.003764372318851572
Taiwan Credit Card Default,R3_F4,3,4,pay_2,2,1,0.0032541696070610415,0.01337607294515164,0.005793768498587426,0.004399085665193869,0.0016458648092045614,0.003797602273519496
Taiwan Credit Card Default,R3_F4,3,4,pay_2,3,1,0.002008337296473539,0.004024588804788398,0.0012553945453934179,0.0028457903780068072,0.0009909773705998048,0.00254189980118652
Taiwan Credit Card Default,R3_F4,3,4,pay_2,4,1,0.005396103082556114,0.014297201828421868,0.003859853206914954,0.0032830142366224724,0.0017759342206162265,0.004713065752437295
Taiwan Credit Card Default,R3_F4,3,4,pay_2,5,1,0.003331754469399484,0.00996781346122766,0.004563353987095953,0.003497790868924877,0.0016421283491636907,0.0038736251642207398
Taiwan Credit Card Default,R3_F4,3,4,pay_3,1,1,0.002236058056169221,0.008068717235077072,-0.0016762951690639238,0.001250306823760372,0.001108172736358437,0.002187522955125365
Taiwan Credit Card Default,R3_F4,3,4,pay_3,2,1,-0.0009727272029946832,0.0038550208158310006,0.0051928453779716,0.004920686057928281,0.0005629557532237095,0.0010383125840147667
Taiwan Credit Card Default,R3_F4,3,4,pay_3,3,1,0.003796624427262363,0.011382210776755386,-0.0007452583978345695,0.0018869661266568416,0.0014121750928847154,0.0035001351746425935
Taiwan Credit Card Default,R3_F4,3,4,pay_3,4,1,0.000535103834274353,0.008866034973329606,0.00022784769564465623,0.0014727540500736325,0.0009062815069848795,0.0017355144362548036
Taiwan Credit Card Default,R3_F4,3,4,pay_3,5,1,0.006754916850761017,0.010450734296226116,0.0029007146014897733,0.0036972263132057925,0.0015084467306787086,0.004502071014519438
Taiwan Credit Card Default,R3_F4,3,4,pay_4,1,1,-0.0024445224288167644,9.64835972168121e-05,0.0010540930038478447,0.0013730363279331748,0.00018058246226010377,-1.67966927036578e-05
Taiwan Credit Card Default,R3_F4,3,4,pay_4,2,1,0.0024377307570365714,0.004950025066135066,-0.0009329803573113749,0.00041421207658320913,0.0007113424495250598,0.001893938845837051
Taiwan Credit Card Default,R3_F4,3,4,pay_4,3,1,0.0011245410427916935,0.006256183331547649,0.008008849767905113,0.004728921207658332,0.0006920174633713305,0.0016537935995381559
Taiwan Credit Card Default,R3_F4,3,4,pay_4,4,1,0.0032801377638684848,0.009234311464629608,0.0029679888881954386,0.001438236377025115,0.0009142038123919893,0.002725372294738071
Taiwan Credit Card Default,R3_F4,3,4,pay_4,5,1,0.002191073218376638,0.009476434081356677,0.003391361765331724,0.0024392488954344538,0.0008539847949655677,0.0020968926175333746
Taiwan Credit Card Default,R3_F4,3,4,pay_5,1,1,0.0003422203557110759,0.0027583303812482862,0.004440005028467475,0.002761413843888061,0.0003324699372332096,0.0006582391784883956
Taiwan Credit Card Default,R3_F4,3,4,pay_5,2,1,0.00170718657952873,0.004464682518526275,0.005852428238555141,0.004241838487972549,0.0005775056223702446,0.0014913261360784968
Taiwan Credit Card Default,R3_F4,3,4,pay_5,3,1,0.001400602525159722,0.004659762474085838,0.004914612149542696,0.0036051791850761905,0.0005222624749138538,0.0014463979302555274
Taiwan Credit Card Default,R3_F4,3,4,pay_5,4,1,0.0013290902164130314,0.0032812314483798843,0.003391361765331724,0.0024392488954344538,0.0003570951884057094,0.0010255415026959591
Taiwan Credit Card Default,R3_F4,3,4,pay_5,5,1,-0.00048444595299457216,0.0015536820496934167,0.0019285126772745076,0.0021669428080510755,0.000198478733794194,0.00031307802657670747
Taiwan Credit Card Default,R3_F4,3,4,pay_6,1,1,0.0028551389144576556,0.008180035449205758,0.0011128968825695473,0.0012157891507118546,0.0007979792197385094,0.002137801017222385
Taiwan Credit Card Default,R3_F4,3,4,pay_6,2,1,0.0023788429675994927,0.004881383287437702,0.0011705960372037083,0.0010585419734904233,0.0005395348955864743,0.0017025872881706317
Taiwan Credit Card Default,R3_F4,3,4,pay_6,3,1,0.0033438196745622095,0.004865829816578571,-0.0013955737505318422,-0.00042955326460480947,0.00048535083820216984,0.0016526935120419473
Taiwan Credit Card Default,R3_F4,3,4,pay_6,4,1,0.0010232252802323538,0.0034596172821055315,0.005377828342007784,0.0033980731467845304,0.00036450329961829064,0.0010249494631877631
Taiwan Credit Card Default,R3_F4,3,4,pay_6,5,1,0.0018785764144575445,0.0071566102781165375,-0.003498601336642093,-0.0010738831615120237,0.00040244302401926113,0.0013237931908409717
Taiwan Credit Card Default,R3_F4,3,4,limit_bal,1,1,0.009437707106038196,0.01037344440995358,0.002844158644382755,0.004748097692685249,0.0018015731496614784,0.004911596350245018
Taiwan Credit Card Default,R3_F4,3,4,limit_bal,2,1,0.008235261592824505,0.007171719885732952,0.009551728257056247,0.006945722876779525,0.0016798783753862734,0.0044410067329372915
Taiwan Credit Card Default,R3_F4,3,4,limit_bal,3,1,0.01374594417341668,0.014672446229014868,0.00625702690346347,0.005242851006381999,0.002117699201921397,0.006349612701833318
Taiwan Credit Card Default,R3_F4,3,4,limit_bal,4,1,0.01354802686753398,0.013127486472105376,0.014681319568983497,0.010079160530191533,0.002310812677927432,0.0068548238318690835
Taiwan Credit Card Default,R3_F4,3,4,limit_bal,5,1,0.013194060914743955,0.010310313682342587,0.014962404058370793,0.009292924644084488,0.0021219604772460543,0.006562623099890141
Taiwan Credit Card Default,R3_F4,3,4,age,0,0,0.0,0.0,0.0,0.0,0.0,0.0
Taiwan Credit Card Default,R3_F4,3,4,bill_amt1,1,1,0.01925295126104576,0.024045497711575048,0.003947166844684213,0.008330265095728984,0.0033698123195416985,0.01158669831330067
Taiwan Credit Card Default,R3_F4,3,4,bill_amt1,2,1,0.02151881277102763,0.015339667048729577,0.0019017928328491362,0.008107817869415834,0.003791161952536398,0.012628585205289922
Taiwan Credit Card Default,R3_F4,3,4,bill_amt1,3,1,0.02298725211197028,0.023484120107251982,0.0057082194094233984,0.011233584928816875,0.0037946190102991773,0.013141674564253414
Taiwan Credit Card Default,R3_F4,3,4,bill_amt1,4,1,0.02292668638009332,0.019425635961373144,0.004416104356150141,0.009753160284732498,0.0034854420064142355,0.012411449931984397
Taiwan Credit Card Default,R3_F4,3,4,bill_amt1,5,1,0.018847368602724623,0.02124142827397013,0.008231738331382688,0.01066979626902309,0.0032926574769083228,0.010965010077105874
Taiwan Credit Card Default,R3_F4,3,4,bill_amt2,1,1,0.015828350643307343,0.02074653872702048,0.019410605191290342,0.007958241286205148,0.003739929319454327,0.011826805693126552
Taiwan Credit Card Default,R3_F4,3,4,bill_amt2,2,1,0.011794896625961448,0.019924474065075914,0.01863748530068582,0.008215206185567037,0.003197402708245728,0.009883638153329877
Taiwan Credit Card Default,R3_F4,3,4,bill_amt2,3,1,0.011920822210972015,0.012214902372747805,0.014629587858152104,0.004932191948944453,0.002668702530231576,0.00909269075684499
Taiwan Credit Card Default,R3_F4,3,4,bill_amt2,4,1,0.012779609132097858,0.016220555862136776,0.009249980377639133,0.003056731713303895,0.002520880812153098,0.009136187727935563
Taiwan Credit Card Default,R3_F4,3,4,bill_amt2,5,1,0.012673099738177096,0.017150985372031857,0.009326297878852807,0.0027422373588610327,0.00267523627821023,0.009151917658908049
Taiwan Credit Card Default,R3_F4,3,4,bill_amt3,0,0,0.0,0.0,0.0,0.0,0.0,0.0
Taiwan Credit Card Default,R3_F4,3,4,bill_amt4,0,0,0.0,0.0,0.0,0.0,0.0,0.0
Taiwan Credit Card Default,R3_F4,3,4,bill_amt5,0,0,0.0,0.0,0.0,0.0,0.0,0.0
Taiwan Credit Card Default,R3_F4,3,4,bill_amt6,0,0,0.0,0.0,0.0,0.0,0.0,0.0
Taiwan Credit Card Default,R3_F4,3,4,pay_amt1,1,1,0.007113916630870687,0.004155221641172546,-0.011322108734562686,0.0017182130584192379,0.0012725958594551334,0.003919830352002884
Taiwan Credit Card Default,R3_F4,3,4,pay_amt1,2,1,0.01364398919469001,0.01029252629102928,2.7957140052159435e-05,0.007570876288659822,0.002130806035818611,0.007165212099458251
Taiwan Credit Card Default,R3_F4,3,4,pay_amt1,3,1,0.006613090763582075,0.003863147230800834,0.005251430238068566,0.010547066764850288,0.0011985881779697227,0.0036633471141083174
Taiwan Credit Card Default,R3_F4,3,4,pay_amt1,4,1,0.012022936993740796,0.010811324033928704,0.0029254121731838723,0.007850852970053945,0.0022990029378938126,0.007677304695084319
Taiwan Credit Card Default,R3_F4,3,4,pay_amt1,5,1,0.011214648149852735,0.008349359099561582,0.004041183827281247,0.009645771968581185,0.0016118738379271857,0.005115221772729772
Taiwan Credit Card Default,R3_F4,3,4,pay_amt2,1,1,0.005847629402921051,0.004922760497838796,0.002697433499050772,0.005062592047128112,0.0012006026937942393,0.003514018283685638
Taiwan Credit Card Default,R3_F4,3,4,pay_amt2,2,1,-0.00035084977397314976,-0.0034377886554073367,-0.005204243144309395,0.0009128006872851646,1.2377819292225256e-05,1.3429833247036171e-05
Taiwan Credit Card Default,R3_F4,3,4,pay_amt2,3,1,0.005078812157380264,0.005178913860658274,-0.0004046410334300199,0.003781602847324539,0.0009765014569825814,0.003080712936421426
Taiwan Credit Card Default,R3_F4,3,4,pay_amt2,4,1,0.0019941946387661558,0.0019086791071549758,-0.0002496646019984894,0.0034671084928816764,0.0004695286643315866,0.0013314250790534277
Taiwan Credit Card Default,R3_F4,3,4,pay_amt2,5,1,0.0028735163792750207,0.006307211170839655,0.005361362510600931,0.006393440108001913,0.0010986208942495579,0.0025344169924349513
Taiwan Credit Card Default,R3_F4,3,4,pay_amt3,1,1,0.005454671263909416,-0.001741848403646995,0.0031034155761305304,0.007536358615611194,0.000519857554860087,0.0019767691542540433
Taiwan Credit Card Default,R3_F4,3,4,pay_amt3,2,1,0.004400763607633751,0.004059807030444729,-0.00238916569175579,0.0035591556210112785,0.000709936823776236,0.002272165636133916
Taiwan Credit Card Default,R3_F4,3,4,pay_amt3,3,1,0.0072618951736622694,0.004291871030444039,0.002511501426818219,0.0062707106038291105,0.0007641529506827449,0.0027993727108354682
Taiwan Credit Card Default,R3_F4,3,4,pay_amt3,4,1,0.006316174853747358,0.007414344928072025,0.005555295180147968,0.0077089469808542255,0.0011010014389657707,0.003501456840682815
Taiwan Credit Card Default,R3_F4,3,4,pay_amt3,5,1,0.0029708370407871554,0.002619499573631834,0.006695591691418146,0.008767488954344538,0.0005800366492151876,0.0018105618312033722
Taiwan Credit Card Default,R3_F4,3,4,pay_amt4,1,1,0.007942500588078993,0.006525319425556564,0.007998386445432826,0.00951153657339221,0.00150198313479033,0.004353808815588389
Taiwan Credit Card Default,R3_F4,3,4,pay_amt4,2,1,0.007947134905293751,0.01022486192707106,0.004317316758583489,0.008437653411880186,0.0014693904555605763,0.004244270820362772
Taiwan Credit Card Default,R3_F4,3,4,pay_amt4,3,1,0.006564190726763175,0.00703948019268541,0.006162474036208232,0.008974594992636198,0.0013453060384932547,0.0038319647203537976
Taiwan Credit Card Default,R3_F4,3,4,pay_amt4,4,1,0.0062695120735151155,0.004847129651021187,0.010265122470552057,0.009998619293077993,0.0013164962767387711,0.003536145264305457
Taiwan Credit Card Default,R3_F4,3,4,pay_amt4,5,1,0.007496647311201143,0.01119789177770314,0.0068142150302946125,0.009346618802160034,0.0016009778797803909,0.004642170754028674
Taiwan Credit Card Default,R3_F4,3,4,pay_amt5,1,1,0.0017773405539190934,0.002535476256735558,-0.003915524564182926,0.0016568483063328365,0.0004536309542746142,0.0012657967930924663
Taiwan Credit Card Default,R3_F4,3,4,pay_amt5,2,1,0.0022346198197922273,0.0028398981060302475,0.001187766489026576,0.0030030375552282385,0.0005613746033747702,0.0015998003788214032
Taiwan Credit Card Default,R3_F4,3,4,pay_amt5,3,1,0.0009312580541237514,0.0037959350455731844,0.0002599594685854245,0.0032600024545901274,0.0005434814106651809,0.0013408177197612448
Taiwan Credit Card Default,R3_F4,3,4,pay_amt5,4,1,0.0018446979575764688,0.0041946136024149094,-0.002245993186832662,0.0016146600392734634,0.0005885401807243784,0.0015641070618891972
Taiwan Credit Card Default,R3_F4,3,4,pay_amt5,5,1,0.0013916534988136497,0.0048737104470343295,-0.0013897959401641402,0.002408566519391253,0.0006921745183513239,0.0018193494996678883
Taiwan Credit Card Default,R3_F4,3,4,pay_amt6,1,1,0.0033642745919244543,0.006849279863358371,0.009171521170626418,0.00788920594010789,0.0010334689736420932,0.0027659451432030524
Taiwan Credit Card Default,R3_F4,3,4,pay_amt6,2,1,0.0016067497391998309,0.0038964629522506566,3.510562449365873e-05,0.00373174398625431,0.0005024412433232983,0.0011515436977856952
Taiwan Credit Card Default,R3_F4,3,4,pay_amt6,3,1,0.005047170957085734,0.00829053573320826,-0.002304894114526168,0.0034019084437898472,0.0010196756163835807,0.002912860470157319
Taiwan Credit Card Default,R3_F4,3,4,pay_amt6,4,1,0.004025943227376927,0.006969756895276014,-0.001211261432754407,0.0037240733922434544,0.0008915062188540601,0.002490529670657271
Taiwan Credit Card Default,R3_F4,3,4,pay_amt6,5,1,0.003683483165603074,0.004993457382845401,0.0007299080761163368,0.004840144820814851,0.0006611227981318801,0.0020721018904630295
Taiwan Credit Card Default,R3_F5,3,5,sex,1,1,0.0015240777337268696,0.0006580502032363933,0.0040645176651061266,0.00305521626743388,0.00026649817907731244,0.0009153520723331199
Taiwan Credit Card Default,R3_F5,3,5,sex,2,1,0.00021993986146240374,0.0012556618272456799,0.0035708685260422146,0.0032820546116356653,0.0003437799503797079,0.0006424083421995297
Taiwan Credit Card Default,R3_F5,3,5,sex,3,1,0.0001056685238464139,-0.002195504552747418,-0.0015537481545866427,0.0008472959976626449,3.050451156760836e-05,1.6287148153548703e-05
Taiwan Credit Card Default,R3_F5,3,5,sex,4,1,-0.0009075156940481222,-0.0037577290076450387,0.0031061097888071543,0.002401483579582142,-0.00016839497462400876,-0.0005745490427184752
Taiwan Credit Card Default,R3_F5,3,5,sex,5,1,0.0005169804123670296,0.0004671129638804672,0.008094427463046672,0.005169804123669519,0.0002853489821256494,0.0005968082412328712
Taiwan Credit Card Default,R3_F5,3,5,education,1,1,0.0020934054562941062,0.00010112963392527874,0.003590813868404097,0.002174645235380357,0.0002688790458227619,0.0007973392482104047
Taiwan Credit Card Default,R3_F5,3,5,education,2,1,0.004479955849710615,-0.0017959971832348653,0.0024464221355051663,0.002021255442699932,0.00019075656793232643,0.0014263756123423788
Taiwan Credit Card Default,R3_F5,3,5,education,3,1,0.001287906148171425,-0.0007856071094148875,-0.0025243334741017476,-0.0007470651013874452,8.421814686337958e-05,0.00048056419928049765
Taiwan Credit Card Default,R3_F5,3,5,education,4,1,0.0009707382593910907,-0.0024336196858376624,-0.0006171697961058764,0.0005604002743161418,-0.00023241161340389893,-0.00011683587064897916
Taiwan Credit Card Default,R3_F5,3,5,education,5,1,0.0035814487625340785,0.002101002785612094,0.0008939262268803927,0.0008205136529089163,0.00029924566531278063,0.0014178759060247126
Taiwan Credit Card Default,R3_F5,3,5,marriage,1,1,0.0015718801611810385,0.002336218724778627,0.012049095634855844,0.006343763568706917,0.00012366508191272163,0.0008180903480992652
Taiwan Credit Card Default,R3_F5,3,5,marriage,2,1,0.002925362474688886,0.0033341412667357018,0.0038902326026110656,0.0024481497863499957,0.00038083140136116467,0.0014852957647144005
Taiwan Credit Card Default,R3_F5,3,5,marriage,3,1,0.0018175473053309021,0.001570448267626312,0.006590390245454825,0.0038022813688213253,0.0001941692237676096,0.0009274558004097044
Taiwan Credit Card Default,R3_F5,3,5,marriage,4,1,0.0017283539814391125,0.0005038528368660478,0.004179807199380603,0.001614244961064104,0.00012251365779469836,0.0005888811738204436
Taiwan Credit Card Default,R3_F5,3,5,marriage,5,1,0.0004298160539868423,-0.0006896018448868668,0.004124233023256096,0.0017810259261212824,-0.00029943934933981953,-0.00038513302067666455
Taiwan Credit Card Default,R3_F5,3,5,pay_0,1,1,0.09080334860468053,0.19976529943423316,0.21509133111987538,0.10205290730468164,0.031887766572096576,0.07496879414502455
Taiwan Credit Card Default,R3_F5,3,5,pay_0,2,1,0.0784740556180028,0.18360317207658616,0.18739025077776827,0.08823808692899848,0.028000312078231948,0.06529713251278307
Taiwan Credit Card Default,R3_F5,3,5,pay_0,3,1,0.07193607947052139,0.1763522662161,0.17977696361603984,0.08461597769761109,0.026971905989619155,0.0625110901799183
Taiwan Credit Card Default,R3_F5,3,5,pay_0,4,1,0.08151912705787845,0.18155491557930958,0.197865022555425,0.09315427036371238,0.028087320908737168,0.06615433598182802
Taiwan Credit Card Default,R3_F5,3,5,pay_0,5,1,0.07982453506255316,0.18500747412971807,0.19029284479298217,0.09037945712998774,0.028893267811080814,0.06701373707828373
Taiwan Credit Card Default,R3_F5,3,5,pay_2,1,1,0.005840174328716752,0.010143851154645112,0.01215778715175847,0.009332429767358819,0.0014016890405232074,0.004009469986876679
Taiwan Credit Card Default,R3_F5,3,5,pay_2,2,1,0.005525522357170964,0.0016924474895040342,0.011645222272348654,0.009559268111560604,0.0011356845896992318,0.003106054194794927
Taiwan Credit Card Default,R3_F5,3,5,pay_2,3,1,0.003667071107125497,0.0032458340330704383,0.008311752538132988,0.007658127427149997,0.0009990466047430924,0.002534865385841245
Taiwan Credit Card Default,R3_F5,3,5,pay_2,4,1,0.0040098039613524206,0.005075852632290823,0.012816486039186281,0.011593914726637511,0.0010757212516865622,0.0028004014315127224
Taiwan Credit Card Default,R3_F5,3,5,pay_2,5,1,0.008279802459917995,0.00843580281755485,0.009121193254122972,0.008645422045116091,0.0016607894361027054,0.004763254400443451
Taiwan Credit Card Default,R3_F5,3,5,pay_3,1,1,0.0057438390462239974,0.00217792368562586,0.0018166413097853162,0.0025816557170161847,0.0010125910828009954,0.0028971039744681293
Taiwan Credit Card Default,R3_F5,3,5,pay_3,2,1,0.005263461171687078,0.0025445367473421188,-0.003039931332125545,0.001361030065210933,0.0008414774322674512,0.0023738415370245236
Taiwan Credit Card Default,R3_F5,3,5,pay_3,3,1,0.003600602196963898,0.005979687915045995,0.002998171210663092,0.0036756739208947398,0.0008775520079888632,0.0022021167697603428
Taiwan Credit Card Default,R3_F5,3,5,pay_3,4,1,0.0066861717884521,0.008984412033534284,0.006311122088880294,0.005576814605305347,0.0014447318686364452,0.003822609402603594
Taiwan Credit Card Default,R3_F5,3,5,pay_3,5,1,0.006438475678790523,0.010093084605973579,0.0035153566600540365,0.004389463987891196,0.0012894325559847652,0.003544978162294765
Taiwan Credit Card Default,R3_F5,3,5,pay_4,1,1,0.0013400911411308725,0.005995351119021164,0.0050549028225356785,0.00464957736648397,0.0002787219825136633,0.0009217655591414187
Taiwan Credit Card Default,R3_F5,3,5,pay_4,2,1,0.0013391983963056964,0.0006857973279977836,0.004096266755704292,0.003995844678632121,0.00011337260188343246,0.0004474540474431743
Taiwan Credit Card Default,R3_F5,3,5,pay_4,3,1,0.0027795204337117685,0.002460214159283547,0.007409558832550289,0.005896985363042839,0.0003525268542124149,0.0010793045758706321
Taiwan Credit Card Default,R3_F5,3,5,pay_4,4,1,0.0031233895086252295,0.006690505183611584,0.005647880950071182,0.005196586468423248,0.00039849537581793104,0.0013998036641786893
Taiwan Credit Card Default,R3_F5,3,5,pay_4,5,1,0.0016131898989981686,-0.0029497327337782986,0.004529291813134995,0.003935787299487514,8.72595758651673e-05,0.00040389848335675715
Taiwan Credit Card Default,R3_F5,3,5,pay_5,1,1,0.0025228968757990966,0.00343428899296494,0.0004990920934369036,0.0027618278544501162,0.00021030100603663948,0.000837064260978071
Taiwan Credit Card Default,R3_F5,3,5,pay_5,2,1,0.0017700695123585852,0.002040875800884079,0.009467680251716404,0.00687088880863207,0.00027101897626918836,0.0008244062798440921
Taiwan Credit Card Default,R3_F5,3,5,pay_5,3,1,0.0022752819247580103,0.005067150269227105,0.005647880950071182,0.005196586468423248,0.00041378550967191563,0.0012013033037962528
Taiwan Credit Card Default,R3_F5,3,5,pay_5,4,1,0.0017074962159794316,0.00042780501206052257,0.0051910479659956765,0.0043160154363696135,0.0002232583344129735,0.0005415722781147991
Taiwan Credit Card Default,R3_F5,3,5,pay_5,5,1,0.001889859636166058,-0.0016373995235755556,-0.0005306656778899521,0.0022748761316555566,0.0001257050650183278,0.00036149360509046824
Taiwan Credit Card Default,R3_F5,3,5,pay_6,1,1,0.001996989015180972,0.005071978248417319,0.0051910479659956765,0.0043160154363696135,0.0002508837420253096,0.0008567403517529826
Taiwan Credit Card Default,R3_F5,3,5,pay_6,2,1,0.0022037811801275398,0.0038402347951492777,0.0029766217918530957,0.0027350455096963877,0.0001987040222749814,0.0006448610782288644
Taiwan Credit Card Default,R3_F5,3,5,pay_6,3,1,0.0009223677215937087,-0.0012537660926201788,0.004529291813134995,0.003935787299487514,-0.00011335072938020718,-0.00031917261507646844
Taiwan Credit Card Default,R3_F5,3,5,pay_6,4,1,0.001857720822461495,0.0015698990281187708,0.0030689392791055647,0.0035088929558375614,0.00014920105840357523,0.0003732911814345319
Taiwan Credit Card Default,R3_F5,3,5,pay_6,5,1,0.000946471831871909,-0.0007911894857753898,-0.00030670184249370624,0.0017745332364840216,-0.0001627745323668217,-0.00033569977959835295
Taiwan Credit Card Default,R3_F5,3,5,limit_bal,1,1,0.01937321197414288,0.013881300608621805,0.012146304115362772,0.011213686589755412,0.0021864269029250316,0.008480442883158745
Taiwan Credit Card Default,R3_F5,3,5,limit_bal,2,1,0.019811874317760436,0.014973254938963176,-0.0014472588101137607,0.004883314193425359,0.0021071463157952552,0.008445394831894049
Taiwan Credit Card Default,R3_F5,3,5,limit_bal,3,1,0.015256359792396368,0.007402971002342773,0.004448221336227354,0.007698300944280589,0.0014039162483593104,0.0061065730989379174
Taiwan Credit Card Default,R3_F5,3,5,limit_bal,4,1,0.015413969833340868,0.011775569798954222,0.0017774135297245475,0.007725083289034318,0.0017469553330592968,0.006628604939041549
Taiwan Credit Card Default,R3_F5,3,5,limit_bal,5,1,0.012577476048062253,0.012447239427709311,0.010490340361358375,0.011894201622360878,0.0018531977909974906,0.006382999461266414
Taiwan Credit Card Default,R3_F5,3,5,age,1,1,0.00032658228875426243,0.0015946808630195042,0.008094427463046672,0.005169804123669519,0.00022123669758358777,0.00039864785233623135
Taiwan Credit Card Default,R3_F5,3,5,age,2,1,0.003119575053463275,0.004300914478890583,0.007132152547758508,0.004516071435817781,0.0005344646627087335,0.0017621964753827268
Taiwan Credit Card Default,R3_F5,3,5,age,3,1,0.0017960402709075174,0.0029085103971016046,0.011467719761038497,0.006904163843022948,0.00028811667789332973,0.00099211080893441
Taiwan Credit Card Default,R3_F5,3,5,age,4,1,0.00450608892550064,0.005771486109458324,0.0037661119138450716,0.0027817117164643523,0.0006937913003893514,0.002179923134147832
Taiwan Credit Card Default,R3_F5,3,5,age,5,1,0.0036006833555843887,0.004595685512156389,0.007192243588383274,0.004349290470760603,0.0005881533216139101,0.0018901003807155203
Taiwan Credit Card Default,R3_F5,3,5,bill_amt1,1,1,0.01759453964801516,0.01989462814656795,0.005204763294452686,0.00791174811610551,0.0023971486625034566,0.00871998172800792
Taiwan Credit Card Default,R3_F5,3,5,bill_amt1,2,1,0.019305850319156215,0.01749168738020812,0.017895338488141954,0.013421606859526647,0.002674147188364895,0.009360060084904975
Taiwan Credit Card Default,R3_F5,3,5,bill_amt1,3,1,0.01843128502501723,0.016507106050112297,0.006830418759492474,0.008945708940839459,0.0023875808445058544,0.008723413747080744
Taiwan Credit Card Default,R3_F5,3,5,bill_amt1,4,1,0.01781707658533227,0.01102371840205929,0.005115754531359429,0.008078529081162689,0.0019331944686208913,0.007562256253936583
Taiwan Credit Card Default,R3_F5,3,5,bill_amt1,5,1,0.01796478527458012,0.016508785706449758,0.007672255568503372,0.008992375147607312,0.0024609115947321625,0.008476183372539525
Taiwan Credit Card Default,R3_F5,3,5,bill_amt2,0,0,0.0,0.0,0.0,0.0,0.0,0.0
Taiwan Credit Card Default,R3_F5,3,5,bill_amt3,0,0,0.0,0.0,0.0,0.0,0.0,0.0
Taiwan Credit Card Default,R3_F5,3,5,bill_amt4,0,0,0.0,0.0,0.0,0.0,0.0,0.0
Taiwan Credit Card Default,R3_F5,3,5,bill_amt5,0,0,0.0,0.0,0.0,0.0,0.0,0.0
Taiwan Credit Card Default,R3_F5,3,5,bill_amt6,0,0,0.0,0.0,0.0,0.0,0.0,0.0
Taiwan Credit Card Default,R3_F5,3,5,pay_amt1,1,1,0.0086005413279987,0.0036772109614084947,0.00312258904507412,0.007711692116657343,0.0011290429869688368,0.003862487527809322
Taiwan Credit Card Default,R3_F5,3,5,pay_amt1,2,1,0.009082136581842537,0.007736630224168262,0.008589455952335012,0.008872260389317876,0.0013670972792400038,0.004630218427469912
Taiwan Credit Card Default,R3_F5,3,5,pay_amt1,3,1,0.006066769197057398,0.006001560202012479,0.005115754531359429,0.008078529081162689,0.0008779475558219063,0.0030509023197113905
Taiwan Credit Card Default,R3_F5,3,5,pay_amt1,4,1,0.006917636174020414,0.004998708630100435,0.010054986742212557,0.01023978314416607,0.0007990882332060689,0.0033724191609686427
Taiwan Credit Card Default,R3_F5,3,5,pay_amt1,5,1,0.0063188478722239205,0.004469168405175528,0.0017875832455184204,0.006951235842893144,0.0008460333608341086,0.003300927649959595
Taiwan Credit Card Default,R3_F5,3,5,pay_amt2,1,1,0.006185260782937352,0.0022076938958057735,0.0076288924879368,0.008218527701466138,0.000744065738912697,0.002731033878817568
Taiwan Credit Card Default,R3_F5,3,5,pay_amt2,2,1,0.0065941379128438005,0.006231934471258027,-0.0007819441031219898,0.005263542330307458,0.0008245384554877999,0.0027466096277674046
Taiwan Credit Card Default,R3_F5,3,5,pay_amt2,3,1,0.004362438167276217,0.004982756100169072,0.015213033005229581,0.011900694311998139,0.001065870997512125,0.0031183768200712114
Taiwan Credit Card Default,R3_F5,3,5,pay_amt2,4,1,0.006557454216393199,0.0070113423459305935,0.001295824865208739,0.005463598329755626,0.0010571289693303287,0.003414990207527835
Taiwan Credit Card Default,R3_F5,3,5,pay_amt2,5,1,0.004330461670812746,0.0064748618962570115,0.006336570592631097,0.008231918873843003,0.0011247683377489104,0.0031424274813139363
Taiwan Credit Card Default,R3_F5,3,5,pay_amt3,1,1,0.008525063810965516,0.007640084771959543,0.0024549115470622884,0.0073314639797752434,0.000944932502266238,0.0034646477449293833
Taiwan Credit Card Default,R3_F5,3,5,pay_amt3,2,1,0.007312959814309128,0.005379128289058732,0.010468597625192422,0.011120354176219704,0.0009924994833329925,0.003537231950071995
Taiwan Credit Card Default,R3_F5,3,5,pay_amt3,3,1,0.008181438211913306,0.009721243367943333,-0.0019444602272685185,0.005717219018711139,0.0010871457258313233,0.0038783415678584343
Taiwan Credit Card Default,R3_F5,3,5,pay_amt3,4,1,0.00848610767314184,0.007836176116478355,0.008949674333117108,0.010693459832569863,0.001430877999315655,0.004502420394026485
Taiwan Credit Card Default,R3_F5,3,5,pay_amt3,5,1,0.010144989875462085,0.002830745627040554,0.0028362539776427553,0.007438187565687815,0.0011057760880961998,0.00416247149758614
Taiwan Credit Card Default,R3_F5,3,5,pay_amt4,1,1,0.006956592311843979,0.004689699478319764,0.012816486039186281,0.011593914726637511,0.0011107842772629106,0.003602555979781874
Taiwan Credit Card Default,R3_F5,3,5,pay_amt4,2,1,0.007805511481915994,0.008191553501550541,0.004069346443658806,0.007591577358368129,0.0012304684127204535,0.0037808858290789837
Taiwan Credit Card Default,R3_F5,3,5,pay_amt4,3,1,0.0059523355422005375,0.008334025509907583,0.010847311226199918,0.011227077762132165,0.0013019288770483861,0.003815939528004686
Taiwan Credit Card Default,R3_F5,3,5,pay_amt4,4,1,0.007797557937110233,0.0064168114435136925,0.01206433719660388,0.011380467554812479,0.0011045870692231452,0.0035553819721626523
Taiwan Credit Card Default,R3_F5,3,5,pay_amt4,5,1,0.007634997220317463,0.004178613549894461,0.009175965342558767,0.009419269491257154,0.0010788360752437554,0.0033946016634835985
Taiwan Credit Card Default,R3_F5,3,5,pay_amt5,1,1,0.0034859250662457875,0.004990194418898142,0.0010588425177727179,0.004249465367587746,0.0006545845774711956,0.0019325699140585462
Taiwan Credit Card Default,R3_F5,3,5,pay_amt5,2,1,0.004031310995775805,0.0033241067215613596,0.006083167200187256,0.007017785911675123,0.0007130386907010788,0.0020975273070116818
Taiwan Credit Card Default,R3_F5,3,5,pay_amt5,3,1,0.004002418526890095,0.0021562331886293418,0.00749349360140944,0.007611461220382143,0.0005684512463079716,0.0017882999754877393
Taiwan Credit Card Default,R3_F5,3,5,pay_amt5,4,1,0.00433914564320248,0.0027464475672561717,0.007055364100519046,0.006730890188328509,0.0006866509729588355,0.002108711462245172
Taiwan Credit Card Default,R3_F5,3,5,pay_amt5,5,1,0.003818837727396329,8.44220482211222e-05,0.00528065258324012,0.006030491293709028,0.0005102804894641377,0.0017048852078425658
Taiwan Credit Card Default,R3_F5,3,5,pay_amt6,1,1,0.002421123965735128,0.0022244449324169135,0.00039567072478574605,0.0038692372307055356,0.0008304881781971973,0.0019759025898007376
Taiwan Credit Card Default,R3_F5,3,5,pay_amt6,2,1,0.0030627640191371874,0.0008453710310001306,-0.0027116430720283136,0.0024083820623217456,0.0004058136906454901,0.0013713707712845191
Taiwan Credit Card Default,R3_F5,3,5,pay_amt6,3,1,0.00394455243049785,0.006320397404044664,0.005136392407755153,0.005423424812625033,0.0008933285410488434,0.0025333917245933812
Taiwan Credit Card Default,R3_F5,3,5,pay_amt6,4,1,0.003801145148134899,0.002810177684696269,0.002625349003658295,0.00450957874618052,0.0006569053037354111,0.0020930706471074534
Taiwan Credit Card Default,R3_F5,3,5,pay_amt6,5,1,0.0018312631121896183,0.006569398668678561,0.0022642552846350306,0.003462226749069819,0.0006493905997089489,0.0017006247426460952
Taiwan Credit Card Default,R4_F1,4,1,sex,1,1,0.000498784253606277,0.0006312007684741161,0.0030206260136754204,0.0008572653236177397,0.00023371244854561435,0.0004141475207712353
Taiwan Credit Card Default,R4_F1,4,1,sex,2,1,0.001553954297203397,0.003258666647606101,0.0008632472036100292,5.325728643346128e-05,0.0003420601090344255,0.0009523566249186044
Taiwan Credit Card Default,R4_F1,4,1,sex,3,1,0.0013804256463921805,0.0019321486723369308,-0.0008138282091030846,-0.0008046516297695039,0.00020246763901299314,0.0007202475262732544
Taiwan Credit Card Default,R4_F1,4,1,sex,4,1,0.0012247566898231366,0.0022005149833975723,0.00298236376425165,0.0016086596669536712,0.00020634158078092213,0.0008063652504144425
Taiwan Credit Card Default,R4_F1,4,1,sex,5,1,0.001220090643579752,0.0016821882142040723,0.002471423505151893,0.0003208309037713297,4.340575535069502e-05,0.00042715444333435437
Taiwan Credit Card Default,R4_F1,4,1,education,1,1,0.004488736486164768,0.007924154813804929,0.009408786896189458,0.0055234724651783695,0.0010602441888960257,0.00302710914034654
Taiwan Credit Card Default,R4_F1,4,1,education,2,1,0.002802523912682431,0.0009554768110351386,0.0007799484855418037,0.002146381271970643,0.0002585781202815718,0.001142659815409619
Taiwan Credit Card Default,R4_F1,4,1,education,3,1,0.004509090101674773,0.006458058305897074,0.006957648707887565,0.004451247218070997,0.0009849494018788485,0.0026620772848457985
Taiwan Credit Card Default,R4_F1,4,1,education,4,1,0.001311239443472667,0.003973253818659983,0.007756990172835598,0.003914169205639473,0.0007107253594211271,0.0016299412869963947
Taiwan Credit Card Default,R4_F1,4,1,education,5,1,0.0018120349239080236,0.0030513941169316716,0.004494824269462572,0.0020372923287624856,0.0004352711688425104,0.0013787767376704507
Taiwan Credit Card Default,R4_F1,4,1,marriage,1,1,0.0005713493175988349,0.002033242833976545,0.005625075703239502,0.002358766825119152,0.0002039989644616047,0.0006515369597649978
Taiwan Credit Card Default,R4_F1,4,1,marriage,2,1,-0.001182601375486092,0.003913807548485804,0.00713376798177584,0.0020360051435919235,0.00023413720773507452,0.0003953849801499043
Taiwan Credit Card Default,R4_F1,4,1,marriage,3,1,0.0014671497472611428,0.0025327463626279023,0.0070286118144703424,0.002948458531398912,0.0003524839082706954,0.0009760150411370905
Taiwan Credit Card Default,R4_F1,4,1,marriage,4,1,0.00027746885333679305,0.0014361434810838958,0.0059005802031601995,0.0026269840350423568,0.0003340609238546288,0.0006830254545444614
Taiwan Credit Card Default,R4_F1,4,1,marriage,5,1,-0.00031648665382055796,0.006029853126543583,0.007550631484628367,0.0042362872945812535,0.000378042184283528,0.0006881550933812708
Taiwan Credit Card Default,R4_F1,4,1,pay_0,1,1,0.0975116779874603,0.22556527422733508,0.2233039803232547,0.10492473828307525,0.03379159850088992,0.08074668780802374
Taiwan Credit Card Default,R4_F1,4,1,pay_0,2,1,0.08688355093198641,0.20813720316851897,0.19310887730474202,0.09044808846566232,0.031024541716205556,0.07367549854717736
Taiwan Credit Card Default,R4_F1,4,1,pay_0,3,1,0.09040528955874017,0.21896365808969032,0.21592743590609173,0.10100992548485044,0.03207668055967622,0.07620214997908259
Taiwan Credit Card Default,R4_F1,4,1,pay_0,4,1,0.08592387393823309,0.21916749877849562,0.20951608615077263,0.0974165871829823,0.032084950484243785,0.0751161371177751
Taiwan Credit Card Default,R4_F1,4,1,pay_0,5,1,0.08413315801871302,0.2102398812379812,0.2001163499002726,0.09312768619455292,0.03117720532609608,0.07355255463263566
Taiwan Credit Card Default,R4_F1,4,1,pay_2,1,1,0.007146693414374461,0.01582483227254783,0.02381972157560941,0.016626249052309916,0.0029325841957279775,0.007661069136040588
Taiwan Credit Card Default,R4_F1,4,1,pay_2,2,1,0.004225185322484948,0.021129494817443195,0.015078476171955846,0.012497763515766036,0.002654091139000503,0.006499584669633129
Taiwan Credit Card Default,R4_F1,4,1,pay_2,3,1,0.004297911284623646,0.012491466686156638,0.004294477870504743,0.009014157749691387,0.0021905794844623017,0.005789477590721959
Taiwan Credit Card Default,R4_F1,4,1,pay_2,4,1,0.004740139839796931,0.01578431719095008,0.012822908082500195,0.012874426076312062,0.002537878083315237,0.00631755522289601
Taiwan Credit Card Default,R4_F1,4,1,pay_2,5,1,0.0067222441043701675,0.014016814314558812,0.012037618502223846,0.011479439147677462,0.002665901747155336,0.006936116809687476
Taiwan Credit Card Default,R4_F1,4,1,pay_3,1,1,0.0028133845375593047,0.012307994730774707,0.01351567833180689,0.009546730614025889,0.0022340719661737563,0.005246205734718845
Taiwan Credit Card Default,R4_F1,4,1,pay_3,2,1,0.004143127267859259,0.011535845535516898,0.007824323727220917,0.005846234146705598,0.0019145386681878318,0.0050700168334638085
Taiwan Credit Card Default,R4_F1,4,1,pay_3,3,1,0.005344231930172749,0.016659542074687006,0.014235231020784556,0.00917071164606531,0.002526424665894783,0.006218516614457159
Taiwan Credit Card Default,R4_F1,4,1,pay_3,4,1,0.007574038891012824,0.014238765568479472,0.009448707273364332,0.007455537406244717,0.002518135042488878,0.006555836794880809
Taiwan Credit Card Default,R4_F1,4,1,pay_3,5,1,0.004860491653247645,0.01631986510286043,0.01049378224646691,0.007938070947072218,0.0024032254122645647,0.006043040026051993
Taiwan Credit Card Default,R4_F1,4,1,pay_4,1,1,0.0033329246520416023,0.0074146320218893,0.007324342080274493,0.005900135025724396,0.0008826706101165427,0.002616347423109733
Taiwan Credit Card Default,R4_F1,4,1,pay_4,2,1,0.0020509686712001374,0.007998202072472371,0.008480372984037476,0.006221609522080951,0.0008706045434839216,0.002285797537180445
Taiwan Credit Card Default,R4_F1,4,1,pay_4,3,1,0.0020183867965694047,0.004317169285188105,0.007281628423719988,0.005309799726859299,0.0007088735216324304,0.002058714016815677
Taiwan Credit Card Default,R4_F1,4,1,pay_4,4,1,0.0011064965522744608,0.00587689476948694,0.0033937399926728395,0.0036478827734721664,0.0007186436406796948,0.0018209995863397443
Taiwan Credit Card Default,R4_F1,4,1,pay_4,5,1,0.0016838795503604231,0.005672529214363564,0.010289205011962288,0.006918459393813081,0.0007283068397864467,0.0019231753455505318
Taiwan Credit Card Default,R4_F1,4,1,pay_5,1,1,0.003004933780758834,0.009555065785802896,0.004853299168196712,0.004827909778617023,0.001405540303335534,0.0035539311900092407
Taiwan Credit Card Default,R4_F1,4,1,pay_5,2,1,-0.0017396307580619386,0.005460581542714893,0.005389342960277987,0.005364344198463322,0.0008792175714317785,0.0016527285264267277
Taiwan Credit Card Default,R4_F1,4,1,pay_5,3,1,-0.0007905730419660584,0.004899993209812048,0.004345402231129003,0.004881810657635821,0.0009167514624505713,0.002140013809078689
Taiwan Credit Card Default,R4_F1,4,1,pay_5,4,1,0.00047875243438888493,0.006011619297562665,0.006398487755880922,0.005256542440425838,0.0010099622401785469,0.002329827666583739
Taiwan Credit Card Default,R4_F1,4,1,pay_5,5,1,-0.0013996529748779851,0.003614033757109003,0.007824323727220917,0.005846234146705598,0.0008267470781033737,0.0016920609337191528
Taiwan Credit Card Default,R4_F1,4,1,pay_6,1,1,0.00016677092866546062,0.004776413471363039,-0.0008264321668053909,0.0005370780124316354,0.0005045218601386625,0.0011696054023951352
Taiwan Credit Card Default,R4_F1,4,1,pay_6,2,1,0.0004806832121448945,0.006124193544276957,0.0008975345282022373,0.0019853222274996973,0.0006240193637921665,0.0016163151611810478
Taiwan Credit Card Default,R4_F1,4,1,pay_6,3,1,0.0004348272404423037,0.004987778666470266,0.0031984277968230557,0.002628271220212919,0.0004967695544736972,0.0012986424701360577
Taiwan Credit Card Default,R4_F1,4,1,pay_6,4,1,0.0012820364299147569,0.0056443149518381475,0.006957648707887565,0.004451247218070997,0.0006617481019655369,0.0018118311377149365
Taiwan Credit Card Default,R4_F1,4,1,pay_6,5,1,0.001234973722114785,0.004311180057804953,0.0008975345282022373,0.0019853222274996973,0.0005718334371284939,0.0014875788663867295
Taiwan Credit Card Default,R4_F1,4,1,limit_bal,1,1,0.013286968923488462,0.01223222237016075,0.019512886818654762,0.013515444291269385,0.002227791800091,0.007123138400183304
Taiwan Credit Card Default,R4_F1,4,1,limit_bal,2,1,0.01746838995017308,0.01443548359534974,0.019311765867853714,0.014427897679076374,0.0028558810697645876,0.009271377966866612
Taiwan Credit Card Default,R4_F1,4,1,limit_bal,3,1,0.012922936867428958,0.007919588554839097,0.005690248932608333,0.007993902603846803,0.0018970316571942647,0.006035462354626486
Taiwan Credit Card Default,R4_F1,4,1,limit_bal,4,1,0.018630476812002805,0.012904315238221775,-0.0019400479051160935,0.0037576153092655495,0.002671699211226869,0.008824857848707846
Taiwan Credit Card Default,R4_F1,4,1,limit_bal,5,1,0.016087642507488287,0.012555683388461136,0.012160898201332315,0.010728044804341419,0.002491329442916801,0.008188520457361126
Taiwan Credit Card Default,R4_F1,4,1,age,1,1,0.0010059352108215958,0.0006363552208936696,0.0010829359027186292,0.0010728688396927089,0.0003383138939338781,0.0010514281053882746
Taiwan Credit Card Default,R4_F1,4,1,age,2,1,0.0007403728203126958,0.0026540852919296753,0.007001183694895496,0.0036998528747349546,0.0003916239324041615,0.0009537942837506974
Taiwan Credit Card Default,R4_F1,4,1,age,3,1,0.001847593414245785,0.004430301300973327,-0.0008264321668053909,0.0005370780124316354,0.0005784692788364243,0.0016661745593707367
Taiwan Credit Card Default,R4_F1,4,1,age,4,1,0.0001419926141315031,0.00017645088562867617,0.0039068096228183635,0.0022522522522522292,0.0002489689595946143,0.0004738740196111313
Taiwan Credit Card Default,R4_F1,4,1,age,5,1,0.0020133989540332964,0.004309539037653298,0.0009215868191080889,0.000643592585298558,0.0006126273225042222,0.0016512357218944063
Taiwan Credit Card Default,R4_F1,4,1,bill_amt1,0,0,0.0,0.0,0.0,0.0,0.0,0.0
Taiwan Credit Card Default,R4_F1,4,1,bill_amt2,1,1,0.006488378648687343,0.009715470782658775,-0.003678065730107427,0.003490041691927681,0.001665232212893969,0.005256781766956098
Taiwan Credit Card Default,R4_F1,4,1,bill_amt2,2,1,0.005229511551843369,0.007535712000525829,0.003849288543213425,0.006706717433249798,0.0017689323466691387,0.004915723512590731
Taiwan Credit Card Default,R4_F1,4,1,bill_amt2,3,1,0.007803560096744877,0.010611301461154854,0.0043720325295192874,0.007243151853096097,0.0017301355750906355,0.005620271570768165
Taiwan Credit Card Default,R4_F1,4,1,bill_amt2,4,1,0.006635922248866999,0.012321377958085189,0.0022366965562065078,0.0068684200703060805,0.0018916124437226567,0.005833713378835037
Taiwan Credit Card Default,R4_F1,4,1,bill_amt2,5,1,0.0060169470799561475,0.006827059904206179,0.0014617540159585496,0.006063768440536577,0.0015472378097021178,0.004904037920983206
Taiwan Credit Card Default,R4_F1,4,1,bill_amt3,0,0,0.0,0.0,0.0,0.0,0.0,0.0
Taiwan Credit Card Default,R4_F1,4,1,bill_amt4,0,0,0.0,0.0,0.0,0.0,0.0,0.0
Taiwan Credit Card Default,R4_F1,4,1,bill_amt5,0,0,0.0,0.0,0.0,0.0,0.0,0.0
Taiwan Credit Card Default,R4_F1,4,1,bill_amt6,0,0,0.0,0.0,0.0,0.0,0.0,0.0
Taiwan Credit Card Default,R4_F1,4,1,pay_amt1,1,1,0.00815705332422001,0.003997071242203054,0.0012888050587002153,0.006815162783872619,0.0013900423073646972,0.004704870289521934
Taiwan Credit Card Default,R4_F1,4,1,pay_amt1,2,1,0.00863829967987706,0.00986478867769447,0.00885661811850319,0.010031838525194736,0.0017815770118805863,0.005471331751122133
Taiwan Credit Card Default,R4_F1,4,1,pay_amt1,3,1,0.00906226629544249,0.004114663038786159,0.0009928117181490226,0.007137280872814511,0.0013786819586843468,0.004713402514553988
Taiwan Credit Card Default,R4_F1,4,1,pay_amt1,4,1,0.010158787162644956,0.008677298456930216,0.008180072873358535,0.01024679844868448,0.001967310552316026,0.006252718039646832
Taiwan Credit Card Default,R4_F1,4,1,pay_amt1,5,1,0.008437176996971218,0.0026098600066898348,0.005910048654121924,0.009442790411500313,0.001402000537247483,0.004785088277063421
Taiwan Credit Card Default,R4_F1,4,1,pay_amt2,1,1,0.003848200965646309,0.004248252477618397,0.0013547127843024365,0.005044156887277329,0.0008808457609438824,0.0028064733211908277
Taiwan Credit Card Default,R4_F1,4,1,pay_amt2,2,1,0.006943237708346928,0.002580313102825138,-0.0009096068531191936,0.004830484148958258,0.0008907998170111231,0.0034044423333644547
Taiwan Credit Card Default,R4_F1,4,1,pay_amt2,3,1,0.006705108451786401,0.006104918927156144,0.003983525818195666,0.006545658388778852,0.0011035775660775127,0.00374512081317524
Taiwan Credit Card Default,R4_F1,4,1,pay_amt2,4,1,0.00972500576015356,0.007172769680003355,0.013317655671038264,0.010459184001832988,0.0014582858451628045,0.005039182461596126
Taiwan Credit Card Default,R4_F1,4,1,pay_amt2,5,1,0.007050234975652936,0.0030471813556740557,0.00371978540993112,0.0056871058799905505,0.0009937527274803126,0.0036559904134187415
Taiwan Credit Card Default,R4_F1,4,1,pay_amt3,1,1,0.00961559502065279,0.005831278210558288,0.003587638578720409,0.006438500223326593,0.0014241070236084008,0.004588872549231349
Taiwan Credit Card Default,R4_F1,4,1,pay_amt3,2,1,0.008917779760042932,0.0035042858635516705,0.006354360720029872,0.00777894268035717,0.001259097466396214,0.004218302519858108
Taiwan Credit Card Default,R4_F1,4,1,pay_amt3,3,1,0.009987913331248155,0.008113522039934429,0.0016015889137058203,0.005902709396065631,0.0012657076995302163,0.004386372974536645
Taiwan Credit Card Default,R4_F1,4,1,pay_amt3,4,1,0.009868929152041073,0.00215751423106858,0.006614697630599353,0.007456824591415279,0.0011521494436155244,0.00389259451406726
Taiwan Credit Card Default,R4_F1,4,1,pay_amt3,5,1,0.009203373969769224,0.008941900431862715,0.0003027158150430975,0.004561623346449717,0.0014817109139569906,0.004575039361229938
Taiwan Credit Card Default,R4_F1,4,1,pay_amt4,1,1,0.009092354248805168,0.007590528451219547,0.008067797359506246,0.009227186895425232,0.0015159083993811773,0.0047478623544050524
Taiwan Credit Card Default,R4_F1,4,1,pay_amt4,2,1,0.009962169627836248,0.007782480383292323,0.0008859557882313629,0.00670800461842036,0.0014713010684749284,0.005072231606366773
Taiwan Credit Card Default,R4_F1,4,1,pay_amt4,3,1,0.009723396778690496,0.006495918826960878,0.005935767822456861,0.008852455112635105,0.0013867715024458438,0.004699668986072991
Taiwan Credit Card Default,R4_F1,4,1,pay_amt4,4,1,0.006983944939367159,0.006218377187788393,0.0018357166859194196,0.006761261904853821,0.001098865981305014,0.003584101093825176
Taiwan Credit Card Default,R4_F1,4,1,pay_amt4,5,1,0.012190287158139745,0.007988055276499595,-0.00013886803666041114,0.005635135778727762,0.0014667945033797758,0.005278259974077326
Taiwan Credit Card Default,R4_F1,4,1,pay_amt5,1,1,0.001877037775023127,0.0012924021795802654,0.002406895290057276,0.004936355129239844,0.0006442577704279806,0.001520533649249145
Taiwan Credit Card Default,R4_F1,4,1,pay_amt5,2,1,0.002472521814570694,0.002648529922360643,0.0013522194575480984,0.0038634862895471356,0.0006587240166903707,0.0017962003573889773
Taiwan Credit Card Default,R4_F1,4,1,pay_amt5,3,1,0.0005467319012111282,0.006793590069349875,-0.0011377226447443767,0.0022009257435746665,0.0006824347695373045,0.001453896540767552
Taiwan Credit Card Default,R4_F1,4,1,pay_amt5,4,1,0.001070053122132153,0.006490263261476503,0.00300781161206487,0.0035407246080199073,0.0006721825264732473,0.0014318624533987134
Taiwan Credit Card Default,R4_F1,4,1,pay_amt5,5,1,0.0018977131868259667,0.0020246698362519355,0.005145960710403019,0.005686462287405214,0.0005826723618110596,0.0014582519785980574
Taiwan Credit Card Default,R4_F1,4,1,pay_amt6,1,1,0.005399902688801084,0.004859310847361464,0.004198154845875102,0.00445253440324167,0.0008675089018473081,0.0029431110326403886
Taiwan Credit Card Default,R4_F1,4,1,pay_amt6,2,1,0.0009912934795059947,0.0064996449203122975,-0.003097139387388703,0.002255470215178801,0.000538847857313729,0.0014507676070340536
Taiwan Credit Card Default,R4_F1,4,1,pay_amt6,3,1,0.003424395248227241,0.0038418772000554657,0.0032756599136460895,0.0038089418179431123,0.000585412731390289,0.0018332831009059691
Taiwan Credit Card Default,R4_F1,4,1,pay_amt6,4,1,0.0036440212179603693,0.0031150400743450435,0.007824323727220917,0.005846234146705598,0.0006949841705360948,0.002082324094996202
Taiwan Credit Card Default,R4_F1,4,1,pay_amt6,5,1,0.003518601112900366,0.006500766199221131,0.005088209726321291,0.0045057916896750205,0.00082493894032859,0.002472190953082487
Taiwan Credit Card Default,R4_F2,4,2,sex,1,1,0.0015184483328987142,0.00037707221475435926,0.0005544333261526813,0.0007294739390463212,-2.7960695112488887e-05,0.0001704948826601882
Taiwan Credit Card Default,R4_F2,4,2,sex,2,1,0.0019121170916569508,-0.0008570988874120333,-0.005597655853889771,-0.002045604356841091,-0.00023999787158759944,-0.00020558646344603915
Taiwan Credit Card Default,R4_F2,4,2,sex,3,1,0.00041216546135258714,0.00026860261772243543,-0.006675821780361024,-0.0023645497108704117,-8.943422908605503e-05,-0.00024327224506931477
Taiwan Credit Card Default,R4_F2,4,2,sex,4,1,0.0033560875512770316,0.0008476732545595889,-0.004164983951095602,-0.0016203438848019225,9.901637755010961e-05,0.0008273966361280194
Taiwan Credit Card Default,R4_F2,4,2,sex,5,1,0.00035061891112675436,-0.0013841552234675758,-0.004403867285988128,-0.0009312189474328658,-0.0003463956465039886,-0.0006914998349014656
Taiwan Credit Card Default,R4_F2,4,2,education,1,1,0.003862618933388462,0.00570152066315166,-0.004892585359481283,-0.0006929715967580741,0.0005985545622229638,0.002193134636059857
Taiwan Credit Card Default,R4_F2,4,2,education,2,1,0.0027312918539047493,0.00231431016927941,-0.004043672682103927,-0.0008249038294230182,0.0004436101794867142,0.0015817493707220853
Taiwan Credit Card Default,R4_F2,4,2,education,3,1,0.004220849319476749,0.0037398321734373186,0.0016531985397912896,0.0021884218171389636,0.0006471953116407858,0.002274015581499478
Taiwan Credit Card Default,R4_F2,4,2,education,4,1,0.005114092735919118,0.0068193860446161825,0.0007476748126696298,0.0013526327600829058,0.0007676820948368523,0.002612696560763794
Taiwan Credit Card Default,R4_F2,4,2,education,5,1,0.0028891685764921293,0.004058629588167384,-2.7122564883519384e-05,0.0013122837584055302,0.0005015290748808243,0.0016671127731056612
Taiwan Credit Card Default,R4_F2,4,2,marriage,1,1,0.0004444937689846995,-0.0005898028426228885,-0.0036968087591085497,-0.0018585912354767142,-3.928073143030786e-05,8.93853090844221e-05
Taiwan Credit Card Default,R4_F2,4,2,marriage,2,1,0.0007058210759940398,5.679517434509229e-05,0.0007580405468078921,4.034900167737554e-05,6.338536385902538e-05,0.00012076581293068989
Taiwan Credit Card Default,R4_F2,4,2,marriage,3,1,-0.0018920653565437373,0.000875927473758642,0.0012661672649134648,0.0009421041750659054,-0.0001108297048785234,-0.0005924781247979016
Taiwan Credit Card Default,R4_F2,4,2,marriage,4,1,-0.0018124313228072841,-0.0027256798803683147,-0.00010461910235642913,0.00034456246868452833,-0.00032585147485450494,-0.00107281619068611
Taiwan Credit Card Default,R4_F2,4,2,marriage,5,1,4.992472824161265e-05,0.0003140200216568134,-0.001519226078331326,-0.0013929817617601703,-2.58639936412397e-07,-5.77983758760503e-05
Taiwan Credit Card Default,R4_F2,4,2,pay_0,1,1,0.07460186666103574,0.18000625171300538,0.1699079174409186,0.07941411940063481,0.026384835836501808,0.06261345711501676
Taiwan Credit Card Default,R4_F2,4,2,pay_0,2,1,0.07081757226031493,0.18894590209623635,0.1667885590230077,0.07711938246548611,0.027463289212638103,0.06377740443955299
Taiwan Credit Card Default,R4_F2,4,2,pay_0,3,1,0.08670370263064031,0.19493634683203975,0.1796007231439128,0.08326708076364209,0.029138701329273625,0.06969308241640337
Taiwan Credit Card Default,R4_F2,4,2,pay_0,4,1,0.08680592555781053,0.2021441793707177,0.1914008534268056,0.09035303657747495,0.030418503152031373,0.07180475042645662
Taiwan Credit Card Default,R4_F2,4,2,pay_0,5,1,0.08746640515930326,0.20105318841362163,0.1980428541468817,0.0932088128767169,0.030974577805191944,0.07338723470842856
Taiwan Credit Card Default,R4_F2,4,2,pay_2,1,1,0.008717021238634048,0.014560903408915027,0.012932171800822234,0.008731916813289775,0.0023289430789814602,0.006635124628500133
Taiwan Credit Card Default,R4_F2,4,2,pay_2,2,1,0.005095923408591996,0.015138795013855288,0.014155766373106393,0.008534018464292359,0.002211038419802802,0.0056298624763453375
Taiwan Credit Card Default,R4_F2,4,2,pay_2,3,1,0.0067333726511028535,0.007133262243452121,0.004727138594684099,0.0048021041063170955,0.0018434566689574938,0.005266591907507112
Taiwan Credit Card Default,R4_F2,4,2,pay_2,4,1,0.006874144015981076,0.01837226584242535,0.016058280350947196,0.010033315344062377,0.0024977823770474805,0.006543721371588096
Taiwan Credit Card Default,R4_F2,4,2,pay_2,5,1,0.0035266500654668187,0.006914980742950383,0.004538802767293737,0.0053189478093438325,0.001830126878145405,0.004493988609639565
Taiwan Credit Card Default,R4_F2,4,2,pay_3,1,1,0.004051432618722206,0.010499491397021998,0.010310574938517059,0.005707705939094754,0.0017605504936423766,0.0042761748371056285
Taiwan Credit Card Default,R4_F2,4,2,pay_3,2,1,0.006072647518159724,0.002826753854387687,0.005481136541735154,0.0037024505839311495,0.0013819818733667444,0.004129484832501973
Taiwan Credit Card Default,R4_F2,4,2,pay_3,3,1,0.006938227724527457,0.010679403767477336,0.009648055284577517,0.005322794468732961,0.0018927169339196803,0.005103369807236469
Taiwan Credit Card Default,R4_F2,4,2,pay_3,4,1,0.006214237321206073,0.006308185011468126,0.0018366559685202288,0.002811580638175437,0.0015748730193004545,0.00432364027853499
Taiwan Credit Card Default,R4_F2,4,2,pay_3,5,1,0.0038350375671303283,0.006517043404524414,0.007708215605555235,0.003995778823305263,0.0015231228629431215,0.004088777233369201
Taiwan Credit Card Default,R4_F2,4,2,pay_4,1,1,0.0016558641012884845,0.003905678078937491,0.00393959256396087,0.0036217525805763984,0.00048380615069443245,0.0014103619564218572
Taiwan Credit Card Default,R4_F2,4,2,pay_4,2,1,0.001401247987255827,0.004644994526119772,-0.0003356287098912336,0.0021736899301167956,0.0004887318963190945,0.001360800625428149
Taiwan Credit Card Default,R4_F2,4,2,pay_4,3,1,0.0014396327373301654,0.0029969743846813834,0.001896357802131765,0.0026392994038333395,0.00045104759156366914,0.0012154511151406533
Taiwan Credit Card Default,R4_F2,4,2,pay_4,4,1,0.001288057988635738,0.005199327425762346,-0.0005079560592959886,0.001550531109080211,0.00044000894165552307,0.0012972496410660894
Taiwan Credit Card Default,R4_F2,4,2,pay_4,5,1,0.0009760693590336045,0.005011048358777304,0.0049044963492811955,0.0042852604032903585,0.00043784072583760714,0.0013085428235047325
Taiwan Credit Card Default,R4_F2,4,2,pay_5,1,1,0.001186489811999758,0.004489705237775032,0.00014353154499474607,0.0007954400553787933,0.0004386552187461701,0.0013131181313786877
Taiwan Credit Card Default,R4_F2,4,2,pay_5,2,1,-0.0003978427934147044,0.0007714686757542832,-0.004105677673607866,-0.0006526225950809206,0.0002645383661622758,0.0005834714324343682
Taiwan Credit Card Default,R4_F2,4,2,pay_5,3,1,-9.518435892641453e-05,0.0014813402729613179,-0.0012309407644952586,0.0001978983489974162,0.00038177217775833827,0.0009574536901894026
Taiwan Credit Card Default,R4_F2,4,2,pay_5,4,1,-0.00037427177417925783,0.0029453788267786996,0.004871229778407482,0.003145257879227037,0.00028436126713723975,0.0008041995075134256
Taiwan Credit Card Default,R4_F2,4,2,pay_5,5,1,0.0018709496518117819,0.0013599209648450516,-0.0013469176009897055,0.0005424608176818335,0.0004785551881118788,0.001389536709866357
Taiwan Credit Card Default,R4_F2,4,2,pay_6,1,1,0.0003658418610497094,0.002322719455237654,-0.00242667064557478,0.00022351546365251274,-1.0951354118521328e-05,2.1857506880551547e-05
Taiwan Credit Card Default,R4_F2,4,2,pay_6,2,1,-0.00011089837175004558,0.005510485081044902,-0.0022537978724943564,0.0008466742846890973,8.800741115103095e-05,0.0003871274261495472
Taiwan Credit Card Default,R4_F2,4,2,pay_6,3,1,0.00048688886608161397,0.007836317189136133,0.002729015312341543,0.0025073671711683954,0.00025925147650318614,0.0008934950741341652
Taiwan Credit Card Default,R4_F2,4,2,pay_6,4,1,0.0020715488467631937,0.001978974250006038,-0.00044674090470947503,0.0013782498747381133,0.0002074782118191565,0.0009789140627690651
Taiwan Credit Card Default,R4_F2,4,2,pay_6,5,1,0.0012775819800866506,-2.434916151305977e-05,-0.0014676967498810645,0.0008870232863664729,-5.6664075792439705e-05,0.00034483205087498803
Taiwan Credit Card Default,R4_F2,4,2,limit_bal,1,1,0.013523217535790555,0.011088497938674391,0.0077605501850122605,0.009523510209279551,0.001608537139478755,0.0056730481343405526
Taiwan Credit Card Default,R4_F2,4,2,limit_bal,2,1,0.014720428887789905,0.010307901121819119,0.007390393430852904,0.008449473801548701,0.0017485277938198707,0.006148610996407844
Taiwan Credit Card Default,R4_F2,4,2,limit_bal,3,1,0.017082768815606886,0.010537663353988536,0.0005764709786802436,0.004944921566615079,0.0016919141248284697,0.006482135954905377
Taiwan Credit Card Default,R4_F2,4,2,limit_bal,4,1,0.013647456449677242,0.013000043123569172,0.009621565876548666,0.010055085799328456,0.0022261223169171562,0.007063474369274403
Taiwan Credit Card Default,R4_F2,4,2,limit_bal,5,1,0.020164352205371605,0.01773873243486579,0.006203635368403071,0.00830280968186159,0.0025876973354320154,0.00904731265850739
Taiwan Credit Card Default,R4_F2,4,2,age,1,1,-0.00037533574379766677,0.0024426173756216807,-0.0029791248454946184,0.0006340440486696242,0.0003194425505222698,0.0005723489440228047
Taiwan Credit Card Default,R4_F2,4,2,age,2,1,0.0001717901714414216,0.0008196343896597069,-0.002965199693503562,-0.0005059584753936974,7.706661177525609e-05,0.000289208137106034
Taiwan Credit Card Default,R4_F2,4,2,age,3,1,-0.00014502724335141437,-0.001432003898340306,0.004665589579257834,0.004974385340659304,-8.941896576436514e-05,-2.987527603465212e-05
Taiwan Credit Card Default,R4_F2,4,2,age,4,1,-0.0004647091917318047,0.0026868958717266578,-0.004069817831899303,0.0003150986946403034,0.00010596894234615739,0.0002585944319248301
Taiwan Credit Card Default,R4_F2,4,2,age,5,1,0.0011016177739888722,0.003987912809797156,0.002123190605508307,0.0019501744664642828,0.0006067546800792301,0.0014905950388954259
Taiwan Credit Card Default,R4_F2,4,2,bill_amt1,1,1,0.018921635691237282,0.022516307230052712,0.0035451060816334423,0.008526325145514213,0.0029521248915215237,0.0102867070217883
Taiwan Credit Card Default,R4_F2,4,2,bill_amt1,2,1,0.014841230361371416,0.01370715829412883,0.003923250826132707,0.00863264026352395,0.0022307018944207613,0.007606520397394623
Taiwan Credit Card Default,R4_F2,4,2,bill_amt1,3,1,0.01615007667947188,0.022891002191741894,0.0032159715635236563,0.0074522887377833635,0.0028052060998930983,0.009302595146901127
Taiwan Credit Card Default,R4_F2,4,2,bill_amt1,4,1,0.011763248099545542,0.011950526089267388,-0.0004642089472054467,0.006216856323343345,0.0018247453217914988,0.006309761756250809
Taiwan Credit Card Default,R4_F2,4,2,bill_amt1,5,1,0.015855766314296194,0.023099806558989577,-0.0011312457756083583,0.005831944852981552,0.002730312499519938,0.009010058493368056
Taiwan Credit Card Default,R4_F2,4,2,bill_amt2,0,0,0.0,0.0,0.0,0.0,0.0,0.0
Taiwan Credit Card Default,R4_F2,4,2,bill_amt3,0,0,0.0,0.0,0.0,0.0,0.0,0.0
Taiwan Credit Card Default,R4_F2,4,2,bill_amt4,0,0,0.0,0.0,0.0,0.0,0.0,0.0
Taiwan Credit Card Default,R4_F2,4,2,bill_amt5,0,0,0.0,0.0,0.0,0.0,0.0,0.0
Taiwan Credit Card Default,R4_F2,4,2,bill_amt6,0,0,0.0,0.0,0.0,0.0,0.0,0.0
Taiwan Credit Card Default,R4_F2,4,2,pay_amt1,1,1,0.006890921998423005,0.007348525440869835,0.005347836666082573,0.009230181969905327,0.001355889694068163,0.004155536868903853
Taiwan Credit Card Default,R4_F2,4,2,pay_amt1,2,1,0.008417472869183928,0.008318408231786312,0.004339267481641873,0.007771234091812795,0.0012599228488299752,0.004464843575378963
Taiwan Credit Card Default,R4_F2,4,2,pay_amt1,3,1,0.005056474688899137,0.002222652094715283,0.0011303665644544214,0.006469835561040194,0.0007509742142246534,0.002688084697138937
Taiwan Credit Card Default,R4_F2,4,2,pay_amt1,4,1,0.004447393004350597,0.004451958372648446,0.0032541528201968095,0.008247728793162157,0.000839398954720072,0.0028787719428954306
Taiwan Credit Card Default,R4_F2,4,2,pay_amt1,5,1,0.008606204710700838,0.008256673661140912,0.0009587484421054726,0.006814398029724722,0.0013303181265847952,0.004667694374192954
Taiwan Credit Card Default,R4_F2,4,2,pay_amt2,1,1,0.006731162868049645,0.008268189995033648,0.0016265208607190718,0.007199309500086515,0.0009974732673982967,0.00331027829601116
Taiwan Credit Card Default,R4_F2,4,2,pay_amt2,2,1,0.00224153845423547,-0.0001085225065742268,0.0010452427543475862,0.006642116795382402,0.0005448665265612995,0.0013885063327584435
Taiwan Credit Card Default,R4_F2,4,2,pay_amt2,3,1,0.00355586830806065,0.006288838826609244,0.002548356453840328,0.00706737726742146,0.0009561446700977749,0.0028991609554533393
Taiwan Credit Card Default,R4_F2,4,2,pay_amt2,4,1,0.0031342089639603277,0.00495448393275999,0.003048742659819248,0.007796851206467892,0.0008882039687704846,0.002465956786282919
Taiwan Credit Card Default,R4_F2,4,2,pay_amt2,5,1,0.006357300312954228,0.010584563751654286,0.002548356453840328,0.00706737726742146,0.0010865120140114148,0.0036988707431972467
Taiwan Credit Card Default,R4_F2,4,2,pay_amt3,1,1,0.005728739800009652,0.0032770823883404576,0.0013935123464137167,0.004985270568292344,0.0008167378626025568,0.002790411720576258
Taiwan Credit Card Default,R4_F2,4,2,pay_amt3,2,1,0.0065247527621059564,0.009389953034696474,0.00037808138341466346,0.0062572053250206094,0.0011415587177329989,0.0036613020352290193
Taiwan Credit Card Default,R4_F2,4,2,pay_amt3,3,1,0.0066155993987423445,0.003503830439476441,-0.0007847195132803519,0.005142819915612495,0.0007646442567816603,0.002872020179703061
Taiwan Credit Card Default,R4_F2,4,2,pay_amt3,4,1,0.005954628734349154,0.011798832620430577,0.007978319103421228,0.009974387795973816,0.001112859539630806,0.0036807792142149465
Taiwan Credit Card Default,R4_F2,4,2,pay_amt3,5,1,0.0052656674846137674,0.008597555382219957,-0.002490608726988086,0.004266681856879062,0.001009491150570363,0.003177171360122688
Taiwan Credit Card Default,R4_F2,4,2,pay_amt4,1,1,0.004409908536260887,0.004502904279949371,-0.003508576768948224,0.004570895323886326,0.0006127227600612462,0.0020199873029124737
Taiwan Credit Card Default,R4_F2,4,2,pay_amt4,2,1,0.004234926455964572,0.0031203882442526476,-0.000375786985574722,0.006044575089001025,0.00048109191829628917,0.0017129687066030352
Taiwan Credit Card Default,R4_F2,4,2,pay_amt4,3,1,0.004424558579466331,0.00564630107647357,-0.0038872068091622136,0.004464580205876478,0.0005572589071257961,0.0021502462493821484
Taiwan Credit Card Default,R4_F2,4,2,pay_amt4,4,1,0.003043116795873435,0.0031390880026833656,-0.005597103291197225,0.003588442147143045,0.0002844859054280391,0.001300362090376983
Taiwan Credit Card Default,R4_F2,4,2,pay_amt4,5,1,0.0033654177463912083,0.0032931803115783254,0.003965226876414152,0.007664918973802948,0.00041553818716708046,0.0016100401322021174
Taiwan Credit Card Default,R4_F2,4,2,pay_amt5,1,1,0.001134191613071156,-0.00038447175502009934,-0.005380389327797719,0.0005129970436377196,0.00025989614234264713,0.0007024964236450604
Taiwan Credit Card Default,R4_F2,4,2,pay_amt5,2,1,-0.00032279201341856023,0.004405977412799134,-0.0023848673424960443,0.0011912367533736257,9.925754252396168e-05,0.00027938473532551633
Taiwan Credit Card Default,R4_F2,4,2,pay_amt5,3,1,0.0016177248826644286,0.0036815990528598075,-0.0006989356860777618,0.002067374812107059,0.0003170193240454311,0.0008385058065408235
Taiwan Credit Card Default,R4_F2,4,2,pay_amt5,4,1,0.002259789625379538,0.0038542195592122797,0.002975733645405154,0.004098247281925871,0.0005052026952137856,0.0013308208807272237
Taiwan Credit Card Default,R4_F2,4,2,pay_amt5,5,1,0.002520707713304926,0.0020302027451715166,0.00237593055498575,0.0035410545772218693,0.0005245489775500267,0.001367739207414731
Taiwan Credit Card Default,R4_F2,4,2,pay_amt6,1,1,0.0031734939960194053,0.00932838394654556,0.0017504478608876828,0.004123864396581078,0.0007306409956747695,0.002150909947701063
Taiwan Credit Card Default,R4_F2,4,2,pay_amt6,2,1,0.001058076863456714,0.00627641931578693,-0.0012670100344600588,0.0024779033971240594,0.00046378176569131235,0.0010876354750899986
Taiwan Credit Card Default,R4_F2,4,2,pay_amt6,3,1,0.003510772365009518,0.00626954821950898,0.0024814295031631572,0.004336494632600552,0.0007476216812418168,0.00205326795155103
Taiwan Credit Card Default,R4_F2,4,2,pay_amt6,4,1,0.0045482245866353965,0.006154215514861172,0.006893812904041674,0.005439994814375737,0.0007534297339602536,0.0022742372451244885
Taiwan Credit Card Default,R4_F2,4,2,pay_amt6,5,1,0.004360638558553509,0.0059243826782301445,0.006934189409458558,0.007547718628160172,0.0008062269313150738,0.0022341144323775874
Taiwan Credit Card Default,R4_F3,4,3,sex,1,1,0.002293701516132396,-0.0007731588752190044,0.0020924024267938712,0.0016758090078209387,0.00014004140494167094,0.0006582571267430559
Taiwan Credit Card Default,R4_F3,4,3,sex,2,1,0.0011487176228058837,-0.0010420529698624836,-0.00268355933790948,-0.0011685778859942264,-9.36322368342013e-05,5.959105895475547e-05
Taiwan Credit Card Default,R4_F3,4,3,sex,3,1,0.002965137293999387,-0.0007116684165459075,-0.0038717415941657007,-0.001184068891280976,0.00014365140884520233,0.0007477074030055597
Taiwan Credit Card Default,R4_F3,4,3,sex,4,1,0.0023516140435893007,0.00028494990059535485,-0.00018460609733961242,0.00046115531123014364,0.00020590069300652214,0.0007792315937695804
Taiwan Credit Card Default,R4_F3,4,3,sex,5,1,0.0026631024114330826,0.0006132729383547808,0.0,0.0,0.00015622712664536964,0.0009184616512581956
Taiwan Credit Card Default,R4_F3,4,3,education,1,1,0.0041689075663629005,0.002255605976371866,0.0011933676007279126,0.0019216790660909755,0.00047912673485295265,0.0018264710701001996
Taiwan Credit Card Default,R4_F3,4,3,education,2,1,0.004653736311313494,0.005545261078248487,0.0028988211747129067,0.0026136106355680866,0.0007438586789316193,0.002775931093832007
Taiwan Credit Card Default,R4_F3,4,3,education,3,1,0.006781962114561835,0.003618969583208953,0.004345078217142806,0.00392041595335213,0.0006570518373621714,0.00289992409943185
Taiwan Credit Card Default,R4_F3,4,3,education,4,1,0.006357190805492574,0.0073946741973389685,0.005889257460689412,0.0040435495851190995,0.0013957178555734084,0.004428155196662342
Taiwan Credit Card Default,R4_F3,4,3,education,5,1,0.003374576479887481,0.005053918835799975,0.0046630494655717225,0.003151823767968631,0.0008475242255829574,0.002130340251254581
Taiwan Credit Card Default,R4_F3,4,3,marriage,1,1,0.00452234081006031,0.005461240006515933,0.00752360337098551,0.003859246342732492,0.00041644813331473407,0.00184835612074008
Taiwan Credit Card Default,R4_F3,4,3,marriage,2,1,0.0027565250894703297,0.005513980455830403,0.005807301494330841,0.0021373615243149846,0.00042893638946603363,0.0013781630055181848
Taiwan Credit Card Default,R4_F3,4,3,marriage,3,1,0.0034481388947364966,0.005001985545570187,0.0015119403155147149,0.0011530868807072547,0.00053346888575459,0.0018527329881643517
Taiwan Credit Card Default,R4_F3,4,3,marriage,4,1,0.001864322626003334,0.006732591851213554,0.00990666595012113,0.004766463165169821,0.0006126257251037881,0.001602769550068106
Taiwan Credit Card Default,R4_F3,4,3,marriage,5,1,0.002228400970769706,0.002781844423703439,0.008568381501382227,0.004182174222172819,0.00023798944656802656,0.0009660052585699352
Taiwan Credit Card Default,R4_F3,4,3,pay_0,1,1,0.07389924491279354,0.19180942612214513,0.16780984569614316,0.07869351244642697,0.028418053996841358,0.0656211433530588
Taiwan Credit Card Default,R4_F3,4,3,pay_0,2,1,0.07483974753633427,0.18117034727735543,0.1780306127599513,0.08442836204465376,0.027222156274390952,0.06397990144194277
Taiwan Credit Card Default,R4_F3,4,3,pay_0,3,1,0.07516370814946038,0.18879393714071718,0.17770267770363812,0.08396720673342362,0.028293226794346288,0.06578961935969885
Taiwan Credit Card Default,R4_F3,4,3,pay_0,4,1,0.08141460682636947,0.18035760034711562,0.16753457180972312,0.0789393825046969,0.028018917931623033,0.06647112953559997
Taiwan Credit Card Default,R4_F3,4,3,pay_0,5,1,0.07713297240615025,0.2040772083545629,0.18006359466167948,0.08407524656516752,0.029936646718862564,0.06859724456405247
Taiwan Credit Card Default,R4_F3,4,3,pay_2,1,1,0.005614099198042566,0.007495388670585634,0.017334499462044684,0.012176724565953867,0.0016830917414718816,0.004375193136886224
Taiwan Credit Card Default,R4_F3,4,3,pay_2,2,1,0.008667972147966885,0.005255438821064273,0.012554578284501294,0.009178619235062135,0.0014251293686276534,0.004310118509347705
Taiwan Credit Card Default,R4_F3,4,3,pay_2,3,1,0.0055028817241886685,0.0007182910239366125,0.017586704445822776,0.010531897568706539,0.0014711470056929798,0.003870719964350622
Taiwan Credit Card Default,R4_F3,4,3,pay_2,4,1,0.00679213056931427,0.009623459050970506,0.005356311465285757,0.0061495318935966825,0.0016402614935888127,0.004655479656848982
Taiwan Credit Card Default,R4_F3,4,3,pay_2,5,1,0.004621165479684941,0.00538431933718686,0.010041260354543113,0.008425120849701484,0.0014612561705407145,0.004061626815811514
Taiwan Credit Card Default,R4_F3,4,3,pay_3,1,1,0.007225243188922703,0.007182177826493108,0.01695429469372084,0.008979222192652458,0.001493585155617566,0.004022925413635747
Taiwan Credit Card Default,R4_F3,4,3,pay_3,2,1,0.004435511739401488,0.004641936009294523,0.01660615194895515,0.00887157956617235,0.0013909048308198002,0.0032928150593907746
Taiwan Credit Card Default,R4_F3,4,3,pay_3,3,1,0.0057854535488304215,0.007866161466295263,0.016992976454832942,0.010009175441592966,0.0013100142408944138,0.0033768338242037843
Taiwan Credit Card Default,R4_F3,4,3,pay_3,4,1,0.004911999173812909,0.005551523144307735,0.01914722949660852,0.01050131276339672,0.0012040702007214965,0.003406265906215178
Taiwan Credit Card Default,R4_F3,4,3,pay_3,5,1,0.006025047763932978,0.006664852955863609,0.022138030592643798,0.01059386158985376,0.0014644022654367317,0.0037633161394495795
Taiwan Credit Card Default,R4_F3,4,3,pay_4,1,1,0.005117910382548274,0.0025110315245058246,0.015312833537250659,0.008133572186098559,0.001132113167409604,0.003216798107235741
Taiwan Credit Card Default,R4_F3,4,3,pay_4,2,1,0.0027403191147088446,0.0039062365252450215,0.003252329850529645,0.0027212532620481955,0.0006995030353058873,0.0019057288294881403
Taiwan Credit Card Default,R4_F3,4,3,pay_4,3,1,0.0037625665815322895,0.005055891833785964,0.011870130032642423,0.006903427484221014,0.0009176628513020146,0.0025553704350456674
Taiwan Credit Card Default,R4_F3,4,3,pay_4,4,1,0.002746833281034533,0.004927404138444391,0.010447111395443243,0.005442903729360182,0.0008919060414712965,0.00212998825159999
Taiwan Credit Card Default,R4_F3,4,3,pay_4,5,1,0.004714270393511244,0.004934569231409447,0.005950108418175504,0.003889831148042422,0.0011583067278326808,0.0030357058845129625
Taiwan Credit Card Default,R4_F3,4,3,pay_5,1,1,0.001095174353250461,0.003482852143925408,0.0005604713533581274,0.0024289101879177988,0.0004802184369191165,0.0012236672133633109
Taiwan Credit Card Default,R4_F3,4,3,pay_5,2,1,0.0017678017469087148,0.0024649574171352606,0.007280809303600422,0.005504073339979931,0.0004957554912259632,0.001390150353992925
Taiwan Credit Card Default,R4_F3,4,3,pay_5,3,1,0.00040427551745902957,-0.0011089879075495412,0.0013452154168563935,0.002490477003801228,0.00031415943565701876,0.0006678055849952957
Taiwan Credit Card Default,R4_F3,4,3,pay_5,4,1,0.001639901651976694,0.0003462040795509935,0.006569730091875059,0.0052887880870197135,0.0006495511215583449,0.0016428024777909722
Taiwan Credit Card Default,R4_F3,4,3,pay_5,5,1,0.00117977907443223,-4.331264009593827e-05,0.005183114688701362,0.0038282643321589926,0.00038918326606932063,0.0010656289141678932
Taiwan Credit Card Default,R4_F3,4,3,pay_6,1,1,0.0025331368491295914,0.0002797731940442638,0.006475924248808329,0.003536318463292165,0.00036719486659930745,0.0013471624248391212
Taiwan Credit Card Default,R4_F3,4,3,pay_6,2,1,0.0024529013858491933,-0.0017673599635843473,0.005425325829373884,0.0032133905838519494,0.0004793089122285543,0.0013489324480202014
Taiwan Credit Card Default,R4_F3,4,3,pay_6,3,1,0.003857975285888493,0.0015633537663308772,0.004019954877800103,0.0027828200779316248,0.0007967652840480677,0.0024065456462479817
Taiwan Credit Card Default,R4_F3,4,3,pay_6,4,1,0.0021360110264181387,-0.0018980748307624307,0.0013241604487478353,0.0016142421919375094,0.0004055458924646371,0.0010874407286171617
Taiwan Credit Card Default,R4_F3,4,3,pay_6,5,1,0.0033243697345476386,0.0009473828387090988,0.005014904094409411,0.00325946639444874,0.0005047119685324397,0.0014433753190524201
Taiwan Credit Card Default,R4_F3,4,3,limit_bal,1,1,0.018758018581262248,0.014583973398948236,0.01843719956575901,0.013375887257257912,0.0026035266484874253,0.008973751119848272
Taiwan Credit Card Default,R4_F3,4,3,limit_bal,2,1,0.01819875356988221,0.009403093367803761,0.01771399381157024,0.013160602004297695,0.0020259722452680984,0.007447045789764184
Taiwan Credit Card Default,R4_F3,4,3,limit_bal,3,1,0.016588642312687862,0.00851655023346698,0.01508795551526898,0.010808352432286394,0.0018861084438225595,0.006936558197236875
Taiwan Credit Card Default,R4_F3,4,3,limit_bal,4,1,0.016103734126684532,0.013205019256198436,0.01517144629244449,0.012407103618937154,0.0023486908818017294,0.0078002549212742855
Taiwan Credit Card Default,R4_F3,4,3,limit_bal,5,1,0.013687137301943486,0.009598797807648274,0.01974474601012932,0.014113894637331703,0.0020547192276004766,0.006883273140427082
Taiwan Credit Card Default,R4_F3,4,3,age,1,1,0.003393086245178978,0.002757732420203274,0.008272933483887801,0.003920813158615921,0.0006386368547085519,0.0016613336413148772
Taiwan Credit Card Default,R4_F3,4,3,age,2,1,0.002043382758908252,0.004405198202056648,0.010447111395443243,0.005442903729360182,0.0007273720578035714,0.001845821882921983
Taiwan Credit Card Default,R4_F3,4,3,age,3,1,0.0030720649510046494,0.003092385241309059,5.8707246852085504e-05,0.0017524696237274373,0.0002355851564008471,0.0010071365233452756
Taiwan Credit Card Default,R4_F3,4,3,age,4,1,0.003119650141603647,0.007509518000945237,0.011334272124431222,0.006226986920030653,0.0009319296161267865,0.0022316757126710773
Taiwan Credit Card Default,R4_F3,4,3,age,5,1,0.003537430638030803,0.007071867603002158,0.00723833167573823,0.004627838528116213,0.0008961598020397199,0.002572944409063471
Taiwan Credit Card Default,R4_F3,4,3,bill_amt1,1,1,0.01909278317756269,0.01945462007254506,0.012529468893702822,0.011807323670653291,0.0031346901475935163,0.010468407921386536
Taiwan Credit Card Default,R4_F3,4,3,bill_amt1,2,1,0.021094062178511952,0.016073579721714415,0.009749220873798203,0.010638745784659065,0.0031481543388600097,0.010978880495582766
Taiwan Credit Card Default,R4_F3,4,3,bill_amt1,3,1,0.02002653331161941,0.020527685194374756,0.018224754500898388,0.013837042568488167,0.0034688203711540078,0.011160480305923148
Taiwan Credit Card Default,R4_F3,4,3,bill_amt1,4,1,0.02472626599247696,0.019908118115414375,0.016325974092157303,0.013452547873164411,0.003734483132270705,0.012685018865637832
Taiwan Credit Card Default,R4_F3,4,3,bill_amt1,5,1,0.020000476646316434,0.01634347247278034,0.01495724046034691,0.01199202411830358,0.0032514617728180706,0.010764451019110943
Taiwan Credit Card Default,R4_F3,4,3,bill_amt2,0,0,0.0,0.0,0.0,0.0,0.0,0.0
Taiwan Credit Card Default,R4_F3,4,3,bill_amt3,0,0,0.0,0.0,0.0,0.0,0.0,0.0
Taiwan Credit Card Default,R4_F3,4,3,bill_amt4,0,0,0.0,0.0,0.0,0.0,0.0,0.0
Taiwan Credit Card Default,R4_F3,4,3,bill_amt5,0,0,0.0,0.0,0.0,0.0,0.0,0.0
Taiwan Credit Card Default,R4_F3,4,3,bill_amt6,0,0,0.0,0.0,0.0,0.0,0.0,0.0
Taiwan Credit Card Default,R4_F3,4,3,pay_amt1,1,1,0.007676945014875258,0.01637604228425915,0.011958096998511969,0.011284601543539607,0.001937222019838175,0.005407919798013028
Taiwan Credit Card Default,R4_F3,4,3,pay_amt1,2,1,0.008210630007268849,0.014489129122694622,0.016902752930980314,0.013975270000277984,0.002032403079967965,0.00596553040541864
Taiwan Credit Card Default,R4_F3,4,3,pay_amt1,3,1,0.00851250600772957,0.010319702272783782,0.009716209008786336,0.009916229409872024,0.0017414426785362924,0.004890145081947517
Taiwan Credit Card Default,R4_F3,4,3,pay_amt1,4,1,0.011586715867158537,0.013326689700058458,0.01142433686886929,0.011484395791212965,0.0022566554840504904,0.00673889785965931
Taiwan Credit Card Default,R4_F3,4,3,pay_amt1,5,1,0.0071747981204246525,0.0158029927553206,0.005661488269694148,0.008732160518591159,0.0018540365623862798,0.00527780387761434
Taiwan Credit Card Default,R4_F3,4,3,pay_amt2,1,1,0.005180351050012022,0.005793971628701655,0.01060636111661356,0.009824077788678887,0.0013372536261400392,0.003533701204165518
Taiwan Credit Card Default,R4_F3,4,3,pay_amt2,2,1,0.0047776643536080465,0.005762334094748578,0.010759230567521316,0.00951664091452531,0.0012128834004468125,0.0030158938719715978
Taiwan Credit Card Default,R4_F3,4,3,pay_amt2,3,1,0.010009175441592966,0.009335207109301247,0.014952622203988797,0.01111578930643986,0.0018987849765583764,0.005432069706043319
Taiwan Credit Card Default,R4_F3,4,3,pay_amt2,4,1,0.007701571741228652,0.006411029233943544,0.006771792497305251,0.009055088398031375,0.0014478616835914837,0.003977151984601857
Taiwan Credit Card Default,R4_F3,4,3,pay_amt2,5,1,0.00982757319500005,0.007879286962179766,0.005895339748236472,0.007548488832573974,0.0015241070708098825,0.004909420529540243
Taiwan Credit Card Default,R4_F3,4,3,pay_amt3,1,1,0.009210792861426897,0.0074955377366557885,0.004993752264264906,0.007640640453767222,0.0011605999965857428,0.0042139720490744215
Taiwan Credit Card Default,R4_F3,4,3,pay_amt3,2,1,0.009115781362334485,0.008006266622145986,0.006858889177931704,0.008901369960954697,0.0014901563799432915,0.004897420227179927
Taiwan Credit Card Default,R4_F3,4,3,pay_amt3,3,1,0.008446252169733826,0.008758561254380237,0.006771792497305251,0.009055088398031375,0.0014617959667073133,0.004586964966238283
Taiwan Credit Card Default,R4_F3,4,3,pay_amt3,4,1,0.008245266306269095,0.006507022028762077,0.006378919346161138,0.008224929396764336,0.0011510801779514024,0.004064082150826487
Taiwan Credit Card Default,R4_F3,4,3,pay_amt3,5,1,0.010626035216218743,0.00883348124279748,0.003888310198631728,0.007317712574327007,0.0015969146805272505,0.00534105167088883
Taiwan Credit Card Default,R4_F3,4,3,pay_amt4,1,1,0.010728275851111468,0.007848832250828441,0.009633979423286476,0.010069947846948812,0.0016964917962264126,0.0052865514353748755
Taiwan Credit Card Default,R4_F3,4,3,pay_amt4,2,1,0.007959437398464386,0.010033302982412007,0.013301542534975175,0.01274512529840044,0.001726032883231865,0.005205204035918731
Taiwan Credit Card Default,R4_F3,4,3,pay_amt4,3,1,0.009691411230581481,0.005835024346459772,0.006312918592404404,0.009101164208628054,0.0013290619146885396,0.004223585350050407
Taiwan Credit Card Default,R4_F3,4,3,pay_amt4,4,1,0.008642868775297075,0.005894989605385037,0.00929249959832018,0.010684821595255745,0.0014008647341191838,0.004409529930456069
Taiwan Credit Card Default,R4_F3,4,3,pay_amt4,5,1,0.00835505384117341,0.00734415355004181,0.009857315507653897,0.011207543722369318,0.001522496854181099,0.004529486742187949
Taiwan Credit Card Default,R4_F3,4,3,pay_amt5,1,1,0.003753192537307326,0.005747267129238898,0.006861959029002551,0.007302618774303937,0.0010289053797171988,0.0026374041111583146
Taiwan Credit Card Default,R4_F3,4,3,pay_amt5,2,1,0.0025291647964917896,0.0016314627219597977,0.012128838832313249,0.009224695045658704,0.0007496654049788665,0.0019090506981301325
Taiwan Credit Card Default,R4_F3,4,3,pay_amt5,3,1,0.0033238930882311113,0.0021598814343016803,0.009244013800183748,0.007487319221954225,0.0006259462335483357,0.0016930193369824598
Taiwan Credit Card Default,R4_F3,4,3,pay_amt5,4,1,0.001706791018394549,0.0022012376409425993,-0.0024352255472983586,0.0025977224250175457,0.0006388393230950251,0.0014243475952917528
Taiwan Credit Card Default,R4_F3,4,3,pay_amt5,5,1,0.0025815958913086856,0.001858153225902992,0.0016034547494662155,0.004504307691085452,0.0006304529024506178,0.0017028495768200425
Taiwan Credit Card Default,R4_F3,4,3,pay_amt6,1,1,0.004284176533907336,0.005253896291506188,0.009960206224820078,0.007702604474914443,0.000777291536295549,0.0024494950031019314
Taiwan Credit Card Default,R4_F3,4,3,pay_amt6,2,1,0.003374338156729162,0.007424277804683688,0.009282621596127971,0.006457365973013829,0.0009095000605265913,0.002306343798555821
Taiwan Credit Card Default,R4_F3,4,3,pay_amt6,3,1,0.0027048884051810163,0.0043870569827336725,0.010041260354543113,0.008425120849701484,0.0008775294566373826,0.0021305945374053836
Taiwan Credit Card Default,R4_F3,4,3,pay_amt6,4,1,0.003418110176796052,0.003934898174172363,0.004270010026043103,0.005826604014156356,0.000750913496591149,0.0019913058307640674
Taiwan Credit Card Default,R4_F3,4,3,pay_amt6,5,1,0.0034098483073097263,0.005670123762712365,0.0065841142941975295,0.006165022898883432,0.0007719342618771052,0.002124064987128027
Taiwan Credit Card Default,R4_F4,4,4,sex,1,1,0.00012594266174104085,0.0004403459399198173,0.0024306148908238567,0.000914241411051564,-5.480054450945904e-05,0.00010801073065919153
Taiwan Credit Card Default,R4_F4,4,4,sex,2,1,2.1437048806971504e-05,0.0011982438048485644,0.007709438034719351,0.004119973418059475,0.00019395399751517828,0.00038417148435387904
Taiwan Credit Card Default,R4_F4,4,4,sex,3,1,0.0009360844645707189,0.0008904385514204582,0.006647718746161213,0.0037993920972644313,0.0002606877739965152,0.0007931391517496666
Taiwan Credit Card Default,R4_F4,4,4,sex,4,1,0.0005082366987984033,0.0012480377160830614,0.006730455944310487,0.003466955438871655,0.0004007121683226589,0.0009399573225720159
Taiwan Credit Card Default,R4_F4,4,4,sex,5,1,0.0006304441171867126,0.0022275320784997943,0.004961032435361334,0.0029326532375465453,0.0002928225458955769,0.0007303393433900629
Taiwan Credit Card Default,R4_F4,4,4,education,1,1,0.002344271208549298,0.007220068952892067,0.00384876059930217,0.0027782902459478898,0.0006581142750241853,0.001930309008878306
Taiwan Credit Card Default,R4_F4,4,4,education,2,1,0.0035414979040412353,0.0038795012022069253,0.00384876059930217,0.0027782902459478898,0.000465222523954284,0.001719540294769506
Taiwan Credit Card Default,R4_F4,4,4,education,3,1,0.0020262071169704354,0.0036120792198433005,-0.0022336298396534726,-0.0003087259831972,0.000114126563012934,0.0006061542214513271
Taiwan Credit Card Default,R4_F4,4,4,education,4,1,0.00429000819155112,0.0036101384168332196,-0.004027094909379636,-0.0008430281845223098,0.0003730590097045794,0.001759851332064466
Taiwan Credit Card Default,R4_F4,4,4,education,5,1,0.004420335704184319,0.005980291388955394,0.0009263846578748125,0.000819236308384319,0.0007372099889229045,0.002475319463754566
Taiwan Credit Card Default,R4_F4,4,4,marriage,1,1,0.001407537136439041,0.0010971739320106977,0.007043187873523871,0.0037400342083330207,0.0001887960095024177,0.0008095175966790769
Taiwan Credit Card Default,R4_F4,4,4,marriage,2,1,0.0017009973424556568,0.0028039337678773535,0.007083308765884533,0.0035738158791366326,0.00032164121289585124,0.0010971707719850676
Taiwan Credit Card Default,R4_F4,4,4,marriage,3,1,2.915113833990013e-05,0.0006285374566877833,0.007197157949897948,0.003075160891547357,-6.689977642865275e-05,-8.129683028468282e-05
Taiwan Credit Card Default,R4_F4,4,4,marriage,4,1,0.002964565207929648,0.0031124702031875007,0.004381403998316935,0.0022202773694272038,0.0003525109624205047,0.0013068296887253084
Taiwan Credit Card Default,R4_F4,4,4,marriage,5,1,0.0029341960554530866,0.003416814451264627,0.004540119923327424,0.0015554040526416513,0.0005036035025054453,0.0015794148060221946
Taiwan Credit Card Default,R4_F4,4,4,pay_0,1,1,0.07494587145176246,0.2031198626919915,0.1714938090262827,0.07946722112835536,0.030034568924138777,0.0691609742487635
Taiwan Credit Card Default,R4_F4,4,4,pay_0,2,1,0.07093048484757947,0.19639323552025922,0.14986192729440068,0.0684726947214841,0.027663292648512056,0.06394666657173875
Taiwan Credit Card Default,R4_F4,4,4,pay_0,3,1,0.06791752387794925,0.1851575987724663,0.15972985293899963,0.07356626743952643,0.026954892785834128,0.062093602566544615
Taiwan Credit Card Default,R4_F4,4,4,pay_0,4,1,0.07307167249905977,0.1887537180026589,0.17254409380920432,0.08079696776192657,0.02840299178991265,0.06479970817367198
Taiwan Credit Card Default,R4_F4,4,4,pay_0,5,1,0.06924759531529034,0.19153502964549457,0.16793395279224657,0.07779310129785089,0.02848465244850537,0.0654778247644035
Taiwan Credit Card Default,R4_F4,4,4,pay_2,1,1,0.004300483113127251,0.009542197167640043,0.013593552369770945,0.010745077111662948,0.0014579388202746457,0.0037090182988909204
Taiwan Credit Card Default,R4_F4,4,4,pay_2,2,1,0.004094232719302648,0.014220618546548658,0.013049355861489309,0.011136871658987246,0.0013865288609991866,0.003492171604605021
Taiwan Credit Card Default,R4_F4,4,4,pay_2,3,1,0.004598815375690846,0.009065272585232709,0.006247530986913108,0.006399527475475675,0.0011345138563871038,0.003519157621681035
Taiwan Credit Card Default,R4_F4,4,4,pay_2,4,1,0.005790682808980874,0.010937741659445832,0.017016481416269713,0.011208166086458915,0.0016212889958139576,0.004112332801263885
Taiwan Credit Card Default,R4_F4,4,4,pay_2,5,1,0.007065375203570756,0.019006846811125744,0.01334002004696927,0.010305780013005195,0.0021204600569630916,0.0054850456907728495
Taiwan Credit Card Default,R4_F4,4,4,pay_3,1,1,0.004592562903122044,0.010553845320687927,0.009358962773205526,0.006589537680810165,0.0009391499388158031,0.0028751845756327388
Taiwan Credit Card Default,R4_F4,4,4,pay_3,2,1,0.007093145925889055,0.007877332652210134,0.014546595501547632,0.008857317601571046,0.0010278234072279013,0.0033110271754725473
Taiwan Credit Card Default,R4_F4,4,4,pay_3,3,1,0.005605219856423815,0.009851402897684935,0.010024077219461913,0.005532869816700314,0.0012640205730098386,0.0033360048484256666
Taiwan Credit Card Default,R4_F4,4,4,pay_3,4,1,0.006659776496030001,0.014391732030851756,0.004110201246768863,0.0032175873446057546,0.0015471202294279895,0.0042507385377757445
Taiwan Credit Card Default,R4_F4,4,4,pay_3,5,1,0.005319148936170359,0.0035682067595165234,0.003959300028559043,0.00371624233219503,0.0006345724490213478,0.0021860560090614656
Taiwan Credit Card Default,R4_F4,4,4,pay_4,1,1,0.002930460812100466,0.00485256634058806,-0.0032027203156261286,-0.0009617439623851309,0.0002794332642833408,0.0011338884225022272
Taiwan Credit Card Default,R4_F4,4,4,pay_4,2,1,0.0012359595450408545,0.005002524312521683,0.0023884221523990945,0.001080459740247952,0.00021338181437827175,0.0006181711201175832
Taiwan Credit Card Default,R4_F4,4,4,pay_4,3,1,0.0026322909514217008,0.010014174248734187,0.0022552037006514647,0.0015791147278371165,0.0005224122485328053,0.001519699355137738
Taiwan Credit Card Default,R4_F4,4,4,pay_4,4,1,0.0023768327864720495,0.005985089807736155,0.0,0.0,0.00020092402540883292,0.0008455181956801838
Taiwan Credit Card Default,R4_F4,4,4,pay_4,5,1,0.0029432905610077276,0.011365566927340143,0.005271980836707546,0.003205732007008022,0.00047682960907091676,0.001664594624440352
Taiwan Credit Card Default,R4_F4,4,4,pay_5,1,1,0.0011086364672784343,0.0023316133235323777,-0.0007566796353673522,-4.7502551333566956e-05,5.922255937768073e-05,0.0003176263702981408
Taiwan Credit Card Default,R4_F4,4,4,pay_5,2,1,0.0016897104114550476,0.004865151637266085,0.003984786265699314,0.0022796352583586144,0.0003248355767781763,0.000951348187500145
Taiwan Credit Card Default,R4_F4,4,4,pay_5,3,1,0.0013943825837621215,0.0035301986210396485,-0.0011617821278792628,1.185533759784363e-05,-2.082089486110661e-05,0.0002325829927907197
Taiwan Credit Card Default,R4_F4,4,4,pay_5,4,1,0.0014889004807745465,0.007598819848579352,0.0026104347512252435,0.001685975168102205,0.00011129952240016006,0.0006463487075840657
Taiwan Credit Card Default,R4_F4,4,4,pay_5,5,1,0.002667450959502826,0.0076166432415289975,0.005479096210488366,0.0023746403610258593,0.00024189066487353972,0.0011329455792051246
Taiwan Credit Card Default,R4_F4,4,4,pay_6,1,1,0.002214836906282991,0.009047653502373909,0.006468910775659198,0.004464265414050095,0.00026639460172434015,0.0011939824829220735
Taiwan Credit Card Default,R4_F4,4,4,pay_6,2,1,0.0018695704989829531,0.005819330049318339,0.001703390958216533,0.0021371276043578025,9.411348221535776e-05,0.0005865305794249265
Taiwan Credit Card Default,R4_F4,4,4,pay_6,3,1,0.004601007801137036,0.011029282764231985,0.00806265507613202,0.0042268338583245635,0.00048291912386835834,0.0020937161986828157
Taiwan Credit Card Default,R4_F4,4,4,pay_6,4,1,0.0029058569265377754,0.010864944566279622,0.005801482893500798,0.004084326204323641,0.00046503943550985083,0.0018268139127241012
Taiwan Credit Card Default,R4_F4,4,4,pay_6,5,1,0.0019272231681231045,0.0054506170955136435,0.006959650454683053,0.004072470866725908,0.00015511992023778398,0.000801209324560348
Taiwan Credit Card Default,R4_F4,4,4,limit_bal,1,1,0.017719507259689182,0.011823547369671505,0.011991703697087852,0.009545901593552286,0.0021746215044052553,0.007777174972232848
Taiwan Credit Card Default,R4_F4,4,4,limit_bal,2,1,0.020347088556448734,0.01837074880247558,0.020300446165991748,0.013440298793483962,0.002489811754051635,0.008361233517357736
Taiwan Credit Card Default,R4_F4,4,4,limit_bal,3,1,0.020072872973792788,0.01844903204487114,0.016457979091965724,0.011766178962979601,0.0026100437001854992,0.008919114571512954
Taiwan Credit Card Default,R4_F4,4,4,limit_bal,4,1,0.016797145754392506,0.014666146393606527,0.005882291610422197,0.006292667035210697,0.0017534625389316327,0.006383064254959603
Taiwan Credit Card Default,R4_F4,4,4,limit_bal,5,1,0.014360955078989157,0.010631857236220288,0.007217479051954301,0.008156715870107134,0.0016786337546591534,0.00647055665724916
Taiwan Credit Card Default,R4_F4,4,4,age,1,1,0.0013322638627872863,0.0042748145571528395,0.005181375578836633,0.0035381686654007982,0.00035598717985987904,0.0008481918207230987
Taiwan Credit Card Default,R4_F4,4,4,age,2,1,0.002309354803295638,0.00036330596302747153,0.001037654344957617,0.0017571883946313482,0.00030538123330214884,0.0007994301495650169
Taiwan Credit Card Default,R4_F4,4,4,age,3,1,0.002271596365056028,0.0002806886907179562,0.00931583570628186,0.005319148936170248,0.00025969195644101606,0.0008041859661443995
Taiwan Credit Card Default,R4_F4,4,4,age,4,1,0.0007433946281355519,0.0035854430619879363,-0.0022336298396534726,-0.0003087259831972,0.00019160133174461746,0.0005817643294696584
Taiwan Credit Card Default,R4_F4,4,4,age,5,1,0.0022072852186352243,0.001925081819158292,0.0060237206709156665,0.003253234558341589,0.00019473280933374193,0.0008161189629579679
Taiwan Credit Card Default,R4_F4,4,4,bill_amt1,1,1,0.014270334827214182,0.020700357308515938,0.009061341539660761,0.008691018071432244,0.002381714538430557,0.00796196583778902
Taiwan Credit Card Default,R4_F4,4,4,bill_amt1,2,1,0.011602883867711355,0.01749826020840828,0.012552405423749968,0.010258277461671517,0.001933866385132238,0.00655738029377656
Taiwan Credit Card Default,R4_F4,4,4,bill_amt1,3,1,0.016192198733135488,0.02345487987281869,0.0126096483032751,0.010092059132475129,0.0023518913523020157,0.008555171465116307
Taiwan Credit Card Default,R4_F4,4,4,bill_amt1,4,1,0.014236555235154769,0.014735487255624236,0.007104101956976305,0.007384982113056382,0.0016834942166996103,0.006612760072651158
Taiwan Credit Card Default,R4_F4,4,4,bill_amt1,5,1,0.013326942277822829,0.015475393409585037,0.005088690578296751,0.00624516448387713,0.0015629867237599848,0.005867817233171035
Taiwan Credit Card Default,R4_F4,4,4,bill_amt2,0,0,0.0,0.0,0.0,0.0,0.0,0.0
Taiwan Credit Card Default,R4_F4,4,4,bill_amt3,0,0,0.0,0.0,0.0,0.0,0.0,0.0
Taiwan Credit Card Default,R4_F4,4,4,bill_amt4,0,0,0.0,0.0,0.0,0.0,0.0,0.0
Taiwan Credit Card Default,R4_F4,4,4,bill_amt5,0,0,0.0,0.0,0.0,0.0,0.0,0.0
Taiwan Credit Card Default,R4_F4,4,4,bill_amt6,0,0,0.0,0.0,0.0,0.0,0.0,0.0
Taiwan Credit Card Default,R4_F4,4,4,pay_amt1,1,1,0.008145347738164,0.012111963389064506,0.004622799303079017,0.008346644874499098,0.0009181581974566366,0.0031199066979265555
Taiwan Credit Card Default,R4_F4,4,4,pay_amt1,2,1,0.005120937435648343,0.005549900429413057,0.004246463523039756,0.00823978443423401,0.0006707115113668005,0.0018455217719504646
Taiwan Credit Card Default,R4_F4,4,4,pay_amt1,3,1,0.007225178658313625,0.006496225615298834,0.005440138117496218,0.009332099512079806,0.0011166017399557304,0.0034260814934978234
Taiwan Credit Card Default,R4_F4,4,4,pay_amt1,4,1,0.007150960996913702,0.006488260789027089,0.008432524203464797,0.009249030947952819,0.0008841217241278287,0.0023586268911254815
Taiwan Credit Card Default,R4_F4,4,4,pay_amt1,5,1,0.004369016708555495,0.008059394374737683,0.0028176872929131513,0.0076461243439776005,0.0006249595800060237,0.001964766468714352
Taiwan Credit Card Default,R4_F4,4,4,pay_amt2,1,1,0.004549770006450626,0.001832563286583877,0.004828319386206981,0.006910037800662794,0.0004532135515546154,0.0014394828638283896
Taiwan Credit Card Default,R4_F4,4,4,pay_amt2,2,1,0.005134416792095142,0.003909534971672457,0.01004141544778786,0.009344036050620064,0.0009597641244987187,0.002684564465765482
Taiwan Credit Card Default,R4_F4,4,4,pay_amt2,3,1,0.005443954784716931,0.003848129871747541,0.012665686103333074,0.00992584080327874,0.0007780542341084828,0.00200700486216171
Taiwan Credit Card Default,R4_F4,4,4,pay_amt2,4,1,0.0030969227441242086,-0.0021276254214442902,0.0024420450473669475,0.005663359731218454,0.00013674788711795505,0.00042601747070109
Taiwan Credit Card Default,R4_F4,4,4,pay_amt2,5,1,0.0024385455027345904,0.0037199307669975035,0.008627034601131844,0.007646205544920126,0.0007037607584165217,0.0014016265502855285
Taiwan Credit Card Default,R4_F4,4,4,pay_amt3,1,1,0.006442320372147314,0.0079321546388188,0.0035738514945828914,0.0069218931382605264,0.0009732321811503353,0.0028205815822314184
Taiwan Credit Card Default,R4_F4,4,4,pay_amt3,2,1,0.007191642669081566,0.007297536971259344,0.011941581488258579,0.010816290338192203,0.0010872460237670856,0.003163349672108018
Taiwan Credit Card Default,R4_F4,4,4,pay_amt3,3,1,0.007401059899661666,0.005506524914552502,0.005735439234874018,0.007729274109047002,0.0008622613409017266,0.0029318123996336376
Taiwan Credit Card Default,R4_F4,4,4,pay_amt3,4,1,0.007692571283059335,0.004091777457951973,0.005293500853611521,0.0077886319979784124,0.000774244049573547,0.0029331612905798554
Taiwan Credit Card Default,R4_F4,4,4,pay_amt3,5,1,0.0058012389314996415,0.004855404559164556,0.005823409596762197,0.008501007866097754,0.0006515901567148152,0.0023921566891897394
Taiwan Credit Card Default,R4_F4,4,4,pay_amt4,1,1,0.0070333008313028245,0.006756022854912946,0.009548818228228728,0.008465441853304334,0.0011235865667992562,0.0034164948164292497
Taiwan Credit Card Default,R4_F4,4,4,pay_amt4,2,1,0.004457038530171986,0.004748800446966239,0.002973113655338644,0.006375735599337684,0.0004895104915768056,0.0017851237790050822
Taiwan Credit Card Default,R4_F4,4,4,pay_amt4,3,1,0.0035441775351421345,0.007945701481760437,0.00636935517935161,0.007171261232526427,0.0007443773788005648,0.002112094045749968
Taiwan Credit Card Default,R4_F4,4,4,pay_amt4,4,1,0.005255406196346568,0.0038252967911374114,0.0035738514945828914,0.0069218931382605264,0.000564308574698108,0.002084104467422354
Taiwan Credit Card Default,R4_F4,4,4,pay_amt4,5,1,0.0045863916314957676,0.007497695876045207,0.01047011153170807,0.009284678161688653,0.0009981096777915144,0.0028362144831253766
Taiwan Credit Card Default,R4_F4,4,4,pay_amt5,1,1,0.0002662578902956625,-0.0019178736756750858,0.0038094398431545717,0.005319067735227723,-0.00011171938457543718,-0.00033444980746133446
Taiwan Credit Card Default,R4_F4,4,4,pay_amt5,2,1,-0.00016361989903790342,0.0050756407051458785,0.005150688540590975,0.006078946154680631,0.00018413333302161328,0.00034752939947829686
Taiwan Credit Card Default,R4_F4,4,4,pay_amt5,3,1,0.0005803431356945499,-0.0010933437753450903,-0.0016732681298629593,0.002611990715809087,3.163809109110738e-05,5.4450299406150204e-05
Taiwan Credit Card Default,R4_F4,4,4,pay_amt5,4,1,0.0010085157052367455,0.0030073080844298383,0.0018001393523894293,0.004179250106048471,0.0002591573456710572,0.0007094272822373848
Taiwan Credit Card Default,R4_F4,4,4,pay_amt5,5,1,0.000793739212454847,0.004722338554356553,0.002651972523516455,0.00406053432818565,0.0004935842626842268,0.001143014769606543
Taiwan Credit Card Default,R4_F4,4,4,pay_amt6,1,1,0.0042650795022188825,0.008179516377456175,0.004466530762853027,0.004594836529510649,0.0010007133354870967,0.002599654640217608
Taiwan Credit Card Default,R4_F4,4,4,pay_amt6,2,1,0.0014360386672392922,0.0002148811561623054,-0.00414442301772272,0.0005935788893139948,0.00024277778980433262,0.0006684660005108478
Taiwan Credit Card Default,R4_F4,4,4,pay_amt6,3,1,0.0030896958602461,0.005385800059548029,0.00488225339389603,0.004535478640579238,0.0006519417397445326,0.0017352380950408364
Taiwan Credit Card Default,R4_F4,4,4,pay_amt6,4,1,0.0012026671586361504,0.003979555007380453,-0.0020205292544771547,0.0014009598601004702,0.0004527802312025708,0.0007072421587385191
Taiwan Credit Card Default,R4_F4,4,4,pay_amt6,5,1,0.002511463949055104,0.001658149584922608,0.0012381193471907026,0.002362703822485712,0.0002450458777297493,0.0006563631834293759
Taiwan Credit Card Default,R4_F5,4,5,sex,1,1,0.002057978717770137,0.002964002529582288,-0.00617475496808062,-0.0028374541053172164,0.00046652423574214397,0.0013331858100118499
Taiwan Credit Card Default,R4_F5,4,5,sex,2,1,0.003051460782133031,0.0019862948987561246,-0.0016112216513520794,-0.0008566686470509177,0.0004419740348994283,0.0015742691259971187
Taiwan Credit Card Default,R4_F5,4,5,sex,3,1,0.0008446322760263802,-8.273208243103625e-05,-0.006814571981264894,-0.0032122666990204163,-8.550817118432863e-05,6.346133347107097e-05
Taiwan Credit Card Default,R4_F5,4,5,sex,4,1,0.0025736168524599368,0.0035033134782949116,-0.001265619750220659,-0.0009103508618202305,0.0004934346329991401,0.0014895032767904826
Taiwan Credit Card Default,R4_F5,4,5,sex,5,1,0.0015051883178512915,0.0019017826990936904,-0.00617475496808062,-0.0028374541053172164,0.0001536697873443238,0.000669323206800132
Taiwan Credit Card Default,R4_F5,4,5,education,1,1,0.003856613761199057,0.007106380466432305,-0.0036587434421712084,-0.0010167523816767554,0.0009433560357952342,0.0030176203518852973
Taiwan Credit Card Default,R4_F5,4,5,education,2,1,0.0033819795304658173,0.007677999655757883,-0.0009880806759424154,-0.00032113037893388707,0.0008521453181283278,0.0027025500002439418
Taiwan Credit Card Default,R4_F5,4,5,education,3,1,0.004232228779637137,0.0065551668989418665,-0.003570880970651946,-0.0016596550793325227,0.0011140433869701871,0.003028056561769188
Taiwan Credit Card Default,R4_F5,4,5,education,4,1,0.0032190873092676764,0.00675189563906875,-1.6998791722011575e-05,0.0001607256744139418,0.0008104996258838926,0.0024823143254152358
Taiwan Credit Card Default,R4_F5,4,5,education,5,1,0.0016423227050571532,0.004986724967317224,-0.0052034044447392125,-0.0023555980519694986,0.0006425399629128858,0.0015743264091133136
Taiwan Credit Card Default,R4_F5,4,5,marriage,1,1,0.004849453885773847,0.005528287764090756,0.005796420385381529,0.003212587668914413,0.0008203150653313673,0.002755309761968694
Taiwan Credit Card Default,R4_F5,4,5,marriage,2,1,0.004399694821824673,0.005554325616344835,0.005517005217307802,0.0024626415116141276,0.0007175660359886316,0.0024610274421198453
Taiwan Credit Card Default,R4_F5,4,5,marriage,3,1,0.00486550238047323,0.002908717627329027,0.00027677565942690885,0.0005892204828864545,0.00034648799730346846,0.0018846202478648433
Taiwan Credit Card Default,R4_F5,4,5,marriage,4,1,0.0039569168530698695,0.0035162236328981633,1.608765571381454e-05,-0.0001607256744139418,0.00037429970346289365,0.0016702560237615294
Taiwan Credit Card Default,R4_F5,4,5,marriage,5,1,0.0024465930169147443,0.003115712940698123,0.004863477772169389,0.0022485545923248695,0.00018927120286341137,0.0010778423857382702
Taiwan Credit Card Default,R4_F5,4,5,pay_0,1,1,0.0800487681656924,0.19652838236091025,0.17925572805220943,0.08689224751785951,0.028658857973666768,0.06609269147677277
Taiwan Credit Card Default,R4_F5,4,5,pay_0,2,1,0.09003221574825948,0.203941909268132,0.18859809525511587,0.09246139614842541,0.030299493551608825,0.0712152368909798
Taiwan Credit Card Default,R4_F5,4,5,pay_0,3,1,0.07775527778820923,0.18962965373810609,0.18078250040042354,0.08866022993641265,0.02882298669308453,0.06610201035381363
Taiwan Credit Card Default,R4_F5,4,5,pay_0,4,1,0.08956905619123645,0.2047789306877849,0.19747255573249886,0.0966907361990168,0.03103744850476922,0.07214569812871802
Taiwan Credit Card Default,R4_F5,4,5,pay_0,5,1,0.0799204604505711,0.20260461791677586,0.18407871834625364,0.09037356723051448,0.029498895817982318,0.06778385951840321
Taiwan Credit Card Default,R4_F5,4,5,pay_2,1,1,0.002836009740794343,0.01003856631000144,0.00453326487475042,0.004980891057361547,0.001251701794486637,0.002843910815273909
Taiwan Credit Card Default,R4_F5,4,5,pay_2,2,1,0.006006791081016871,0.01862629776025093,0.0069294810002547,0.005408743926045956,0.00182730047321783,0.004801164745685094
Taiwan Credit Card Default,R4_F5,4,5,pay_2,3,1,0.005796315073035019,0.014875205990625973,0.013486838491933772,0.008353241491007801,0.0019726977404476986,0.004902474312113436
Taiwan Credit Card Default,R4_F5,4,5,pay_2,4,1,0.002478690006313511,0.008830377634877262,0.006768309332383038,0.0036944437222622417,0.001416647919774805,0.0032287179510354647
Taiwan Credit Card Default,R4_F5,4,5,pay_2,5,1,0.0033493208437527233,0.007438837532775633,0.006030726335666814,0.004283985175042582,0.0014114498580399537,0.003378058892854807
Taiwan Credit Card Default,R4_F5,4,5,pay_3,1,1,0.0028694708522424284,0.005771705659893156,0.003965550670259499,0.004123901440416633,0.0006690582364289044,0.0019118424919783994
Taiwan Credit Card Default,R4_F5,4,5,pay_3,2,1,0.002714362150973426,0.005156643880539602,0.002286007827583647,0.003588684142193599,0.00041386891479561205,0.0013091257803774514
Taiwan Credit Card Default,R4_F5,4,5,pay_3,3,1,-0.0007022018855696865,0.0022786685492254266,9.71131707965811e-05,0.001875025878197767,6.523689095447316e-05,0.00010776315115984536
Taiwan Credit Card Default,R4_F5,4,5,pay_3,4,1,0.002711553664401012,0.0037111901442492545,0.0003217433998046748,0.002624972035497941,0.0005726101924631855,0.001744288963344498
Taiwan Credit Card Default,R4_F5,4,5,pay_3,5,1,0.0012612511984212427,0.003195223963759042,0.0017689240679608642,0.00241024317642069,0.000509766818172247,0.00137166390540866
Taiwan Credit Card Default,R4_F5,4,5,pay_4,1,1,0.0013560175596208923,0.004853253088210385,-0.007917036291434865,-0.002890494380298647,0.00017957062597967477,0.0002836508911690516
Taiwan Credit Card Default,R4_F5,4,5,pay_4,2,1,0.0008260160221752466,0.00263838119926052,0.0037655208181249233,0.003052503934288464,0.0003461639345588574,0.0007398344873912333
Taiwan Credit Card Default,R4_F5,4,5,pay_4,3,1,0.0015881590354469566,0.005662954831589739,-0.0064842001684661255,-0.0010694716867641896,0.0002935078115517964,0.0008024981878901882
Taiwan Credit Card Default,R4_F5,4,5,pay_4,4,1,-0.0009556878593458551,0.0014157480882573958,-0.00016189178304110152,0.0012858053953113124,0.00013418304820683735,0.000260914002665813
Taiwan Credit Card Default,R4_F5,4,5,pay_4,5,1,-0.0017905305536057847,-0.0006304465365444267,-0.00486089334046913,-0.00021280303971327186,-3.147297596298171e-05,-0.0003353804035501895
Taiwan Credit Card Default,R4_F5,4,5,pay_5,1,1,0.0010908964271878485,0.006980292256864806,0.0005047194631236374,0.0014998923146005705,0.00041994873807404964,0.0010426773605401451
Taiwan Credit Card Default,R4_F5,4,5,pay_5,2,1,0.0007602171939078417,0.005573312135322084,-0.002784379152486083,0.00010800636932650765,0.0002923528353471483,0.0008728991146458309
Taiwan Credit Card Default,R4_F5,4,5,pay_5,3,1,2.9448987773350588e-05,0.007871232711289977,-0.0037083296689026657,-0.0006953010328489828,0.000281513541901951,0.0008626006511610607
Taiwan Credit Card Default,R4_F5,4,5,pay_5,4,1,-3.931881201402199e-06,0.005506378010610824,-0.006179750973647924,-0.0008017025527057298,0.00021920344222281507,0.00046462697606125536
Taiwan Credit Card Default,R4_F5,4,5,pay_5,5,1,0.001055910708743224,0.007083247415554328,-0.007499472944384633,-0.0013906020656980767,0.0004599129487942166,0.0012247193471396356
Taiwan Credit Card Default,R4_F5,4,5,pay_6,1,1,0.0017898886138176806,0.005446486689419605,-0.004217754118951644,0.000162009553989928,0.00019890835889144198,0.0008318729121700175
Taiwan Credit Card Default,R4_F5,4,5,pay_6,2,1,0.0019623296893621633,0.007625060160165287,-0.0021155005512836222,0.0003220932886157657,0.0003809376972896128,0.0013750066528848137
Taiwan Credit Card Default,R4_F5,4,5,pay_6,3,1,0.002784333587862453,0.00627394292306227,-0.00547161195705631,-0.0007483413078303025,0.0003871653910955397,0.0012583919563249335
Taiwan Credit Card Default,R4_F5,4,5,pay_6,4,1,0.0013962190388429052,0.006452801280581899,-0.008106678014016266,-0.0019261403338151073,0.00022903636777771297,0.0007759565677404878
Taiwan Credit Card Default,R4_F5,4,5,pay_6,5,1,0.0022987061382603313,0.010886517706195864,-0.0067560965266718065,-0.0014979664952367022,0.0003357866032293877,0.0012845938703491266
Taiwan Credit Card Default,R4_F5,4,5,limit_bal,1,1,0.010402393536693477,0.012854740486834548,0.009031368315611688,0.0096403307658951,0.0016427826378890287,0.005273110497678868
Taiwan Credit Card Default,R4_F5,4,5,limit_bal,2,1,0.01212913132386928,0.01215172487565197,0.0039036035137903213,0.0063203786674421725,0.0016224058588665824,0.005388726642079067
Taiwan Credit Card Default,R4_F5,4,5,limit_bal,3,1,0.012865275775728047,0.01128630598718161,0.004209470626792722,0.006588147801500743,0.001718077404153695,0.005678017587474493
Taiwan Credit Card Default,R4_F5,4,5,limit_bal,4,1,0.013053765345971802,0.011911215050664725,-0.002435283750685968,0.003482924562124845,0.0016428395506577764,0.00550344411629583
Taiwan Credit Card Default,R4_F5,4,5,limit_bal,5,1,0.011354871697099478,0.010807899013146938,0.0025294054630750074,0.005892204828863767,0.0012786730226750642,0.0046699890620234275
Taiwan Credit Card Default,R4_F5,4,5,age,0,0,0.0,0.0,0.0,0.0,0.0,0.0
Taiwan Credit Card Default,R4_F5,4,5,bill_amt1,1,1,0.020146477820819686,0.02400321669090666,-0.011991484722965795,0.0018248743322623051,0.0027607435643960676,0.009887436064735189
Taiwan Credit Card Default,R4_F5,4,5,bill_amt1,2,1,0.022799293994621217,0.019689530603497096,0.0012670652232715796,0.009749621014797705,0.003134966137831846,0.011175415601197836
Taiwan Credit Card Default,R4_F5,4,5,bill_amt1,3,1,0.01631794892534455,0.017081823846201494,-0.0022119019992280498,0.006375665731681357,0.002386188930801808,0.008684558036953616
Taiwan Credit Card Default,R4_F5,4,5,bill_amt1,4,1,0.018852648178158793,0.016314282490746512,-0.009754049483374383,0.0041277530791444805,0.0025324145569129985,0.009142556669565371
Taiwan Credit Card Default,R4_F5,4,5,bill_amt1,5,1,0.01813022518926799,0.013246710248085436,-0.005989835776128716,0.005787408158477003,0.0022120080264899367,0.008342771831958806
Taiwan Credit Card Default,R4_F5,4,5,bill_amt2,1,1,0.004440137028467128,0.0057071108884401145,0.003914042846825394,0.004445352789244406,0.000970769482779188,0.002812858594275214
Taiwan Credit Card Default,R4_F5,4,5,bill_amt2,2,1,0.005299694404564015,0.008253839545832586,-0.0045889176696427,0.00021569176875912976,0.0012495244369453984,0.0037952016352260642
Taiwan Credit Card Default,R4_F5,4,5,bill_amt2,3,1,0.006243024922991336,0.005676049706755948,-0.006892540687078341,-0.000855063797580935,0.001248189140577144,0.0037461037925884955
Taiwan Credit Card Default,R4_F5,4,5,bill_amt2,4,1,0.005006327921459941,0.003919478947431054,-0.0002937604095590851,0.0020894337673809105,0.0008754095903126258,0.002607951513218798
Taiwan Credit Card Default,R4_F5,4,5,bill_amt2,5,1,0.005601245619964557,0.006864727892194944,-0.002930674062724292,0.0009116347413961057,0.0011573652878101304,0.0036330531031986135
Taiwan Credit Card Default,R4_F5,4,5,bill_amt3,0,0,0.0,0.0,0.0,0.0,0.0,0.0
Taiwan Credit Card Default,R4_F5,4,5,bill_amt4,0,0,0.0,0.0,0.0,0.0,0.0,0.0
Taiwan Credit Card Default,R4_F5,4,5,bill_amt5,0,0,0.0,0.0,0.0,0.0,0.0,0.0
Taiwan Credit Card Default,R4_F5,4,5,bill_amt6,0,0,0.0,0.0,0.0,0.0,0.0,0.0
Taiwan Credit Card Default,R4_F5,4,5,pay_amt1,1,1,0.005518836599683552,0.00545823556199565,-0.0012244106256316667,0.005786124278901017,0.0008276947306082583,0.0027075832135299294
Taiwan Credit Card Default,R4_F5,4,5,pay_amt1,2,1,0.0034287608925146484,0.005136528483466907,-0.000974890892413316,0.004982495906831419,0.0005952998059755299,0.0019463470573407582
Taiwan Credit Card Default,R4_F5,4,5,pay_amt1,3,1,0.004851379705137826,0.005953608742207406,0.0016257124228657438,0.007713869462186107,0.0006389220848051491,0.002169137224363682
Taiwan Credit Card Default,R4_F5,4,5,pay_amt1,4,1,0.0031994279032608874,0.00562839859556008,-0.0016298380979976046,0.00583980649367033,0.0005154244117684392,0.001433995626583806
Taiwan Credit Card Default,R4_F5,4,5,pay_amt1,5,1,0.00386215049187022,0.003554692507091506,-0.0037174708597240147,0.003965422555260667,0.0005700495585914123,0.0019055630624976727
Taiwan Credit Card Default,R4_F5,4,5,pay_amt2,1,1,0.0037884076587269,0.004582209689024785,-0.01141122953071022,0.00037834326253693984,0.00030674120290161144,0.0014295547238138417
Taiwan Credit Card Default,R4_F5,4,5,pay_amt2,2,1,0.004785340149449868,0.003350580734349573,-0.00829478592552274,0.0025738575798806007,0.0003042453873071671,0.0017301925362622206
Taiwan Credit Card Default,R4_F5,4,5,pay_amt2,3,1,0.0035658150372469555,0.004628954675568897,-0.008414147151159346,0.0018239114225803155,0.00020605548192337286,0.00109665942103232
Taiwan Credit Card Default,R4_F5,4,5,pay_amt2,4,1,0.006764039303405522,0.006118062741718999,-0.003524972100054702,0.0045546430381470104,0.0007375270562858527,0.0027181798961756765
Taiwan Credit Card Default,R4_F5,4,5,pay_amt2,5,1,0.008847695612694606,0.007094465058805954,0.0001280104656417036,0.006375023791893364,0.0012066643258300813,0.00416584840460571
Taiwan Credit Card Default,R4_F5,4,5,pay_amt3,1,1,0.004713282408249753,0.005566108822284477,-0.00499165691086928,0.004287194873982436,0.0005075554814415462,0.0017859303896307077
Taiwan Credit Card Default,R4_F5,4,5,pay_amt3,2,1,0.004452975824226546,0.0069679694733543185,-0.005994740637916607,0.0038053388206346073,0.0005789096446958131,0.0020608361039649026
Taiwan Credit Card Default,R4_F5,4,5,pay_amt3,3,1,0.00618051603613734,0.0074908882652353626,-0.00012168554663577469,0.005946528983420962,0.0009296420231600933,0.0030405254027530138
Taiwan Credit Card Default,R4_F5,4,5,pay_amt3,4,1,0.006823498976266551,0.007654635029681445,-0.0018565577219704643,0.006482709191325875,0.0007933582466035372,0.0029045683575996684
Taiwan Credit Card Default,R4_F5,4,5,pay_amt3,5,1,0.004230784415114264,0.0006019440585647295,-0.004715881215282991,0.003483566501912838,0.00011964120867885564,0.001013236937873363
Taiwan Credit Card Default,R4_F5,4,5,pay_amt4,1,1,0.005071805779833238,0.006466235044961355,-0.0007714660611214952,0.005571716389717873,0.0005771614523468749,0.0022714247323666337
Taiwan Credit Card Default,R4_F5,4,5,pay_amt4,2,1,0.0061212970906968645,0.007442840423612651,0.00027617056251194594,0.0058928467686516495,0.0007800271322750962,0.002818249473922785
Taiwan Credit Card Default,R4_F5,4,5,pay_amt4,3,1,0.005531996365336966,0.005388310245996175,-0.00032850960995328693,0.0065894316810766185,0.0007324914856738085,0.0025730973138802238
Taiwan Credit Card Default,R4_F5,4,5,pay_amt4,4,1,0.005385874821099423,0.005049006375681397,-0.004613309252135656,0.0031621151530849545,0.0005036651687193583,0.002185137472423826
Taiwan Credit Card Default,R4_F5,4,5,pay_amt4,5,1,0.002850132416129858,0.004885532849816632,-0.010430626887877159,-0.00021119819024340014,0.0003319891177284151,0.001483725235374156
Taiwan Credit Card Default,R4_F5,4,5,pay_amt5,1,1,0.004045985998651358,0.0031251271373491374,-0.00938584864995129,0.00010993218869048693,0.0004320371005018808,0.0014470902935072583
Taiwan Credit Card Default,R4_F5,4,5,pay_amt5,2,1,0.0037154672503182384,0.00046199737796670526,-0.006206266417433881,0.002144720831620206,0.0003279165688788166,0.0013444333490165716
Taiwan Credit Card Default,R4_F5,4,5,pay_amt5,3,1,0.004106809793561816,0.005513429415728521,-0.0018322572112027258,0.004018462830241876,0.0007081288448606005,0.0022277694683935367
Taiwan Credit Card Default,R4_F5,4,5,pay_amt5,4,1,0.0016256322705698878,-0.000804763480389159,-0.008343953238701074,0.000431062567624374,-0.0002927447018784002,-0.00017423357358598013
Taiwan Credit Card Default,R4_F5,4,5,pay_amt5,5,1,0.0027609027856013713,0.00293445712549123,0.0021850700287100455,0.005785161369219138,0.0003217285938879044,0.0012451351184344372
Taiwan Credit Card Default,R4_F5,4,5,pay_amt6,1,1,0.003919363375473495,0.0073277241200103704,0.004107566720868316,0.005356024620958633,0.000716547627467895,0.002404167022362347
Taiwan Credit Card Default,R4_F5,4,5,pay_amt6,2,1,0.0025550808410823578,0.004026186262646503,-0.008030963546606873,-0.0006940171532731076,0.00034667185375403253,0.0012269820908321627
Taiwan Credit Card Default,R4_F5,4,5,pay_amt6,3,1,0.0031455852035445764,0.005815039722905424,-0.009236556785087169,-0.001765093689507169,0.0004541725543888986,0.0016263198042386628
Taiwan Credit Card Default,R4_F5,4,5,pay_amt6,4,1,0.003665235461909444,0.006653346936386084,0.003886841764783433,0.004606078463658347,0.0008753707322603499,0.0025503449491653396
Taiwan Credit Card Default,R4_F5,4,5,pay_amt6,5,1,0.004212569373630459,0.007340500739140943,0.0037682695301281544,0.005248981161314004,0.0009818095113353908,0.0029310007712577413
Taiwan Credit Card Default,R5_F1,5,1,sex,1,1,-0.00014455398969015487,-0.0033047014970843946,-0.003924873017139674,-0.0008945196887434337,-0.00026246350457873047,-0.0005160563350427028
Taiwan Credit Card Default,R5_F1,5,1,sex,2,1,0.0012709317443828638,-0.001828315666558722,-0.0015973890902428178,-0.0010438104758357936,-4.482864010038612e-05,6.116359532315485e-05
Taiwan Credit Card Default,R5_F1,5,1,sex,3,1,0.00036628510946890014,-0.0013126504487024349,0.001987953445119428,0.0003620383255911186,0.00010020709799082872,4.4848624105586765e-05
Taiwan Credit Card Default,R5_F1,5,1,sex,4,1,-0.0012521478926151852,-0.0012537518664743619,0.006610966587398959,0.003046087405345732,-6.281184206116674e-05,-0.00035435447604331705
Taiwan Credit Card Default,R5_F1,5,1,sex,5,1,-0.0006222355070332197,-0.002682938155722958,-0.0037083848490515603,-0.0012354057638657157,-3.717449332024669e-05,-0.00048437159688807796
Taiwan Credit Card Default,R5_F1,5,1,education,1,1,0.001476084073253836,-0.0006989298387729548,0.004524740516142545,0.002854492117315699,9.234190539386677e-05,0.0007252866963469162
Taiwan Credit Card Default,R5_F1,5,1,education,2,1,0.004506164370136623,0.0046783700494308356,0.0038730929830325667,0.0016827881116185939,0.0009500333927975335,0.00275718142867154
Taiwan Credit Card Default,R5_F1,5,1,education,3,1,0.0024969455823647957,0.0006514555443677406,0.007649562976858981,0.0035360192607982732,0.0005679486425432811,0.0018760708878288734
Taiwan Credit Card Default,R5_F1,5,1,education,4,1,0.002928892504099778,0.00309283613988387,0.009636788533339546,0.004686326009264441,0.0006883099206815013,0.0021507793431054245
Taiwan Credit Card Default,R5_F1,5,1,education,5,1,0.0011046538217789337,0.003909500211203842,0.0013193817653923134,0.0007668711656441118,0.0004355343609964146,0.0012236199920936386
Taiwan Credit Card Default,R5_F1,5,1,marriage,1,1,0.0017161907001966847,0.0017662188483119623,0.006517760995359334,0.0032165304429068176,0.0003086881789204077,0.0008836581823618572
Taiwan Credit Card Default,R5_F1,5,1,marriage,2,1,0.0018881037783309296,0.004845548495943985,0.004627742899012688,0.0018957806568794533,0.0004976668222270164,0.0014441731213087894
Taiwan Credit Card Default,R5_F1,5,1,marriage,3,1,0.0015163468511731892,0.002868515627832968,0.0038630105899572498,0.002471056534493643,0.000304211374215102,0.0008223277440890242
Taiwan Credit Card Default,R5_F1,5,1,marriage,4,1,0.0034417733262772643,0.0036508074056471607,0.002439581683335912,0.0018746284064106167,0.0005245828346340797,0.0017048290227661966
Taiwan Credit Card Default,R5_F1,5,1,marriage,5,1,0.0018924322311296704,0.002952173132251157,0.007829683293371414,0.0031951331856758802,0.0004108226231864798,0.0012808880287352165
Taiwan Credit Card Default,R5_F1,5,1,pay_0,1,1,0.09290239910621534,0.22421243549567876,0.24774119544741235,0.11711511071038894,0.034922253361088035,0.08072131340142452
Taiwan Credit Card Default,R5_F1,5,1,pay_0,2,1,0.09047773051869568,0.2113183514821214,0.21308858582539625,0.10124569604787759,0.032554258170658074,0.07567546431621358
Taiwan Credit Card Default,R5_F1,5,1,pay_0,3,1,0.08491142188857748,0.20479479022961472,0.21744603364778625,0.10250225406221203,0.03163188235587744,0.0729402459336026
Taiwan Credit Card Default,R5_F1,5,1,pay_0,4,1,0.09382003109952497,0.21190871113152004,0.2207190952291985,0.10478171530867586,0.03340984185058296,0.07818731455353445
Taiwan Credit Card Default,R5_F1,5,1,pay_0,5,1,0.08051118210862629,0.2038133084373282,0.20166662186312,0.09521722299535462,0.030687159670088116,0.07107446251026983
Taiwan Credit Card Default,R5_F1,5,1,pay_2,1,1,0.004754111213469581,0.0014710972933277278,0.0038448531126434315,0.007924988729688942,0.0016030182145723715,0.004121584229772601
Taiwan Credit Card Default,R5_F1,5,1,pay_2,2,1,0.006848020672037269,0.00801911647611997,0.004900749126916959,0.00965057135576941,0.0023693388514691993,0.0058288999171269285
Taiwan Credit Card Default,R5_F1,5,1,pay_2,3,1,0.001121967632973342,0.00523950418475938,-0.0020344355378441037,0.004921450832042984,0.0013144877536634403,0.0031952317852692036
Taiwan Credit Card Default,R5_F1,5,1,pay_2,4,1,0.0037820060500336483,0.00892204799061258,0.003976499394729716,0.00837237107744171,0.002113208390988358,0.005096351190390369
Taiwan Credit Card Default,R5_F1,5,1,pay_2,5,1,0.0032709219441123816,0.002861034871364132,-0.00019351988875232484,0.006860026003384312,0.0014438274875098467,0.003694116730631525
Taiwan Credit Card Default,R5_F1,5,1,pay_3,1,1,0.005480229587670027,0.007205941747534972,0.008670904198824825,0.007796850193065308,0.0017715864031049577,0.00452088119934918
Taiwan Credit Card Default,R5_F1,5,1,pay_3,2,1,0.003046005736424995,0.011406600238780484,0.004346588891777636,0.004601472000627105,0.0015077413949446117,0.0037774019025599848
Taiwan Credit Card Default,R5_F1,5,1,pay_3,3,1,0.002974708768628709,0.0004547681422791827,0.007888918855568694,0.007583857647804448,0.001142621985285558,0.0028318783158367555
Taiwan Credit Card Default,R5_F1,5,1,pay_3,4,1,0.003942730486028112,0.0032634921530561023,-0.00025032799698021524,0.002535248306186566,0.0010605228779420883,0.0030447851654389346
Taiwan Credit Card Default,R5_F1,5,1,pay_3,5,1,0.0034712558066603005,0.0057573211171534355,0.004069832525580963,0.004324532690435534,0.0013898956445778932,0.0034333906859562724
Taiwan Credit Card Default,R5_F1,5,1,pay_4,1,1,-0.0002070307140477068,0.002137970903573594,0.004009329475247458,0.0037067073051215704,0.00041384805879027264,0.0008524380793914488
Taiwan Credit Card Default,R5_F1,5,1,pay_4,2,1,0.0015154484930450796,-0.0029332615342119173,0.004394073221265726,0.0038132035777520557,0.00038652836796815304,0.0009922021815114146
Taiwan Credit Card Default,R5_F1,5,1,pay_4,3,1,0.00025292864749748567,-0.003262169959508898,0.00020307374130268396,0.001853476155941891,0.00010387255640709192,0.00021643439951934962
Taiwan Credit Card Default,R5_F1,5,1,pay_4,4,1,0.0013911483956957627,0.004029922219113469,0.0035158384447571134,0.0037706540700523927,0.0006098202908002004,0.0015160308769371356
Taiwan Credit Card Default,R5_F1,5,1,pay_4,5,1,0.0014929078709239318,0.0021274699786961726,0.0009164272625253878,0.0028547371240779107,0.0004978291818778235,0.0011866723181598315
Taiwan Credit Card Default,R5_F1,5,1,pay_5,1,1,-0.0011741540733190003,-0.004839900156025756,0.00432292128239492,0.003195378192438092,0.00021364928898617852,0.00026776120746502263
Taiwan Credit Card Default,R5_F1,5,1,pay_5,2,1,0.00018408174732287286,-0.007207303203682791,0.003173958390707887,0.0028758893745467473,0.00016353557808349017,0.00043565139402834685
Taiwan Credit Card Default,R5_F1,5,1,pay_5,3,1,-0.00023798323500401342,-0.005647802640297073,0.009067718749407816,0.005708984234631509,0.0002841842400182204,0.0005130796478537425
Taiwan Credit Card Default,R5_F1,5,1,pay_5,4,1,-0.00069630921813435,-0.0014608025750787457,0.007639099796477755,0.005112556106548483,0.0004551626702641032,0.0007240431775084599
Taiwan Credit Card Default,R5_F1,5,1,pay_5,5,1,-0.0003669384608347981,-0.000432337064983801,0.006693913652532135,0.004452181213534745,0.00046333825256425487,0.00087129012093351
Taiwan Credit Card Default,R5_F1,5,1,pay_6,1,1,0.0022188629072829036,-0.002370033831341267,0.0031293963446458184,0.0036641577974219075,0.0002765909440514691,0.0008990383620141595
Taiwan Credit Card Default,R5_F1,5,1,pay_6,2,1,0.0005644955800780949,-0.0004413804942956512,0.0044567723511142465,0.004431028963066019,0.00027467668346239926,0.0004824353969496431
Taiwan Credit Card Default,R5_F1,5,1,pay_6,3,1,0.00035387143351828243,0.0016225487973094976,0.004234902704992827,0.004771915038188412,0.0003883429282396933,0.0006725456630722881
Taiwan Credit Card Default,R5_F1,5,1,pay_6,4,1,0.0009007265267189091,0.0015047975305564343,0.007888530659773851,0.0061777638396152135,0.0003679246013054971,0.0007921131810757487
Taiwan Credit Card Default,R5_F1,5,1,pay_6,5,1,0.0020309427206857134,0.000366361674180804,0.0070496094163364775,0.00534694590904039,0.0004433740157525068,0.001098794521784352
Taiwan Credit Card Default,R5_F1,5,1,limit_bal,1,1,0.01443784015105487,0.012450069679297626,0.005162693088910708,0.0074562091247051265,0.0016403561225957208,0.005711187343046931
Taiwan Credit Card Default,R5_F1,5,1,limit_bal,2,1,0.013084586134577303,0.013420901092429882,0.015083309959075919,0.011354266711094518,0.0018476440991478937,0.0061597697578543165
Taiwan Credit Card Default,R5_F1,5,1,limit_bal,3,1,0.017666947607754002,0.015089496177508877,0.0022408438513470963,0.0068811782538531485,0.0021787148642751775,0.00733152788644037
Taiwan Credit Card Default,R5_F1,5,1,limit_bal,4,1,0.01458198579614145,0.01080046730469053,0.010486577446787992,0.009905868401967832,0.0018906016978158802,0.006381564025309261
Taiwan Credit Card Default,R5_F1,5,1,limit_bal,5,1,0.014316970148376074,0.0061789067809980835,0.009816794958909525,0.009522432819145776,0.0015455564396888444,0.00508782858996748
Taiwan Credit Card Default,R5_F1,5,1,age,1,1,0.0011395264509300729,0.0030259295629738725,0.002057964072212315,0.0017681321337802425,0.00041459041175426203,0.0010449922915702348
Taiwan Credit Card Default,R5_F1,5,1,age,2,1,0.0005843411278151356,0.0027475075781473457,0.007935808671480915,0.004601226993865004,0.0003389491792731847,0.0006475733508532477
Taiwan Credit Card Default,R5_F1,5,1,age,3,1,0.0014451315522975294,0.002295994058429063,0.007935808671480915,0.004601226993865004,0.00032933264799997475,0.0009938091444342545
Taiwan Credit Card Default,R5_F1,5,1,age,4,1,0.0013116028669057922,0.004063487821900913,0.0012935156578879337,0.001555139588519383,0.0003071293978004763,0.0008600941253080752
Taiwan Credit Card Default,R5_F1,5,1,age,5,1,-0.0002328380929981222,-0.00021013378235557045,-0.0010389556438458736,-0.0004899318554525411,-6.003700685264235e-05,-0.00033638167134564245
Taiwan Credit Card Default,R5_F1,5,1,bill_amt1,0,0,0.0,0.0,0.0,0.0,0.0,0.0
Taiwan Credit Card Default,R5_F1,5,1,bill_amt2,1,1,0.006104506817721456,0.010110669367398128,0.0022871355124798876,0.004239433675036097,0.0015588282761340444,0.004310487150559372
Taiwan Credit Card Default,R5_F1,5,1,bill_amt2,2,1,0.007199687044695868,0.00570113963217822,0.002594741936822853,0.005134198370541632,0.0014942537733464156,0.00424111524247367
Taiwan Credit Card Default,R5_F1,5,1,bill_amt2,3,1,0.004296356912784183,0.007813885094257289,0.008716142765972101,0.008414675578379271,0.0011713088068709965,0.003256719028472299
Taiwan Credit Card Default,R5_F1,5,1,bill_amt2,4,1,0.006941776593033966,0.010608016504145446,0.007726885300213371,0.00713647530005157,0.0016642902238740986,0.004744497965306571
Taiwan Credit Card Default,R5_F1,5,1,bill_amt2,5,1,0.0067483845887480465,0.009911323655276916,0.001141916656688724,0.004537770242458605,0.001342574576352451,0.004302472690600689
Taiwan Credit Card Default,R5_F1,5,1,bill_amt3,0,0,0.0,0.0,0.0,0.0,0.0,0.0
Taiwan Credit Card Default,R5_F1,5,1,bill_amt4,0,0,0.0,0.0,0.0,0.0,0.0,0.0
Taiwan Credit Card Default,R5_F1,5,1,bill_amt5,0,0,0.0,0.0,0.0,0.0,0.0,0.0
Taiwan Credit Card Default,R5_F1,5,1,bill_amt6,0,0,0.0,0.0,0.0,0.0,0.0,0.0
Taiwan Credit Card Default,R5_F1,5,1,pay_amt1,1,1,0.005002466401406003,0.0009774877172621377,0.006786263639077805,0.009117844985854884,0.0007753443512582281,0.0021005345535792808
Taiwan Credit Card Default,R5_F1,5,1,pay_amt1,2,1,0.008745679714093457,0.005291370024909758,-0.0018627257380866014,0.007051866298176446,0.0012473160937994943,0.0036112867575726626
Taiwan Credit Card Default,R5_F1,5,1,pay_amt1,3,1,0.00890526078519771,0.0062059326035857065,-0.0010067948590224973,0.0066470334581234525,0.001239793201576661,0.003597035365652368
Taiwan Credit Card Default,R5_F1,5,1,pay_amt1,4,1,0.00597644995001867,0.002379542478127883,0.004229880936377495,0.009267135772947244,0.0009774297848640645,0.002600874621233762
Taiwan Credit Card Default,R5_F1,5,1,pay_amt1,5,1,0.00646581012302605,0.001517195693809037,0.007854134971072013,0.011461252997249316,0.0010429728304902908,0.002849996183648895
Taiwan Credit Card Default,R5_F1,5,1,pay_amt2,1,1,0.003568360153406891,0.0012933396450572898,0.008872773014979185,0.008862057926132039,0.0007206078004423078,0.0020694403273789908
Taiwan Credit Card Default,R5_F1,5,1,pay_amt2,2,1,0.007424603252383144,0.0027315046445978153,0.008872773014979185,0.008862057926132039,0.0007554282295539616,0.0028239635134734153
Taiwan Credit Card Default,R5_F1,5,1,pay_amt2,3,1,0.0036945386359330534,0.0017649494258081821,0.00969606125725242,0.009692875856706973,0.0008665371242912445,0.0024517454781821657
Taiwan Credit Card Default,R5_F1,5,1,pay_amt2,4,1,0.007074733595980653,0.0011628701876978953,0.009300136672858839,0.009586379584076488,0.0009078499760993564,0.003000800635854506
Taiwan Credit Card Default,R5_F1,5,1,pay_amt2,5,1,0.009891331334078268,0.00072725515542027,0.007292246832061644,0.008436072835610209,0.0011550239452627897,0.003937636415080492
Taiwan Credit Card Default,R5_F1,5,1,pay_amt3,1,1,0.007099397610040747,0.001026239391843875,-0.005748296213798354,0.0022799512599880334,0.0006862165693463373,0.002521436167623292
Taiwan Credit Card Default,R5_F1,5,1,pay_amt3,2,1,0.005821932351999681,0.004080274512833548,0.0011613277924673038,0.00515559562777268,0.0009910396143925082,0.003020400176138749
Taiwan Credit Card Default,R5_F1,5,1,pay_amt3,3,1,0.0077460521243719604,0.005079190543299084,0.00037267774746352345,0.005560428467825673,0.0011048876550922015,0.003404248124560638
Taiwan Credit Card Default,R5_F1,5,1,pay_amt3,4,1,0.008655517225608755,0.004684184963523075,0.0024937037938781437,0.005922466793416792,0.0010816393251632528,0.003629108507995804
Taiwan Credit Card Default,R5_F1,5,1,pay_amt3,5,1,0.004589221662517851,0.004886174317081493,0.0006355611479877954,0.00521954239270328,0.0005673170056713361,0.0021344369869767954
Taiwan Credit Card Default,R5_F1,5,1,pay_amt4,1,1,0.006013200964346654,0.005597557588930768,0.013403275871560094,0.011098724658133885,0.0011195392931853676,0.0036535626441975833
Taiwan Credit Card Default,R5_F1,5,1,pay_amt4,2,1,0.008246845946281445,0.007890266039322302,0.006867582655921967,0.007711751177665871,0.0013298185676798024,0.004040277977018336
Taiwan Credit Card Default,R5_F1,5,1,pay_amt4,3,1,0.0074146396440540885,0.00625610501630014,0.011432102233286057,0.01056624329498157,0.0010014874825803044,0.003333885155847649
Taiwan Credit Card Default,R5_F1,5,1,pay_amt4,4,1,0.005382553558478276,0.0064678551985494215,0.009847169979523007,0.01014025820445974,0.0008045060421201788,0.0024777550973153484
Taiwan Credit Card Default,R5_F1,5,1,pay_amt4,5,1,0.006471935292080788,0.006828577768296262,0.00631975456762307,0.0071578725572825075,0.001012867944837209,0.0033397400394864496
Taiwan Credit Card Default,R5_F1,5,1,pay_amt5,1,1,0.0032928908837883686,0.006713866924546452,0.006438051542816126,0.006987429519721422,0.0009369462035184462,0.0024103594121003824
Taiwan Credit Card Default,R5_F1,5,1,pay_amt5,2,1,0.0027944654605801533,0.004261514878048822,0.0033420896848611603,0.004729365530488638,0.0008080858479616315,0.00196538352564557
Taiwan Credit Card Default,R5_F1,5,1,pay_amt5,3,1,0.0010820315307369377,0.001977000101339166,0.0073801601543616036,0.007647804412735049,0.0004185354072628322,0.0010588239172572012
Taiwan Credit Card Default,R5_F1,5,1,pay_amt5,4,1,0.0013778363616169242,0.005175398750244975,0.005496741891391321,0.006327054626707684,0.0006200078751159854,0.0014370598631582854
Taiwan Credit Card Default,R5_F1,5,1,pay_amt5,5,1,0.0035012283005676492,0.002241776240681004,0.00498596662942008,0.006391001391638396,0.0007878471331156378,0.002059008752193281
Taiwan Credit Card Default,R5_F1,5,1,pay_amt6,1,1,0.0031489085765434854,-0.00041650119314851075,0.003181865752083901,0.004281983182735871,0.00031301109985670816,0.0009703553328836434
Taiwan Credit Card Default,R5_F1,5,1,pay_amt6,2,1,0.0016434236918273504,0.0049211118150775945,0.006669998377426101,0.006646543444599029,0.00044899679751300714,0.0011360198551808587
Taiwan Credit Card Default,R5_F1,5,1,pay_amt6,3,1,0.003203871760193988,0.005239256041071894,0.0070496094163364775,0.00534694590904039,0.0007985938702703421,0.002183501433008217
Taiwan Credit Card Default,R5_F1,5,1,pay_amt6,4,1,0.0034793410298125105,0.005536214903615,0.009392630947738012,0.0073920173530122035,0.0009144645372450022,0.0024154984694787496
Taiwan Credit Card Default,R5_F1,5,1,pay_amt6,5,1,0.0019160345492201802,0.004031815392464555,0.010397346106169159,0.006475855400275732,0.000747234665983143,0.0016247644794887273
Taiwan Credit Card Default,R5_F2,5,2,sex,1,1,0.001542802698911161,0.00043832081628414343,-0.00554213051481689,-0.0038093204086195875,9.307798166927062e-05,0.0004058858323859327
Taiwan Credit Card Default,R5_F2,5,2,sex,2,1,0.0021717037007951134,0.0004227926071455057,-0.0044148615962996685,-0.0027545544643431397,0.00017426546040821833,0.0007243114477100687
Taiwan Credit Card Default,R5_F2,5,2,sex,3,1,0.0014069664672857751,0.0011634297771354607,-0.00505532581223489,-0.0031257497130439127,6.228701603377962e-05,0.00039456212647503985
Taiwan Credit Card Default,R5_F2,5,2,sex,4,1,0.0026637309440202817,0.0022863612881633966,-0.002981521020661737,-0.0023245394138163844,0.00032060141799522546,0.0012631236105931642
Taiwan Credit Card Default,R5_F2,5,2,sex,5,1,0.0015259628370585254,0.0012171311716843158,-0.0070539468831911645,-0.004083147735709058,0.00015966479568998992,0.0006609448606744173
Taiwan Credit Card Default,R5_F2,5,2,education,1,1,0.002002267555236692,0.0014735983919457185,-0.00048388210001709675,0.0009371263406245944,0.0002505075656316358,0.000742241881166894
Taiwan Credit Card Default,R5_F2,5,2,education,2,1,0.004253302169213602,0.006757067469215561,0.0008482836066445731,0.0007910744582073637,0.0008656205393572924,0.0024641299311237153
Taiwan Credit Card Default,R5_F2,5,2,education,3,1,0.0029187231649618894,0.004695438237818372,-0.0009340698697185013,0.000985810301430412,0.0004982679998025152,0.0017789356307488235
Taiwan Credit Card Default,R5_F2,5,2,education,4,1,0.003191991823648377,0.0023647638026355056,-0.005064581569469484,-0.000772798020462373,0.0004173253856901704,0.001955229015040083
Taiwan Credit Card Default,R5_F2,5,2,education,5,1,0.004642694045887685,0.006759706730835258,-0.0025010573514256396,-2.0271682040440275e-05,0.000788021329553551,0.00251658773241481
Taiwan Credit Card Default,R5_F2,5,2,marriage,1,1,0.0029275820496330596,0.00177099731914665,-0.0014424848059739204,-0.00043001505052675526,0.00012349972309702584,0.0009235642902763463
Taiwan Credit Card Default,R5_F2,5,2,marriage,2,1,0.0018386575230207036,0.0008532075337486233,0.004937779542546539,0.0016612404002811498,0.00023917268454670682,0.0008441347186775583
Taiwan Credit Card Default,R5_F2,5,2,marriage,3,1,0.002460615074756922,0.002618629020119778,-0.0014424848059739204,-0.00043001505052675526,0.00023333244991827207,0.0011531313423398526
Taiwan Credit Card Default,R5_F2,5,2,marriage,4,1,-0.00010886052875247465,0.0004456444751216315,0.0031542576866002148,0.0011237215871227058,0.00010009595830484663,0.0003156699618029335
Taiwan Credit Card Default,R5_F2,5,2,marriage,5,1,0.0017332288144560337,0.0038890802074312836,0.007291465463522662,0.0027261421855777623,0.00045117311554446204,0.001411439778442214
Taiwan Credit Card Default,R5_F2,5,2,pay_0,1,1,0.07799122635216493,0.19615550661978998,0.1810978718685724,0.0845755325267119,0.0291360827798752,0.06760788663680278
Taiwan Credit Card Default,R5_F2,5,2,pay_0,2,1,0.07280303251593767,0.18549969499316316,0.1623621035776172,0.07687580498131097,0.027555485050707207,0.06444465179217046
Taiwan Credit Card Default,R5_F2,5,2,pay_0,3,1,0.07963490860264744,0.20834731772461068,0.1879648539015404,0.08756536619835886,0.030820937908226848,0.07125385907033771
Taiwan Credit Card Default,R5_F2,5,2,pay_0,4,1,0.08494872301970802,0.20395075010558383,0.19625089971918402,0.09222458086701191,0.03121935161317635,0.07319653494981687
Taiwan Credit Card Default,R5_F2,5,2,pay_0,5,1,0.09181483749852548,0.2111675540285285,0.20519305705012605,0.09709880306092822,0.03299946881654564,0.07754115439977333
Taiwan Credit Card Default,R5_F2,5,2,pay_2,1,1,0.005352522156389705,0.00654130171377687,0.02341445264129538,0.016604423025629922,0.002073834942868863,0.00523354779425611
Taiwan Credit Card Default,R5_F2,5,2,pay_2,2,1,0.00710594284311461,0.015527200341268754,0.020753293809002538,0.014387387374445226,0.0024067994303691997,0.0062641934778536745
Taiwan Credit Card Default,R5_F2,5,2,pay_2,3,1,0.007675624994313512,0.018975780812167997,0.015337213913957093,0.01173020083171361,0.002429722527067968,0.0064494979649352135
Taiwan Credit Card Default,R5_F2,5,2,pay_2,4,1,0.006230270026785778,0.009600881041650133,0.016841032422466762,0.012892470538621748,0.001981996060249097,0.005281084330241381
Taiwan Credit Card Default,R5_F2,5,2,pay_2,5,1,0.00373461846220291,0.011414021130034091,0.01972665303432769,0.013908688363112764,0.001796152067402218,0.0044037435357272
Taiwan Credit Card Default,R5_F2,5,2,pay_3,1,1,0.004140451151870561,0.008102408167416808,0.011812016721416574,0.007989836065940059,0.0014116774657459141,0.0037027776289759173
Taiwan Credit Card Default,R5_F2,5,2,pay_3,2,1,0.0071966865536655655,0.012644268583897667,0.009639919108857975,0.008077068146531419,0.001745153662195409,0.004827114523144216
Taiwan Credit Card Default,R5_F2,5,2,pay_3,3,1,0.003527911153208052,0.007924162414839842,0.008034955204332894,0.006338731506679185,0.0013354271136859497,0.0034568364224606962
Taiwan Credit Card Default,R5_F2,5,2,pay_3,4,1,-0.00010949900692702741,0.006959586310119836,0.01139857310893394,0.008770774683127258,0.001266951177347847,0.0025090819753139093
Taiwan Credit Card Default,R5_F2,5,2,pay_3,5,1,0.004053857549453643,7.783659271587418e-05,0.0023099666202847646,0.0035740412013158807,0.0010637818236405583,0.0030148122301795754
Taiwan Credit Card Default,R5_F2,5,2,pay_4,1,1,0.005116444851367863,0.005611747421533697,0.012045221260007122,0.007521272895627762,0.0010918419358841303,0.0031155563287784682
Taiwan Credit Card Default,R5_F2,5,2,pay_4,2,1,0.0010676153175382952,0.0037909401049526226,0.007584818905617241,0.004766718431284622,0.0005224691144190274,0.0015222438071765265
Taiwan Credit Card Default,R5_F2,5,2,pay_4,3,1,-0.0015198972944009403,0.0029329805364115558,0.009526867618393775,0.005880304177387052,0.00026374451881100436,0.0004433919818790377
Taiwan Credit Card Default,R5_F2,5,2,pay_4,4,1,0.0013073638720636493,-0.002439897569281979,0.004637876677187069,0.0031744336738497303,0.00037210597405520907,0.0010532465458444329
Taiwan Credit Card Default,R5_F2,5,2,pay_4,5,1,0.001898674471423778,0.0013947289186378997,0.007997692381163324,0.0056064768502976925,0.0005452280830286482,0.0014201340502146276
Taiwan Credit Card Default,R5_F2,5,2,pay_5,1,1,0.001397389294668261,0.0056981631663742816,0.0013660679393525665,0.002206899810164531,0.0005324376631055672,0.001502604919544237
Taiwan Credit Card Default,R5_F2,5,2,pay_5,2,1,-0.0004001661958690228,0.00452959818456522,0.0029382812826086457,0.0032129817936352723,0.00023062967287015845,0.0006020183156505432
Taiwan Credit Card Default,R5_F2,5,2,pay_5,3,1,0.0009727214988530797,-0.0003639039018503709,-0.0032244992383280158,0.0004969754490775635,0.0003433010445146323,0.0010124296524027798
Taiwan Credit Card Default,R5_F2,5,2,pay_5,4,1,6.664115946353188e-05,0.004861715074300221,0.0014730522572867777,0.002782966743108406,0.00035887047284166584,0.0010151928750091188
Taiwan Credit Card Default,R5_F2,5,2,pay_5,5,1,0.0009741580747455458,-0.00626795053593332,0.0007207985794264737,0.001835704561463647,0.0001721844187656807,0.0005045957891450792
Taiwan Credit Card Default,R5_F2,5,2,pay_6,1,1,0.0009745571236047246,0.007340045907221593,0.0038330024268060647,0.003115613872023748,0.00046191226874475744,0.0012576459883381075
Taiwan Credit Card Default,R5_F2,5,2,pay_6,2,1,0.002175534569842097,0.0001454352534122627,0.002741255878064952,0.0027931025841286816,0.000510134655970107,0.001599679502487017
Taiwan Credit Card Default,R5_F2,5,2,pay_6,3,1,0.0014435193427762005,0.0038033102954464493,0.0005247055256872302,0.0014158253519571673,0.00040264235130402226,0.0011771856746413123
Taiwan Credit Card Default,R5_F2,5,2,pay_6,4,1,0.0015061700136490552,-0.0021379161508646716,0.007014208799950239,0.004239335459146343,0.00044657789237095846,0.0010322584435115134
Taiwan Credit Card Default,R5_F2,5,2,pay_6,5,1,0.0019766486184847887,0.0008552730205987347,0.0016150497384279094,0.0017383366398522337,0.0004944928187909092,0.0014049262717130695
Taiwan Credit Card Default,R5_F2,5,2,limit_bal,1,1,0.015331457165217555,0.010216958691087519,-0.0022109390588581634,0.0037485053624983777,0.0018959123985163584,0.0066317267724382845
Taiwan Credit Card Default,R5_F2,5,2,limit_bal,2,1,0.01153793909141676,0.01225999318702331,0.008890793588737123,0.009326569934030804,0.002108655717688035,0.0063876568721469296
Taiwan Credit Card Default,R5_F2,5,2,limit_bal,3,1,0.012451840788443858,0.010863210018851377,0.012717360910550812,0.01170992914967317,0.0022343416455636034,0.0069116493689456715
Taiwan Credit Card Default,R5_F2,5,2,limit_bal,4,1,0.015594510173112197,0.01635846262061602,0.009460511790213788,0.00838944359340621,0.002739806476052681,0.008470345839386606
Taiwan Credit Card Default,R5_F2,5,2,limit_bal,5,1,0.01328752890909457,0.009974136293856128,0.006352964813062856,0.008417855872171587,0.0020805200448361927,0.0065701608063460926
Taiwan Credit Card Default,R5_F2,5,2,age,1,1,0.0008068767930263787,0.003991699259312864,0.004369611101114834,0.0020222998079617582,0.0006480808332014754,0.0013719504102554514
Taiwan Credit Card Default,R5_F2,5,2,age,2,1,0.000855720373375668,0.0034781545418729465,0.0036522999335562023,0.0018072922826983806,0.00058533184128301,0.0012924701914692749
Taiwan Credit Card Default,R5_F2,5,2,age,3,1,0.0006933872975085631,0.003078333759830798,-0.0007995966055781567,-5.881980182598223e-05,0.0003636709755143741,0.000701816376790787
Taiwan Credit Card Default,R5_F2,5,2,age,4,1,0.0027443388135510727,0.003245114285122641,0.0,0.0,0.0006458931032276571,0.0017585426689688544
Taiwan Credit Card Default,R5_F2,5,2,age,5,1,0.0016424052941332867,0.005551411628024749,0.003719620550851954,0.0007626621794419863,0.0006085863189647933,0.0014314731799107694
Taiwan Credit Card Default,R5_F2,5,2,bill_amt1,1,1,0.01948092682130287,0.02640137915726959,0.01319399902163132,0.010928990532485972,0.0038814946273652284,0.012637886627074879
Taiwan Credit Card Default,R5_F2,5,2,bill_amt1,2,1,0.017268280707567807,0.01447438092233444,0.013942244340770682,0.01187625271413073,0.0028126753158655426,0.00993089323143298
Taiwan Credit Card Default,R5_F2,5,2,bill_amt1,3,1,0.01609044809515614,0.019580350165986582,0.009555053226026067,0.008965510526350196,0.0030344800807728944,0.01021244973688995
Taiwan Credit Card Default,R5_F2,5,2,bill_amt1,4,1,0.015737848523287634,0.022078622743952447,0.008989076094144288,0.009170382210593409,0.002941615897064487,0.010082936718097013
Taiwan Credit Card Default,R5_F2,5,2,bill_amt1,5,1,0.015716619123985587,0.014385996717359073,0.01673410493562283,0.012316403605677761,0.002961221416314136,0.009948091587170305
Taiwan Credit Card Default,R5_F2,5,2,bill_amt2,0,0,0.0,0.0,0.0,0.0,0.0,0.0
Taiwan Credit Card Default,R5_F2,5,2,bill_amt3,0,0,0.0,0.0,0.0,0.0,0.0,0.0
Taiwan Credit Card Default,R5_F2,5,2,bill_amt4,0,0,0.0,0.0,0.0,0.0,0.0,0.0
Taiwan Credit Card Default,R5_F2,5,2,bill_amt5,0,0,0.0,0.0,0.0,0.0,0.0,0.0
Taiwan Credit Card Default,R5_F2,5,2,bill_amt6,0,0,0.0,0.0,0.0,0.0,0.0,0.0
Taiwan Credit Card Default,R5_F2,5,2,pay_amt1,1,1,0.011768110473324489,0.00966644247042181,0.00390347721216322,0.00866127567620023,0.001784680174366532,0.006003151392500461
Taiwan Credit Card Default,R5_F2,5,2,pay_amt1,2,1,0.01027055991503123,0.006259938530251863,0.008983398413924815,0.011210958456300268,0.0016220580445808208,0.0052248665815115
Taiwan Credit Card Default,R5_F2,5,2,pay_amt1,3,1,0.008647388775904652,0.00888198132607343,0.01356682895240019,0.01511764678653127,0.001915856195722404,0.005379171819305972
Taiwan Credit Card Default,R5_F2,5,2,pay_amt1,4,1,0.012020947830427176,0.009898135327702895,0.006560993921679414,0.010722123603947531,0.002057062530225001,0.006709365401320444
Taiwan Credit Card Default,R5_F2,5,2,pay_amt1,5,1,0.009021217747075427,0.006937053868524279,-0.00022378144791235233,0.007322546563814147,0.001367266914088422,0.0048952720550020645
Taiwan Credit Card Default,R5_F2,5,2,pay_amt2,1,1,0.008911559120604928,0.007581415400158442,0.00796101157984963,0.008691683199260836,0.001503521865857671,0.00465685669382393
Taiwan Credit Card Default,R5_F2,5,2,pay_amt2,2,1,0.006130986670650707,0.007092553965846626,0.01327380481985485,0.012237312121811339,0.0015671645216052688,0.0041308033945349765
Taiwan Credit Card Default,R5_F2,5,2,pay_amt2,3,1,0.004749479520573141,0.007180030740155274,0.0044582414500586864,0.007880337059013032,0.0012934172781948194,0.003491874716772647
Taiwan Credit Card Default,R5_F2,5,2,pay_amt2,4,1,0.004451310213080983,0.007293012095613727,0.012727345025599635,0.010977674493291678,0.001143099036808204,0.003304649098925583
Taiwan Credit Card Default,R5_F2,5,2,pay_amt2,5,1,0.004179158891199686,0.002387771327404642,0.006417091138961384,0.008993922805115462,0.000837941870286879,0.0021807518892867916
Taiwan Credit Card Default,R5_F2,5,2,pay_amt3,1,1,0.006880560047515472,0.010956936799522254,0.007406963738229855,0.008164300227122556,0.0014795492923982412,0.004089805332172569
Taiwan Credit Card Default,R5_F2,5,2,pay_amt3,2,1,0.0062287536411212985,0.003225570726821614,0.005091899036419656,0.006210956062007056,0.0009995855470295578,0.0032549819138219527
Taiwan Credit Card Default,R5_F2,5,2,pay_amt3,3,1,0.007047522090147695,0.010750921167809069,0.006577854349682777,0.006640971112533811,0.0015271154930954212,0.004476529452770939
Taiwan Credit Card Default,R5_F2,5,2,pay_amt3,4,1,0.00596849397524013,-0.002660212307930898,-0.0006664107141255426,0.0034462657566436405,0.00039078684729812463,0.001846052871267878
Taiwan Credit Card Default,R5_F2,5,2,pay_amt3,5,1,0.006714076863514329,0.00606098709287306,0.006201278388311249,0.007265722006283504,0.0009417226275426904,0.0032013660036158686
Taiwan Credit Card Default,R5_F2,5,2,pay_amt4,1,1,0.006791173103085302,0.005731186478777461,0.004327041414205368,0.00672820319312506,0.001134303110875895,0.0036857649767990663
Taiwan Credit Card Default,R5_F2,5,2,pay_amt4,2,1,0.005725712649385928,0.007842285327509524,0.004225568591431639,0.006884390916562566,0.0011782812315118407,0.003569504722428951
Taiwan Credit Card Default,R5_F2,5,2,pay_amt4,3,1,0.004925380257648326,-0.0007070122020097491,0.0010906651511453647,0.00618054853894634,0.0007428907129847506,0.0022365701496179224
Taiwan Credit Card Default,R5_F2,5,2,pay_amt4,4,1,0.007600923047896835,0.007665622409289141,0.003951036173337641,0.006620699430493371,0.0011573249880474368,0.0038579619378138474
Taiwan Credit Card Default,R5_F2,5,2,pay_amt4,5,1,0.0056945070286071875,0.004271529274377461,0.00500300422591865,0.008407720031151311,0.0009321476495466052,0.002833554593370813
Taiwan Credit Card Default,R5_F2,5,2,pay_amt5,1,1,0.0026062679083151963,0.004302919622820478,0.004811411055851811,0.005215009919556479,0.0007742051078420409,0.002129444506113687
Taiwan Credit Card Default,R5_F2,5,2,pay_amt5,2,1,0.0009280280266378282,0.0010891960518502053,-0.0011990061654690853,0.0021866281281239797,0.0003409443135131973,0.0012176998226070546
Taiwan Credit Card Default,R5_F2,5,2,pay_amt5,3,1,0.0025647668269725976,0.004776175183798248,0.005739687123181736,0.0058498966543264475,0.0008229792758740195,0.002307235992558665
Taiwan Credit Card Default,R5_F2,5,2,pay_amt5,4,1,0.0013118332192851856,0.0017460917222681394,0.002406242314195839,0.004150108134259867,0.0006413669139341271,0.0015965397053233632
Taiwan Credit Card Default,R5_F2,5,2,pay_amt5,5,1,0.004715640177324509,0.008607509096834054,0.006565794874072051,0.00590871645615243,0.0010627375660041405,0.0032555408120487628
Taiwan Credit Card Default,R5_F2,5,2,pay_amt6,1,1,0.004425611466557289,0.002323389306883916,0.004900474446681791,0.005058822196119084,0.0007374275311332612,0.0022913755365056576
Taiwan Credit Card Default,R5_F2,5,2,pay_amt6,2,1,0.0040425245618562755,0.007746574442071497,0.0032361427099474316,0.004208927936085738,0.0009397874775933512,0.0026309588546799545
Taiwan Credit Card Default,R5_F2,5,2,pay_amt6,3,1,0.006323807079350208,0.007338660708699374,0.008767344655046916,0.006553739031942563,0.0010472599301045715,0.0032284385459340204
Taiwan Credit Card Default,R5_F2,5,2,pay_amt6,4,1,0.0043874623956308145,0.004830142972779949,0.004707781899887353,0.004638942986612493,0.0009598879877594224,0.002659251894630399
Taiwan Credit Card Default,R5_F2,5,2,pay_amt6,5,1,0.0041644738931860825,0.008481516338151196,0.0036097666882994317,0.005048686355098919,0.0007857924645021108,0.0023197638808051813
Taiwan Credit Card Default,R5_F3,5,3,sex,1,1,-0.0004377508579188616,0.0006041711486238777,0.0033834623955463217,0.0015615943347035977,1.3593124441046989e-05,-0.0001280021451954827
Taiwan Credit Card Default,R5_F3,5,3,sex,2,1,-9.692765995283903e-05,-1.1495655239723845e-05,0.006059264015778387,0.00290928492609166,6.081231850943447e-05,-3.8595868171065195e-05
Taiwan Credit Card Default,R5_F3,5,3,sex,3,1,0.001085282597887649,0.0009896484030750274,0.004695859890141207,0.0023174522334186154,0.00019467073734621976,0.00047976091298296275
Taiwan Credit Card Default,R5_F3,5,3,sex,4,1,0.001132897603485894,0.0010124181621333772,0.007020317791746167,0.003558190953149021,0.00020641764628162584,0.0005671642183193715
Taiwan Credit Card Default,R5_F3,5,3,sex,5,1,0.0013849580236134917,0.0015805565605316874,0.006811960364190683,0.002959163463365222,0.0003353533203442338,0.0008565795717921376
Taiwan Credit Card Default,R5_F3,5,3,education,1,1,0.0013817244069346257,-0.0009568558362882396,0.003168704126774169,0.002217695158871713,0.000196236262538535,0.0004677987564487007
Taiwan Credit Card Default,R5_F3,5,3,education,2,1,0.005334982477839589,0.002367898180463568,-0.002678295905695127,-0.00025658748347823224,0.000551069253303782,0.0019644149339666517
Taiwan Credit Card Default,R5_F3,5,3,education,3,1,0.003722216159190994,0.0037508605971317,0.005141001952402691,0.0033514820069442397,0.0006463006068589683,0.0019348493542243328
Taiwan Credit Card Default,R5_F3,5,3,education,4,1,0.0017324101357715227,0.0008401046693803371,0.0013820203773988182,0.0016829358005828743,0.00019408990218652833,0.00022921424668104207
Taiwan Credit Card Default,R5_F3,5,3,education,5,1,0.0037668400693611215,0.006428814178599196,0.004069864272745138,0.0030306263919710474,0.0009762034900839267,0.002997047224586713
Taiwan Credit Card Default,R5_F3,5,3,marriage,1,1,0.0016009636177702902,0.002254338827677671,0.0017705734952154772,0.0005347593582888388,0.0003890416957268994,0.0011444387778669074
Taiwan Credit Card Default,R5_F3,5,3,marriage,2,1,0.0009652345786800298,0.0014393839921470475,0.0027133826714751397,-7.146292860582548e-05,0.00012153943831619274,0.00044165036251608836
Taiwan Credit Card Default,R5_F3,5,3,marriage,3,1,0.0009337068160597539,-0.000759499471920555,0.0004085394983944224,-5.707333438431661e-05,-6.46391668714108e-05,-8.115689926813108e-05
Taiwan Credit Card Default,R5_F3,5,3,marriage,4,1,0.0022673311748941938,-8.249086824441143e-05,0.0011157151549692212,0.0001568304089312189,-4.5612538089601085e-05,0.00034421716682547787
Taiwan Credit Card Default,R5_F3,5,3,marriage,5,1,0.0016427581133463542,0.0008929215541212399,0.0021739538959706373,0.0004776860239045222,2.3922622218952583e-05,0.00023222747309292746
Taiwan Credit Card Default,R5_F3,5,3,pay_0,1,1,0.08281179138322003,0.19602496704578343,0.1889486082228201,0.0889609985408305,0.03025144578199679,0.0708845930966715
Taiwan Credit Card Default,R5_F3,5,3,pay_0,2,1,0.08083435394359773,0.19289209510919497,0.17723381623679738,0.08286425681383669,0.02874826265243574,0.06821999694146375
Taiwan Credit Card Default,R5_F3,5,3,pay_0,3,1,0.08232723392387264,0.19158081417536377,0.17368205774593445,0.08119571060747532,0.02857801322926634,0.06807473282130949
Taiwan Credit Card Default,R5_F3,5,3,pay_0,4,1,0.07504917118362509,0.1792810356539959,0.1759539203033059,0.08227242412116365,0.02670497382775519,0.06330571863512607
Taiwan Credit Card Default,R5_F3,5,3,pay_0,5,1,0.08900279303640657,0.18941119697148318,0.1947842388134666,0.09126406118002761,0.029275657378459802,0.07021158857586751
Taiwan Credit Card Default,R5_F3,5,3,pay_2,1,1,0.008802389642725728,0.01405172997569315,0.015744133320484133,0.010489448304574434,0.001890121109988041,0.005528628837973226
Taiwan Credit Card Default,R5_F3,5,3,pay_2,2,1,0.005200464023993434,0.009708425065727333,0.018361928021447482,0.01091006099409464,0.0011602125327930535,0.0036341485714495025
Taiwan Credit Card Default,R5_F3,5,3,pay_2,3,1,0.008180969357439949,0.008946956472734136,0.023076475385986617,0.014646666747507142,0.00179766240674048,0.00498225731520463
Taiwan Credit Card Default,R5_F3,5,3,pay_2,4,1,0.0075334376174712725,0.015293471911977385,0.01817391420102965,0.012657264926172473,0.001789880183493825,0.005265978219822054
Taiwan Credit Card Default,R5_F3,5,3,pay_2,5,1,0.005614690320572713,0.01328202519510735,0.02116113875277542,0.011929701173398755,0.0013554262013963647,0.0038986157939783217
Taiwan Credit Card Default,R5_F3,5,3,pay_3,1,1,0.0050572148051140076,0.008496125635116702,0.012039897391530552,0.0074017485782191805,0.0011416896952527178,0.0032943744388115315
Taiwan Credit Card Default,R5_F3,5,3,pay_3,2,1,0.007124870150080231,0.005542722690501378,0.013614858443233402,0.008592608760676024,0.00120221488794639,0.003359350865044408
Taiwan Credit Card Default,R5_F3,5,3,pay_3,3,1,0.0027352355083447577,0.007893324456244133,0.009413863023968183,0.006981135888698975,0.0011934826049605218,0.002881318918278253
Taiwan Credit Card Default,R5_F3,5,3,pay_3,4,1,0.0026943302573555483,0.010542017599776798,0.01239678155089502,0.007508700449876948,0.0010562070395550016,0.0025785565022463652
Taiwan Credit Card Default,R5_F3,5,3,pay_3,5,1,0.0033867284287453225,0.009081727631694125,0.011876378989961522,0.007893824196345212,0.001266565877478143,0.00287280763561798
Taiwan Credit Card Default,R5_F3,5,3,pay_4,1,1,0.002756739059260105,0.010327239116651787,0.008737183072693222,0.005512103831431636,0.0006533989837065601,0.0018247285292715132
Taiwan Credit Card Default,R5_F3,5,3,pay_4,2,1,0.0016204461582612906,0.005525153772836466,0.011227533609002416,0.0062607669330358995,0.0005462570246695941,0.0014164126448522607
Taiwan Credit Card Default,R5_F3,5,3,pay_4,3,1,0.00110452261712779,0.009240238590443761,0.010664654772922888,0.005554787571594333,0.000358591446260742,0.0010004190012999348
Taiwan Credit Card Default,R5_F3,5,3,pay_4,4,1,0.002255609314432805,0.01065566774108484,0.004946752303453317,0.002752454517160441,0.0005822666645629859,0.00150266855176584
Taiwan Credit Card Default,R5_F3,5,3,pay_4,5,1,0.0016657976321841073,0.013694451373585492,0.008184267780702525,0.00480612446999007,0.0006679092304580081,0.0019047861501479968
Taiwan Credit Card Default,R5_F3,5,3,pay_5,1,1,0.000758687313309192,0.0010245225666745128,0.008626475809248413,0.005840154243515583,0.0004584181541301413,0.0010896586371548223
Taiwan Credit Card Default,R5_F3,5,3,pay_5,2,1,0.0007885982675899239,0.004237356277978166,0.011682663526189796,0.007294796706561524,0.0004224790647652521,0.0010094033410224523
Taiwan Credit Card Default,R5_F3,5,3,pay_5,3,1,0.001051491303592278,0.0021451670233822995,0.010967143614463604,0.007080892963245988,0.0004981297903029203,0.0009586619714714306
Taiwan Credit Card Default,R5_F3,5,3,pay_5,4,1,0.00017097748190197937,0.00487809183035437,0.004850746531476491,0.0041716080371543285,0.0003272336668979081,0.0008161599766152716
Taiwan Credit Card Default,R5_F3,5,3,pay_5,5,1,0.0016321680187226795,0.004317879346642628,0.007490381025212267,0.005683323834584364,0.0006171068466469254,0.0015582389108758643
Taiwan Credit Card Default,R5_F3,5,3,pay_6,1,1,0.0010036337767430625,0.005391164549934158,0.01224195555176899,0.006745647754051065,0.0002975034630645357,0.0008294802208835828
Taiwan Credit Card Default,R5_F3,5,3,pay_6,2,1,0.0025459880922067413,0.005747263091350874,0.011682663526189796,0.007294796706561524,0.0005577716582111369,0.0015579206900865339
Taiwan Credit Card Default,R5_F3,5,3,pay_6,3,1,-0.0003113972861871206,0.005014998960748751,0.005028389384297838,0.0036795324190281864,0.000254015280509029,0.0005308605201680416
Taiwan Credit Card Default,R5_F3,5,3,pay_6,4,1,0.0023259404772010273,0.004293365814712846,0.006947923044734683,0.004977344473142908,0.0004916037563409137,0.0014809274637900827
Taiwan Credit Card Default,R5_F3,5,3,pay_6,5,1,0.0013665264085431783,0.005699886586291281,0.009806551715480671,0.0058329594464048284,0.0002895241588137254,0.0009361149607234887
Taiwan Credit Card Default,R5_F3,5,3,limit_bal,1,1,0.018861201046075027,0.011591302789567992,0.018959059837107217,0.012707143463446036,0.0020769878585628343,0.007447310092628778
Taiwan Credit Card Default,R5_F3,5,3,limit_bal,2,1,0.018453441982853813,0.01373702260559495,0.021029075472025816,0.014768008213386419,0.0023368555362665855,0.007917080435443813
Taiwan Credit Card Default,R5_F3,5,3,limit_bal,3,1,0.01848763747923421,0.013557360712748157,0.02462555497201735,0.01709265524391579,0.0022702451597376994,0.007967387014159943
Taiwan Credit Card Default,R5_F3,5,3,limit_bal,4,1,0.009201660462164862,0.012306178324091088,0.01641371203640607,0.011958480361841772,0.0018353921901965164,0.00500535027540755
Taiwan Credit Card Default,R5_F3,5,3,limit_bal,5,1,0.01629492200920779,0.01758648028406118,0.01191989383415365,0.009912005206122898,0.0024882772640502926,0.008340091800476568
Taiwan Credit Card Default,R5_F3,5,3,age,1,1,0.0011359695393309277,0.0004098981588398498,0.005249025821236708,0.003023431594860182,0.00030809641365669993,0.0007623300351188855
Taiwan Credit Card Default,R5_F3,5,3,age,2,1,0.0018759827163189469,0.005530908224466002,0.005570288092306974,0.004385511780469864,0.0007384030373479289,0.0019425015002363932
Taiwan Credit Card Default,R5_F3,5,3,age,3,1,0.0008586060686901487,-0.0007397409446840975,0.0037121225266623092,0.0029236745203131687,0.00022802842170432935,0.00038548092485274355
Taiwan Credit Card Default,R5_F3,5,3,age,4,1,0.0008064639997413803,0.0019306056797021576,0.0016652635649629377,0.0008628097703728965,0.00043144233626518647,0.0008232991955975377
Taiwan Credit Card Default,R5_F3,5,3,age,5,1,0.0016991847243948976,0.002923794992123807,0.010911630529414962,0.007244918169287962,0.0006499719850305286,0.0013928694928500018
Taiwan Credit Card Default,R5_F3,5,3,bill_amt1,1,1,0.015830412973270258,0.01763907979123225,0.015618089210259867,0.01190860182456821,0.0025354625336269365,0.009478380472627834
Taiwan Credit Card Default,R5_F3,5,3,bill_amt1,2,1,0.01159890218713755,0.013128326576793303,0.008001001797454443,0.009334562107671363,0.0019231108285045484,0.007010093971066056
Taiwan Credit Card Default,R5_F3,5,3,bill_amt1,3,1,0.013366558744710044,0.016996271764991633,0.009383450730312326,0.010853472702212263,0.0023306139812004356,0.007943253466791811
Taiwan Credit Card Default,R5_F3,5,3,bill_amt1,4,1,0.01479791916766704,0.015737743157987816,0.010526981924497636,0.01024725041531771,0.0020516577770216815,0.007742604373315254
Taiwan Credit Card Default,R5_F3,5,3,bill_amt1,5,1,0.01342945258911643,0.012630268394787092,0.01104115769891112,0.010953229776759277,0.0021333447982589404,0.007793841266084012
Taiwan Credit Card Default,R5_F3,5,3,bill_amt2,0,0,0.0,0.0,0.0,0.0,0.0,0.0
Taiwan Credit Card Default,R5_F3,5,3,bill_amt3,0,0,0.0,0.0,0.0,0.0,0.0,0.0
Taiwan Credit Card Default,R5_F3,5,3,bill_amt4,0,0,0.0,0.0,0.0,0.0,0.0,0.0
Taiwan Credit Card Default,R5_F3,5,3,bill_amt5,0,0,0.0,0.0,0.0,0.0,0.0,0.0
Taiwan Credit Card Default,R5_F3,5,3,bill_amt6,0,0,0.0,0.0,0.0,0.0,0.0,0.0
Taiwan Credit Card Default,R5_F3,5,3,pay_amt1,1,1,0.003980339610591632,0.005176543344585505,0.010001021845627178,0.010468348955744,0.0008576798104487082,0.0026262805759089125
Taiwan Credit Card Default,R5_F3,5,3,pay_amt1,2,1,0.0016170508607483702,0.004472875506168483,0.005465865158966299,0.008421873800025126,0.0005137914769033358,0.001787909166184154
Taiwan Credit Card Default,R5_F3,5,3,pay_amt1,3,1,0.0021567414844726462,0.004157406279992504,0.009759021883852415,0.01096042457386992,0.0007483473722962042,0.002361967684866517
Taiwan Credit Card Default,R5_F3,5,3,pay_amt1,4,1,0.004378236142942082,0.00787050480299234,0.009841005828870153,0.010796399367827947,0.001006402406251522,0.003188394019251306
Taiwan Credit Card Default,R5_F3,5,3,pay_amt1,5,1,0.006260686092618872,0.007142472841660585,0.013315954629791127,0.013285071604399401,0.001085483656716263,0.003588054654895312
Taiwan Credit Card Default,R5_F3,5,3,pay_amt2,1,1,0.005933686605955502,0.0033200171271065004,0.0032639617160168943,0.006853084668210774,0.0007150319067066868,0.0023682740146448444
Taiwan Credit Card Default,R5_F3,5,3,pay_amt2,2,1,0.0069214756609714545,0.005959474740517834,0.008974182085282834,0.009056390232860867,0.0010511336847139063,0.0029976833440141237
Taiwan Credit Card Default,R5_F3,5,3,pay_amt2,3,1,0.007167877251910815,0.005834081904113386,0.01221862077604735,0.01018298228382264,0.0011491242543902325,0.004026988411258203
Taiwan Credit Card Default,R5_F3,5,3,pay_amt2,4,1,0.005833201967655799,-0.0010603035543446104,0.0050636428839292424,0.006624791330673729,0.00042852432673731733,0.0019230167902269946
Taiwan Credit Card Default,R5_F3,5,3,pay_amt2,5,1,0.004813642628768711,-0.0018969700611676243,0.003955488055874978,0.006303935715700426,0.0004813368073755264,0.0018266833119964243
Taiwan Credit Card Default,R5_F3,5,3,pay_amt3,1,1,0.0019881083746630113,0.0031192597507664344,0.005126673370020429,0.0073878440264995016,0.0003704321809245015,0.0010793399470415133
Taiwan Credit Card Default,R5_F3,5,3,pay_amt3,2,1,0.0002899745756889116,0.0052092021348603135,0.004010207399363419,0.007066988411526309,0.0004075124704494282,0.0008616683656541002
Taiwan Credit Card Default,R5_F3,5,3,pay_amt3,3,1,0.0024278802430064417,0.0021903804048787334,0.010427295675809911,0.011338353523227429,0.0006303063571382328,0.0013072219322857737
Taiwan Credit Card Default,R5_F3,5,3,pay_amt3,4,1,0.0011585240156668508,0.0018898615089433246,0.0010158583796503473,0.006211373438264278,0.0001569321157943726,0.00047067448058740746
Taiwan Credit Card Default,R5_F3,5,3,pay_amt3,5,1,0.00019054086280978488,0.0003012768300133528,0.010450060231403713,0.009484197719491938,6.246040668358988e-05,-0.00014670591217147422
Taiwan Credit Card Default,R5_F3,5,3,pay_amt4,1,1,0.002333943678481498,0.0042062376315868955,0.00459276632363631,0.0076089425669257915,0.000482437505815031,0.001565220715900928
Taiwan Credit Card Default,R5_F3,5,3,pay_amt4,2,1,0.003317933233899728,0.003518186486219488,0.013639704870989366,0.01170189287836354,0.000870386240265808,0.002143169997010974
Taiwan Credit Card Default,R5_F3,5,3,pay_amt4,3,1,0.005035468732947912,0.0004271628502675595,0.0042190102092639625,0.007501990695268024,0.0004515809579890562,0.0015972531226947084
Taiwan Credit Card Default,R5_F3,5,3,pay_amt4,4,1,0.0021548013144652156,0.004093914034845825,0.010526981924497636,0.01024725041531771,0.0006063809070600557,0.0014228811983026945
Taiwan Credit Card Default,R5_F3,5,3,pay_amt4,5,1,0.00426627216543185,0.005249566072290768,0.01214958698936408,0.010347007489864724,0.0008781364587122087,0.002737583820312084
Taiwan Credit Card Default,R5_F3,5,3,pay_amt5,1,1,0.000939123123997132,0.0009672922949084395,0.014841644288227762,0.010767620179384929,0.0004859109290987207,0.0008862632080594568
Taiwan Credit Card Default,R5_F3,5,3,pay_amt5,2,1,0.0011162444775889568,-0.0003295401567021683,0.006168400884830005,0.006945646945647033,0.0003118523852539967,0.0006696098167549569
Taiwan Credit Card Default,R5_F3,5,3,pay_amt5,3,1,-0.0003234425083163961,-0.0006242037286421365,0.006903030389252218,0.007159550688962457,1.3220406767378012e-05,-0.000183090210633452
Taiwan Credit Card Default,R5_F3,5,3,pay_amt5,4,1,0.0023449379751900867,0.0031775324496651214,0.008382848639861273,0.008514436077461274,0.0006566177790086891,0.0014917513086341039
Taiwan Credit Card Default,R5_F3,5,3,pay_amt5,5,1,0.0027058095965658557,0.0015736446821721373,0.008526681461581309,0.008186385665377216,0.0007381074054246539,0.0016569832027372167
Taiwan Credit Card Default,R5_F3,5,3,pay_amt6,1,1,0.0018807523009204408,0.0025789484165709142,-0.0012588505821344853,0.0031164789147982708,0.0003681493201486419,0.0009448689199423876
Taiwan Credit Card Default,R5_F3,5,3,pay_amt6,2,1,0.0012866560765721902,0.003518350853401464,0.009227948997603985,0.007473211506825006,0.0003584676786479446,0.0009730016035287559
Taiwan Credit Card Default,R5_F3,5,3,pay_amt6,3,1,0.001646395932110245,0.005301362726819692,0.008202078149305014,0.006988330685809729,0.0007664512422572156,0.001958126605194066
Taiwan Credit Card Default,R5_F3,5,3,pay_amt6,4,1,0.004319060957716503,0.005887551266747004,0.008136665468058801,0.007152355891851703,0.0009865190513563271,0.0026054601385535614
Taiwan Credit Card Default,R5_F3,5,3,pay_amt6,5,1,0.00127105387609594,0.004263374849427293,0.004066749090819444,0.004121729499880766,0.0005506750544937156,0.0013935832373725976
Taiwan Credit Card Default,R5_F4,5,4,sex,1,1,0.0011088840458720606,0.0020625146178578913,-0.0004571065175725808,4.916862783355125e-05,0.00018732827491330095,0.0006505172309455021
Taiwan Credit Card Default,R5_F4,5,4,sex,2,1,0.0035349613647744915,0.0020236395381637573,0.0041067935179267545,0.0026475353687391845,0.0003847691934524,0.001512870234596786
Taiwan Credit Card Default,R5_F4,5,4,sex,3,1,0.002530789761322483,0.0014331260734492535,0.0010193431735133762,0.00047853745565662464,0.00033517983012584796,0.0011196447424777767
Taiwan Credit Card Default,R5_F4,5,4,sex,4,1,0.002848911580303537,0.0023871063343640087,0.00532658874501446,0.0035464367009301334,0.00027433584856415005,0.0011304116797541952
Taiwan Credit Card Default,R5_F4,5,4,sex,5,1,0.001465974193881503,0.001792284388389409,0.0022518414286132327,0.0021108243339603705,0.00023323942834885258,0.0007257814141148344
Taiwan Credit Card Default,R5_F4,5,4,education,1,1,0.005064129597346367,0.0032401520085757474,0.0033659466679828443,0.0024328509548277033,0.0007291639335062494,0.002578575368024305
Taiwan Credit Card Default,R5_F4,5,4,education,2,1,0.003621106075776148,0.005059042607176045,0.009877616009341006,0.00541141789572297,0.0008567242199079284,0.0025071145451104893
Taiwan Credit Card Default,R5_F4,5,4,education,3,1,0.0038942828281475217,0.005145170815003874,0.0021602899451416135,0.0022673351687495513,0.0005805753999109098,0.0020945834797225227
Taiwan Credit Card Default,R5_F4,5,4,education,4,1,0.005551592314457343,0.0036107839403821673,0.006522272031789789,0.0037119524870081744,0.0005854719141668574,0.002458394471528458
Taiwan Credit Card Default,R5_F4,5,4,education,5,1,0.0005932908172128215,0.0005037310543475337,0.006721842572892378,0.004132316363542499,0.00013518532181897025,0.00042083137064991005
Taiwan Credit Card Default,R5_F4,5,4,marriage,1,1,0.003117705391782355,0.0032464621662255944,0.001953319740885251,0.00111358574610243,0.0005165015726883715,0.0016646418029869214
Taiwan Credit Card Default,R5_F4,5,4,marriage,2,1,0.002375553963883892,0.0008693001946759038,0.0002943657504932973,0.0009972385878579404,0.00025531187249039355,0.0009626103587086488
Taiwan Credit Card Default,R5_F4,5,4,marriage,3,1,0.0021819873560920966,0.0019762612148006564,-0.005189322816213149,-0.0022361764434936093,0.00015385002221451893,0.0008407523711753684
Taiwan Credit Card Default,R5_F4,5,4,marriage,4,1,0.002159116373615211,0.0013982254158082519,-0.0035192765879133447,-0.0013864437391363227,0.0003587166059370317,0.0010493662105700574
Taiwan Credit Card Default,R5_F4,5,4,marriage,5,1,0.004790713775471689,0.005675376679906918,0.0056672336231088916,0.002920393361773077,0.00091700365532979,0.0026866590058284845
Taiwan Credit Card Default,R5_F4,5,4,pay_0,1,1,0.08622750873958418,0.19748241764697372,0.2033867968152589,0.09564931755219608,0.03026749360943473,0.07236211902103235
Taiwan Credit Card Default,R5_F4,5,4,pay_0,2,1,0.08172814099873038,0.20099951533616645,0.20428830196880854,0.0959713441730633,0.029679666622487666,0.07007820486118926
Taiwan Credit Card Default,R5_F4,5,4,pay_0,3,1,0.07712159043058964,0.18341457081693846,0.17884849382274862,0.08452660891384989,0.02747799272868756,0.06467782306675562
Taiwan Credit Card Default,R5_F4,5,4,pay_0,4,1,0.0748320217980385,0.18332616690335612,0.1732402644104604,0.08171355775903255,0.026884647618838603,0.0634022549563304
Taiwan Credit Card Default,R5_F4,5,4,pay_0,5,1,0.07904689683003396,0.19615381918681923,0.20692207328395948,0.09827884301835765,0.02915498420997606,0.06789499663933357
Taiwan Credit Card Default,R5_F4,5,4,pay_2,1,1,0.005446082973692978,0.0067240332373291745,-0.0014984114476113697,0.006121932459358992,0.0014610947537864183,0.00394969061118422
Taiwan Credit Card Default,R5_F4,5,4,pay_2,2,1,0.005449589326407378,0.00853810384584519,0.012513871105352459,0.011296512167203288,0.0016831730405543477,0.0047342814966315205
Taiwan Credit Card Default,R5_F4,5,4,pay_2,3,1,0.00783239506522282,0.0170589337623126,0.0052320405032050266,0.009100499400254258,0.002256317836559024,0.006047677030144583
Taiwan Credit Card Default,R5_F4,5,4,pay_2,4,1,0.006444915358239323,0.012439737190950595,0.013284455256066141,0.01151119658111488,0.001988436335036259,0.00532411454047782
Taiwan Credit Card Default,R5_F4,5,4,pay_2,5,1,0.007313773622856012,0.014117576371464269,0.007540652521795421,0.009167677930665419,0.002044078799844695,0.005764897594309426
Taiwan Credit Card Default,R5_F4,5,4,pay_3,1,1,0.007122916469434415,0.012056582109493674,0.002652836014798321,0.004995197890578118,0.0019581950058409903,0.005217886271788819
Taiwan Credit Card Default,R5_F4,5,4,pay_3,2,1,0.007916069391357805,0.012479680144875216,0.0007505832496277343,0.002414841052250094,0.0019132914593876782,0.005084686081803791
Taiwan Credit Card Default,R5_F4,5,4,pay_3,3,1,0.005704278037194754,0.008847355651738442,0.006273090707086093,0.005648256083601644,0.0014319268016822206,0.003799551084576358
Taiwan Credit Card Default,R5_F4,5,4,pay_3,4,1,0.00909268979648159,0.014965053675038864,0.005712852664748136,0.005120550000111579,0.0020734567757329514,0.005812408926148482
Taiwan Credit Card Default,R5_F4,5,4,pay_3,5,1,0.005091463210550318,0.012369692672924537,0.005697688053966643,0.005853935546224376,0.001707623562754057,0.0043041445736914374
Taiwan Credit Card Default,R5_F4,5,4,pay_4,1,1,0.0023784227979227746,0.008920782919231818,0.0016937085872947844,0.0023165037965831026,0.0006945480360337208,0.00204108724738733
Taiwan Credit Card Default,R5_F4,5,4,pay_4,2,1,0.0021959330771146313,0.006098447519357841,0.0038413878321575945,0.003850453419219857,0.00046573741141203717,0.0014590954285144675
Taiwan Credit Card Default,R5_F4,5,4,pay_4,3,1,0.0031444811761454083,0.007326878367799994,0.0033751177348785855,0.0031662365009405002,0.0006405681158773435,0.0019411634352092255
Taiwan Credit Card Default,R5_F4,5,4,pay_4,4,1,0.002778067317509514,0.008604697019513274,0.007120843980417457,0.005706429662723944,0.0007019313638012281,0.002121987554964233
Taiwan Credit Card Default,R5_F4,5,4,pay_4,5,1,0.0014780870487124398,0.005550148203966709,0.0038400323172245177,0.003117067873106949,0.00033965901220286976,0.0011676115559787204
Taiwan Credit Card Default,R5_F4,5,4,pay_5,1,1,0.0017043264886139609,0.010219052972433862,0.006276220198426663,0.004914870537488847,0.0005696234970790359,0.0016171411712620487
Taiwan Credit Card Default,R5_F4,5,4,pay_5,2,1,0.002096480163765735,0.008505631853395479,0.00693219241468751,0.00528606578618962,0.0006419922696264402,0.0017007011990570753
Taiwan Credit Card Default,R5_F4,5,4,pay_5,3,1,0.0036192732095846614,0.008209729028845869,0.0038413878321575945,0.003850453419219857,0.0006123628475392384,0.0021423965614175144
Taiwan Credit Card Default,R5_F4,5,4,pay_5,4,1,0.0029592820009671783,0.0074787390192799785,0.010569400614282132,0.006515998690536651,0.0005098467112710781,0.0017725156433648914
Taiwan Credit Card Default,R5_F4,5,4,pay_5,5,1,0.0034754330584670923,0.011828640279881397,0.007679675987686485,0.005500750200101101,0.0008812563550950336,0.0025256552910488117
Taiwan Credit Card Default,R5_F4,5,4,pay_6,1,1,0.0021721058166246365,0.00541596730383731,0.0069190246721838045,0.004552680240076712,0.0004594857130582053,0.001343542844980783
Taiwan Credit Card Default,R5_F4,5,4,pay_6,2,1,0.00363170482375319,0.007343925699447529,0.004121506868167313,0.0033809209148520925,0.0006417877590502996,0.0022633038958482787
Taiwan Credit Card Default,R5_F4,5,4,pay_6,3,1,0.0014084381334346086,0.003968894774220466,0.004775902228650486,0.0037521161635528655,0.0003043310404680366,0.0011332589569186258
Taiwan Credit Card Default,R5_F4,5,4,pay_6,4,1,0.0017405056734379754,0.0059621824434228365,0.002067423620717157,0.002423846003538843,0.0004147405564026707,0.001328506497802584
Taiwan Credit Card Default,R5_F4,5,4,pay_6,5,1,0.0023906153425881094,0.006147505336392856,0.007574183940928625,0.004923875488777596,0.0005642010446364198,0.001872881978197516
Taiwan Credit Card Default,R5_F4,5,4,limit_bal,1,1,0.014013935520723608,0.011726265262584912,0.014437189162795128,0.011833223201982102,0.0018559807530381944,0.006305229032725679
Taiwan Credit Card Default,R5_F4,5,4,limit_bal,2,1,0.020146785487397234,0.013960545056535323,0.0074636335486530925,0.009901063476778216,0.0022566326603978837,0.008094625335114625
Taiwan Credit Card Default,R5_F4,5,4,limit_bal,3,1,0.018377830543073403,0.014966145054955526,0.01074231604097664,0.011180165008958687,0.0023706683497991543,0.008293312036502742
Taiwan Credit Card Default,R5_F4,5,4,limit_bal,4,1,0.018239648370199424,0.015373961296016536,0.020993286813690337,0.015701686523779568,0.0025417903917219486,0.008703937214970148
Taiwan Credit Card Default,R5_F4,5,4,limit_bal,5,1,0.01734656439592075,0.015212199224156842,0.021477887729122125,0.015652517895946128,0.0026346904857333375,0.008709266465772192
Taiwan Credit Card Default,R5_F4,5,4,age,1,1,0.0017774020667717938,0.00233114198352391,0.007023650805226933,0.005129554951400328,0.00043171463033780944,0.0012639888814902078
Taiwan Credit Card Default,R5_F4,5,4,age,2,1,0.0014681258194106928,0.003466889982873922,0.009092552781027385,0.006820015408826374,0.0006024168430694143,0.001486649006667562
Taiwan Credit Card Default,R5_F4,5,4,age,3,1,0.0020991896181357106,0.004865033977256905,0.007870764755729842,0.005921114076635425,0.0007490148483468295,0.0019404328170806173
Taiwan Credit Card Default,R5_F4,5,4,age,4,1,0.00039860855173912135,-0.0005991098759937641,0.00768338471720692,0.006234135746214009,0.0002655047934818078,0.0004900008284117741
Taiwan Credit Card Default,R5_F4,5,4,age,5,1,0.003322667645895283,0.003940470880421043,0.005697279172595604,0.003653778907885874,0.0009960646825726838,0.0024877690038707656
Taiwan Credit Card Default,R5_F4,5,4,bill_amt1,1,1,0.02043239385393736,0.017013592894117857,0.009093441194438778,0.01148418172724841,0.0030300325558826058,0.010488534012168815
Taiwan Credit Card Default,R5_F4,5,4,bill_amt1,2,1,0.016795270121443995,0.019150894407779506,0.007309385682175262,0.009480699600243891,0.0027918903814899143,0.009189042605272646
Taiwan Credit Card Default,R5_F4,5,4,bill_amt1,3,1,0.017815539071447617,0.008916524081528654,0.0066802112503279165,0.009686379062866624,0.0022707472537805695,0.008581575627483351
Taiwan Credit Card Default,R5_F4,5,4,bill_amt1,4,1,0.017650421734541677,0.015084938619416288,0.014506727795848884,0.013720358170742242,0.002764601386150728,0.009388065042868265
Taiwan Credit Card Default,R5_F4,5,4,bill_amt1,5,1,0.01669063736885834,0.01293204290721539,0.007244046222134259,0.010790959857680305,0.002170910251841046,0.00797711477168278
Taiwan Credit Card Default,R5_F4,5,4,bill_amt2,0,0,0.0,0.0,0.0,0.0,0.0,0.0
Taiwan Credit Card Default,R5_F4,5,4,bill_amt3,0,0,0.0,0.0,0.0,0.0,0.0,0.0
Taiwan Credit Card Default,R5_F4,5,4,bill_amt4,0,0,0.0,0.0,0.0,0.0,0.0,0.0
Taiwan Credit Card Default,R5_F4,5,4,bill_amt5,0,0,0.0,0.0,0.0,0.0,0.0,0.0
Taiwan Credit Card Default,R5_F4,5,4,bill_amt6,0,0,0.0,0.0,0.0,0.0,0.0,0.0
Taiwan Credit Card Default,R5_F4,5,4,pay_amt1,1,1,0.008907889070475461,0.011757545061545138,0.009365514209110803,0.009860899800233525,0.0015041332862543166,0.005694901355368043
Taiwan Credit Card Default,R5_F4,5,4,pay_amt1,2,1,0.006346020273731323,0.009067881507866082,0.0038810847635059598,0.007781234191529096,0.0012485435897127695,0.00453960916862961
Taiwan Credit Card Default,R5_F4,5,4,pay_amt1,3,1,0.004328034596863484,0.0062487202631941186,0.014068032523497587,0.013036141252462774,0.0011904736328129106,0.003817195869993517
Taiwan Credit Card Default,R5_F4,5,4,pay_amt1,4,1,0.006739927125240186,0.007394886301662074,0.00919968428975293,0.0094405359236992,0.0013329022734422102,0.00441407026123819
Taiwan Credit Card Default,R5_F4,5,4,pay_amt1,5,1,0.010296325055471955,0.013694251031776572,0.007309385682175262,0.009480699600243891,0.0018775722525151417,0.00683351656622061
Taiwan Credit Card Default,R5_F4,5,4,pay_amt2,1,1,0.003332708565031428,-0.00011531283498189548,0.013842076312284513,0.012038902664604945,0.00040459648104246293,0.0018476358773076296
Taiwan Credit Card Default,R5_F4,5,4,pay_amt2,2,1,0.003158825346339933,0.0034725539829935093,0.0031440994001241673,0.006256289520181091,0.0007989697738217949,0.0028515872361919437
Taiwan Credit Card Default,R5_F4,5,4,pay_amt2,3,1,0.00572244731944116,0.00599668153850097,0.00853792413985599,0.009069340674998427,0.0012126071147689765,0.003912345828400887
Taiwan Credit Card Default,R5_F4,5,4,pay_amt2,4,1,0.0077256903769424845,0.003807567185356353,0.0028292697369157738,0.0073026967358724715,0.0009485672978279125,0.0039016292252517792
Taiwan Credit Card Default,R5_F4,5,4,pay_amt2,5,1,0.00515043368801682,0.004774139839832214,0.001385813670736591,0.006716817073260106,0.0009850942110071204,0.003276738803434709
Taiwan Credit Card Default,R5_F4,5,4,pay_amt3,1,1,0.008460271270571584,0.010131154748425741,0.007928569656653173,0.00927502013762116,0.0013358621355070155,0.004440157349218543
Taiwan Credit Card Default,R5_F4,5,4,pay_amt3,2,1,0.009146878883883325,0.010727861229017921,0.003962179416710676,0.007047848645416299,0.001240211507998662,0.004329672163511378
Taiwan Credit Card Default,R5_F4,5,4,pay_amt3,3,1,0.010406775165969995,0.009413769910492031,0.003846426522108093,0.00720435948020548,0.0013338889506712692,0.004879181964270063
Taiwan Credit Card Default,R5_F4,5,4,pay_amt3,4,1,0.010527744334610567,0.007603920506451867,0.0041515623441333305,0.008045087233274129,0.0012102763994817634,0.004479833359834762
Taiwan Credit Card Default,R5_F4,5,4,pay_amt3,5,1,0.008690415512359384,0.007625339164426204,0.006169136044632817,0.007848412721940146,0.0010758297020858065,0.0038966110981825675
Taiwan Credit Card Default,R5_F4,5,4,pay_amt4,1,1,0.007878615169182979,0.008197588014665746,0.008041105959422756,0.009118509302831868,0.001267956650365193,0.004028644892509203
Taiwan Credit Card Default,R5_F4,5,4,pay_amt4,2,1,0.008884061809985688,0.007428353933973009,0.0041515623441333305,0.008045087233274129,0.0012198468543475338,0.004290980086633256
Taiwan Credit Card Default,R5_F4,5,4,pay_amt4,3,1,0.00929589887423754,0.006134953262191822,0.0020463467854386908,0.00708801232196099,0.0012274958607484399,0.004254414646381488
Taiwan Credit Card Default,R5_F4,5,4,pay_amt4,4,1,0.006744708515305176,0.005779468377761776,0.005624808211303678,0.009207841607209999,0.0011437247638826642,0.0036577724920563437
Taiwan Credit Card Default,R5_F4,5,4,pay_amt4,5,1,0.008514858807145087,0.006714231227938239,0.010524279083420185,0.010182926421100857,0.0012584481148762705,0.004108382362127128
Taiwan Credit Card Default,R5_F4,5,4,pay_amt5,1,1,0.0036167231348833706,0.007948101045050948,0.002864429802777513,0.004682176220999645,0.0009719511492496669,0.0027845958631972367
Taiwan Credit Card Default,R5_F4,5,4,pay_amt5,2,1,0.0014014254280060312,0.0025094797959394066,0.005239183253737401,0.005169718627945019,0.0003979401267002469,0.0013393746958760278
Taiwan Credit Card Default,R5_F4,5,4,pay_amt5,3,1,0.0015360215583315462,0.002780955408656638,0.005389960807064165,0.006323468050592251,0.0005323886568923408,0.0015799460847533142
Taiwan Credit Card Default,R5_F4,5,4,pay_amt5,4,1,0.00130013964846587,0.006291374723088383,0.0036923120388937525,0.005473735346234743,0.0006888937787606908,0.0016881759676968255
Taiwan Credit Card Default,R5_F4,5,4,pay_amt5,5,1,0.0025437792043321306,0.002050328444793581,0.006532653872244942,0.006645494671459584,0.0005612668323321801,0.0016431223925187366
Taiwan Credit Card Default,R5_F4,5,4,pay_amt6,1,1,0.005452617540115057,0.003917281549875695,-0.005433430801896566,0.0008538765757469813,0.0006474169938559815,0.0024011848561453775
Taiwan Credit Card Default,R5_F4,5,4,pay_amt6,2,1,0.0045463847431580495,0.0041730322747627335,0.007816266794980098,0.008121270714973927,0.0008372362067750327,0.0026667722670937755
Taiwan Credit Card Default,R5_F4,5,4,pay_amt6,3,1,0.005277220214569667,0.004357311487069748,0.012104500291044817,0.009145524156698226,0.0008909443831291719,0.0028214562465714854
Taiwan Credit Card Default,R5_F4,5,4,pay_amt6,4,1,0.007099806417454335,0.009217510949405039,0.008788556207240228,0.008022933459307047,0.0011731881289789026,0.003800163676111745
Taiwan Credit Card Default,R5_F4,5,4,pay_amt6,5,1,0.00415702021221076,0.005536753224935964,0.007432731746080279,0.008013928508018187,0.0008254541236588087,0.002525981199761773
Taiwan Credit Card Default,R5_F5,5,5,sex,1,1,0.002047794311592299,0.0014332119026080337,-0.004950786688798503,-0.002768320544087488,0.00034513789385162696,0.000950522729743275
Taiwan Credit Card Default,R5_F5,5,5,sex,2,1,-0.000640260356854605,0.0003642897558359115,-0.006524772276981283,-0.003969062333878504,0.00010511965346426955,-8.770260598878199e-05
Taiwan Credit Card Default,R5_F5,5,5,sex,3,1,-0.0002338179855619904,0.00012716816594404712,0.002891476874937682,0.0003534457921284817,0.0001353754952941877,5.486308665514361e-05
Taiwan Credit Card Default,R5_F5,5,5,sex,4,1,0.0011054615693641967,0.0009031098047442843,-0.0038607382075206975,-0.002614930751407063,0.0001928751508890325,0.0006270317699055283
Taiwan Credit Card Default,R5_F5,5,5,sex,5,1,0.0002543511165397083,-0.0030732245007248915,-0.004398210366022559,-0.003495501783460697,-0.0003399952056215294,-0.000681316682844213
Taiwan Credit Card Default,R5_F5,5,5,education,1,1,0.0022029695939228544,0.0026482132968324024,-0.002809415709860763,-0.0008537886872999056,0.0004777643542476506,0.001324336561850492
Taiwan Credit Card Default,R5_F5,5,5,education,2,1,0.0018591005190093934,0.004100943750866337,-0.003868487831295786,-0.001173959445037398,0.0004499784814218921,0.0011459719371706978
Taiwan Credit Card Default,R5_F5,5,5,education,3,1,0.001574477237035965,0.0016945317090231171,0.0014525697842742158,0.0017010846849625505,0.0003154673744232561,0.0008454453361599334
Taiwan Credit Card Default,R5_F5,5,5,education,4,1,0.0013271869204766196,-0.0012645670146284038,-0.004222189284622757,-0.0012806830309498585,0.0003018565087048175,0.0008753826569431467
Taiwan Credit Card Default,R5_F5,5,5,education,5,1,0.002369994034841283,0.0013129636576094672,-0.000573993452844479,0.0007271812393733201,0.0003986925274726272,0.00103075212155479
Taiwan Credit Card Default,R5_F5,5,5,marriage,1,1,0.002383141731356786,0.002781826339122828,-0.0002680802319652287,-0.0004402855160268171,0.000367395733504583,0.0013506156228294541
Taiwan Credit Card Default,R5_F5,5,5,marriage,2,1,0.004545207380564853,0.004300435751301013,-0.0001904552254376468,-0.0007738474461410627,0.0005788159413395999,0.0023037632735235514
Taiwan Credit Card Default,R5_F5,5,5,marriage,3,1,0.0035627822798267594,0.0015258215571281042,0.0005745915991606787,-0.0008939622044304985,0.00021187685254769884,0.0013920880432238825
Taiwan Credit Card Default,R5_F5,5,5,marriage,4,1,0.0004308711160526668,0.003554918607695079,0.007847242905568597,0.0031217663362158588,0.0002714682948900815,0.0009441388698787079
Taiwan Credit Card Default,R5_F5,5,5,marriage,5,1,0.0018406775121634356,0.003850898236775868,-0.0025084077209564515,-0.002021255442700043,0.00023123031126931481,0.0011817825344646038
Taiwan Credit Card Default,R5_F5,5,5,pay_0,1,1,0.07236946650380827,0.19491447480076873,0.1702268885809291,0.0798130105384468,0.0286759993405456,0.06517337178808968
Taiwan Credit Card Default,R5_F5,5,5,pay_0,2,1,0.08285313130247407,0.20401410240837242,0.18673007046402418,0.08775762789584107,0.030238280710472104,0.07008659114835847
Taiwan Credit Card Default,R5_F5,5,5,pay_0,3,1,0.07552280354338514,0.18729227017380767,0.16310442911722184,0.07584394820456841,0.02769080588366707,0.06504619016697105
Taiwan Credit Card Default,R5_F5,5,5,pay_0,4,1,0.07647998831315861,0.18375466490161563,0.17019728689811708,0.0800398488826487,0.027743527330239298,0.06515487425880195
Taiwan Credit Card Default,R5_F5,5,5,pay_0,5,1,0.07590051576303292,0.19790178918902745,0.1772999620574173,0.08293477687466266,0.028724514308530597,0.06625094926394304
Taiwan Credit Card Default,R5_F5,5,5,pay_2,1,1,0.0046257978906874,0.011074153736433612,0.004314291073668874,0.0051032540548875405,0.001416850196910402,0.004115553379105186
Taiwan Credit Card Default,R5_F5,5,5,pay_2,2,1,0.005369292012774141,0.012128306788276588,0.010396945310579442,0.009465935698025008,0.001819485352736655,0.004821951989060824
Taiwan Credit Card Default,R5_F5,5,5,pay_2,3,1,0.00455105080123841,0.015602806359730215,0.008717575101989006,0.00732456549703564,0.0015178668531545536,0.0041408079101247774
Taiwan Credit Card Default,R5_F5,5,5,pay_2,4,1,0.003893584816845208,0.008238047177493324,0.010922969150583384,0.009072316388766044,0.0015508126687879265,0.004061301685380936
Taiwan Credit Card Default,R5_F5,5,5,pay_2,5,1,0.0037306183069499843,0.009848285623565323,0.007893064861153265,0.007444680255325076,0.001273173691314633,0.0031560408358807246
Taiwan Credit Card Default,R5_F5,5,5,pay_3,1,1,0.0029504404884125313,0.006465757737109223,0.001971957800862678,0.0025816557170160737,0.0009700982212079157,0.0028593343202318877
Taiwan Credit Card Default,R5_F5,5,5,pay_3,2,1,0.00293737395051763,0.004482202697790094,0.007891152362427878,0.006170489914012478,0.0006639334694955867,0.002065046965806394
Taiwan Credit Card Default,R5_F5,5,5,pay_3,3,1,0.0032896023633389726,0.0026390225090855424,0.0048792766336035465,0.004542853780571399,0.0007578294050299139,0.00240337334917462
Taiwan Credit Card Default,R5_F5,5,5,pay_3,4,1,0.0035746314384147437,0.0034183891222903107,0.006771815589666663,0.006017100121332164,0.0007459414631682537,0.00229163576924174
Taiwan Credit Card Default,R5_F5,5,5,pay_3,5,1,0.00196054879459151,0.005507863142032221,0.0020183008967024074,0.003689065093271604,0.0009360957730296937,0.0023213668207329174
Taiwan Credit Card Default,R5_F5,5,5,pay_4,1,1,0.0012047185621938405,0.007007658596242083,0.008113469572098242,0.0053365850887266975,0.0003544696809484882,0.0010602707939504907
Taiwan Credit Card Default,R5_F5,5,5,pay_4,2,1,0.0013120102584495141,0.005627581683615435,0.009398723131354758,0.006263822327548074,0.00030418915970203964,0.0011157197551788789
Taiwan Credit Card Default,R5_F5,5,5,pay_4,3,1,0.002376405565858053,0.0019940043799144824,0.0058572019877677906,0.0037556151620534717,0.0002726033549093343,0.0010824969720248379
Taiwan Credit Card Default,R5_F5,5,5,pay_4,4,1,0.0011544813761255046,0.001982668263572962,0.004051226932552332,0.0033887781975482367,0.0002718502287291369,0.0008971590573759736
Taiwan Credit Card Default,R5_F5,5,5,pay_4,5,1,8.115862045743327e-07,0.002863504664905814,0.003196939538980703,0.0036756739208947398,3.374158469973687e-05,0.0003162377738486488
Taiwan Credit Card Default,R5_F5,5,5,pay_5,1,1,0.0007557490737771788,0.003463875592255916,0.002534443549739196,0.0032954457840125295,0.0003380009822615826,0.000968702158072432
Taiwan Credit Card Default,R5_F5,5,5,pay_5,2,1,3.6521379209397686e-05,0.0044652565458056515,0.00156671282119758,0.0026417130961607915,0.00018723541297616109,0.00047707291126175555
Taiwan Credit Card Default,R5_F5,5,5,pay_5,3,1,0.001015943610990333,0.004823331744292392,0.003787741356746255,0.0029484926815214196,0.0005450974154199983,0.00140155842952977
Taiwan Credit Card Default,R5_F5,5,5,pay_5,4,1,-0.0008491626459334878,0.0010576509232690379,0.0031459474697683176,0.003842454885951807,7.932402325028232e-05,9.809197761140309e-05
Taiwan Credit Card Default,R5_F5,5,5,pay_5,5,1,0.0006698020947039085,0.002848816723744818,0.005638168786856912,0.004589519987339252,0.0004775344847203211,0.001251284438956335
Taiwan Credit Card Default,R5_F5,5,5,pay_6,1,1,0.0007366767979677391,0.0029909631543069137,-0.0028077176377361845,0.00042040165401269203,-2.371562771899538e-05,0.00019595045485260032
Taiwan Credit Card Default,R5_F5,5,5,pay_6,2,1,0.0019222419257316492,0.005700957768946857,0.0011055635294121569,0.0028685514403626877,0.00040001309767229154,0.0013221545020188352
Taiwan Credit Card Default,R5_F5,5,5,pay_6,3,1,0.0015739902853130205,0.005871185572957849,-0.002130062401001276,0.0019080391671503216,0.0002655230825052979,0.0010306341517309914
Taiwan Credit Card Default,R5_F5,5,5,pay_6,4,1,0.0008744029768981143,0.007240937552621007,-0.0009348204109440039,0.0018946479947733463,0.00026417797345845706,0.0009264864929280359
Taiwan Credit Card Default,R5_F5,5,5,pay_6,5,1,0.0028545109990220086,0.005600231408409595,0.0031459474697683176,0.003842454885951807,0.0006385390564478399,0.001851236078349916
Taiwan Credit Card Default,R5_F5,5,5,limit_bal,1,1,0.014219558415946021,0.009164142251297136,-0.0038259151333615016,0.003088897094927212,0.0013334094984811251,0.005771224888281357
Taiwan Credit Card Default,R5_F5,5,5,limit_bal,2,1,0.01713315289066708,0.010812447328617414,-0.0010931921825938495,0.004443028677398542,0.0016142119359348617,0.006119945413034011
Taiwan Credit Card Default,R5_F5,5,5,limit_bal,3,1,0.016126623679650565,0.010484524651231508,0.003342828662829811,0.006664340119546641,0.0015914938010745394,0.006653835559014554
Taiwan Credit Card Default,R5_F5,5,5,limit_bal,4,1,0.015227142689028583,0.010574452003626833,0.00044459866409191084,0.004703142055991427,0.0015945765100625064,0.006161563897421507
Taiwan Credit Card Default,R5_F5,5,5,limit_bal,5,1,0.01541283361265422,0.01163994324279538,-0.0008855853218808218,0.003942685782227118,0.001811185379365643,0.0063571865588897825
Taiwan Credit Card Default,R5_F5,5,5,age,0,0,0.0,0.0,0.0,0.0,0.0,0.0
Taiwan Credit Card Default,R5_F5,5,5,bill_amt1,1,1,0.023855602582467217,0.015701120984201844,0.0015167535735152171,0.008785826458521884,0.002593204152437689,0.010778305191873505
Taiwan Credit Card Default,R5_F5,5,5,bill_amt1,2,1,0.022218146255949978,0.022637494974310335,-0.0010788463985106356,0.0070981329459361975,0.003049546311804152,0.011094319286235776
Taiwan Credit Card Default,R5_F5,5,5,bill_amt1,3,1,0.02584204097698739,0.017738433611868998,-0.006137565230705744,0.0043298124018488204,0.0030410536504535124,0.011271800541485189
Taiwan Credit Card Default,R5_F5,5,5,bill_amt1,4,1,0.026477512975234263,0.02272246169088432,0.004433203339181735,0.011520871968218271,0.003475240493790638,0.012524331125985333
Taiwan Credit Card Default,R5_F5,5,5,bill_amt1,5,1,0.020833742508044817,0.0218451544878272,-0.005462238789681717,0.006257735431013156,0.0028379709231515504,0.010100500319401906
Taiwan Credit Card Default,R5_F5,5,5,bill_amt2,1,1,0.007308820724665099,0.00869801263514991,0.005614977206908567,0.0013740154444854547,0.0014613264854140828,0.00501163612150779
Taiwan Credit Card Default,R5_F5,5,5,bill_amt2,2,1,0.007990553136577594,0.008316633666925366,0.007561894613321296,0.0026814808201890417,0.0014239773631191666,0.004876186688897888
Taiwan Credit Card Default,R5_F5,5,5,bill_amt2,3,1,0.007117935649329721,0.006128509138738747,0.0011612691522251417,-0.0001801721374340426,0.0014056068856922732,0.004581114075370374
Taiwan Credit Card Default,R5_F5,5,5,bill_amt2,4,1,0.006280378686122967,0.007745759824904996,0.009620252236080984,0.0033218223356639154,0.0011655950532879211,0.0038546589912987206
Taiwan Credit Card Default,R5_F5,5,5,bill_amt2,5,1,0.009006496747568149,0.011821683885862133,0.011574546212630599,0.004629287711367502,0.001919274293389589,0.006087300347024149
Taiwan Credit Card Default,R5_F5,5,5,bill_amt3,0,0,0.0,0.0,0.0,0.0,0.0,0.0
Taiwan Credit Card Default,R5_F5,5,5,bill_amt4,0,0,0.0,0.0,0.0,0.0,0.0,0.0
Taiwan Credit Card Default,R5_F5,5,5,bill_amt5,0,0,0.0,0.0,0.0,0.0,0.0,0.0
Taiwan Credit Card Default,R5_F5,5,5,bill_amt6,0,0,0.0,0.0,0.0,0.0,0.0,0.0
Taiwan Credit Card Default,R5_F5,5,5,pay_amt1,1,1,0.007562035620518492,0.006284446985358905,-0.010607447684810034,0.002108500959700721,0.0009451053183831826,0.0032194858472672228
Taiwan Credit Card Default,R5_F5,5,5,pay_amt1,2,1,0.006320633361874051,0.005926168260818154,0.004553082627201666,0.008698986734623548,0.0007874458533510265,0.002736813870295396
Taiwan Credit Card Default,R5_F5,5,5,pay_amt1,3,1,0.008407870763012637,0.003420750373483994,-0.003496670769859489,0.005076877503236266,0.0011182308810444574,0.003694674345671889
Taiwan Credit Card Default,R5_F5,5,5,pay_amt1,4,1,0.004863754965893086,0.0030571954202243123,-0.0021608818946768915,0.005837333777000464,0.0005083592449492413,0.0021737607682023596
Taiwan Credit Card Default,R5_F5,5,5,pay_amt1,5,1,0.008596970348697996,0.0071271765805407394,-0.0030867628537872283,0.005957448535289789,0.001050638032136536,0.0035511049867543165
Taiwan Credit Card Default,R5_F5,5,5,pay_amt2,1,1,0.0060133668247907,0.00021459846143667693,-0.0009416596147021061,0.005050095158482537,0.0003603251241451888,0.001947198133105843
Taiwan Credit Card Default,R5_F5,5,5,pay_amt2,2,1,0.006106699238326185,0.006446794690255442,0.004978875991560161,0.007698300944280589,0.0009735533056935419,0.002963225476020237
Taiwan Credit Card Default,R5_F5,5,5,pay_amt2,3,1,0.006826251567375818,0.005259288218667835,0.0026074136754480892,0.00645089294772172,0.00047133063076140735,0.0024066677092084987
Taiwan Credit Card Default,R5_F5,5,5,pay_amt2,4,1,0.007700329909792081,0.0040122913033029395,0.00016759681389943992,0.0053702659162199184,0.0008446305950016719,0.002959346140089636
Taiwan Credit Card Default,R5_F5,5,5,pay_amt2,5,1,0.008925581602963861,0.005418480728467179,0.007481622353595729,0.008612147010725102,0.0010323784357886556,0.003619246315166136
Taiwan Credit Card Default,R5_F5,5,5,pay_amt3,1,1,0.00832719909426971,0.009432084209025415,-0.002663809309810916,0.005123543710004008,0.0010647601811601681,0.003499161773026005
Taiwan Credit Card Default,R5_F5,5,5,pay_amt3,2,1,0.005869147956222953,0.0036383085354536604,-0.007206067105402558,0.003069013232913087,0.0002848915632183424,0.0016493878499563297
Taiwan Credit Card Default,R5_F5,5,5,pay_amt3,3,1,0.00676294784341247,0.0058483403818749835,0.0001656419049635982,0.0063108943274182705,0.0005944128924367797,0.0024312836342235133
Taiwan Credit Card Default,R5_F5,5,5,pay_amt3,4,1,0.008884921134110324,0.011007976786012952,-0.0007413578518172814,0.006431009085707595,0.0010256142913833144,0.0036306355326790607
Taiwan Credit Card Default,R5_F5,5,5,pay_amt3,5,1,0.007640434847888344,0.005233383631834454,-0.002663809309810916,0.005123543710004008,0.0007055234207318517,0.0028624802003228145
Taiwan Credit Card Default,R5_F5,5,5,pay_amt4,1,1,0.006085597997005254,0.0019904598570577026,-0.0019160487510096469,0.00533699088182904,0.00042031800765815475,0.0017655359111776736
Taiwan Credit Card Default,R5_F5,5,5,pay_amt4,2,1,0.0034148301147176596,0.0015142220523179928,-0.0009416596147021061,0.005050095158482537,0.00019373791951984853,0.000767105971947124
Taiwan Credit Card Default,R5_F5,5,5,pay_amt4,3,1,0.007047976918488241,0.006956936578485062,0.006850479877196725,0.009172547285041244,0.0008933052992213808,0.0030178830543655666
Taiwan Credit Card Default,R5_F5,5,5,pay_amt4,4,1,0.006561999099139237,0.005430267595933125,0.0052111643763547155,0.008138586460307295,0.0010032806267689376,0.003062831433459978
Taiwan Credit Card Default,R5_F5,5,5,pay_amt4,5,1,0.006511680754450411,0.008483995412875478,0.0020942793030537254,0.0076183597031217465,0.0008031217507739052,0.002848598015910697
Taiwan Credit Card Default,R5_F5,5,5,pay_amt5,1,1,0.004618493614845565,0.007896794907752747,-0.0005197252651739093,0.004049409368139578,0.0007806555524862979,0.002485245606003328
Taiwan Credit Card Default,R5_F5,5,5,pay_amt5,2,1,0.0019078768499092291,0.005439845256763776,0.003409499118986803,0.006497559154489463,0.00040738429737094406,0.0011060923124925903
Taiwan Credit Card Default,R5_F5,5,5,pay_amt5,3,1,0.0023894721037530653,0.004481503010270171,0.003474929800344362,0.0063307781894322845,0.00048775650423804606,0.0014449763232914359
Taiwan Credit Card Default,R5_F5,5,5,pay_amt5,4,1,0.002541076406783138,0.004126665993823053,-2.50797615949927e-05,0.003822571023937682,0.00030178752005108334,0.0009494427974471309
Taiwan Credit Card Default,R5_F5,5,5,pay_amt5,5,1,0.000873266756211688,0.007376777785708666,0.002571645736364647,0.005510264536523368,0.0005196722221471883,0.0010444699801075985
Taiwan Credit Card Default,R5_F5,5,5,pay_amt6,1,1,0.001355511279019228,0.004375292704251743,0.0028736066185883202,0.004676359711237588,0.0003884810200696087,0.0009286361896315154
Taiwan Credit Card Default,R5_F5,5,5,pay_amt6,2,1,0.0010310391143970588,-0.00035016768413209665,0.0006393110912203959,0.004202799160819892,-4.818279572024742e-05,-8.546476067072817e-05
Taiwan Credit Card Default,R5_F5,5,5,pay_amt6,3,1,0.001683797898803241,0.006887277084508536,0.003290390173758151,0.004616302332092981,0.0006414980283687144,0.0016108244467042399
Taiwan Credit Card Default,R5_F5,5,5,pay_amt6,4,1,0.0006332807154942888,0.007253926022858348,0.00021088323977241918,0.004262856539964499,0.0005133906991750259,0.0010597685431787407
Taiwan Credit Card Default,R5_F5,5,5,pay_amt6,5,1,0.0009191213767746342,0.004655668570646809,-0.007014918040890883,-8.643393079610373e-05,1.173067842705211e-05,0.00023052751302954366
