dataset,run_id,repeat,fold,source_feature,selected_in_fold,records_explained,mean_abs_shap,normalized_shap_share
German Credit,R1_F1,1,1,status,1,200,0.906464695930481,0.1940433233976364
German Credit,R1_F1,1,1,credit_history,1,200,0.3067856431007385,0.0656723901629448
German Credit,R1_F1,1,1,purpose,1,200,0.49522116780281067,0.10601004213094711
German Credit,R1_F1,1,1,savings,1,200,0.4238857626914978,0.09073954820632935
German Credit,R1_F1,1,1,employment_duration,1,200,0.334588885307312,0.07162412256002426
German Credit,R1_F1,1,1,personal_status_sex,1,200,0.13756603002548218,0.029448216781020164
German Credit,R1_F1,1,1,other_debtors,1,200,0.10500562936067581,0.022478140890598297
German Credit,R1_F1,1,1,property,1,200,0.18698449432849884,0.040027033537626266
German Credit,R1_F1,1,1,other_installment_plans,1,200,0.21429356932640076,0.04587297886610031
German Credit,R1_F1,1,1,housing,1,200,0.14587536454200745,0.03122696280479431
German Credit,R1_F1,1,1,job,0,200,0.0,0.0
German Credit,R1_F1,1,1,telephone,0,200,0.0,0.0
German Credit,R1_F1,1,1,foreign_worker,1,200,0.041848186403512955,0.008958276361227036
German Credit,R1_F1,1,1,duration,1,200,0.43104052543640137,0.09227114170789719
German Credit,R1_F1,1,1,amount,1,200,0.5506179332733154,0.11786860227584839
German Credit,R1_F1,1,1,installment_rate,1,200,0.15190011262893677,0.032516658306121826
German Credit,R1_F1,1,1,present_residence,0,200,0.0,0.0
German Credit,R1_F1,1,1,age,1,200,0.2393772453069687,0.05124254152178764
German Credit,R1_F1,1,1,number_credits,0,200,0.0,0.0
German Credit,R1_F1,1,1,people_liable,0,200,0.0,0.0
German Credit,R1_F2,1,2,status,1,200,1.1098698377609253,0.22672727704048157
German Credit,R1_F2,1,2,credit_history,1,200,0.38733214139938354,0.0791252851486206
German Credit,R1_F2,1,2,purpose,1,200,0.6423200964927673,0.1312149316072464
German Credit,R1_F2,1,2,savings,1,200,0.4470072388648987,0.09131588041782379
German Credit,R1_F2,1,2,employment_duration,1,200,0.4043009281158447,0.082591712474823
German Credit,R1_F2,1,2,personal_status_sex,1,200,0.12631826102733612,0.02580464445054531
German Credit,R1_F2,1,2,other_debtors,1,200,0.14468856155872345,0.029557380825281143
German Credit,R1_F2,1,2,property,1,200,0.18174858391284943,0.037128105759620667
German Credit,R1_F2,1,2,other_installment_plans,1,200,0.17953608930110931,0.036676131188869476
German Credit,R1_F2,1,2,housing,1,200,0.09398023784160614,0.019198542460799217
German Credit,R1_F2,1,2,job,0,200,0.0,0.0
German Credit,R1_F2,1,2,telephone,1,200,0.12198056280612946,0.02491852641105652
German Credit,R1_F2,1,2,foreign_worker,1,200,0.030024053528904915,0.00613339664414525
German Credit,R1_F2,1,2,duration,1,200,0.4744640588760376,0.09692483395338058
German Credit,R1_F2,1,2,amount,1,200,0.5125933885574341,0.10471399873495102
German Credit,R1_F2,1,2,installment_rate,0,200,0.0,0.0
German Credit,R1_F2,1,2,present_residence,0,200,0.0,0.0
German Credit,R1_F2,1,2,age,0,200,0.0,0.0
German Credit,R1_F2,1,2,number_credits,1,200,0.03901137411594391,0.00796935148537159
German Credit,R1_F2,1,2,people_liable,0,200,0.0,0.0
German Credit,R1_F3,1,3,status,1,200,0.9685258269309998,0.19445902109146118
German Credit,R1_F3,1,3,credit_history,1,200,0.5470187067985535,0.10982951521873474
German Credit,R1_F3,1,3,purpose,1,200,0.5366154909133911,0.10774077475070953
German Credit,R1_F3,1,3,savings,1,200,0.34169572591781616,0.06860510259866714
German Credit,R1_F3,1,3,employment_duration,1,200,0.333585649728775,0.06697677820920944
German Credit,R1_F3,1,3,personal_status_sex,1,200,0.189126655459404,0.03797253966331482
German Credit,R1_F3,1,3,other_debtors,0,200,0.0,0.0
German Credit,R1_F3,1,3,property,1,200,0.33592110872268677,0.06744568794965744
German Credit,R1_F3,1,3,other_installment_plans,1,200,0.2211473286151886,0.04440159723162651
German Credit,R1_F3,1,3,housing,1,200,0.13841302692890167,0.027790339663624763
German Credit,R1_F3,1,3,job,0,200,0.0,0.0
German Credit,R1_F3,1,3,telephone,1,200,0.08364179730415344,0.01679346151649952
German Credit,R1_F3,1,3,foreign_worker,1,200,0.05773225054144859,0.011591386049985886
German Credit,R1_F3,1,3,duration,1,200,0.47235772013664246,0.09483920782804489
German Credit,R1_F3,1,3,amount,1,200,0.3858344554901123,0.07746721059083939
German Credit,R1_F3,1,3,installment_rate,1,200,0.12888416647911072,0.025877151638269424
German Credit,R1_F3,1,3,present_residence,0,200,0.0,0.0
German Credit,R1_F3,1,3,age,1,200,0.24011631309986115,0.048210158944129944
German Credit,R1_F3,1,3,number_credits,0,200,0.0,0.0
German Credit,R1_F3,1,3,people_liable,0,200,0.0,0.0
German Credit,R1_F4,1,4,status,1,200,1.0568256378173828,0.2033531367778778
German Credit,R1_F4,1,4,credit_history,1,200,0.48414042592048645,0.09315772354602814
German Credit,R1_F4,1,4,purpose,1,200,0.564136266708374,0.10855042934417725
German Credit,R1_F4,1,4,savings,1,200,0.3080765902996063,0.059279728680849075
German Credit,R1_F4,1,4,employment_duration,1,200,0.4015742242336273,0.07727043330669403
German Credit,R1_F4,1,4,personal_status_sex,1,200,0.33363592624664307,0.0641978308558464
German Credit,R1_F4,1,4,other_debtors,1,200,0.15983974933624268,0.03075617365539074
German Credit,R1_F4,1,4,property,1,200,0.2523595988750458,0.048558734357357025
German Credit,R1_F4,1,4,other_installment_plans,1,200,0.11967623233795166,0.02302795834839344
German Credit,R1_F4,1,4,housing,1,200,0.19904665648937225,0.038300320506095886
German Credit,R1_F4,1,4,job,0,200,0.0,0.0
German Credit,R1_F4,1,4,telephone,1,200,0.13507811725139618,0.025991570204496384
German Credit,R1_F4,1,4,foreign_worker,1,200,0.033604513853788376,0.006466140504926443
German Credit,R1_F4,1,4,duration,1,200,0.47773978114128113,0.09192612022161484
German Credit,R1_F4,1,4,amount,1,200,0.4115399420261383,0.0791880264878273
German Credit,R1_F4,1,4,installment_rate,0,200,0.0,0.0
German Credit,R1_F4,1,4,present_residence,0,200,0.0,0.0
German Credit,R1_F4,1,4,age,1,200,0.2597239017486572,0.049975764006376266
German Credit,R1_F4,1,4,number_credits,0,200,0.0,0.0
German Credit,R1_F4,1,4,people_liable,0,200,0.0,0.0
German Credit,R1_F5,1,5,status,1,200,0.9484567642211914,0.18790064752101898
German Credit,R1_F5,1,5,credit_history,1,200,0.46088898181915283,0.0913076251745224
German Credit,R1_F5,1,5,purpose,1,200,0.633280873298645,0.12546052038669586
German Credit,R1_F5,1,5,savings,1,200,0.30299365520477295,0.06002667173743248
German Credit,R1_F5,1,5,employment_duration,1,200,0.29962441325187683,0.05935918539762497
German Credit,R1_F5,1,5,personal_status_sex,1,200,0.16564929485321045,0.032817110419273376
German Credit,R1_F5,1,5,other_debtors,1,200,0.1391410231590271,0.027565503492951393
German Credit,R1_F5,1,5,property,1,200,0.264120489358902,0.05232543125748634
German Credit,R1_F5,1,5,other_installment_plans,1,200,0.2262330949306488,0.044819485396146774
German Credit,R1_F5,1,5,housing,1,200,0.15277503430843353,0.030266564339399338
German Credit,R1_F5,1,5,job,0,200,0.0,0.0
German Credit,R1_F5,1,5,telephone,0,200,0.0,0.0
German Credit,R1_F5,1,5,foreign_worker,1,200,0.05865122005343437,0.01161950919777155
German Credit,R1_F5,1,5,duration,1,200,0.45965370535850525,0.09106290340423584
German Credit,R1_F5,1,5,amount,1,200,0.4560229778289795,0.09034361690282822
German Credit,R1_F5,1,5,installment_rate,1,200,0.24734865128993988,0.04900272935628891
German Credit,R1_F5,1,5,present_residence,0,200,0.0,0.0
German Credit,R1_F5,1,5,age,1,200,0.23281000554561615,0.04612245038151741
German Credit,R1_F5,1,5,number_credits,0,200,0.0,0.0
German Credit,R1_F5,1,5,people_liable,0,200,0.0,0.0
German Credit,R2_F1,2,1,status,1,200,1.0233772993087769,0.2171846628189087
German Credit,R2_F1,2,1,credit_history,1,200,0.4116325378417969,0.08735807985067368
German Credit,R2_F1,2,1,purpose,1,200,0.5593342185020447,0.11870383471250534
German Credit,R2_F1,2,1,savings,1,200,0.46111613512039185,0.09785965830087662
German Credit,R2_F1,2,1,employment_duration,1,200,0.2978813946247101,0.0632174164056778
German Credit,R2_F1,2,1,personal_status_sex,1,200,0.16755850613117218,0.035559844225645065
German Credit,R2_F1,2,1,other_debtors,1,200,0.15754735469818115,0.03343524411320686
German Credit,R2_F1,2,1,property,1,200,0.21635422110557556,0.04591543972492218
German Credit,R2_F1,2,1,other_installment_plans,1,200,0.18099403381347656,0.038411177694797516
German Credit,R2_F1,2,1,housing,1,200,0.13387255370616913,0.02841089479625225
German Credit,R2_F1,2,1,job,0,200,0.0,0.0
German Credit,R2_F1,2,1,telephone,0,200,0.0,0.0
German Credit,R2_F1,2,1,foreign_worker,1,200,0.02933415398001671,0.006225395482033491
German Credit,R2_F1,2,1,duration,1,200,0.5012922883033752,0.1063859760761261
German Credit,R2_F1,2,1,amount,1,200,0.3781096935272217,0.08024374395608902
German Credit,R2_F1,2,1,installment_rate,0,200,0.0,0.0
German Credit,R2_F1,2,1,present_residence,0,200,0.0,0.0
German Credit,R2_F1,2,1,age,1,200,0.17927777767181396,0.0380469486117363
German Credit,R2_F1,2,1,number_credits,0,200,0.0,0.0
German Credit,R2_F1,2,1,people_liable,1,200,0.014332427643239498,0.003041677176952362
German Credit,R2_F2,2,2,status,1,200,0.8570405840873718,0.17384374141693115
German Credit,R2_F2,2,2,credit_history,1,200,0.4805336892604828,0.09747236967086792
German Credit,R2_F2,2,2,purpose,1,200,0.6204808354377747,0.12585951387882233
German Credit,R2_F2,2,2,savings,1,200,0.36550474166870117,0.07413967698812485
German Credit,R2_F2,2,2,employment_duration,1,200,0.399037629365921,0.08094155043363571
German Credit,R2_F2,2,2,personal_status_sex,1,200,0.21244606375694275,0.043092962354421616
German Credit,R2_F2,2,2,other_debtors,1,200,0.10640616714954376,0.02158362977206707
German Credit,R2_F2,2,2,property,1,200,0.2972499430179596,0.0602947436273098
German Credit,R2_F2,2,2,other_installment_plans,1,200,0.19727686047554016,0.040016014128923416
German Credit,R2_F2,2,2,housing,1,200,0.17646068334579468,0.035793621093034744
German Credit,R2_F2,2,2,job,0,200,0.0,0.0
German Credit,R2_F2,2,2,telephone,1,200,0.10308098047971725,0.0209091417491436
German Credit,R2_F2,2,2,foreign_worker,1,200,0.0591030977666378,0.011988584883511066
German Credit,R2_F2,2,2,duration,1,200,0.45360153913497925,0.09200939536094666
German Credit,R2_F2,2,2,amount,1,200,0.4159362316131592,0.08436929434537888
German Credit,R2_F2,2,2,installment_rate,1,200,0.1857890486717224,0.037685804069042206
German Credit,R2_F2,2,2,present_residence,0,200,0.0,0.0
German Credit,R2_F2,2,2,age,0,200,0.0,0.0
German Credit,R2_F2,2,2,number_credits,0,200,0.0,0.0
German Credit,R2_F2,2,2,people_liable,0,200,0.0,0.0
German Credit,R2_F3,2,3,status,1,200,1.05387282371521,0.21844035387039185
German Credit,R2_F3,2,3,credit_history,1,200,0.41507866978645325,0.08603498339653015
German Credit,R2_F3,2,3,purpose,1,200,0.5300877690315247,0.10987337678670883
German Credit,R2_F3,2,3,savings,1,200,0.3642420172691345,0.07549787312746048
German Credit,R2_F3,2,3,employment_duration,1,200,0.23121581971645355,0.047925010323524475
German Credit,R2_F3,2,3,personal_status_sex,1,200,0.15569090843200684,0.03227066621184349
German Credit,R2_F3,2,3,other_debtors,1,200,0.13410957157611847,0.02779741771519184
German Credit,R2_F3,2,3,property,1,200,0.1907050907611847,0.039528194814920425
German Credit,R2_F3,2,3,other_installment_plans,1,200,0.22535301744937897,0.046709805727005005
German Credit,R2_F3,2,3,housing,1,200,0.13450175523757935,0.02787870727479458
German Credit,R2_F3,2,3,job,0,200,0.0,0.0
German Credit,R2_F3,2,3,telephone,0,200,0.0,0.0
German Credit,R2_F3,2,3,foreign_worker,1,200,0.03429917246103287,0.0071093239821493626
German Credit,R2_F3,2,3,duration,1,200,0.43782925605773926,0.09075058996677399
German Credit,R2_F3,2,3,amount,1,200,0.39958980679512024,0.08282455056905746
German Credit,R2_F3,2,3,installment_rate,1,200,0.19485922157764435,0.04038923606276512
German Credit,R2_F3,2,3,present_residence,0,200,0.0,0.0
German Credit,R2_F3,2,3,age,1,200,0.3230990171432495,0.06697000563144684
German Credit,R2_F3,2,3,number_credits,0,200,0.0,0.0
German Credit,R2_F3,2,3,people_liable,0,200,0.0,0.0
German Credit,R2_F4,2,4,status,1,200,1.0365965366363525,0.200155571103096
German Credit,R2_F4,2,4,credit_history,1,200,0.40459033846855164,0.07812201976776123
German Credit,R2_F4,2,4,purpose,1,200,0.5224692225456238,0.10088315606117249
German Credit,R2_F4,2,4,savings,1,200,0.3210063576698303,0.06198285520076752
German Credit,R2_F4,2,4,employment_duration,1,200,0.49391233921051025,0.0953691303730011
German Credit,R2_F4,2,4,personal_status_sex,1,200,0.16694319248199463,0.03223492577672005
German Credit,R2_F4,2,4,other_debtors,1,200,0.1462121307849884,0.02823198027908802
German Credit,R2_F4,2,4,property,1,200,0.22744937241077423,0.04391801357269287
German Credit,R2_F4,2,4,other_installment_plans,1,200,0.21913638710975647,0.0423128642141819
German Credit,R2_F4,2,4,housing,1,200,0.13202911615371704,0.02549339272081852
German Credit,R2_F4,2,4,job,0,200,0.0,0.0
German Credit,R2_F4,2,4,telephone,0,200,0.0,0.0
German Credit,R2_F4,2,4,foreign_worker,1,200,0.06314916163682938,0.012193419970571995
German Credit,R2_F4,2,4,duration,1,200,0.36850082874298096,0.07115352153778076
German Credit,R2_F4,2,4,amount,1,200,0.6344097852706909,0.12249766290187836
German Credit,R2_F4,2,4,installment_rate,1,200,0.1901371031999588,0.03671341761946678
German Credit,R2_F4,2,4,present_residence,0,200,0.0,0.0
German Credit,R2_F4,2,4,age,1,200,0.25241202116012573,0.0487380288541317
German Credit,R2_F4,2,4,number_credits,0,200,0.0,0.0
German Credit,R2_F4,2,4,people_liable,0,200,0.0,0.0
German Credit,R2_F5,2,5,status,1,200,0.9089353084564209,0.18184231221675873
German Credit,R2_F5,2,5,credit_history,1,200,0.5081477165222168,0.10166043043136597
German Credit,R2_F5,2,5,purpose,1,200,0.6460354328155518,0.12924635410308838
German Credit,R2_F5,2,5,savings,1,200,0.35838693380355835,0.07169917225837708
German Credit,R2_F5,2,5,employment_duration,1,200,0.3493667244911194,0.06989458203315735
German Credit,R2_F5,2,5,personal_status_sex,1,200,0.1448042243719101,0.028969647362828255
German Credit,R2_F5,2,5,other_debtors,1,200,0.1099628210067749,0.02199924923479557
German Credit,R2_F5,2,5,property,1,200,0.1750231236219406,0.03501526266336441
German Credit,R2_F5,2,5,other_installment_plans,1,200,0.18179364502429962,0.03636977821588516
German Credit,R2_F5,2,5,housing,1,200,0.16306723654270172,0.03262335807085037
German Credit,R2_F5,2,5,job,0,200,0.0,0.0
German Credit,R2_F5,2,5,telephone,0,200,0.0,0.0
German Credit,R2_F5,2,5,foreign_worker,1,200,0.02790660969913006,0.005583018064498901
German Credit,R2_F5,2,5,duration,1,200,0.540228009223938,0.10807844251394272
German Credit,R2_F5,2,5,amount,1,200,0.49454522132873535,0.09893910586833954
German Credit,R2_F5,2,5,installment_rate,1,200,0.12909206748008728,0.025826260447502136
German Credit,R2_F5,2,5,present_residence,0,200,0.0,0.0
German Credit,R2_F5,2,5,age,1,200,0.26118576526641846,0.052253030240535736
German Credit,R2_F5,2,5,number_credits,0,200,0.0,0.0
German Credit,R2_F5,2,5,people_liable,0,200,0.0,0.0
German Credit,R3_F1,3,1,status,1,200,0.9668158292770386,0.20123663544654846
German Credit,R3_F1,3,1,credit_history,1,200,0.35410159826278687,0.07370401918888092
German Credit,R3_F1,3,1,purpose,1,200,0.578069269657135,0.12032148241996765
German Credit,R3_F1,3,1,savings,1,200,0.32440871000289917,0.06752363592386246
German Credit,R3_F1,3,1,employment_duration,1,200,0.35795485973358154,0.07450605183839798
German Credit,R3_F1,3,1,personal_status_sex,1,200,0.12462978810071945,0.0259409062564373
German Credit,R3_F1,3,1,other_debtors,1,200,0.12127062678337097,0.02524171955883503
German Credit,R3_F1,3,1,property,1,200,0.21883231401443481,0.04554856941103935
German Credit,R3_F1,3,1,other_installment_plans,1,200,0.27347666025161743,0.05692244693636894
German Credit,R3_F1,3,1,housing,1,200,0.11565731465816498,0.024073343724012375
German Credit,R3_F1,3,1,job,0,200,0.0,0.0
German Credit,R3_F1,3,1,telephone,0,200,0.0,0.0
German Credit,R3_F1,3,1,foreign_worker,1,200,0.06248445436358452,0.013005746528506279
German Credit,R3_F1,3,1,duration,1,200,0.4825504422187805,0.10043983906507492
German Credit,R3_F1,3,1,amount,1,200,0.4143369793891907,0.08624164015054703
German Credit,R3_F1,3,1,installment_rate,1,200,0.13571122288703918,0.028247438371181488
German Credit,R3_F1,3,1,present_residence,0,200,0.0,0.0
German Credit,R3_F1,3,1,age,1,200,0.2740730345249176,0.05704658105969429
German Credit,R3_F1,3,1,number_credits,0,200,0.0,0.0
German Credit,R3_F1,3,1,people_liable,0,200,0.0,0.0
German Credit,R3_F2,3,2,status,1,200,1.003293752670288,0.1972009837627411
German Credit,R3_F2,3,2,credit_history,1,200,0.4755166172981262,0.09346449375152588
German Credit,R3_F2,3,2,purpose,1,200,0.5522197484970093,0.10854076594114304
German Credit,R3_F2,3,2,savings,1,200,0.4642918109893799,0.0912582203745842
German Credit,R3_F2,3,2,employment_duration,1,200,0.4129887819290161,0.08117442578077316
German Credit,R3_F2,3,2,personal_status_sex,1,200,0.14259542524814606,0.028027640655636787
German Credit,R3_F2,3,2,other_debtors,1,200,0.16484689712524414,0.032401248812675476
German Credit,R3_F2,3,2,property,1,200,0.25765368342399597,0.05064275488257408
German Credit,R3_F2,3,2,other_installment_plans,1,200,0.17447134852409363,0.03429296985268593
German Credit,R3_F2,3,2,housing,1,200,0.1677340269088745,0.03296872228384018
German Credit,R3_F2,3,2,job,0,200,0.0,0.0
German Credit,R3_F2,3,2,telephone,1,200,0.14460144937038422,0.028421932831406593
German Credit,R3_F2,3,2,foreign_worker,1,200,0.040860891342163086,0.008031354285776615
German Credit,R3_F2,3,2,duration,1,200,0.5459628105163574,0.1073109433054924
German Credit,R3_F2,3,2,amount,1,200,0.4139654040336609,0.08136638253927231
German Credit,R3_F2,3,2,installment_rate,0,200,0.0,0.0
German Credit,R3_F2,3,2,present_residence,0,200,0.0,0.0
German Credit,R3_F2,3,2,age,0,200,0.0,0.0
German Credit,R3_F2,3,2,number_credits,1,200,0.1266688108444214,0.02489720843732357
German Credit,R3_F2,3,2,people_liable,0,200,0.0,0.0
German Credit,R3_F3,3,3,status,1,200,1.099091649055481,0.2263663113117218
German Credit,R3_F3,3,3,credit_history,1,200,0.3750726580619812,0.07724907249212265
German Credit,R3_F3,3,3,purpose,1,200,0.5819327235221863,0.11985348165035248
German Credit,R3_F3,3,3,savings,1,200,0.3806970715522766,0.07840746641159058
German Credit,R3_F3,3,3,employment_duration,1,200,0.37809646129608154,0.07787185162305832
German Credit,R3_F3,3,3,personal_status_sex,1,200,0.19095242023468018,0.03932810574769974
German Credit,R3_F3,3,3,other_debtors,1,200,0.10625600814819336,0.021884234622120857
German Credit,R3_F3,3,3,property,1,200,0.24018505215644836,0.049467943608760834
German Credit,R3_F3,3,3,other_installment_plans,1,200,0.1993076503276825,0.04104892909526825
German Credit,R3_F3,3,3,housing,1,200,0.10973075032234192,0.02259988524019718
German Credit,R3_F3,3,3,job,0,200,0.0,0.0
German Credit,R3_F3,3,3,telephone,0,200,0.0,0.0
German Credit,R3_F3,3,3,foreign_worker,1,200,0.05432124063372612,0.011187873780727386
German Credit,R3_F3,3,3,duration,1,200,0.41737574338912964,0.08596171438694
German Credit,R3_F3,3,3,amount,1,200,0.4554777145385742,0.0938091054558754
German Credit,R3_F3,3,3,installment_rate,0,200,0.0,0.0
German Credit,R3_F3,3,3,present_residence,0,200,0.0,0.0
German Credit,R3_F3,3,3,age,1,200,0.22348491847515106,0.04602842405438423
German Credit,R3_F3,3,3,number_credits,1,200,0.043385542929172516,0.008935583755373955
German Credit,R3_F3,3,3,people_liable,0,200,0.0,0.0
German Credit,R3_F4,3,4,status,1,200,0.8792065382003784,0.17579710483551025
German Credit,R3_F4,3,4,credit_history,1,200,0.6836409568786621,0.1366938203573227
German Credit,R3_F4,3,4,purpose,1,200,0.6754926443099976,0.13506455719470978
German Credit,R3_F4,3,4,savings,1,200,0.3532088100910187,0.07062400132417679
German Credit,R3_F4,3,4,employment_duration,1,200,0.23464567959308624,0.04691733792424202
German Credit,R3_F4,3,4,personal_status_sex,1,200,0.22915324568748474,0.045819126069545746
German Credit,R3_F4,3,4,other_debtors,1,200,0.1762341409921646,0.03523796796798706
German Credit,R3_F4,3,4,property,1,200,0.16936753690242767,0.03386498987674713
German Credit,R3_F4,3,4,other_installment_plans,1,200,0.19330723583698273,0.0386517271399498
German Credit,R3_F4,3,4,housing,1,200,0.08147848397493362,0.016291599720716476
German Credit,R3_F4,3,4,job,0,200,0.0,0.0
German Credit,R3_F4,3,4,telephone,1,200,0.14368143677711487,0.028729062527418137
German Credit,R3_F4,3,4,foreign_worker,1,200,0.047304969280958176,0.009458615444600582
German Credit,R3_F4,3,4,duration,1,200,0.43306678533554077,0.08659157902002335
German Credit,R3_F4,3,4,amount,1,200,0.4519827961921692,0.09037382900714874
German Credit,R3_F4,3,4,installment_rate,0,200,0.0,0.0
German Credit,R3_F4,3,4,present_residence,0,200,0.0,0.0
German Credit,R3_F4,3,4,age,1,200,0.2494862675666809,0.04988470673561096
German Credit,R3_F4,3,4,number_credits,0,200,0.0,0.0
German Credit,R3_F4,3,4,people_liable,0,200,0.0,0.0
German Credit,R3_F5,3,5,status,1,200,0.9170936942100525,0.18569758534431458
German Credit,R3_F5,3,5,credit_history,1,200,0.4520295262336731,0.09152913093566895
German Credit,R3_F5,3,5,purpose,1,200,0.603891134262085,0.12227880954742432
German Credit,R3_F5,3,5,savings,1,200,0.304618239402771,0.06168057769536972
German Credit,R3_F5,3,5,employment_duration,1,200,0.34352171421051025,0.06955794245004654
German Credit,R3_F5,3,5,personal_status_sex,1,200,0.1668953001499176,0.033793769776821136
German Credit,R3_F5,3,5,other_debtors,1,200,0.0784166157245636,0.01587817631661892
German Credit,R3_F5,3,5,property,1,200,0.3361550569534302,0.06806630641222
German Credit,R3_F5,3,5,other_installment_plans,1,200,0.14196205139160156,0.028745165094733238
German Credit,R3_F5,3,5,housing,1,200,0.16438078880310059,0.03328461945056915
German Credit,R3_F5,3,5,job,0,200,0.0,0.0
German Credit,R3_F5,3,5,telephone,0,200,0.0,0.0
German Credit,R3_F5,3,5,foreign_worker,1,200,0.017237510532140732,0.0034903348423540592
German Credit,R3_F5,3,5,duration,1,200,0.4829609990119934,0.09779228270053864
German Credit,R3_F5,3,5,amount,1,200,0.5146617889404297,0.1042112186551094
German Credit,R3_F5,3,5,installment_rate,1,200,0.17721380293369293,0.035883110016584396
German Credit,R3_F5,3,5,present_residence,0,200,0.0,0.0
German Credit,R3_F5,3,5,age,1,200,0.2376028299331665,0.048110973089933395
German Credit,R3_F5,3,5,number_credits,0,200,0.0,0.0
German Credit,R3_F5,3,5,people_liable,0,200,0.0,0.0
German Credit,R4_F1,4,1,status,1,200,0.9528045058250427,0.21071577072143555
German Credit,R4_F1,4,1,credit_history,1,200,0.41686105728149414,0.09219015389680862
German Credit,R4_F1,4,1,purpose,1,200,0.4909195005893707,0.10856841504573822
German Credit,R4_F1,4,1,savings,1,200,0.3820994198322296,0.08450251072645187
German Credit,R4_F1,4,1,employment_duration,1,200,0.321869820356369,0.07118254154920578
German Credit,R4_F1,4,1,personal_status_sex,1,200,0.09956996142864227,0.022020215168595314
German Credit,R4_F1,4,1,other_debtors,1,200,0.1036226749420166,0.022916486486792564
German Credit,R4_F1,4,1,property,1,200,0.15040265023708344,0.03326202556490898
German Credit,R4_F1,4,1,other_installment_plans,1,200,0.20341414213180542,0.04498568922281265
German Credit,R4_F1,4,1,housing,1,200,0.11580287665128708,0.025610176846385002
German Credit,R4_F1,4,1,job,0,200,0.0,0.0
German Credit,R4_F1,4,1,telephone,1,200,0.07403866201639175,0.0163738876581192
German Credit,R4_F1,4,1,foreign_worker,1,200,0.026751309633255005,0.0059161377139389515
German Credit,R4_F1,4,1,duration,1,200,0.4316919445991516,0.09547005593776703
German Credit,R4_F1,4,1,amount,1,200,0.5183475613594055,0.11463422328233719
German Credit,R4_F1,4,1,installment_rate,0,200,0.0,0.0
German Credit,R4_F1,4,1,present_residence,0,200,0.0,0.0
German Credit,R4_F1,4,1,age,1,200,0.23355668783187866,0.051651809364557266
German Credit,R4_F1,4,1,number_credits,0,200,0.0,0.0
German Credit,R4_F1,4,1,people_liable,0,200,0.0,0.0
German Credit,R4_F2,4,2,status,1,200,0.9838123321533203,0.19591380655765533
German Credit,R4_F2,4,2,credit_history,1,200,0.40027952194213867,0.07971061766147614
German Credit,R4_F2,4,2,purpose,1,200,0.6080180406570435,0.12107911705970764
German Credit,R4_F2,4,2,savings,1,200,0.401588499546051,0.07997128367424011
German Credit,R4_F2,4,2,employment_duration,1,200,0.3401796221733093,0.0677424818277359
German Credit,R4_F2,4,2,personal_status_sex,1,200,0.11491420865058899,0.022883715108036995
German Credit,R4_F2,4,2,other_debtors,1,200,0.09644819796085358,0.019206441938877106
German Credit,R4_F2,4,2,property,1,200,0.20829640328884125,0.041479598730802536
German Credit,R4_F2,4,2,other_installment_plans,1,200,0.21257764101028442,0.042332153767347336
German Credit,R4_F2,4,2,housing,1,200,0.1581544578075409,0.031494464725255966
German Credit,R4_F2,4,2,job,0,200,0.0,0.0
German Credit,R4_F2,4,2,telephone,0,200,0.0,0.0
German Credit,R4_F2,4,2,foreign_worker,1,200,0.058250635862350464,0.011599878780543804
German Credit,R4_F2,4,2,duration,1,200,0.44976872205734253,0.08956576883792877
German Credit,R4_F2,4,2,amount,1,200,0.43020617961883545,0.08567012846469879
German Credit,R4_F2,4,2,installment_rate,1,200,0.24858346581459045,0.049502260982990265
German Credit,R4_F2,4,2,present_residence,0,200,0.0,0.0
German Credit,R4_F2,4,2,age,1,200,0.31058111786842346,0.06184830889105797
German Credit,R4_F2,4,2,number_credits,0,200,0.0,0.0
German Credit,R4_F2,4,2,people_liable,0,200,0.0,0.0
German Credit,R4_F3,4,3,status,1,200,1.0894355773925781,0.21360152959823608
German Credit,R4_F3,4,3,credit_history,1,200,0.35079213976860046,0.06877849251031876
German Credit,R4_F3,4,3,purpose,1,200,0.5639748573303223,0.11057642102241516
German Credit,R4_F3,4,3,savings,1,200,0.4050334095954895,0.07941336929798126
German Credit,R4_F3,4,3,employment_duration,1,200,0.35921865701675415,0.07043064385652542
German Credit,R4_F3,4,3,personal_status_sex,1,200,0.19282330572605133,0.03780613839626312
German Credit,R4_F3,4,3,other_debtors,1,200,0.14321568608283997,0.02807975932955742
German Credit,R4_F3,4,3,property,1,200,0.31416288018226624,0.06159672886133194
German Credit,R4_F3,4,3,other_installment_plans,1,200,0.22556021809577942,0.04422473907470703
German Credit,R4_F3,4,3,housing,1,200,0.11295002698898315,0.02214568480849266
German Credit,R4_F3,4,3,job,0,200,0.0,0.0
German Credit,R4_F3,4,3,telephone,0,200,0.0,0.0
German Credit,R4_F3,4,3,foreign_worker,1,200,0.061116866767406464,0.011982953175902367
German Credit,R4_F3,4,3,duration,1,200,0.5384700298309326,0.10557578504085541
German Credit,R4_F3,4,3,amount,1,200,0.4548071324825287,0.08917231857776642
German Credit,R4_F3,4,3,installment_rate,0,200,0.0,0.0
German Credit,R4_F3,4,3,present_residence,0,200,0.0,0.0
German Credit,R4_F3,4,3,age,1,200,0.257290244102478,0.05044592544436455
German Credit,R4_F3,4,3,number_credits,0,200,0.0,0.0
German Credit,R4_F3,4,3,people_liable,1,200,0.03146632760763168,0.006169483996927738
German Credit,R4_F4,4,4,status,1,200,1.003936529159546,0.20900119841098785
German Credit,R4_F4,4,4,credit_history,1,200,0.36416149139404297,0.07581175863742828
German Credit,R4_F4,4,4,purpose,1,200,0.6665264964103699,0.1387586146593094
German Credit,R4_F4,4,4,savings,1,200,0.26694434881210327,0.05557292699813843
German Credit,R4_F4,4,4,employment_duration,1,200,0.3093545436859131,0.06440195441246033
German Credit,R4_F4,4,4,personal_status_sex,1,200,0.27976560592651367,0.0582420788705349
German Credit,R4_F4,4,4,other_debtors,1,200,0.13010090589523315,0.027084626257419586
German Credit,R4_F4,4,4,property,1,200,0.24122367799282074,0.050218354910612106
German Credit,R4_F4,4,4,other_installment_plans,1,200,0.18720753490924835,0.03897318243980408
German Credit,R4_F4,4,4,housing,1,200,0.10332759469747543,0.021510913968086243
German Credit,R4_F4,4,4,job,0,200,0.0,0.0
German Credit,R4_F4,4,4,telephone,0,200,0.0,0.0
German Credit,R4_F4,4,4,foreign_worker,1,200,0.03364671394228935,0.007004629820585251
German Credit,R4_F4,4,4,duration,1,200,0.3763117492198944,0.07834121584892273
German Credit,R4_F4,4,4,amount,1,200,0.39581024646759033,0.08240044862031937
German Credit,R4_F4,4,4,installment_rate,1,200,0.17604507505893707,0.03664936125278473
German Credit,R4_F4,4,4,present_residence,0,200,0.0,0.0
German Credit,R4_F4,4,4,age,1,200,0.2691338360309601,0.056028738617897034
German Credit,R4_F4,4,4,number_credits,0,200,0.0,0.0
German Credit,R4_F4,4,4,people_liable,0,200,0.0,0.0
German Credit,R4_F5,4,5,status,1,200,0.8895073533058167,0.17230916023254395
German Credit,R4_F5,4,5,credit_history,1,200,0.5784411430358887,0.1120515838265419
German Credit,R4_F5,4,5,purpose,1,200,0.6192808747291565,0.11996277421712875
German Credit,R4_F5,4,5,savings,1,200,0.29498526453971863,0.05714248865842819
German Credit,R4_F5,4,5,employment_duration,1,200,0.3706461489200592,0.07179898768663406
German Credit,R4_F5,4,5,personal_status_sex,1,200,0.22075840830802917,0.04276378080248833
German Credit,R4_F5,4,5,other_debtors,1,200,0.1503055989742279,0.029116153717041016
German Credit,R4_F5,4,5,property,1,200,0.2700839936733246,0.052318789064884186
German Credit,R4_F5,4,5,other_installment_plans,1,200,0.2032151222229004,0.03936541825532913
German Credit,R4_F5,4,5,housing,1,200,0.18665041029453278,0.03615661710500717
German Credit,R4_F5,4,5,job,0,200,0.0,0.0
German Credit,R4_F5,4,5,telephone,0,200,0.0,0.0
German Credit,R4_F5,4,5,foreign_worker,1,200,0.03117256425321102,0.006038532126694918
German Credit,R4_F5,4,5,duration,1,200,0.4665570855140686,0.09037818759679794
German Credit,R4_F5,4,5,amount,1,200,0.4216400980949402,0.08167718350887299
German Credit,R4_F5,4,5,installment_rate,1,200,0.18432088196277618,0.035705357789993286
German Credit,R4_F5,4,5,present_residence,0,200,0.0,0.0
German Credit,R4_F5,4,5,age,1,200,0.2747105658054352,0.053215015679597855
German Credit,R4_F5,4,5,number_credits,0,200,0.0,0.0
German Credit,R4_F5,4,5,people_liable,0,200,0.0,0.0
German Credit,R5_F1,5,1,status,1,200,1.0448418855667114,0.2150294929742813
German Credit,R5_F1,5,1,credit_history,1,200,0.42920225858688354,0.08833024650812149
German Credit,R5_F1,5,1,purpose,1,200,0.5710770487785339,0.11752822250127792
German Credit,R5_F1,5,1,savings,1,200,0.3134762942790985,0.06451372802257538
German Credit,R5_F1,5,1,employment_duration,1,200,0.3646147549152374,0.07503807544708252
German Credit,R5_F1,5,1,personal_status_sex,1,200,0.1181313619017601,0.024311551824212074
German Credit,R5_F1,5,1,other_debtors,1,200,0.10603240877389908,0.021821575239300728
German Credit,R5_F1,5,1,property,1,200,0.27827000617980957,0.05726824328303337
German Credit,R5_F1,5,1,other_installment_plans,1,200,0.2915896475315094,0.060009438544511795
German Credit,R5_F1,5,1,housing,1,200,0.1375860720872879,0.02831535041332245
German Credit,R5_F1,5,1,job,0,200,0.0,0.0
German Credit,R5_F1,5,1,telephone,0,200,0.0,0.0
German Credit,R5_F1,5,1,foreign_worker,1,200,0.037683114409446716,0.007755222264677286
German Credit,R5_F1,5,1,duration,1,200,0.33981001377105713,0.06993323564529419
German Credit,R5_F1,5,1,amount,1,200,0.4423634707927704,0.09103883802890778
German Credit,R5_F1,5,1,installment_rate,1,200,0.10107483714818954,0.020801302045583725
German Credit,R5_F1,5,1,present_residence,0,200,0.0,0.0
German Credit,R5_F1,5,1,age,1,200,0.283309668302536,0.05830540880560875
German Credit,R5_F1,5,1,number_credits,0,200,0.0,0.0
German Credit,R5_F1,5,1,people_liable,0,200,0.0,0.0
German Credit,R5_F2,5,2,status,1,200,0.9265388250350952,0.1886015087366104
German Credit,R5_F2,5,2,credit_history,1,200,0.3805002272129059,0.07745268195867538
German Credit,R5_F2,5,2,purpose,1,200,0.66880202293396,0.1361379325389862
German Credit,R5_F2,5,2,savings,1,200,0.3837270438671112,0.07810951769351959
German Credit,R5_F2,5,2,employment_duration,1,200,0.3693917691707611,0.07519150525331497
German Credit,R5_F2,5,2,personal_status_sex,1,200,0.1057242900133133,0.021520696580410004
German Credit,R5_F2,5,2,other_debtors,1,200,0.11321980506181717,0.023046445101499557
German Credit,R5_F2,5,2,property,1,200,0.27837714552879333,0.056665029376745224
German Credit,R5_F2,5,2,other_installment_plans,1,200,0.16705621778964996,0.03400510922074318
German Credit,R5_F2,5,2,housing,1,200,0.15803971886634827,0.03216975927352905
German Credit,R5_F2,5,2,job,0,200,0.0,0.0
German Credit,R5_F2,5,2,telephone,0,200,0.0,0.0
German Credit,R5_F2,5,2,foreign_worker,1,200,0.06048385053873062,0.012311783619225025
German Credit,R5_F2,5,2,duration,1,200,0.44609305262565613,0.09080442786216736
German Credit,R5_F2,5,2,amount,1,200,0.4100590646266937,0.08346953243017197
German Credit,R5_F2,5,2,installment_rate,1,200,0.1972988098859787,0.0401611402630806
German Credit,R5_F2,5,2,present_residence,0,200,0.0,0.0
German Credit,R5_F2,5,2,age,1,200,0.2473679780960083,0.05035296455025673
German Credit,R5_F2,5,2,number_credits,0,200,0.0,0.0
German Credit,R5_F2,5,2,people_liable,0,200,0.0,0.0
German Credit,R5_F3,5,3,status,1,200,0.9362853765487671,0.1896759420633316
German Credit,R5_F3,5,3,credit_history,1,200,0.44992169737815857,0.09114670008420944
German Credit,R5_F3,5,3,purpose,1,200,0.5934661030769348,0.1202264204621315
German Credit,R5_F3,5,3,savings,1,200,0.35289543867111206,0.07149077951908112
German Credit,R5_F3,5,3,employment_duration,1,200,0.32722392678260803,0.06629016250371933
German Credit,R5_F3,5,3,personal_status_sex,1,200,0.19511349499225616,0.039526768028736115
German Credit,R5_F3,5,3,other_debtors,0,200,0.0,0.0
German Credit,R5_F3,5,3,property,1,200,0.1526404768228531,0.030922437086701393
German Credit,R5_F3,5,3,other_installment_plans,1,200,0.17944276332855225,0.036352138966321945
German Credit,R5_F3,5,3,housing,1,200,0.13682663440704346,0.027718814089894295
German Credit,R5_F3,5,3,job,0,200,0.0,0.0
German Credit,R5_F3,5,3,telephone,1,200,0.1044529527425766,0.021160442382097244
German Credit,R5_F3,5,3,foreign_worker,1,200,0.06126303970813751,0.012410879135131836
German Credit,R5_F3,5,3,duration,1,200,0.5537148118019104,0.11217346787452698
German Credit,R5_F3,5,3,amount,1,200,0.4408847689628601,0.08931596577167511
German Credit,R5_F3,5,3,installment_rate,1,200,0.18720869719982147,0.03792538866400719
German Credit,R5_F3,5,3,present_residence,0,200,0.0,0.0
German Credit,R5_F3,5,3,age,1,200,0.264896422624588,0.05366363748908043
German Credit,R5_F3,5,3,number_credits,0,200,0.0,0.0
German Credit,R5_F3,5,3,people_liable,0,200,0.0,0.0
German Credit,R5_F4,5,4,status,1,200,1.019061803817749,0.19950994849205017
German Credit,R5_F4,5,4,credit_history,1,200,0.4588693380355835,0.08983655273914337
German Credit,R5_F4,5,4,purpose,1,200,0.5752289891242981,0.11261722445487976
German Credit,R5_F4,5,4,savings,1,200,0.41462379693984985,0.08117424696683884
German Credit,R5_F4,5,4,employment_duration,1,200,0.3159800171852112,0.06186195835471153
German Credit,R5_F4,5,4,personal_status_sex,1,200,0.348846971988678,0.06829658895730972
German Credit,R5_F4,5,4,other_debtors,1,200,0.16191701591014862,0.03169980272650719
German Credit,R5_F4,5,4,property,1,200,0.19727349281311035,0.038621824234724045
German Credit,R5_F4,5,4,other_installment_plans,1,200,0.15880803763866425,0.031091131269931793
German Credit,R5_F4,5,4,housing,1,200,0.12579554319381714,0.024628009647130966
German Credit,R5_F4,5,4,job,0,200,0.0,0.0
German Credit,R5_F4,5,4,telephone,1,200,0.17205633223056793,0.033684857189655304
German Credit,R5_F4,5,4,foreign_worker,1,200,0.05051061138510704,0.00988886971026659
German Credit,R5_F4,5,4,duration,1,200,0.45196568965911865,0.08848497271537781
German Credit,R5_F4,5,4,amount,1,200,0.44322386384010315,0.08677351474761963
German Credit,R5_F4,5,4,installment_rate,1,200,0.21366287767887115,0.041830506175756454
German Credit,R5_F4,5,4,present_residence,0,200,0.0,0.0
German Credit,R5_F4,5,4,age,0,200,0.0,0.0
German Credit,R5_F4,5,4,number_credits,0,200,0.0,0.0
German Credit,R5_F4,5,4,people_liable,0,200,0.0,0.0
German Credit,R5_F5,5,5,status,1,200,0.936905562877655,0.1905415952205658
German Credit,R5_F5,5,5,credit_history,1,200,0.46548575162887573,0.09466738998889923
German Credit,R5_F5,5,5,purpose,1,200,0.6014202237129211,0.12231282889842987
German Credit,R5_F5,5,5,savings,1,200,0.3276357650756836,0.06663237512111664
German Credit,R5_F5,5,5,employment_duration,1,200,0.38875019550323486,0.07906141877174377
German Credit,R5_F5,5,5,personal_status_sex,1,200,0.22708863019943237,0.04618376865983009
German Credit,R5_F5,5,5,other_debtors,1,200,0.12335159629583359,0.025086425244808197
German Credit,R5_F5,5,5,property,1,200,0.200730562210083,0.04082324355840683
German Credit,R5_F5,5,5,other_installment_plans,1,200,0.20894268155097961,0.042493369430303574
German Credit,R5_F5,5,5,housing,1,200,0.17279428243637085,0.03514174744486809
German Credit,R5_F5,5,5,job,0,200,0.0,0.0
German Credit,R5_F5,5,5,telephone,0,200,0.0,0.0
German Credit,R5_F5,5,5,foreign_worker,1,200,0.025339169427752495,0.005153311416506767
German Credit,R5_F5,5,5,duration,1,200,0.4609432518482208,0.09374356269836426
German Credit,R5_F5,5,5,amount,1,200,0.5291653275489807,0.10761811584234238
German Credit,R5_F5,5,5,installment_rate,1,200,0.21181616187095642,0.04307775944471359
German Credit,R5_F5,5,5,present_residence,0,200,0.0,0.0
German Credit,R5_F5,5,5,age,0,200,0.0,0.0
German Credit,R5_F5,5,5,number_credits,1,200,0.03669677674770355,0.007463145535439253
German Credit,R5_F5,5,5,people_liable,0,200,0.0,0.0
Australian Credit Approval,R1_F1,1,1,a1,0,138,0.0,0.0
Australian Credit Approval,R1_F1,1,1,a4,1,138,0.4561597406864166,0.07677587121725082
Australian Credit Approval,R1_F1,1,1,a5,1,138,0.5392226576805115,0.0907561182975769
Australian Credit Approval,R1_F1,1,1,a6,1,138,0.19562554359436035,0.032925572246313095
Australian Credit Approval,R1_F1,1,1,a8,1,138,2.1111862659454346,0.35533201694488525
Australian Credit Approval,R1_F1,1,1,a9,1,138,0.055376362055540085,0.009320349432528019
Australian Credit Approval,R1_F1,1,1,a11,1,138,0.08157740533351898,0.013730226084589958
Australian Credit Approval,R1_F1,1,1,a12,0,138,0.0,0.0
Australian Credit Approval,R1_F1,1,1,a2,1,138,0.44732528924942017,0.07528895139694214
Australian Credit Approval,R1_F1,1,1,a3,1,138,0.5004695653915405,0.08423361927270889
Australian Credit Approval,R1_F1,1,1,a7,1,138,0.5311640501022339,0.0893997848033905
Australian Credit Approval,R1_F1,1,1,a10,1,138,0.560001015663147,0.094253309071064
Australian Credit Approval,R1_F1,1,1,a13,0,138,0.0,0.0
Australian Credit Approval,R1_F1,1,1,a14,1,138,0.46333834528923035,0.07798409461975098
Australian Credit Approval,R1_F2,1,2,a1,0,138,0.0,0.0
Australian Credit Approval,R1_F2,1,2,a4,1,138,0.26973530650138855,0.04665886238217354
Australian Credit Approval,R1_F2,1,2,a5,1,138,0.6068363785743713,0.10497066378593445
Australian Credit Approval,R1_F2,1,2,a6,1,138,0.24077321588993073,0.041648995131254196
Australian Credit Approval,R1_F2,1,2,a8,1,138,2.1145763397216797,0.3657797873020172
Australian Credit Approval,R1_F2,1,2,a9,1,138,0.009634679183363914,0.0016666084993630648
Australian Credit Approval,R1_F2,1,2,a11,0,138,0.0,0.0
Australian Credit Approval,R1_F2,1,2,a12,1,138,0.08338775485754013,0.014424428343772888
Australian Credit Approval,R1_F2,1,2,a2,1,138,0.4352811574935913,0.07529500871896744
Australian Credit Approval,R1_F2,1,2,a3,1,138,0.5112283825874329,0.08843237906694412
Australian Credit Approval,R1_F2,1,2,a7,1,138,0.6173113584518433,0.10678263008594513
Australian Credit Approval,R1_F2,1,2,a10,1,138,0.41806912422180176,0.07231767475605011
Australian Credit Approval,R1_F2,1,2,a13,0,138,0.0,0.0
Australian Credit Approval,R1_F2,1,2,a14,1,138,0.4741756021976471,0.08202297985553741
Australian Credit Approval,R1_F3,1,3,a1,0,138,0.0,0.0
Australian Credit Approval,R1_F3,1,3,a4,1,138,0.3363419771194458,0.05458974465727806
Australian Credit Approval,R1_F3,1,3,a5,1,138,0.6379887461662292,0.10354830324649811
Australian Credit Approval,R1_F3,1,3,a6,1,138,0.22453665733337402,0.03644326329231262
Australian Credit Approval,R1_F3,1,3,a8,1,138,2.1256637573242188,0.3450043499469757
Australian Credit Approval,R1_F3,1,3,a9,1,138,0.028181621804833412,0.004573998041450977
Australian Credit Approval,R1_F3,1,3,a11,0,138,0.0,0.0
Australian Credit Approval,R1_F3,1,3,a12,1,138,0.04959773272275925,0.008049924857914448
Australian Credit Approval,R1_F3,1,3,a2,1,138,0.41037076711654663,0.06660493463277817
Australian Credit Approval,R1_F3,1,3,a3,1,138,0.596845805644989,0.09687063097953796
Australian Credit Approval,R1_F3,1,3,a7,1,138,0.6119867563247681,0.09932807087898254
Australian Credit Approval,R1_F3,1,3,a10,1,138,0.4623205065727234,0.07503660023212433
Australian Credit Approval,R1_F3,1,3,a13,0,138,0.0,0.0
Australian Credit Approval,R1_F3,1,3,a14,1,138,0.6774325370788574,0.10995019972324371
Australian Credit Approval,R1_F4,1,4,a1,0,138,0.0,0.0
Australian Credit Approval,R1_F4,1,4,a4,1,138,0.24264304339885712,0.04231935739517212
Australian Credit Approval,R1_F4,1,4,a5,1,138,0.44913315773010254,0.0783332884311676
Australian Credit Approval,R1_F4,1,4,a6,1,138,0.1942853182554245,0.03388528898358345
Australian Credit Approval,R1_F4,1,4,a8,1,138,2.167473554611206,0.378028929233551
Australian Credit Approval,R1_F4,1,4,a9,1,138,0.03403949365019798,0.00593682611361146
Australian Credit Approval,R1_F4,1,4,a11,0,138,0.0,0.0
Australian Credit Approval,R1_F4,1,4,a12,1,138,0.09561075270175934,0.016675464808940887
Australian Credit Approval,R1_F4,1,4,a2,1,138,0.3926149010658264,0.06847593933343887
Australian Credit Approval,R1_F4,1,4,a3,1,138,0.4892689883708954,0.08533337712287903
Australian Credit Approval,R1_F4,1,4,a7,1,138,0.4518827497959137,0.0788128450512886
Australian Credit Approval,R1_F4,1,4,a10,1,138,0.4718596935272217,0.08229701966047287
Australian Credit Approval,R1_F4,1,4,a13,0,138,0.0,0.0
Australian Credit Approval,R1_F4,1,4,a14,1,138,0.7448065876960754,0.1299016773700714
Australian Credit Approval,R1_F5,1,5,a1,0,138,0.0,0.0
Australian Credit Approval,R1_F5,1,5,a4,1,138,0.1440531611442566,0.02523731254041195
Australian Credit Approval,R1_F5,1,5,a5,1,138,0.5683836340904236,0.0995776504278183
Australian Credit Approval,R1_F5,1,5,a6,1,138,0.2703167796134949,0.04735799506306648
Australian Credit Approval,R1_F5,1,5,a8,1,138,2.160479784011841,0.37850403785705566
Australian Credit Approval,R1_F5,1,5,a9,1,138,0.019234584644436836,0.0033697921317070723
Australian Credit Approval,R1_F5,1,5,a11,0,138,0.0,0.0
Australian Credit Approval,R1_F5,1,5,a12,1,138,0.02018716186285019,0.0035366783849895
Australian Credit Approval,R1_F5,1,5,a2,1,138,0.32735487818717957,0.057350751012563705
Australian Credit Approval,R1_F5,1,5,a3,1,138,0.5216782689094543,0.09139513224363327
Australian Credit Approval,R1_F5,1,5,a7,1,138,0.4406939148902893,0.07720711827278137
Australian Credit Approval,R1_F5,1,5,a10,1,138,0.45085856318473816,0.07898791134357452
Australian Credit Approval,R1_F5,1,5,a13,0,138,0.0,0.0
Australian Credit Approval,R1_F5,1,5,a14,1,138,0.7847030758857727,0.1374756097793579
Australian Credit Approval,R2_F1,2,1,a1,0,138,0.0,0.0
Australian Credit Approval,R2_F1,2,1,a4,1,138,0.3588235080242157,0.061213523149490356
Australian Credit Approval,R2_F1,2,1,a5,1,138,0.31157779693603516,0.053153637796640396
Australian Credit Approval,R2_F1,2,1,a6,1,138,0.23304398357868195,0.039756156504154205
Australian Credit Approval,R2_F1,2,1,a8,1,138,2.2292191982269287,0.3802938163280487
Australian Credit Approval,R2_F1,2,1,a9,1,138,0.045625101774930954,0.0077834175899624825
Australian Credit Approval,R2_F1,2,1,a11,0,138,0.0,0.0
Australian Credit Approval,R2_F1,2,1,a12,1,138,0.06484908610582352,0.011062934063374996
Australian Credit Approval,R2_F1,2,1,a2,1,138,0.3809472918510437,0.06498773396015167
Australian Credit Approval,R2_F1,2,1,a3,1,138,0.4503036439418793,0.07681958377361298
Australian Credit Approval,R2_F1,2,1,a7,1,138,0.6891087293624878,0.117558553814888
Australian Credit Approval,R2_F1,2,1,a10,1,138,0.5059905648231506,0.08631949871778488
Australian Credit Approval,R2_F1,2,1,a13,0,138,0.0,0.0
Australian Credit Approval,R2_F1,2,1,a14,1,138,0.5923446416854858,0.10105107724666595
Australian Credit Approval,R2_F2,2,2,a1,0,138,0.0,0.0
Australian Credit Approval,R2_F2,2,2,a4,1,138,0.30437690019607544,0.049907099455595016
Australian Credit Approval,R2_F2,2,2,a5,1,138,0.7655011415481567,0.12551525235176086
Australian Credit Approval,R2_F2,2,2,a6,1,138,0.3174939453601837,0.05205783247947693
Australian Credit Approval,R2_F2,2,2,a8,1,138,2.240171194076538,0.36730924248695374
Australian Credit Approval,R2_F2,2,2,a9,1,138,0.008623399771749973,0.0014139340491965413
Australian Credit Approval,R2_F2,2,2,a11,0,138,0.0,0.0
Australian Credit Approval,R2_F2,2,2,a12,1,138,0.06454495340585709,0.010583100840449333
Australian Credit Approval,R2_F2,2,2,a2,1,138,0.4248495399951935,0.06966037303209305
Australian Credit Approval,R2_F2,2,2,a3,1,138,0.5238094329833984,0.08588631451129913
Australian Credit Approval,R2_F2,2,2,a7,1,138,0.43302851915359497,0.07100144028663635
Australian Credit Approval,R2_F2,2,2,a10,1,138,0.32791683077812195,0.05376682057976723
Australian Credit Approval,R2_F2,2,2,a13,0,138,0.0,0.0
Australian Credit Approval,R2_F2,2,2,a14,1,138,0.6885538101196289,0.11289858818054199
Australian Credit Approval,R2_F3,2,3,a1,0,138,0.0,0.0
Australian Credit Approval,R2_F3,2,3,a4,1,138,0.15899550914764404,0.026743819937109947
Australian Credit Approval,R2_F3,2,3,a5,1,138,0.4840838611125946,0.0814252644777298
Australian Credit Approval,R2_F3,2,3,a6,1,138,0.306916207075119,0.051624804735183716
Australian Credit Approval,R2_F3,2,3,a8,1,138,2.1114683151245117,0.35515928268432617
Australian Credit Approval,R2_F3,2,3,a9,1,138,0.034638963639736176,0.005826442502439022
Australian Credit Approval,R2_F3,2,3,a11,0,138,0.0,0.0
Australian Credit Approval,R2_F3,2,3,a12,1,138,0.07621626555919647,0.012819947674870491
Australian Credit Approval,R2_F3,2,3,a2,1,138,0.3597181737422943,0.06050635129213333
Australian Credit Approval,R2_F3,2,3,a3,1,138,0.5313800573348999,0.08938071876764297
Australian Credit Approval,R2_F3,2,3,a7,1,138,0.5797855257987976,0.09752275049686432
Australian Credit Approval,R2_F3,2,3,a10,1,138,0.5202895998954773,0.08751524984836578
Australian Credit Approval,R2_F3,2,3,a13,0,138,0.0,0.0
Australian Credit Approval,R2_F3,2,3,a14,1,138,0.781637966632843,0.1314753144979477
Australian Credit Approval,R2_F4,2,4,a1,0,138,0.0,0.0
Australian Credit Approval,R2_F4,2,4,a4,1,138,0.34406614303588867,0.060023948550224304
Australian Credit Approval,R2_F4,2,4,a5,1,138,0.598902702331543,0.10448137670755386
Australian Credit Approval,R2_F4,2,4,a6,1,138,0.1690157651901245,0.029485590755939484
Australian Credit Approval,R2_F4,2,4,a8,1,138,2.1231534481048584,0.3703940510749817
Australian Credit Approval,R2_F4,2,4,a9,1,138,0.05467545986175537,0.00953838974237442
Australian Credit Approval,R2_F4,2,4,a11,0,138,0.0,0.0
Australian Credit Approval,R2_F4,2,4,a12,1,138,0.04836830869317055,0.008438077755272388
Australian Credit Approval,R2_F4,2,4,a2,1,138,0.40777796506881714,0.07113877683877945
Australian Credit Approval,R2_F4,2,4,a3,1,138,0.5282604694366455,0.0921575129032135
Australian Credit Approval,R2_F4,2,4,a7,1,138,0.44476228952407837,0.07759086042642593
Australian Credit Approval,R2_F4,2,4,a10,1,138,0.5360968112945557,0.09352459758520126
Australian Credit Approval,R2_F4,2,4,a13,0,138,0.0,0.0
Australian Credit Approval,R2_F4,2,4,a14,1,138,0.4770684242248535,0.08322682231664658
Australian Credit Approval,R2_F5,2,5,a1,0,138,0.0,0.0
Australian Credit Approval,R2_F5,2,5,a4,1,138,0.24126136302947998,0.0431194081902504
Australian Credit Approval,R2_F5,2,5,a5,1,138,0.6464345455169678,0.11553393304347992
Australian Credit Approval,R2_F5,2,5,a6,1,138,0.20830145478248596,0.037228651344776154
Australian Credit Approval,R2_F5,2,5,a8,1,138,2.0133094787597656,0.35982850193977356
Australian Credit Approval,R2_F5,2,5,a9,1,138,0.040194544941186905,0.007183765061199665
Australian Credit Approval,R2_F5,2,5,a11,0,138,0.0,0.0
Australian Credit Approval,R2_F5,2,5,a12,0,138,0.0,0.0
Australian Credit Approval,R2_F5,2,5,a2,1,138,0.3022637665271759,0.05402205511927605
Australian Credit Approval,R2_F5,2,5,a3,1,138,0.379655122756958,0.06785381585359573
Australian Credit Approval,R2_F5,2,5,a7,1,138,0.4179844558238983,0.07470422238111496
Australian Credit Approval,R2_F5,2,5,a10,1,138,0.38599810004234314,0.06898746639490128
Australian Credit Approval,R2_F5,2,5,a13,1,138,0.4298461079597473,0.07682419568300247
Australian Credit Approval,R2_F5,2,5,a14,1,138,0.52994304895401,0.09471400827169418
Australian Credit Approval,R3_F1,3,1,a1,0,138,0.0,0.0
Australian Credit Approval,R3_F1,3,1,a4,1,138,0.2406468689441681,0.042545512318611145
Australian Credit Approval,R3_F1,3,1,a5,1,138,0.514293909072876,0.09092533588409424
Australian Credit Approval,R3_F1,3,1,a6,1,138,0.1235322654247284,0.021840065717697144
Australian Credit Approval,R3_F1,3,1,a8,1,138,2.2160086631774902,0.3917824625968933
Australian Credit Approval,R3_F1,3,1,a9,1,138,0.028988685458898544,0.005125096533447504
Australian Credit Approval,R3_F1,3,1,a11,0,138,0.0,0.0
Australian Credit Approval,R3_F1,3,1,a12,1,138,0.10235141217708588,0.018095366656780243
Australian Credit Approval,R3_F1,3,1,a2,1,138,0.42824697494506836,0.07571253925561905
Australian Credit Approval,R3_F1,3,1,a3,1,138,0.5327326655387878,0.0941852405667305
Australian Credit Approval,R3_F1,3,1,a7,1,138,0.4069269299507141,0.07194323092699051
Australian Credit Approval,R3_F1,3,1,a10,1,138,0.4356899559497833,0.07702843844890594
Australian Credit Approval,R3_F1,3,1,a13,0,138,0.0,0.0
Australian Credit Approval,R3_F1,3,1,a14,1,138,0.6268041133880615,0.11081673949956894
Australian Credit Approval,R3_F2,3,2,a1,0,138,0.0,0.0
Australian Credit Approval,R3_F2,3,2,a4,1,138,0.3178350627422333,0.05218520760536194
Australian Credit Approval,R3_F2,3,2,a5,1,138,0.5292289853096008,0.08689388632774353
Australian Credit Approval,R3_F2,3,2,a6,1,138,0.19997689127922058,0.03283412382006645
Australian Credit Approval,R3_F2,3,2,a8,1,138,2.237083673477173,0.36730584502220154
Australian Credit Approval,R3_F2,3,2,a9,1,138,0.014150921255350113,0.002323433756828308
Australian Credit Approval,R3_F2,3,2,a11,0,138,0.0,0.0
Australian Credit Approval,R3_F2,3,2,a12,1,138,0.08826661109924316,0.01449245773255825
Australian Credit Approval,R3_F2,3,2,a2,1,138,0.37235376238822937,0.06113660708069801
Australian Credit Approval,R3_F2,3,2,a3,1,138,0.6268264055252075,0.1029183641076088
Australian Credit Approval,R3_F2,3,2,a7,1,138,0.4441540837287903,0.07292547076940536
Australian Credit Approval,R3_F2,3,2,a10,1,138,0.4810604155063629,0.07898510992527008
Australian Credit Approval,R3_F2,3,2,a13,0,138,0.0,0.0
Australian Credit Approval,R3_F2,3,2,a14,1,138,0.7795835733413696,0.12799949944019318
Australian Credit Approval,R3_F3,3,3,a1,0,138,0.0,0.0
Australian Credit Approval,R3_F3,3,3,a4,1,138,0.32834431529045105,0.05790357664227486
Australian Credit Approval,R3_F3,3,3,a5,1,138,0.6831873655319214,0.12048020958900452
Australian Credit Approval,R3_F3,3,3,a6,1,138,0.24013477563858032,0.04234780743718147
Australian Credit Approval,R3_F3,3,3,a8,1,138,1.8763049840927124,0.33088669180870056
Australian Credit Approval,R3_F3,3,3,a9,1,138,0.026810728013515472,0.004728076513856649
Australian Credit Approval,R3_F3,3,3,a11,0,138,0.0,0.0
Australian Credit Approval,R3_F3,3,3,a12,1,138,0.05711176246404648,0.010071668773889542
Australian Credit Approval,R3_F3,3,3,a2,1,138,0.37169134616851807,0.06554783135652542
Australian Credit Approval,R3_F3,3,3,a3,1,138,0.4793083071708679,0.08452609926462173
Australian Credit Approval,R3_F3,3,3,a7,1,138,0.5978121161460876,0.10542427003383636
Australian Credit Approval,R3_F3,3,3,a10,1,138,0.41734182834625244,0.07359830290079117
Australian Credit Approval,R3_F3,3,3,a13,0,138,0.0,0.0
Australian Credit Approval,R3_F3,3,3,a14,1,138,0.5924884676933289,0.10448544472455978
Australian Credit Approval,R3_F4,3,4,a1,0,138,0.0,0.0
Australian Credit Approval,R3_F4,3,4,a4,1,138,0.20359598100185394,0.035274945199489594
Australian Credit Approval,R3_F4,3,4,a5,1,138,0.5515034794807434,0.09555324167013168
Australian Credit Approval,R3_F4,3,4,a6,1,138,0.3970319330692291,0.06878957152366638
Australian Credit Approval,R3_F4,3,4,a8,1,138,2.112999200820923,0.36609727144241333
Australian Credit Approval,R3_F4,3,4,a9,1,138,0.019176127389073372,0.0033224469516426325
Australian Credit Approval,R3_F4,3,4,a11,0,138,0.0,0.0
Australian Credit Approval,R3_F4,3,4,a12,1,138,0.04817461594939232,0.008346712216734886
Australian Credit Approval,R3_F4,3,4,a2,1,138,0.34577232599258423,0.05990835279226303
Australian Credit Approval,R3_F4,3,4,a3,1,138,0.47152385115623474,0.08169600367546082
Australian Credit Approval,R3_F4,3,4,a7,1,138,0.5396953821182251,0.09350737184286118
Australian Credit Approval,R3_F4,3,4,a10,1,138,0.5939943790435791,0.1029151901602745
Australian Credit Approval,R3_F4,3,4,a13,0,138,0.0,0.0
Australian Credit Approval,R3_F4,3,4,a14,1,138,0.4882203936576843,0.08458884060382843
Australian Credit Approval,R3_F5,3,5,a1,0,138,0.0,0.0
Australian Credit Approval,R3_F5,3,5,a4,1,138,0.2581658661365509,0.04167047515511513
Australian Credit Approval,R3_F5,3,5,a5,1,138,0.5523061752319336,0.08914757519960403
Australian Credit Approval,R3_F5,3,5,a6,1,138,0.35518813133239746,0.05733080953359604
Australian Credit Approval,R3_F5,3,5,a8,1,138,2.2848920822143555,0.3688037395477295
Australian Credit Approval,R3_F5,3,5,a9,1,138,0.0339704304933548,0.005483157001435757
Australian Credit Approval,R3_F5,3,5,a11,0,138,0.0,0.0
Australian Credit Approval,R3_F5,3,5,a12,1,138,0.0288548544049263,0.004657453391700983
Australian Credit Approval,R3_F5,3,5,a2,1,138,0.44355639815330505,0.07159430533647537
Australian Credit Approval,R3_F5,3,5,a3,1,138,0.6004248857498169,0.09691440314054489
Australian Credit Approval,R3_F5,3,5,a7,1,138,0.5949310660362244,0.09602764248847961
Australian Credit Approval,R3_F5,3,5,a10,1,138,0.3930269479751587,0.06343836337327957
Australian Credit Approval,R3_F5,3,5,a13,0,138,0.0,0.0
Australian Credit Approval,R3_F5,3,5,a14,1,138,0.650097668170929,0.10493206977844238
Australian Credit Approval,R4_F1,4,1,a1,0,138,0.0,0.0
Australian Credit Approval,R4_F1,4,1,a4,1,138,0.30323097109794617,0.0522756353020668
Australian Credit Approval,R4_F1,4,1,a5,1,138,0.5991297364234924,0.1032872274518013
Australian Credit Approval,R4_F1,4,1,a6,1,138,0.1876976191997528,0.032358210533857346
Australian Credit Approval,R4_F1,4,1,a8,1,138,2.1366281509399414,0.3683449327945709
Australian Credit Approval,R4_F1,4,1,a9,1,138,0.040878426283597946,0.007047254126518965
Australian Credit Approval,R4_F1,4,1,a11,1,138,0.10684842616319656,0.018420180305838585
Australian Credit Approval,R4_F1,4,1,a12,0,138,0.0,0.0
Australian Credit Approval,R4_F1,4,1,a2,1,138,0.3972940444946289,0.06849168241024017
Australian Credit Approval,R4_F1,4,1,a3,1,138,0.6044267416000366,0.10420040786266327
Australian Credit Approval,R4_F1,4,1,a7,1,138,0.45678848028182983,0.07874824851751328
Australian Credit Approval,R4_F1,4,1,a10,1,138,0.41295304894447327,0.0711912214756012
Australian Credit Approval,R4_F1,4,1,a13,0,138,0.0,0.0
Australian Credit Approval,R4_F1,4,1,a14,1,138,0.5547420382499695,0.09563499689102173
Australian Credit Approval,R4_F2,4,2,a1,0,138,0.0,0.0
Australian Credit Approval,R4_F2,4,2,a4,1,138,0.3454931676387787,0.05858439952135086
Australian Credit Approval,R4_F2,4,2,a5,1,138,0.5990217328071594,0.10157459229230881
Australian Credit Approval,R4_F2,4,2,a6,1,138,0.2879981994628906,0.04883512109518051
Australian Credit Approval,R4_F2,4,2,a8,1,138,2.112715482711792,0.3582477867603302
Australian Credit Approval,R4_F2,4,2,a9,1,138,0.014501445926725864,0.0024589733220636845
Australian Credit Approval,R4_F2,4,2,a11,0,138,0.0,0.0
Australian Credit Approval,R4_F2,4,2,a12,1,138,0.11039433628320694,0.01871928758919239
Australian Credit Approval,R4_F2,4,2,a2,1,138,0.34928473830223083,0.05922732502222061
Australian Credit Approval,R4_F2,4,2,a3,1,138,0.46571704745292664,0.07897045463323593
Australian Credit Approval,R4_F2,4,2,a7,1,138,0.513358473777771,0.08704888820648193
Australian Credit Approval,R4_F2,4,2,a10,1,138,0.5635039210319519,0.09555193036794662
Australian Credit Approval,R4_F2,4,2,a13,0,138,0.0,0.0
Australian Credit Approval,R4_F2,4,2,a14,1,138,0.5353690981864929,0.09078117460012436
Australian Credit Approval,R4_F3,4,3,a1,0,138,0.0,0.0
Australian Credit Approval,R4_F3,4,3,a4,1,138,0.2469596266746521,0.043053459376096725
Australian Credit Approval,R4_F3,4,3,a5,1,138,0.5549538135528564,0.09674731642007828
Australian Credit Approval,R4_F3,4,3,a6,1,138,0.33187228441238403,0.057856619358062744
Australian Credit Approval,R4_F3,4,3,a8,1,138,2.1174323558807373,0.3691404461860657
Australian Credit Approval,R4_F3,4,3,a9,1,138,0.03493628650903702,0.006090582348406315
Australian Credit Approval,R4_F3,4,3,a11,0,138,0.0,0.0
Australian Credit Approval,R4_F3,4,3,a12,1,138,0.047933101654052734,0.008356369100511074
Australian Credit Approval,R4_F3,4,3,a2,1,138,0.39001956582069397,0.06799367070198059
Australian Credit Approval,R4_F3,4,3,a3,1,138,0.3952387869358063,0.06890355795621872
Australian Credit Approval,R4_F3,4,3,a7,1,138,0.46245014667510986,0.08062078058719635
Australian Credit Approval,R4_F3,4,3,a10,1,138,0.4765201508998871,0.08307366073131561
Australian Credit Approval,R4_F3,4,3,a13,0,138,0.0,0.0
Australian Credit Approval,R4_F3,4,3,a14,1,138,0.6777998208999634,0.11816354840993881
Australian Credit Approval,R4_F4,4,4,a1,0,138,0.0,0.0
Australian Credit Approval,R4_F4,4,4,a4,1,138,0.32026639580726624,0.05154586210846901
Australian Credit Approval,R4_F4,4,4,a5,1,138,0.5948636531829834,0.09574142098426819
Australian Credit Approval,R4_F4,4,4,a6,1,138,0.13635163009166718,0.02194536291062832
Australian Credit Approval,R4_F4,4,4,a8,1,138,2.1165318489074707,0.3406490981578827
Australian Credit Approval,R4_F4,4,4,a9,1,138,0.022710859775543213,0.003655240871012211
Australian Credit Approval,R4_F4,4,4,a11,0,138,0.0,0.0
Australian Credit Approval,R4_F4,4,4,a12,1,138,0.07891438156366348,0.012701019644737244
Australian Credit Approval,R4_F4,4,4,a2,1,138,0.49153921008110046,0.07911168038845062
Australian Credit Approval,R4_F4,4,4,a3,1,138,0.6500629186630249,0.10462556779384613
Australian Credit Approval,R4_F4,4,4,a7,1,138,0.600365936756134,0.09662699699401855
Australian Credit Approval,R4_F4,4,4,a10,1,138,0.5936388373374939,0.09554428607225418
Australian Credit Approval,R4_F4,4,4,a13,0,138,0.0,0.0
Australian Credit Approval,R4_F4,4,4,a14,1,138,0.6079865097999573,0.09785350412130356
Australian Credit Approval,R4_F5,4,5,a1,0,138,0.0,0.0
Australian Credit Approval,R4_F5,4,5,a4,1,138,0.17769533395767212,0.030828192830085754
Australian Credit Approval,R4_F5,4,5,a5,1,138,0.47593382000923157,0.08256930112838745
Australian Credit Approval,R4_F5,4,5,a6,1,138,0.24825608730316162,0.043069709092378616
Australian Credit Approval,R4_F5,4,5,a8,1,138,2.2054812908172607,0.38262683153152466
Australian Credit Approval,R4_F5,4,5,a9,1,138,0.01490162592381239,0.0025852688122540712
Australian Credit Approval,R4_F5,4,5,a11,0,138,0.0,0.0
Australian Credit Approval,R4_F5,4,5,a12,1,138,0.12306687980890274,0.02135075442492962
Australian Credit Approval,R4_F5,4,5,a2,1,138,0.30019864439964294,0.05208117514848709
Australian Credit Approval,R4_F5,4,5,a3,1,138,0.4786272943019867,0.08303658664226532
Australian Credit Approval,R4_F5,4,5,a7,1,138,0.5777430534362793,0.1002320870757103
Australian Credit Approval,R4_F5,4,5,a10,1,138,0.40239962935447693,0.06981192529201508
Australian Credit Approval,R4_F5,4,5,a13,0,138,0.0,0.0
Australian Credit Approval,R4_F5,4,5,a14,1,138,0.7597489356994629,0.1318081170320511
Australian Credit Approval,R5_F1,5,1,a1,0,138,0.0,0.0
Australian Credit Approval,R5_F1,5,1,a4,1,138,0.2634611427783966,0.046323101967573166
Australian Credit Approval,R5_F1,5,1,a5,1,138,0.4570199251174927,0.08035560697317123
Australian Credit Approval,R5_F1,5,1,a6,1,138,0.353915274143219,0.062227215617895126
Australian Credit Approval,R5_F1,5,1,a8,1,138,2.056084394454956,0.3615114092826843
Australian Credit Approval,R5_F1,5,1,a9,1,138,0.01539893914014101,0.0027075211983174086
Australian Credit Approval,R5_F1,5,1,a11,0,138,0.0,0.0
Australian Credit Approval,R5_F1,5,1,a12,1,138,0.040634047240018845,0.0071444883942604065
Australian Credit Approval,R5_F1,5,1,a2,1,138,0.3417166769504547,0.06008239462971687
Australian Credit Approval,R5_F1,5,1,a3,1,138,0.5552164316177368,0.09762103110551834
Australian Credit Approval,R5_F1,5,1,a7,1,138,0.4681735932826996,0.08231670409440994
Australian Credit Approval,R5_F1,5,1,a10,1,138,0.581468939781189,0.10223688185214996
Australian Credit Approval,R5_F1,5,1,a13,0,138,0.0,0.0
Australian Credit Approval,R5_F1,5,1,a14,1,138,0.5543785095214844,0.09747370332479477
Australian Credit Approval,R5_F2,5,2,a1,0,138,0.0,0.0
Australian Credit Approval,R5_F2,5,2,a4,1,138,0.2636120617389679,0.04503442347049713
Australian Credit Approval,R5_F2,5,2,a5,1,138,0.7565367221832275,0.12924368679523468
Australian Credit Approval,R5_F2,5,2,a6,1,138,0.230341374874115,0.039350591599941254
Australian Credit Approval,R5_F2,5,2,a8,1,138,2.138935089111328,0.3654070496559143
Australian Credit Approval,R5_F2,5,2,a9,1,138,0.006108137778937817,0.0010434896685183048
Australian Credit Approval,R5_F2,5,2,a11,0,138,0.0,0.0
Australian Credit Approval,R5_F2,5,2,a12,1,138,0.1002752035856247,0.017130611464381218
Australian Credit Approval,R5_F2,5,2,a2,1,138,0.3217528760433197,0.054966967552900314
Australian Credit Approval,R5_F2,5,2,a3,1,138,0.4519972503185272,0.07721739262342453
Australian Credit Approval,R5_F2,5,2,a7,1,138,0.5648679733276367,0.09649977087974548
Australian Credit Approval,R5_F2,5,2,a10,1,138,0.4527985751628876,0.07735428214073181
Australian Credit Approval,R5_F2,5,2,a13,0,138,0.0,0.0
Australian Credit Approval,R5_F2,5,2,a14,1,138,0.566342830657959,0.09675172716379166
Australian Credit Approval,R5_F3,5,3,a1,0,138,0.0,0.0
Australian Credit Approval,R5_F3,5,3,a4,1,138,0.28700491786003113,0.05131090432405472
Australian Credit Approval,R5_F3,5,3,a5,1,138,0.483609139919281,0.0864599198102951
Australian Credit Approval,R5_F3,5,3,a6,1,138,0.2517940402030945,0.045015886425971985
Australian Credit Approval,R5_F3,5,3,a8,1,138,2.1118502616882324,0.37755781412124634
Australian Credit Approval,R5_F3,5,3,a9,1,138,0.020091969519853592,0.0035920538939535618
Australian Credit Approval,R5_F3,5,3,a11,0,138,0.0,0.0
Australian Credit Approval,R5_F3,5,3,a12,1,138,0.06750765442848206,0.012069057673215866
Australian Credit Approval,R5_F3,5,3,a2,1,138,0.33673009276390076,0.060200802981853485
Australian Credit Approval,R5_F3,5,3,a3,1,138,0.43137502670288086,0.07712148129940033
Australian Credit Approval,R5_F3,5,3,a7,1,138,0.48293742537498474,0.08633983135223389
Australian Credit Approval,R5_F3,5,3,a10,1,138,0.4548417031764984,0.08131686598062515
Australian Credit Approval,R5_F3,5,3,a13,0,138,0.0,0.0
Australian Credit Approval,R5_F3,5,3,a14,1,138,0.665706217288971,0.11901534348726273
Australian Credit Approval,R5_F4,5,4,a1,0,138,0.0,0.0
Australian Credit Approval,R5_F4,5,4,a4,1,138,0.3277272582054138,0.05454820394515991
Australian Credit Approval,R5_F4,5,4,a5,1,138,0.44622549414634705,0.07427150756120682
Australian Credit Approval,R5_F4,5,4,a6,1,138,0.25780683755874634,0.0429103747010231
Australian Credit Approval,R5_F4,5,4,a8,1,138,2.189939498901367,0.36450207233428955
Australian Credit Approval,R5_F4,5,4,a9,1,138,0.02256973460316658,0.0037565946113318205
Australian Credit Approval,R5_F4,5,4,a11,0,138,0.0,0.0
Australian Credit Approval,R5_F4,5,4,a12,1,138,0.042625028640031815,0.00709467614069581
Australian Credit Approval,R5_F4,5,4,a2,1,138,0.39371663331985474,0.06553173065185547
Australian Credit Approval,R5_F4,5,4,a3,1,138,0.5185084939002991,0.08630257844924927
Australian Credit Approval,R5_F4,5,4,a7,1,138,0.5893889665603638,0.0981002002954483
Australian Credit Approval,R5_F4,5,4,a10,1,138,0.45034921169281006,0.07495787739753723
Australian Credit Approval,R5_F4,5,4,a13,0,138,0.0,0.0
Australian Credit Approval,R5_F4,5,4,a14,1,138,0.7691734433174133,0.12802422046661377
Australian Credit Approval,R5_F5,5,5,a1,0,138,0.0,0.0
Australian Credit Approval,R5_F5,5,5,a4,1,138,0.2695139944553375,0.046979255974292755
Australian Credit Approval,R5_F5,5,5,a5,1,138,0.6391894817352295,0.11141776293516159
Australian Credit Approval,R5_F5,5,5,a6,1,138,0.2046431005001068,0.035671547055244446
Australian Credit Approval,R5_F5,5,5,a8,1,138,2.1509642601013184,0.3749367594718933
Australian Credit Approval,R5_F5,5,5,a9,1,138,0.014970516785979271,0.002609526040032506
Australian Credit Approval,R5_F5,5,5,a11,0,138,0.0,0.0
Australian Credit Approval,R5_F5,5,5,a12,1,138,0.054909467697143555,0.009571325033903122
Australian Credit Approval,R5_F5,5,5,a2,1,138,0.3079450726509094,0.05367821827530861
Australian Credit Approval,R5_F5,5,5,a3,1,138,0.645164966583252,0.11245936155319214
Australian Credit Approval,R5_F5,5,5,a7,1,138,0.43446701765060425,0.07573238760232925
Australian Credit Approval,R5_F5,5,5,a10,1,138,0.4655427932739258,0.08114923536777496
Australian Credit Approval,R5_F5,5,5,a13,0,138,0.0,0.0
Australian Credit Approval,R5_F5,5,5,a14,1,138,0.5495614409446716,0.09579461067914963
Taiwan Credit Card Default,R1_F1,1,1,sex,1,1000,0.05156354978680611,0.02669423818588257
Taiwan Credit Card Default,R1_F1,1,1,education,1,1000,0.06262616813182831,0.032421309500932693
Taiwan Credit Card Default,R1_F1,1,1,marriage,1,1000,0.06448271870613098,0.033382438123226166
Taiwan Credit Card Default,R1_F1,1,1,pay_0,1,1000,0.5101224780082703,0.26408830285072327
Taiwan Credit Card Default,R1_F1,1,1,pay_2,1,1000,0.1086282879114151,0.05623641610145569
Taiwan Credit Card Default,R1_F1,1,1,pay_3,1,1000,0.08709429204463959,0.04508835822343826
Taiwan Credit Card Default,R1_F1,1,1,pay_4,1,1000,0.05506709963083267,0.028508011251688004
Taiwan Credit Card Default,R1_F1,1,1,pay_5,1,1000,0.03657954931259155,0.018937082961201668
Taiwan Credit Card Default,R1_F1,1,1,pay_6,1,1000,0.07221732288599014,0.037386611104011536
Taiwan Credit Card Default,R1_F1,1,1,limit_bal,1,1000,0.19828343391418457,0.10265051573514938
Taiwan Credit Card Default,R1_F1,1,1,age,1,1000,0.04282885417342186,0.022172322496771812
Taiwan Credit Card Default,R1_F1,1,1,bill_amt1,0,1000,0.0,0.0
Taiwan Credit Card Default,R1_F1,1,1,bill_amt2,1,1000,0.13760533928871155,0.0712377205491066
Taiwan Credit Card Default,R1_F1,1,1,bill_amt3,0,1000,0.0,0.0
Taiwan Credit Card Default,R1_F1,1,1,bill_amt4,0,1000,0.0,0.0
Taiwan Credit Card Default,R1_F1,1,1,bill_amt5,0,1000,0.0,0.0
Taiwan Credit Card Default,R1_F1,1,1,bill_amt6,0,1000,0.0,0.0
Taiwan Credit Card Default,R1_F1,1,1,pay_amt1,1,1000,0.10217665135860443,0.05289643257856369
Taiwan Credit Card Default,R1_F1,1,1,pay_amt2,1,1000,0.10179729014635086,0.05270003899931908
Taiwan Credit Card Default,R1_F1,1,1,pay_amt3,1,1000,0.09577284753322601,0.04958121106028557
Taiwan Credit Card Default,R1_F1,1,1,pay_amt4,1,1000,0.1085859015583992,0.05621447414159775
Taiwan Credit Card Default,R1_F1,1,1,pay_amt5,1,1000,0.036817654967308044,0.019060349091887474
Taiwan Credit Card Default,R1_F1,1,1,pay_amt6,1,1000,0.05938652530312538,0.0307441595941782
Taiwan Credit Card Default,R1_F2,1,2,sex,1,1000,0.06442192196846008,0.03163597732782364
Taiwan Credit Card Default,R1_F2,1,2,education,1,1000,0.058095380663871765,0.028529172763228416
Taiwan Credit Card Default,R1_F2,1,2,marriage,1,1000,0.0592811182141304,0.029111457988619804
Taiwan Credit Card Default,R1_F2,1,2,pay_0,1,1000,0.5271097421646118,0.2588502764701843
Taiwan Credit Card Default,R1_F2,1,2,pay_2,1,1000,0.11402501165866852,0.055994801223278046
Taiwan Credit Card Default,R1_F2,1,2,pay_3,1,1000,0.09341970086097717,0.04587605223059654
Taiwan Credit Card Default,R1_F2,1,2,pay_4,1,1000,0.05018856003880501,0.02464633248746395
Taiwan Credit Card Default,R1_F2,1,2,pay_5,1,1000,0.06740562617778778,0.033101197332143784
Taiwan Credit Card Default,R1_F2,1,2,pay_6,1,1000,0.06230657547712326,0.030597183853387833
Taiwan Credit Card Default,R1_F2,1,2,limit_bal,1,1000,0.22464144229888916,0.1103157326579094
Taiwan Credit Card Default,R1_F2,1,2,age,1,1000,0.03745696321129799,0.018394166603684425
Taiwan Credit Card Default,R1_F2,1,2,bill_amt1,1,1000,0.20234504342079163,0.09936653077602386
Taiwan Credit Card Default,R1_F2,1,2,bill_amt2,0,1000,0.0,0.0
Taiwan Credit Card Default,R1_F2,1,2,bill_amt3,0,1000,0.0,0.0
Taiwan Credit Card Default,R1_F2,1,2,bill_amt4,0,1000,0.0,0.0
Taiwan Credit Card Default,R1_F2,1,2,bill_amt5,0,1000,0.0,0.0
Taiwan Credit Card Default,R1_F2,1,2,bill_amt6,0,1000,0.0,0.0
Taiwan Credit Card Default,R1_F2,1,2,pay_amt1,1,1000,0.12032447010278702,0.05908830463886261
Taiwan Credit Card Default,R1_F2,1,2,pay_amt2,1,1000,0.09107572585344315,0.04472498595714569
Taiwan Credit Card Default,R1_F2,1,2,pay_amt3,1,1000,0.10896196216344833,0.053508464246988297
Taiwan Credit Card Default,R1_F2,1,2,pay_amt4,1,1000,0.05970250815153122,0.029318392276763916
Taiwan Credit Card Default,R1_F2,1,2,pay_amt5,1,1000,0.039481982588768005,0.019388603046536446
Taiwan Credit Card Default,R1_F2,1,2,pay_amt6,1,1000,0.05610647052526474,0.027552468702197075
Taiwan Credit Card Default,R1_F3,1,3,sex,1,1000,0.04796520993113518,0.024010606110095978
Taiwan Credit Card Default,R1_F3,1,3,education,1,1000,0.06554989516735077,0.032813213765621185
Taiwan Credit Card Default,R1_F3,1,3,marriage,1,1000,0.07456709444522858,0.037327077239751816
Taiwan Credit Card Default,R1_F3,1,3,pay_0,1,1000,0.514388382434845,0.2574944794178009
Taiwan Credit Card Default,R1_F3,1,3,pay_2,1,1000,0.10763595998287201,0.05388081446290016
Taiwan Credit Card Default,R1_F3,1,3,pay_3,1,1000,0.09727837145328522,0.04869597405195236
Taiwan Credit Card Default,R1_F3,1,3,pay_4,1,1000,0.059906624257564545,0.029988283291459084
Taiwan Credit Card Default,R1_F3,1,3,pay_5,1,1000,0.05031640827655792,0.025187576189637184
Taiwan Credit Card Default,R1_F3,1,3,pay_6,1,1000,0.06441633403301239,0.03224577009677887
Taiwan Credit Card Default,R1_F3,1,3,limit_bal,1,1000,0.2190777212381363,0.10966674983501434
Taiwan Credit Card Default,R1_F3,1,3,age,1,1000,0.04287154972553253,0.021460801362991333
Taiwan Credit Card Default,R1_F3,1,3,bill_amt1,1,1000,0.19774599373340607,0.09898843616247177
Taiwan Credit Card Default,R1_F3,1,3,bill_amt2,0,1000,0.0,0.0
Taiwan Credit Card Default,R1_F3,1,3,bill_amt3,0,1000,0.0,0.0
Taiwan Credit Card Default,R1_F3,1,3,bill_amt4,0,1000,0.0,0.0
Taiwan Credit Card Default,R1_F3,1,3,bill_amt5,0,1000,0.0,0.0
Taiwan Credit Card Default,R1_F3,1,3,bill_amt6,0,1000,0.0,0.0
Taiwan Credit Card Default,R1_F3,1,3,pay_amt1,1,1000,0.11472810804843903,0.05743102729320526
Taiwan Credit Card Default,R1_F3,1,3,pay_amt2,1,1000,0.08926628530025482,0.044685252010822296
Taiwan Credit Card Default,R1_F3,1,3,pay_amt3,1,1000,0.09317570179700851,0.0466422438621521
Taiwan Credit Card Default,R1_F3,1,3,pay_amt4,1,1000,0.07333196699619293,0.03670879080891609
Taiwan Credit Card Default,R1_F3,1,3,pay_amt5,1,1000,0.03581462800502777,0.017928222194314003
Taiwan Credit Card Default,R1_F3,1,3,pay_amt6,1,1000,0.049631502479314804,0.02484472468495369
Taiwan Credit Card Default,R1_F4,1,4,sex,1,1000,0.04413615167140961,0.021946372464299202
Taiwan Credit Card Default,R1_F4,1,4,education,1,1000,0.042962756007909775,0.0213629100471735
Taiwan Credit Card Default,R1_F4,1,4,marriage,1,1000,0.07309339940547943,0.03634514659643173
Taiwan Credit Card Default,R1_F4,1,4,pay_0,1,1000,0.525141179561615,0.26112252473831177
Taiwan Credit Card Default,R1_F4,1,4,pay_2,1,1000,0.10794148594141006,0.05367309972643852
Taiwan Credit Card Default,R1_F4,1,4,pay_3,1,1000,0.07724938541650772,0.03841168060898781
Taiwan Credit Card Default,R1_F4,1,4,pay_4,1,1000,0.05461689829826355,0.027157844975590706
Taiwan Credit Card Default,R1_F4,1,4,pay_5,1,1000,0.05347195267677307,0.026588529348373413
Taiwan Credit Card Default,R1_F4,1,4,pay_6,1,1000,0.05864815413951874,0.02916235662996769
Taiwan Credit Card Default,R1_F4,1,4,limit_bal,1,1000,0.22567494213581085,0.11221518367528915
Taiwan Credit Card Default,R1_F4,1,4,age,1,1000,0.040611013770103455,0.020193524658679962
Taiwan Credit Card Default,R1_F4,1,4,bill_amt1,0,1000,0.0,0.0
Taiwan Credit Card Default,R1_F4,1,4,bill_amt2,1,1000,0.18352043628692627,0.09125416725873947
Taiwan Credit Card Default,R1_F4,1,4,bill_amt3,0,1000,0.0,0.0
Taiwan Credit Card Default,R1_F4,1,4,bill_amt4,0,1000,0.0,0.0
Taiwan Credit Card Default,R1_F4,1,4,bill_amt5,0,1000,0.0,0.0
Taiwan Credit Card Default,R1_F4,1,4,bill_amt6,0,1000,0.0,0.0
Taiwan Credit Card Default,R1_F4,1,4,pay_amt1,1,1000,0.10613148659467697,0.052773091942071915
Taiwan Credit Card Default,R1_F4,1,4,pay_amt2,1,1000,0.1278807371854782,0.0635877400636673
Taiwan Credit Card Default,R1_F4,1,4,pay_amt3,1,1000,0.10087565332651138,0.05015966668725014
Taiwan Credit Card Default,R1_F4,1,4,pay_amt4,1,1000,0.09544084221124649,0.0474572479724884
Taiwan Credit Card Default,R1_F4,1,4,pay_amt5,1,1000,0.037341970950365067,0.018568016588687897
Taiwan Credit Card Default,R1_F4,1,4,pay_amt6,1,1000,0.0563526451587677,0.028020933270454407
Taiwan Credit Card Default,R1_F5,1,5,sex,1,1000,0.02986406534910202,0.015342307277023792
Taiwan Credit Card Default,R1_F5,1,5,education,1,1000,0.050666749477386475,0.02602943778038025
Taiwan Credit Card Default,R1_F5,1,5,marriage,1,1000,0.06889770925045013,0.03539537638425827
Taiwan Credit Card Default,R1_F5,1,5,pay_0,1,1000,0.5039693117141724,0.258908212184906
Taiwan Credit Card Default,R1_F5,1,5,pay_2,1,1000,0.09180252999067307,0.04716245457530022
Taiwan Credit Card Default,R1_F5,1,5,pay_3,1,1000,0.09861371666193008,0.05066161975264549
Taiwan Credit Card Default,R1_F5,1,5,pay_4,1,1000,0.04611369967460632,0.02369036339223385
Taiwan Credit Card Default,R1_F5,1,5,pay_5,1,1000,0.041713736951351166,0.021429935470223427
Taiwan Credit Card Default,R1_F5,1,5,pay_6,1,1000,0.08296961337327957,0.04262464866042137
Taiwan Credit Card Default,R1_F5,1,5,limit_bal,1,1000,0.2278287261724472,0.11704429239034653
Taiwan Credit Card Default,R1_F5,1,5,age,1,1000,0.04842265695333481,0.024876562878489494
Taiwan Credit Card Default,R1_F5,1,5,bill_amt1,1,1000,0.2065054476261139,0.10608971118927002
Taiwan Credit Card Default,R1_F5,1,5,bill_amt2,0,1000,0.0,0.0
Taiwan Credit Card Default,R1_F5,1,5,bill_amt3,0,1000,0.0,0.0
Taiwan Credit Card Default,R1_F5,1,5,bill_amt4,0,1000,0.0,0.0
Taiwan Credit Card Default,R1_F5,1,5,bill_amt5,0,1000,0.0,0.0
Taiwan Credit Card Default,R1_F5,1,5,bill_amt6,0,1000,0.0,0.0
Taiwan Credit Card Default,R1_F5,1,5,pay_amt1,1,1000,0.09688404202461243,0.049773018807172775
Taiwan Credit Card Default,R1_F5,1,5,pay_amt2,1,1000,0.1013830304145813,0.05208432301878929
Taiwan Credit Card Default,R1_F5,1,5,pay_amt3,1,1000,0.09764240682125092,0.05016262084245682
Taiwan Credit Card Default,R1_F5,1,5,pay_amt4,1,1000,0.07995910197496414,0.04107803478837013
Taiwan Credit Card Default,R1_F5,1,5,pay_amt5,1,1000,0.03364485502243042,0.017284642904996872
Taiwan Credit Card Default,R1_F5,1,5,pay_amt6,1,1000,0.03963571786880493,0.020362377166748047
Taiwan Credit Card Default,R2_F1,2,1,sex,1,1000,0.0590701624751091,0.02986607700586319
Taiwan Credit Card Default,R2_F1,2,1,education,1,1000,0.05957216024398804,0.030119888484477997
Taiwan Credit Card Default,R2_F1,2,1,marriage,1,1000,0.07485546171665192,0.03784717619419098
Taiwan Credit Card Default,R2_F1,2,1,pay_0,1,1000,0.5191888213157654,0.26250365376472473
Taiwan Credit Card Default,R2_F1,2,1,pay_2,1,1000,0.10708837956190109,0.054144252091646194
Taiwan Credit Card Default,R2_F1,2,1,pay_3,1,1000,0.09121095389127731,0.04611657187342644
Taiwan Credit Card Default,R2_F1,2,1,pay_4,1,1000,0.05786266550421715,0.029255561530590057
Taiwan Credit Card Default,R2_F1,2,1,pay_5,1,1000,0.052521899342536926,0.026555251330137253
Taiwan Credit Card Default,R2_F1,2,1,pay_6,1,1000,0.058632250875234604,0.029644666239619255
Taiwan Credit Card Default,R2_F1,2,1,limit_bal,1,1000,0.21414107084274292,0.10827045887708664
Taiwan Credit Card Default,R2_F1,2,1,age,1,1000,0.04219779744744301,0.02133535034954548
Taiwan Credit Card Default,R2_F1,2,1,bill_amt1,1,1000,0.18552127480506897,0.09380019456148148
Taiwan Credit Card Default,R2_F1,2,1,bill_amt2,0,1000,0.0,0.0
Taiwan Credit Card Default,R2_F1,2,1,bill_amt3,0,1000,0.0,0.0
Taiwan Credit Card Default,R2_F1,2,1,bill_amt4,0,1000,0.0,0.0
Taiwan Credit Card Default,R2_F1,2,1,bill_amt5,0,1000,0.0,0.0
Taiwan Credit Card Default,R2_F1,2,1,bill_amt6,0,1000,0.0,0.0
Taiwan Credit Card Default,R2_F1,2,1,pay_amt1,1,1000,0.08063387870788574,0.04076876491308212
Taiwan Credit Card Default,R2_F1,2,1,pay_amt2,1,1000,0.11248045414686203,0.05687050148844719
Taiwan Credit Card Default,R2_F1,2,1,pay_amt3,1,1000,0.07786909490823746,0.03937087953090668
Taiwan Credit Card Default,R2_F1,2,1,pay_amt4,1,1000,0.07566996663808823,0.03825899586081505
Taiwan Credit Card Default,R2_F1,2,1,pay_amt5,1,1000,0.05567855015397072,0.028151266276836395
Taiwan Credit Card Default,R2_F1,2,1,pay_amt6,1,1000,0.05363984778523445,0.027120491489768028
Taiwan Credit Card Default,R2_F2,2,2,sex,1,1000,0.04888639971613884,0.025283610448241234
Taiwan Credit Card Default,R2_F2,2,2,education,1,1000,0.03747387230396271,0.019381152465939522
Taiwan Credit Card Default,R2_F2,2,2,marriage,1,1000,0.05077444016933441,0.02626008912920952
Taiwan Credit Card Default,R2_F2,2,2,pay_0,1,1000,0.49774986505508423,0.2574318051338196
Taiwan Credit Card Default,R2_F2,2,2,pay_2,1,1000,0.11146572232246399,0.05764907971024513
Taiwan Credit Card Default,R2_F2,2,2,pay_3,1,1000,0.07887134701013565,0.04079155996441841
Taiwan Credit Card Default,R2_F2,2,2,pay_4,1,1000,0.06433013081550598,0.03327096998691559
Taiwan Credit Card Default,R2_F2,2,2,pay_5,1,1000,0.050169937312603,0.02594744600355625
Taiwan Credit Card Default,R2_F2,2,2,pay_6,1,1000,0.06981072574853897,0.03610548749566078
Taiwan Credit Card Default,R2_F2,2,2,limit_bal,1,1000,0.2404177337884903,0.12434191256761551
Taiwan Credit Card Default,R2_F2,2,2,age,1,1000,0.053183816373348236,0.02750619687139988
Taiwan Credit Card Default,R2_F2,2,2,bill_amt1,1,1000,0.1974918246269226,0.10214101523160934
Taiwan Credit Card Default,R2_F2,2,2,bill_amt2,0,1000,0.0,0.0
Taiwan Credit Card Default,R2_F2,2,2,bill_amt3,0,1000,0.0,0.0
Taiwan Credit Card Default,R2_F2,2,2,bill_amt4,0,1000,0.0,0.0
Taiwan Credit Card Default,R2_F2,2,2,bill_amt5,0,1000,0.0,0.0
Taiwan Credit Card Default,R2_F2,2,2,bill_amt6,0,1000,0.0,0.0
Taiwan Credit Card Default,R2_F2,2,2,pay_amt1,1,1000,0.08886171132326126,0.04595848545432091
Taiwan Credit Card Default,R2_F2,2,2,pay_amt2,1,1000,0.09520331025123596,0.049238305538892746
Taiwan Credit Card Default,R2_F2,2,2,pay_amt3,1,1000,0.10034596174955368,0.0518980398774147
Taiwan Credit Card Default,R2_F2,2,2,pay_amt4,1,1000,0.06704054772853851,0.034672774374485016
Taiwan Credit Card Default,R2_F2,2,2,pay_amt5,1,1000,0.030394308269023895,0.015719665214419365
Taiwan Credit Card Default,R2_F2,2,2,pay_amt6,1,1000,0.05104950815439224,0.02640235237777233
Taiwan Credit Card Default,R2_F3,2,3,sex,1,1000,0.05026049539446831,0.02524828165769577
Taiwan Credit Card Default,R2_F3,2,3,education,1,1000,0.06498256325721741,0.032643888145685196
Taiwan Credit Card Default,R2_F3,2,3,marriage,1,1000,0.06389313191175461,0.03209661319851875
Taiwan Credit Card Default,R2_F3,2,3,pay_0,1,1000,0.49846041202545166,0.2504008114337921
Taiwan Credit Card Default,R2_F3,2,3,pay_2,1,1000,0.08496607840061188,0.042682576924562454
Taiwan Credit Card Default,R2_F3,2,3,pay_3,1,1000,0.10955914855003357,0.055036865174770355
Taiwan Credit Card Default,R2_F3,2,3,pay_4,1,1000,0.06579934805631638,0.03305419906973839
Taiwan Credit Card Default,R2_F3,2,3,pay_5,1,1000,0.03903910890221596,0.019611235707998276
Taiwan Credit Card Default,R2_F3,2,3,pay_6,1,1000,0.07619909942150116,0.038278497755527496
Taiwan Credit Card Default,R2_F3,2,3,limit_bal,1,1000,0.2112555205821991,0.10612387955188751
Taiwan Credit Card Default,R2_F3,2,3,age,1,1000,0.04091707244515419,0.02055462636053562
Taiwan Credit Card Default,R2_F3,2,3,bill_amt1,1,1000,0.20443041622638702,0.10269530117511749
Taiwan Credit Card Default,R2_F3,2,3,bill_amt2,0,1000,0.0,0.0
Taiwan Credit Card Default,R2_F3,2,3,bill_amt3,0,1000,0.0,0.0
Taiwan Credit Card Default,R2_F3,2,3,bill_amt4,0,1000,0.0,0.0
Taiwan Credit Card Default,R2_F3,2,3,bill_amt5,0,1000,0.0,0.0
Taiwan Credit Card Default,R2_F3,2,3,bill_amt6,0,1000,0.0,0.0
Taiwan Credit Card Default,R2_F3,2,3,pay_amt1,1,1000,0.1241672933101654,0.06237524375319481
Taiwan Credit Card Default,R2_F3,2,3,pay_amt2,1,1000,0.10607095062732697,0.053284574300050735
Taiwan Credit Card Default,R2_F3,2,3,pay_amt3,1,1000,0.09131466597318649,0.04587177932262421
Taiwan Credit Card Default,R2_F3,2,3,pay_amt4,1,1000,0.07909117639064789,0.03973132744431496
Taiwan Credit Card Default,R2_F3,2,3,pay_amt5,1,1000,0.03072110004723072,0.015432696789503098
Taiwan Credit Card Default,R2_F3,2,3,pay_amt6,1,1000,0.04952263459563255,0.02487761713564396
Taiwan Credit Card Default,R2_F4,2,4,sex,1,1000,0.03854651376605034,0.019355732947587967
Taiwan Credit Card Default,R2_F4,2,4,education,1,1000,0.0573979951441288,0.028821809217333794
Taiwan Credit Card Default,R2_F4,2,4,marriage,1,1000,0.08304545283317566,0.041700415313243866
Taiwan Credit Card Default,R2_F4,2,4,pay_0,1,1000,0.5143342018127441,0.2582676112651825
Taiwan Credit Card Default,R2_F4,2,4,pay_2,1,1000,0.11348091065883636,0.05698326602578163
Taiwan Credit Card Default,R2_F4,2,4,pay_3,1,1000,0.0875570997595787,0.043965891003608704
Taiwan Credit Card Default,R2_F4,2,4,pay_4,1,1000,0.05618394911289215,0.02821218967437744
Taiwan Credit Card Default,R2_F4,2,4,pay_5,1,1000,0.05568031594157219,0.027959294617176056
Taiwan Credit Card Default,R2_F4,2,4,pay_6,1,1000,0.06732123345136642,0.03380466252565384
Taiwan Credit Card Default,R2_F4,2,4,limit_bal,1,1000,0.21446552872657776,0.10769164562225342
Taiwan Credit Card Default,R2_F4,2,4,age,1,1000,0.0380878821015358,0.01912543550133705
Taiwan Credit Card Default,R2_F4,2,4,bill_amt1,0,1000,0.0,0.0
Taiwan Credit Card Default,R2_F4,2,4,bill_amt2,1,1000,0.1535463035106659,0.0771016851067543
Taiwan Credit Card Default,R2_F4,2,4,bill_amt3,0,1000,0.0,0.0
Taiwan Credit Card Default,R2_F4,2,4,bill_amt4,0,1000,0.0,0.0
Taiwan Credit Card Default,R2_F4,2,4,bill_amt5,0,1000,0.0,0.0
Taiwan Credit Card Default,R2_F4,2,4,bill_amt6,0,1000,0.0,0.0
Taiwan Credit Card Default,R2_F4,2,4,pay_amt1,1,1000,0.12446703761816025,0.06249983608722687
Taiwan Credit Card Default,R2_F4,2,4,pay_amt2,1,1000,0.09756433963775635,0.048990923911333084
Taiwan Credit Card Default,R2_F4,2,4,pay_amt3,1,1000,0.10263743251562119,0.05153832584619522
Taiwan Credit Card Default,R2_F4,2,4,pay_amt4,1,1000,0.08793915808200836,0.044157739728689194
Taiwan Credit Card Default,R2_F4,2,4,pay_amt5,1,1000,0.04609747603535652,0.023147370666265488
Taiwan Credit Card Default,R2_F4,2,4,pay_amt6,1,1000,0.053124941885471344,0.02667614072561264
Taiwan Credit Card Default,R2_F5,2,5,sex,1,1000,0.04284515604376793,0.021199874579906464
Taiwan Credit Card Default,R2_F5,2,5,education,1,1000,0.06600707769393921,0.03266044333577156
Taiwan Credit Card Default,R2_F5,2,5,marriage,1,1000,0.05405300855636597,0.026745542883872986
Taiwan Credit Card Default,R2_F5,2,5,pay_0,1,1000,0.5077884793281555,0.2512548267841339
Taiwan Credit Card Default,R2_F5,2,5,pay_2,1,1000,0.11143454909324646,0.05513805150985718
Taiwan Credit Card Default,R2_F5,2,5,pay_3,1,1000,0.09681148827075958,0.04790252819657326
Taiwan Credit Card Default,R2_F5,2,5,pay_4,1,1000,0.04638686776161194,0.02295232005417347
Taiwan Credit Card Default,R2_F5,2,5,pay_5,1,1000,0.04448799416422844,0.022012753412127495
Taiwan Credit Card Default,R2_F5,2,5,pay_6,1,1000,0.07160785049200058,0.035431716591119766
Taiwan Credit Card Default,R2_F5,2,5,limit_bal,1,1000,0.22127331793308258,0.10948650538921356
Taiwan Credit Card Default,R2_F5,2,5,age,1,1000,0.052020762115716934,0.02573998272418976
Taiwan Credit Card Default,R2_F5,2,5,bill_amt1,1,1000,0.2098255455493927,0.10382212698459625
Taiwan Credit Card Default,R2_F5,2,5,bill_amt2,0,1000,0.0,0.0
Taiwan Credit Card Default,R2_F5,2,5,bill_amt3,0,1000,0.0,0.0
Taiwan Credit Card Default,R2_F5,2,5,bill_amt4,0,1000,0.0,0.0
Taiwan Credit Card Default,R2_F5,2,5,bill_amt5,0,1000,0.0,0.0
Taiwan Credit Card Default,R2_F5,2,5,bill_amt6,0,1000,0.0,0.0
Taiwan Credit Card Default,R2_F5,2,5,pay_amt1,1,1000,0.10652940720319748,0.05271097645163536
Taiwan Credit Card Default,R2_F5,2,5,pay_amt2,1,1000,0.08962627500295639,0.04434727132320404
Taiwan Credit Card Default,R2_F5,2,5,pay_amt3,1,1000,0.10534705966711044,0.052125949412584305
Taiwan Credit Card Default,R2_F5,2,5,pay_amt4,1,1000,0.10904573649168015,0.053956061601638794
Taiwan Credit Card Default,R2_F5,2,5,pay_amt5,1,1000,0.0341515950858593,0.01689828187227249
Taiwan Credit Card Default,R2_F5,2,5,pay_amt6,1,1000,0.051767751574516296,0.025614792481064796
Taiwan Credit Card Default,R3_F1,3,1,sex,1,1000,0.03042922168970108,0.015320359729230404
Taiwan Credit Card Default,R3_F1,3,1,education,1,1000,0.04521237686276436,0.022763311862945557
Taiwan Credit Card Default,R3_F1,3,1,marriage,1,1000,0.07172094285488129,0.036109719425439835
Taiwan Credit Card Default,R3_F1,3,1,pay_0,1,1000,0.5038127303123474,0.2536572515964508
Taiwan Credit Card Default,R3_F1,3,1,pay_2,1,1000,0.11361105740070343,0.0572003535926342
Taiwan Credit Card Default,R3_F1,3,1,pay_3,1,1000,0.10519326478242874,0.052962206304073334
Taiwan Credit Card Default,R3_F1,3,1,pay_4,1,1000,0.04212288185954094,0.02120782807469368
Taiwan Credit Card Default,R3_F1,3,1,pay_5,1,1000,0.06428255140781403,0.03236467391252518
Taiwan Credit Card Default,R3_F1,3,1,pay_6,1,1000,0.060058142989873886,0.03023778833448887
Taiwan Credit Card Default,R3_F1,3,1,limit_bal,1,1000,0.2281792312860489,0.11488259583711624
Taiwan Credit Card Default,R3_F1,3,1,age,1,1000,0.04502769187092781,0.022670328617095947
Taiwan Credit Card Default,R3_F1,3,1,bill_amt1,1,1000,0.19587014615535736,0.09861577302217484
Taiwan Credit Card Default,R3_F1,3,1,bill_amt2,0,1000,0.0,0.0
Taiwan Credit Card Default,R3_F1,3,1,bill_amt3,0,1000,0.0,0.0
Taiwan Credit Card Default,R3_F1,3,1,bill_amt4,0,1000,0.0,0.0
Taiwan Credit Card Default,R3_F1,3,1,bill_amt5,0,1000,0.0,0.0
Taiwan Credit Card Default,R3_F1,3,1,bill_amt6,0,1000,0.0,0.0
Taiwan Credit Card Default,R3_F1,3,1,pay_amt1,1,1000,0.09056877344846725,0.045599136501550674
Taiwan Credit Card Default,R3_F1,3,1,pay_amt2,1,1000,0.09932249784469604,0.05000641942024231
Taiwan Credit Card Default,R3_F1,3,1,pay_amt3,1,1000,0.10346256196498871,0.0520908385515213
Taiwan Credit Card Default,R3_F1,3,1,pay_amt4,1,1000,0.07088033109903336,0.035686492919921875
Taiwan Credit Card Default,R3_F1,3,1,pay_amt5,1,1000,0.05144602805376053,0.025901801884174347
Taiwan Credit Card Default,R3_F1,3,1,pay_amt6,1,1000,0.06499451398849487,0.03272312879562378
Taiwan Credit Card Default,R3_F2,3,2,sex,1,1000,0.06133066117763519,0.03152254968881607
Taiwan Credit Card Default,R3_F2,3,2,education,1,1000,0.05240646377205849,0.026935717090964317
Taiwan Credit Card Default,R3_F2,3,2,marriage,1,1000,0.07696206867694855,0.03955673426389694
Taiwan Credit Card Default,R3_F2,3,2,pay_0,1,1000,0.5002899765968323,0.2571375370025635
Taiwan Credit Card Default,R3_F2,3,2,pay_2,1,1000,0.10445153713226318,0.053685687482357025
Taiwan Credit Card Default,R3_F2,3,2,pay_3,1,1000,0.06780547648668289,0.034850455820560455
Taiwan Credit Card Default,R3_F2,3,2,pay_4,1,1000,0.04985186085104942,0.025622710585594177
Taiwan Credit Card Default,R3_F2,3,2,pay_5,1,1000,0.034666746854782104,0.017817910760641098
Taiwan Credit Card Default,R3_F2,3,2,pay_6,1,1000,0.07756929844617844,0.03986883535981178
Taiwan Credit Card Default,R3_F2,3,2,limit_bal,1,1000,0.2027433067560196,0.10420539975166321
Taiwan Credit Card Default,R3_F2,3,2,age,1,1000,0.04052656143903732,0.02082972042262554
Taiwan Credit Card Default,R3_F2,3,2,bill_amt1,1,1000,0.20713335275650024,0.1064617782831192
Taiwan Credit Card Default,R3_F2,3,2,bill_amt2,0,1000,0.0,0.0
Taiwan Credit Card Default,R3_F2,3,2,bill_amt3,0,1000,0.0,0.0
Taiwan Credit Card Default,R3_F2,3,2,bill_amt4,0,1000,0.0,0.0
Taiwan Credit Card Default,R3_F2,3,2,bill_amt5,0,1000,0.0,0.0
Taiwan Credit Card Default,R3_F2,3,2,bill_amt6,0,1000,0.0,0.0
Taiwan Credit Card Default,R3_F2,3,2,pay_amt1,1,1000,0.10942932218313217,0.05624415725469589
Taiwan Credit Card Default,R3_F2,3,2,pay_amt2,1,1000,0.10793104767799377,0.05547407642006874
Taiwan Credit Card Default,R3_F2,3,2,pay_amt3,1,1000,0.08595091849565506,0.044176794588565826
Taiwan Credit Card Default,R3_F2,3,2,pay_amt4,1,1000,0.08941568434238434,0.04595760628581047
Taiwan Credit Card Default,R3_F2,3,2,pay_amt5,1,1000,0.03142157569527626,0.016149967908859253
Taiwan Credit Card Default,R3_F2,3,2,pay_amt6,1,1000,0.045726366341114044,0.023502301424741745
Taiwan Credit Card Default,R3_F3,3,3,sex,1,1000,0.05295795202255249,0.02670479752123356
Taiwan Credit Card Default,R3_F3,3,3,education,1,1000,0.05656672641634941,0.028524573892354965
Taiwan Credit Card Default,R3_F3,3,3,marriage,1,1000,0.08271312713623047,0.04170926660299301
Taiwan Credit Card Default,R3_F3,3,3,pay_0,1,1000,0.531199038028717,0.2678646445274353
Taiwan Credit Card Default,R3_F3,3,3,pay_2,1,1000,0.10074667632579803,0.050802938640117645
Taiwan Credit Card Default,R3_F3,3,3,pay_3,1,1000,0.09992379695177078,0.05038798972964287
Taiwan Credit Card Default,R3_F3,3,3,pay_4,1,1000,0.053398191928863525,0.0269267950206995
Taiwan Credit Card Default,R3_F3,3,3,pay_5,1,1000,0.06016074866056442,0.030336910858750343
Taiwan Credit Card Default,R3_F3,3,3,pay_6,1,1000,0.06219147890806198,0.0313609354197979
Taiwan Credit Card Default,R3_F3,3,3,limit_bal,1,1000,0.20246203243732452,0.10209435224533081
Taiwan Credit Card Default,R3_F3,3,3,age,1,1000,0.041490256786346436,0.02092204988002777
Taiwan Credit Card Default,R3_F3,3,3,bill_amt1,0,1000,0.0,0.0
Taiwan Credit Card Default,R3_F3,3,3,bill_amt2,1,1000,0.1487910896539688,0.07503001391887665
Taiwan Credit Card Default,R3_F3,3,3,bill_amt3,0,1000,0.0,0.0
Taiwan Credit Card Default,R3_F3,3,3,bill_amt4,0,1000,0.0,0.0
Taiwan Credit Card Default,R3_F3,3,3,bill_amt5,0,1000,0.0,0.0
Taiwan Credit Card Default,R3_F3,3,3,bill_amt6,0,1000,0.0,0.0
Taiwan Credit Card Default,R3_F3,3,3,pay_amt1,1,1000,0.09803139418363571,0.049433719366788864
Taiwan Credit Card Default,R3_F3,3,3,pay_amt2,1,1000,0.08996060490608215,0.045363910496234894
Taiwan Credit Card Default,R3_F3,3,3,pay_amt3,1,1000,0.114850714802742,0.057915098965168
Taiwan Credit Card Default,R3_F3,3,3,pay_amt4,1,1000,0.09020331501960754,0.04548630118370056
Taiwan Credit Card Default,R3_F3,3,3,pay_amt5,1,1000,0.03685019165277481,0.018582232296466827
Taiwan Credit Card Default,R3_F3,3,3,pay_amt6,1,1000,0.0605902299284935,0.030553482472896576
Taiwan Credit Card Default,R3_F4,3,4,sex,1,1000,0.04392589256167412,0.021649034693837166
Taiwan Credit Card Default,R3_F4,3,4,education,1,1000,0.046907540410757065,0.023118549957871437
Taiwan Credit Card Default,R3_F4,3,4,marriage,1,1000,0.06659868359565735,0.03282340243458748
Taiwan Credit Card Default,R3_F4,3,4,pay_0,1,1000,0.5246490836143494,0.2585752010345459
Taiwan Credit Card Default,R3_F4,3,4,pay_2,1,1000,0.102183036506176,0.050361279398202896
Taiwan Credit Card Default,R3_F4,3,4,pay_3,1,1000,0.08562833815813065,0.04220223426818848
Taiwan Credit Card Default,R3_F4,3,4,pay_4,1,1000,0.07244687527418137,0.03570570424199104
Taiwan Credit Card Default,R3_F4,3,4,pay_5,1,1000,0.03581903502345085,0.017653541639447212
Taiwan Credit Card Default,R3_F4,3,4,pay_6,1,1000,0.07519102841615677,0.03705817088484764
Taiwan Credit Card Default,R3_F4,3,4,limit_bal,1,1000,0.2404029220342636,0.11848344653844833
Taiwan Credit Card Default,R3_F4,3,4,age,0,1000,0.0,0.0
Taiwan Credit Card Default,R3_F4,3,4,bill_amt1,1,1000,0.17200005054473877,0.08477084338665009
Taiwan Credit Card Default,R3_F4,3,4,bill_amt2,1,1000,0.10735005885362625,0.05290786549448967
Taiwan Credit Card Default,R3_F4,3,4,bill_amt3,0,1000,0.0,0.0
Taiwan Credit Card Default,R3_F4,3,4,bill_amt4,0,1000,0.0,0.0
Taiwan Credit Card Default,R3_F4,3,4,bill_amt5,0,1000,0.0,0.0
Taiwan Credit Card Default,R3_F4,3,4,bill_amt6,0,1000,0.0,0.0
Taiwan Credit Card Default,R3_F4,3,4,pay_amt1,1,1000,0.1156919002532959,0.05701917037367821
Taiwan Credit Card Default,R3_F4,3,4,pay_amt2,1,1000,0.0923243910074234,0.04550240933895111
Taiwan Credit Card Default,R3_F4,3,4,pay_amt3,1,1000,0.07873477786779404,0.03880472108721733
Taiwan Credit Card Default,R3_F4,3,4,pay_amt4,1,1000,0.09005013853311539,0.04438153654336929
Taiwan Credit Card Default,R3_F4,3,4,pay_amt5,1,1000,0.03051704913377762,0.015040437690913677
Taiwan Credit Card Default,R3_F4,3,4,pay_amt6,1,1000,0.04857918247580528,0.023942425847053528
Taiwan Credit Card Default,R3_F5,3,5,sex,1,1000,0.055319927632808685,0.028219815343618393
Taiwan Credit Card Default,R3_F5,3,5,education,1,1000,0.06482119858264923,0.033066604286432266
Taiwan Credit Card Default,R3_F5,3,5,marriage,1,1000,0.05615413933992386,0.028645362704992294
Taiwan Credit Card Default,R3_F5,3,5,pay_0,1,1000,0.49381130933761597,0.25190314650535583
Taiwan Credit Card Default,R3_F5,3,5,pay_2,1,1000,0.11015134304761887,0.056190431118011475
Taiwan Credit Card Default,R3_F5,3,5,pay_3,1,1000,0.09094296395778656,0.046391844749450684
Taiwan Credit Card Default,R3_F5,3,5,pay_4,1,1000,0.05355199798941612,0.0273179579526186
Taiwan Credit Card Default,R3_F5,3,5,pay_5,1,1000,0.050761185586452484,0.02589430846273899
Taiwan Credit Card Default,R3_F5,3,5,pay_6,1,1000,0.07349810004234314,0.037492867559194565
Taiwan Credit Card Default,R3_F5,3,5,limit_bal,1,1000,0.23022808134555817,0.1174440011382103
Taiwan Credit Card Default,R3_F5,3,5,age,1,1000,0.04334045946598053,0.02210884541273117
Taiwan Credit Card Default,R3_F5,3,5,bill_amt1,1,1000,0.19843249022960663,0.10122442990541458
Taiwan Credit Card Default,R3_F5,3,5,bill_amt2,0,1000,0.0,0.0
Taiwan Credit Card Default,R3_F5,3,5,bill_amt3,0,1000,0.0,0.0
Taiwan Credit Card Default,R3_F5,3,5,bill_amt4,0,1000,0.0,0.0
Taiwan Credit Card Default,R3_F5,3,5,bill_amt5,0,1000,0.0,0.0
Taiwan Credit Card Default,R3_F5,3,5,bill_amt6,0,1000,0.0,0.0
Taiwan Credit Card Default,R3_F5,3,5,pay_amt1,1,1000,0.10532672703266144,0.05372929573059082
Taiwan Credit Card Default,R3_F5,3,5,pay_amt2,1,1000,0.08115299046039581,0.041397783905267715
Taiwan Credit Card Default,R3_F5,3,5,pay_amt3,1,1000,0.10525785386562347,0.053694162517786026
Taiwan Credit Card Default,R3_F5,3,5,pay_amt4,1,1000,0.07703633606433868,0.03929779306054115
Taiwan Credit Card Default,R3_F5,3,5,pay_amt5,1,1000,0.03339114412665367,0.017033498734235764
Taiwan Credit Card Default,R3_F5,3,5,pay_amt6,1,1000,0.037143927067518234,0.018947869539260864
Taiwan Credit Card Default,R4_F1,4,1,sex,1,1000,0.055685367435216904,0.02825298346579075
Taiwan Credit Card Default,R4_F1,4,1,education,1,1000,0.06601264327764511,0.033492714166641235
Taiwan Credit Card Default,R4_F1,4,1,marriage,1,1000,0.06944353878498077,0.03523344174027443
Taiwan Credit Card Default,R4_F1,4,1,pay_0,1,1000,0.5109146237373352,0.2592218220233917
Taiwan Credit Card Default,R4_F1,4,1,pay_2,1,1000,0.09536200761795044,0.048383649438619614
Taiwan Credit Card Default,R4_F1,4,1,pay_3,1,1000,0.08960109204053879,0.04546074569225311
Taiwan Credit Card Default,R4_F1,4,1,pay_4,1,1000,0.041834861040115356,0.02122567780315876
Taiwan Credit Card Default,R4_F1,4,1,pay_5,1,1000,0.055705681443214417,0.028263291344046593
Taiwan Credit Card Default,R4_F1,4,1,pay_6,1,1000,0.07346601039171219,0.0372743159532547
Taiwan Credit Card Default,R4_F1,4,1,limit_bal,1,1000,0.20565520226955414,0.10434290766716003
Taiwan Credit Card Default,R4_F1,4,1,age,1,1000,0.044848982244729996,0.02275494672358036
Taiwan Credit Card Default,R4_F1,4,1,bill_amt1,0,1000,0.0,0.0
Taiwan Credit Card Default,R4_F1,4,1,bill_amt2,1,1000,0.15284422039985657,0.07754829525947571
Taiwan Credit Card Default,R4_F1,4,1,bill_amt3,0,1000,0.0,0.0
Taiwan Credit Card Default,R4_F1,4,1,bill_amt4,0,1000,0.0,0.0
Taiwan Credit Card Default,R4_F1,4,1,bill_amt5,0,1000,0.0,0.0
Taiwan Credit Card Default,R4_F1,4,1,bill_amt6,0,1000,0.0,0.0
Taiwan Credit Card Default,R4_F1,4,1,pay_amt1,1,1000,0.08780526369810104,0.044549599289894104
Taiwan Credit Card Default,R4_F1,4,1,pay_amt2,1,1000,0.11431572586297989,0.05800016224384308
Taiwan Credit Card Default,R4_F1,4,1,pay_amt3,1,1000,0.10239473730325699,0.05195183306932449
Taiwan Credit Card Default,R4_F1,4,1,pay_amt4,1,1000,0.11076322197914124,0.05619773641228676
Taiwan Credit Card Default,R4_F1,4,1,pay_amt5,1,1000,0.04238980636000633,0.02150723896920681
Taiwan Credit Card Default,R4_F1,4,1,pay_amt6,1,1000,0.05191226303577423,0.02633863128721714
Taiwan Credit Card Default,R4_F2,4,2,sex,1,1000,0.051862794905900955,0.02643333375453949
Taiwan Credit Card Default,R4_F2,4,2,education,1,1000,0.048831190913915634,0.024888191372156143
Taiwan Credit Card Default,R4_F2,4,2,marriage,1,1000,0.08228761702775955,0.041940201073884964
Taiwan Credit Card Default,R4_F2,4,2,pay_0,1,1000,0.4910769760608673,0.25029119849205017
Taiwan Credit Card Default,R4_F2,4,2,pay_2,1,1000,0.1125306785106659,0.05735442787408829
Taiwan Credit Card Default,R4_F2,4,2,pay_3,1,1000,0.09904918074607849,0.05048320069909096
Taiwan Credit Card Default,R4_F2,4,2,pay_4,1,1000,0.03719582408666611,0.018957898020744324
Taiwan Credit Card Default,R4_F2,4,2,pay_5,1,1000,0.06038806959986687,0.03077847883105278
Taiwan Credit Card Default,R4_F2,4,2,pay_6,1,1000,0.07568192481994629,0.03857342153787613
Taiwan Credit Card Default,R4_F2,4,2,limit_bal,1,1000,0.21347853541374207,0.1088053435087204
Taiwan Credit Card Default,R4_F2,4,2,age,1,1000,0.038052015006542206,0.0193942803889513
Taiwan Credit Card Default,R4_F2,4,2,bill_amt1,1,1000,0.20146003365516663,0.1026797741651535
Taiwan Credit Card Default,R4_F2,4,2,bill_amt2,0,1000,0.0,0.0
Taiwan Credit Card Default,R4_F2,4,2,bill_amt3,0,1000,0.0,0.0
Taiwan Credit Card Default,R4_F2,4,2,bill_amt4,0,1000,0.0,0.0
Taiwan Credit Card Default,R4_F2,4,2,bill_amt5,0,1000,0.0,0.0
Taiwan Credit Card Default,R4_F2,4,2,bill_amt6,0,1000,0.0,0.0
Taiwan Credit Card Default,R4_F2,4,2,pay_amt1,1,1000,0.09697848558425903,0.0494278147816658
Taiwan Credit Card Default,R4_F2,4,2,pay_amt2,1,1000,0.09448324143886566,0.04815604165196419
Taiwan Credit Card Default,R4_F2,4,2,pay_amt3,1,1000,0.10407399386167526,0.053044240921735764
Taiwan Credit Card Default,R4_F2,4,2,pay_amt4,1,1000,0.0783785805106163,0.03994784876704216
Taiwan Credit Card Default,R4_F2,4,2,pay_amt5,1,1000,0.031230926513671875,0.015917720273137093
Taiwan Credit Card Default,R4_F2,4,2,pay_amt6,1,1000,0.04498250037431717,0.02292659692466259
Taiwan Credit Card Default,R4_F3,4,3,sex,1,1000,0.03278414532542229,0.016479961574077606
Taiwan Credit Card Default,R4_F3,4,3,education,1,1000,0.05381446331739426,0.027051500976085663
Taiwan Credit Card Default,R4_F3,4,3,marriage,1,1000,0.057692743837833405,0.029001038521528244
Taiwan Credit Card Default,R4_F3,4,3,pay_0,1,1000,0.5516558885574341,0.27730685472488403
Taiwan Credit Card Default,R4_F3,4,3,pay_2,1,1000,0.10097046941518784,0.05075592175126076
Taiwan Credit Card Default,R4_F3,4,3,pay_3,1,1000,0.09342212229967117,0.04696151241660118
Taiwan Credit Card Default,R4_F3,4,3,pay_4,1,1000,0.05503324791789055,0.02766416035592556
Taiwan Credit Card Default,R4_F3,4,3,pay_5,1,1000,0.04556592181324959,0.02290511690080166
Taiwan Credit Card Default,R4_F3,4,3,pay_6,1,1000,0.06536254286766052,0.032856497913599014
Taiwan Credit Card Default,R4_F3,4,3,limit_bal,1,1000,0.23056155443191528,0.11589887738227844
Taiwan Credit Card Default,R4_F3,4,3,age,1,1000,0.0474710613489151,0.023862794041633606
Taiwan Credit Card Default,R4_F3,4,3,bill_amt1,1,1000,0.19288551807403564,0.09695985913276672
Taiwan Credit Card Default,R4_F3,4,3,bill_amt2,0,1000,0.0,0.0
Taiwan Credit Card Default,R4_F3,4,3,bill_amt3,0,1000,0.0,0.0
Taiwan Credit Card Default,R4_F3,4,3,bill_amt4,0,1000,0.0,0.0
Taiwan Credit Card Default,R4_F3,4,3,bill_amt5,0,1000,0.0,0.0
Taiwan Credit Card Default,R4_F3,4,3,bill_amt6,0,1000,0.0,0.0
Taiwan Credit Card Default,R4_F3,4,3,pay_amt1,1,1000,0.09097681194543839,0.045732300728559494
Taiwan Credit Card Default,R4_F3,4,3,pay_amt2,1,1000,0.0988115593791008,0.04967068135738373
Taiwan Credit Card Default,R4_F3,4,3,pay_amt3,1,1000,0.09939873218536377,0.049965839833021164
Taiwan Credit Card Default,R4_F3,4,3,pay_amt4,1,1000,0.09673722833395004,0.048627953976392746
Taiwan Credit Card Default,R4_F3,4,3,pay_amt5,1,1000,0.031624164432287216,0.015896862372756004
Taiwan Credit Card Default,R4_F3,4,3,pay_amt6,1,1000,0.04456569254398346,0.022402320057153702
Taiwan Credit Card Default,R4_F4,4,4,sex,1,1000,0.04848085716366768,0.0245265681296587
Taiwan Credit Card Default,R4_F4,4,4,education,1,1000,0.05694568157196045,0.028808940201997757
Taiwan Credit Card Default,R4_F4,4,4,marriage,1,1000,0.06457317620515823,0.03266770392656326
Taiwan Credit Card Default,R4_F4,4,4,pay_0,1,1000,0.5131999850273132,0.25962895154953003
Taiwan Credit Card Default,R4_F4,4,4,pay_2,1,1000,0.10958791524171829,0.0554407574236393
Taiwan Credit Card Default,R4_F4,4,4,pay_3,1,1000,0.08399874716997147,0.04249514266848564
Taiwan Credit Card Default,R4_F4,4,4,pay_4,1,1000,0.06753670424222946,0.034166961908340454
Taiwan Credit Card Default,R4_F4,4,4,pay_5,1,1000,0.05049951374530792,0.025547809898853302
Taiwan Credit Card Default,R4_F4,4,4,pay_6,1,1000,0.0686681941151619,0.034739382565021515
Taiwan Credit Card Default,R4_F4,4,4,limit_bal,1,1000,0.20844052731990814,0.10545049607753754
Taiwan Credit Card Default,R4_F4,4,4,age,1,1000,0.04735923931002617,0.023959137499332428
Taiwan Credit Card Default,R4_F4,4,4,bill_amt1,1,1000,0.1977972537279129,0.10006604343652725
Taiwan Credit Card Default,R4_F4,4,4,bill_amt2,0,1000,0.0,0.0
Taiwan Credit Card Default,R4_F4,4,4,bill_amt3,0,1000,0.0,0.0
Taiwan Credit Card Default,R4_F4,4,4,bill_amt4,0,1000,0.0,0.0
Taiwan Credit Card Default,R4_F4,4,4,bill_amt5,0,1000,0.0,0.0
Taiwan Credit Card Default,R4_F4,4,4,bill_amt6,0,1000,0.0,0.0
Taiwan Credit Card Default,R4_F4,4,4,pay_amt1,1,1000,0.12767978012561798,0.06459347158670425
Taiwan Credit Card Default,R4_F4,4,4,pay_amt2,1,1000,0.08855707943439484,0.04480121284723282
Taiwan Credit Card Default,R4_F4,4,4,pay_amt3,1,1000,0.09784866124391556,0.04950184375047684
Taiwan Credit Card Default,R4_F4,4,4,pay_amt4,1,1000,0.06985137611627579,0.03533795848488808
Taiwan Credit Card Default,R4_F4,4,4,pay_amt5,1,1000,0.03146613761782646,0.015918785706162453
Taiwan Credit Card Default,R4_F4,4,4,pay_amt6,1,1000,0.044176362454891205,0.022348914295434952
Taiwan Credit Card Default,R4_F5,4,5,sex,1,1000,0.049044616520404816,0.0244434904307127
Taiwan Credit Card Default,R4_F5,4,5,education,1,1000,0.04718220978975296,0.023515280336141586
Taiwan Credit Card Default,R4_F5,4,5,marriage,1,1000,0.07252109050750732,0.03614399954676628
Taiwan Credit Card Default,R4_F5,4,5,pay_0,1,1000,0.5122385025024414,0.2552960515022278
Taiwan Credit Card Default,R4_F5,4,5,pay_2,1,1000,0.1106744259595871,0.05515935271978378
Taiwan Credit Card Default,R4_F5,4,5,pay_3,1,1000,0.08604907244443893,0.04288624972105026
Taiwan Credit Card Default,R4_F5,4,5,pay_4,1,1000,0.06532921642065048,0.03255961835384369
Taiwan Credit Card Default,R4_F5,4,5,pay_5,1,1000,0.03636779636144638,0.01812545210123062
Taiwan Credit Card Default,R4_F5,4,5,pay_6,1,1000,0.0717809647321701,0.03577512502670288
Taiwan Credit Card Default,R4_F5,4,5,limit_bal,1,1000,0.23069880902767181,0.11497865617275238
Taiwan Credit Card Default,R4_F5,4,5,age,0,1000,0.0,0.0
Taiwan Credit Card Default,R4_F5,4,5,bill_amt1,1,1000,0.17152532935142517,0.0854870155453682
Taiwan Credit Card Default,R4_F5,4,5,bill_amt2,1,1000,0.07006684690713882,0.0349208228290081
Taiwan Credit Card Default,R4_F5,4,5,bill_amt3,0,1000,0.0,0.0
Taiwan Credit Card Default,R4_F5,4,5,bill_amt4,0,1000,0.0,0.0
Taiwan Credit Card Default,R4_F5,4,5,bill_amt5,0,1000,0.0,0.0
Taiwan Credit Card Default,R4_F5,4,5,bill_amt6,0,1000,0.0,0.0
Taiwan Credit Card Default,R4_F5,4,5,pay_amt1,1,1000,0.09945547580718994,0.04956790804862976
Taiwan Credit Card Default,R4_F5,4,5,pay_amt2,1,1000,0.09872914850711823,0.04920591041445732
Taiwan Credit Card Default,R4_F5,4,5,pay_amt3,1,1000,0.09586168825626373,0.04777678847312927
Taiwan Credit Card Default,R4_F5,4,5,pay_amt4,1,1000,0.0809178426861763,0.04032888263463974
Taiwan Credit Card Default,R4_F5,4,5,pay_amt5,1,1000,0.05220343545079231,0.026017824187874794
Taiwan Credit Card Default,R4_F5,4,5,pay_amt6,1,1000,0.0558023564517498,0.027811501175165176
Taiwan Credit Card Default,R5_F1,5,1,sex,1,1000,0.05271071568131447,0.027141697704792023
Taiwan Credit Card Default,R5_F1,5,1,education,1,1000,0.051042184233665466,0.02628254145383835
Taiwan Credit Card Default,R5_F1,5,1,marriage,1,1000,0.06450194865465164,0.03321321681141853
Taiwan Credit Card Default,R5_F1,5,1,pay_0,1,1000,0.5077905654907227,0.2614705264568329
Taiwan Credit Card Default,R5_F1,5,1,pay_2,1,1000,0.10868719220161438,0.05596499517560005
Taiwan Credit Card Default,R5_F1,5,1,pay_3,1,1000,0.07433515787124634,0.038276512175798416
Taiwan Credit Card Default,R5_F1,5,1,pay_4,1,1000,0.05913721024990082,0.030450815334916115
Taiwan Credit Card Default,R5_F1,5,1,pay_5,1,1000,0.048253659158945084,0.024846678599715233
Taiwan Credit Card Default,R5_F1,5,1,pay_6,1,1000,0.07384605705738068,0.0380246676504612
Taiwan Credit Card Default,R5_F1,5,1,limit_bal,1,1000,0.21072342991828918,0.10850529372692108
Taiwan Credit Card Default,R5_F1,5,1,age,1,1000,0.04416026920080185,0.022738918662071228
Taiwan Credit Card Default,R5_F1,5,1,bill_amt1,0,1000,0.0,0.0
Taiwan Credit Card Default,R5_F1,5,1,bill_amt2,1,1000,0.14626671373844147,0.07531537115573883
Taiwan Credit Card Default,R5_F1,5,1,bill_amt3,0,1000,0.0,0.0
Taiwan Credit Card Default,R5_F1,5,1,bill_amt4,0,1000,0.0,0.0
Taiwan Credit Card Default,R5_F1,5,1,bill_amt5,0,1000,0.0,0.0
Taiwan Credit Card Default,R5_F1,5,1,bill_amt6,0,1000,0.0,0.0
Taiwan Credit Card Default,R5_F1,5,1,pay_amt1,1,1000,0.10763439536094666,0.055422890931367874
Taiwan Credit Card Default,R5_F1,5,1,pay_amt2,1,1000,0.11887995898723602,0.06121343374252319
Taiwan Credit Card Default,R5_F1,5,1,pay_amt3,1,1000,0.08944793045520782,0.046058353036642075
Taiwan Credit Card Default,R5_F1,5,1,pay_amt4,1,1000,0.08744993805885315,0.04502955079078674
Taiwan Credit Card Default,R5_F1,5,1,pay_amt5,1,1000,0.03744468837976456,0.019280945882201195
Taiwan Credit Card Default,R5_F1,5,1,pay_amt6,1,1000,0.05974465236067772,0.030763598158955574
Taiwan Credit Card Default,R5_F2,5,2,sex,1,1000,0.04693738743662834,0.023347599431872368
Taiwan Credit Card Default,R5_F2,5,2,education,1,1000,0.06286974251270294,0.03127267211675644
Taiwan Credit Card Default,R5_F2,5,2,marriage,1,1000,0.0718587189912796,0.035743970423936844
Taiwan Credit Card Default,R5_F2,5,2,pay_0,1,1000,0.503850519657135,0.2506253719329834
Taiwan Credit Card Default,R5_F2,5,2,pay_2,1,1000,0.09829249978065491,0.04889266565442085
Taiwan Credit Card Default,R5_F2,5,2,pay_3,1,1000,0.09375789016485214,0.04663705825805664
Taiwan Credit Card Default,R5_F2,5,2,pay_4,1,1000,0.05879133567214012,0.029243992641568184
Taiwan Credit Card Default,R5_F2,5,2,pay_5,1,1000,0.04351937398314476,0.021647412329912186
Taiwan Credit Card Default,R5_F2,5,2,pay_6,1,1000,0.0714133009314537,0.03552241250872612
Taiwan Credit Card Default,R5_F2,5,2,limit_bal,1,1000,0.23152115941047668,0.11516328155994415
Taiwan Credit Card Default,R5_F2,5,2,age,1,1000,0.04559176042675972,0.022678257897496223
Taiwan Credit Card Default,R5_F2,5,2,bill_amt1,1,1000,0.19865669310092926,0.09881583601236343
Taiwan Credit Card Default,R5_F2,5,2,bill_amt2,0,1000,0.0,0.0
Taiwan Credit Card Default,R5_F2,5,2,bill_amt3,0,1000,0.0,0.0
Taiwan Credit Card Default,R5_F2,5,2,bill_amt4,0,1000,0.0,0.0
Taiwan Credit Card Default,R5_F2,5,2,bill_amt5,0,1000,0.0,0.0
Taiwan Credit Card Default,R5_F2,5,2,bill_amt6,0,1000,0.0,0.0
Taiwan Credit Card Default,R5_F2,5,2,pay_amt1,1,1000,0.12082225829362869,0.060099419206380844
Taiwan Credit Card Default,R5_F2,5,2,pay_amt2,1,1000,0.0995803102850914,0.04953324794769287
Taiwan Credit Card Default,R5_F2,5,2,pay_amt3,1,1000,0.09754503518342972,0.04852086305618286
Taiwan Credit Card Default,R5_F2,5,2,pay_amt4,1,1000,0.08332136273384094,0.04144572094082832
Taiwan Credit Card Default,R5_F2,5,2,pay_amt5,1,1000,0.03147638961672783,0.015656989067792892
Taiwan Credit Card Default,R5_F2,5,2,pay_amt6,1,1000,0.05056753009557724,0.025153305381536484
Taiwan Credit Card Default,R5_F3,5,3,sex,1,1000,0.04742424935102463,0.02370471879839897
Taiwan Credit Card Default,R5_F3,5,3,education,1,1000,0.07226177304983139,0.036119602620601654
Taiwan Credit Card Default,R5_F3,5,3,marriage,1,1000,0.07063759863376617,0.03530776873230934
Taiwan Credit Card Default,R5_F3,5,3,pay_0,1,1000,0.4953337609767914,0.24758952856063843
Taiwan Credit Card Default,R5_F3,5,3,pay_2,1,1000,0.11125452816486359,0.05560988932847977
Taiwan Credit Card Default,R5_F3,5,3,pay_3,1,1000,0.09254942834377289,0.04626026004552841
Taiwan Credit Card Default,R5_F3,5,3,pay_4,1,1000,0.05120016634464264,0.02559208683669567
Taiwan Credit Card Default,R5_F3,5,3,pay_5,1,1000,0.04458218067884445,0.0222841277718544
Taiwan Credit Card Default,R5_F3,5,3,pay_6,1,1000,0.07453121244907379,0.0372539646923542
Taiwan Credit Card Default,R5_F3,5,3,limit_bal,1,1000,0.22188615798950195,0.11090842634439468
Taiwan Credit Card Default,R5_F3,5,3,age,1,1000,0.04826799035072327,0.024126457050442696
Taiwan Credit Card Default,R5_F3,5,3,bill_amt1,1,1000,0.20180916786193848,0.10087306797504425
Taiwan Credit Card Default,R5_F3,5,3,bill_amt2,0,1000,0.0,0.0
Taiwan Credit Card Default,R5_F3,5,3,bill_amt3,0,1000,0.0,0.0
Taiwan Credit Card Default,R5_F3,5,3,bill_amt4,0,1000,0.0,0.0
Taiwan Credit Card Default,R5_F3,5,3,bill_amt5,0,1000,0.0,0.0
Taiwan Credit Card Default,R5_F3,5,3,bill_amt6,0,1000,0.0,0.0
Taiwan Credit Card Default,R5_F3,5,3,pay_amt1,1,1000,0.09758034348487854,0.04877493157982826
Taiwan Credit Card Default,R5_F3,5,3,pay_amt2,1,1000,0.10007904469966888,0.050023891031742096
Taiwan Credit Card Default,R5_F3,5,3,pay_amt3,1,1000,0.10641267895698547,0.0531897209584713
Taiwan Credit Card Default,R5_F3,5,3,pay_amt4,1,1000,0.07781444489955902,0.03889507055282593
Taiwan Credit Card Default,R5_F3,5,3,pay_amt5,1,1000,0.03255447372794151,0.016272151842713356
Taiwan Credit Card Default,R5_F3,5,3,pay_amt6,1,1000,0.05444556847214699,0.027214281260967255
Taiwan Credit Card Default,R5_F4,5,4,sex,1,1000,0.03086611069738865,0.015619231387972832
Taiwan Credit Card Default,R5_F4,5,4,education,1,1000,0.05651456490159035,0.028598163276910782
Taiwan Credit Card Default,R5_F4,5,4,marriage,1,1000,0.057238563895225525,0.028964530676603317
Taiwan Credit Card Default,R5_F4,5,4,pay_0,1,1000,0.5166679620742798,0.2614503800868988
Taiwan Credit Card Default,R5_F4,5,4,pay_2,1,1000,0.11114656925201416,0.056243691593408585
Taiwan Credit Card Default,R5_F4,5,4,pay_3,1,1000,0.09119115769863129,0.046145617961883545
Taiwan Credit Card Default,R5_F4,5,4,pay_4,1,1000,0.048901062458753586,0.02474549040198326
Taiwan Credit Card Default,R5_F4,5,4,pay_5,1,1000,0.05306036025285721,0.026850225403904915
Taiwan Credit Card Default,R5_F4,5,4,pay_6,1,1000,0.0696987509727478,0.03526977822184563
Taiwan Credit Card Default,R5_F4,5,4,limit_bal,1,1000,0.2265017181634903,0.11461705714464188
Taiwan Credit Card Default,R5_F4,5,4,age,1,1000,0.04938171058893204,0.02498871274292469
Taiwan Credit Card Default,R5_F4,5,4,bill_amt1,1,1000,0.19705753028392792,0.09971736371517181
Taiwan Credit Card Default,R5_F4,5,4,bill_amt2,0,1000,0.0,0.0
Taiwan Credit Card Default,R5_F4,5,4,bill_amt3,0,1000,0.0,0.0
Taiwan Credit Card Default,R5_F4,5,4,bill_amt4,0,1000,0.0,0.0
Taiwan Credit Card Default,R5_F4,5,4,bill_amt5,0,1000,0.0,0.0
Taiwan Credit Card Default,R5_F4,5,4,bill_amt6,0,1000,0.0,0.0
Taiwan Credit Card Default,R5_F4,5,4,pay_amt1,1,1000,0.0953046903014183,0.04822719842195511
Taiwan Credit Card Default,R5_F4,5,4,pay_amt2,1,1000,0.08751007914543152,0.04428287595510483
Taiwan Credit Card Default,R5_F4,5,4,pay_amt3,1,1000,0.09733530879020691,0.049254756420850754
Taiwan Credit Card Default,R5_F4,5,4,pay_amt4,1,1000,0.08632149547338486,0.043681416660547256
Taiwan Credit Card Default,R5_F4,5,4,pay_amt5,1,1000,0.03103289194405079,0.015703627839684486
Taiwan Credit Card Default,R5_F4,5,4,pay_amt6,1,1000,0.07043018192052841,0.03563990816473961
Taiwan Credit Card Default,R5_F5,5,5,sex,1,1000,0.06313888728618622,0.031015850603580475
Taiwan Credit Card Default,R5_F5,5,5,education,1,1000,0.03730890899896622,0.01832733489573002
Taiwan Credit Card Default,R5_F5,5,5,marriage,1,1000,0.07690183073282242,0.0377766489982605
Taiwan Credit Card Default,R5_F5,5,5,pay_0,1,1000,0.5246089696884155,0.25770479440689087
Taiwan Credit Card Default,R5_F5,5,5,pay_2,1,1000,0.10364870727062225,0.05091557651758194
Taiwan Credit Card Default,R5_F5,5,5,pay_3,1,1000,0.09406526386737823,0.04620787873864174
Taiwan Credit Card Default,R5_F5,5,5,pay_4,1,1000,0.048382122069597244,0.023766852915287018
Taiwan Credit Card Default,R5_F5,5,5,pay_5,1,1000,0.05370340496301651,0.026380838826298714
Taiwan Credit Card Default,R5_F5,5,5,pay_6,1,1000,0.07077490538358688,0.03476690873503685
Taiwan Credit Card Default,R5_F5,5,5,limit_bal,1,1000,0.21428988873958588,0.10526607930660248
Taiwan Credit Card Default,R5_F5,5,5,age,0,1000,0.0,0.0
Taiwan Credit Card Default,R5_F5,5,5,bill_amt1,1,1000,0.181511789560318,0.08916442096233368
Taiwan Credit Card Default,R5_F5,5,5,bill_amt2,1,1000,0.09109720587730408,0.044749874621629715
Taiwan Credit Card Default,R5_F5,5,5,bill_amt3,0,1000,0.0,0.0
Taiwan Credit Card Default,R5_F5,5,5,bill_amt4,0,1000,0.0,0.0
Taiwan Credit Card Default,R5_F5,5,5,bill_amt5,0,1000,0.0,0.0
Taiwan Credit Card Default,R5_F5,5,5,bill_amt6,0,1000,0.0,0.0
Taiwan Credit Card Default,R5_F5,5,5,pay_amt1,1,1000,0.1175919696688652,0.05776495486497879
Taiwan Credit Card Default,R5_F5,5,5,pay_amt2,1,1000,0.09016438573598862,0.04429164156317711
Taiwan Credit Card Default,R5_F5,5,5,pay_amt3,1,1000,0.10226608067750931,0.05023638531565666
Taiwan Credit Card Default,R5_F5,5,5,pay_amt4,1,1000,0.0866263136267662,0.042553629726171494
Taiwan Credit Card Default,R5_F5,5,5,pay_amt5,1,1000,0.042899519205093384,0.02107362262904644
Taiwan Credit Card Default,R5_F5,5,5,pay_amt6,1,1000,0.03671739622950554,0.01803676411509514
