dataset,run_id,repeat,fold,accuracy,precision_adverse,recall_adverse,specificity,f1_adverse,balanced_accuracy,mcc,roc_auc,pr_auc,gmean,tn,fp,fn,tp,cost_FN1_FP1_per100,cost_FN2_FP1_per100,cost_FN5_FP1_per100,cost_FN10_FP1_per100,stage
German Credit,R1_F1,1,1,0.81,0.7959183673469388,0.582089552238806,0.924812030075188,0.6724137931034483,0.753450791156997,0.5562888497938473,0.8305465155425878,0.7029175365070379,0.7337052681366867,123,10,28,39,19.0,33.0,75.0,145.0,A0_Baseline_XGB
German Credit,R1_F2,1,2,0.765,0.5128205128205128,0.4166666666666667,0.875,0.4597701149425287,0.6458333333333334,0.3144010367213984,0.7420504385964911,0.476023150179116,0.60380736442456,133,19,28,20,23.5,37.5,79.5,149.5,A0_Baseline_XGB
German Credit,R1_F3,1,3,0.755,0.6521739130434783,0.4761904761904761,0.8832116788321168,0.5504587155963303,0.6797010775112965,0.3967089138052003,0.7814853435291392,0.6698895847519888,0.6485190744458142,121,16,33,30,24.5,41.0,90.5,173.0,A0_Baseline_XGB
German Credit,R1_F4,1,4,0.745,0.7297297297297297,0.3970588235294117,0.9242424242424242,0.5142857142857142,0.660650623885918,0.3919757230117758,0.7742869875222818,0.6871894209532132,0.6057875944798378,122,10,41,27,25.5,46.0,107.5,210.0,A0_Baseline_XGB
German Credit,R1_F5,1,5,0.76,0.5576923076923077,0.5370370370370371,0.8424657534246576,0.5471698113207547,0.6897513952308474,0.3841101220961904,0.7954084221207509,0.5809594924991544,0.6726331184415121,123,23,25,29,24.0,36.5,74.0,136.5,A0_Baseline_XGB
German Credit,R2_F1,2,1,0.805,0.7608695652173914,0.5555555555555556,0.9197080291970804,0.6422018348623854,0.7376317923763179,0.5245970227043623,0.8097555323832696,0.7158187572378861,0.7148069005748959,126,11,28,35,19.5,33.5,75.5,145.5,A0_Baseline_XGB
German Credit,R2_F2,2,2,0.775,0.5121951219512195,0.4565217391304347,0.8701298701298701,0.4827586206896552,0.6633258046301524,0.3405129144675902,0.8027950310559008,0.5495064512871637,0.6302643902213004,134,20,25,21,22.5,35.0,72.5,135.0,A0_Baseline_XGB
German Credit,R2_F3,2,3,0.725,0.6,0.4615384615384615,0.8518518518518519,0.5217391304347826,0.6566951566951567,0.3389834532487511,0.7603418803418803,0.6347435895073967,0.6270266287506402,115,20,35,30,27.5,45.0,97.5,185.0,A0_Baseline_XGB
German Credit,R2_F4,2,4,0.77,0.625,0.5172413793103449,0.8732394366197183,0.5660377358490566,0.6952404079650316,0.4148732738290014,0.8000242836328315,0.6199497186338137,0.6720681294819533,124,18,28,30,23.0,37.0,79.0,149.0,A0_Baseline_XGB
German Credit,R2_F5,2,5,0.725,0.6382978723404256,0.4411764705882353,0.8712121212121212,0.5217391304347826,0.6561942959001783,0.3490132725484676,0.7781862745098038,0.6346753506296392,0.619966360998767,115,17,38,30,27.5,46.5,103.5,198.5,A0_Baseline_XGB
German Credit,R3_F1,3,1,0.78,0.6190476190476191,0.4814814814814814,0.8904109589041096,0.5416666666666666,0.6859462201927955,0.4053568061931211,0.8012430238457635,0.6175357464600374,0.6547643756501244,130,16,28,26,22.0,36.0,78.0,148.0,A0_Baseline_XGB
German Credit,R3_F2,3,2,0.765,0.6666666666666666,0.5757575757575758,0.8582089552238806,0.6178861788617886,0.7169832654907282,0.452038220783977,0.7990728177295342,0.6924571481464091,0.7029369157706425,115,19,28,38,23.5,37.5,79.5,149.5,A0_Baseline_XGB
German Credit,R3_F3,3,3,0.775,0.55,0.4489795918367347,0.8807947019867549,0.4943820224719101,0.6648871469117448,0.3545792570360052,0.770509528314637,0.5528639169617,0.6288551866606267,133,18,27,22,22.5,36.0,76.5,144.0,A0_Baseline_XGB
German Credit,R3_F4,3,4,0.685,0.5652173913043478,0.3768115942028985,0.8473282442748091,0.4521739130434782,0.6120699192388539,0.2531861655730476,0.7631375152118597,0.5685538680470902,0.565051419375559,111,20,43,26,31.5,53.0,117.5,225.0,A0_Baseline_XGB
German Credit,R3_F5,3,5,0.73,0.5952380952380952,0.4032258064516129,0.8768115942028986,0.4807692307692308,0.6400187003272557,0.3179788520117877,0.7702197288452549,0.6594730988384339,0.5946032813385645,121,17,37,25,27.0,45.5,101.0,193.5,A0_Baseline_XGB
German Credit,R4_F1,4,1,0.79,0.7021276595744681,0.5409836065573771,0.8992805755395683,0.6111111111111112,0.7201320910484728,0.4780694896171276,0.8307583441443567,0.6870645050839365,0.6974926874615887,125,14,28,33,21.0,35.0,77.0,147.0,A0_Baseline_XGB
German Credit,R4_F2,4,2,0.8,0.6944444444444444,0.4629629629629629,0.9246575342465754,0.5555555555555556,0.6938102486047691,0.4479266144617314,0.7539320142059869,0.6167948388519782,0.6542799032377671,135,11,29,25,20.0,34.5,78.0,150.5,A0_Baseline_XGB
German Credit,R4_F3,4,3,0.76,0.625,0.5645161290322581,0.8478260869565217,0.5932203389830508,0.70617110799439,0.4247348814202704,0.7751285647498831,0.6251813364716579,0.691817534253984,117,21,27,35,24.0,37.5,78.0,145.5,A0_Baseline_XGB
German Credit,R4_F4,4,4,0.755,0.6481481481481481,0.5384615384615384,0.8592592592592593,0.5882352941176471,0.6988603988603989,0.4195933113578837,0.8011396011396013,0.6944713424677722,0.6802044271232456,116,19,30,35,24.5,39.5,84.5,159.5,A0_Baseline_XGB
German Credit,R4_F5,4,5,0.74,0.59375,0.3275862068965517,0.908450704225352,0.4222222222222222,0.6180184555609519,0.2921517294825019,0.7850898494414764,0.5372123601255925,0.5455235286856877,129,13,39,19,26.0,45.5,104.0,201.5,A0_Baseline_XGB
German Credit,R5_F1,5,1,0.8,0.66,0.5892857142857143,0.8819444444444444,0.6226415094339622,0.7356150793650793,0.4886272748799577,0.8111359126984127,0.6539215584143447,0.7209141848408601,127,17,23,33,20.0,31.5,66.0,123.5,A0_Baseline_XGB
German Credit,R5_F2,5,2,0.79,0.8181818181818182,0.5142857142857142,0.9384615384615383,0.631578947368421,0.7263736263736263,0.5213001890835093,0.8090109890109891,0.7047748857845937,0.6947210682262073,122,8,34,36,21.0,38.0,89.0,174.0,A0_Baseline_XGB
German Credit,R5_F3,5,3,0.76,0.6571428571428571,0.3898305084745763,0.9148936170212766,0.4893617021276595,0.6523620627479264,0.36573490225046,0.8291862002644548,0.6643056771153628,0.5972046918130739,129,12,36,23,24.0,42.0,96.0,186.0,A0_Baseline_XGB
German Credit,R5_F4,5,4,0.75,0.5769230769230769,0.5172413793103449,0.8450704225352113,0.5454545454545454,0.6811559009227781,0.3748073685260835,0.7822972316658572,0.6525096827013921,0.66113946408189,120,22,28,30,25.0,39.0,81.0,151.0,A0_Baseline_XGB
German Credit,R5_F5,5,5,0.765,0.6470588235294118,0.3859649122807017,0.916083916083916,0.4835164835164835,0.6510244141823089,0.3629853517674616,0.8024782235308552,0.6103496393017911,0.5946227781653596,131,12,35,22,23.5,41.0,93.5,181.0,A0_Baseline_XGB
German Credit,R1_F1,1,1,0.785,0.7222222222222222,0.582089552238806,0.8872180451127819,0.6446280991735537,0.734653798675794,0.4989390535052115,0.8350353495679497,0.7150964496777249,0.7186378466361816,118,15,28,39,21.5,35.5,77.5,147.5,A1_FrozenFS_XGB
German Credit,R1_F2,1,2,0.755,0.4897959183673469,0.5,0.8355263157894737,0.4948453608247423,0.6677631578947368,0.333182733684121,0.7543859649122807,0.4912241522463585,0.646346004779744,127,25,24,24,24.5,36.5,72.5,132.5,A1_FrozenFS_XGB
German Credit,R1_F3,1,3,0.755,0.675,0.4285714285714285,0.9051094890510948,0.5242718446601942,0.6668404588112617,0.3875002102323759,0.7654964662263932,0.6343867850751181,0.6228194495487304,124,13,36,27,24.5,42.5,96.5,186.5,A1_FrozenFS_XGB
German Credit,R1_F4,1,4,0.75,0.7142857142857143,0.4411764705882353,0.9090909090909092,0.5454545454545454,0.6751336898395721,0.4073689529040217,0.767602495543672,0.664960658157006,0.6333004963811236,120,12,38,30,25.0,44.0,101.0,196.0,A1_FrozenFS_XGB
German Credit,R1_F5,1,5,0.75,0.5357142857142857,0.5555555555555556,0.821917808219178,0.5454545454545454,0.6887366818873668,0.3732367159792311,0.7773972602739727,0.5529431059288595,0.6757373783994859,120,26,24,30,25.0,37.0,73.0,133.0,A1_FrozenFS_XGB
German Credit,R2_F1,2,1,0.785,0.6923076923076923,0.5714285714285714,0.8832116788321168,0.6260869565217392,0.727320125130344,0.4814663183976856,0.8057003823427181,0.7157601956952307,0.7104170520926892,121,16,27,36,21.5,35.0,75.5,143.0,A1_FrozenFS_XGB
German Credit,R2_F2,2,2,0.795,0.5555555555555556,0.5434782608695652,0.8701298701298701,0.5494505494505495,0.7068040654997176,0.4168273795567536,0.8123941276115189,0.5613014316652942,0.687674827624832,134,20,21,25,20.5,31.0,62.5,115.0,A1_FrozenFS_XGB
German Credit,R2_F3,2,3,0.735,0.6428571428571429,0.4153846153846154,0.8888888888888888,0.5046728971962616,0.6521367521367522,0.3498924006676127,0.7536182336182335,0.6167265083174625,0.6076436202502,120,15,38,27,26.5,45.5,102.5,197.5,A1_FrozenFS_XGB
German Credit,R2_F4,2,4,0.745,0.574468085106383,0.4655172413793103,0.8591549295774648,0.5142857142857142,0.6623360854783875,0.3474630196327308,0.7822972316658572,0.5735068261245262,0.632417135073313,122,20,31,27,25.5,41.0,87.5,165.0,A1_FrozenFS_XGB
German Credit,R2_F5,2,5,0.73,0.6458333333333334,0.4558823529411764,0.8712121212121212,0.5344827586206896,0.6635472370766489,0.3628041253196682,0.7721702317290553,0.628256728164444,0.630214433132926,115,17,37,31,27.0,45.5,101.0,193.5,A1_FrozenFS_XGB
German Credit,R3_F1,3,1,0.775,0.6153846153846154,0.4444444444444444,0.8972602739726028,0.5161290322580645,0.6708523592085236,0.3828944241649665,0.8084728564180619,0.6101329383401108,0.631492156711248,131,15,30,24,22.5,37.5,82.5,157.5,A1_FrozenFS_XGB
German Credit,R3_F2,3,2,0.765,0.6727272727272727,0.5606060606060606,0.8656716417910447,0.6115702479338843,0.7131388511985526,0.4489021003277125,0.788783355947535,0.6657878445519179,0.6966353198646035,116,18,29,37,23.5,38.0,81.5,154.0,A1_FrozenFS_XGB
German Credit,R3_F3,3,3,0.77,0.5348837209302325,0.4693877551020408,0.8675496688741722,0.5,0.6684687119881065,0.3527375635908228,0.7737532098932287,0.5467141550759647,0.6381357155906309,131,20,26,23,23.0,36.0,75.0,140.0,A1_FrozenFS_XGB
German Credit,R3_F4,3,4,0.705,0.6041666666666666,0.4202898550724637,0.8549618320610687,0.4957264957264957,0.6376258435667662,0.3063710818615526,0.7765239517645757,0.5805985895614028,0.5994428951029737,112,19,40,29,29.5,49.5,109.5,209.5,A1_FrozenFS_XGB
German Credit,R3_F5,3,5,0.77,0.7105263157894737,0.4354838709677419,0.9202898550724636,0.54,0.6778868630201028,0.4194304482515135,0.7671809256661991,0.6637992616410326,0.6330650744586205,127,11,35,27,23.0,40.5,93.0,180.5,A1_FrozenFS_XGB
German Credit,R4_F1,4,1,0.78,0.660377358490566,0.5737704918032787,0.8705035971223022,0.6140350877192983,0.7221370444627904,0.4634754132984963,0.8285175138577663,0.6730756736344835,0.7067314037435909,121,18,26,35,22.0,35.0,74.0,139.0,A1_FrozenFS_XGB
German Credit,R4_F2,4,2,0.76,0.5714285714285714,0.4444444444444444,0.8767123287671232,0.5,0.6605783866057838,0.3500557412281659,0.7631912734652461,0.6102275336350981,0.6242194517126963,128,18,30,24,24.0,39.0,84.0,159.0,A1_FrozenFS_XGB
German Credit,R4_F3,4,3,0.77,0.6538461538461539,0.5483870967741935,0.8695652173913043,0.5964912280701754,0.7089761570827489,0.4406863438677154,0.7843618513323983,0.6432761972976861,0.6905493067269257,120,18,28,34,23.0,37.0,79.0,149.0,A1_FrozenFS_XGB
German Credit,R4_F4,4,4,0.765,0.6607142857142857,0.5692307692307692,0.8592592592592593,0.6115702479338843,0.7142450142450143,0.4469809588447313,0.7997720797720799,0.6884618131181103,0.6993688648465909,116,19,28,37,23.5,37.5,79.5,149.5,A1_FrozenFS_XGB
German Credit,R4_F5,4,5,0.765,0.7037037037037037,0.3275862068965517,0.943661971830986,0.4470588235294118,0.6356240893637688,0.3601803918020658,0.7932248664400194,0.5638825188533914,0.5559951851811608,134,8,39,19,23.5,43.0,101.5,199.0,A1_FrozenFS_XGB
German Credit,R5_F1,5,1,0.77,0.5806451612903226,0.6428571428571429,0.8194444444444444,0.6101694915254238,0.7311507936507937,0.4488128225438685,0.8097718253968255,0.6403356463113422,0.7258000511750563,118,26,20,36,23.0,33.0,63.0,113.0,A1_FrozenFS_XGB
German Credit,R5_F2,5,2,0.765,0.7674418604651163,0.4714285714285714,0.9230769230769232,0.584070796460177,0.6972527472527472,0.4580255431784663,0.8068131868131867,0.6859927211169037,0.6596702472939303,120,10,37,33,23.5,42.0,97.5,190.0,A1_FrozenFS_XGB
German Credit,R5_F3,5,3,0.755,0.631578947368421,0.4067796610169492,0.900709219858156,0.4948453608247423,0.6537444404375525,0.357450305364924,0.8129582882558,0.6302375297824038,0.6053017356069131,127,14,35,24,24.5,42.0,94.5,182.0,A1_FrozenFS_XGB
German Credit,R5_F4,5,4,0.75,0.5740740740740741,0.5344827586206896,0.8380281690140845,0.5535714285714286,0.686255463817387,0.3807359435344559,0.7808402136959688,0.6102311424855116,0.6692619872490095,119,23,27,31,25.0,38.5,79.0,146.5,A1_FrozenFS_XGB
German Credit,R5_F5,5,5,0.77,0.6341463414634146,0.4561403508771929,0.8951048951048951,0.5306122448979592,0.675622622991044,0.39275833559256,0.7905778432094221,0.590162078813304,0.6389784510646974,128,15,31,26,23.0,38.5,85.0,162.5,A1_FrozenFS_XGB
German Credit,R1_F1,1,1,0.77,0.6363636363636364,0.7313432835820896,0.7894736842105263,0.6805555555555556,0.7604084838963079,0.5051849782668207,0.8327909325552687,0.7026705472154151,0.7598527992395474,105,28,18,49,23.0,32.0,59.0,104.0,A2_FrozenFS_BalancedXGB
German Credit,R1_F2,1,2,0.745,0.4769230769230769,0.6458333333333334,0.7763157894736842,0.5486725663716814,0.7110745614035088,0.3849326426807806,0.7546600877192983,0.5020999886498159,0.7080752883945942,118,34,17,31,25.5,34.0,59.5,102.0,A2_FrozenFS_BalancedXGB
German Credit,R1_F3,1,3,0.755,0.6,0.6666666666666666,0.7956204379562044,0.631578947368421,0.7311435523114356,0.4502167423629137,0.7672343876723439,0.6407634787719582,0.7282950125492665,109,28,21,42,24.5,35.0,66.5,119.0,A2_FrozenFS_BalancedXGB
German Credit,R1_F4,1,4,0.73,0.6129032258064516,0.5588235294117647,0.8181818181818182,0.5846153846153846,0.6885026737967914,0.3861477818490156,0.7627005347593584,0.6502938675800707,0.6761798956911529,108,24,30,38,27.0,42.0,87.0,162.0,A2_FrozenFS_BalancedXGB
German Credit,R1_F5,1,5,0.74,0.5135135135135135,0.7037037037037037,0.7534246575342466,0.59375,0.7285641806189751,0.4203493131129022,0.7900811770674785,0.5498965144954422,0.7281399054910697,110,36,16,38,26.0,34.0,58.0,98.0,A2_FrozenFS_BalancedXGB
German Credit,R2_F1,2,1,0.74,0.5733333333333334,0.6825396825396826,0.7664233576642335,0.6231884057971014,0.7244815201019581,0.4307799785864612,0.8046576294751477,0.7091303521065424,0.7232664482962994,105,32,20,43,26.0,36.0,66.0,116.0,A2_FrozenFS_BalancedXGB
German Credit,R2_F2,2,2,0.74,0.453125,0.6304347826086957,0.7727272727272727,0.5272727272727272,0.7015810276679841,0.3637135540602172,0.7982778091473743,0.5402595197686918,0.6979642900590463,119,35,17,29,26.0,34.5,60.0,102.5,A2_FrozenFS_BalancedXGB
German Credit,R2_F3,2,3,0.74,0.5783132530120482,0.7384615384615385,0.7407407407407407,0.6486486486486487,0.7396011396011396,0.455523157855629,0.7675213675213676,0.6170938021094823,0.7396002616336389,100,35,17,48,26.0,34.5,60.0,102.5,A2_FrozenFS_BalancedXGB
German Credit,R2_F4,2,4,0.765,0.5901639344262295,0.6206896551724138,0.823943661971831,0.6050420168067226,0.7223166585721223,0.4382156196235105,0.7751335599805731,0.5864868187910113,0.715131671394011,117,25,22,36,23.5,34.5,67.5,122.5,A2_FrozenFS_BalancedXGB
German Credit,R2_F5,2,5,0.735,0.6153846153846154,0.5882352941176471,0.8106060606060606,0.6015037593984962,0.6994206773618539,0.4033834185065438,0.7677139037433156,0.6063344708348237,0.6905266790458956,107,25,28,40,26.5,40.5,82.5,152.5,A2_FrozenFS_BalancedXGB
German Credit,R3_F1,3,1,0.76,0.5441176470588235,0.6851851851851852,0.7876712328767124,0.6065573770491803,0.7364282090309489,0.4431606328850486,0.8107559614408929,0.6087758003791282,0.7346432192320795,115,31,17,37,24.0,32.5,58.0,100.5,A2_FrozenFS_BalancedXGB
German Credit,R3_F2,3,2,0.755,0.6197183098591549,0.6666666666666666,0.7985074626865671,0.6423357664233577,0.7325870646766168,0.4571049148420398,0.788783355947535,0.6445346684954197,0.7296151783356151,107,27,22,44,24.5,35.5,68.5,123.5,A2_FrozenFS_BalancedXGB
German Credit,R3_F3,3,3,0.765,0.5172413793103449,0.6122448979591837,0.8145695364238411,0.5607476635514018,0.7134072171915125,0.4045455637319612,0.7699689147182052,0.5404065132119996,0.7061983026802557,123,28,19,30,23.5,33.0,61.5,109.0,A2_FrozenFS_BalancedXGB
German Credit,R3_F4,3,4,0.705,0.5675675675675675,0.6086956521739131,0.7557251908396947,0.5874125874125874,0.6822104215068039,0.35880812531823,0.7729837371390641,0.5834359846521057,0.6782378918214632,99,32,27,42,29.5,43.0,83.5,151.0,A2_FrozenFS_BalancedXGB
German Credit,R3_F5,3,5,0.73,0.5714285714285714,0.5161290322580645,0.8260869565217391,0.5423728813559322,0.6711079943899019,0.3525010580494761,0.7592332865825151,0.6461602844809997,0.6529681932763456,114,24,30,32,27.0,42.0,87.0,162.0,A2_FrozenFS_BalancedXGB
German Credit,R4_F1,4,1,0.765,0.5875,0.7704918032786885,0.762589928057554,0.6666666666666666,0.7665408656681212,0.5009916651044681,0.8233282226677674,0.6675706272324212,0.7665306835549572,106,33,14,47,23.5,30.5,51.5,86.5,A2_FrozenFS_BalancedXGB
German Credit,R4_F2,4,2,0.75,0.5333333333333333,0.5925925925925926,0.8082191780821918,0.5614035087719298,0.7004058853373922,0.3883060273455655,0.754185692541857,0.6133820744673981,0.6920583054358789,118,28,22,32,25.0,36.0,69.0,124.0,A2_FrozenFS_BalancedXGB
German Credit,R4_F3,4,3,0.745,0.5714285714285714,0.7096774193548387,0.7608695652173914,0.6330935251798561,0.735273492286115,0.4472398202938643,0.7766479663394109,0.6113713009777333,0.7348278366455073,105,33,18,44,25.5,34.5,61.5,106.5,A2_FrozenFS_BalancedXGB
German Credit,R4_F4,4,4,0.73,0.5733333333333334,0.6615384615384615,0.762962962962963,0.6142857142857143,0.7122507122507122,0.4106927878620458,0.7932763532763533,0.6842803756776183,0.7104430622712454,103,32,22,43,27.0,38.0,71.0,126.0,A2_FrozenFS_BalancedXGB
German Credit,R4_F5,4,5,0.745,0.5660377358490566,0.5172413793103449,0.8380281690140845,0.5405405405405406,0.6776347741622146,0.3652746645917875,0.7966245750364255,0.5715192723495441,0.6583789532190165,119,23,28,30,25.5,39.5,81.5,151.5,A2_FrozenFS_BalancedXGB
German Credit,R5_F1,5,1,0.7,0.4756097560975609,0.6964285714285714,0.7013888888888888,0.5652173913043478,0.6989087301587301,0.3631710069814885,0.8208085317460317,0.6612399500523516,0.6989043295793509,101,43,17,39,30.0,38.5,64.0,106.5,A2_FrozenFS_BalancedXGB
German Credit,R5_F2,5,2,0.755,0.6666666666666666,0.6,0.8384615384615385,0.631578947368421,0.7192307692307692,0.4502167423629137,0.7968131868131868,0.6783239794247464,0.7092791573681854,109,21,28,42,24.5,38.5,80.5,150.5,A2_FrozenFS_BalancedXGB
German Credit,R5_F3,5,3,0.755,0.5806451612903226,0.6101694915254238,0.8156028368794326,0.5950413223140496,0.7128861642024282,0.419834000011256,0.8093520855872101,0.6407895908317917,0.7054473532910989,115,26,23,36,24.5,36.0,70.5,128.0,A2_FrozenFS_BalancedXGB
German Credit,R5_F4,5,4,0.715,0.5072463768115942,0.603448275862069,0.7605633802816901,0.5511811023622047,0.6820058280718795,0.3474667613614606,0.7824186498300145,0.6141952472685646,0.677466353788004,108,34,23,35,28.5,40.0,74.5,132.0,A2_FrozenFS_BalancedXGB
German Credit,R5_F5,5,5,0.775,0.603448275862069,0.6140350877192983,0.8391608391608392,0.6086956521739131,0.7265979634400688,0.4508512473568508,0.8059133848607533,0.6117732858594487,0.7178260231314589,120,23,22,35,22.5,33.5,66.5,121.5,A2_FrozenFS_BalancedXGB
German Credit,R1_F1,1,1,0.765,0.6388888888888888,0.6865671641791045,0.8045112781954887,0.6618705035971223,0.7455392211872967,0.4828840476283187,0.8517562563124228,0.7205742037480634,0.7432032204052827,107,26,21,46,23.5,34.0,65.5,118.0,A3_Hybrid_SoftVote
German Credit,R1_F2,1,2,0.75,0.4838709677419355,0.625,0.7894736842105263,0.5454545454545454,0.7072368421052632,0.3827401178155846,0.7711074561403509,0.5323199913587472,0.7024393586862705,120,32,18,30,25.0,34.0,61.0,106.0,A3_Hybrid_SoftVote
German Credit,R1_F3,1,3,0.76,0.631578947368421,0.5714285714285714,0.8467153284671532,0.6,0.7090719499478624,0.4302797198465315,0.7880894450237516,0.662621900775157,0.6955841649668708,116,21,27,36,24.0,37.5,78.0,145.5,A3_Hybrid_SoftVote
German Credit,R1_F4,1,4,0.75,0.6607142857142857,0.5441176470588235,0.8560606060606061,0.5967741935483871,0.7000891265597148,0.4222013780432871,0.7571301247771836,0.6442694729163634,0.682493723567805,113,19,31,37,25.0,40.5,87.0,164.5,A3_Hybrid_SoftVote
German Credit,R1_F5,1,5,0.75,0.5285714285714286,0.6851851851851852,0.773972602739726,0.5967741935483871,0.7295788939624557,0.427380365920716,0.7957889396245561,0.5885740627605509,0.7282269983572972,113,33,17,37,25.0,33.5,59.0,101.5,A3_Hybrid_SoftVote
German Credit,R2_F1,2,1,0.77,0.6307692307692307,0.6507936507936508,0.8248175182481752,0.640625,0.737805584520913,0.4716925756426876,0.8126520681265207,0.7066453060193015,0.7326568118425493,113,24,22,41,23.0,34.0,67.0,122.0,A3_Hybrid_SoftVote
German Credit,R2_F2,2,2,0.76,0.4833333333333333,0.6304347826086957,0.7987012987012987,0.5471698113207547,0.7145680406549972,0.3940893189763407,0.814652738565782,0.5658233292675998,0.7095978294893778,123,31,17,29,24.0,32.5,58.0,100.5,A3_Hybrid_SoftVote
German Credit,R2_F3,2,3,0.715,0.5540540540540541,0.6307692307692307,0.7555555555555555,0.5899280575539568,0.6931623931623931,0.3747787886996013,0.7748148148148148,0.6447706072163755,0.6903486051128057,102,33,24,41,28.5,40.5,76.5,136.5,A3_Hybrid_SoftVote
German Credit,R2_F4,2,4,0.765,0.5846153846153846,0.6551724137931034,0.8098591549295775,0.6178861788617886,0.7325157843613405,0.4505230778444232,0.8050024283632831,0.6002570521063835,0.7284211538441578,115,27,20,38,23.5,33.5,63.5,113.5,A3_Hybrid_SoftVote
German Credit,R2_F5,2,5,0.755,0.6557377049180327,0.5882352941176471,0.8409090909090909,0.6201550387596899,0.714572192513369,0.441542527029114,0.7846479500891266,0.6588813138194846,0.7033152965897389,111,21,28,40,24.5,38.5,80.5,150.5,A3_Hybrid_SoftVote
German Credit,R3_F1,3,1,0.775,0.5692307692307692,0.6851851851851852,0.8082191780821918,0.6218487394957983,0.7467021816336885,0.46768423529575,0.8263571790969051,0.653674826552567,0.7441638308897206,118,28,17,37,22.5,31.0,56.5,99.0,A3_Hybrid_SoftVote
German Credit,R3_F2,3,2,0.755,0.6197183098591549,0.6666666666666666,0.7985074626865671,0.6423357664233577,0.7325870646766168,0.4571049148420398,0.7946630483943917,0.6546675701688515,0.7296151783356151,107,27,22,44,24.5,35.5,68.5,123.5,A3_Hybrid_SoftVote
German Credit,R3_F3,3,3,0.77,0.5254237288135594,0.6326530612244898,0.8145695364238411,0.5740740740740741,0.7236112988241654,0.4217690343751833,0.7780781186646843,0.5352565635656854,0.717871792730956,123,28,18,31,23.0,32.0,59.0,104.0,A3_Hybrid_SoftVote
German Credit,R3_F4,3,4,0.715,0.581081081081081,0.6231884057971014,0.7633587786259542,0.6013986013986014,0.6932735922115278,0.3805936824110186,0.7768558468857175,0.5878243018476528,0.6897219296956788,100,31,26,43,28.5,41.5,80.5,145.5,A3_Hybrid_SoftVote
German Credit,R3_F5,3,5,0.745,0.5932203389830508,0.5645161290322581,0.8260869565217391,0.5785123966942148,0.6953015427769986,0.3961279582263177,0.7861150070126226,0.6601117243317391,0.6828904823906184,114,24,27,35,25.5,39.0,79.5,147.0,A3_Hybrid_SoftVote
German Credit,R4_F1,4,1,0.78,0.6197183098591549,0.7213114754098361,0.8057553956834532,0.6666666666666666,0.7635334355466447,0.5071238168967489,0.8559971694775328,0.7191711926537372,0.7623651443238129,112,27,17,44,22.0,30.5,56.0,98.5,A3_Hybrid_SoftVote
German Credit,R4_F2,4,2,0.765,0.5614035087719298,0.5925925925925926,0.8287671232876712,0.5765765765765766,0.7106798579401319,0.4144010753804058,0.7773972602739727,0.6388493046674293,0.700800441098995,121,25,22,32,23.5,34.5,67.5,122.5,A3_Hybrid_SoftVote
German Credit,R4_F3,4,3,0.735,0.5652173913043478,0.6290322580645161,0.782608695652174,0.5954198473282443,0.705820476858345,0.4004919310193582,0.773141654978962,0.6225828061332398,0.701631039084655,108,30,23,39,26.5,38.0,72.5,130.0,A3_Hybrid_SoftVote
German Credit,R4_F4,4,4,0.73,0.5774647887323944,0.6307692307692307,0.7777777777777778,0.6029411764705882,0.7042735042735042,0.3998909428852601,0.8103703703703704,0.6931642076020218,0.7004272200580804,105,30,24,41,27.0,39.0,75.0,135.0,A3_Hybrid_SoftVote
German Credit,R4_F5,4,5,0.73,0.5384615384615384,0.4827586206896552,0.8309859154929577,0.509090909090909,0.6568722680913065,0.3245650939247319,0.7878824672170957,0.5476835808939932,0.6333763607649963,118,24,30,28,27.0,42.0,87.0,162.0,A3_Hybrid_SoftVote
German Credit,R5_F1,5,1,0.73,0.5131578947368421,0.6964285714285714,0.7430555555555556,0.5909090909090909,0.7197420634920635,0.4065376898328641,0.8138640873015873,0.6537856664236311,0.7193643854456648,107,37,17,39,27.0,35.5,61.0,103.5,A3_Hybrid_SoftVote
German Credit,R5_F2,5,2,0.755,0.6779661016949152,0.5714285714285714,0.8538461538461538,0.6201550387596899,0.7126373626373625,0.444789684618333,0.8056043956043957,0.6971858037057643,0.6985070421349293,111,19,30,40,24.5,39.5,84.5,159.5,A3_Hybrid_SoftVote
German Credit,R5_F3,5,3,0.78,0.6363636363636364,0.5932203389830508,0.8581560283687943,0.6140350877192983,0.7256881836759226,0.4610086065885724,0.8224546219497536,0.6409557613964563,0.7134953469009344,121,20,24,35,22.0,34.0,70.0,130.0,A3_Hybrid_SoftVote
German Credit,R5_F4,5,4,0.73,0.5303030303030303,0.603448275862069,0.7816901408450704,0.5645161290322581,0.6925692083535697,0.3716641250136264,0.7722195240407965,0.5914130538005384,0.6868111587265713,111,31,23,35,27.0,38.5,73.0,130.5,A3_Hybrid_SoftVote
German Credit,R5_F5,5,5,0.83,0.7017543859649122,0.7017543859649122,0.8811188811188811,0.7017543859649122,0.7914366335418968,0.5828732670837934,0.8333946754999386,0.6513639067785759,0.7863390104666504,126,17,17,40,17.0,25.5,51.0,93.5,A3_Hybrid_SoftVote
German Credit,R1_F1,1,1,0.79,0.7777777777777778,0.5223880597014925,0.924812030075188,0.625,0.7236000448883402,0.5054672217104351,0.8517562563124228,0.7205742037480634,0.6950616965274203,123,10,32,35,21.0,37.0,85.0,165.0,A4_Hybrid_Sigmoid
German Credit,R1_F2,1,2,0.785,0.5555555555555556,0.5208333333333334,0.868421052631579,0.5376344086021505,0.6946271929824561,0.3981106735660559,0.7711074561403509,0.5323199913587472,0.6725344835612129,132,20,23,25,21.5,33.0,67.5,125.0,A4_Hybrid_Sigmoid
German Credit,R1_F3,1,3,0.76,0.6923076923076923,0.4285714285714285,0.9124087591240876,0.5294117647058824,0.670490093847758,0.3997739232887299,0.7880894450237516,0.662621900775157,0.6253257753674437,125,12,36,27,24.0,42.0,96.0,186.0,A4_Hybrid_Sigmoid
German Credit,R1_F4,1,4,0.74,0.7105263157894737,0.3970588235294117,0.9166666666666666,0.5094339622641509,0.6568627450980392,0.3788278707002149,0.7571301247771836,0.6442694729163634,0.6032997499048828,121,11,41,27,26.0,46.5,108.0,210.5,A4_Hybrid_Sigmoid
German Credit,R1_F5,1,5,0.775,0.5849056603773585,0.5740740740740741,0.8493150684931506,0.5794392523364486,0.7116945712836124,0.425908612625389,0.7957889396245561,0.5885740627605509,0.6982619576794687,124,22,23,31,22.5,34.0,68.5,126.0,A4_Hybrid_Sigmoid
German Credit,R2_F1,2,1,0.77,0.673469387755102,0.5238095238095238,0.8832116788321168,0.5892857142857143,0.7035106013208203,0.4396034355515594,0.8126520681265207,0.7066453060193015,0.6801725434858873,121,16,30,33,23.0,38.0,83.0,158.0,A4_Hybrid_Sigmoid
German Credit,R2_F2,2,2,0.785,0.5384615384615384,0.4565217391304347,0.8831168831168831,0.4941176470588235,0.6698193111236589,0.3607539584789297,0.814652738565782,0.5658233292675998,0.6349504353380414,136,18,25,21,21.5,34.0,71.5,134.0,A4_Hybrid_Sigmoid
German Credit,R2_F3,2,3,0.73,0.627906976744186,0.4153846153846154,0.8814814814814815,0.5,0.6484330484330485,0.3384543584270825,0.7748148148148148,0.6447706072163755,0.6051064750552966,119,16,38,27,27.0,46.0,103.0,198.0,A4_Hybrid_Sigmoid
German Credit,R2_F4,2,4,0.78,0.6666666666666666,0.4827586206896552,0.9014084507042254,0.56,0.6920835356969403,0.4279816188899131,0.8050024283632831,0.6002570521063835,0.6596686291919382,128,14,30,28,22.0,37.0,82.0,157.0,A4_Hybrid_Sigmoid
German Credit,R2_F5,2,5,0.72,0.65,0.3823529411764705,0.8939393939393939,0.4814814814814814,0.6381461675579323,0.3272052564635805,0.7846479500891266,0.6588813138194846,0.5846369441852258,118,14,42,26,28.0,49.0,112.0,217.0,A4_Hybrid_Sigmoid
German Credit,R3_F1,3,1,0.795,0.6666666666666666,0.4814814814814814,0.910958904109589,0.5591397849462365,0.6962201927955353,0.4397458605665948,0.8263571790969051,0.653674826552567,0.6622762586107339,133,13,28,26,20.5,34.5,76.5,146.5,A4_Hybrid_Sigmoid
German Credit,R3_F2,3,2,0.76,0.6875,0.5,0.8880597014925373,0.5789473684210527,0.6940298507462687,0.427248453669066,0.7946630483943917,0.6546675701688515,0.6663556488439702,119,15,33,33,24.0,40.5,90.0,172.5,A4_Hybrid_Sigmoid
German Credit,R3_F3,3,3,0.76,0.5135135135135135,0.3877551020408163,0.8807947019867549,0.4418604651162791,0.6342749020137857,0.2974518601723825,0.7780781186646843,0.5352565635656854,0.5844079393248217,133,18,30,19,24.0,39.0,84.0,159.0,A4_Hybrid_Sigmoid
German Credit,R3_F4,3,4,0.71,0.6170212765957447,0.4202898550724637,0.8625954198473282,0.5,0.641442637459896,0.3171581606101202,0.7768558468857175,0.5878243018476528,0.6021130325726264,113,18,40,29,29.0,49.0,109.0,209.0,A4_Hybrid_Sigmoid
German Credit,R3_F5,3,5,0.76,0.6842105263157895,0.4193548387096774,0.9130434782608696,0.52,0.6661991584852734,0.391872600140376,0.7861150070126226,0.6601117243317391,0.618780413847279,126,12,36,26,24.0,42.0,96.0,186.0,A4_Hybrid_Sigmoid
German Credit,R4_F1,4,1,0.79,0.6862745098039216,0.5737704918032787,0.8848920863309353,0.625,0.729331289067107,0.4844928845981213,0.8559971694775328,0.7191711926537372,0.7125482212222062,123,16,26,35,21.0,34.0,73.0,138.0,A4_Hybrid_Sigmoid
German Credit,R4_F2,4,2,0.805,0.6666666666666666,0.5555555555555556,0.8972602739726028,0.6060606060606061,0.7264079147640792,0.4814185298882756,0.7773972602739727,0.6388493046674293,0.7060296948321504,131,15,24,30,19.5,31.5,67.5,127.5,A4_Hybrid_Sigmoid
German Credit,R4_F3,4,3,0.75,0.6363636363636364,0.4516129032258064,0.8840579710144928,0.5283018867924528,0.6678354371201496,0.3747661957267746,0.773141654978962,0.6225828061332398,0.631863899039794,122,16,34,28,25.0,42.0,93.0,178.0,A4_Hybrid_Sigmoid
German Credit,R4_F4,4,4,0.755,0.6538461538461539,0.5230769230769231,0.8666666666666667,0.5811965811965812,0.6948717948717948,0.4161692750607111,0.8103703703703704,0.6931642076020218,0.6733003292241385,117,18,31,34,24.5,40.0,86.5,164.0,A4_Hybrid_Sigmoid
German Credit,R4_F5,4,5,0.745,0.6296296296296297,0.293103448275862,0.9295774647887324,0.4,0.6113404565322972,0.2956897218285536,0.7878824672170957,0.5476835808939932,0.5219792719726629,132,10,41,17,25.5,46.0,107.5,210.0,A4_Hybrid_Sigmoid
German Credit,R5_F1,5,1,0.765,0.5849056603773585,0.5535714285714286,0.8472222222222222,0.5688073394495413,0.7003968253968254,0.4077551832698003,0.8138640873015873,0.6537856664236311,0.6848342981137961,122,22,25,31,23.5,36.0,73.5,136.0,A4_Hybrid_Sigmoid
German Credit,R5_F2,5,2,0.735,0.6976744186046512,0.4285714285714285,0.9,0.5309734513274337,0.6642857142857143,0.3814753131207838,0.8056043956043957,0.6971858037057643,0.6210590034081188,117,13,40,30,26.5,46.5,106.5,206.5,A4_Hybrid_Sigmoid
German Credit,R5_F3,5,3,0.765,0.6875,0.3728813559322034,0.9290780141843972,0.4835164835164835,0.6509796850583003,0.3756249598221446,0.8224546219497536,0.6409557613964563,0.5885880305407823,131,10,37,22,23.5,42.0,97.5,190.0,A4_Hybrid_Sigmoid
German Credit,R5_F4,5,4,0.745,0.5686274509803921,0.5,0.8450704225352113,0.5321100917431193,0.6725352112676056,0.3592424771219879,0.7722195240407965,0.5914130538005384,0.6500270850261592,120,22,29,29,25.5,40.0,83.5,156.0,A4_Hybrid_Sigmoid
German Credit,R5_F5,5,5,0.79,0.7142857142857143,0.4385964912280701,0.93006993006993,0.5434782608695652,0.6843332106490001,0.4379888306311711,0.8333946754999386,0.6513639067785759,0.6386903850265854,133,10,32,25,21.0,37.0,85.0,165.0,A4_Hybrid_Sigmoid
German Credit,R1_F1,1,1,0.74,0.5824175824175825,0.7910447761194029,0.7142857142857143,0.6708860759493671,0.7526652452025586,0.4789661041385127,0.8517562563124228,0.7205742037480634,0.7516860933544206,95,38,14,53,26.0,33.0,54.0,89.0,A5_Full_CostAware
German Credit,R1_F2,1,2,0.715,0.4444444444444444,0.75,0.7039473684210527,0.5581395348837209,0.7269736842105263,0.3949407306748477,0.7711074561403509,0.5323199913587472,0.7266089225407224,107,45,12,36,28.5,34.5,52.5,82.5,A5_Full_CostAware
German Credit,R1_F3,1,3,0.75,0.5970149253731343,0.6349206349206349,0.8029197080291971,0.6153846153846154,0.718920171474916,0.4309065660153072,0.7880894450237516,0.662621900775157,0.7139960019581263,110,27,23,40,25.0,36.5,71.0,128.5,A5_Full_CostAware
German Credit,R1_F4,1,4,0.735,0.6229508196721312,0.5588235294117647,0.8257575757575758,0.5891472868217055,0.6922905525846703,0.395691797327233,0.7571301247771836,0.6442694729163634,0.6793031450857203,109,23,30,38,26.5,41.5,86.5,161.5,A5_Full_CostAware
German Credit,R1_F5,1,5,0.7,0.4666666666666667,0.7777777777777778,0.6712328767123288,0.5833333333333334,0.7245053272450532,0.400693554900608,0.7957889396245561,0.5885740627605509,0.7225441268328877,98,48,12,42,30.0,36.0,54.0,84.0,A5_Full_CostAware
German Credit,R2_F1,2,1,0.77,0.6197183098591549,0.6984126984126984,0.8029197080291971,0.6567164179104478,0.7506662032209477,0.4866674581632047,0.8126520681265207,0.7066453060193015,0.7488453244117956,110,27,19,44,23.0,32.5,61.0,108.5,A5_Full_CostAware
German Credit,R2_F2,2,2,0.75,0.4705882352941176,0.6956521739130435,0.7662337662337663,0.5614035087719298,0.7309429700734049,0.4103293637287102,0.814652738565782,0.5658233292675998,0.7300905321986434,118,36,14,32,25.0,32.0,53.0,88.0,A5_Full_CostAware
German Credit,R2_F3,2,3,0.71,0.5466666666666666,0.6307692307692307,0.7481481481481481,0.5857142857142857,0.6894586894586894,0.3665915488969939,0.7748148148148148,0.6447706072163755,0.6869562081449092,101,34,24,41,29.0,41.0,77.0,137.0,A5_Full_CostAware
German Credit,R2_F4,2,4,0.755,0.56,0.7241379310344828,0.7676056338028169,0.631578947368421,0.7458717824186498,0.4609047841037382,0.8050024283632831,0.6002570521063835,0.7455550653790669,109,33,16,42,24.5,32.5,56.5,96.5,A5_Full_CostAware
German Credit,R2_F5,2,5,0.75,0.6551724137931034,0.5588235294117647,0.8484848484848485,0.6031746031746031,0.7036541889483066,0.4252130611256808,0.7846479500891266,0.6588813138194846,0.6885879012026783,112,20,30,38,25.0,40.0,85.0,160.0,A5_Full_CostAware
German Credit,R3_F1,3,1,0.73,0.5,0.7407407407407407,0.726027397260274,0.5970149253731343,0.7333840690005073,0.4229985652856547,0.8263571790969051,0.653674826552567,0.7333471702029315,106,40,14,40,27.0,34.0,55.0,90.0,A5_Full_CostAware
German Credit,R3_F2,3,2,0.74,0.5897435897435898,0.696969696969697,0.7611940298507462,0.6388888888888888,0.7290818634102216,0.441690291120268,0.7946630483943917,0.6546675701688515,0.7283743352975975,102,32,20,46,26.0,36.0,66.0,116.0,A5_Full_CostAware
German Credit,R3_F3,3,3,0.765,0.5151515151515151,0.6938775510204082,0.7880794701986755,0.591304347826087,0.7409785106095419,0.4408293058496567,0.7780781186646843,0.5352565635656854,0.7394799880936047,119,32,15,34,23.5,31.0,53.5,91.0,A5_Full_CostAware
German Credit,R3_F4,3,4,0.695,0.5392156862745098,0.7971014492753623,0.6412213740458015,0.6432748538011696,0.7191614116605819,0.4168129026291825,0.7768558468857175,0.5878243018476528,0.7149255111955704,84,47,14,55,30.5,37.5,58.5,93.5,A5_Full_CostAware
German Credit,R3_F5,3,5,0.715,0.5333333333333333,0.6451612903225806,0.7463768115942029,0.583941605839416,0.6957690509583918,0.374044937253441,0.7861150070126226,0.6601117243317391,0.6939260960901885,103,35,22,40,28.5,39.5,72.5,127.5,A5_Full_CostAware
German Credit,R4_F1,4,1,0.755,0.5697674418604651,0.8032786885245902,0.7338129496402878,0.6666666666666666,0.768545819082439,0.4994810975500039,0.8559971694775328,0.7191711926537372,0.7677605771393915,102,37,12,49,24.5,30.5,48.5,78.5,A5_Full_CostAware
German Credit,R4_F2,4,2,0.67,0.4375,0.7777777777777778,0.6301369863013698,0.56,0.7039573820395738,0.3624853391816675,0.7773972602739727,0.6388493046674293,0.7000760993642515,92,54,12,42,33.0,39.0,57.0,87.0,A5_Full_CostAware
German Credit,R4_F3,4,3,0.735,0.5652173913043478,0.6290322580645161,0.782608695652174,0.5954198473282443,0.705820476858345,0.4004919310193582,0.773141654978962,0.6225828061332398,0.701631039084655,108,30,23,39,26.5,38.0,72.5,130.0,A5_Full_CostAware
German Credit,R4_F4,4,4,0.735,0.5681818181818182,0.7692307692307693,0.7185185185185186,0.6535947712418301,0.743874643874644,0.4602246318991539,0.8103703703703704,0.6931642076020218,0.7434423667686372,97,38,15,50,26.5,34.0,56.5,94.0,A5_Full_CostAware
German Credit,R4_F5,4,5,0.725,0.5230769230769231,0.5862068965517241,0.7816901408450704,0.5528455284552846,0.6839485186983972,0.356419040696763,0.7878824672170957,0.5476835808939932,0.676928468547356,111,31,24,34,27.5,39.5,75.5,135.5,A5_Full_CostAware
German Credit,R5_F1,5,1,0.72,0.5,0.6964285714285714,0.7291666666666666,0.582089552238806,0.7127976190476191,0.3917822922988459,0.8138640873015873,0.6537856664236311,0.7126096406869612,105,39,17,39,28.0,36.5,62.0,104.5,A5_Full_CostAware
German Credit,R5_F2,5,2,0.755,0.6567164179104478,0.6285714285714286,0.823076923076923,0.6423357664233577,0.7258241758241758,0.4564128927635733,0.8056043956043957,0.6971858037057643,0.7192792485277448,107,23,26,44,24.5,37.5,76.5,141.5,A5_Full_CostAware
German Credit,R5_F3,5,3,0.75,0.5671641791044776,0.6440677966101694,0.7943262411347518,0.6031746031746031,0.7191970188724606,0.4235814954870117,0.8224546219497536,0.6409557613964563,0.7152621560779641,112,29,21,38,25.0,35.5,67.0,119.5,A5_Full_CostAware
German Credit,R5_F4,5,4,0.73,0.5303030303030303,0.603448275862069,0.7816901408450704,0.5645161290322581,0.6925692083535697,0.3716641250136264,0.7722195240407965,0.5914130538005384,0.6868111587265713,111,31,23,35,27.0,38.5,73.0,130.5,A5_Full_CostAware
German Credit,R5_F5,5,5,0.82,0.6779661016949152,0.7017543859649122,0.8671328671328671,0.6896551724137931,0.7844436265488897,0.5631136919000793,0.8333946754999386,0.6513639067785759,0.7800732611266835,124,19,17,40,18.0,26.5,52.0,94.5,A5_Full_CostAware
Australian Credit Approval,R1_F1,1,1,0.8405797101449275,0.9041095890410958,0.8148148148148148,0.8771929824561403,0.8571428571428571,0.8460038986354775,0.6826102681188947,0.9287416071041802,0.9469172564880868,0.8454287891696468,50,7,15,66,15.942028985507246,26.81159420289855,59.42028985507246,113.76811594202898,A0_Baseline_XGB
Australian Credit Approval,R1_F2,1,2,0.855072463768116,0.9066666666666666,0.8395061728395061,0.8771929824561403,0.8717948717948718,0.8583495776478232,0.7084609602852625,0.9369720597790772,0.9471047518813246,0.8581427174680365,50,7,13,68,14.492753623188406,23.91304347826087,52.17391304347826,99.27536231884058,A0_Baseline_XGB
Australian Credit Approval,R1_F3,1,3,0.8695652173913043,0.9078947368421052,0.8625,0.8793103448275862,0.8846153846153846,0.8709051724137931,0.7361210464400549,0.934051724137931,0.9433906687929984,0.8708646119884498,51,7,11,69,13.043478260869565,21.014492753623188,44.927536231884055,84.78260869565217,A0_Baseline_XGB
Australian Credit Approval,R1_F4,1,4,0.8623188405797102,0.8076923076923077,0.9402985074626866,0.7887323943661971,0.8689655172413793,0.8645154509144419,0.7350038036331852,0.9217994534370402,0.8816515481189896,0.8611874901611184,56,15,4,63,13.768115942028986,16.666666666666668,25.36231884057971,39.85507246376812,A0_Baseline_XGB
Australian Credit Approval,R1_F5,1,5,0.9202898550724636,0.9565217391304348,0.8918918918918919,0.953125,0.9230769230769232,0.922508445945946,0.8427953808926898,0.9451013513513514,0.9548840161032204,0.9220002491645322,61,3,8,66,7.971014492753623,13.768115942028986,31.159420289855074,60.14492753623188,A0_Baseline_XGB
Australian Credit Approval,R2_F1,2,1,0.8478260869565217,0.8513513513513513,0.863013698630137,0.8307692307692308,0.8571428571428571,0.8468914646996839,0.694441827491691,0.8998946259220232,0.886221752477256,0.8467379916799929,54,11,10,63,15.217391304347826,22.463768115942027,44.20289855072464,80.43478260869566,A0_Baseline_XGB
Australian Credit Approval,R2_F2,2,2,0.8405797101449275,0.9452054794520548,0.7931034482758621,0.9215686274509804,0.8625,0.8573360378634212,0.6910881071087144,0.9168356997971604,0.9376983636499536,0.8549264624833096,47,4,18,69,15.942028985507246,28.985507246376812,68.1159420289855,133.33333333333334,A0_Baseline_XGB
Australian Credit Approval,R2_F3,2,3,0.8840579710144928,0.8783783783783784,0.9027777777777778,0.8636363636363636,0.8904109589041096,0.8832070707070707,0.7677076683116035,0.9307659932659932,0.9242566475016016,0.882990213519786,57,9,7,65,11.594202898550725,16.666666666666668,31.884057971014492,57.2463768115942,A0_Baseline_XGB
Australian Credit Approval,R2_F4,2,4,0.8623188405797102,0.868421052631579,0.88,0.8412698412698413,0.8741721854304636,0.8606349206349206,0.7222641164819655,0.926137566137566,0.9208141138139276,0.8604170269802083,53,10,9,66,13.768115942028986,20.28985507246377,39.85507246376812,72.46376811594203,A0_Baseline_XGB
Australian Credit Approval,R2_F5,2,5,0.9057971014492754,0.8987341772151899,0.9342105263157896,0.8709677419354839,0.9161290322580644,0.9025891341256368,0.8095713569330298,0.9785653650254668,0.9824965916378956,0.902035050648046,54,8,5,71,9.420289855072463,13.043478260869565,23.91304347826087,42.028985507246375,A0_Baseline_XGB
Australian Credit Approval,R3_F1,3,1,0.8115942028985508,0.8026315789473685,0.8472222222222222,0.7727272727272727,0.8243243243243243,0.8099747474747474,0.6225752987168809,0.9105639730639732,0.9167151334441678,0.809117863584606,51,15,11,61,18.840579710144926,26.81159420289855,50.72463768115942,90.57971014492753,A0_Baseline_XGB
Australian Credit Approval,R3_F2,3,2,0.8768115942028986,0.8933333333333333,0.881578947368421,0.8709677419354839,0.8874172185430463,0.8762733446519524,0.7515107268324677,0.9293293718166384,0.9355792333170568,0.8762572824960341,54,8,9,67,12.318840579710145,18.840579710144926,38.405797101449274,71.01449275362319,A0_Baseline_XGB
Australian Credit Approval,R3_F3,3,3,0.8913043478260869,0.8961038961038961,0.9078947368421052,0.8709677419354839,0.9019607843137256,0.8894312393887946,0.7801051469274306,0.961799660441426,0.9740906255348892,0.8892395790013391,54,8,7,69,10.869565217391305,15.942028985507246,31.159420289855074,56.52173913043478,A0_Baseline_XGB
Australian Credit Approval,R3_F4,3,4,0.8913043478260869,0.8933333333333333,0.9054054054054054,0.875,0.8993288590604027,0.8902027027027026,0.7813132857250352,0.928420608108108,0.9092611680835676,0.8900728788867402,56,8,7,67,10.869565217391305,15.942028985507246,31.159420289855074,56.52173913043478,A0_Baseline_XGB
Australian Credit Approval,R3_F5,3,5,0.8913043478260869,0.9166666666666666,0.9058823529411764,0.8679245283018868,0.9112426035502958,0.8869034406215317,0.7711581666508851,0.925860155382908,0.9278972082706792,0.8867003517950548,46,7,8,77,10.869565217391305,16.666666666666668,34.05797101449275,63.04347826086956,A0_Baseline_XGB
Australian Credit Approval,R4_F1,4,1,0.8623188405797102,0.8666666666666667,0.8783783783783784,0.84375,0.87248322147651,0.8610641891891893,0.7229684624403735,0.9275760135135136,0.9310625099846452,0.8608900956316996,54,10,9,65,13.768115942028986,20.28985507246377,39.85507246376812,72.46376811594203,A0_Baseline_XGB
Australian Credit Approval,R4_F2,4,2,0.8188405797101449,0.8428571428571429,0.8082191780821918,0.8307692307692308,0.8251748251748252,0.8194942044257113,0.6379808049517419,0.9209694415173868,0.9316777725536864,0.8194166369242709,54,11,14,59,18.115942028985508,28.26086956521739,58.69565217391305,109.42028985507247,A0_Baseline_XGB
Australian Credit Approval,R4_F3,4,3,0.8840579710144928,0.8985507246376812,0.8732394366197183,0.8955223880597015,0.8857142857142857,0.88438091233971,0.7684388154951274,0.9373554761404248,0.9140967947129034,0.8843107291159588,60,7,9,62,11.594202898550725,18.115942028985508,37.68115942028985,70.28985507246377,A0_Baseline_XGB
Australian Credit Approval,R4_F4,4,4,0.8985507246376812,0.9418604651162792,0.9,0.8958333333333334,0.9204545454545454,0.8979166666666667,0.7821915167482881,0.929398148148148,0.9537115532534974,0.8979142498033985,43,5,9,81,10.144927536231885,16.666666666666668,36.231884057971016,68.84057971014492,A0_Baseline_XGB
Australian Credit Approval,R4_F5,4,5,0.9347826086956522,0.9230769230769232,0.96,0.9047619047619048,0.9411764705882352,0.9323809523809524,0.8689094676683313,0.9396825396825398,0.9321453060556004,0.931971796017148,57,6,3,72,6.521739130434782,8.695652173913043,15.217391304347826,26.08695652173913,A0_Baseline_XGB
Australian Credit Approval,R5_F1,5,1,0.8260869565217391,0.8311688311688312,0.8533333333333334,0.7936507936507936,0.8421052631578947,0.8234920634920635,0.6489096792387729,0.9373544973544972,0.9545037603642232,0.8229511997978235,50,13,11,64,17.391304347826086,25.36231884057971,49.27536231884058,89.1304347826087,A0_Baseline_XGB
Australian Credit Approval,R5_F2,5,2,0.8695652173913043,0.8860759493670886,0.8860759493670886,0.847457627118644,0.8860759493670886,0.8667667882428662,0.7335335764857327,0.9341343059429308,0.9431835506223878,0.8665516842621291,50,9,9,70,13.043478260869565,19.565217391304348,39.130434782608695,71.73913043478261,A0_Baseline_XGB
Australian Credit Approval,R5_F3,5,3,0.8695652173913043,0.8873239436619719,0.863013698630137,0.8769230769230769,0.875,0.8699683877766069,0.7390029046187614,0.9382507903055848,0.927839598869692,0.8699405887929961,57,8,10,63,13.043478260869565,20.28985507246377,42.028985507246375,78.26086956521739,A0_Baseline_XGB
Australian Credit Approval,R5_F4,5,4,0.8913043478260869,0.9113924050632912,0.9,0.8793103448275862,0.9056603773584906,0.8896551724137931,0.7775527828800183,0.923060344827586,0.9385635397495186,0.8895950260342217,51,7,8,72,10.869565217391305,16.666666666666668,34.05797101449275,63.04347826086956,A0_Baseline_XGB
Australian Credit Approval,R5_F5,5,5,0.8913043478260869,0.9178082191780822,0.881578947368421,0.9032258064516128,0.8993288590604027,0.8924023769100169,0.7820709557963443,0.9265704584040748,0.9051533102051724,0.8923367389543064,56,6,9,67,10.869565217391305,17.391304347826086,36.95652173913044,69.56521739130434,A0_Baseline_XGB
Australian Credit Approval,R1_F1,1,1,0.855072463768116,0.9178082191780822,0.8271604938271605,0.8947368421052632,0.8701298701298701,0.8609486679662118,0.7120939041127624,0.9189950184102232,0.9503117771225328,0.8602853992490769,51,6,14,67,14.492753623188406,24.63768115942029,55.072463768115945,105.79710144927536,A1_FrozenFS_XGB
Australian Credit Approval,R1_F2,1,2,0.8478260869565217,0.8846153846153846,0.8518518518518519,0.8421052631578947,0.8679245283018868,0.8469785575048733,0.6892704238533526,0.9315572882824344,0.9451552333715688,0.8469645375546981,48,9,12,69,15.217391304347826,23.91304347826087,50.0,93.47826086956522,A1_FrozenFS_XGB
Australian Credit Approval,R1_F3,1,3,0.8768115942028986,0.8888888888888888,0.9,0.8448275862068966,0.8944099378881988,0.8724137931034484,0.7466804942112601,0.9344827586206896,0.9487628443437308,0.8719775384642697,49,9,8,72,12.318840579710145,18.115942028985508,35.507246376811594,64.4927536231884,A1_FrozenFS_XGB
Australian Credit Approval,R1_F4,1,4,0.8478260869565217,0.8026315789473685,0.9104477611940298,0.7887323943661971,0.8531468531468531,0.8495900777801135,0.7025108373018846,0.911709060332142,0.8618599544264596,0.847407601235622,56,15,6,61,15.217391304347826,19.565217391304348,32.608695652173914,54.34782608695652,A1_FrozenFS_XGB
Australian Credit Approval,R1_F5,1,5,0.8913043478260869,0.927536231884058,0.8648648648648649,0.921875,0.8951048951048951,0.8933699324324325,0.7846715615207802,0.9410895270270272,0.9551626817156764,0.8929150560368536,59,5,10,64,10.869565217391305,18.115942028985508,39.85507246376812,76.08695652173913,A1_FrozenFS_XGB
Australian Credit Approval,R2_F1,2,1,0.8115942028985508,0.8051948051948052,0.8493150684931506,0.7692307692307693,0.8266666666666667,0.80927291886196,0.6216983533884065,0.9032665964172814,0.9029604216661754,0.8082816857112808,50,15,11,62,18.840579710144926,26.81159420289855,50.72463768115942,90.57971014492753,A1_FrozenFS_XGB
Australian Credit Approval,R2_F2,2,2,0.8478260869565217,0.9230769230769232,0.8275862068965517,0.8823529411764706,0.8727272727272727,0.8549695740365111,0.6912623650661462,0.8988054992111787,0.9278412072608369,0.8545309378438276,45,6,15,72,15.217391304347826,26.08695652173913,58.69565217391305,113.04347826086956,A1_FrozenFS_XGB
Australian Credit Approval,R2_F3,2,3,0.8913043478260869,0.9014084507042254,0.8888888888888888,0.8939393939393939,0.8951048951048951,0.8914141414141414,0.7824167660659824,0.9305555555555556,0.919798642192016,0.8914105645620286,59,7,8,64,10.869565217391305,16.666666666666668,34.05797101449275,63.04347826086956,A1_FrozenFS_XGB
Australian Credit Approval,R2_F4,2,4,0.8405797101449275,0.8533333333333334,0.8533333333333334,0.8253968253968254,0.8533333333333334,0.8393650793650793,0.6787301587301587,0.9161904761904762,0.908172352912214,0.8392488453007394,52,11,11,64,15.942028985507246,23.91304347826087,47.82608695652174,87.68115942028986,A1_FrozenFS_XGB
Australian Credit Approval,R2_F5,2,5,0.9057971014492754,0.8987341772151899,0.9342105263157896,0.8709677419354839,0.9161290322580644,0.9025891341256368,0.8095713569330298,0.980050933786078,0.9834648294010678,0.902035050648046,54,8,5,71,9.420289855072463,13.043478260869565,23.91304347826087,42.028985507246375,A1_FrozenFS_XGB
Australian Credit Approval,R3_F1,3,1,0.8115942028985508,0.8026315789473685,0.8472222222222222,0.7727272727272727,0.8243243243243243,0.8099747474747474,0.6225752987168809,0.914351851851852,0.934252866616817,0.809117863584606,51,15,11,61,18.840579710144926,26.81159420289855,50.72463768115942,90.57971014492753,A1_FrozenFS_XGB
Australian Credit Approval,R3_F2,3,2,0.8768115942028986,0.9041095890410958,0.868421052631579,0.8870967741935484,0.8859060402684564,0.8777589134125636,0.7528860472241714,0.9168081494057724,0.913704725513597,0.8777092425349293,55,7,10,66,12.318840579710145,19.565217391304348,41.30434782608695,77.53623188405797,A1_FrozenFS_XGB
Australian Credit Approval,R3_F3,3,3,0.8478260869565217,0.8571428571428571,0.868421052631579,0.8225806451612904,0.8627450980392157,0.8455008488964346,0.6921041848489684,0.9410016977928692,0.9567910137246584,0.8451901263889274,51,11,10,66,15.217391304347826,22.463768115942027,44.20289855072464,80.43478260869566,A1_FrozenFS_XGB
Australian Credit Approval,R3_F4,3,4,0.9057971014492754,0.9066666666666666,0.918918918918919,0.890625,0.912751677852349,0.9047719594594594,0.8104856973673661,0.9343327702702704,0.9357990946574604,0.9046613521988004,57,7,6,68,9.420289855072463,13.768115942028986,26.81159420289855,48.55072463768116,A1_FrozenFS_XGB
Australian Credit Approval,R3_F5,3,5,0.855072463768116,0.8823529411764706,0.8823529411764706,0.8113207547169812,0.8823529411764706,0.8468368479467259,0.6936736958934517,0.9223085460599334,0.911521061525927,0.8460917528034665,43,10,10,75,14.492753623188406,21.73913043478261,43.47826086956522,79.71014492753623,A1_FrozenFS_XGB
Australian Credit Approval,R4_F1,4,1,0.8478260869565217,0.8441558441558441,0.8783783783783784,0.8125,0.8609271523178808,0.8454391891891893,0.6937406901793864,0.9330658783783784,0.9432364545740992,0.844797272978809,52,12,9,65,15.217391304347826,21.73913043478261,41.30434782608695,73.91304347826087,A1_FrozenFS_XGB
Australian Credit Approval,R4_F2,4,2,0.8188405797101449,0.8428571428571429,0.8082191780821918,0.8307692307692308,0.8251748251748252,0.8194942044257113,0.6379808049517419,0.916754478398314,0.93452591487112,0.8194166369242709,54,11,14,59,18.115942028985508,28.26086956521739,58.69565217391305,109.42028985507247,A1_FrozenFS_XGB
Australian Credit Approval,R4_F3,4,3,0.8623188405797102,0.8714285714285714,0.8591549295774648,0.8656716417910447,0.8652482269503546,0.8624132856842548,0.7245981236332452,0.9209585873449654,0.8969670805702847,0.8624071303277782,58,9,10,61,13.768115942028986,21.014492753623188,42.7536231884058,78.98550724637681,A1_FrozenFS_XGB
Australian Credit Approval,R4_F4,4,4,0.8405797101449275,0.9047619047619048,0.8444444444444444,0.8333333333333334,0.8735632183908046,0.8388888888888889,0.661443382776228,0.9148148148148147,0.9510771158752658,0.8388704928078611,40,8,14,76,15.942028985507246,26.08695652173913,56.52173913043478,107.2463768115942,A1_FrozenFS_XGB
Australian Credit Approval,R4_F5,4,5,0.9202898550724636,0.9102564102564102,0.9466666666666668,0.8888888888888888,0.9281045751633988,0.9177777777777778,0.8395630392448782,0.9377777777777778,0.9251308342477232,0.9173229973577908,56,7,4,71,7.971014492753623,10.869565217391305,19.565217391304348,34.05797101449275,A1_FrozenFS_XGB
Australian Credit Approval,R5_F1,5,1,0.8478260869565217,0.8552631578947368,0.8666666666666667,0.8253968253968254,0.8609271523178808,0.846031746031746,0.6930175061314634,0.935873015873016,0.9523909271792562,0.845780063222062,52,11,10,65,15.217391304347826,22.463768115942027,44.20289855072464,80.43478260869566,A1_FrozenFS_XGB
Australian Credit Approval,R5_F2,5,2,0.8478260869565217,0.8625,0.8734177215189873,0.8135593220338984,0.8679245283018868,0.8434885217764428,0.6885298702383348,0.920188800686548,0.9362548292274124,0.8429573710285589,48,11,10,69,15.217391304347826,22.463768115942027,44.20289855072464,80.43478260869566,A1_FrozenFS_XGB
Australian Credit Approval,R5_F3,5,3,0.8768115942028986,0.8783783783783784,0.8904109589041096,0.8615384615384616,0.8843537414965986,0.8759747102212856,0.7526635602947612,0.9264488935721812,0.9128673031724052,0.8758557459257963,56,9,8,65,12.318840579710145,18.115942028985508,35.507246376811594,64.4927536231884,A1_FrozenFS_XGB
Australian Credit Approval,R5_F4,5,4,0.8840579710144928,0.9,0.9,0.8620689655172413,0.9,0.8810344827586207,0.7620689655172413,0.9247844827586208,0.9429989917486924,0.8808303292720552,50,8,8,72,11.594202898550725,17.391304347826086,34.78260869565217,63.768115942028984,A1_FrozenFS_XGB
Australian Credit Approval,R5_F5,5,5,0.8478260869565217,0.8985507246376812,0.8157894736842105,0.8870967741935484,0.8551724137931035,0.8514431239388794,0.699259856097678,0.9223259762308996,0.911465761401939,0.8506963092234007,55,7,14,62,15.217391304347826,25.36231884057971,55.79710144927536,106.52173913043478,A1_FrozenFS_XGB
Australian Credit Approval,R1_F1,1,1,0.855072463768116,0.9178082191780822,0.8271604938271605,0.8947368421052632,0.8701298701298701,0.8609486679662118,0.7120939041127624,0.9166125189517004,0.9490030610700748,0.8602853992490769,51,6,14,67,14.492753623188406,24.63768115942029,55.072463768115945,105.79710144927536,A2_FrozenFS_BalancedXGB
Australian Credit Approval,R1_F2,1,2,0.8478260869565217,0.8846153846153846,0.8518518518518519,0.8421052631578947,0.8679245283018868,0.8469785575048733,0.6892704238533526,0.9293913796837774,0.9400560244806402,0.8469645375546981,48,9,12,69,15.217391304347826,23.91304347826087,50.0,93.47826086956522,A2_FrozenFS_BalancedXGB
Australian Credit Approval,R1_F3,1,3,0.8840579710144928,0.9,0.9,0.8620689655172413,0.9,0.8810344827586207,0.7620689655172413,0.9338362068965516,0.9435103513656452,0.8808303292720552,50,8,8,72,11.594202898550725,17.391304347826086,34.78260869565217,63.768115942028984,A2_FrozenFS_BalancedXGB
Australian Credit Approval,R1_F4,1,4,0.8405797101449275,0.8082191780821918,0.8805970149253731,0.8028169014084507,0.8428571428571429,0.8417069581669119,0.6842775399930485,0.9138112255623292,0.8698599587268862,0.840808044033785,57,14,8,59,15.942028985507246,21.73913043478261,39.130434782608695,68.1159420289855,A2_FrozenFS_BalancedXGB
Australian Credit Approval,R1_F5,1,5,0.8985507246376812,0.9545454545454546,0.8513513513513513,0.953125,0.9,0.9022381756756755,0.803120872121694,0.9404560810810813,0.9541454780078744,0.9008020075226058,61,3,11,63,10.144927536231885,18.115942028985508,42.028985507246375,81.8840579710145,A2_FrozenFS_BalancedXGB
Australian Credit Approval,R2_F1,2,1,0.8115942028985508,0.8133333333333334,0.8356164383561644,0.7846153846153846,0.8243243243243243,0.8101159114857746,0.6215430967882567,0.9034773445732348,0.8955867295758402,0.8097144639758881,51,14,12,61,18.840579710144926,27.536231884057973,53.6231884057971,97.10144927536231,A2_FrozenFS_BalancedXGB
Australian Credit Approval,R2_F2,2,2,0.855072463768116,0.935064935064935,0.8275862068965517,0.9019607843137256,0.8780487804878049,0.8647734956051386,0.7090677039927678,0.9012846517917512,0.9291403101379726,0.863973555301107,46,5,15,72,14.492753623188406,25.36231884057971,57.971014492753625,112.31884057971014,A2_FrozenFS_BalancedXGB
Australian Credit Approval,R2_F3,2,3,0.8768115942028986,0.8873239436619719,0.875,0.8787878787878788,0.8811188811188811,0.8768939393939394,0.7533916279699863,0.9307659932659932,0.9083699364098504,0.876891894100632,58,8,9,63,12.318840579710145,18.840579710144926,38.405797101449274,71.01449275362319,A2_FrozenFS_BalancedXGB
Australian Credit Approval,R2_F4,2,4,0.855072463768116,0.8767123287671232,0.8533333333333334,0.8571428571428571,0.8648648648648649,0.8552380952380952,0.7089772938899687,0.9161904761904762,0.9046209880113604,0.855235974119758,54,9,11,64,14.492753623188406,22.463768115942027,46.3768115942029,86.23188405797102,A2_FrozenFS_BalancedXGB
Australian Credit Approval,R2_F5,2,5,0.9130434782608696,0.9102564102564102,0.9342105263157896,0.8870967741935484,0.922077922077922,0.9106536502546688,0.8241104052471173,0.9781409168081494,0.9826520776896652,0.9103489135009686,55,7,5,71,8.695652173913043,12.318840579710145,23.18840579710145,41.30434782608695,A2_FrozenFS_BalancedXGB
Australian Credit Approval,R3_F1,3,1,0.8260869565217391,0.8243243243243243,0.8472222222222222,0.803030303030303,0.8356164383561644,0.8251262626262625,0.6513499986498777,0.9154040404040404,0.934879673498654,0.8248303570099235,53,13,11,61,17.391304347826086,25.36231884057971,49.27536231884058,89.1304347826087,A2_FrozenFS_BalancedXGB
Australian Credit Approval,R3_F2,3,2,0.8695652173913043,0.9027777777777778,0.8552631578947368,0.8870967741935484,0.8783783783783784,0.8711799660441426,0.7392289188430581,0.9151103565365024,0.9042372359313138,0.8710345506666245,55,7,11,65,13.043478260869565,21.014492753623188,44.927536231884055,84.78260869565217,A2_FrozenFS_BalancedXGB
Australian Credit Approval,R3_F3,3,3,0.8623188405797102,0.88,0.868421052631579,0.8548387096774194,0.8741721854304636,0.8616298811544991,0.7222641164819655,0.9390916808149404,0.9551656950821942,0.8616031175014894,53,9,10,66,13.768115942028986,21.014492753623188,42.7536231884058,78.98550724637681,A2_FrozenFS_BalancedXGB
Australian Credit Approval,R3_F4,3,4,0.8985507246376812,0.9054054054054054,0.9054054054054054,0.890625,0.9054054054054054,0.8980152027027026,0.7960304054054054,0.9339104729729728,0.9334488591949502,0.8979847934064302,57,7,7,67,10.144927536231885,15.217391304347826,30.434782608695652,55.79710144927536,A2_FrozenFS_BalancedXGB
Australian Credit Approval,R3_F5,3,5,0.8478260869565217,0.8902439024390244,0.8588235294117647,0.8301886792452831,0.874251497005988,0.8445061043285238,0.6824539868586954,0.920754716981132,0.9144337215519148,0.8443847296032333,44,9,12,73,15.217391304347826,23.91304347826087,50.0,93.47826086956522,A2_FrozenFS_BalancedXGB
Australian Credit Approval,R4_F1,4,1,0.855072463768116,0.8552631578947368,0.8783783783783784,0.828125,0.8666666666666667,0.8532516891891893,0.7083003377328887,0.9360219594594594,0.9460268459842583,0.8528816416095464,53,11,9,65,14.492753623188406,21.014492753623188,40.57971014492754,73.18840579710145,A2_FrozenFS_BalancedXGB
Australian Credit Approval,R4_F2,4,2,0.8188405797101449,0.8636363636363636,0.7808219178082192,0.8615384615384616,0.8201438848920863,0.8211801896733404,0.6418870860183381,0.9135932560590097,0.9322802552408476,0.8201878527532606,56,9,16,57,18.115942028985508,29.71014492753623,64.4927536231884,122.46376811594203,A2_FrozenFS_BalancedXGB
Australian Credit Approval,R4_F3,4,3,0.855072463768116,0.8805970149253731,0.8309859154929577,0.8805970149253731,0.855072463768116,0.8557914652091654,0.7115829304183309,0.9224301030060964,0.9049805422215697,0.855431888947406,59,8,12,59,14.492753623188406,23.18840579710145,49.27536231884058,92.7536231884058,A2_FrozenFS_BalancedXGB
Australian Credit Approval,R4_F4,4,4,0.8405797101449275,0.8953488372093024,0.8555555555555555,0.8125,0.875,0.8340277777777778,0.6566040480906223,0.913425925925926,0.9491096179462136,0.8337498958853842,39,9,13,77,15.942028985507246,25.36231884057971,53.6231884057971,100.72463768115942,A2_FrozenFS_BalancedXGB
Australian Credit Approval,R4_F5,4,5,0.9130434782608696,0.92,0.92,0.9047619047619048,0.92,0.9123809523809524,0.8247619047619048,0.9415873015873016,0.9281223109958092,0.9123491395189413,57,6,6,69,8.695652173913043,13.043478260869565,26.08695652173913,47.82608695652174,A2_FrozenFS_BalancedXGB
Australian Credit Approval,R5_F1,5,1,0.8405797101449275,0.8533333333333334,0.8533333333333334,0.8253968253968254,0.8533333333333334,0.8393650793650793,0.6787301587301587,0.9365079365079364,0.9532275148279852,0.8392488453007394,52,11,11,64,15.942028985507246,23.91304347826087,47.82608695652174,87.68115942028986,A2_FrozenFS_BalancedXGB
Australian Credit Approval,R5_F2,5,2,0.8478260869565217,0.8625,0.8734177215189873,0.8135593220338984,0.8679245283018868,0.8434885217764428,0.6885298702383348,0.9225488092683972,0.9384627610206498,0.8429573710285589,48,11,10,69,15.217391304347826,22.463768115942027,44.20289855072464,80.43478260869566,A2_FrozenFS_BalancedXGB
Australian Credit Approval,R5_F3,5,3,0.8695652173913043,0.8767123287671232,0.8767123287671232,0.8615384615384616,0.8767123287671232,0.8691253951527924,0.7382507903055848,0.9289778714436248,0.9180318775227376,0.8690922798747146,56,9,9,64,13.043478260869565,19.565217391304348,39.130434782608695,71.73913043478261,A2_FrozenFS_BalancedXGB
Australian Credit Approval,R5_F4,5,4,0.8840579710144928,0.9,0.9,0.8620689655172413,0.9,0.8810344827586207,0.7620689655172413,0.9286637931034484,0.9455723726354976,0.8808303292720552,50,8,8,72,11.594202898550725,17.391304347826086,34.78260869565217,63.768115942028984,A2_FrozenFS_BalancedXGB
Australian Credit Approval,R5_F5,5,5,0.8405797101449275,0.9090909090909092,0.7894736842105263,0.9032258064516128,0.8450704225352113,0.8463497453310695,0.6897779277026134,0.9221137521222408,0.9098665722792916,0.844436501516472,56,6,16,60,15.942028985507246,27.536231884057973,62.31884057971015,120.28985507246377,A2_FrozenFS_BalancedXGB
Australian Credit Approval,R1_F1,1,1,0.8333333333333334,0.9142857142857144,0.7901234567901234,0.8947368421052632,0.847682119205298,0.8424301494476933,0.6744945610141342,0.9194282001299544,0.9491854996059536,0.8408047137128153,51,6,17,64,16.666666666666668,28.985507246376812,65.94202898550725,127.53623188405797,A3_Hybrid_SoftVote
Australian Credit Approval,R1_F2,1,2,0.8840579710144928,0.922077922077922,0.8765432098765432,0.8947368421052632,0.8987341772151899,0.8856400259909032,0.7646835652004254,0.9361056963396144,0.94777659738028,0.8855933059671065,51,6,10,71,11.594202898550725,18.840579710144926,40.57971014492754,76.81159420289855,A3_Hybrid_SoftVote
Australian Credit Approval,R1_F3,1,3,0.8840579710144928,0.9102564102564102,0.8875,0.8793103448275862,0.8987341772151899,0.883405172413793,0.7635263453909765,0.934051724137931,0.9342142620978742,0.8833956820329624,51,7,9,71,11.594202898550725,18.115942028985508,37.68115942028985,70.28985507246377,A3_Hybrid_SoftVote
Australian Credit Approval,R1_F4,1,4,0.855072463768116,0.821917808219178,0.8955223880597015,0.8169014084507042,0.8571428571428571,0.8562118982552029,0.7133240796790038,0.9220096699600588,0.8932347246525048,0.8553090085490205,58,13,7,60,14.492753623188406,19.565217391304348,34.78260869565217,60.14492753623188,A3_Hybrid_SoftVote
Australian Credit Approval,R1_F5,1,5,0.8985507246376812,0.9545454545454546,0.8513513513513513,0.953125,0.9,0.9022381756756755,0.803120872121694,0.9520692567567568,0.958538878507366,0.9008020075226058,61,3,11,63,10.144927536231885,18.115942028985508,42.028985507246375,81.8840579710145,A3_Hybrid_SoftVote
Australian Credit Approval,R2_F1,2,1,0.8405797101449275,0.8591549295774648,0.8356164383561644,0.8461538461538461,0.8472222222222222,0.8408851422550052,0.6809098252468508,0.9106427818756586,0.9216611370875148,0.8408686361284067,55,10,12,61,15.942028985507246,24.63768115942029,50.72463768115942,94.20289855072464,A3_Hybrid_SoftVote
Australian Credit Approval,R2_F2,2,2,0.8478260869565217,0.9342105263157896,0.8160919540229885,0.9019607843137256,0.8711656441717791,0.8590263691683571,0.6967843957280077,0.8992562542258282,0.9248015871917856,0.857952760309503,46,5,16,71,15.217391304347826,26.81159420289855,61.594202898550726,119.56521739130434,A3_Hybrid_SoftVote
Australian Credit Approval,R2_F3,2,3,0.8695652173913043,0.8970588235294118,0.8472222222222222,0.8939393939393939,0.8714285714285714,0.8705808080808081,0.7405385293628164,0.9280303030303032,0.9293184325493824,0.870267384121294,59,7,11,61,13.043478260869565,21.014492753623188,44.927536231884055,84.78260869565217,A3_Hybrid_SoftVote
Australian Credit Approval,R2_F4,2,4,0.8695652173913043,0.8904109589041096,0.8666666666666667,0.873015873015873,0.8783783783783784,0.8698412698412699,0.738122026257206,0.9244444444444444,0.9162742692012508,0.8698354767504926,55,8,10,65,13.043478260869565,20.28985507246377,42.028985507246375,78.26086956521739,A3_Hybrid_SoftVote
Australian Credit Approval,R2_F5,2,5,0.9130434782608696,0.9210526315789472,0.9210526315789472,0.9032258064516128,0.9210526315789472,0.9121392190152802,0.8242784380305602,0.981748726655348,0.9864024278741752,0.9120956670998251,56,6,6,70,8.695652173913043,13.043478260869565,26.08695652173913,47.82608695652174,A3_Hybrid_SoftVote
Australian Credit Approval,R3_F1,3,1,0.8260869565217391,0.8529411764705882,0.8055555555555556,0.8484848484848485,0.8285714285714286,0.827020202020202,0.6534905591310713,0.91266835016835,0.9270485232449476,0.826741606248097,56,10,14,58,17.391304347826086,27.536231884057973,57.971014492753625,108.69565217391305,A3_Hybrid_SoftVote
Australian Credit Approval,R3_F2,3,2,0.8623188405797102,0.9014084507042254,0.8421052631578947,0.8870967741935484,0.8707482993197279,0.8646010186757216,0.7257448096720611,0.9180814940577248,0.9150278353412444,0.8643083144797217,55,7,12,64,13.768115942028986,22.463768115942027,48.55072463768116,92.02898550724638,A3_Hybrid_SoftVote
Australian Credit Approval,R3_F3,3,3,0.8695652173913043,0.881578947368421,0.881578947368421,0.8548387096774194,0.881578947368421,0.8682088285229201,0.7364176570458404,0.9514006791171477,0.9672400062697092,0.8681058747913175,53,9,9,67,13.043478260869565,19.565217391304348,39.130434782608695,71.73913043478261,A3_Hybrid_SoftVote
Australian Credit Approval,R3_F4,3,4,0.8913043478260869,0.8933333333333333,0.9054054054054054,0.875,0.8993288590604027,0.8902027027027026,0.7813132857250352,0.9353885135135136,0.9439048198838522,0.8900728788867402,56,8,7,67,10.869565217391305,15.942028985507246,31.159420289855074,56.52173913043478,A3_Hybrid_SoftVote
Australian Credit Approval,R3_F5,3,5,0.855072463768116,0.9113924050632912,0.8470588235294118,0.8679245283018868,0.8780487804878049,0.8574916759156492,0.7029165611684973,0.9405105438401776,0.9532197915661124,0.8574282068230062,46,7,13,72,14.492753623188406,23.91304347826087,52.17391304347826,99.27536231884058,A3_Hybrid_SoftVote
Australian Credit Approval,R4_F1,4,1,0.8623188405797102,0.8873239436619719,0.8513513513513513,0.875,0.8689655172413793,0.8631756756756757,0.7247463219391427,0.9353885135135136,0.9360190652058926,0.8630946833531258,56,8,11,63,13.768115942028986,21.73913043478261,45.65217391304348,85.5072463768116,A3_Hybrid_SoftVote
Australian Credit Approval,R4_F2,4,2,0.8188405797101449,0.875,0.7671232876712328,0.8769230769230769,0.8175182481751825,0.8220231822971549,0.644658026978921,0.9140147523709168,0.9319164366691512,0.8201878527532606,57,8,17,56,18.115942028985508,30.434782608695652,67.3913043478261,128.9855072463768,A3_Hybrid_SoftVote
Australian Credit Approval,R4_F3,4,3,0.8695652173913043,0.8955223880597015,0.8450704225352113,0.8955223880597015,0.8695652173913043,0.8702964052974564,0.7405928105949128,0.9194870716838344,0.8982153267591431,0.8699307345227857,60,7,11,60,13.043478260869565,21.014492753623188,44.927536231884055,84.78260869565217,A3_Hybrid_SoftVote
Australian Credit Approval,R4_F4,4,4,0.8768115942028986,0.9294117647058824,0.8777777777777778,0.875,0.9028571428571428,0.8763888888888889,0.7371591589346116,0.944675925925926,0.9743329005422932,0.8763877883423271,42,6,11,79,12.318840579710145,20.28985507246377,44.20289855072464,84.05797101449275,A3_Hybrid_SoftVote
Australian Credit Approval,R4_F5,4,5,0.9130434782608696,0.9315068493150684,0.9066666666666666,0.9206349206349206,0.918918918918919,0.9136507936507936,0.825556223358918,0.9451851851851852,0.939894442222326,0.9136240992382998,58,5,7,68,8.695652173913043,13.768115942028986,28.985507246376812,54.34782608695652,A3_Hybrid_SoftVote
Australian Credit Approval,R5_F1,5,1,0.8333333333333334,0.8513513513513513,0.84,0.8253968253968254,0.8456375838926175,0.8326984126984127,0.6646236391557118,0.9316402116402116,0.950574465316831,0.8326663997864531,52,11,12,63,16.666666666666668,25.36231884057971,51.44927536231884,94.92753623188406,A3_Hybrid_SoftVote
Australian Credit Approval,R5_F2,5,2,0.8695652173913043,0.9066666666666666,0.8607594936708861,0.8813559322033898,0.8831168831168831,0.871057712937138,0.7370723235746327,0.9156833297575628,0.9272774075412258,0.8709968346367406,52,7,11,68,13.043478260869565,21.014492753623188,44.927536231884055,84.78260869565217,A3_Hybrid_SoftVote
Australian Credit Approval,R5_F3,5,3,0.8985507246376812,0.9154929577464788,0.8904109589041096,0.9076923076923076,0.9027777777777778,0.8990516332982086,0.797095983990672,0.9498419388830348,0.9487942025157912,0.8990101101112221,59,6,8,65,10.144927536231885,15.942028985507246,33.333333333333336,62.31884057971015,A3_Hybrid_SoftVote
Australian Credit Approval,R5_F4,5,4,0.8985507246376812,0.9230769230769232,0.9,0.896551724137931,0.9113924050632912,0.8982758620689655,0.7931403520418913,0.94375,0.9586518963581968,0.8982742074245136,52,6,8,72,10.144927536231885,15.942028985507246,33.333333333333336,62.31884057971015,A3_Hybrid_SoftVote
Australian Credit Approval,R5_F5,5,5,0.8478260869565217,0.9104477611940298,0.8026315789473685,0.9032258064516128,0.8531468531468531,0.8529286926994907,0.7025108373018846,0.9250848896434636,0.9197564748923204,0.8514443934739768,56,6,15,61,15.217391304347826,26.08695652173913,58.69565217391305,113.04347826086956,A3_Hybrid_SoftVote
Australian Credit Approval,R1_F1,1,1,0.8478260869565217,0.9166666666666666,0.8148148148148148,0.8947368421052632,0.8627450980392157,0.854775828460039,0.6994001801312533,0.9194282001299544,0.9491854996059536,0.8538412231252319,51,6,15,66,15.217391304347826,26.08695652173913,58.69565217391305,113.04347826086956,A4_Hybrid_Sigmoid
Australian Credit Approval,R1_F2,1,2,0.8768115942028986,0.9102564102564102,0.8765432098765432,0.8771929824561403,0.8930817610062893,0.8768680961663418,0.7486457787171245,0.9361056963396144,0.94777659738028,0.8768680359799207,50,7,10,71,12.318840579710145,19.565217391304348,41.30434782608695,77.53623188405797,A4_Hybrid_Sigmoid
Australian Credit Approval,R1_F3,1,3,0.8840579710144928,0.9,0.9,0.8620689655172413,0.9,0.8810344827586207,0.7620689655172413,0.934051724137931,0.9342142620978742,0.8808303292720552,50,8,8,72,11.594202898550725,17.391304347826086,34.78260869565217,63.768115942028984,A4_Hybrid_Sigmoid
Australian Credit Approval,R1_F4,1,4,0.8695652173913043,0.8266666666666667,0.9253731343283582,0.8169014084507042,0.8732394366197183,0.8711372713895312,0.7447838236913805,0.9220096699600588,0.8932347246525048,0.8694473053470685,58,13,5,62,13.043478260869565,16.666666666666668,27.536231884057973,45.65217391304348,A4_Hybrid_Sigmoid
Australian Credit Approval,R1_F5,1,5,0.8913043478260869,0.9402985074626866,0.8513513513513513,0.9375,0.8936170212765957,0.8944256756756757,0.787108214757162,0.9520692567567568,0.958538878507366,0.8933878731502303,60,4,11,63,10.869565217391305,18.840579710144926,42.7536231884058,82.6086956521739,A4_Hybrid_Sigmoid
Australian Credit Approval,R2_F1,2,1,0.8188405797101449,0.8157894736842105,0.8493150684931506,0.7846153846153846,0.8322147651006712,0.8169652265542676,0.6361464129354797,0.9106427818756586,0.9216611370875148,0.8163244876428706,51,14,11,62,18.115942028985508,26.08695652173913,50.0,89.85507246376811,A4_Hybrid_Sigmoid
Australian Credit Approval,R2_F2,2,2,0.8478260869565217,0.9342105263157896,0.8160919540229885,0.9019607843137256,0.8711656441717791,0.8590263691683571,0.6967843957280077,0.8992562542258282,0.9248015871917856,0.857952760309503,46,5,16,71,15.217391304347826,26.81159420289855,61.594202898550726,119.56521739130434,A4_Hybrid_Sigmoid
Australian Credit Approval,R2_F3,2,3,0.8623188405797102,0.8840579710144928,0.8472222222222222,0.8787878787878788,0.8652482269503546,0.8630050505050505,0.7253235664820743,0.9280303030303032,0.9293184325493824,0.8628607184990051,58,8,11,61,13.768115942028986,21.73913043478261,45.65217391304348,85.5072463768116,A4_Hybrid_Sigmoid
Australian Credit Approval,R2_F4,2,4,0.8768115942028986,0.8918918918918919,0.88,0.873015873015873,0.8859060402684564,0.8765079365079365,0.7521408740827044,0.9244444444444444,0.9162742692012508,0.8765009801785554,55,8,9,66,12.318840579710145,18.840579710144926,38.405797101449274,71.01449275362319,A4_Hybrid_Sigmoid
Australian Credit Approval,R2_F5,2,5,0.9202898550724636,0.922077922077922,0.9342105263157896,0.9032258064516128,0.9281045751633988,0.9187181663837012,0.8387724549797387,0.981748726655348,0.9864024278741752,0.918587533132888,56,6,5,71,7.971014492753623,11.594202898550725,22.463768115942027,40.57971014492754,A4_Hybrid_Sigmoid
Australian Credit Approval,R3_F1,3,1,0.8333333333333334,0.855072463768116,0.8194444444444444,0.8484848484848485,0.8368794326241135,0.8339646464646464,0.6672976811635084,0.91266835016835,0.9270485232449476,0.8338382308854609,56,10,13,59,16.666666666666668,26.08695652173913,54.34782608695652,101.44927536231884,A4_Hybrid_Sigmoid
Australian Credit Approval,R3_F2,3,2,0.8695652173913043,0.9027777777777778,0.8552631578947368,0.8870967741935484,0.8783783783783784,0.8711799660441426,0.7392289188430581,0.9180814940577248,0.9150278353412444,0.8710345506666245,55,7,11,65,13.043478260869565,21.014492753623188,44.927536231884055,84.78260869565217,A4_Hybrid_Sigmoid
Australian Credit Approval,R3_F3,3,3,0.8695652173913043,0.881578947368421,0.881578947368421,0.8548387096774194,0.881578947368421,0.8682088285229201,0.7364176570458404,0.9514006791171477,0.9672400062697092,0.8681058747913175,53,9,9,67,13.043478260869565,19.565217391304348,39.130434782608695,71.73913043478261,A4_Hybrid_Sigmoid
Australian Credit Approval,R3_F4,3,4,0.8840579710144928,0.881578947368421,0.9054054054054054,0.859375,0.8933333333333333,0.8823902027027026,0.7667255897395466,0.9353885135135136,0.9439048198838522,0.8820900012301864,55,9,7,67,11.594202898550725,16.666666666666668,31.884057971014492,57.2463768115942,A4_Hybrid_Sigmoid
Australian Credit Approval,R3_F5,3,5,0.855072463768116,0.9012345679012346,0.8588235294117647,0.8490566037735849,0.8795180722891566,0.8539400665926749,0.6992414815334496,0.9405105438401776,0.9532197915661124,0.8539261028468426,45,8,12,73,14.492753623188406,23.18840579710145,49.27536231884058,92.7536231884058,A4_Hybrid_Sigmoid
Australian Credit Approval,R4_F1,4,1,0.855072463768116,0.8648648648648649,0.8648648648648649,0.84375,0.8648648648648649,0.8543074324324325,0.7086148648648649,0.9353885135135136,0.9360190652058926,0.8542421961772492,54,10,10,64,14.492753623188406,21.73913043478261,43.47826086956522,79.71014492753623,A4_Hybrid_Sigmoid
Australian Credit Approval,R4_F2,4,2,0.8188405797101449,0.8636363636363636,0.7808219178082192,0.8615384615384616,0.8201438848920863,0.8211801896733404,0.6418870860183381,0.9140147523709168,0.9319164366691512,0.8201878527532606,56,9,16,57,18.115942028985508,29.71014492753623,64.4927536231884,122.46376811594203,A4_Hybrid_Sigmoid
Australian Credit Approval,R4_F3,4,3,0.8768115942028986,0.8970588235294118,0.8591549295774648,0.8955223880597015,0.8776978417266187,0.8773386588185832,0.7544394616715052,0.9194870716838344,0.8982153267591431,0.8771502005064331,60,7,10,61,12.318840579710145,19.565217391304348,41.30434782608695,77.53623188405797,A4_Hybrid_Sigmoid
Australian Credit Approval,R4_F4,4,4,0.8768115942028986,0.9294117647058824,0.8777777777777778,0.875,0.9028571428571428,0.8763888888888889,0.7371591589346116,0.944675925925926,0.9743329005422932,0.8763877883423271,42,6,11,79,12.318840579710145,20.28985507246377,44.20289855072464,84.05797101449275,A4_Hybrid_Sigmoid
Australian Credit Approval,R4_F5,4,5,0.9202898550724636,0.9324324324324323,0.92,0.9206349206349206,0.9261744966442952,0.9203174603174604,0.839658109009697,0.9451851851851852,0.939894442222326,0.9203174055640408,58,5,6,69,7.971014492753623,12.318840579710145,25.36231884057971,47.10144927536232,A4_Hybrid_Sigmoid
Australian Credit Approval,R5_F1,5,1,0.8043478260869565,0.8076923076923077,0.84,0.7619047619047619,0.8235294117647058,0.8009523809523809,0.6047916118572527,0.9316402116402116,0.950574465316831,0.7999999999999999,48,15,12,63,19.565217391304348,28.26086956521739,54.34782608695652,97.82608695652173,A4_Hybrid_Sigmoid
Australian Credit Approval,R5_F2,5,2,0.8695652173913043,0.9066666666666666,0.8607594936708861,0.8813559322033898,0.8831168831168831,0.871057712937138,0.7370723235746327,0.9156833297575628,0.9272774075412258,0.8709968346367406,52,7,11,68,13.043478260869565,21.014492753623188,44.927536231884055,84.78260869565217,A4_Hybrid_Sigmoid
Australian Credit Approval,R5_F3,5,3,0.8985507246376812,0.9154929577464788,0.8904109589041096,0.9076923076923076,0.9027777777777778,0.8990516332982086,0.797095983990672,0.9498419388830348,0.9487942025157912,0.8990101101112221,59,6,8,65,10.144927536231885,15.942028985507246,33.333333333333336,62.31884057971015,A4_Hybrid_Sigmoid
Australian Credit Approval,R5_F4,5,4,0.8985507246376812,0.9230769230769232,0.9,0.896551724137931,0.9113924050632912,0.8982758620689655,0.7931403520418913,0.94375,0.9586518963581968,0.8982742074245136,52,6,8,72,10.144927536231885,15.942028985507246,33.333333333333336,62.31884057971015,A4_Hybrid_Sigmoid
Australian Credit Approval,R5_F5,5,5,0.8478260869565217,0.9104477611940298,0.8026315789473685,0.9032258064516128,0.8531468531468531,0.8529286926994907,0.7025108373018846,0.9250848896434636,0.9197564748923204,0.8514443934739768,56,6,15,61,15.217391304347826,26.08695652173913,58.69565217391305,113.04347826086956,A4_Hybrid_Sigmoid
Australian Credit Approval,R1_F1,1,1,0.8405797101449275,0.8933333333333333,0.8271604938271605,0.8596491228070176,0.8589743589743589,0.8434048083170891,0.6789149909533295,0.9194282001299544,0.9491854996059536,0.8432483578039972,49,8,14,67,15.942028985507246,26.08695652173913,56.52173913043478,107.2463768115942,A5_Full_CostAware
Australian Credit Approval,R1_F2,1,2,0.8840579710144928,0.8823529411764706,0.925925925925926,0.8245614035087719,0.9036144578313252,0.8752436647173489,0.7597590885899663,0.9361056963396144,0.94777659738028,0.8737750173967214,47,10,6,75,11.594202898550725,15.942028985507246,28.985507246376812,50.72463768115942,A5_Full_CostAware
Australian Credit Approval,R1_F3,1,3,0.855072463768116,0.8191489361702128,0.9625,0.7068965517241379,0.8850574712643678,0.8346982758620689,0.7090097314139243,0.934051724137931,0.9342142620978742,0.824856309325741,41,17,3,77,14.492753623188406,16.666666666666668,23.18840579710145,34.05797101449275,A5_Full_CostAware
Australian Credit Approval,R1_F4,1,4,0.8695652173913043,0.8024691358024691,0.9701492537313432,0.7746478873239436,0.8783783783783784,0.8723985705276435,0.7560049504542296,0.9220096699600588,0.8932347246525048,0.866904879321766,55,16,2,65,13.043478260869565,14.492753623188406,18.840579710144926,26.08695652173913,A5_Full_CostAware
Australian Credit Approval,R1_F5,1,5,0.8405797101449275,0.7954545454545454,0.945945945945946,0.71875,0.8641975308641975,0.832347972972973,0.6896083931277489,0.9520692567567568,0.958538878507366,0.8245596695501477,46,18,4,70,15.942028985507246,18.840579710144926,27.536231884057973,42.028985507246375,A5_Full_CostAware
Australian Credit Approval,R2_F1,2,1,0.8333333333333334,0.8125,0.8904109589041096,0.7692307692307693,0.8496732026143791,0.8298208640674394,0.6670635937899404,0.9106427818756586,0.9216611370875148,0.827605888602368,50,15,8,65,16.666666666666668,22.463768115942027,39.85507246376812,68.84057971014492,A5_Full_CostAware
Australian Credit Approval,R2_F2,2,2,0.8623188405797102,0.925,0.8505747126436781,0.8823529411764706,0.8862275449101796,0.8664638269100744,0.7167155585435772,0.8992562542258282,0.9248015871917856,0.8663181282828385,45,6,13,74,13.768115942028986,23.18840579710145,51.44927536231884,98.55072463768116,A5_Full_CostAware
Australian Credit Approval,R2_F3,2,3,0.8405797101449275,0.8048780487804879,0.9166666666666666,0.7575757575757576,0.8571428571428571,0.8371212121212122,0.6858882322135353,0.9280303030303032,0.9293184325493824,0.8333333333333334,50,16,6,66,15.942028985507246,20.28985507246377,33.333333333333336,55.072463768115945,A5_Full_CostAware
Australian Credit Approval,R2_F4,2,4,0.8333333333333334,0.7888888888888889,0.9466666666666668,0.6984126984126984,0.8606060606060606,0.8225396825396825,0.6746401483798578,0.9244444444444444,0.9162742692012508,0.8131199303694512,44,19,4,71,16.666666666666668,19.565217391304348,28.26086956521739,42.7536231884058,A5_Full_CostAware
Australian Credit Approval,R2_F5,2,5,0.8985507246376812,0.8604651162790697,0.9736842105263158,0.8064516129032258,0.9135802469135802,0.8900679117147707,0.8007961276396814,0.981748726655348,0.9864024278741752,0.8861315940859752,50,12,2,74,10.144927536231885,11.594202898550725,15.942028985507246,23.18840579710145,A5_Full_CostAware
Australian Credit Approval,R3_F1,3,1,0.7898550724637681,0.7529411764705882,0.8888888888888888,0.6818181818181818,0.8152866242038217,0.7853535353535352,0.5861436596392653,0.91266835016835,0.9270485232449476,0.7784989441615229,45,21,8,64,21.014492753623188,26.81159420289855,44.20289855072464,73.18840579710145,A5_Full_CostAware
Australian Credit Approval,R3_F2,3,2,0.8623188405797102,0.8701298701298701,0.881578947368421,0.8387096774193549,0.8758169934640523,0.8601443123938879,0.7214378388751225,0.9180814940577248,0.9150278353412444,0.8598771973759176,52,10,9,67,13.768115942028986,20.28985507246377,39.85507246376812,72.46376811594203,A5_Full_CostAware
Australian Credit Approval,R3_F3,3,3,0.8695652173913043,0.8536585365853658,0.9210526315789472,0.8064516129032258,0.8860759493670886,0.8637521222410866,0.7369486585691832,0.9514006791171477,0.9672400062697092,0.8618493953734624,50,12,6,70,13.043478260869565,17.391304347826086,30.434782608695652,52.17391304347826,A5_Full_CostAware
Australian Credit Approval,R3_F4,3,4,0.8478260869565217,0.8117647058823529,0.9324324324324323,0.75,0.8679245283018868,0.8412162162162162,0.6997100432637001,0.9353885135135136,0.9439048198838522,0.8362561355974163,48,16,5,69,15.217391304347826,18.840579710144926,29.71014492753623,47.82608695652174,A5_Full_CostAware
Australian Credit Approval,R3_F5,3,5,0.8840579710144928,0.8709677419354839,0.9529411764705882,0.7735849056603774,0.9101123595505618,0.8632630410654828,0.7537908761861088,0.9405105438401776,0.9532197915661124,0.8585924004438247,41,12,4,81,11.594202898550725,14.492753623188406,23.18840579710145,37.68115942028985,A5_Full_CostAware
Australian Credit Approval,R4_F1,4,1,0.8333333333333334,0.7865168539325843,0.945945945945946,0.703125,0.8588957055214724,0.824535472972973,0.67640214003352,0.9353885135135136,0.9360190652058926,0.815547817876575,45,19,4,70,16.666666666666668,19.565217391304348,28.26086956521739,42.7536231884058,A5_Full_CostAware
Australian Credit Approval,R4_F2,4,2,0.7971014492753623,0.7848101265822784,0.8493150684931506,0.7384615384615385,0.8157894736842105,0.7938883034773445,0.5930493775504402,0.9140147523709168,0.9319164366691512,0.7919510793717116,48,17,11,62,20.28985507246377,28.26086956521739,52.17391304347826,92.02898550724638,A5_Full_CostAware
Australian Credit Approval,R4_F3,4,3,0.8695652173913043,0.8533333333333334,0.9014084507042254,0.835820895522388,0.8767123287671232,0.8686146731133066,0.7397215717036736,0.9194870716838344,0.8982153267591431,0.8679954023490297,56,11,7,64,13.043478260869565,18.115942028985508,33.333333333333336,58.69565217391305,A5_Full_CostAware
Australian Credit Approval,R4_F4,4,4,0.855072463768116,0.8645833333333334,0.9222222222222224,0.7291666666666666,0.8924731182795699,0.8256944444444445,0.6742515569407586,0.944675925925926,0.9743329005422932,0.8200327455069729,35,13,7,83,14.492753623188406,19.565217391304348,34.78260869565217,60.14492753623188,A5_Full_CostAware
Australian Credit Approval,R4_F5,4,5,0.8913043478260869,0.8658536585365854,0.9466666666666668,0.8253968253968254,0.9044585987261148,0.886031746031746,0.7831644826825697,0.9451851851851852,0.939894442222326,0.8839545584336682,52,11,4,71,10.869565217391305,13.768115942028986,22.463768115942027,36.95652173913044,A5_Full_CostAware
Australian Credit Approval,R5_F1,5,1,0.8260869565217391,0.8148148148148148,0.88,0.7619047619047619,0.8461538461538461,0.8209523809523809,0.6493690216213965,0.9316402116402116,0.950574465316831,0.8188261051506543,48,15,9,66,17.391304347826086,23.91304347826087,43.47826086956522,76.08695652173913,A5_Full_CostAware
Australian Credit Approval,R5_F2,5,2,0.8405797101449275,0.8202247191011236,0.9240506329113924,0.7288135593220338,0.8690476190476191,0.8264320961167131,0.674946512351025,0.9156833297575628,0.9272774075412258,0.8206464712444269,43,16,6,73,15.942028985507246,20.28985507246377,33.333333333333336,55.072463768115945,A5_Full_CostAware
Australian Credit Approval,R5_F3,5,3,0.8115942028985508,0.7473684210526316,0.9726027397260274,0.6307692307692307,0.8452380952380952,0.801685985247629,0.6502902000763054,0.9498419388830348,0.9487942025157912,0.783254672492308,41,24,2,71,18.840579710144926,20.28985507246377,24.63768115942029,31.884057971014492,A5_Full_CostAware
Australian Credit Approval,R5_F4,5,4,0.8695652173913043,0.8604651162790697,0.925,0.7931034482758621,0.891566265060241,0.8590517241379311,0.7314676185145957,0.94375,0.9586518963581968,0.856516602089634,46,12,6,74,13.043478260869565,17.391304347826086,30.434782608695652,52.17391304347826,A5_Full_CostAware
Australian Credit Approval,R5_F5,5,5,0.8768115942028986,0.8641975308641975,0.9210526315789472,0.8225806451612904,0.89171974522293,0.8718166383701189,0.7512448699339501,0.9250848896434636,0.9197564748923204,0.8704252224698654,51,11,6,70,12.318840579710145,16.666666666666668,29.71014492753623,51.44927536231884,A5_Full_CostAware
Taiwan Credit Card Default,R1_F1,1,1,0.8269711618603101,0.6865248226950355,0.372021521906226,0.952958705832269,0.4825523429710867,0.6624901138692475,0.4158776356073156,0.7918201736948589,0.5631620173631597,0.5954167851660787,4477,221,817,484,17.302883813968993,30.921820303383896,71.7786297716286,139.87331221870312,A0_Baseline_XGB
Taiwan Credit Card Default,R1_F2,1,2,0.816741704185426,0.6625850340136055,0.3639760837070254,0.9467696930671818,0.4698504582730342,0.6553728883871036,0.3945123067889141,0.7795171824563801,0.5529774668776057,0.5870277038224817,4411,248,851,487,18.325829581457395,32.51625812906453,75.08754377188595,146.03968650992164,A0_Baseline_XGB
Taiwan Credit Card Default,R1_F3,1,3,0.8170609796734422,0.6382978723404256,0.3675344563552833,0.9420783645655876,0.466472303206997,0.6548064104604355,0.3858921969733155,0.7812585602813382,0.5439963994996716,0.5884269364710352,4424,272,826,480,18.293902032655783,32.05598133955348,73.34221926024658,142.15261579473508,A0_Baseline_XGB
Taiwan Credit Card Default,R1_F4,1,4,0.8251666666666667,0.6871657754010695,0.3867569601203913,0.9499036608863198,0.4949446316803081,0.6683303105033556,0.4232009039414193,0.7802620881384087,0.5704539588907159,0.6061203282283346,4437,234,815,514,17.483333333333334,31.066666666666666,71.81666666666666,139.73333333333332,A0_Baseline_XGB
Taiwan Credit Card Default,R1_F5,1,5,0.8135621459513496,0.6708860759493671,0.3502202643171806,0.9495689655172412,0.4602026049204052,0.649894614917211,0.3885616094558854,0.785511924654413,0.5724658794380455,0.5766786749055665,4406,234,885,477,18.643785404865046,33.388870376541156,77.62412529156947,151.34955014995,A0_Baseline_XGB
Taiwan Credit Card Default,R2_F1,2,1,0.819349457881568,0.6615811373092927,0.3624620060790273,0.9478521051506732,0.4683357879234168,0.6551570556148503,0.3948828725676545,0.7882423146556009,0.555910351450321,0.5861402353525496,4435,244,839,477,18.065054211843204,32.060050041701416,74.04503753127607,144.02001668056715,A0_Baseline_XGB
Taiwan Credit Card Default,R2_F2,2,2,0.832027995334111,0.7075862068965517,0.3919022154316272,0.9548167092924126,0.504424778761062,0.6733594623620198,0.4393442788464278,0.7949299459379195,0.5931033954253029,0.6117146260331139,4480,212,796,513,16.7972004665889,30.061656390601566,69.85502416263957,136.1773037827029,A0_Baseline_XGB
Taiwan Credit Card Default,R2_F3,2,3,0.8155614795068311,0.6492434662998624,0.3564954682779456,0.9454895254382216,0.4602632862018527,0.6509924968580836,0.3837788404483914,0.7796517962204004,0.5434480969808699,0.5805710388255613,4423,255,852,472,18.443852049316895,32.639120293235585,75.22492502499166,146.20126624458513,A0_Baseline_XGB
Taiwan Credit Card Default,R2_F4,2,4,0.8202565383974679,0.6858710562414266,0.3703703703703703,0.9507844401461424,0.481000481000481,0.6605774052582563,0.4105008070068286,0.7788249715436476,0.5694337392417754,0.593415861971444,4424,229,850,500,17.974346160253205,32.13393303348326,74.61269365317341,145.41062801932367,A0_Baseline_XGB
Taiwan Credit Card Default,R2_F5,2,5,0.8179696616102684,0.6666666666666666,0.3664921465968586,0.9474474474474476,0.4729729729729729,0.6569697970221531,0.3984706339259005,0.7743983966871026,0.5452465183012184,0.5892639890598521,4417,245,847,490,18.203033838973163,32.3220536756126,74.67911318553092,145.27421236872812,A0_Baseline_XGB
Taiwan Credit Card Default,R3_F1,3,1,0.8126354392398734,0.6545454545454545,0.3479553903345725,0.946927374301676,0.4543689320388349,0.6474413823181242,0.3795677415904132,0.7667620130902305,0.5441553358452116,0.5740108745865635,4407,247,877,468,18.73645607601267,33.35555925987665,77.21286881146858,150.30838473078848,A0_Baseline_XGB
Taiwan Credit Card Default,R3_F2,3,2,0.8197267577474175,0.6578212290502793,0.360091743119266,0.947805709416276,0.4654150197628458,0.653948726267771,0.3921583076737538,0.7875711429386725,0.5602870955173527,0.5842063077732894,4449,245,837,471,18.027324225258248,31.972675774741752,73.80873042319227,143.5354881706098,A0_Baseline_XGB
Taiwan Credit Card Default,R3_F3,3,3,0.8249708284714119,0.6892265193370166,0.3768882175226586,0.9518716577540108,0.4873046875,0.6643799376383347,0.4185362628050394,0.7822669111588607,0.5724381324211698,0.5989567700604503,4450,225,825,499,17.50291715285881,31.25520920153359,72.51208534755793,141.27354559093183,A0_Baseline_XGB
Taiwan Credit Card Default,R3_F4,3,4,0.8206666666666667,0.6815718157181572,0.3742559523809524,0.9495274914089348,0.4831892411143131,0.6618917218949435,0.411014511273142,0.7884808132875143,0.5671252125930782,0.5961260903610472,4421,235,841,503,17.933333333333334,31.95,74.0,144.08333333333334,A0_Baseline_XGB
Taiwan Credit Card Default,R3_F5,3,5,0.8196666666666667,0.6547144754316069,0.3749049429657795,0.9445037353255068,0.4767891682785299,0.6597043391456432,0.3988516247421987,0.7875936063238796,0.552056450813601,0.5950622816337588,4425,260,822,493,18.033333333333335,31.733333333333334,72.83333333333333,141.33333333333334,A0_Baseline_XGB
Taiwan Credit Card Default,R4_F1,4,1,0.8246082027342447,0.7011494252873564,0.3663663663663664,0.9554222031718816,0.4812623274161736,0.660894284769124,0.4176097323721819,0.7872589423971763,0.5718378725666694,0.5916371868990578,4458,208,844,488,17.539179726575526,31.610536845615204,73.82460820273424,144.18139379793266,A0_Baseline_XGB
Taiwan Credit Card Default,R4_F2,4,2,0.8237254248583805,0.672883787661406,0.3610469591993841,0.95152030618754,0.469939879759519,0.656283632693462,0.4017690470324003,0.789230155779884,0.5612352321858743,0.5861258509616157,4475,228,830,469,17.627457514161947,31.45618127290903,72.94235254915029,142.0859713428857,A0_Baseline_XGB
Taiwan Credit Card Default,R4_F3,4,3,0.815,0.667578659370725,0.3601476014760147,0.9476856835306782,0.4678811121764142,0.6539166425033465,0.3935095674492129,0.7791599903081915,0.5620309588159844,0.58421462312812,4402,243,867,488,18.5,32.95,76.3,148.55,A0_Baseline_XGB
Taiwan Credit Card Default,R4_F4,4,4,0.8163469557964971,0.6507713884992987,0.3525835866261398,0.9467835007480232,0.4573681616559881,0.6496835436870815,0.3827935010659395,0.7714208898194156,0.5520287810958993,0.5777718602114423,4430,249,852,464,18.36530442035029,32.57714762301918,75.21267723102585,146.27189324437032,A0_Baseline_XGB
Taiwan Credit Card Default,R4_F5,4,5,0.8221482098251457,0.6722797927461139,0.389055472263868,0.9458360094198244,0.4928774928774929,0.6674457408418463,0.4159134182382904,0.7862809122092776,0.55905982232178,0.6066157559188535,4418,253,815,519,17.78517901748543,31.357202331390507,72.07327227310574,139.93338884263113,A0_Baseline_XGB
Taiwan Credit Card Default,R5_F1,5,1,0.8301383563927321,0.6907630522088354,0.3957055214723926,0.9507987220447284,0.5031691857630424,0.6732521217585605,0.4328550533292781,0.7947165925112867,0.5687410695172419,0.6133810431713665,4464,231,788,516,16.98616436072679,30.12168694782464,69.52825470911819,135.20586764460742,A0_Baseline_XGB
Taiwan Credit Card Default,R5_F2,5,2,0.8186062020673558,0.6781292984869326,0.3659985152190051,0.949688239088368,0.4754098360655737,0.6578433771536867,0.4036450342816515,0.7819386336279751,0.568579585984189,0.5895629613767255,4417,234,854,493,18.13937979326442,32.377459153051014,75.09169723241081,146.28209403134377,A0_Baseline_XGB
Taiwan Credit Card Default,R5_F3,5,3,0.8164388129376459,0.6491935483870968,0.365079365079365,0.9441711229946524,0.467343976777939,0.6546252440370087,0.3890000180041463,0.7752042231033828,0.5492351697681787,0.5871093544725368,4414,261,840,483,18.35611870623541,32.360786928976324,74.37479159719906,144.39813271090364,A0_Baseline_XGB
Taiwan Credit Card Default,R5_F4,5,4,0.8163197335553706,0.6752873563218391,0.3489235337787676,0.9514813224559896,0.4601076847772883,0.6502024281173786,0.3914528925397763,0.7856721184076186,0.5625099252494936,0.5761894005931028,4432,226,877,470,18.368026644462947,32.97252289758534,76.78601165695254,149.80849292256454,A0_Baseline_XGB
Taiwan Credit Card Default,R5_F5,5,5,0.8233333333333334,0.6763485477178424,0.3718631178707224,0.9500533617929564,0.479882237487733,0.6609582398318394,0.4090705249559485,0.7828737455920725,0.5516035902824951,0.5943818682125913,4451,234,826,489,17.666666666666668,31.433333333333334,72.73333333333333,141.56666666666666,A0_Baseline_XGB
Taiwan Credit Card Default,R1_F1,1,1,0.8244707451241874,0.6771428571428572,0.3643351268255188,0.951894423158791,0.4737631184407796,0.658114774992155,0.4059304449091119,0.7897674415560745,0.5580176741346131,0.5889045554128973,4472,226,827,474,17.552925487581263,31.338556426071012,72.69544924154026,141.623603933989,A1_FrozenFS_XGB
Taiwan Credit Card Default,R1_F2,1,2,0.8187427046856762,0.6721536351165981,0.3662182361733931,0.9487014380768404,0.4741170778906628,0.6574598371251168,0.4012246050086812,0.7784457553745406,0.554330335823251,0.5894334290720726,4420,239,848,490,18.125729531432384,32.266133066533264,74.68734367183592,145.38936134734033,A1_FrozenFS_XGB
Taiwan Credit Card Default,R1_F3,1,3,0.8195601466177941,0.6508795669824087,0.3683001531393568,0.9450596252129472,0.4704156479217604,0.656679889176152,0.3934956898980741,0.7840129327099927,0.5458656355402961,0.5899708507136192,4438,258,825,481,18.043985338220594,31.789403532155948,73.02565811396201,141.75274908363878,A1_FrozenFS_XGB
Taiwan Credit Card Default,R1_F4,1,4,0.8271666666666667,0.6989100817438693,0.3860045146726862,0.95268679083708,0.4973339796412991,0.669345652754883,0.4292230288412792,0.7780558169220165,0.5715914533686397,0.6064168552506979,4450,221,816,513,17.283333333333335,30.883333333333333,71.68333333333334,139.68333333333334,A1_FrozenFS_XGB
Taiwan Credit Card Default,R1_F5,1,5,0.8150616461179607,0.6784702549575071,0.3516886930983847,0.9510775862068964,0.4632495164410058,0.6513831396526406,0.3936214067799767,0.7859200940553951,0.5711377669776189,0.5783452544356785,4413,227,883,479,18.493835388203934,33.20559813395535,77.34088637120959,150.89970009996668,A1_FrozenFS_XGB
Taiwan Credit Card Default,R2_F1,2,1,0.8206839032527106,0.6680613668061367,0.3639817629179331,0.9491344304338534,0.4712247909493359,0.6565580966758933,0.3994070486661913,0.7871039586433857,0.5533846319731436,0.5877649387598943,4441,238,837,479,17.93160967472894,31.89324437030859,73.77814845704754,143.5863219349458,A1_FrozenFS_XGB
Taiwan Credit Card Default,R2_F2,2,2,0.8330278286952174,0.7171145685997171,0.387318563789152,0.957374254049446,0.5029761904761905,0.672346408919299,0.4415494864394025,0.7952659208300852,0.5889442842291936,0.608940736925312,4492,200,802,507,16.697217130478254,30.061656390601566,70.1549741709715,136.97717047158807,A1_FrozenFS_XGB
Taiwan Credit Card Default,R2_F3,2,3,0.8162279240253248,0.649932157394844,0.3617824773413897,0.9448482257374946,0.4648229015041242,0.6533153515394422,0.3873974952339186,0.7786334988355857,0.5414555273334714,0.5846618953026848,4420,258,845,479,18.37720759746751,32.455848050649784,74.6917694101966,145.08497167610795,A1_FrozenFS_XGB
Taiwan Credit Card Default,R2_F4,2,4,0.8192570381475929,0.6822558459422283,0.3674074074074074,0.950354609929078,0.4776119402985074,0.6588810086682427,0.4066453360740874,0.7773479475607136,0.5642457037021138,0.5909038190363306,4422,231,854,496,18.074296185240712,32.300516408462435,74.9791770781276,146.1102781942362,A1_FrozenFS_XGB
Taiwan Credit Card Default,R2_F5,2,5,0.8171361893648942,0.6648351648351648,0.3620044876589379,0.9476619476619476,0.4687651331719128,0.6548332176604428,0.3946696906586359,0.7753263467549182,0.5491082110406116,0.5857114288087903,4418,244,853,484,18.286381063510586,32.50541756959493,75.16252708784798,146.2577096182697,A1_FrozenFS_XGB
Taiwan Credit Card Default,R3_F1,3,1,0.8139689948324721,0.662873399715505,0.3464684014869889,0.9490760636012032,0.455078125,0.647772232544096,0.3832176570121778,0.7680195155304708,0.5443174206871528,0.5734325301598023,4417,237,879,466,18.603100516752793,33.25554259043174,77.21286881146858,150.47507917986331,A1_FrozenFS_XGB
Taiwan Credit Card Default,R3_F2,3,2,0.8217260913028991,0.6680790960451978,0.3616207951070336,0.949936088623775,0.4692460317460317,0.6557784418654043,0.3987531883094745,0.7852589159953041,0.5607404640416115,0.58610292924451,4459,235,835,473,17.827390869710097,31.73942019326891,73.47550816394535,143.03565478173942,A1_FrozenFS_XGB
Taiwan Credit Card Default,R3_F3,3,3,0.8258043007167861,0.6918844566712518,0.3799093655589123,0.952085561497326,0.4904924427108727,0.6659974635281193,0.4219017643769616,0.7800051698789926,0.5708688493041485,0.6014201706180546,4451,224,821,503,17.419569928321387,31.105184197366228,72.16202700450074,140.59009834972497,A1_FrozenFS_XGB
Taiwan Credit Card Default,R3_F4,3,4,0.8211666666666667,0.6828609986504723,0.3764880952380952,0.9495274914089348,0.4853717026378897,0.663007793323515,0.4131272049461291,0.7878053216024382,0.5708024156580799,0.597901159571343,4421,235,838,506,17.883333333333333,31.85,73.75,143.58333333333334,A1_FrozenFS_XGB
Taiwan Credit Card Default,R3_F5,3,5,0.8198333333333333,0.6576819407008087,0.3711026615969581,0.9457844183564568,0.4744773942634905,0.6584435399767075,0.3982079838081642,0.7880123848054832,0.5513568358087383,0.5924382794426877,4431,254,827,488,18.016666666666666,31.8,73.15,142.06666666666666,A1_FrozenFS_XGB
Taiwan Credit Card Default,R4_F1,4,1,0.8244414804934979,0.7007194244604317,0.3656156156156156,0.9554222031718816,0.4805130735076467,0.6605189093937487,0.4168957423599631,0.7832739780071543,0.5707120517435131,0.5910306903922293,4458,208,845,487,17.555851950650215,31.64388129376459,73.90796932310771,144.34811603867956,A1_FrozenFS_XGB
Taiwan Credit Card Default,R4_F2,4,2,0.8245584805064978,0.6772334293948127,0.3618167821401077,0.952370827131618,0.471650777722027,0.657093804635863,0.4046093608687083,0.7894759327617034,0.5613662395383098,0.5870125621116424,4479,224,829,470,17.544151949350216,31.356214595134954,72.79240253248918,141.85271576141287,A1_FrozenFS_XGB
Taiwan Credit Card Default,R4_F3,4,3,0.8151666666666667,0.6713091922005571,0.3557195571955719,0.9491926803013994,0.4650265315967197,0.6524561187484856,0.3928040357017265,0.7813190392399079,0.5632451524754024,0.581073489268003,4409,236,873,482,18.483333333333334,33.03333333333333,76.68333333333334,149.43333333333334,A1_FrozenFS_XGB
Taiwan Credit Card Default,R4_F4,4,4,0.8161801501251043,0.646978021978022,0.35790273556231,0.9450737337037828,0.4608610567514677,0.6514882346330464,0.3839423498974498,0.7720344441405724,0.5546774634634608,0.5815878906929459,4422,257,845,471,18.381984987489574,32.477064220183486,74.76230191826522,145.23769808173478,A1_FrozenFS_XGB
Taiwan Credit Card Default,R4_F5,4,5,0.82248126561199,0.6786666666666666,0.3815592203898051,0.9484050524512952,0.4884836852207294,0.6649821364205502,0.4148898166994562,0.7831484867713864,0.5554230967415364,0.6015585527835744,4430,241,825,509,17.751873438801,31.490424646128226,72.7060782681099,141.39883430474603,A1_FrozenFS_XGB
Taiwan Credit Card Default,R5_F1,5,1,0.830305050841807,0.6901595744680851,0.3980061349693251,0.9503727369542068,0.504863813229572,0.674189435961766,0.4339542540920634,0.7914582475809666,0.5689250375391808,0.6150237229695802,4462,233,785,519,16.969494915819304,30.055009168194697,69.31155192532088,134.73912318719786,A1_FrozenFS_XGB
Taiwan Credit Card Default,R5_F2,5,2,0.8186062020673558,0.6796116504854369,0.3637713437268003,0.9503332616641582,0.4738878143133462,0.6570523026954793,0.4030603634999834,0.7825483004748522,0.5688104189311831,0.5879659918599406,4420,231,857,490,18.13937979326442,32.42747582527509,75.29176392130711,146.73224408136045,A1_FrozenFS_XGB
Taiwan Credit Card Default,R5_F3,5,3,0.8169389796598866,0.654320987654321,0.3605442176870748,0.946096256684492,0.4649122807017544,0.6533202371857834,0.3891099571531409,0.7768035699128137,0.5510421728382442,0.5840458327246074,4423,252,846,477,18.30610203401134,32.4108036012004,74.72490830276759,145.2484161387129,A1_FrozenFS_XGB
Taiwan Credit Card Default,R5_F4,5,4,0.8164862614487927,0.6747503566333809,0.3511507052709725,0.9510519536281666,0.4619140625,0.6511013294495696,0.392573567292723,0.7843826571969643,0.5595496991688078,0.5778949422393892,4430,228,874,473,18.351373855120734,32.90591174021649,76.56952539550375,149.34221482098252,A1_FrozenFS_XGB
Taiwan Credit Card Default,R5_F5,5,5,0.8225,0.6765536723163842,0.3642585551330798,0.9511205976520812,0.4735541275333663,0.6576895763925805,0.4044120705799739,0.7820094874427326,0.5527041317062762,0.5886032744200956,4456,229,836,479,17.75,31.683333333333334,73.48333333333333,143.15,A1_FrozenFS_XGB
Taiwan Credit Card Default,R1_F1,1,1,0.7687947991331888,0.4746760895170789,0.6195234435049961,0.8101319710515112,0.5375125041680561,0.7148277072782536,0.3930627419944238,0.7903269875581184,0.5593081201913271,0.7084460095161254,3806,892,495,806,23.120520086681115,31.371895315885983,56.12602100350058,97.38289714952492,A2_FrozenFS_BalancedXGB
Taiwan Credit Card Default,R1_F2,1,2,0.7592129398032349,0.4693995381062356,0.6076233183856502,0.8027473706804035,0.529641693811075,0.7051853445330268,0.3769791091924658,0.7778131497902865,0.5502926475619305,0.6984039097815693,3740,919,525,813,24.078706019676506,32.8330832082708,59.09621477405369,102.86810071702519,A2_FrozenFS_BalancedXGB
Taiwan Credit Card Default,R1_F3,1,3,0.7604131956014661,0.4633333333333333,0.6385911179173047,0.7942930153321976,0.5370251126851255,0.7164420666247512,0.389801067078967,0.7837087573797779,0.5443705339256811,0.7121997364608434,3730,966,472,834,23.95868043985338,31.82272575808064,55.41486171276241,94.7350883038987,A2_FrozenFS_BalancedXGB
Taiwan Credit Card Default,R1_F4,1,4,0.76,0.4685195689166194,0.6215199398043642,0.7994005566259902,0.5342820181112549,0.7104602482151772,0.3837179449589808,0.7780654822456865,0.5719211805430129,0.7048711838582711,3734,937,503,826,24.0,32.38333333333333,57.53333333333333,99.45,A2_FrozenFS_BalancedXGB
Taiwan Credit Card Default,R1_F5,1,5,0.7575808063978674,0.4751735184196476,0.6534508076358296,0.788146551724138,0.5502318392581144,0.7207986796799838,0.3991927835660575,0.7856556028153324,0.5708490201406995,0.7176454561686656,3657,983,472,890,24.241919360213263,32.10596467844052,55.698100633122294,95.01832722425858,A2_FrozenFS_BalancedXGB
Taiwan Credit Card Default,R2_F1,2,1,0.7683069224353628,0.4790109258194364,0.6329787234042553,0.8063688822397949,0.5453355155482815,0.7196738028220251,0.4007394801926276,0.7868519109180189,0.5524845515186885,0.7144328839527627,3773,906,483,833,23.16930775646372,31.22602168473728,55.39616346955796,95.67973311092577,A2_FrozenFS_BalancedXGB
Taiwan Credit Card Default,R2_F2,2,2,0.7635394100983169,0.4691704035874439,0.6394194041252865,0.7981670929241261,0.5412221144519883,0.7187932485247064,0.3953789207833777,0.7954845039620125,0.5887894568074379,0.7143973172891657,3745,947,472,837,23.646058990168306,31.511414764205966,55.107482086318946,94.43426095650725,A2_FrozenFS_BalancedXGB
Taiwan Credit Card Default,R2_F3,2,3,0.7534155281572809,0.456858407079646,0.6238670694864048,0.7900812312954254,0.5274584929757343,0.706974150390915,0.3741164281946844,0.7779036410064983,0.5379592426082672,0.7020724054002461,3696,982,498,826,24.65844718427191,32.95568143952016,57.84738420526491,99.33355548150617,A2_FrozenFS_BalancedXGB
Taiwan Credit Card Default,R2_F4,2,4,0.7549558554056305,0.4662576687116564,0.6192592592592593,0.7943262411347518,0.5319758192809417,0.7067927501970055,0.3772832482642594,0.7769822734834555,0.5613075145106629,0.701351466595243,3696,957,514,836,24.504414459436948,33.06679993336665,58.75395635515576,101.56588372480427,A2_FrozenFS_BalancedXGB
Taiwan Credit Card Default,R2_F5,2,5,0.7656276046007668,0.4799767846778874,0.6185489902767389,0.8078078078078078,0.5405228758169934,0.7131783990422733,0.3921602251541205,0.774940422846182,0.5498222592447863,0.7068724806195142,3766,896,510,827,23.437239539923322,31.938656442740456,57.44290715119187,99.94999166527755,A2_FrozenFS_BalancedXGB
Taiwan Credit Card Default,R3_F1,3,1,0.7582930488414735,0.4700854700854701,0.6133828996282528,0.8001718951439621,0.532258064516129,0.7067773973861075,0.3791238832403884,0.7688142110635933,0.5433285768275871,0.7005795866598153,3724,930,520,825,24.17069511585264,32.838806467744625,58.84314052342057,102.18369728288047,A2_FrozenFS_BalancedXGB
Taiwan Credit Card Default,R3_F2,3,2,0.757080973008997,0.4596340150699677,0.6529051987767585,0.786109927567107,0.5394819962097284,0.7195075631719328,0.3920325889467709,0.785316247301194,0.5612591189131061,0.7164183543981723,3690,1004,454,854,24.2919026991003,31.856047984005333,54.54848383872043,92.36921026324559,A2_FrozenFS_BalancedXGB
Taiwan Credit Card Default,R3_F3,3,3,0.7654609101516919,0.4758861127251598,0.6185800604229608,0.8070588235294117,0.5379310344827586,0.7128194419761862,0.390270091879527,0.7796793059437452,0.5705072184341266,0.7065624500521572,3773,902,505,819,23.453908984830804,31.871978663110518,57.12618769794966,99.21653608934822,A2_FrozenFS_BalancedXGB
Taiwan Credit Card Default,R3_F4,3,4,0.766,0.4832589285714285,0.6443452380952381,0.8011168384879725,0.5522959183673469,0.7227310382916053,0.4057980812409431,0.7879652055463509,0.5730110310323187,0.7184676889308503,3730,926,478,866,23.4,31.366666666666667,55.266666666666666,95.1,A2_FrozenFS_BalancedXGB
Taiwan Credit Card Default,R3_F5,3,5,0.7678333333333334,0.4775862068965517,0.6319391634980989,0.8059765208110993,0.5440261865793781,0.718957842154599,0.3992351310408908,0.7879429130263644,0.5486776590611729,0.7136722835871336,3776,909,484,831,23.216666666666665,31.283333333333335,55.483333333333334,95.81666666666666,A2_FrozenFS_BalancedXGB
Taiwan Credit Card Default,R4_F1,4,1,0.7650883627875958,0.478062678062678,0.6298798798798799,0.8036862408915559,0.5435698088759313,0.7167830603857179,0.3960999084939283,0.7846924560651523,0.5709297519544478,0.7114954623002774,3750,916,493,839,23.491163721240415,31.710570190063354,56.368789596532174,97.46582194064688,A2_FrozenFS_BalancedXGB
Taiwan Credit Card Default,R4_F2,4,2,0.7642452515828058,0.467525195968645,0.642802155504234,0.7977886455453965,0.5413290113452188,0.7202954005248152,0.3968592085576231,0.7883767703022182,0.5572253462375587,0.7161146982106876,3752,951,464,835,23.575474841719426,31.306231256247916,54.49850049983339,93.15228257247584,A2_FrozenFS_BalancedXGB
Taiwan Credit Card Default,R4_F3,4,3,0.7653333333333333,0.4845481049562682,0.6132841328413284,0.8096878363832077,0.5413680781758957,0.7114859846122681,0.3914412761849181,0.7799019697409031,0.5587052590086599,0.7046763105202608,3761,884,524,831,23.466666666666665,32.2,58.4,102.06666666666666,A2_FrozenFS_BalancedXGB
Taiwan Credit Card Default,R4_F4,4,4,0.7569641367806506,0.4596912521440823,0.6109422492401215,0.7980337678991237,0.5246329526916803,0.7044880085696226,0.3724066339383577,0.7706278814154428,0.5525415444169304,0.6982496295236108,3734,945,512,804,24.303586321934947,32.84403669724771,58.465387823185985,101.16763969974978,A2_FrozenFS_BalancedXGB
Taiwan Credit Card Default,R4_F5,4,5,0.7485428809325562,0.4539267015706806,0.6499250374812594,0.7767073431813316,0.5345252774352651,0.7133161903312955,0.3807965686656321,0.7838450716838112,0.5543153724654842,0.7104938769117553,3628,1043,467,867,25.14571190674438,32.9225645295587,56.253122398001665,95.13738551207327,A2_FrozenFS_BalancedXGB
Taiwan Credit Card Default,R5_F1,5,1,0.7704617436239373,0.4791785510553337,0.6441717791411042,0.8055378061767838,0.549558390578999,0.724854792658944,0.407856873224233,0.7904818956336528,0.5664715210466881,0.7203504159576233,3782,913,464,840,22.95382563760627,30.688448074679112,53.892315385897646,92.56542757126188,A2_FrozenFS_BalancedXGB
Taiwan Credit Card Default,R5_F2,5,2,0.7657552517505836,0.4836343115124153,0.6362286562731997,0.8032681143840035,0.5495351074062199,0.7197483853286015,0.4019907415886384,0.7818958555902834,0.5686142296932026,0.7148861399143512,3736,915,490,857,23.424474824941647,31.593864621540515,56.10203401133711,96.94898299433144,A2_FrozenFS_BalancedXGB
Taiwan Credit Card Default,R5_F3,5,3,0.7535845281760587,0.4573002754820937,0.6273620559334845,0.7893048128342246,0.5289993626513703,0.7083334343838545,0.3760775870043895,0.7767227294958388,0.5504622608560594,0.7036901947148854,3690,985,493,830,24.64154718239413,32.86095365121707,57.5191730576859,98.6162054018006,A2_FrozenFS_BalancedXGB
Taiwan Credit Card Default,R5_F4,5,4,0.7643630308076603,0.4807256235827664,0.629547141796585,0.8033490768570202,0.5451623272259724,0.7164481093268026,0.396445877012456,0.7861555169431745,0.5604571465028452,0.7111582912406085,3742,916,499,848,23.563696919233973,31.873438800999168,56.802664446294756,98.35137385512073,A2_FrozenFS_BalancedXGB
Taiwan Credit Card Default,R5_F5,5,5,0.7536666666666667,0.4549972390944229,0.626615969581749,0.7893276414087513,0.527191298784389,0.7079718054952502,0.3748329202918045,0.7836355815623846,0.5574295832704698,0.7032818107551337,3698,987,491,824,24.633333333333333,32.81666666666667,57.36666666666667,98.28333333333333,A2_FrozenFS_BalancedXGB
Taiwan Credit Card Default,R1_F1,1,1,0.8116352725454242,0.575197889182058,0.5026902382782475,0.8971902937420179,0.5365053322395406,0.6999402660101327,0.4204726056063696,0.784021869413743,0.5553924978590703,0.671571889332859,4215,483,647,654,18.836472745457577,29.6216036006001,61.97699616602767,115.90265044174029,A3_Hybrid_SoftVote
Taiwan Credit Card Default,R1_F2,1,2,0.8062364515591129,0.575993091537133,0.4985052316890881,0.8946125778063962,0.5344551282051282,0.6965589047477422,0.4146341231680681,0.7741464917861535,0.5545887351970623,0.6678091421741319,4168,491,671,667,19.376354844088713,30.56528264132066,64.13206603301651,120.07670501917626,A3_Hybrid_SoftVote
Taiwan Credit Card Default,R1_F3,1,3,0.8027324225258248,0.5515202702702703,0.5,0.8869250425894378,0.5244979919678715,0.693462521294719,0.401192885240607,0.7753743859424853,0.5354391469451536,0.6659298170939029,4165,531,653,653,19.726757747417526,30.60646451182939,63.24558480506498,117.64411862712429,A3_Hybrid_SoftVote
Taiwan Credit Card Default,R1_F4,1,4,0.8098333333333333,0.5791245791245792,0.5176824680210684,0.8929565403553843,0.5466825586015097,0.7053195041882263,0.4279141000083887,0.7744813385957798,0.5785209743096404,0.6799028942773594,4171,500,641,688,19.016666666666666,29.7,61.75,115.16666666666667,A3_Hybrid_SoftVote
Taiwan Credit Card Default,R1_F5,1,5,0.80973008997001,0.5932203389830508,0.5139500734214391,0.896551724137931,0.5507474429583006,0.705250898779685,0.4326214021941957,0.7815474042989519,0.567036393365205,0.6788098588314754,4160,480,662,700,19.026991002999,30.056647784071977,63.1456181272909,118.29390203265578,A3_Hybrid_SoftVote
Taiwan Credit Card Default,R2_F1,2,1,0.8091743119266055,0.5723905723905723,0.5167173252279635,0.8914297926907458,0.5431309904153354,0.7040735589593548,0.4238146061699245,0.7795557626360035,0.5520579114128444,0.6786878650069413,4171,508,636,680,19.08256880733945,29.691409507923268,61.517931609674726,114.56213511259382,A3_Hybrid_SoftVote
Taiwan Credit Card Default,R2_F2,2,2,0.8145309115147475,0.5836177474402731,0.5225362872421696,0.8959931798806479,0.5513905683192262,0.7092647335614087,0.4359959518561205,0.7896726349223716,0.5893866525884842,0.6842433409315279,4204,488,625,684,18.546908848525245,28.961839693384437,60.206632227962004,112.28128645225796,A3_Hybrid_SoftVote
Taiwan Credit Card Default,R2_F3,2,3,0.8055648117294235,0.5671514114627887,0.5007552870090635,0.8918341171440787,0.5318892900120337,0.6962947020765711,0.411052242748337,0.7724540466463191,0.5375409233613515,0.668274381743725,4172,506,661,663,19.44351882705765,30.45651449516828,63.495501499500165,118.56047984005332,A3_Hybrid_SoftVote
Taiwan Credit Card Default,R2_F4,2,4,0.8102615358987173,0.5888795282224094,0.5177777777777778,0.8951214270363207,0.551044540796216,0.7064496024070492,0.4328215324833848,0.7758181499789064,0.5629812429840122,0.6807892356171177,4165,488,651,699,18.97384641012827,29.818424121272695,62.35215725470598,116.57504581042812,A3_Hybrid_SoftVote
Taiwan Credit Card Default,R2_F5,2,5,0.8011335222537089,0.5614334470989761,0.4921465968586387,0.8897468897468898,0.5245117576723795,0.6909467433027643,0.4008589959011119,0.7667795480061748,0.5448342972606866,0.6617294793603277,4148,514,679,658,19.886647774629104,31.205200866811136,65.16086014335723,121.75362560426738,A3_Hybrid_SoftVote
Taiwan Credit Card Default,R3_F1,3,1,0.7996332722120353,0.562012142237641,0.4817843866171004,0.8914911903738719,0.5188150520416333,0.6866377884954862,0.3950913746160979,0.7627394111153535,0.5346119128198248,0.655367481897618,4149,505,697,648,20.036672778796465,31.65527587931322,66.51108518086347,124.60410068344724,A3_Hybrid_SoftVote
Taiwan Credit Card Default,R3_F2,3,2,0.8080639786737754,0.5654362416107382,0.5152905198776758,0.8896463570515551,0.5392,0.7024684384646155,0.4190367162550604,0.7831624143776492,0.5646476679974118,0.6770718823229748,4176,518,634,674,19.19360213262246,29.75674775074975,61.44618460513162,114.26191269576807,A3_Hybrid_SoftVote
Taiwan Credit Card Default,R3_F3,3,3,0.8114685780963494,0.5807531380753138,0.5241691842900302,0.8928342245989305,0.5510123064708218,0.7085017044444804,0.4330010538729231,0.775162770408905,0.571979835627741,0.6841024683585369,4174,501,630,694,18.853142190365062,29.354892482080345,60.86014335722621,113.36889481580263,A3_Hybrid_SoftVote
Taiwan Credit Card Default,R3_F4,3,4,0.8076666666666666,0.5794314381270903,0.515625,0.8919673539518901,0.5456692913385827,0.7037961769759451,0.4253682391599105,0.7785257405958518,0.5649295989712437,0.6781745106397344,4153,503,651,693,19.233333333333334,30.083333333333332,62.63333333333333,116.88333333333334,A3_Hybrid_SoftVote
Taiwan Credit Card Default,R3_F5,3,5,0.8083333333333333,0.5698560541913632,0.511787072243346,0.8915688367129135,0.5392628205128205,0.7016779544781298,0.4196649371492815,0.7834019258940638,0.5434592171045138,0.6754949331006915,4177,508,642,673,19.166666666666668,29.866666666666667,61.96666666666667,115.46666666666667,A3_Hybrid_SoftVote
Taiwan Credit Card Default,R4_F1,4,1,0.8139379793264422,0.5919931856899489,0.5217717717717718,0.8973424774967853,0.5546687948922586,0.7095571246342786,0.4390552838566159,0.7825006210668448,0.5735376072287959,0.6842572428331095,4187,479,637,695,18.606202067355785,29.226408802934312,61.08702900966989,114.18806268756252,A3_Hybrid_SoftVote
Taiwan Credit Card Default,R4_F2,4,2,0.8150616461179607,0.5823888404533566,0.5142417244033872,0.8981501169466298,0.5461978740801309,0.7061959206750086,0.4319423667253466,0.7849169047912515,0.5567875669478647,0.679607434414706,4224,479,631,668,18.493835388203934,29.006997667444185,60.54648450516495,113.11229590136621,A3_Hybrid_SoftVote
Taiwan Credit Card Default,R4_F3,4,3,0.8046666666666666,0.5793581960104076,0.4929889298892989,0.8955866523143164,0.532695374800638,0.6942877911018077,0.4123697976529521,0.7760687800634734,0.5593083281255641,0.6644654282561091,4160,485,687,668,19.533333333333335,30.983333333333334,65.33333333333333,122.58333333333333,A3_Hybrid_SoftVote
Taiwan Credit Card Default,R4_F4,4,4,0.8046705587989992,0.5630983463881636,0.4916413373860182,0.892712117973926,0.5249492900608519,0.6921767276799722,0.4041881137390139,0.7685741471789819,0.5489140370604475,0.6624908901874846,4177,502,669,647,19.532944120100083,30.692243536280234,64.17014178482069,119.96663886572144,A3_Hybrid_SoftVote
Taiwan Credit Card Default,R4_F5,4,5,0.8003330557868443,0.5524475524475524,0.532983508245877,0.8766859344894027,0.5425410148798169,0.7048347213676398,0.4150000775052261,0.7752297582743631,0.5539605901394313,0.6835635632433731,4095,576,623,711,19.96669442131557,30.341382181515403,61.46544546211491,113.33888426311407,A3_Hybrid_SoftVote
Taiwan Credit Card Default,R5_F1,5,1,0.8148024670778463,0.581024349286314,0.5306748466257669,0.893716719914803,0.5547094188376753,0.712195783270285,0.4388188033921824,0.785512505145142,0.5629840605298947,0.6886748022598703,4196,499,612,692,18.51975329221537,28.721453575595934,59.326554425737626,110.33505584264044,A3_Hybrid_SoftVote
Taiwan Credit Card Default,R5_F2,5,2,0.8074358119373124,0.5809443507588533,0.5115070527097253,0.8931412599440981,0.544018949861824,0.7023241563269117,0.4239645530897075,0.7771549955250661,0.5649465896159083,0.6759053584100781,4154,497,658,689,19.256418806268755,30.226742247415807,63.137712570856955,117.9893297765922,A3_Hybrid_SoftVote
Taiwan Credit Card Default,R5_F3,5,3,0.806268756252084,0.567476948868399,0.5117157974300831,0.8896256684491979,0.5381558028616852,0.7006707329396404,0.4168865122921402,0.7729736743182122,0.5470452973333052,0.674711425977619,4159,516,646,677,19.373124374791598,30.143381127042346,62.454151383794596,116.30543514504835,A3_Hybrid_SoftVote
Taiwan Credit Card Default,R5_F4,5,4,0.8063280599500416,0.58,0.4951744617668894,0.8963074280807214,0.5342410893071686,0.6957409449238054,0.415003422994212,0.7789211940852292,0.555083167390145,0.6662045844014706,4175,483,680,667,19.367194004995838,30.691090757701915,64.66278101582014,121.28226477935054,A3_Hybrid_SoftVote
Taiwan Credit Card Default,R5_F5,5,5,0.8046666666666666,0.5597326649958229,0.5095057034220533,0.887513340448239,0.5334394904458599,0.6985095219351461,0.4109846907479623,0.774811123600521,0.5501318490263489,0.6724530532472406,4158,527,645,670,19.533333333333335,30.283333333333335,62.53333333333333,116.28333333333333,A3_Hybrid_SoftVote
Taiwan Credit Card Default,R1_F1,1,1,0.8229704950825137,0.6759941089837997,0.3528055342044581,0.9531715623669648,0.4636363636363636,0.6529885482857114,0.3980094378776956,0.784021869413743,0.5553924978590703,0.5799001657607755,4478,220,842,459,17.702950491748624,31.738623103850642,73.8456409401567,144.02400400066676,A4_Hybrid_Sigmoid
Taiwan Credit Card Default,R1_F2,1,2,0.8195764548941137,0.6743869209809265,0.3699551569506726,0.9487014380768404,0.4777992277992278,0.6593282975137565,0.4047926406477425,0.7741464917861535,0.5545887351970623,0.5924331096613746,4420,239,843,495,18.042354510588627,32.09938302484576,74.27046856761714,144.55561113890278,A4_Hybrid_Sigmoid
Taiwan Credit Card Default,R1_F3,1,3,0.8188937020993002,0.6481732070365359,0.3667687595712098,0.944633730834753,0.4684596577017115,0.6557012452029813,0.3910378621103967,0.7753743859424853,0.5354391469451536,0.5886103479445349,4436,260,827,479,18.110629790069975,31.889370209930025,73.22559146951016,142.1192935688104,A4_Hybrid_Sigmoid
Taiwan Credit Card Default,R1_F4,1,4,0.8256666666666667,0.6951724137931035,0.3792325056433409,0.95268679083708,0.4907497565725414,0.6659596482402104,0.4228824775042811,0.7744813385957798,0.5785209743096404,0.6010738713190411,4450,221,825,504,17.433333333333334,31.183333333333334,72.43333333333334,141.18333333333334,A4_Hybrid_Sigmoid
Taiwan Credit Card Default,R1_F5,1,5,0.8183938687104299,0.6982507288629738,0.3516886930983847,0.9553879310344828,0.4677734375,0.6535383120664338,0.4042404396742393,0.7815474042989519,0.567036393365205,0.5796543218742417,4433,207,883,479,18.160613128957014,32.87237587470843,77.00766411196268,150.56647784071976,A4_Hybrid_Sigmoid
Taiwan Credit Card Default,R2_F1,2,1,0.8191826522101752,0.6638418079096046,0.3571428571428571,0.9491344304338534,0.4644268774703557,0.6531386437883553,0.3928239655029399,0.7795557626360035,0.5520579114128444,0.5822169546636415,4441,238,846,470,18.081734778982486,32.19349457881568,74.52877397831526,145.08757297748124,A4_Hybrid_Sigmoid
Taiwan Credit Card Default,R2_F2,2,2,0.832027995334111,0.7122708039492243,0.385790679908327,0.9565217391304348,0.5004955401387512,0.6711562095193809,0.4379640318713897,0.7896726349223716,0.5893866525884842,0.6074678362565592,4488,204,804,505,16.7972004665889,30.194967505415764,70.38826862189634,137.37710381603065,A4_Hybrid_Sigmoid
Taiwan Credit Card Default,R2_F3,2,3,0.8168943685438187,0.6534788540245566,0.3617824773413897,0.9457032920051304,0.4657267865824016,0.65374288467326,0.3893884234900857,0.7724540466463191,0.5375409233613515,0.5849263883699587,4424,254,845,479,18.310563145618126,32.3892035988004,74.62512495834721,145.01832722425857,A4_Hybrid_Sigmoid
Taiwan Credit Card Default,R2_F4,2,4,0.8194236215225721,0.6889204545454546,0.3592592592592593,0.9529335912314636,0.4722492697176241,0.6560964252453614,0.4051101031212989,0.7758181499789064,0.5629812429840122,0.5851070125276926,4434,219,865,485,18.057637847742797,32.46709978344161,75.69548559053807,147.74279526903214,A4_Hybrid_Sigmoid
Taiwan Credit Card Default,R2_F5,2,5,0.8189698283047174,0.6780141843971631,0.3575168287210172,0.9513084513084512,0.4681684622918707,0.6544126400147343,0.3990967168870823,0.7667795480061748,0.5448342972606866,0.5831884606602737,4435,227,859,478,18.103017169528254,32.42207034505751,75.37922987164528,146.97449574929155,A4_Hybrid_Sigmoid
Taiwan Credit Card Default,R3_F1,3,1,0.8133022170361727,0.6586741889985895,0.3472118959107806,0.9480017189514396,0.4547224926971762,0.6476068074311101,0.38138162137192,0.7627394111153535,0.5346119128198248,0.5737224713777632,4412,242,878,467,18.66977829638273,33.30555092515419,77.21286881146858,150.3917319553259,A4_Hybrid_Sigmoid
Taiwan Credit Card Default,R3_F2,3,2,0.8217260913028991,0.6695156695156695,0.3593272171253822,0.9505752023860248,0.4676616915422885,0.6549512097557034,0.3981015703411986,0.7831624143776492,0.5646476679974118,0.584437800062391,4462,232,838,470,17.827390869710097,31.789403532155948,73.6754415194935,143.48550483172275,A4_Hybrid_Sigmoid
Taiwan Credit Card Default,R3_F3,3,3,0.8253042173695616,0.6943661971830986,0.3723564954682779,0.9535828877005348,0.4847590953785644,0.6629696915844063,0.41846166778638,0.775162770408905,0.571979835627741,0.5958798387281546,4458,217,831,493,17.46957826304384,31.321886981163527,72.87881313552259,142.140356726121,A4_Hybrid_Sigmoid
Taiwan Credit Card Default,R3_F4,3,4,0.8203333333333334,0.6837016574585635,0.3683035714285714,0.9508161512027492,0.4787234042553192,0.6595598613156602,0.4084492373335942,0.7785257405958518,0.5649295989712437,0.5917676776066272,4427,229,849,495,17.966666666666665,32.11666666666667,74.56666666666666,145.31666666666666,A4_Hybrid_Sigmoid
Taiwan Credit Card Default,R3_F5,3,5,0.821,0.6657496561210454,0.3680608365019011,0.9481323372465316,0.4740450538687561,0.6580965868742163,0.4008427866750328,0.7834019258940638,0.5434592171045138,0.590737150652861,4442,243,831,484,17.9,31.75,73.3,142.55,A4_Hybrid_Sigmoid
Taiwan Credit Card Default,R4_F1,4,1,0.824108036012004,0.7082706766917293,0.3536036036036036,0.9584226318045436,0.471707561342013,0.6560131177040736,0.4130655505203217,0.7825006210668448,0.5735376072287959,0.5821526401050985,4472,194,861,471,17.5891963987996,31.943981327109036,75.00833611203734,146.78226075358452,A4_Hybrid_Sigmoid
Taiwan Credit Card Default,R4_F2,4,2,0.8255581472842386,0.6805157593123209,0.3656658968437259,0.9525834573676376,0.4757135703555333,0.6591246771056818,0.4088181107943301,0.7849169047912515,0.5567875669478647,0.5901925823465036,4480,223,824,475,17.444185271576142,31.17294235254915,72.35921359546818,141.00299900033323,A4_Hybrid_Sigmoid
Taiwan Credit Card Default,R4_F3,4,3,0.8161666666666667,0.6764705882352942,0.3564575645756457,0.9502691065662002,0.4668922184630256,0.653363335570923,0.3960968264209769,0.7760687800634734,0.5593083281255641,0.5820056798847092,4414,231,872,483,18.383333333333333,32.916666666666664,76.51666666666667,149.18333333333334,A4_Hybrid_Sigmoid
Taiwan Credit Card Default,R4_F4,4,4,0.8166805671392827,0.6496551724137931,0.35790273556231,0.945714896345373,0.4615384615384615,0.6518088159538415,0.3854403215578952,0.7685741471789819,0.5489140370604475,0.5817851394321064,4425,254,845,471,18.331943286071727,32.42702251876564,74.71226021684737,145.18765638031692,A4_Hybrid_Sigmoid
Taiwan Credit Card Default,R4_F5,4,5,0.8181515403830142,0.6555269922879178,0.3823088455772114,0.942624705630486,0.4829545454545454,0.6624667756038487,0.4022178654400691,0.7752297582743631,0.5539605901394313,0.600311388382854,4403,268,824,510,18.184845961698585,31.906744379683598,73.07243963363864,141.6819317235637,A4_Hybrid_Sigmoid
Taiwan Credit Card Default,R5_F1,5,1,0.829138189698283,0.6934812760055479,0.3834355828220859,0.9529286474973376,0.4938271604938271,0.6681821151597118,0.4266424596911802,0.785512505145142,0.5629840605298947,0.6044722916238623,4474,221,804,500,17.086181030171694,30.4884147357893,70.6951158526421,137.70628438073012,A4_Hybrid_Sigmoid
Taiwan Credit Card Default,R5_F2,5,2,0.8192730910303434,0.685472496473907,0.3608017817371937,0.9520533218662652,0.4727626459143969,0.6564275518017295,0.404380598341533,0.7771549955250661,0.5649465896159083,0.5860908929834711,4428,223,861,486,18.072690896965653,32.42747582527509,75.49183061020341,147.2657552517506,A4_Hybrid_Sigmoid
Taiwan Credit Card Default,R5_F3,5,3,0.8157719239746583,0.6526610644257703,0.3522297808012093,0.946951871657754,0.4575355915562101,0.6495908262294816,0.3830673840422436,0.7729736743182122,0.5470452973333052,0.5775332459549889,4427,248,857,466,18.422807602534178,32.71090363454485,75.57519173057686,147.01567189063022,A4_Hybrid_Sigmoid
Taiwan Credit Card Default,R5_F4,5,4,0.8159866777685262,0.6789940828402367,0.3407572383073496,0.9534134821811936,0.453781512605042,0.6470853602442717,0.3882279297681714,0.7789211940852292,0.555083167390145,0.5699846885251015,4441,217,888,459,18.401332223147378,33.189009159034136,77.55203996669442,151.49042464612822,A4_Hybrid_Sigmoid
Taiwan Credit Card Default,R5_F5,5,5,0.8218333333333333,0.6713091922005571,0.3665399239543726,0.9496264674493065,0.4741760944417117,0.6580831957018395,0.4029692953195188,0.774811123600521,0.5501318490263489,0.5899796718226216,4449,236,833,482,17.816666666666666,31.7,73.35,142.76666666666668,A4_Hybrid_Sigmoid
Taiwan Credit Card Default,R1_F1,1,1,0.8118019669944991,0.5753064798598949,0.5049961568024597,0.8967645806726267,0.5378632828489562,0.7008803687375431,0.4217407280029783,0.784021869413743,0.5553924978590703,0.6729507164690782,4213,485,644,657,18.81980330055009,29.554925820970162,61.76029338223037,115.43590598433072,A5_Full_CostAware
Taiwan Credit Card Default,R1_F2,1,2,0.807903951975988,0.5853211009174312,0.476831091180867,0.9029834728482506,0.5255354200988468,0.6899072820145589,0.4100386054147269,0.7741464917861535,0.5545887351970623,0.6561787825558825,4207,452,700,638,19.209604802401202,30.882107720526932,65.89961647490412,124.26213106553277,A5_Full_CostAware
Taiwan Credit Card Default,R1_F3,1,3,0.8048983672109297,0.5608656447249775,0.4762633996937213,0.8962947189097104,0.5151138716356107,0.6862790593017158,0.3960739535066882,0.7753743859424853,0.5354391469451536,0.653354704548354,4209,487,684,622,19.51016327890703,30.906364545151614,65.09496834388537,122.0759746751083,A5_Full_CostAware
Taiwan Credit Card Default,R1_F4,1,4,0.8086666666666666,0.5739983646770237,0.5282167042889391,0.8884607150503104,0.5501567398119123,0.7083387096696248,0.4295132250902609,0.7744813385957798,0.5785209743096404,0.6850545896452845,4150,521,627,702,19.133333333333333,29.583333333333332,60.93333333333333,113.18333333333334,A5_Full_CostAware
Taiwan Credit Card Default,R1_F5,1,5,0.811562812395868,0.6028495102404274,0.4970631424375917,0.9038793103448276,0.5448692152917505,0.7004712263912096,0.4306002719217597,0.7815474042989519,0.567036393365205,0.6702873192775791,4194,446,685,677,18.843718760413196,30.256581139620128,64.49516827724092,121.55948017327557,A5_Full_CostAware
Taiwan Credit Card Default,R2_F1,2,1,0.8043369474562135,0.5579886455798865,0.5227963525835866,0.8835221201111348,0.539819537073362,0.7031592363473607,0.4160972071021455,0.7795557626360035,0.5520579114128444,0.6796338292205729,4134,545,628,688,19.566305254378648,30.041701417848206,61.46788990825688,113.84487072560466,A5_Full_CostAware
Taiwan Credit Card Default,R2_F2,2,2,0.8053657723712715,0.5543562066306862,0.5492742551566081,0.8768115942028986,0.5518035303146585,0.7130429246797534,0.4275060760158318,0.7896726349223716,0.5893866525884842,0.6939812932049936,4114,578,590,719,19.463422762872856,29.29511748041993,58.79020163306116,107.94867522079653,A5_Full_CostAware
Taiwan Credit Card Default,R2_F3,2,3,0.801732755748084,0.5546492659053833,0.513595166163142,0.8832834544677213,0.5333333333333333,0.6984393103154316,0.408182528644555,0.7724540466463191,0.5375409233613515,0.67353553177728,4132,546,644,680,19.826724425191603,30.55648117294235,62.7457514161946,116.39453515494836,A5_Full_CostAware
Taiwan Credit Card Default,R2_F4,2,4,0.8070964517741129,0.5785597381342062,0.5237037037037037,0.8893187191059532,0.5497667185069984,0.7065112114048284,0.4282644897670061,0.7758181499789064,0.5629812429840122,0.6824511022548219,4138,515,643,707,19.290354822588707,30.00166583374979,62.13559886723305,115.69215392303848,A5_Full_CostAware
Taiwan Credit Card Default,R2_F5,2,5,0.7996332722120353,0.556203164029975,0.4996260284218399,0.8856713856713857,0.5263987391646966,0.6926487070466129,0.4007248795001494,0.7667795480061748,0.5448342972606866,0.6652100998255078,4129,533,669,668,20.036672778796465,31.18853142190365,64.6441073512252,120.40340056676112,A5_Full_CostAware
Taiwan Credit Card Default,R3_F1,3,1,0.799966661110185,0.5630983463881636,0.4810408921933085,0.8921357971637301,0.5188452285485164,0.6865883446785194,0.3955104434513207,0.7627394111153535,0.5346119128198248,0.6550983130990563,4152,502,698,647,20.003333888981498,31.638606434405734,66.54442407067845,124.72078679779963,A5_Full_CostAware
Taiwan Credit Card Default,R3_F2,3,2,0.8002332555814728,0.5422808378588053,0.5344036697247706,0.8743076267575628,0.5383134385829803,0.7043556482411667,0.4108817743662579,0.7831624143776492,0.5646476679974118,0.6835445883097873,4104,590,609,699,19.976674441852715,30.123292235921358,60.563145618127294,111.29623458847051,A5_Full_CostAware
Taiwan Credit Card Default,R3_F3,3,3,0.8083013835639273,0.5714285714285714,0.525679758308157,0.8883422459893048,0.5476003147128246,0.7070110021487309,0.4268499232077374,0.775162770408905,0.571979835627741,0.6833619371654988,4153,522,628,696,19.169861643607266,29.638273045507585,61.04350725120853,113.38556426071011,A5_Full_CostAware
Taiwan Credit Card Default,R3_F4,3,4,0.8045,0.5693430656934306,0.5223214285714286,0.8859536082474226,0.5448195576251456,0.7041375184094256,0.4212644708349099,0.7785257405958518,0.5649295989712437,0.6802591817151795,4125,531,642,702,19.55,30.25,62.35,115.85,A5_Full_CostAware
Taiwan Credit Card Default,R3_F5,3,5,0.8095,0.5735042735042735,0.5102661596958175,0.8934898612593383,0.5400402414486921,0.7018780104775779,0.4215704773148954,0.7834019258940638,0.5434592171045138,0.6752167357463463,4186,499,644,671,19.05,29.783333333333335,61.983333333333334,115.65,A5_Full_CostAware
Taiwan Credit Card Default,R4_F1,4,1,0.8159386462154051,0.6017857142857143,0.506006006006006,0.904414916416631,0.5497553017944535,0.7052104612113185,0.4377478910400372,0.7825006210668448,0.5735376072287959,0.6764904874632275,4220,446,658,674,18.406135378459485,29.376458819606537,62.28742914304768,117.13904634878293,A5_Full_CostAware
Taiwan Credit Card Default,R4_F2,4,2,0.8123958680439853,0.5723849372384937,0.5265588914549654,0.8913459493940038,0.5485164394546913,0.7089524204244846,0.4309714024655978,0.7849169047912515,0.5567875669478647,0.6850884140136807,4192,511,615,684,18.760413195601465,29.006997667444185,59.746751082972345,110.97967344218594,A5_Full_CostAware
Taiwan Credit Card Default,R4_F3,4,3,0.802,0.5684987694831829,0.5114391143911439,0.8867599569429494,0.5384615384615384,0.6990995356670466,0.4138105178470144,0.7760687800634734,0.5593083281255641,0.6734417027898042,4119,526,662,693,19.8,30.833333333333332,63.93333333333333,119.1,A5_Full_CostAware
Taiwan Credit Card Default,R4_F4,4,4,0.8035029190992494,0.5590753424657534,0.4962006079027355,0.8899337465270357,0.5257648953301127,0.6930671772148856,0.4035365149785734,0.7685741471789819,0.5489140370604475,0.6645191238932662,4164,515,663,653,19.649708090075062,30.708924103419516,63.88657214345288,119.18265221017515,A5_Full_CostAware
Taiwan Credit Card Default,R4_F5,4,5,0.7980016652789342,0.5462184873949579,0.5359820089955023,0.8728323699421965,0.541051835035944,0.7044071894688494,0.4115997891034619,0.7752297582743631,0.5539605901394313,0.6839754726288977,4077,594,619,715,20.19983347210658,30.507910074937552,61.43213988343047,112.97252289758535,A5_Full_CostAware
Taiwan Credit Card Default,R5_F1,5,1,0.8201366894482414,0.600896860986547,0.5138036809815951,0.9052183173588924,0.5539479123604796,0.7095109991702437,0.4442916552846838,0.785512505145142,0.5629840605298947,0.6819857062658753,4250,445,634,670,17.986331055175864,28.554759126521088,60.26004334055676,113.10218369728288,A5_Full_CostAware
Taiwan Credit Card Default,R5_F2,5,2,0.8076025341780594,0.5812973883740522,0.512249443207127,0.8931412599440981,0.5445935280189423,0.7026953515756125,0.4246075522641964,0.7771549955250661,0.5649465896159083,0.6763956779220843,4154,497,657,690,19.239746582194066,30.19339779926642,63.054351450483495,117.82260753584528,A5_Full_CostAware
Taiwan Credit Card Default,R5_F3,5,3,0.806268756252084,0.5679324894514768,0.5086923658352229,0.8904812834224599,0.5366826156299841,0.6995868246288415,0.4156860861757019,0.7729736743182122,0.5470452973333052,0.6730386547562902,4163,512,650,673,19.373124374791598,30.210070023341114,62.72090696898967,116.90563521173725,A5_Full_CostAware
Taiwan Credit Card Default,R5_F4,5,4,0.8069941715237302,0.5827464788732394,0.4914625092798812,0.8982395878059253,0.5332259363672976,0.6948510485429032,0.4150565098642217,0.7789211940852292,0.555083167390145,0.664417851775241,4184,474,685,662,19.300582847626977,30.70774354704413,64.92922564529559,121.96502914238135,A5_Full_CostAware
Taiwan Credit Card Default,R5_F5,5,5,0.8046666666666666,0.5597326649958229,0.5095057034220533,0.887513340448239,0.5334394904458599,0.6985095219351461,0.4109846907479623,0.774811123600521,0.5501318490263489,0.6724530532472406,4158,527,645,670,19.533333333333335,30.283333333333335,62.53333333333333,116.28333333333333,A5_Full_CostAware
