status,duration,credit_history,purpose,amount,savings,employment_duration,installment_rate,personal_status_sex,other_debtors,present_residence,property,age,other_installment_plans,housing,number_credits,job,people_liable,telephone,foreign_worker,credit_risk,adverse_target,profile_group_id
... < 100 DM,6,critical account/other credits existing,domestic appliances,1169,unknown/no savings account,... >= 7 years,4,male : single,none,4,real estate,67,none,own,2,skilled employee/official,1,yes,yes,1,0,4690601434300589765
0 <= ... < 200 DM,48,existing credits paid back duly till now,domestic appliances,5951,... < 100 DM,1 <= ... < 4 years,2,female : divorced/separated/married,none,2,real estate,22,none,own,1,skilled employee/official,1,no,yes,0,1,3177520690204061584
no checking account,12,critical account/other credits existing,retraining,2096,... < 100 DM,4 <= ... < 7 years,2,male : single,none,3,real estate,49,none,own,1,unskilled - resident,2,no,yes,1,0,2337653951314806909
... < 100 DM,42,existing credits paid back duly till now,radio/television,7882,... < 100 DM,4 <= ... < 7 years,2,male : single,guarantor,4,building society savings agreement/life insurance,45,none,for free,1,skilled employee/official,2,no,yes,1,0,16603777226532841442
... < 100 DM,24,delay in paying off in the past,car (new),4870,... < 100 DM,1 <= ... < 4 years,3,male : single,none,4,unknown/no property,53,none,for free,2,skilled employee/official,2,no,yes,0,1,5644668940294840149
no checking account,36,existing credits paid back duly till now,retraining,9055,unknown/no savings account,1 <= ... < 4 years,2,male : single,none,4,unknown/no property,35,none,for free,1,unskilled - resident,2,yes,yes,1,0,9621356536159106215
no checking account,24,existing credits paid back duly till now,radio/television,2835,500 <= ... < 1000 DM,... >= 7 years,3,male : single,none,4,building society savings agreement/life insurance,53,none,own,1,skilled employee/official,1,no,yes,1,0,8461618141697626606
0 <= ... < 200 DM,36,existing credits paid back duly till now,car (used),6948,... < 100 DM,1 <= ... < 4 years,2,male : single,none,2,car or other,35,none,rent,1,management/self-employed/highly qualified employee/officer,1,yes,yes,1,0,16775560139219270467
no checking account,12,existing credits paid back duly till now,domestic appliances,3059,... >= 1000 DM,4 <= ... < 7 years,2,male : divorced/separated,none,4,real estate,61,none,own,1,unskilled - resident,1,no,yes,1,0,18053381503618326367
0 <= ... < 200 DM,30,critical account/other credits existing,car (new),5234,... < 100 DM,unemployed,4,male : married/widowed,none,2,car or other,28,none,own,2,management/self-employed/highly qualified employee/officer,1,no,yes,0,1,9387902437252407744
0 <= ... < 200 DM,12,existing credits paid back duly till now,car (new),1295,... < 100 DM,... < 1 year,3,female : divorced/separated/married,none,1,car or other,25,none,rent,1,skilled employee/official,1,no,yes,0,1,17157874185147602898
... < 100 DM,48,existing credits paid back duly till now,others,4308,... < 100 DM,... < 1 year,3,female : divorced/separated/married,none,4,building society savings agreement/life insurance,24,none,rent,1,skilled employee/official,1,no,yes,0,1,18300586653684527079
0 <= ... < 200 DM,12,existing credits paid back duly till now,domestic appliances,1567,... < 100 DM,1 <= ... < 4 years,1,female : divorced/separated/married,none,1,car or other,22,none,own,1,skilled employee/official,1,yes,yes,1,0,899697616531180577
... < 100 DM,24,critical account/other credits existing,car (new),1199,... < 100 DM,... >= 7 years,4,male : single,none,4,car or other,60,none,own,2,unskilled - resident,1,no,yes,0,1,12107638063192080386
... < 100 DM,15,existing credits paid back duly till now,car (new),1403,... < 100 DM,1 <= ... < 4 years,2,female : divorced/separated/married,none,4,car or other,28,none,rent,1,skilled employee/official,1,no,yes,1,0,1924255618074212634
... < 100 DM,24,existing credits paid back duly till now,domestic appliances,1282,100 <= ... < 500 DM,1 <= ... < 4 years,4,female : divorced/separated/married,none,2,car or other,32,none,own,1,unskilled - resident,1,no,yes,0,1,15312828681386771187
no checking account,24,critical account/other credits existing,domestic appliances,2424,unknown/no savings account,... >= 7 years,4,male : single,none,4,building society savings agreement/life insurance,53,none,own,2,skilled employee/official,1,no,yes,1,0,3380737711348360986
... < 100 DM,30,no credits taken/all credits paid back duly,others,8072,unknown/no savings account,... < 1 year,2,male : single,none,3,car or other,25,bank,own,3,skilled employee/official,1,no,yes,1,0,9395591424250794367
0 <= ... < 200 DM,24,existing credits paid back duly till now,car (used),12579,... < 100 DM,... >= 7 years,4,female : divorced/separated/married,none,2,unknown/no property,44,none,for free,1,management/self-employed/highly qualified employee/officer,1,yes,yes,0,1,1729477209730898270
no checking account,24,existing credits paid back duly till now,domestic appliances,3430,500 <= ... < 1000 DM,... >= 7 years,3,male : single,none,2,car or other,31,none,own,1,skilled employee/official,2,yes,yes,1,0,7744035440001048076
no checking account,9,critical account/other credits existing,car (new),2134,... < 100 DM,1 <= ... < 4 years,4,male : single,none,4,car or other,48,none,own,3,skilled employee/official,1,yes,yes,1,0,216914236416555089
... < 100 DM,6,existing credits paid back duly till now,domestic appliances,2647,500 <= ... < 1000 DM,1 <= ... < 4 years,2,male : single,none,3,real estate,44,none,rent,1,skilled employee/official,2,no,yes,1,0,16335152348835479554
... < 100 DM,10,critical account/other credits existing,car (new),2241,... < 100 DM,... < 1 year,1,male : single,none,3,real estate,48,none,rent,2,unskilled - resident,2,no,no,1,0,634941574773556095
0 <= ... < 200 DM,12,critical account/other credits existing,car (used),1804,100 <= ... < 500 DM,... < 1 year,3,male : single,none,4,building society savings agreement/life insurance,44,none,own,1,skilled employee/official,1,no,yes,1,0,17464836306407699647
no checking account,10,critical account/other credits existing,radio/television,2069,unknown/no savings account,1 <= ... < 4 years,2,male : married/widowed,none,1,car or other,26,none,own,2,skilled employee/official,1,no,no,1,0,17606814944776998912
... < 100 DM,6,existing credits paid back duly till now,radio/television,1374,... < 100 DM,1 <= ... < 4 years,1,male : single,none,2,real estate,36,bank,own,1,unskilled - resident,1,yes,yes,1,0,5584512748085517972
no checking account,6,no credits taken/all credits paid back duly,domestic appliances,426,... < 100 DM,... >= 7 years,4,male : married/widowed,none,4,car or other,39,none,own,1,unskilled - resident,1,no,yes,1,0,15626377280615365628
... >= 200 DM / salary for at least 1 year,12,all credits at this bank paid back duly,domestic appliances,409,... >= 1000 DM,1 <= ... < 4 years,3,female : divorced/separated/married,none,3,real estate,42,none,rent,2,skilled employee/official,1,no,yes,1,0,18017077735464561941
0 <= ... < 200 DM,7,existing credits paid back duly till now,domestic appliances,2415,... < 100 DM,1 <= ... < 4 years,3,male : single,guarantor,2,real estate,34,none,own,1,skilled employee/official,1,no,yes,1,0,5156712481717412996
... < 100 DM,60,delay in paying off in the past,others,6836,... < 100 DM,... >= 7 years,3,male : single,none,4,unknown/no property,63,none,own,2,skilled employee/official,1,yes,yes,0,1,14698662409563632415
0 <= ... < 200 DM,18,existing credits paid back duly till now,others,1913,... >= 1000 DM,... < 1 year,3,male : married/widowed,none,3,real estate,36,bank,own,1,skilled employee/official,1,yes,yes,1,0,10668307883485222216
... < 100 DM,24,existing credits paid back duly till now,radio/television,4020,... < 100 DM,1 <= ... < 4 years,2,male : single,none,2,car or other,27,stores,own,1,skilled employee/official,1,no,yes,1,0,5381215055571789962
0 <= ... < 200 DM,18,existing credits paid back duly till now,car (new),5866,100 <= ... < 500 DM,1 <= ... < 4 years,2,male : single,none,2,car or other,30,none,own,2,skilled employee/official,1,yes,yes,1,0,10687643941445214415
no checking account,12,critical account/other credits existing,others,1264,unknown/no savings account,... >= 7 years,4,male : single,none,4,unknown/no property,57,none,rent,1,unskilled - resident,1,no,yes,1,0,3513874304299255958
... >= 200 DM / salary for at least 1 year,12,existing credits paid back duly till now,radio/television,1474,... < 100 DM,... < 1 year,4,female : divorced/separated/married,none,1,building society savings agreement/life insurance,33,bank,own,1,management/self-employed/highly qualified employee/officer,1,yes,yes,1,0,7201344129907451149
0 <= ... < 200 DM,45,critical account/other credits existing,domestic appliances,4746,... < 100 DM,... < 1 year,4,male : single,none,2,building society savings agreement/life insurance,25,none,own,2,unskilled - resident,1,no,yes,0,1,12816603638940579108
no checking account,48,critical account/other credits existing,retraining,6110,... < 100 DM,1 <= ... < 4 years,1,male : single,none,3,unknown/no property,31,bank,for free,1,skilled employee/official,1,yes,yes,1,0,15455636814733399086
... >= 200 DM / salary for at least 1 year,18,existing credits paid back duly till now,domestic appliances,2100,... < 100 DM,1 <= ... < 4 years,4,male : single,co-applicant,2,real estate,37,stores,own,1,skilled employee/official,1,no,yes,0,1,14094544615354138793
... >= 200 DM / salary for at least 1 year,10,existing credits paid back duly till now,repairs,1225,... < 100 DM,1 <= ... < 4 years,2,male : single,none,2,car or other,37,none,own,1,skilled employee/official,1,yes,yes,1,0,8082729356258157168
0 <= ... < 200 DM,9,existing credits paid back duly till now,domestic appliances,458,... < 100 DM,1 <= ... < 4 years,4,male : single,none,3,real estate,24,none,own,1,skilled employee/official,1,no,yes,1,0,2296227711252755694
no checking account,30,existing credits paid back duly till now,domestic appliances,2333,500 <= ... < 1000 DM,... >= 7 years,4,male : single,none,2,car or other,30,bank,own,1,management/self-employed/highly qualified employee/officer,1,no,yes,1,0,7588425942370737096
0 <= ... < 200 DM,12,existing credits paid back duly till now,domestic appliances,1158,500 <= ... < 1000 DM,1 <= ... < 4 years,3,male : divorced/separated,none,1,car or other,26,none,own,1,skilled employee/official,1,yes,yes,1,0,14438064835818725245
0 <= ... < 200 DM,18,delay in paying off in the past,education,6204,... < 100 DM,1 <= ... < 4 years,2,male : single,none,4,real estate,44,none,own,1,unskilled - resident,2,yes,yes,1,0,12999972346841993275
... < 100 DM,30,critical account/other credits existing,car (used),6187,100 <= ... < 500 DM,4 <= ... < 7 years,1,male : married/widowed,none,4,car or other,24,none,rent,2,skilled employee/official,1,no,yes,1,0,8782352474998833873
... < 100 DM,48,critical account/other credits existing,car (used),6143,... < 100 DM,... >= 7 years,4,female : divorced/separated/married,none,4,unknown/no property,58,stores,for free,2,unskilled - resident,1,no,yes,0,1,9728925545918427764
no checking account,11,critical account/other credits existing,car (new),1393,... < 100 DM,... < 1 year,4,female : divorced/separated/married,none,4,car or other,35,none,own,2,management/self-employed/highly qualified employee/officer,1,no,yes,1,0,5885302638965115082
no checking account,36,existing credits paid back duly till now,domestic appliances,2299,500 <= ... < 1000 DM,... >= 7 years,4,male : single,none,4,car or other,39,none,own,1,skilled employee/official,1,no,yes,1,0,8188505036327701286
... < 100 DM,6,existing credits paid back duly till now,car (used),1352,500 <= ... < 1000 DM,unemployed,1,female : divorced/separated/married,none,2,building society savings agreement/life insurance,23,none,rent,1,unemployed/unskilled - non-resident,1,yes,yes,1,0,18175521476600784444
no checking account,11,critical account/other credits existing,car (new),7228,... < 100 DM,1 <= ... < 4 years,1,male : single,none,4,building society savings agreement/life insurance,39,none,own,2,unskilled - resident,1,no,yes,1,0,8978968469895959001
no checking account,12,existing credits paid back duly till now,domestic appliances,2073,100 <= ... < 500 DM,1 <= ... < 4 years,4,female : divorced/separated/married,co-applicant,2,real estate,28,none,own,1,skilled employee/official,1,no,yes,1,0,8040626898366151870
0 <= ... < 200 DM,24,delay in paying off in the past,radio/television,2333,unknown/no savings account,... < 1 year,4,male : single,none,2,building society savings agreement/life insurance,29,bank,own,1,unskilled - resident,1,no,yes,1,0,12381824428684759090
0 <= ... < 200 DM,27,delay in paying off in the past,car (used),5965,... < 100 DM,... >= 7 years,1,male : single,none,2,car or other,30,none,own,2,management/self-employed/highly qualified employee/officer,1,yes,yes,1,0,7089755579183474431
no checking account,12,existing credits paid back duly till now,domestic appliances,1262,... < 100 DM,1 <= ... < 4 years,3,male : single,none,2,car or other,25,none,own,1,skilled employee/official,1,no,yes,1,0,11876743938024686542
no checking account,18,existing credits paid back duly till now,car (used),3378,unknown/no savings account,1 <= ... < 4 years,2,male : single,none,1,building society savings agreement/life insurance,31,none,own,1,skilled employee/official,1,yes,yes,1,0,12561602741825471173
0 <= ... < 200 DM,36,delay in paying off in the past,car (new),2225,... < 100 DM,... >= 7 years,4,male : single,none,4,unknown/no property,57,bank,for free,2,skilled employee/official,1,yes,yes,0,1,13009539390048447902
no checking account,6,all credits at this bank paid back duly,car (new),783,unknown/no savings account,1 <= ... < 4 years,1,male : single,guarantor,2,real estate,26,stores,own,1,unskilled - resident,2,no,yes,1,0,10957088686358584777
0 <= ... < 200 DM,12,existing credits paid back duly till now,domestic appliances,6468,unknown/no savings account,unemployed,2,male : single,none,1,unknown/no property,52,none,own,1,management/self-employed/highly qualified employee/officer,1,yes,yes,0,1,8918781098310946362
no checking account,36,critical account/other credits existing,domestic appliances,9566,... < 100 DM,1 <= ... < 4 years,2,female : divorced/separated/married,none,2,car or other,31,stores,own,2,skilled employee/official,1,no,yes,1,0,2460537822512813868
... >= 200 DM / salary for at least 1 year,18,existing credits paid back duly till now,car (new),1961,... < 100 DM,... >= 7 years,3,female : divorced/separated/married,none,2,car or other,23,none,own,1,management/self-employed/highly qualified employee/officer,1,no,yes,1,0,6136913488510650912
... < 100 DM,36,critical account/other credits existing,radio/television,6229,... < 100 DM,... < 1 year,4,female : divorced/separated/married,co-applicant,4,unknown/no property,23,none,rent,2,unskilled - resident,1,yes,yes,0,1,1815158605975694644
0 <= ... < 200 DM,9,existing credits paid back duly till now,others,1391,... < 100 DM,1 <= ... < 4 years,2,male : married/widowed,none,1,real estate,27,bank,own,1,skilled employee/official,1,yes,yes,1,0,17453794510753037974
0 <= ... < 200 DM,15,critical account/other credits existing,domestic appliances,1537,unknown/no savings account,... >= 7 years,4,male : single,guarantor,4,real estate,50,none,own,2,skilled employee/official,1,yes,yes,1,0,12824957461722131959
0 <= ... < 200 DM,36,no credits taken/all credits paid back duly,others,1953,... < 100 DM,... >= 7 years,4,male : single,none,4,unknown/no property,61,none,for free,1,management/self-employed/highly qualified employee/officer,1,yes,yes,0,1,10218515202138884898
0 <= ... < 200 DM,48,no credits taken/all credits paid back duly,others,14421,... < 100 DM,1 <= ... < 4 years,2,male : single,none,2,car or other,25,none,own,1,skilled employee/official,1,yes,yes,0,1,10239074729703236949
no checking account,24,existing credits paid back duly till now,domestic appliances,3181,... < 100 DM,... < 1 year,4,female : divorced/separated/married,none,4,building society savings agreement/life insurance,26,none,own,1,skilled employee/official,1,yes,yes,1,0,169037582852904140
no checking account,27,existing credits paid back duly till now,education,5190,unknown/no savings account,... >= 7 years,4,male : single,none,4,building society savings agreement/life insurance,48,none,own,4,skilled employee/official,2,yes,yes,1,0,16836928571628682487
no checking account,12,existing credits paid back duly till now,domestic appliances,2171,... < 100 DM,... < 1 year,2,female : divorced/separated/married,none,2,car or other,29,bank,own,1,skilled employee/official,1,no,yes,1,0,18174727776904599543
0 <= ... < 200 DM,12,existing credits paid back duly till now,car (new),1007,... >= 1000 DM,1 <= ... < 4 years,4,male : married/widowed,none,1,real estate,22,none,own,1,skilled employee/official,1,no,yes,1,0,13526376826587488662
no checking account,36,existing credits paid back duly till now,retraining,1819,... < 100 DM,1 <= ... < 4 years,4,male : single,none,4,unknown/no property,37,stores,for free,1,skilled employee/official,1,yes,yes,0,1,17563295447061595976
no checking account,36,existing credits paid back duly till now,domestic appliances,2394,unknown/no savings account,1 <= ... < 4 years,4,female : divorced/separated/married,none,4,car or other,25,none,own,1,skilled employee/official,1,no,yes,1,0,1593622341109948595
no checking account,36,existing credits paid back duly till now,car (used),8133,... < 100 DM,1 <= ... < 4 years,1,female : divorced/separated/married,none,2,building society savings agreement/life insurance,30,bank,own,1,skilled employee/official,1,no,yes,1,0,13181268942462208273
no checking account,7,critical account/other credits existing,domestic appliances,730,unknown/no savings account,... >= 7 years,4,male : single,none,2,building society savings agreement/life insurance,46,none,rent,2,unskilled - resident,1,yes,yes,1,0,7247567072909586930
... < 100 DM,8,critical account/other credits existing,furniture/equipment,1164,... < 100 DM,... >= 7 years,3,male : single,none,4,unknown/no property,51,bank,for free,2,management/self-employed/highly qualified employee/officer,2,yes,yes,1,0,16402634884355104418
0 <= ... < 200 DM,42,critical account/other credits existing,others,5954,... < 100 DM,4 <= ... < 7 years,2,female : divorced/separated/married,none,1,real estate,41,bank,own,2,unskilled - resident,1,no,yes,1,0,4205917009142053474
... < 100 DM,36,existing credits paid back duly till now,retraining,1977,unknown/no savings account,... >= 7 years,4,male : single,none,4,unknown/no property,40,none,own,1,management/self-employed/highly qualified employee/officer,1,yes,yes,0,1,17681485261501547314
... < 100 DM,12,critical account/other credits existing,car (used),1526,... < 100 DM,... >= 7 years,4,male : single,none,4,unknown/no property,66,none,for free,2,management/self-employed/highly qualified employee/officer,1,no,yes,1,0,2910452758546116227
... < 100 DM,42,existing credits paid back duly till now,domestic appliances,3965,... < 100 DM,... < 1 year,4,male : single,none,3,car or other,34,none,own,1,skilled employee/official,1,no,yes,0,1,9930082998536823810
0 <= ... < 200 DM,11,delay in paying off in the past,domestic appliances,4771,... < 100 DM,4 <= ... < 7 years,2,male : single,none,4,building society savings agreement/life insurance,51,none,own,1,skilled employee/official,1,no,yes,1,0,10972485613406136134
no checking account,54,no credits taken/all credits paid back duly,car (used),9436,unknown/no savings account,1 <= ... < 4 years,2,male : single,none,2,building society savings agreement/life insurance,39,none,own,1,unskilled - resident,2,no,yes,1,0,1048386164958189931
0 <= ... < 200 DM,30,existing credits paid back duly till now,radio/television,3832,... < 100 DM,... < 1 year,2,male : married/widowed,none,1,building society savings agreement/life insurance,22,none,own,1,skilled employee/official,1,no,yes,1,0,10960894778498423787
no checking account,24,existing credits paid back duly till now,domestic appliances,5943,unknown/no savings account,... < 1 year,1,female : divorced/separated/married,none,1,car or other,44,none,own,2,skilled employee/official,1,yes,yes,0,1,12601608785681456160
no checking account,15,existing credits paid back duly till now,domestic appliances,1213,500 <= ... < 1000 DM,... >= 7 years,4,male : single,none,3,building society savings agreement/life insurance,47,stores,own,1,skilled employee/official,1,yes,yes,1,0,16686192357450468240
no checking account,18,existing credits paid back duly till now,others,1568,100 <= ... < 500 DM,1 <= ... < 4 years,3,female : divorced/separated/married,none,4,building society savings agreement/life insurance,24,none,rent,1,unskilled - resident,1,no,yes,1,0,9128739547536660349
... < 100 DM,24,existing credits paid back duly till now,furniture/equipment,1755,... < 100 DM,... >= 7 years,4,female : divorced/separated/married,guarantor,4,real estate,58,none,own,1,unskilled - resident,1,yes,yes,1,0,3997948824813035575
... < 100 DM,10,existing credits paid back duly till now,domestic appliances,2315,... < 100 DM,... >= 7 years,3,male : single,none,4,real estate,52,none,own,1,unskilled - resident,1,no,yes,1,0,11105633879477639254
no checking account,12,critical account/other credits existing,others,1412,... < 100 DM,1 <= ... < 4 years,4,female : divorced/separated/married,guarantor,2,real estate,29,none,own,2,management/self-employed/highly qualified employee/officer,1,yes,yes,1,0,3948513439854281095
0 <= ... < 200 DM,18,critical account/other credits existing,radio/television,1295,... < 100 DM,... < 1 year,4,female : divorced/separated/married,none,1,building society savings agreement/life insurance,27,none,own,2,skilled employee/official,1,no,yes,1,0,7660093333947321408
0 <= ... < 200 DM,36,existing credits paid back duly till now,retraining,12612,100 <= ... < 500 DM,1 <= ... < 4 years,1,male : single,none,4,unknown/no property,47,none,for free,1,skilled employee/official,2,yes,yes,0,1,16205565094082376017
... < 100 DM,18,existing credits paid back duly till now,car (new),2249,100 <= ... < 500 DM,4 <= ... < 7 years,4,male : single,none,3,car or other,30,none,own,1,management/self-employed/highly qualified employee/officer,2,yes,yes,1,0,13813238146155243675
... < 100 DM,12,no credits taken/all credits paid back duly,education,1108,... < 100 DM,4 <= ... < 7 years,4,male : single,none,3,real estate,28,none,own,2,skilled employee/official,1,no,yes,0,1,17946856692258776028
no checking account,12,critical account/other credits existing,domestic appliances,618,... < 100 DM,... >= 7 years,4,male : single,none,4,real estate,56,none,own,1,skilled employee/official,1,no,yes,1,0,10266076369602152908
... < 100 DM,12,critical account/other credits existing,car (used),1409,... < 100 DM,... >= 7 years,4,male : single,none,3,real estate,54,none,own,1,skilled employee/official,1,no,yes,1,0,439877786244265408
no checking account,12,critical account/other credits existing,domestic appliances,797,unknown/no savings account,... >= 7 years,4,female : divorced/separated/married,none,3,building society savings agreement/life insurance,33,bank,own,1,unskilled - resident,2,no,yes,0,1,5361997285277213685
... >= 200 DM / salary for at least 1 year,24,critical account/other credits existing,radio/television,3617,unknown/no savings account,... >= 7 years,4,male : single,co-applicant,4,unknown/no property,20,none,rent,2,skilled employee/official,1,no,yes,1,0,13280998039841252387
0 <= ... < 200 DM,12,existing credits paid back duly till now,car (new),1318,... >= 1000 DM,... >= 7 years,4,male : single,none,4,real estate,54,none,own,1,skilled employee/official,1,yes,yes,1,0,16455775721774984129
0 <= ... < 200 DM,54,no credits taken/all credits paid back duly,others,15945,... < 100 DM,... < 1 year,3,male : single,none,4,unknown/no property,58,none,rent,1,skilled employee/official,1,yes,yes,0,1,1514866293376084044
no checking account,12,critical account/other credits existing,retraining,2012,unknown/no savings account,4 <= ... < 7 years,4,female : divorced/separated/married,none,2,car or other,61,none,own,1,skilled employee/official,1,no,yes,1,0,6905861949559831163
0 <= ... < 200 DM,18,existing credits paid back duly till now,others,2622,100 <= ... < 500 DM,1 <= ... < 4 years,4,male : single,none,4,car or other,34,none,own,1,skilled employee/official,1,no,yes,1,0,6790368075526310535
0 <= ... < 200 DM,36,critical account/other credits existing,domestic appliances,2337,... < 100 DM,... >= 7 years,4,male : single,none,4,real estate,36,none,own,1,skilled employee/official,1,no,yes,1,0,204828017988474010
0 <= ... < 200 DM,20,delay in paying off in the past,car (used),7057,unknown/no savings account,4 <= ... < 7 years,3,male : single,none,4,building society savings agreement/life insurance,36,bank,rent,2,management/self-employed/highly qualified employee/officer,2,yes,yes,1,0,12925957809255332754
no checking account,24,existing credits paid back duly till now,car (new),1469,100 <= ... < 500 DM,... >= 7 years,4,male : married/widowed,none,4,real estate,41,none,rent,1,unskilled - resident,1,no,yes,1,0,16380014073587492902
0 <= ... < 200 DM,36,existing credits paid back duly till now,domestic appliances,2323,... < 100 DM,4 <= ... < 7 years,4,male : single,none,4,car or other,24,none,rent,1,skilled employee/official,1,no,yes,1,0,16785518045327128995
no checking account,6,delay in paying off in the past,domestic appliances,932,... < 100 DM,1 <= ... < 4 years,3,female : divorced/separated/married,none,2,real estate,24,none,own,1,skilled employee/official,1,no,yes,1,0,12208787766614979282
0 <= ... < 200 DM,9,critical account/other credits existing,radio/television,1919,... < 100 DM,4 <= ... < 7 years,4,male : single,none,3,car or other,35,none,rent,1,skilled employee/official,1,yes,yes,1,0,15191395409948644976
no checking account,12,existing credits paid back duly till now,car (used),2445,unknown/no savings account,... < 1 year,2,male : married/widowed,none,4,car or other,26,none,rent,1,skilled employee/official,1,yes,yes,1,0,6420538445529808675
0 <= ... < 200 DM,24,critical account/other credits existing,furniture/equipment,11938,... < 100 DM,1 <= ... < 4 years,2,male : single,co-applicant,3,car or other,39,none,own,2,management/self-employed/highly qualified employee/officer,2,yes,yes,0,1,5131814258281411305
no checking account,18,all credits at this bank paid back duly,car (new),6458,... < 100 DM,... >= 7 years,2,male : single,none,4,unknown/no property,39,bank,own,2,management/self-employed/highly qualified employee/officer,2,yes,yes,0,1,2024487828150515943
0 <= ... < 200 DM,12,existing credits paid back duly till now,car (new),6078,... < 100 DM,4 <= ... < 7 years,2,male : single,none,2,car or other,32,none,own,1,skilled employee/official,1,no,yes,1,0,9221589068888766373
... < 100 DM,24,existing credits paid back duly till now,radio/television,7721,unknown/no savings account,... < 1 year,1,female : divorced/separated/married,none,2,building society savings agreement/life insurance,30,none,own,1,skilled employee/official,1,yes,no,1,0,12384296633418769811
0 <= ... < 200 DM,14,existing credits paid back duly till now,others,1410,500 <= ... < 1000 DM,... >= 7 years,1,male : married/widowed,none,2,real estate,35,none,own,1,skilled employee/official,1,yes,yes,1,0,6167249522759061195
0 <= ... < 200 DM,6,delay in paying off in the past,others,1449,100 <= ... < 500 DM,... >= 7 years,1,male : divorced/separated,none,2,car or other,31,bank,own,2,skilled employee/official,2,no,yes,1,0,4924729046267533344
... >= 200 DM / salary for at least 1 year,15,existing credits paid back duly till now,retraining,392,... < 100 DM,... < 1 year,4,female : divorced/separated/married,none,4,building society savings agreement/life insurance,23,none,rent,1,skilled employee/official,1,yes,yes,1,0,10716318112385673515
0 <= ... < 200 DM,18,existing credits paid back duly till now,car (new),6260,... < 100 DM,4 <= ... < 7 years,3,male : single,none,3,real estate,28,none,rent,1,unskilled - resident,1,no,yes,1,0,5053614038082890775
no checking account,36,critical account/other credits existing,car (new),7855,... < 100 DM,1 <= ... < 4 years,4,female : divorced/separated/married,none,2,real estate,25,stores,own,2,skilled employee/official,1,yes,yes,0,1,2502375541923211410
... < 100 DM,12,existing credits paid back duly till now,domestic appliances,1680,500 <= ... < 1000 DM,... >= 7 years,3,male : married/widowed,none,1,real estate,35,none,own,1,skilled employee/official,1,no,yes,1,0,1839101246879836570
no checking account,48,critical account/other credits existing,domestic appliances,3578,unknown/no savings account,... >= 7 years,4,male : single,none,1,real estate,47,none,own,1,skilled employee/official,1,yes,yes,1,0,5658876022864280777
... < 100 DM,42,existing credits paid back duly till now,domestic appliances,7174,unknown/no savings account,4 <= ... < 7 years,4,female : divorced/separated/married,none,3,car or other,30,none,own,1,management/self-employed/highly qualified employee/officer,1,yes,yes,0,1,3759359266907031679
... < 100 DM,10,critical account/other credits existing,radio/television,2132,unknown/no savings account,... < 1 year,2,female : divorced/separated/married,co-applicant,3,real estate,27,none,rent,2,skilled employee/official,1,no,no,1,0,17134886677898993482
... < 100 DM,33,critical account/other credits existing,radio/television,4281,500 <= ... < 1000 DM,1 <= ... < 4 years,1,female : divorced/separated/married,none,4,car or other,23,none,own,2,skilled employee/official,1,no,yes,0,1,5650912653688667607
0 <= ... < 200 DM,12,critical account/other credits existing,car (new),2366,500 <= ... < 1000 DM,4 <= ... < 7 years,3,male : divorced/separated,none,3,car or other,36,none,own,1,management/self-employed/highly qualified employee/officer,1,yes,yes,1,0,8606245647996071668
... < 100 DM,21,existing credits paid back duly till now,domestic appliances,1835,... < 100 DM,1 <= ... < 4 years,3,female : divorced/separated/married,none,2,real estate,25,none,own,2,skilled employee/official,1,yes,yes,0,1,16944524888073610675
no checking account,24,critical account/other credits existing,car (used),3868,... < 100 DM,... >= 7 years,4,female : divorced/separated/married,none,2,car or other,41,none,rent,2,management/self-employed/highly qualified employee/officer,1,yes,yes,1,0,9009999292541509088
no checking account,12,existing credits paid back duly till now,radio/television,1768,... < 100 DM,1 <= ... < 4 years,3,male : single,none,2,real estate,24,none,rent,1,unskilled - resident,1,no,yes,1,0,15455252582650773869
... >= 200 DM / salary for at least 1 year,10,critical account/other credits existing,car (new),781,... < 100 DM,... >= 7 years,4,male : single,none,4,unknown/no property,63,none,for free,2,skilled employee/official,1,yes,yes,1,0,8757761583424800637
0 <= ... < 200 DM,18,existing credits paid back duly till now,radio/television,1924,unknown/no savings account,... < 1 year,4,female : divorced/separated/married,none,3,real estate,27,none,rent,1,skilled employee/official,1,no,yes,0,1,12999692750565106724
... < 100 DM,12,critical account/other credits existing,car (new),2121,... < 100 DM,1 <= ... < 4 years,4,male : single,none,2,building society savings agreement/life insurance,30,none,own,2,skilled employee/official,1,no,yes,1,0,5974308150350072863
... < 100 DM,12,existing credits paid back duly till now,domestic appliances,701,... < 100 DM,1 <= ... < 4 years,4,male : married/widowed,none,2,real estate,40,none,own,1,unskilled - resident,1,no,yes,1,0,17940361763688774754
0 <= ... < 200 DM,12,existing credits paid back duly till now,education,639,... < 100 DM,1 <= ... < 4 years,4,male : single,none,2,car or other,30,none,own,1,skilled employee/official,1,no,yes,0,1,17616952507045394182
0 <= ... < 200 DM,12,critical account/other credits existing,car (used),1860,... < 100 DM,unemployed,4,male : single,none,2,car or other,34,none,own,2,management/self-employed/highly qualified employee/officer,1,yes,yes,1,0,15295157132269783330
... < 100 DM,12,critical account/other credits existing,car (new),3499,... < 100 DM,1 <= ... < 4 years,3,female : divorced/separated/married,co-applicant,2,real estate,29,none,own,2,skilled employee/official,1,no,yes,0,1,10354047477678239283
0 <= ... < 200 DM,48,existing credits paid back duly till now,car (new),8487,unknown/no savings account,4 <= ... < 7 years,1,female : divorced/separated/married,none,2,car or other,24,none,own,1,skilled employee/official,1,no,yes,1,0,7002489310475604188
... < 100 DM,36,delay in paying off in the past,retraining,6887,... < 100 DM,1 <= ... < 4 years,4,male : single,none,3,building society savings agreement/life insurance,29,stores,own,1,skilled employee/official,1,yes,yes,0,1,18301274755829297797
no checking account,15,existing credits paid back duly till now,radio/television,2708,... < 100 DM,... < 1 year,2,male : single,none,3,building society savings agreement/life insurance,27,bank,own,2,unskilled - resident,1,no,yes,1,0,14576599622905918263
no checking account,18,existing credits paid back duly till now,radio/television,1984,... < 100 DM,1 <= ... < 4 years,4,male : single,none,4,unknown/no property,47,bank,for free,2,skilled employee/official,1,no,yes,1,0,11645925777499890605
no checking account,60,existing credits paid back duly till now,domestic appliances,10144,100 <= ... < 500 DM,4 <= ... < 7 years,2,female : divorced/separated/married,none,4,real estate,21,none,own,1,skilled employee/official,1,yes,yes,1,0,8461104438316458376
no checking account,12,critical account/other credits existing,domestic appliances,1240,unknown/no savings account,... >= 7 years,4,female : divorced/separated/married,none,2,real estate,38,none,own,2,skilled employee/official,1,yes,yes,1,0,14229968691811835774
no checking account,27,delay in paying off in the past,car (used),8613,... >= 1000 DM,1 <= ... < 4 years,2,male : single,none,2,car or other,27,none,own,2,skilled employee/official,1,no,yes,1,0,5529488095862055024
0 <= ... < 200 DM,12,existing credits paid back duly till now,domestic appliances,766,500 <= ... < 1000 DM,1 <= ... < 4 years,4,male : single,none,3,real estate,66,none,own,1,unskilled - resident,1,no,yes,0,1,15421183929695321796
0 <= ... < 200 DM,15,critical account/other credits existing,domestic appliances,2728,unknown/no savings account,4 <= ... < 7 years,4,male : single,guarantor,2,real estate,35,bank,own,3,skilled employee/official,1,yes,yes,1,0,15702620090642981259
... >= 200 DM / salary for at least 1 year,12,existing credits paid back duly till now,domestic appliances,1881,... < 100 DM,1 <= ... < 4 years,2,female : divorced/separated/married,none,2,car or other,44,none,rent,1,unskilled - resident,1,yes,yes,1,0,8413651721368789836
... >= 200 DM / salary for at least 1 year,6,existing credits paid back duly till now,car (new),709,... >= 1000 DM,... < 1 year,2,male : married/widowed,none,2,real estate,27,none,own,1,unemployed/unskilled - non-resident,1,no,no,1,0,9698900057928576828
0 <= ... < 200 DM,36,existing credits paid back duly till now,domestic appliances,4795,... < 100 DM,... < 1 year,4,female : divorced/separated/married,none,1,unknown/no property,30,none,own,1,management/self-employed/highly qualified employee/officer,1,yes,yes,1,0,12743177123730057162
... < 100 DM,27,existing credits paid back duly till now,domestic appliances,3416,... < 100 DM,1 <= ... < 4 years,3,male : single,none,2,car or other,27,none,own,1,management/self-employed/highly qualified employee/officer,1,no,yes,1,0,11885698691157666801
... < 100 DM,18,existing credits paid back duly till now,radio/television,2462,... < 100 DM,1 <= ... < 4 years,2,male : single,none,2,car or other,22,none,own,1,skilled employee/official,1,no,yes,0,1,17667523757222657790
no checking account,21,critical account/other credits existing,radio/television,2288,... < 100 DM,... < 1 year,4,female : divorced/separated/married,none,4,building society savings agreement/life insurance,23,none,own,1,skilled employee/official,1,yes,yes,1,0,2652615519878522714
0 <= ... < 200 DM,48,all credits at this bank paid back duly,others,3566,100 <= ... < 500 DM,4 <= ... < 7 years,4,male : single,none,2,car or other,30,none,own,1,skilled employee/official,1,no,yes,1,0,15901555654555457078
... < 100 DM,6,critical account/other credits existing,car (new),860,... < 100 DM,... >= 7 years,1,female : divorced/separated/married,none,4,unknown/no property,39,none,own,2,skilled employee/official,1,yes,yes,1,0,5482191671744027059
no checking account,12,critical account/other credits existing,car (new),682,100 <= ... < 500 DM,4 <= ... < 7 years,4,female : divorced/separated/married,none,3,car or other,51,none,own,2,skilled employee/official,1,yes,yes,1,0,13624151309000376305
... < 100 DM,36,critical account/other credits existing,radio/television,5371,... < 100 DM,1 <= ... < 4 years,3,male : single,guarantor,2,building society savings agreement/life insurance,28,none,own,2,skilled employee/official,1,no,yes,1,0,13896577907057169530
no checking account,18,critical account/other credits existing,domestic appliances,1582,... >= 1000 DM,... >= 7 years,4,male : single,none,4,car or other,46,none,own,2,skilled employee/official,1,no,yes,1,0,2059838139741855869
no checking account,6,existing credits paid back duly till now,domestic appliances,1346,100 <= ... < 500 DM,... >= 7 years,2,male : single,none,4,unknown/no property,42,bank,for free,1,skilled employee/official,2,yes,yes,1,0,10253105311133059942
no checking account,10,existing credits paid back duly till now,domestic appliances,1924,... < 100 DM,1 <= ... < 4 years,1,male : single,none,4,building society savings agreement/life insurance,38,none,own,1,skilled employee/official,1,yes,no,1,0,7006029802331597009
... >= 200 DM / salary for at least 1 year,36,existing credits paid back duly till now,domestic appliances,5848,... < 100 DM,1 <= ... < 4 years,4,male : single,none,1,car or other,24,none,own,1,skilled employee/official,1,no,yes,1,0,1875565258045178197
0 <= ... < 200 DM,24,critical account/other credits existing,car (used),7758,... >= 1000 DM,... >= 7 years,2,female : divorced/separated/married,none,4,unknown/no property,29,none,rent,1,skilled employee/official,1,no,yes,1,0,17051532448742806749
0 <= ... < 200 DM,24,delay in paying off in the past,others,6967,100 <= ... < 500 DM,4 <= ... < 7 years,4,male : single,none,4,car or other,36,none,rent,1,management/self-employed/highly qualified employee/officer,1,yes,yes,1,0,10886926041807785684
... < 100 DM,12,existing credits paid back duly till now,radio/television,1282,... < 100 DM,1 <= ... < 4 years,2,female : divorced/separated/married,none,4,car or other,20,none,rent,1,skilled employee/official,1,no,yes,0,1,9418629452869427367
... < 100 DM,9,critical account/other credits existing,education,1288,100 <= ... < 500 DM,... >= 7 years,3,male : single,guarantor,4,real estate,48,none,own,2,skilled employee/official,2,no,no,1,0,2076853660447836254
... < 100 DM,12,all credits at this bank paid back duly,business,339,... < 100 DM,... >= 7 years,4,male : married/widowed,none,1,car or other,45,bank,own,1,unskilled - resident,1,no,yes,1,0,16907402088424359558
0 <= ... < 200 DM,24,existing credits paid back duly till now,car (new),3512,100 <= ... < 500 DM,4 <= ... < 7 years,2,male : single,none,3,car or other,38,bank,own,2,skilled employee/official,1,yes,yes,1,0,6658262442209501234
no checking account,6,critical account/other credits existing,domestic appliances,1898,unknown/no savings account,1 <= ... < 4 years,1,male : single,none,2,real estate,34,none,own,2,unskilled - resident,2,no,yes,1,0,14902442707624618431
no checking account,24,critical account/other credits existing,domestic appliances,2872,100 <= ... < 500 DM,... >= 7 years,3,male : single,none,4,real estate,36,none,own,1,skilled employee/official,2,yes,yes,1,0,5435599593493324225
no checking account,18,critical account/other credits existing,car (new),1055,... < 100 DM,... < 1 year,4,female : divorced/separated/married,none,1,building society savings agreement/life insurance,30,none,own,2,skilled employee/official,1,no,yes,1,0,16716783256191233991
no checking account,15,existing credits paid back duly till now,repairs,1262,500 <= ... < 1000 DM,4 <= ... < 7 years,4,male : single,none,3,building society savings agreement/life insurance,36,none,own,2,skilled employee/official,1,yes,yes,1,0,11346031333771878431
0 <= ... < 200 DM,10,existing credits paid back duly till now,car (new),7308,... < 100 DM,unemployed,2,male : single,none,4,unknown/no property,70,bank,for free,1,management/self-employed/highly qualified employee/officer,1,yes,yes,1,0,5542608716123979006
no checking account,36,existing credits paid back duly till now,car (new),909,500 <= ... < 1000 DM,... >= 7 years,4,male : single,none,4,building society savings agreement/life insurance,36,none,own,1,skilled employee/official,1,no,yes,1,0,7321388987899784910
no checking account,6,existing credits paid back duly till now,radio/television,2978,500 <= ... < 1000 DM,1 <= ... < 4 years,1,male : single,none,2,car or other,32,none,own,1,skilled employee/official,1,yes,yes,1,0,4348828651878316851
... < 100 DM,18,existing credits paid back duly till now,radio/television,1131,... < 100 DM,unemployed,4,female : divorced/separated/married,none,2,car or other,33,none,own,1,skilled employee/official,1,no,yes,0,1,18122037535201607016
0 <= ... < 200 DM,11,existing credits paid back duly till now,radio/television,1577,... >= 1000 DM,... < 1 year,4,female : divorced/separated/married,none,1,real estate,20,none,own,1,skilled employee/official,1,no,yes,1,0,6417582319712998248
no checking account,24,existing credits paid back duly till now,radio/television,3972,... < 100 DM,4 <= ... < 7 years,2,female : divorced/separated/married,none,4,building society savings agreement/life insurance,25,none,rent,1,skilled employee/official,1,yes,yes,1,0,10881986983724598039
0 <= ... < 200 DM,24,critical account/other credits existing,others,1935,... < 100 DM,... >= 7 years,4,male : divorced/separated,none,4,real estate,31,none,own,2,skilled employee/official,1,yes,yes,0,1,13111583551075010850
... < 100 DM,15,no credits taken/all credits paid back duly,car (new),950,... < 100 DM,... >= 7 years,4,male : single,none,3,car or other,33,none,rent,2,skilled employee/official,2,no,yes,0,1,3000770429390373633
no checking account,12,existing credits paid back duly till now,radio/television,763,... < 100 DM,1 <= ... < 4 years,4,female : divorced/separated/married,none,1,real estate,26,none,own,1,skilled employee/official,1,yes,yes,1,0,7364577747855206401
0 <= ... < 200 DM,24,delay in paying off in the past,radio/television,2064,... < 100 DM,unemployed,3,female : divorced/separated/married,none,2,building society savings agreement/life insurance,34,none,own,1,management/self-employed/highly qualified employee/officer,1,yes,yes,0,1,1636984941702704713
0 <= ... < 200 DM,8,existing credits paid back duly till now,domestic appliances,1414,... < 100 DM,1 <= ... < 4 years,4,male : single,guarantor,2,real estate,33,none,own,1,skilled employee/official,1,no,no,1,0,7196462087520106634
... < 100 DM,21,delay in paying off in the past,retraining,3414,... < 100 DM,... < 1 year,2,male : single,none,1,building society savings agreement/life insurance,26,none,own,2,skilled employee/official,1,no,yes,0,1,11213127898681615830
no checking account,30,all credits at this bank paid back duly,car (used),7485,unknown/no savings account,unemployed,4,female : divorced/separated/married,none,1,real estate,53,bank,own,1,management/self-employed/highly qualified employee/officer,1,yes,yes,0,1,5914730513488212491
... < 100 DM,12,existing credits paid back duly till now,radio/television,2577,... < 100 DM,1 <= ... < 4 years,2,male : divorced/separated,none,1,car or other,42,none,own,1,skilled employee/official,1,no,yes,1,0,15678221653497235438
... < 100 DM,6,critical account/other credits existing,domestic appliances,338,500 <= ... < 1000 DM,... >= 7 years,4,male : single,none,4,car or other,52,none,own,2,skilled employee/official,1,no,yes,1,0,3796081310394767985
no checking account,12,existing credits paid back duly till now,domestic appliances,1963,... < 100 DM,4 <= ... < 7 years,4,male : single,none,2,car or other,31,none,rent,2,management/self-employed/highly qualified employee/officer,2,yes,yes,1,0,14319717974393867424
... < 100 DM,21,critical account/other credits existing,car (new),571,... < 100 DM,... >= 7 years,4,male : single,none,4,real estate,65,none,own,2,skilled employee/official,1,no,yes,1,0,4948395809470030963
no checking account,36,delay in paying off in the past,others,9572,... < 100 DM,... < 1 year,1,male : divorced/separated,none,1,car or other,28,none,own,2,skilled employee/official,1,no,yes,0,1,16442811217414537786
0 <= ... < 200 DM,36,delay in paying off in the past,others,4455,... < 100 DM,1 <= ... < 4 years,2,male : divorced/separated,none,2,real estate,30,stores,own,2,management/self-employed/highly qualified employee/officer,1,yes,yes,0,1,17805608481151350606
... < 100 DM,21,all credits at this bank paid back duly,car (new),1647,unknown/no savings account,1 <= ... < 4 years,4,male : single,none,2,building society savings agreement/life insurance,40,none,own,2,unskilled - resident,2,no,yes,0,1,612189680110244047
no checking account,24,critical account/other credits existing,radio/television,3777,... >= 1000 DM,1 <= ... < 4 years,4,male : single,none,4,real estate,50,none,own,1,skilled employee/official,1,yes,yes,1,0,1137632436375896024
0 <= ... < 200 DM,18,critical account/other credits existing,car (new),884,... < 100 DM,... >= 7 years,4,male : single,none,4,car or other,36,bank,own,1,skilled employee/official,2,yes,yes,0,1,5931224590799358862
no checking account,15,critical account/other credits existing,domestic appliances,1360,... < 100 DM,1 <= ... < 4 years,4,male : single,none,2,building society savings agreement/life insurance,31,none,own,2,skilled employee/official,1,no,yes,1,0,18221536628482097829
0 <= ... < 200 DM,9,all credits at this bank paid back duly,car (used),5129,... < 100 DM,... >= 7 years,2,female : divorced/separated/married,none,4,unknown/no property,74,bank,for free,1,management/self-employed/highly qualified employee/officer,2,yes,yes,0,1,17952475708109839991
0 <= ... < 200 DM,16,critical account/other credits existing,car (new),1175,... < 100 DM,unemployed,2,male : single,none,3,car or other,68,none,for free,3,unemployed/unskilled - non-resident,1,yes,yes,1,0,4558120990912912909
... < 100 DM,12,existing credits paid back duly till now,domestic appliances,674,100 <= ... < 500 DM,4 <= ... < 7 years,4,male : married/widowed,none,1,building society savings agreement/life insurance,20,none,own,1,skilled employee/official,1,no,yes,0,1,1657302653406542649
0 <= ... < 200 DM,18,no credits taken/all credits paid back duly,radio/television,3244,... < 100 DM,1 <= ... < 4 years,1,female : divorced/separated/married,none,4,car or other,33,bank,own,2,skilled employee/official,1,yes,yes,1,0,17002171341896867880
no checking account,24,existing credits paid back duly till now,others,4591,... >= 1000 DM,1 <= ... < 4 years,2,male : single,none,3,building society savings agreement/life insurance,54,none,own,3,management/self-employed/highly qualified employee/officer,1,yes,yes,0,1,9674823501829648673
0 <= ... < 200 DM,48,no credits taken/all credits paid back duly,others,3844,100 <= ... < 500 DM,4 <= ... < 7 years,4,male : single,none,4,unknown/no property,34,none,for free,1,unskilled - resident,2,no,yes,0,1,13946460715500392643
0 <= ... < 200 DM,27,existing credits paid back duly till now,others,3915,... < 100 DM,1 <= ... < 4 years,4,male : single,none,2,car or other,36,none,own,1,skilled employee/official,2,yes,yes,0,1,3446755655993772110
no checking account,6,existing credits paid back duly till now,domestic appliances,2108,... < 100 DM,4 <= ... < 7 years,2,male : married/widowed,none,2,real estate,29,none,rent,1,skilled employee/official,1,no,yes,1,0,9819417723960269038
0 <= ... < 200 DM,45,existing credits paid back duly till now,domestic appliances,3031,100 <= ... < 500 DM,1 <= ... < 4 years,4,male : single,guarantor,4,building society savings agreement/life insurance,21,none,rent,1,skilled employee/official,1,no,yes,0,1,1312789856728567449
0 <= ... < 200 DM,9,critical account/other credits existing,retraining,1501,... < 100 DM,... >= 7 years,2,female : divorced/separated/married,none,3,car or other,34,none,own,2,management/self-employed/highly qualified employee/officer,1,yes,yes,0,1,15804213798337575934
no checking account,6,critical account/other credits existing,domestic appliances,1382,... < 100 DM,1 <= ... < 4 years,1,female : divorced/separated/married,none,1,car or other,28,none,own,2,skilled employee/official,1,yes,yes,1,0,15501953758675970280
0 <= ... < 200 DM,12,existing credits paid back duly till now,radio/television,951,100 <= ... < 500 DM,... < 1 year,4,female : divorced/separated/married,none,4,car or other,27,bank,rent,4,skilled employee/official,1,no,yes,0,1,17982629541883711433
0 <= ... < 200 DM,24,existing credits paid back duly till now,car (used),2760,unknown/no savings account,... >= 7 years,4,male : single,none,4,unknown/no property,36,bank,for free,1,skilled employee/official,1,yes,yes,1,0,4096921021134099285
0 <= ... < 200 DM,18,delay in paying off in the past,radio/television,4297,... < 100 DM,... >= 7 years,4,male : divorced/separated,none,3,unknown/no property,40,none,own,1,management/self-employed/highly qualified employee/officer,1,yes,yes,0,1,1461651416997722926
no checking account,9,critical account/other credits existing,retraining,936,500 <= ... < 1000 DM,... >= 7 years,4,male : single,none,2,car or other,52,none,own,2,skilled employee/official,1,yes,yes,1,0,13814612029960294364
... < 100 DM,12,existing credits paid back duly till now,car (new),1168,... < 100 DM,1 <= ... < 4 years,4,male : married/widowed,none,3,real estate,27,none,own,1,unskilled - resident,1,no,yes,1,0,5607876133819386914
no checking account,27,delay in paying off in the past,others,5117,... < 100 DM,4 <= ... < 7 years,3,male : single,none,4,car or other,26,none,own,2,skilled employee/official,1,no,yes,1,0,5942258336812396053
... < 100 DM,12,existing credits paid back duly till now,business,902,... < 100 DM,4 <= ... < 7 years,4,male : married/widowed,none,4,building society savings agreement/life insurance,21,none,rent,1,skilled employee/official,1,no,yes,0,1,16304717077627334962
no checking account,12,critical account/other credits existing,car (new),1495,... < 100 DM,... >= 7 years,4,male : single,none,1,real estate,38,none,own,2,unskilled - resident,2,no,yes,1,0,136755326095155012
... < 100 DM,30,critical account/other credits existing,car (used),10623,... < 100 DM,... >= 7 years,3,male : single,none,4,unknown/no property,38,none,for free,3,management/self-employed/highly qualified employee/officer,2,yes,yes,1,0,13995019668308284108
no checking account,12,critical account/other credits existing,radio/television,1935,... < 100 DM,... >= 7 years,4,male : single,none,4,real estate,43,none,own,3,skilled employee/official,1,yes,yes,1,0,8689796522630664027
0 <= ... < 200 DM,12,critical account/other credits existing,repairs,1424,... < 100 DM,4 <= ... < 7 years,4,male : single,none,3,building society savings agreement/life insurance,26,none,own,1,skilled employee/official,1,no,yes,1,0,3122894987676017983
... < 100 DM,24,existing credits paid back duly till now,others,6568,... < 100 DM,1 <= ... < 4 years,2,male : married/widowed,none,2,car or other,21,stores,own,1,unskilled - resident,1,no,yes,1,0,16462709436378337847
no checking account,12,existing credits paid back duly till now,car (used),1413,... >= 1000 DM,4 <= ... < 7 years,3,male : single,none,2,building society savings agreement/life insurance,55,none,own,1,skilled employee/official,1,no,no,1,0,2670796575873787477
no checking account,9,critical account/other credits existing,domestic appliances,3074,unknown/no savings account,1 <= ... < 4 years,1,male : single,none,2,real estate,33,none,own,2,skilled employee/official,2,no,yes,1,0,8920956450973576510
no checking account,36,existing credits paid back duly till now,domestic appliances,3835,unknown/no savings account,... >= 7 years,2,female : divorced/separated/married,none,4,real estate,45,none,own,1,unskilled - resident,1,yes,yes,1,0,13202170784260917362
... < 100 DM,27,no credits taken/all credits paid back duly,others,5293,... < 100 DM,unemployed,2,male : single,none,4,building society savings agreement/life insurance,50,stores,own,2,skilled employee/official,1,yes,yes,0,1,13501535784485936819
... >= 200 DM / salary for at least 1 year,30,delay in paying off in the past,others,1908,... < 100 DM,... >= 7 years,4,male : single,none,4,real estate,66,none,own,1,management/self-employed/highly qualified employee/officer,1,yes,yes,0,1,17827398012218256825
no checking account,36,critical account/other credits existing,domestic appliances,3342,unknown/no savings account,... >= 7 years,4,male : single,none,2,car or other,51,none,own,1,skilled employee/official,1,yes,yes,1,0,10838490258320955213
0 <= ... < 200 DM,6,critical account/other credits existing,business,932,unknown/no savings account,4 <= ... < 7 years,1,female : divorced/separated/married,none,3,building society savings agreement/life insurance,39,none,own,2,unskilled - resident,1,no,yes,1,0,6971616183943394384
... < 100 DM,18,no credits taken/all credits paid back duly,others,3104,... < 100 DM,4 <= ... < 7 years,3,male : single,none,1,building society savings agreement/life insurance,31,bank,own,1,skilled employee/official,1,yes,yes,1,0,8852358979797217575
... >= 200 DM / salary for at least 1 year,36,existing credits paid back duly till now,domestic appliances,3913,... < 100 DM,1 <= ... < 4 years,2,male : single,none,2,real estate,23,none,own,1,skilled employee/official,1,yes,yes,1,0,11995997999398102764
... < 100 DM,24,existing credits paid back duly till now,radio/television,3021,... < 100 DM,1 <= ... < 4 years,2,male : divorced/separated,none,2,real estate,24,none,rent,1,unskilled - resident,1,no,yes,1,0,1122243144041609380
no checking account,10,existing credits paid back duly till now,car (new),1364,... < 100 DM,1 <= ... < 4 years,2,female : divorced/separated/married,none,4,car or other,64,none,own,1,skilled employee/official,1,yes,yes,1,0,13630263334414803222
0 <= ... < 200 DM,12,existing credits paid back duly till now,domestic appliances,625,... < 100 DM,... < 1 year,4,male : married/widowed,guarantor,1,real estate,26,bank,own,1,unskilled - resident,1,no,yes,1,0,4810212930140464221
... < 100 DM,12,existing credits paid back duly till now,retraining,1200,unknown/no savings account,1 <= ... < 4 years,4,female : divorced/separated/married,none,4,building society savings agreement/life insurance,23,bank,rent,1,skilled employee/official,1,yes,yes,1,0,5791957784309648657
no checking account,12,existing credits paid back duly till now,domestic appliances,707,... < 100 DM,1 <= ... < 4 years,4,male : single,none,2,real estate,30,bank,own,2,skilled employee/official,1,no,yes,1,0,3722607508563635697
no checking account,24,delay in paying off in the past,others,2978,unknown/no savings account,1 <= ... < 4 years,4,male : single,none,4,real estate,32,none,own,2,skilled employee/official,2,yes,yes,1,0,3819395052247545163
no checking account,15,existing credits paid back duly till now,car (used),4657,... < 100 DM,1 <= ... < 4 years,3,male : single,none,2,car or other,30,none,own,1,skilled employee/official,1,yes,yes,1,0,9193314341824717991
no checking account,36,no credits taken/all credits paid back duly,education,2613,... < 100 DM,1 <= ... < 4 years,4,male : single,none,2,car or other,27,none,own,2,skilled employee/official,1,no,yes,1,0,201932819982726092
0 <= ... < 200 DM,48,existing credits paid back duly till now,domestic appliances,10961,... >= 1000 DM,4 <= ... < 7 years,1,male : single,co-applicant,2,unknown/no property,27,bank,own,2,skilled employee/official,1,yes,yes,0,1,6657371075677698044
... < 100 DM,12,existing credits paid back duly till now,radio/television,7865,... < 100 DM,... >= 7 years,4,male : single,none,4,unknown/no property,53,none,for free,1,management/self-employed/highly qualified employee/officer,1,yes,yes,0,1,8439492442467698959
no checking account,9,existing credits paid back duly till now,domestic appliances,1478,... < 100 DM,4 <= ... < 7 years,4,male : single,none,2,car or other,22,none,own,1,skilled employee/official,1,no,yes,0,1,9488042746075844195
... < 100 DM,24,existing credits paid back duly till now,radio/television,3149,... < 100 DM,... < 1 year,4,male : single,none,1,unknown/no property,22,bank,for free,1,skilled employee/official,1,no,yes,1,0,18282719316937384981
... >= 200 DM / salary for at least 1 year,36,existing credits paid back duly till now,domestic appliances,4210,... < 100 DM,1 <= ... < 4 years,4,male : single,none,2,car or other,26,none,own,1,skilled employee/official,1,no,yes,0,1,4279272538874921809
no checking account,9,existing credits paid back duly till now,car (new),2507,500 <= ... < 1000 DM,... >= 7 years,2,male : single,none,4,unknown/no property,51,none,for free,1,unskilled - resident,1,no,yes,1,0,10213395761169966893
no checking account,12,existing credits paid back duly till now,domestic appliances,2141,100 <= ... < 500 DM,4 <= ... < 7 years,3,male : single,none,1,unknown/no property,35,none,own,1,skilled employee/official,1,no,yes,1,0,3177385215987257200
0 <= ... < 200 DM,18,existing credits paid back duly till now,domestic appliances,866,... < 100 DM,1 <= ... < 4 years,4,male : married/widowed,guarantor,2,real estate,25,none,own,1,unskilled - resident,1,no,yes,1,0,16733131591371467087
no checking account,4,critical account/other credits existing,domestic appliances,1544,... < 100 DM,4 <= ... < 7 years,2,male : single,none,1,real estate,42,none,own,3,unskilled - resident,2,no,yes,1,0,5944279681665271221
... < 100 DM,24,existing credits paid back duly till now,domestic appliances,1823,... < 100 DM,unemployed,4,male : single,none,2,car or other,30,stores,own,1,management/self-employed/highly qualified employee/officer,2,no,yes,0,1,8668579754221938409
0 <= ... < 200 DM,6,existing credits paid back duly till now,car (new),14555,unknown/no savings account,unemployed,1,male : single,none,2,building society savings agreement/life insurance,23,none,own,1,unemployed/unskilled - non-resident,1,yes,yes,0,1,18230340083456205386
0 <= ... < 200 DM,21,existing credits paid back duly till now,others,2767,100 <= ... < 500 DM,... >= 7 years,4,male : divorced/separated,none,2,car or other,61,bank,rent,2,unskilled - resident,1,no,yes,0,1,14768688202496577442
no checking account,12,critical account/other credits existing,domestic appliances,1291,... < 100 DM,1 <= ... < 4 years,4,female : divorced/separated/married,none,2,building society savings agreement/life insurance,35,none,own,2,skilled employee/official,1,no,yes,1,0,3067432605766140785
... < 100 DM,30,existing credits paid back duly till now,domestic appliances,2522,... < 100 DM,... >= 7 years,1,male : single,guarantor,3,building society savings agreement/life insurance,39,none,own,1,skilled employee/official,2,no,yes,1,0,3272590643738232952
... < 100 DM,24,existing credits paid back duly till now,car (new),915,unknown/no savings account,... >= 7 years,4,female : divorced/separated/married,none,2,car or other,29,bank,own,1,skilled employee/official,1,no,yes,0,1,11740372671479187404
no checking account,6,existing credits paid back duly till now,domestic appliances,1595,... < 100 DM,4 <= ... < 7 years,3,male : single,none,2,building society savings agreement/life insurance,51,none,own,1,skilled employee/official,2,no,yes,1,0,1062983988421427844
... < 100 DM,48,no credits taken/all credits paid back duly,car (used),4605,... < 100 DM,... >= 7 years,3,male : single,none,4,unknown/no property,24,none,for free,2,skilled employee/official,2,no,yes,0,1,3367549089713670129
no checking account,12,critical account/other credits existing,others,1185,... < 100 DM,1 <= ... < 4 years,3,female : divorced/separated/married,none,2,real estate,27,none,own,2,skilled employee/official,1,no,yes,1,0,11802532837313452054
no checking account,12,all credits at this bank paid back duly,business,3447,500 <= ... < 1000 DM,1 <= ... < 4 years,4,female : divorced/separated/married,none,3,real estate,35,none,own,1,unskilled - resident,2,no,yes,1,0,9521677280288006617
no checking account,24,existing credits paid back duly till now,others,1258,... < 100 DM,4 <= ... < 7 years,4,male : single,none,1,real estate,25,none,own,1,skilled employee/official,1,yes,yes,1,0,4313877796662264654
no checking account,12,critical account/other credits existing,domestic appliances,717,... < 100 DM,... >= 7 years,4,male : single,none,4,real estate,52,none,own,3,skilled employee/official,1,no,yes,1,0,1676604666085732266
no checking account,6,no credits taken/all credits paid back duly,car (new),1204,100 <= ... < 500 DM,1 <= ... < 4 years,4,male : single,none,1,unknown/no property,35,bank,rent,1,skilled employee/official,1,no,no,1,0,7900200684393588573
... >= 200 DM / salary for at least 1 year,24,existing credits paid back duly till now,radio/television,1925,... < 100 DM,1 <= ... < 4 years,2,male : single,none,2,real estate,26,none,own,1,skilled employee/official,1,no,yes,1,0,17570874675762776375
no checking account,18,existing credits paid back duly till now,domestic appliances,433,... < 100 DM,unemployed,3,female : divorced/separated/married,co-applicant,4,real estate,22,none,rent,1,skilled employee/official,1,no,yes,0,1,13419220313855745620
... < 100 DM,6,critical account/other credits existing,car (new),666,... >= 1000 DM,4 <= ... < 7 years,3,female : divorced/separated/married,none,4,real estate,39,none,own,2,unskilled - resident,1,yes,yes,1,0,6278756542737531601
... >= 200 DM / salary for at least 1 year,12,existing credits paid back duly till now,radio/television,2251,... < 100 DM,1 <= ... < 4 years,1,female : divorced/separated/married,none,2,car or other,46,none,own,1,unskilled - resident,1,no,yes,1,0,5533162073607222411
0 <= ... < 200 DM,30,existing credits paid back duly till now,car (new),2150,... < 100 DM,1 <= ... < 4 years,4,female : divorced/separated/married,guarantor,2,unknown/no property,24,bank,own,1,skilled employee/official,1,no,yes,0,1,9911516753108558214
no checking account,24,delay in paying off in the past,radio/television,4151,100 <= ... < 500 DM,1 <= ... < 4 years,2,male : single,none,3,building society savings agreement/life insurance,35,none,own,2,skilled employee/official,1,no,yes,1,0,6799573020558686428
0 <= ... < 200 DM,9,existing credits paid back duly till now,radio/television,2030,unknown/no savings account,4 <= ... < 7 years,2,male : single,none,1,car or other,24,none,own,1,skilled employee/official,1,yes,yes,1,0,15520429986222056742
0 <= ... < 200 DM,60,delay in paying off in the past,domestic appliances,7418,unknown/no savings account,1 <= ... < 4 years,1,male : single,none,1,real estate,27,none,own,1,unskilled - resident,1,no,yes,1,0,17351107430806713106
no checking account,24,critical account/other credits existing,domestic appliances,2684,... < 100 DM,1 <= ... < 4 years,4,male : single,none,2,real estate,35,none,own,2,unskilled - resident,1,no,yes,1,0,9817562226322023138
... < 100 DM,12,all credits at this bank paid back duly,domestic appliances,2149,... < 100 DM,1 <= ... < 4 years,4,male : divorced/separated,none,1,unknown/no property,29,none,for free,1,skilled employee/official,1,no,yes,0,1,347946792547218931
no checking account,15,existing credits paid back duly till now,car (used),3812,100 <= ... < 500 DM,... < 1 year,1,female : divorced/separated/married,none,4,car or other,23,none,own,1,skilled employee/official,1,yes,yes,1,0,7310520697592350545
no checking account,11,critical account/other credits existing,domestic appliances,1154,100 <= ... < 500 DM,unemployed,4,female : divorced/separated/married,none,4,real estate,57,none,own,3,unskilled - resident,1,no,yes,1,0,4693552168122012606
... < 100 DM,12,existing credits paid back duly till now,radio/television,1657,... < 100 DM,1 <= ... < 4 years,2,male : single,none,2,real estate,27,none,own,1,skilled employee/official,1,no,yes,1,0,5188957060298341440
... < 100 DM,24,existing credits paid back duly till now,domestic appliances,1603,... < 100 DM,... >= 7 years,4,female : divorced/separated/married,none,4,car or other,55,none,own,1,skilled employee/official,1,no,yes,1,0,2336389221899273243
... < 100 DM,18,critical account/other credits existing,car (new),5302,... < 100 DM,... >= 7 years,2,male : single,none,4,unknown/no property,36,none,for free,3,management/self-employed/highly qualified employee/officer,1,yes,yes,1,0,16289534543423552412
no checking account,12,critical account/other credits existing,retraining,2748,... < 100 DM,... >= 7 years,2,female : divorced/separated/married,none,4,unknown/no property,57,bank,for free,3,unskilled - resident,1,no,yes,1,0,10742134926460841265
no checking account,10,critical account/other credits existing,car (new),1231,... < 100 DM,... >= 7 years,3,male : single,none,4,real estate,32,none,own,2,unskilled - resident,2,no,no,1,0,301858830684526010
0 <= ... < 200 DM,15,existing credits paid back duly till now,domestic appliances,802,... < 100 DM,... >= 7 years,4,male : single,none,3,car or other,37,none,own,1,skilled employee/official,2,no,yes,0,1,13067485802496852749
no checking account,36,critical account/other credits existing,others,6304,unknown/no savings account,... >= 7 years,4,male : single,none,4,real estate,36,none,own,2,skilled employee/official,1,no,yes,1,0,6262321055144430596
no checking account,24,existing credits paid back duly till now,domestic appliances,1533,... < 100 DM,... < 1 year,4,female : divorced/separated/married,none,3,car or other,38,stores,own,1,skilled employee/official,1,yes,yes,1,0,13589639731527931875
... < 100 DM,14,existing credits paid back duly till now,car (new),8978,... < 100 DM,... >= 7 years,1,male : divorced/separated,none,4,building society savings agreement/life insurance,45,none,own,1,management/self-employed/highly qualified employee/officer,1,yes,no,0,1,13363405132958355193
no checking account,24,existing credits paid back duly till now,domestic appliances,999,unknown/no savings account,... >= 7 years,4,male : single,none,2,car or other,25,none,own,2,skilled employee/official,1,no,yes,1,0,10533325080821069892
no checking account,18,existing credits paid back duly till now,car (new),2662,unknown/no savings account,4 <= ... < 7 years,4,male : single,none,3,building society savings agreement/life insurance,32,none,own,1,skilled employee/official,1,no,no,1,0,14705868400697461819
no checking account,12,critical account/other credits existing,radio/television,1402,500 <= ... < 1000 DM,4 <= ... < 7 years,3,female : divorced/separated/married,none,4,car or other,37,none,rent,1,skilled employee/official,1,yes,yes,1,0,380860727121063395
0 <= ... < 200 DM,48,all credits at this bank paid back duly,car (new),12169,unknown/no savings account,unemployed,4,male : single,co-applicant,4,unknown/no property,36,none,for free,1,management/self-employed/highly qualified employee/officer,1,yes,yes,1,0,3580791241894177545
0 <= ... < 200 DM,48,existing credits paid back duly till now,domestic appliances,3060,... < 100 DM,4 <= ... < 7 years,4,male : single,none,4,real estate,28,none,own,2,skilled employee/official,1,no,yes,0,1,18373197377755846308
... < 100 DM,30,existing credits paid back duly till now,education,11998,... < 100 DM,... < 1 year,1,male : divorced/separated,none,1,unknown/no property,34,none,own,1,unskilled - resident,1,yes,yes,0,1,4219490765623412399
no checking account,9,existing credits paid back duly till now,domestic appliances,2697,... < 100 DM,1 <= ... < 4 years,1,male : single,none,2,real estate,32,none,own,1,skilled employee/official,2,no,yes,1,0,9216208116134002414
no checking account,18,critical account/other credits existing,domestic appliances,2404,... < 100 DM,1 <= ... < 4 years,2,female : divorced/separated/married,none,2,car or other,26,none,own,2,skilled employee/official,1,no,yes,1,0,16086295586430998699
... < 100 DM,12,existing credits paid back duly till now,radio/television,1262,unknown/no savings account,... >= 7 years,2,male : divorced/separated,none,4,building society savings agreement/life insurance,49,none,own,1,unskilled - resident,1,yes,yes,1,0,10866500125589451465
no checking account,6,existing credits paid back duly till now,radio/television,4611,... < 100 DM,... < 1 year,1,female : divorced/separated/married,none,4,building society savings agreement/life insurance,32,none,own,1,skilled employee/official,1,no,yes,0,1,17103979427122287201
no checking account,24,existing credits paid back duly till now,domestic appliances,1901,100 <= ... < 500 DM,1 <= ... < 4 years,4,male : single,none,4,car or other,29,none,rent,1,management/self-employed/highly qualified employee/officer,1,yes,yes,1,0,4019693630835748092
no checking account,15,critical account/other credits existing,car (used),3368,... >= 1000 DM,... >= 7 years,3,male : single,none,4,unknown/no property,23,none,rent,2,skilled employee/official,1,yes,yes,1,0,5792586920985382469
no checking account,12,existing credits paid back duly till now,radio/television,1574,... < 100 DM,1 <= ... < 4 years,4,male : single,none,2,real estate,50,none,own,1,skilled employee/official,1,no,yes,1,0,11209905273133719804
... >= 200 DM / salary for at least 1 year,18,all credits at this bank paid back duly,domestic appliances,1445,unknown/no savings account,4 <= ... < 7 years,4,male : single,none,4,car or other,49,bank,own,1,unskilled - resident,1,no,yes,1,0,15431937467998645903
no checking account,15,critical account/other credits existing,radio/television,1520,unknown/no savings account,... >= 7 years,4,male : single,none,4,building society savings agreement/life insurance,63,none,own,1,skilled employee/official,1,no,yes,1,0,15372598807812713801
0 <= ... < 200 DM,24,critical account/other credits existing,car (new),3878,100 <= ... < 500 DM,... < 1 year,4,male : divorced/separated,none,2,car or other,37,none,own,1,skilled employee/official,1,yes,yes,1,0,11621472226542983972
... < 100 DM,47,existing credits paid back duly till now,car (new),10722,... < 100 DM,... < 1 year,1,female : divorced/separated/married,none,1,real estate,35,none,own,1,unskilled - resident,1,yes,yes,1,0,12717946153871770297
... < 100 DM,48,existing credits paid back duly till now,car (used),4788,... < 100 DM,4 <= ... < 7 years,4,male : single,none,3,building society savings agreement/life insurance,26,none,own,1,skilled employee/official,2,no,yes,1,0,11447472272053379182
0 <= ... < 200 DM,48,delay in paying off in the past,furniture/equipment,7582,100 <= ... < 500 DM,unemployed,2,male : single,none,4,unknown/no property,31,none,for free,1,management/self-employed/highly qualified employee/officer,1,yes,yes,1,0,8421604077512915244
0 <= ... < 200 DM,12,existing credits paid back duly till now,domestic appliances,1092,... < 100 DM,1 <= ... < 4 years,4,female : divorced/separated/married,guarantor,4,real estate,49,none,own,2,skilled employee/official,1,yes,yes,1,0,1836882464876789635
... < 100 DM,24,delay in paying off in the past,domestic appliances,1024,... < 100 DM,... < 1 year,4,male : married/widowed,none,4,real estate,48,stores,own,1,skilled employee/official,1,no,yes,0,1,2786996585449795389
no checking account,12,existing credits paid back duly till now,others,1076,... < 100 DM,1 <= ... < 4 years,2,male : married/widowed,none,2,real estate,26,none,own,1,skilled employee/official,1,yes,no,1,0,15267266458055694343
0 <= ... < 200 DM,36,existing credits paid back duly till now,car (used),9398,... < 100 DM,... < 1 year,1,male : married/widowed,none,4,car or other,28,none,rent,1,management/self-employed/highly qualified employee/officer,1,yes,yes,0,1,2464197577466934541
... < 100 DM,24,critical account/other credits existing,car (used),6419,... < 100 DM,... >= 7 years,2,female : divorced/separated/married,none,4,unknown/no property,44,none,for free,2,management/self-employed/highly qualified employee/officer,2,yes,yes,1,0,3339536800301430362
... >= 200 DM / salary for at least 1 year,42,critical account/other credits existing,car (used),4796,... < 100 DM,... >= 7 years,4,male : single,none,4,unknown/no property,56,none,for free,1,skilled employee/official,1,no,yes,1,0,17706584224982578273
no checking account,48,critical account/other credits existing,others,7629,unknown/no savings account,... >= 7 years,4,male : divorced/separated,none,2,car or other,46,bank,own,2,management/self-employed/highly qualified employee/officer,2,no,yes,1,0,5669790628443548446
0 <= ... < 200 DM,48,existing credits paid back duly till now,radio/television,9960,... < 100 DM,... < 1 year,1,female : divorced/separated/married,none,2,car or other,26,none,own,1,skilled employee/official,1,yes,yes,0,1,13700270932973110883
no checking account,12,existing credits paid back duly till now,car (used),4675,unknown/no savings account,... < 1 year,1,female : divorced/separated/married,none,4,car or other,20,none,rent,1,skilled employee/official,1,no,yes,1,0,944735469542593900
no checking account,10,existing credits paid back duly till now,car (new),1287,unknown/no savings account,... >= 7 years,4,male : single,co-applicant,2,building society savings agreement/life insurance,45,none,own,1,unskilled - resident,1,no,no,1,0,605485567730789676
no checking account,18,existing credits paid back duly till now,radio/television,2515,... < 100 DM,1 <= ... < 4 years,3,male : single,none,4,real estate,43,none,own,1,skilled employee/official,1,yes,yes,1,0,13547778227999334661
0 <= ... < 200 DM,21,critical account/other credits existing,radio/television,2745,... >= 1000 DM,4 <= ... < 7 years,3,male : single,none,2,car or other,32,none,own,2,skilled employee/official,1,yes,yes,1,0,14740374683245228204
no checking account,6,existing credits paid back duly till now,car (new),672,... < 100 DM,unemployed,1,female : divorced/separated/married,none,4,real estate,54,none,own,1,unemployed/unskilled - non-resident,1,yes,yes,1,0,6148793336064280813
0 <= ... < 200 DM,36,no credits taken/all credits paid back duly,domestic appliances,3804,... < 100 DM,1 <= ... < 4 years,4,female : divorced/separated/married,none,1,car or other,42,none,own,1,skilled employee/official,1,yes,yes,0,1,3434166110163930724
... >= 200 DM / salary for at least 1 year,24,critical account/other credits existing,car (new),1344,unknown/no savings account,4 <= ... < 7 years,4,male : single,none,2,real estate,37,bank,own,2,unskilled - resident,2,no,yes,0,1,8908627795873708966
... < 100 DM,10,critical account/other credits existing,car (new),1038,... < 100 DM,4 <= ... < 7 years,4,male : single,co-applicant,3,building society savings agreement/life insurance,49,none,own,2,skilled employee/official,1,yes,yes,1,0,10279799068655233491
no checking account,48,critical account/other credits existing,car (new),10127,500 <= ... < 1000 DM,1 <= ... < 4 years,2,male : single,none,2,unknown/no property,44,bank,for free,1,skilled employee/official,1,no,yes,0,1,8776961871318375816
no checking account,6,existing credits paid back duly till now,radio/television,1543,... >= 1000 DM,1 <= ... < 4 years,4,male : divorced/separated,none,2,real estate,33,none,own,1,skilled employee/official,1,no,yes,1,0,9898169464194860745
no checking account,30,existing credits paid back duly till now,car (used),4811,unknown/no savings account,4 <= ... < 7 years,2,female : divorced/separated/married,none,4,building society savings agreement/life insurance,24,stores,rent,1,unskilled - resident,1,no,yes,1,0,208479714481481332
... < 100 DM,12,existing credits paid back duly till now,domestic appliances,727,100 <= ... < 500 DM,... < 1 year,4,male : married/widowed,none,3,unknown/no property,33,none,own,1,unskilled - resident,1,yes,yes,0,1,10819830240745654175
0 <= ... < 200 DM,8,existing credits paid back duly till now,radio/television,1237,... < 100 DM,1 <= ... < 4 years,3,female : divorced/separated/married,none,4,real estate,24,none,own,1,skilled employee/official,1,no,yes,0,1,5926680885739733694
0 <= ... < 200 DM,9,existing credits paid back duly till now,car (new),276,... < 100 DM,1 <= ... < 4 years,4,male : married/widowed,none,4,real estate,22,none,rent,1,unskilled - resident,1,no,yes,1,0,16333297921873918815
0 <= ... < 200 DM,48,existing credits paid back duly till now,furniture/equipment,5381,unknown/no savings account,unemployed,3,male : single,none,4,unknown/no property,40,bank,for free,1,unemployed/unskilled - non-resident,1,yes,yes,1,0,14647933758560257985
no checking account,24,existing credits paid back duly till now,radio/television,5511,100 <= ... < 500 DM,1 <= ... < 4 years,4,male : single,none,1,car or other,25,stores,own,1,skilled employee/official,1,no,yes,1,0,83357198543080790
... >= 200 DM / salary for at least 1 year,24,existing credits paid back duly till now,radio/television,3749,... < 100 DM,... < 1 year,2,female : divorced/separated/married,none,4,car or other,26,none,own,1,skilled employee/official,1,no,yes,1,0,1688993806250928728
0 <= ... < 200 DM,12,existing credits paid back duly till now,car (new),685,... < 100 DM,4 <= ... < 7 years,2,male : married/widowed,none,3,car or other,25,bank,own,1,unskilled - resident,1,no,yes,0,1,12804386686412204451
... >= 200 DM / salary for at least 1 year,4,existing credits paid back duly till now,car (new),1494,unknown/no savings account,... < 1 year,1,male : single,none,2,real estate,29,none,own,1,unskilled - resident,2,no,no,1,0,10739541547683906107
... < 100 DM,36,all credits at this bank paid back duly,radio/television,2746,... < 100 DM,... >= 7 years,4,male : single,none,4,car or other,31,bank,own,1,skilled employee/official,1,no,yes,0,1,14763637671171517457
... < 100 DM,12,existing credits paid back duly till now,radio/television,708,... < 100 DM,1 <= ... < 4 years,2,male : single,guarantor,3,building society savings agreement/life insurance,38,none,own,1,unskilled - resident,2,no,yes,1,0,17027305354910072592
0 <= ... < 200 DM,24,existing credits paid back duly till now,radio/television,4351,unknown/no savings account,1 <= ... < 4 years,1,female : divorced/separated/married,none,4,building society savings agreement/life insurance,48,none,own,1,unskilled - resident,1,yes,yes,1,0,5268000293531077597
no checking account,12,critical account/other credits existing,retraining,701,... < 100 DM,1 <= ... < 4 years,4,male : single,none,2,car or other,32,none,own,2,skilled employee/official,1,no,yes,1,0,5249723461311226500
... < 100 DM,15,delay in paying off in the past,radio/television,3643,... < 100 DM,... >= 7 years,1,female : divorced/separated/married,none,4,building society savings agreement/life insurance,27,none,own,2,unskilled - resident,1,no,yes,1,0,7972869938904939270
0 <= ... < 200 DM,30,critical account/other credits existing,car (new),4249,... < 100 DM,unemployed,4,male : married/widowed,none,2,car or other,28,none,own,2,management/self-employed/highly qualified employee/officer,1,no,yes,0,1,4922014730663189268
... < 100 DM,24,existing credits paid back duly till now,domestic appliances,1938,... < 100 DM,... < 1 year,4,male : divorced/separated,none,3,building society savings agreement/life insurance,32,none,own,1,skilled employee/official,1,no,yes,0,1,14059050881218761071
... < 100 DM,24,existing credits paid back duly till now,car (used),2910,... < 100 DM,4 <= ... < 7 years,2,male : single,none,1,unknown/no property,34,none,for free,1,management/self-employed/highly qualified employee/officer,1,yes,yes,1,0,1806436084585469463
... < 100 DM,18,existing credits paid back duly till now,radio/television,2659,... >= 1000 DM,1 <= ... < 4 years,4,male : single,none,2,car or other,28,none,own,1,skilled employee/official,1,no,yes,1,0,13126853376270043955
no checking account,18,critical account/other credits existing,car (new),1028,... < 100 DM,1 <= ... < 4 years,4,female : divorced/separated/married,none,3,real estate,36,none,own,2,skilled employee/official,1,no,yes,1,0,2407568805968297860
... < 100 DM,8,critical account/other credits existing,car (new),3398,... < 100 DM,4 <= ... < 7 years,1,male : single,none,4,real estate,39,none,own,2,unskilled - resident,1,no,no,1,0,6830291280957648453
no checking account,12,critical account/other credits existing,radio/television,5801,unknown/no savings account,... >= 7 years,2,male : single,none,4,building society savings agreement/life insurance,49,none,rent,1,skilled employee/official,1,yes,yes,1,0,14327014343553329322
no checking account,24,existing credits paid back duly till now,car (new),1525,... >= 1000 DM,4 <= ... < 7 years,4,female : divorced/separated/married,none,3,car or other,34,none,own,1,skilled employee/official,2,yes,yes,1,0,6353007556602791808
... >= 200 DM / salary for at least 1 year,36,existing credits paid back duly till now,domestic appliances,4473,... < 100 DM,... >= 7 years,4,male : single,none,2,car or other,31,none,own,1,skilled employee/official,1,no,yes,1,0,3190181686702135344
0 <= ... < 200 DM,6,existing credits paid back duly till now,domestic appliances,1068,... < 100 DM,... >= 7 years,4,male : single,none,4,car or other,28,none,own,1,skilled employee/official,2,no,yes,1,0,2114629114143358712
... < 100 DM,24,critical account/other credits existing,car (used),6615,... < 100 DM,unemployed,2,male : single,none,4,unknown/no property,75,none,for free,2,management/self-employed/highly qualified employee/officer,1,yes,yes,1,0,2957192038186169829
no checking account,18,critical account/other credits existing,retraining,1864,100 <= ... < 500 DM,1 <= ... < 4 years,4,female : divorced/separated/married,none,2,real estate,30,none,own,2,skilled employee/official,1,no,yes,0,1,16930503930552875935
0 <= ... < 200 DM,60,existing credits paid back duly till now,car (new),7408,100 <= ... < 500 DM,... < 1 year,4,female : divorced/separated/married,none,2,building society savings agreement/life insurance,24,none,own,1,management/self-employed/highly qualified employee/officer,1,no,yes,0,1,9444348136511145792
no checking account,48,critical account/other credits existing,car (used),11590,100 <= ... < 500 DM,1 <= ... < 4 years,2,female : divorced/separated/married,none,4,car or other,24,bank,rent,2,unskilled - resident,1,no,yes,0,1,15804663412776944906
... < 100 DM,24,no credits taken/all credits paid back duly,radio/television,4110,... < 100 DM,... >= 7 years,3,male : single,none,4,unknown/no property,23,bank,rent,2,skilled employee/official,2,no,yes,0,1,1800393253322720826
... < 100 DM,6,critical account/other credits existing,radio/television,3384,... < 100 DM,1 <= ... < 4 years,1,male : divorced/separated,none,4,real estate,44,none,rent,1,management/self-employed/highly qualified employee/officer,1,yes,yes,0,1,14536963199032237465
0 <= ... < 200 DM,13,existing credits paid back duly till now,domestic appliances,2101,... < 100 DM,... < 1 year,2,female : divorced/separated/married,guarantor,4,building society savings agreement/life insurance,23,none,own,1,unskilled - resident,1,no,yes,1,0,18062653404392183685
... < 100 DM,15,existing credits paid back duly till now,repairs,1275,unknown/no savings account,1 <= ... < 4 years,4,female : divorced/separated/married,none,2,car or other,24,none,rent,1,skilled employee/official,1,no,yes,0,1,4840172878601789592
... < 100 DM,24,existing credits paid back duly till now,radio/television,4169,... < 100 DM,1 <= ... < 4 years,4,male : single,none,4,building society savings agreement/life insurance,28,none,own,1,skilled employee/official,1,no,yes,1,0,18223154931730999491
0 <= ... < 200 DM,10,existing credits paid back duly till now,radio/television,1521,... < 100 DM,1 <= ... < 4 years,4,male : divorced/separated,none,2,car or other,31,none,own,1,unskilled - resident,1,no,yes,1,0,12151896262655991761
0 <= ... < 200 DM,24,critical account/other credits existing,retraining,5743,... < 100 DM,... < 1 year,2,female : divorced/separated/married,none,4,unknown/no property,24,none,for free,2,skilled employee/official,1,yes,yes,1,0,17114564619393313288
... < 100 DM,21,existing credits paid back duly till now,radio/television,3599,... < 100 DM,4 <= ... < 7 years,1,female : divorced/separated/married,none,4,car or other,26,none,rent,1,unskilled - resident,1,no,yes,1,0,12919213312346343494
0 <= ... < 200 DM,18,existing credits paid back duly till now,domestic appliances,3213,500 <= ... < 1000 DM,... < 1 year,1,male : married/widowed,none,3,real estate,25,none,rent,1,skilled employee/official,1,no,yes,1,0,5440663429856860774
0 <= ... < 200 DM,18,existing credits paid back duly till now,others,4439,... < 100 DM,... >= 7 years,1,male : single,co-applicant,1,real estate,33,bank,own,1,management/self-employed/highly qualified employee/officer,1,yes,yes,1,0,1343874898425829442
... >= 200 DM / salary for at least 1 year,10,existing credits paid back duly till now,car (new),3949,... < 100 DM,... < 1 year,1,male : single,guarantor,1,building society savings agreement/life insurance,37,none,own,1,unskilled - resident,2,no,yes,1,0,11487683584479268473
no checking account,15,critical account/other credits existing,domestic appliances,1459,... < 100 DM,1 <= ... < 4 years,4,female : divorced/separated/married,none,2,car or other,43,none,own,1,unskilled - resident,1,no,yes,1,0,1223443717706842844
0 <= ... < 200 DM,13,critical account/other credits existing,domestic appliances,882,... < 100 DM,... < 1 year,4,male : single,guarantor,4,real estate,23,none,own,2,skilled employee/official,1,no,yes,1,0,10305111993790461986
0 <= ... < 200 DM,24,existing credits paid back duly till now,domestic appliances,3758,500 <= ... < 1000 DM,unemployed,1,female : divorced/separated/married,none,4,unknown/no property,23,none,rent,1,unemployed/unskilled - non-resident,1,no,yes,1,0,2139278094504868322
no checking account,6,delay in paying off in the past,others,1743,100 <= ... < 500 DM,1 <= ... < 4 years,1,male : single,none,2,real estate,34,none,own,2,unskilled - resident,1,no,yes,1,0,4472829593935192683
0 <= ... < 200 DM,9,critical account/other credits existing,retraining,1136,... >= 1000 DM,... >= 7 years,4,male : single,none,3,unknown/no property,32,none,for free,2,skilled employee/official,2,no,yes,0,1,188701007203122782
no checking account,9,existing credits paid back duly till now,repairs,1236,... < 100 DM,... < 1 year,1,female : divorced/separated/married,none,4,real estate,23,none,rent,1,skilled employee/official,1,yes,yes,1,0,2189263879032101086
0 <= ... < 200 DM,9,existing credits paid back duly till now,radio/television,959,... < 100 DM,1 <= ... < 4 years,1,female : divorced/separated/married,none,2,car or other,29,none,own,1,skilled employee/official,1,no,no,0,1,8018100548575585989
no checking account,18,critical account/other credits existing,car (used),3229,unknown/no savings account,unemployed,2,male : single,none,4,unknown/no property,38,none,own,1,management/self-employed/highly qualified employee/officer,1,yes,yes,1,0,15149529952668976756
... < 100 DM,12,no credits taken/all credits paid back duly,domestic appliances,6199,... < 100 DM,1 <= ... < 4 years,4,male : single,none,2,building society savings agreement/life insurance,28,none,rent,2,skilled employee/official,1,yes,yes,0,1,2901983639273687298
no checking account,10,existing credits paid back duly till now,retraining,727,500 <= ... < 1000 DM,... >= 7 years,4,male : single,none,4,unknown/no property,46,none,for free,1,skilled employee/official,1,yes,yes,1,0,16065037174968917106
0 <= ... < 200 DM,24,existing credits paid back duly till now,car (new),1246,... < 100 DM,... < 1 year,4,male : single,none,2,real estate,23,stores,own,1,unskilled - resident,1,no,yes,0,1,8608214045590098515
no checking account,12,critical account/other credits existing,domestic appliances,2331,unknown/no savings account,... >= 7 years,1,male : single,co-applicant,4,real estate,49,none,own,1,skilled employee/official,1,yes,yes,1,0,13563883911617213165
no checking account,36,delay in paying off in the past,domestic appliances,4463,... < 100 DM,1 <= ... < 4 years,4,male : single,none,2,car or other,26,none,own,2,management/self-employed/highly qualified employee/officer,1,yes,yes,0,1,16821101422603302309
no checking account,12,existing credits paid back duly till now,domestic appliances,776,... < 100 DM,1 <= ... < 4 years,4,male : married/widowed,none,2,real estate,28,none,own,1,skilled employee/official,1,no,yes,1,0,5222347038594859498
... < 100 DM,30,existing credits paid back duly till now,radio/television,2406,... < 100 DM,4 <= ... < 7 years,4,female : divorced/separated/married,none,4,real estate,23,none,rent,1,skilled employee/official,1,no,yes,0,1,15882751655486637642
0 <= ... < 200 DM,18,existing credits paid back duly till now,retraining,1239,unknown/no savings account,1 <= ... < 4 years,4,male : single,none,4,unknown/no property,61,none,for free,1,skilled employee/official,1,no,yes,1,0,10804272912516340596
... >= 200 DM / salary for at least 1 year,12,existing credits paid back duly till now,domestic appliances,3399,unknown/no savings account,... >= 7 years,2,male : single,none,3,car or other,37,none,own,1,management/self-employed/highly qualified employee/officer,1,no,yes,1,0,13737184615447011010
... >= 200 DM / salary for at least 1 year,12,delay in paying off in the past,car (new),2247,... < 100 DM,1 <= ... < 4 years,2,female : divorced/separated/married,none,2,car or other,36,stores,own,2,skilled employee/official,1,yes,yes,1,0,16348372944337554465
no checking account,6,existing credits paid back duly till now,radio/television,1766,... < 100 DM,1 <= ... < 4 years,1,male : married/widowed,none,2,building society savings agreement/life insurance,21,none,rent,1,skilled employee/official,1,no,yes,1,0,4799100939602656127
... < 100 DM,18,existing credits paid back duly till now,radio/television,2473,... < 100 DM,unemployed,4,male : single,none,1,car or other,25,none,own,1,unemployed/unskilled - non-resident,1,no,yes,0,1,9326094657895636597
no checking account,12,existing credits paid back duly till now,others,1542,... < 100 DM,4 <= ... < 7 years,2,male : single,none,4,car or other,36,none,own,1,skilled employee/official,1,yes,yes,1,0,14313233845988779015
no checking account,18,critical account/other credits existing,car (used),3850,... < 100 DM,4 <= ... < 7 years,3,male : single,none,1,car or other,27,none,own,2,skilled employee/official,1,no,yes,1,0,11266661040734703683
... < 100 DM,18,existing credits paid back duly till now,radio/television,3650,... < 100 DM,... < 1 year,1,female : divorced/separated/married,none,4,car or other,22,none,rent,1,skilled employee/official,1,no,yes,1,0,3239639236864081998
... < 100 DM,36,existing credits paid back duly till now,radio/television,3446,... < 100 DM,... >= 7 years,4,male : single,none,2,car or other,42,none,own,1,skilled employee/official,2,no,yes,0,1,16510354072928952503
0 <= ... < 200 DM,18,existing credits paid back duly till now,radio/television,3001,... < 100 DM,4 <= ... < 7 years,2,female : divorced/separated/married,none,4,real estate,40,none,rent,1,skilled employee/official,1,no,yes,1,0,10620962835379500611
no checking account,36,existing credits paid back duly till now,car (new),3079,unknown/no savings account,1 <= ... < 4 years,4,male : single,none,4,real estate,36,none,own,1,skilled employee/official,1,no,yes,1,0,10248826861524869764
no checking account,18,critical account/other credits existing,domestic appliances,6070,... < 100 DM,... >= 7 years,3,male : single,none,4,car or other,33,none,own,2,skilled employee/official,1,yes,yes,1,0,5078293720294512021
no checking account,10,critical account/other credits existing,radio/television,2146,... < 100 DM,... < 1 year,1,female : divorced/separated/married,none,3,real estate,23,none,rent,2,skilled employee/official,1,no,yes,1,0,12011284504450681731
no checking account,60,critical account/other credits existing,car (new),13756,unknown/no savings account,... >= 7 years,2,male : single,none,4,unknown/no property,63,bank,for free,1,management/self-employed/highly qualified employee/officer,1,yes,yes,1,0,7528492147340156283
0 <= ... < 200 DM,60,all credits at this bank paid back duly,furniture/equipment,14782,100 <= ... < 500 DM,... >= 7 years,3,female : divorced/separated/married,none,4,unknown/no property,60,bank,for free,2,management/self-employed/highly qualified employee/officer,1,yes,yes,0,1,17771612247957254203
... < 100 DM,48,all credits at this bank paid back duly,others,7685,... < 100 DM,4 <= ... < 7 years,2,female : divorced/separated/married,guarantor,4,car or other,37,none,rent,1,skilled employee/official,1,no,yes,0,1,10108944173069276982
no checking account,18,delay in paying off in the past,domestic appliances,2320,... < 100 DM,unemployed,2,male : married/widowed,none,3,real estate,34,none,own,2,skilled employee/official,1,no,yes,1,0,15341342317089840403
no checking account,7,delay in paying off in the past,domestic appliances,846,unknown/no savings account,... >= 7 years,3,male : single,none,4,unknown/no property,36,none,for free,1,skilled employee/official,1,no,yes,1,0,1242671408864062024
0 <= ... < 200 DM,36,existing credits paid back duly till now,car (new),14318,... < 100 DM,... >= 7 years,4,male : single,none,2,unknown/no property,57,none,for free,1,management/self-employed/highly qualified employee/officer,1,yes,yes,0,1,6234648322954492080
no checking account,6,critical account/other credits existing,car (new),362,100 <= ... < 500 DM,1 <= ... < 4 years,4,female : divorced/separated/married,none,4,car or other,52,none,own,2,unskilled - resident,1,no,yes,1,0,384752025464683470
... < 100 DM,20,existing credits paid back duly till now,radio/television,2212,unknown/no savings account,4 <= ... < 7 years,4,male : single,none,4,car or other,39,none,own,1,skilled employee/official,1,yes,yes,1,0,7978701401856676578
0 <= ... < 200 DM,18,existing credits paid back duly till now,car (used),12976,... < 100 DM,unemployed,3,female : divorced/separated/married,none,4,unknown/no property,38,none,for free,1,management/self-employed/highly qualified employee/officer,1,yes,yes,0,1,4399137810235742297
no checking account,22,existing credits paid back duly till now,car (new),1283,unknown/no savings account,4 <= ... < 7 years,4,female : divorced/separated/married,none,4,building society savings agreement/life insurance,25,none,rent,1,skilled employee/official,1,no,yes,1,0,735563656964780822
... >= 200 DM / salary for at least 1 year,12,existing credits paid back duly till now,car (new),1330,... < 100 DM,... < 1 year,4,male : single,none,1,real estate,26,none,own,1,skilled employee/official,1,no,yes,1,0,2197284885750720728
no checking account,30,delay in paying off in the past,others,4272,100 <= ... < 500 DM,1 <= ... < 4 years,2,male : single,none,2,building society savings agreement/life insurance,26,none,own,2,unskilled - resident,1,no,yes,1,0,11353688046878402349
no checking account,18,critical account/other credits existing,domestic appliances,2238,... < 100 DM,1 <= ... < 4 years,2,female : divorced/separated/married,none,1,car or other,25,none,own,2,skilled employee/official,1,no,yes,1,0,5445096355225227128
no checking account,18,existing credits paid back duly till now,domestic appliances,1126,unknown/no savings account,... < 1 year,4,female : divorced/separated/married,none,2,real estate,21,none,rent,1,skilled employee/official,1,yes,yes,1,0,7081212403518814389
0 <= ... < 200 DM,18,critical account/other credits existing,radio/television,7374,... < 100 DM,unemployed,4,male : single,none,4,building society savings agreement/life insurance,40,stores,own,2,management/self-employed/highly qualified employee/officer,1,yes,yes,1,0,198487761568725133
0 <= ... < 200 DM,15,critical account/other credits existing,others,2326,500 <= ... < 1000 DM,1 <= ... < 4 years,2,male : single,none,4,car or other,27,bank,own,1,skilled employee/official,1,no,yes,1,0,2716887785736790494
no checking account,9,existing credits paid back duly till now,others,1449,... < 100 DM,4 <= ... < 7 years,3,female : divorced/separated/married,none,2,car or other,27,none,own,2,skilled employee/official,1,no,yes,1,0,10047229204816027124
no checking account,18,existing credits paid back duly till now,car (new),1820,... < 100 DM,1 <= ... < 4 years,2,male : married/widowed,none,2,building society savings agreement/life insurance,30,none,own,1,management/self-employed/highly qualified employee/officer,1,yes,yes,1,0,14488374339100384039
0 <= ... < 200 DM,12,existing credits paid back duly till now,radio/television,983,... >= 1000 DM,... < 1 year,1,female : divorced/separated/married,none,4,real estate,19,none,rent,1,unskilled - resident,1,no,yes,1,0,3656633326010148528
... < 100 DM,36,existing credits paid back duly till now,car (new),3249,... < 100 DM,4 <= ... < 7 years,2,male : single,none,4,unknown/no property,39,bank,for free,1,management/self-employed/highly qualified employee/officer,2,yes,yes,1,0,7548495410052338660
... < 100 DM,6,critical account/other credits existing,domestic appliances,1957,... < 100 DM,4 <= ... < 7 years,1,female : divorced/separated/married,none,4,car or other,31,none,own,1,skilled employee/official,1,no,yes,1,0,2609435207849210139
no checking account,9,critical account/other credits existing,radio/television,2406,... < 100 DM,unemployed,2,male : single,none,3,car or other,31,none,own,1,management/self-employed/highly qualified employee/officer,1,no,yes,1,0,7673613372149563543
0 <= ... < 200 DM,39,delay in paying off in the past,retraining,11760,100 <= ... < 500 DM,4 <= ... < 7 years,2,male : single,none,3,unknown/no property,32,none,rent,1,skilled employee/official,1,yes,yes,1,0,9742364398720536042
... < 100 DM,12,existing credits paid back duly till now,radio/television,2578,... < 100 DM,unemployed,3,female : divorced/separated/married,none,4,unknown/no property,55,none,for free,1,management/self-employed/highly qualified employee/officer,1,no,yes,1,0,11656629957486186521
... < 100 DM,36,critical account/other credits existing,radio/television,2348,... < 100 DM,1 <= ... < 4 years,3,male : married/widowed,none,2,building society savings agreement/life insurance,46,none,own,2,skilled employee/official,1,yes,yes,1,0,5389968062101162179
0 <= ... < 200 DM,12,existing credits paid back duly till now,car (new),1223,... < 100 DM,... >= 7 years,1,male : divorced/separated,none,1,real estate,46,none,rent,2,skilled employee/official,1,no,yes,0,1,446030897719233694
no checking account,24,critical account/other credits existing,domestic appliances,1516,... >= 1000 DM,1 <= ... < 4 years,4,female : divorced/separated/married,none,1,real estate,43,none,own,2,unskilled - resident,1,no,yes,1,0,6872841346476996846
no checking account,18,existing credits paid back duly till now,domestic appliances,1473,... < 100 DM,... < 1 year,3,male : married/widowed,none,4,real estate,39,none,own,1,skilled employee/official,1,yes,yes,1,0,14191566673530063802
0 <= ... < 200 DM,18,critical account/other credits existing,others,1887,unknown/no savings account,1 <= ... < 4 years,4,male : married/widowed,none,4,real estate,28,bank,own,2,skilled employee/official,1,no,yes,1,0,12295947204674707403
no checking account,24,delay in paying off in the past,others,8648,... < 100 DM,... < 1 year,2,male : single,none,2,car or other,27,bank,own,2,skilled employee/official,1,yes,yes,0,1,14355942294200635666
no checking account,14,delay in paying off in the past,car (new),802,... < 100 DM,1 <= ... < 4 years,4,male : single,none,2,car or other,27,none,own,2,unskilled - resident,1,no,yes,1,0,17397022250631693075
0 <= ... < 200 DM,18,delay in paying off in the past,car (new),2899,unknown/no savings account,... >= 7 years,4,male : single,none,4,car or other,43,none,own,1,skilled employee/official,2,no,yes,1,0,13724707083407563802
0 <= ... < 200 DM,24,existing credits paid back duly till now,domestic appliances,2039,... < 100 DM,... < 1 year,1,male : married/widowed,none,1,building society savings agreement/life insurance,22,none,own,1,skilled employee/official,1,yes,yes,0,1,8055514063825651724
no checking account,24,critical account/other credits existing,car (used),2197,unknown/no savings account,4 <= ... < 7 years,4,male : single,none,4,car or other,43,none,own,2,skilled employee/official,2,yes,yes,1,0,3172214610741473222
... < 100 DM,15,existing credits paid back duly till now,domestic appliances,1053,... < 100 DM,... < 1 year,4,male : married/widowed,none,2,real estate,27,none,own,1,skilled employee/official,1,no,no,1,0,6238490311191300741
no checking account,24,existing credits paid back duly till now,domestic appliances,3235,500 <= ... < 1000 DM,... >= 7 years,3,male : divorced/separated,none,2,car or other,26,none,own,1,management/self-employed/highly qualified employee/officer,1,yes,yes,1,0,4277876541482223461
... >= 200 DM / salary for at least 1 year,12,critical account/other credits existing,car (new),939,500 <= ... < 1000 DM,4 <= ... < 7 years,4,male : married/widowed,none,2,real estate,28,none,own,3,skilled employee/official,1,yes,yes,0,1,7412519053316173144
0 <= ... < 200 DM,24,existing credits paid back duly till now,domestic appliances,1967,... < 100 DM,... >= 7 years,4,female : divorced/separated/married,none,4,car or other,20,none,own,1,skilled employee/official,1,yes,yes,1,0,16575750889437258310
no checking account,33,critical account/other credits existing,car (used),7253,... < 100 DM,4 <= ... < 7 years,3,male : single,none,2,car or other,35,none,own,2,management/self-employed/highly qualified employee/officer,1,yes,yes,1,0,9254255208705663050
no checking account,12,critical account/other credits existing,others,2292,... < 100 DM,unemployed,4,male : single,none,2,car or other,42,stores,own,2,management/self-employed/highly qualified employee/officer,1,yes,yes,0,1,3418379719839897480
no checking account,10,existing credits paid back duly till now,car (new),1597,500 <= ... < 1000 DM,1 <= ... < 4 years,3,male : single,none,2,unknown/no property,40,none,rent,1,unskilled - resident,2,no,no,1,0,16914217565758162286
... < 100 DM,24,existing credits paid back duly till now,car (new),1381,unknown/no savings account,1 <= ... < 4 years,4,female : divorced/separated/married,none,2,building society savings agreement/life insurance,35,none,own,1,skilled employee/official,1,no,yes,0,1,15349761056916085977
no checking account,36,critical account/other credits existing,car (used),5842,... < 100 DM,... >= 7 years,2,male : single,none,2,building society savings agreement/life insurance,35,none,own,2,skilled employee/official,2,yes,yes,1,0,3028864080822575007
... < 100 DM,12,existing credits paid back duly till now,car (new),2579,... < 100 DM,... < 1 year,4,male : single,none,1,real estate,33,none,own,1,unskilled - resident,2,no,yes,0,1,12766037074736086421
... < 100 DM,18,delay in paying off in the past,retraining,8471,unknown/no savings account,1 <= ... < 4 years,1,female : divorced/separated/married,none,2,car or other,23,none,rent,2,skilled employee/official,1,yes,yes,1,0,6231013012463323380
no checking account,21,existing credits paid back duly till now,car (new),2782,500 <= ... < 1000 DM,4 <= ... < 7 years,1,female : divorced/separated/married,none,2,car or other,31,bank,own,1,management/self-employed/highly qualified employee/officer,1,no,yes,1,0,1288922081361757039
0 <= ... < 200 DM,18,existing credits paid back duly till now,car (new),1042,unknown/no savings account,1 <= ... < 4 years,4,female : divorced/separated/married,none,2,building society savings agreement/life insurance,33,none,own,1,skilled employee/official,1,no,yes,0,1,14146377532529998176
no checking account,15,existing credits paid back duly till now,car (new),3186,... >= 1000 DM,4 <= ... < 7 years,2,female : divorced/separated/married,none,3,car or other,20,none,rent,1,skilled employee/official,1,no,yes,1,0,16078896671017950070
0 <= ... < 200 DM,12,existing credits paid back duly till now,car (used),2028,unknown/no savings account,1 <= ... < 4 years,4,male : single,none,2,car or other,30,none,own,1,skilled employee/official,1,no,yes,1,0,3095768079241873133
0 <= ... < 200 DM,12,critical account/other credits existing,car (new),958,... < 100 DM,4 <= ... < 7 years,2,male : single,none,3,real estate,47,none,own,2,unskilled - resident,2,no,yes,1,0,15270142037884819596
no checking account,21,delay in paying off in the past,radio/television,1591,100 <= ... < 500 DM,4 <= ... < 7 years,4,male : single,none,3,real estate,34,none,own,2,management/self-employed/highly qualified employee/officer,1,no,yes,1,0,9032213541076097981
0 <= ... < 200 DM,12,existing credits paid back duly till now,radio/television,2762,unknown/no savings account,... >= 7 years,1,female : divorced/separated/married,none,2,building society savings agreement/life insurance,25,bank,own,1,skilled employee/official,1,yes,yes,0,1,10199037661801328161
0 <= ... < 200 DM,18,existing credits paid back duly till now,car (used),2779,... < 100 DM,1 <= ... < 4 years,1,male : married/widowed,none,3,car or other,21,none,rent,1,skilled employee/official,1,yes,yes,1,0,1253895188674659388
no checking account,28,critical account/other credits existing,domestic appliances,2743,... < 100 DM,... >= 7 years,4,male : single,none,2,car or other,29,none,own,2,skilled employee/official,1,no,yes,1,0,10876905211781415057
no checking account,18,critical account/other credits existing,domestic appliances,1149,... >= 1000 DM,1 <= ... < 4 years,4,male : single,none,3,real estate,46,none,own,2,skilled employee/official,1,no,yes,1,0,13174568260338527026
no checking account,9,existing credits paid back duly till now,radio/television,1313,... < 100 DM,... >= 7 years,1,male : single,none,4,car or other,20,none,own,1,skilled employee/official,1,no,yes,1,0,15177078277249081376
... < 100 DM,18,critical account/other credits existing,education,1190,... < 100 DM,unemployed,2,female : divorced/separated/married,none,4,unknown/no property,55,none,for free,3,unemployed/unskilled - non-resident,2,no,yes,0,1,2782102823544287197
no checking account,5,existing credits paid back duly till now,others,3448,... < 100 DM,4 <= ... < 7 years,1,male : single,none,4,real estate,74,none,own,1,unskilled - resident,1,no,yes,1,0,2363036142956263911
0 <= ... < 200 DM,24,existing credits paid back duly till now,furniture/equipment,11328,... < 100 DM,1 <= ... < 4 years,2,male : single,co-applicant,3,car or other,29,bank,own,2,management/self-employed/highly qualified employee/officer,1,yes,yes,0,1,9931069292658043840
... < 100 DM,6,critical account/other credits existing,radio/television,1872,... < 100 DM,unemployed,4,male : single,none,4,unknown/no property,36,none,for free,3,management/self-employed/highly qualified employee/officer,1,yes,yes,1,0,5595305538877018391
no checking account,24,critical account/other credits existing,education,2058,... < 100 DM,1 <= ... < 4 years,4,male : divorced/separated,none,2,real estate,33,none,own,2,skilled employee/official,1,yes,yes,1,0,15095499599906806904
... < 100 DM,9,existing credits paid back duly till now,radio/television,2136,... < 100 DM,1 <= ... < 4 years,3,male : single,none,2,real estate,25,none,own,1,skilled employee/official,1,no,yes,1,0,15538081519265550558
0 <= ... < 200 DM,12,existing credits paid back duly till now,domestic appliances,1484,unknown/no savings account,1 <= ... < 4 years,2,male : married/widowed,none,1,real estate,25,none,own,1,skilled employee/official,1,yes,yes,0,1,3024449699700686499
no checking account,6,existing credits paid back duly till now,education,660,500 <= ... < 1000 DM,4 <= ... < 7 years,2,male : married/widowed,none,4,real estate,23,none,rent,1,unskilled - resident,1,no,yes,1,0,4372914736926116513
no checking account,24,critical account/other credits existing,car (new),1287,... >= 1000 DM,... >= 7 years,4,female : divorced/separated/married,none,4,real estate,37,none,own,2,skilled employee/official,1,yes,yes,1,0,14160270616088642768
... < 100 DM,42,critical account/other credits existing,education,3394,... < 100 DM,unemployed,4,male : single,co-applicant,4,car or other,65,none,own,2,unemployed/unskilled - non-resident,1,no,yes,1,0,9860655572308813857
... >= 200 DM / salary for at least 1 year,12,all credits at this bank paid back duly,others,609,... < 100 DM,... < 1 year,4,female : divorced/separated/married,none,1,real estate,26,none,own,1,unemployed/unskilled - non-resident,1,no,yes,0,1,7541594437659008860
no checking account,12,existing credits paid back duly till now,car (new),1884,... < 100 DM,... >= 7 years,4,male : single,none,4,car or other,39,none,own,1,management/self-employed/highly qualified employee/officer,1,yes,yes,1,0,16546219507518567997
... < 100 DM,12,existing credits paid back duly till now,radio/television,1620,... < 100 DM,1 <= ... < 4 years,2,female : divorced/separated/married,co-applicant,3,building society savings agreement/life insurance,30,none,own,1,skilled employee/official,1,no,yes,1,0,13115148854399626515
0 <= ... < 200 DM,20,delay in paying off in the past,furniture/equipment,2629,... < 100 DM,1 <= ... < 4 years,2,male : single,none,3,car or other,29,bank,own,2,skilled employee/official,1,yes,yes,1,0,14765240019238141732
no checking account,12,existing credits paid back duly till now,retraining,719,... < 100 DM,... >= 7 years,4,male : single,none,4,car or other,41,bank,own,1,unskilled - resident,2,no,yes,0,1,1045173843256485448
0 <= ... < 200 DM,48,critical account/other credits existing,radio/television,5096,... < 100 DM,1 <= ... < 4 years,2,female : divorced/separated/married,none,3,car or other,30,none,own,1,management/self-employed/highly qualified employee/officer,1,yes,yes,0,1,876152980492357920
no checking account,9,critical account/other credits existing,retraining,1244,unknown/no savings account,... >= 7 years,4,female : divorced/separated/married,none,4,building society savings agreement/life insurance,41,none,rent,2,unskilled - resident,1,no,yes,1,0,6233269313541521645
... < 100 DM,36,existing credits paid back duly till now,car (new),1842,... < 100 DM,... < 1 year,4,female : divorced/separated/married,none,4,car or other,34,none,own,1,skilled employee/official,1,yes,yes,0,1,17659529917445712054
0 <= ... < 200 DM,7,existing credits paid back duly till now,domestic appliances,2576,... < 100 DM,1 <= ... < 4 years,2,male : single,guarantor,2,real estate,35,none,own,1,skilled employee/official,1,no,yes,1,0,14289188624484980894
... >= 200 DM / salary for at least 1 year,12,existing credits paid back duly till now,radio/television,1424,unknown/no savings account,... >= 7 years,3,female : divorced/separated/married,none,4,real estate,55,none,own,1,management/self-employed/highly qualified employee/officer,1,yes,yes,1,0,1379223529422705000
0 <= ... < 200 DM,15,delay in paying off in the past,education,1512,... >= 1000 DM,1 <= ... < 4 years,3,male : married/widowed,none,3,building society savings agreement/life insurance,61,stores,own,2,skilled employee/official,1,no,yes,0,1,5929353347115379072
no checking account,36,critical account/other credits existing,car (used),11054,unknown/no savings account,1 <= ... < 4 years,4,male : single,none,2,car or other,30,none,own,1,management/self-employed/highly qualified employee/officer,1,yes,yes,1,0,6480813487561755813
no checking account,6,existing credits paid back duly till now,domestic appliances,518,... < 100 DM,1 <= ... < 4 years,3,female : divorced/separated/married,none,1,real estate,29,none,own,1,skilled employee/official,1,no,yes,1,0,17233196664063095641
no checking account,12,no credits taken/all credits paid back duly,radio/television,2759,... < 100 DM,... >= 7 years,2,male : single,none,4,building society savings agreement/life insurance,34,none,own,2,skilled employee/official,1,no,yes,1,0,1383328614487282770
no checking account,24,existing credits paid back duly till now,car (used),2670,... < 100 DM,... >= 7 years,4,male : single,none,4,car or other,35,none,own,1,management/self-employed/highly qualified employee/officer,1,yes,yes,1,0,6633201371111320689
... < 100 DM,24,existing credits paid back duly till now,car (new),4817,... < 100 DM,4 <= ... < 7 years,2,male : single,co-applicant,3,building society savings agreement/life insurance,31,none,own,1,skilled employee/official,1,yes,yes,0,1,13396903837273981078
no checking account,24,existing credits paid back duly till now,car (used),2679,... < 100 DM,... < 1 year,4,female : divorced/separated/married,none,1,unknown/no property,29,none,own,1,management/self-employed/highly qualified employee/officer,1,yes,yes,1,0,14804722844247541400
... < 100 DM,11,critical account/other credits existing,car (new),3905,... < 100 DM,1 <= ... < 4 years,2,male : single,none,2,real estate,36,none,rent,2,skilled employee/official,2,no,yes,1,0,11449086654947724476
... < 100 DM,12,existing credits paid back duly till now,car (used),3386,... < 100 DM,... >= 7 years,3,male : single,none,4,unknown/no property,35,none,for free,1,skilled employee/official,1,yes,yes,0,1,16836155627179094314
... < 100 DM,6,existing credits paid back duly till now,repairs,343,... < 100 DM,... < 1 year,4,female : divorced/separated/married,none,1,real estate,27,none,own,1,skilled employee/official,1,no,yes,1,0,7313824476990091930
no checking account,18,existing credits paid back duly till now,domestic appliances,4594,... < 100 DM,... < 1 year,3,male : single,none,2,car or other,32,none,own,1,skilled employee/official,1,yes,yes,1,0,10520314766207419127
... < 100 DM,36,existing credits paid back duly till now,radio/television,3620,... < 100 DM,1 <= ... < 4 years,1,male : single,guarantor,2,building society savings agreement/life insurance,37,none,own,1,skilled employee/official,2,no,yes,1,0,12652751255681730381
... < 100 DM,15,existing credits paid back duly till now,car (new),1721,... < 100 DM,... < 1 year,2,male : single,none,3,real estate,36,none,own,1,skilled employee/official,1,no,yes,1,0,17983855398768784316
0 <= ... < 200 DM,12,existing credits paid back duly till now,radio/television,3017,... < 100 DM,... < 1 year,3,female : divorced/separated/married,none,1,real estate,34,none,rent,1,management/self-employed/highly qualified employee/officer,1,no,yes,1,0,11343865375355337391
0 <= ... < 200 DM,12,existing credits paid back duly till now,business,754,unknown/no savings account,... >= 7 years,4,male : single,none,4,building society savings agreement/life insurance,38,none,own,2,skilled employee/official,1,no,yes,1,0,6747497835104921579
no checking account,18,existing credits paid back duly till now,others,1950,... < 100 DM,4 <= ... < 7 years,4,male : single,none,1,car or other,34,stores,own,2,skilled employee/official,1,yes,yes,1,0,7173726492003094345
... < 100 DM,24,existing credits paid back duly till now,car (used),2924,... < 100 DM,1 <= ... < 4 years,3,male : single,guarantor,4,unknown/no property,63,bank,own,1,skilled employee/official,2,yes,yes,1,0,6387623946144319014
... < 100 DM,24,delay in paying off in the past,domestic appliances,1659,... < 100 DM,... < 1 year,4,female : divorced/separated/married,none,2,car or other,29,none,rent,1,unskilled - resident,1,yes,yes,0,1,16910986120823536483
no checking account,48,delay in paying off in the past,domestic appliances,7238,unknown/no savings account,... >= 7 years,3,male : single,none,3,car or other,32,bank,own,2,skilled employee/official,2,no,yes,1,0,1442747186142018131
no checking account,33,delay in paying off in the past,others,2764,... < 100 DM,1 <= ... < 4 years,2,female : divorced/separated/married,none,2,car or other,26,none,own,2,skilled employee/official,1,yes,yes,1,0,6872811367339760951
no checking account,24,delay in paying off in the past,car (used),4679,... < 100 DM,4 <= ... < 7 years,3,male : single,none,3,car or other,35,none,own,2,unskilled - resident,1,yes,yes,1,0,13276365111493095828
0 <= ... < 200 DM,24,existing credits paid back duly till now,domestic appliances,3092,100 <= ... < 500 DM,... < 1 year,3,male : married/widowed,none,2,car or other,22,none,rent,1,skilled employee/official,1,yes,yes,0,1,434947837573939924
... < 100 DM,6,existing credits paid back duly till now,retraining,448,... < 100 DM,... < 1 year,4,female : divorced/separated/married,none,4,building society savings agreement/life insurance,23,none,own,1,skilled employee/official,1,no,yes,0,1,12045601712495102623
... < 100 DM,9,existing credits paid back duly till now,car (new),654,... < 100 DM,1 <= ... < 4 years,4,male : single,none,3,car or other,28,none,own,1,unskilled - resident,1,no,yes,0,1,12332439794286561720
no checking account,6,existing credits paid back duly till now,business,1238,unknown/no savings account,unemployed,4,male : single,none,4,building society savings agreement/life insurance,36,none,own,1,management/self-employed/highly qualified employee/officer,2,yes,yes,1,0,17168702209523000187
0 <= ... < 200 DM,18,critical account/other credits existing,domestic appliances,1245,... < 100 DM,1 <= ... < 4 years,4,male : married/widowed,none,2,car or other,33,none,own,1,skilled employee/official,1,no,yes,0,1,5516722804302168214
... < 100 DM,18,no credits taken/all credits paid back duly,radio/television,3114,... < 100 DM,... < 1 year,1,female : divorced/separated/married,none,4,building society savings agreement/life insurance,26,none,rent,1,skilled employee/official,1,no,yes,0,1,11133324427757817195
no checking account,39,existing credits paid back duly till now,car (used),2569,500 <= ... < 1000 DM,1 <= ... < 4 years,4,male : single,none,4,car or other,24,none,own,1,skilled employee/official,1,no,yes,1,0,15802106335308797038
... >= 200 DM / salary for at least 1 year,24,existing credits paid back duly till now,domestic appliances,5152,... < 100 DM,4 <= ... < 7 years,4,male : single,none,2,car or other,25,bank,own,1,skilled employee/official,1,no,yes,1,0,304999111821297424
0 <= ... < 200 DM,12,existing credits paid back duly till now,others,1037,100 <= ... < 500 DM,4 <= ... < 7 years,3,male : single,none,4,real estate,39,none,own,1,unskilled - resident,1,no,yes,1,0,10837854979216100683
... < 100 DM,15,critical account/other credits existing,radio/television,1478,... < 100 DM,... >= 7 years,4,male : single,none,4,car or other,44,none,own,2,skilled employee/official,2,yes,yes,1,0,9016384958151887877
0 <= ... < 200 DM,12,critical account/other credits existing,domestic appliances,3573,... < 100 DM,1 <= ... < 4 years,1,female : divorced/separated/married,none,1,real estate,23,none,own,1,unskilled - resident,1,no,yes,1,0,11479647418993256199
0 <= ... < 200 DM,24,existing credits paid back duly till now,car (new),1201,... < 100 DM,... < 1 year,4,male : single,none,1,building society savings agreement/life insurance,26,none,own,1,skilled employee/official,1,no,yes,1,0,877149130806350735
... < 100 DM,30,existing credits paid back duly till now,radio/television,3622,... >= 1000 DM,... >= 7 years,4,female : divorced/separated/married,none,4,building society savings agreement/life insurance,57,none,rent,2,skilled employee/official,1,yes,yes,1,0,16972459338063111105
no checking account,15,delay in paying off in the past,radio/television,960,... >= 1000 DM,4 <= ... < 7 years,3,female : divorced/separated/married,none,2,building society savings agreement/life insurance,30,none,own,2,skilled employee/official,1,no,yes,1,0,5273550121948379303
no checking account,12,critical account/other credits existing,car (new),1163,500 <= ... < 1000 DM,1 <= ... < 4 years,4,male : single,none,4,real estate,44,none,own,1,skilled employee/official,1,yes,yes,1,0,17940616326191919054
0 <= ... < 200 DM,6,delay in paying off in the past,car (new),1209,... < 100 DM,unemployed,4,male : single,none,4,building society savings agreement/life insurance,47,none,own,1,management/self-employed/highly qualified employee/officer,1,yes,yes,0,1,17115302265836187088
no checking account,12,existing credits paid back duly till now,domestic appliances,3077,... < 100 DM,1 <= ... < 4 years,2,male : single,none,4,car or other,52,none,own,1,skilled employee/official,1,yes,yes,1,0,2625721829246299107
no checking account,24,existing credits paid back duly till now,car (new),3757,... < 100 DM,... >= 7 years,4,female : divorced/separated/married,co-applicant,4,unknown/no property,62,none,for free,1,skilled employee/official,1,yes,yes,1,0,15361099022080363699
no checking account,10,existing credits paid back duly till now,car (new),1418,100 <= ... < 500 DM,1 <= ... < 4 years,3,male : single,none,2,real estate,35,none,rent,1,unskilled - resident,1,no,no,1,0,11368843949228895404
no checking account,6,existing credits paid back duly till now,car (new),3518,... < 100 DM,1 <= ... < 4 years,2,male : single,guarantor,3,building society savings agreement/life insurance,26,none,rent,1,skilled employee/official,1,no,yes,1,0,7721436952387305992
no checking account,12,critical account/other credits existing,domestic appliances,1934,... < 100 DM,... >= 7 years,2,male : single,none,2,unknown/no property,26,none,own,2,skilled employee/official,1,no,yes,1,0,15668889737851023505
0 <= ... < 200 DM,27,no credits taken/all credits paid back duly,others,8318,... < 100 DM,... >= 7 years,2,female : divorced/separated/married,none,4,unknown/no property,42,none,for free,2,management/self-employed/highly qualified employee/officer,1,yes,yes,0,1,15987112577868309159
no checking account,6,critical account/other credits existing,domestic appliances,1237,100 <= ... < 500 DM,1 <= ... < 4 years,1,female : divorced/separated/married,none,1,building society savings agreement/life insurance,27,none,own,2,skilled employee/official,1,no,yes,1,0,13097757880612495974
0 <= ... < 200 DM,6,existing credits paid back duly till now,domestic appliances,368,unknown/no savings account,... >= 7 years,4,male : single,none,4,building society savings agreement/life insurance,38,none,own,1,skilled employee/official,1,no,yes,1,0,9165971931924645890
... < 100 DM,12,critical account/other credits existing,car (new),2122,... < 100 DM,1 <= ... < 4 years,3,male : single,none,2,real estate,39,none,rent,2,unskilled - resident,2,no,no,1,0,393923807812797339
... < 100 DM,24,existing credits paid back duly till now,radio/television,2996,unknown/no savings account,1 <= ... < 4 years,2,male : married/widowed,none,4,car or other,20,none,own,1,skilled employee/official,1,no,yes,0,1,13163448813156026287
0 <= ... < 200 DM,36,existing credits paid back duly till now,radio/television,9034,100 <= ... < 500 DM,... < 1 year,4,male : single,co-applicant,1,unknown/no property,29,none,rent,1,management/self-employed/highly qualified employee/officer,1,yes,yes,0,1,14933054746886901250
no checking account,24,critical account/other credits existing,radio/television,1585,... < 100 DM,4 <= ... < 7 years,4,male : single,none,3,building society savings agreement/life insurance,40,none,own,2,skilled employee/official,1,no,yes,1,0,2673458725995864290
0 <= ... < 200 DM,18,existing credits paid back duly till now,domestic appliances,1301,... < 100 DM,... >= 7 years,4,male : married/widowed,guarantor,2,real estate,32,none,own,1,unskilled - resident,1,no,yes,1,0,14076182325045042191
... >= 200 DM / salary for at least 1 year,6,critical account/other credits existing,car (new),1323,100 <= ... < 500 DM,... >= 7 years,2,male : divorced/separated,none,4,car or other,28,none,own,2,skilled employee/official,2,yes,yes,1,0,6432492429289121808
... < 100 DM,24,existing credits paid back duly till now,car (new),3123,... < 100 DM,... < 1 year,4,female : divorced/separated/married,none,1,building society savings agreement/life insurance,27,none,own,1,skilled employee/official,1,no,yes,0,1,16612018312296552736
... < 100 DM,36,existing credits paid back duly till now,car (used),5493,... < 100 DM,... >= 7 years,2,male : single,none,4,unknown/no property,42,none,for free,1,skilled employee/official,2,no,yes,1,0,11556143461084482000
... >= 200 DM / salary for at least 1 year,9,existing credits paid back duly till now,domestic appliances,1126,100 <= ... < 500 DM,... >= 7 years,2,male : divorced/separated,none,4,real estate,49,none,own,1,skilled employee/official,1,no,yes,1,0,13797813693022374674
0 <= ... < 200 DM,24,critical account/other credits existing,domestic appliances,1216,100 <= ... < 500 DM,... < 1 year,4,male : single,none,4,unknown/no property,38,bank,own,2,skilled employee/official,2,no,yes,0,1,7068383947382218168
... < 100 DM,24,existing credits paid back duly till now,car (new),1207,... < 100 DM,... < 1 year,4,female : divorced/separated/married,none,4,building society savings agreement/life insurance,24,none,rent,1,skilled employee/official,1,no,yes,0,1,5182820656385319649
no checking account,10,existing credits paid back duly till now,car (new),1309,unknown/no savings account,1 <= ... < 4 years,4,male : single,guarantor,4,building society savings agreement/life insurance,27,none,own,1,unskilled - resident,1,no,yes,0,1,15393532242069242216
... >= 200 DM / salary for at least 1 year,15,critical account/other credits existing,car (used),2360,500 <= ... < 1000 DM,1 <= ... < 4 years,2,male : single,none,2,car or other,36,none,own,1,skilled employee/official,1,yes,yes,1,0,12201972339941042016
0 <= ... < 200 DM,15,all credits at this bank paid back duly,car (new),6850,100 <= ... < 500 DM,unemployed,1,male : single,none,2,building society savings agreement/life insurance,34,none,own,1,management/self-employed/highly qualified employee/officer,2,yes,yes,0,1,28467112502719082
no checking account,24,existing credits paid back duly till now,domestic appliances,1413,... < 100 DM,1 <= ... < 4 years,4,male : married/widowed,none,2,building society savings agreement/life insurance,28,none,own,1,skilled employee/official,1,no,yes,1,0,9766511371279259704
no checking account,39,existing credits paid back duly till now,car (used),8588,100 <= ... < 500 DM,... >= 7 years,4,male : single,none,2,car or other,45,none,own,1,management/self-employed/highly qualified employee/officer,1,yes,yes,1,0,16365773449789111845
... < 100 DM,12,existing credits paid back duly till now,car (new),759,... < 100 DM,4 <= ... < 7 years,4,male : single,none,2,real estate,26,none,own,1,skilled employee/official,1,no,yes,0,1,4111162299648428071
no checking account,36,existing credits paid back duly till now,car (used),4686,... < 100 DM,1 <= ... < 4 years,2,male : single,none,2,unknown/no property,32,none,for free,1,management/self-employed/highly qualified employee/officer,1,yes,yes,1,0,2604553204023553753
... >= 200 DM / salary for at least 1 year,15,existing credits paid back duly till now,others,2687,... < 100 DM,4 <= ... < 7 years,2,male : single,none,4,building society savings agreement/life insurance,26,none,rent,1,skilled employee/official,1,yes,yes,1,0,8658824136363993504
0 <= ... < 200 DM,12,delay in paying off in the past,domestic appliances,585,... < 100 DM,1 <= ... < 4 years,4,male : married/widowed,co-applicant,4,real estate,20,none,rent,2,skilled employee/official,1,no,yes,1,0,18128484403833357662
no checking account,24,existing credits paid back duly till now,car (new),2255,unknown/no savings account,... < 1 year,4,male : single,none,1,building society savings agreement/life insurance,54,none,own,1,skilled employee/official,1,no,yes,1,0,17488755489368618761
... < 100 DM,6,critical account/other credits existing,car (new),609,... < 100 DM,4 <= ... < 7 years,4,female : divorced/separated/married,none,3,building society savings agreement/life insurance,37,none,own,2,skilled employee/official,1,no,no,1,0,12357404396708480982
... < 100 DM,6,critical account/other credits existing,car (new),1361,... < 100 DM,... < 1 year,2,male : single,none,4,real estate,40,none,own,1,unskilled - resident,2,no,no,1,0,13904482966512088547
no checking account,36,critical account/other credits existing,radio/television,7127,... < 100 DM,... < 1 year,2,female : divorced/separated/married,none,4,building society savings agreement/life insurance,23,none,rent,2,skilled employee/official,1,yes,yes,0,1,4541544605791649757
... < 100 DM,6,existing credits paid back duly till now,car (new),1203,100 <= ... < 500 DM,... >= 7 years,3,male : single,none,2,building society savings agreement/life insurance,43,none,own,1,skilled employee/official,1,yes,yes,1,0,5275815432948066678
no checking account,6,critical account/other credits existing,domestic appliances,700,unknown/no savings account,... >= 7 years,4,male : single,none,4,unknown/no property,36,none,for free,2,skilled employee/official,1,no,yes,1,0,17154702070409566394
no checking account,24,critical account/other credits existing,education,5507,... < 100 DM,... >= 7 years,3,male : single,none,4,unknown/no property,44,none,for free,2,skilled employee/official,1,no,yes,1,0,16579506515321015361
... < 100 DM,18,existing credits paid back duly till now,domestic appliances,3190,... < 100 DM,1 <= ... < 4 years,2,female : divorced/separated/married,none,2,real estate,24,none,own,1,skilled employee/official,1,no,yes,0,1,9270090877386717643
... < 100 DM,48,no credits taken/all credits paid back duly,radio/television,7119,... < 100 DM,1 <= ... < 4 years,3,male : single,none,4,unknown/no property,53,none,for free,2,skilled employee/official,2,no,yes,0,1,15887697957212445148
no checking account,24,existing credits paid back duly till now,car (used),3488,100 <= ... < 500 DM,4 <= ... < 7 years,3,female : divorced/separated/married,none,4,car or other,23,none,own,1,skilled employee/official,1,no,yes,1,0,2598012400100691589
0 <= ... < 200 DM,18,existing credits paid back duly till now,domestic appliances,1113,... < 100 DM,1 <= ... < 4 years,4,female : divorced/separated/married,guarantor,4,real estate,26,none,own,1,unskilled - resident,2,no,yes,1,0,12149704869419145503
0 <= ... < 200 DM,26,existing credits paid back duly till now,car (used),7966,... < 100 DM,... < 1 year,2,male : single,none,3,car or other,30,none,own,2,skilled employee/official,1,no,yes,1,0,5068081192413017882
no checking account,15,critical account/other credits existing,retraining,1532,100 <= ... < 500 DM,1 <= ... < 4 years,4,female : divorced/separated/married,none,3,car or other,31,none,own,1,skilled employee/official,1,no,yes,1,0,17630871147694848725
no checking account,4,critical account/other credits existing,domestic appliances,1503,... < 100 DM,4 <= ... < 7 years,2,male : single,none,1,real estate,42,none,own,2,unskilled - resident,2,no,yes,1,0,6803508203498905109
... < 100 DM,36,existing credits paid back duly till now,domestic appliances,2302,... < 100 DM,1 <= ... < 4 years,4,male : divorced/separated,none,4,car or other,31,none,rent,1,skilled employee/official,1,no,yes,0,1,4772635806501175008
... < 100 DM,6,existing credits paid back duly till now,car (new),662,... < 100 DM,... < 1 year,3,male : single,none,4,real estate,41,none,own,1,unskilled - resident,2,yes,yes,1,0,17215253980925041386
0 <= ... < 200 DM,36,existing credits paid back duly till now,retraining,2273,... < 100 DM,4 <= ... < 7 years,3,male : single,none,1,car or other,32,none,own,2,skilled employee/official,2,no,yes,1,0,4725009386505657353
0 <= ... < 200 DM,15,existing credits paid back duly till now,car (new),2631,100 <= ... < 500 DM,1 <= ... < 4 years,2,female : divorced/separated/married,none,4,car or other,28,none,rent,2,skilled employee/official,1,yes,yes,0,1,2036249014114349202
no checking account,12,delay in paying off in the past,car (used),1503,... < 100 DM,1 <= ... < 4 years,4,male : married/widowed,none,4,real estate,41,none,rent,1,skilled employee/official,1,no,yes,1,0,4699382100779287136
no checking account,24,existing credits paid back duly till now,domestic appliances,1311,100 <= ... < 500 DM,4 <= ... < 7 years,4,male : married/widowed,none,3,building society savings agreement/life insurance,26,none,own,1,skilled employee/official,1,yes,yes,1,0,4845749302570821076
no checking account,24,existing credits paid back duly till now,domestic appliances,3105,unknown/no savings account,... < 1 year,4,male : single,none,2,car or other,25,none,own,2,skilled employee/official,1,no,yes,1,0,1858481859808509688
... >= 200 DM / salary for at least 1 year,21,critical account/other credits existing,retraining,2319,... < 100 DM,... < 1 year,2,male : divorced/separated,none,1,car or other,33,none,rent,1,skilled employee/official,1,no,yes,0,1,15874510891985633325
... < 100 DM,6,existing credits paid back duly till now,car (new),1374,unknown/no savings account,unemployed,4,female : divorced/separated/married,none,3,building society savings agreement/life insurance,75,none,own,1,management/self-employed/highly qualified employee/officer,1,yes,yes,1,0,13746204108842274993
0 <= ... < 200 DM,18,critical account/other credits existing,radio/television,3612,... < 100 DM,... >= 7 years,3,female : divorced/separated/married,none,4,building society savings agreement/life insurance,37,none,own,1,skilled employee/official,1,yes,yes,1,0,7936577881840087948
... < 100 DM,48,existing credits paid back duly till now,car (new),7763,... < 100 DM,... >= 7 years,4,male : single,none,4,unknown/no property,42,bank,for free,1,management/self-employed/highly qualified employee/officer,1,no,yes,0,1,6108482053628864610
... >= 200 DM / salary for at least 1 year,18,existing credits paid back duly till now,radio/television,3049,... < 100 DM,... < 1 year,1,female : divorced/separated/married,none,1,building society savings agreement/life insurance,45,stores,own,1,unskilled - resident,1,no,yes,1,0,12658540861124770842
0 <= ... < 200 DM,12,existing credits paid back duly till now,domestic appliances,1534,... < 100 DM,... < 1 year,1,male : married/widowed,none,1,real estate,23,none,rent,1,skilled employee/official,1,no,yes,0,1,7748976645926310238
no checking account,24,delay in paying off in the past,car (new),2032,... < 100 DM,... >= 7 years,4,male : single,none,4,unknown/no property,60,none,for free,2,skilled employee/official,1,yes,yes,1,0,17662702949599976660
... < 100 DM,30,existing credits paid back duly till now,radio/television,6350,unknown/no savings account,... >= 7 years,4,male : single,none,4,building society savings agreement/life insurance,31,none,own,1,skilled employee/official,1,no,yes,0,1,4477613335624243333
... >= 200 DM / salary for at least 1 year,18,existing credits paid back duly till now,radio/television,2864,... < 100 DM,1 <= ... < 4 years,2,male : single,none,1,real estate,34,none,own,1,unskilled - resident,2,no,yes,0,1,11489642492900252101
no checking account,12,critical account/other credits existing,car (new),1255,... < 100 DM,... >= 7 years,4,male : single,none,4,real estate,61,none,own,2,unskilled - resident,1,no,yes,1,0,2825590433234906580
... < 100 DM,24,delay in paying off in the past,car (new),1333,... < 100 DM,unemployed,4,male : single,none,2,real estate,43,none,for free,2,skilled employee/official,2,no,yes,0,1,8649688709580496673
no checking account,24,critical account/other credits existing,car (new),2022,... < 100 DM,1 <= ... < 4 years,4,female : divorced/separated/married,none,4,car or other,37,none,own,1,skilled employee/official,1,yes,yes,1,0,10134671426298598555
no checking account,24,existing credits paid back duly till now,domestic appliances,1552,... < 100 DM,4 <= ... < 7 years,3,male : single,none,1,car or other,32,bank,own,1,skilled employee/official,2,no,yes,1,0,17071873488302947885
... < 100 DM,12,all credits at this bank paid back duly,domestic appliances,626,... < 100 DM,1 <= ... < 4 years,4,female : divorced/separated/married,none,4,real estate,24,bank,own,1,unskilled - resident,1,no,yes,0,1,11944165063485466756
no checking account,48,critical account/other credits existing,car (used),8858,unknown/no savings account,4 <= ... < 7 years,2,male : single,none,1,unknown/no property,35,none,for free,2,skilled employee/official,1,yes,yes,1,0,15020122228172488667
no checking account,12,critical account/other credits existing,education,996,unknown/no savings account,4 <= ... < 7 years,4,female : divorced/separated/married,none,4,real estate,23,none,own,2,skilled employee/official,1,no,yes,1,0,5698197489141415177
no checking account,6,all credits at this bank paid back duly,domestic appliances,1750,500 <= ... < 1000 DM,... >= 7 years,2,male : single,none,4,building society savings agreement/life insurance,45,bank,own,1,unskilled - resident,2,no,yes,1,0,5794953077268992405
... < 100 DM,48,existing credits paid back duly till now,domestic appliances,6999,... < 100 DM,4 <= ... < 7 years,1,male : married/widowed,guarantor,1,real estate,34,none,own,2,skilled employee/official,1,yes,yes,0,1,16927384300314264877
0 <= ... < 200 DM,12,critical account/other credits existing,car (new),1995,100 <= ... < 500 DM,... < 1 year,4,male : single,none,1,car or other,27,none,own,1,skilled employee/official,1,no,yes,1,0,11172001587692594557
0 <= ... < 200 DM,9,existing credits paid back duly till now,retraining,1199,... < 100 DM,4 <= ... < 7 years,4,female : divorced/separated/married,none,4,building society savings agreement/life insurance,67,none,own,2,management/self-employed/highly qualified employee/officer,1,yes,yes,1,0,16278214772393962086
0 <= ... < 200 DM,12,existing credits paid back duly till now,domestic appliances,1331,... < 100 DM,... < 1 year,2,male : single,none,1,car or other,22,stores,own,1,skilled employee/official,1,no,yes,0,1,2650224347186449858
0 <= ... < 200 DM,18,no credits taken/all credits paid back duly,car (new),2278,100 <= ... < 500 DM,... < 1 year,3,female : divorced/separated/married,none,3,car or other,28,none,own,2,skilled employee/official,1,no,yes,0,1,412478590869209786
no checking account,21,no credits taken/all credits paid back duly,car (new),5003,unknown/no savings account,1 <= ... < 4 years,1,female : divorced/separated/married,none,4,building society savings agreement/life insurance,29,bank,own,2,skilled employee/official,1,yes,yes,0,1,17021325513934390434
... < 100 DM,24,all credits at this bank paid back duly,radio/television,3552,... < 100 DM,4 <= ... < 7 years,3,male : single,none,4,car or other,27,bank,own,1,skilled employee/official,1,no,yes,0,1,12063537139712357107
0 <= ... < 200 DM,18,critical account/other credits existing,radio/television,1928,... < 100 DM,... < 1 year,2,male : single,none,2,real estate,31,none,own,2,unskilled - resident,1,no,yes,0,1,8505415987867625901
... < 100 DM,24,existing credits paid back duly till now,car (used),2964,unknown/no savings account,... >= 7 years,4,male : single,none,4,unknown/no property,49,bank,for free,1,skilled employee/official,2,yes,yes,1,0,1204757243141088510
... < 100 DM,24,all credits at this bank paid back duly,domestic appliances,1546,... < 100 DM,4 <= ... < 7 years,4,male : single,guarantor,4,car or other,24,bank,rent,1,unskilled - resident,1,no,yes,0,1,2215858877800100020
... >= 200 DM / salary for at least 1 year,6,delay in paying off in the past,domestic appliances,683,... < 100 DM,... < 1 year,2,female : divorced/separated/married,none,1,building society savings agreement/life insurance,29,bank,own,1,skilled employee/official,1,no,yes,1,0,9670588753371900526
0 <= ... < 200 DM,36,existing credits paid back duly till now,car (new),12389,unknown/no savings account,1 <= ... < 4 years,1,male : single,none,4,unknown/no property,37,none,for free,1,skilled employee/official,1,yes,yes,0,1,7720944397730516888
0 <= ... < 200 DM,24,delay in paying off in the past,others,4712,unknown/no savings account,1 <= ... < 4 years,4,male : single,none,2,building society savings agreement/life insurance,37,bank,own,2,management/self-employed/highly qualified employee/officer,1,yes,yes,1,0,9200144493236497298
0 <= ... < 200 DM,24,delay in paying off in the past,domestic appliances,1553,100 <= ... < 500 DM,4 <= ... < 7 years,3,female : divorced/separated/married,none,2,building society savings agreement/life insurance,23,none,rent,2,skilled employee/official,1,yes,yes,1,0,14860075218112795869
... < 100 DM,12,existing credits paid back duly till now,car (new),1372,... < 100 DM,4 <= ... < 7 years,2,male : divorced/separated,none,3,car or other,36,none,own,1,skilled employee/official,1,no,yes,0,1,8179486803018119595
no checking account,24,critical account/other credits existing,domestic appliances,2578,... >= 1000 DM,... >= 7 years,2,male : single,none,2,car or other,34,none,own,1,skilled employee/official,1,no,yes,1,0,2958515498533886931
0 <= ... < 200 DM,48,existing credits paid back duly till now,domestic appliances,3979,unknown/no savings account,4 <= ... < 7 years,4,male : single,none,1,car or other,41,none,own,2,skilled employee/official,2,yes,yes,1,0,14572459693051976808
... < 100 DM,48,existing credits paid back duly till now,domestic appliances,6758,... < 100 DM,1 <= ... < 4 years,3,female : divorced/separated/married,none,2,car or other,31,none,own,1,skilled employee/official,1,yes,yes,0,1,17172729939702971258
... < 100 DM,24,existing credits paid back duly till now,radio/television,3234,... < 100 DM,... < 1 year,4,female : divorced/separated/married,none,4,real estate,23,none,rent,1,unskilled - resident,1,yes,yes,0,1,16571341147616065010
no checking account,30,critical account/other credits existing,domestic appliances,5954,... < 100 DM,4 <= ... < 7 years,3,male : single,co-applicant,2,car or other,38,none,own,1,skilled employee/official,1,no,yes,1,0,5305645497121087256
no checking account,24,existing credits paid back duly till now,car (used),5433,unknown/no savings account,unemployed,2,female : divorced/separated/married,none,4,building society savings agreement/life insurance,26,none,rent,1,management/self-employed/highly qualified employee/officer,1,yes,yes,1,0,12152009554934626872
... < 100 DM,15,existing credits paid back duly till now,others,806,... < 100 DM,1 <= ... < 4 years,4,female : divorced/separated/married,none,4,building society savings agreement/life insurance,22,none,own,1,unskilled - resident,1,no,yes,1,0,14690406196713104796
0 <= ... < 200 DM,9,existing credits paid back duly till now,domestic appliances,1082,... < 100 DM,... >= 7 years,4,male : single,none,4,car or other,27,none,own,2,unskilled - resident,1,no,yes,1,0,9191548643822829581
no checking account,15,critical account/other credits existing,radio/television,2788,... < 100 DM,4 <= ... < 7 years,2,female : divorced/separated/married,co-applicant,3,car or other,24,bank,own,2,skilled employee/official,1,no,yes,1,0,12086517001656934938
0 <= ... < 200 DM,12,existing credits paid back duly till now,domestic appliances,2930,... < 100 DM,4 <= ... < 7 years,2,female : divorced/separated/married,none,1,real estate,27,none,own,1,skilled employee/official,1,no,yes,1,0,2365317411884458986
no checking account,24,critical account/other credits existing,retraining,1927,unknown/no savings account,1 <= ... < 4 years,3,female : divorced/separated/married,none,2,car or other,33,none,own,2,skilled employee/official,1,yes,yes,1,0,2088964254165741802
0 <= ... < 200 DM,36,critical account/other credits existing,car (new),2820,... < 100 DM,... < 1 year,4,male : divorced/separated,none,4,car or other,27,none,own,2,skilled employee/official,1,no,yes,0,1,15915403479065987684
no checking account,24,existing credits paid back duly till now,business,937,... < 100 DM,... < 1 year,4,male : married/widowed,none,3,car or other,27,none,own,2,unskilled - resident,1,no,yes,1,0,17243479523016175144
0 <= ... < 200 DM,18,critical account/other credits existing,car (new),1056,... < 100 DM,... >= 7 years,3,male : single,guarantor,3,real estate,30,bank,own,2,skilled employee/official,1,no,yes,0,1,13195738382031378299
0 <= ... < 200 DM,12,critical account/other credits existing,car (new),3124,... < 100 DM,... < 1 year,1,male : single,none,3,real estate,49,bank,own,2,unskilled - resident,2,no,yes,1,0,5455142235885968690
no checking account,9,existing credits paid back duly till now,radio/television,1388,... < 100 DM,1 <= ... < 4 years,4,female : divorced/separated/married,none,2,real estate,26,none,rent,1,skilled employee/official,1,no,yes,1,0,11393945835647392319
0 <= ... < 200 DM,36,existing credits paid back duly till now,education,2384,... < 100 DM,... < 1 year,4,male : single,none,1,unknown/no property,33,none,rent,1,unskilled - resident,1,no,yes,0,1,14747724765658015441
no checking account,12,existing credits paid back duly till now,car (new),2133,unknown/no savings account,... >= 7 years,4,female : divorced/separated/married,none,4,unknown/no property,52,none,for free,1,management/self-employed/highly qualified employee/officer,1,yes,yes,1,0,5236748353027296543
... < 100 DM,18,existing credits paid back duly till now,radio/television,2039,... < 100 DM,1 <= ... < 4 years,1,female : divorced/separated/married,none,4,real estate,20,bank,rent,1,skilled employee/official,1,no,yes,0,1,20132032634228559
... < 100 DM,9,critical account/other credits existing,car (new),2799,... < 100 DM,1 <= ... < 4 years,2,male : single,none,2,real estate,36,none,rent,2,skilled employee/official,2,no,yes,1,0,16853233598352842317
... < 100 DM,12,existing credits paid back duly till now,radio/television,1289,... < 100 DM,1 <= ... < 4 years,4,male : single,guarantor,1,building society savings agreement/life insurance,21,none,own,1,unskilled - resident,1,no,yes,1,0,16926764839876858202
... < 100 DM,18,existing credits paid back duly till now,repairs,1217,... < 100 DM,1 <= ... < 4 years,4,male : married/widowed,none,3,real estate,47,none,own,1,unskilled - resident,1,yes,yes,0,1,7339848850671654529
... < 100 DM,12,critical account/other credits existing,radio/television,2246,... < 100 DM,... >= 7 years,3,male : single,none,3,building society savings agreement/life insurance,60,none,own,2,skilled employee/official,1,no,yes,0,1,8465010764249427125
... < 100 DM,12,critical account/other credits existing,domestic appliances,385,... < 100 DM,4 <= ... < 7 years,4,female : divorced/separated/married,none,3,real estate,58,none,own,4,unskilled - resident,1,yes,yes,1,0,3218264998419623841
0 <= ... < 200 DM,24,delay in paying off in the past,car (new),1965,unknown/no savings account,1 <= ... < 4 years,4,female : divorced/separated/married,none,4,car or other,42,none,rent,2,skilled employee/official,1,yes,yes,1,0,17911168156281930110
no checking account,21,existing credits paid back duly till now,others,1572,... >= 1000 DM,... >= 7 years,4,female : divorced/separated/married,none,4,real estate,36,bank,own,1,unskilled - resident,1,no,yes,1,0,2502841208367601972
0 <= ... < 200 DM,24,existing credits paid back duly till now,car (new),2718,... < 100 DM,1 <= ... < 4 years,3,female : divorced/separated/married,none,4,building society savings agreement/life insurance,20,none,rent,1,unskilled - resident,1,yes,yes,0,1,9882626861939133339
... < 100 DM,24,all credits at this bank paid back duly,furniture/equipment,1358,unknown/no savings account,... >= 7 years,4,male : single,none,3,car or other,40,stores,own,1,management/self-employed/highly qualified employee/officer,1,yes,yes,0,1,7143776810840742096
0 <= ... < 200 DM,6,all credits at this bank paid back duly,car (new),931,100 <= ... < 500 DM,... < 1 year,1,female : divorced/separated/married,none,1,building society savings agreement/life insurance,32,stores,own,1,unskilled - resident,1,no,yes,0,1,1868323237408228440
... < 100 DM,24,existing credits paid back duly till now,car (new),1442,... < 100 DM,4 <= ... < 7 years,4,female : divorced/separated/married,none,4,car or other,23,none,rent,2,skilled employee/official,1,no,yes,0,1,2254490697087932097
0 <= ... < 200 DM,24,no credits taken/all credits paid back duly,others,4241,... < 100 DM,1 <= ... < 4 years,1,male : single,none,4,real estate,36,none,own,3,unskilled - resident,1,yes,yes,0,1,4523598429426976345
no checking account,18,critical account/other credits existing,car (new),2775,... < 100 DM,4 <= ... < 7 years,2,male : single,none,2,building society savings agreement/life insurance,31,bank,own,2,skilled employee/official,1,no,yes,0,1,5457921828475974182
no checking account,24,delay in paying off in the past,others,3863,... < 100 DM,1 <= ... < 4 years,1,male : single,none,2,unknown/no property,32,none,for free,1,skilled employee/official,1,no,yes,1,0,2601626530642247232
0 <= ... < 200 DM,7,existing credits paid back duly till now,domestic appliances,2329,... < 100 DM,... < 1 year,1,female : divorced/separated/married,guarantor,1,real estate,45,none,own,1,skilled employee/official,1,no,yes,1,0,11236109065541320073
0 <= ... < 200 DM,9,existing credits paid back duly till now,radio/television,918,... < 100 DM,1 <= ... < 4 years,4,female : divorced/separated/married,none,1,building society savings agreement/life insurance,30,none,own,1,skilled employee/official,1,no,yes,0,1,6255706774637227154
0 <= ... < 200 DM,24,all credits at this bank paid back duly,retraining,1837,... < 100 DM,4 <= ... < 7 years,4,female : divorced/separated/married,none,4,unknown/no property,34,bank,for free,1,unskilled - resident,1,no,yes,0,1,184544991444387608
no checking account,36,existing credits paid back duly till now,radio/television,3349,... < 100 DM,1 <= ... < 4 years,4,female : divorced/separated/married,none,2,car or other,28,none,own,1,management/self-employed/highly qualified employee/officer,1,yes,yes,0,1,11070231149034288988
... >= 200 DM / salary for at least 1 year,10,existing credits paid back duly till now,radio/television,1275,... < 100 DM,... < 1 year,4,female : divorced/separated/married,none,2,building society savings agreement/life insurance,23,none,own,1,skilled employee/official,1,no,yes,1,0,17803222561803387880
... < 100 DM,24,all credits at this bank paid back duly,radio/television,2828,500 <= ... < 1000 DM,1 <= ... < 4 years,4,male : single,none,4,real estate,22,stores,own,1,skilled employee/official,1,yes,yes,1,0,9425922172927085097
no checking account,24,critical account/other credits existing,others,4526,... < 100 DM,1 <= ... < 4 years,3,male : single,none,2,real estate,74,none,own,1,management/self-employed/highly qualified employee/officer,1,yes,yes,1,0,5428616616678378912
0 <= ... < 200 DM,36,existing credits paid back duly till now,domestic appliances,2671,100 <= ... < 500 DM,1 <= ... < 4 years,4,female : divorced/separated/married,co-applicant,4,unknown/no property,50,none,for free,1,skilled employee/official,1,no,yes,0,1,16263684087052876616
no checking account,18,existing credits paid back duly till now,domestic appliances,2051,... < 100 DM,... < 1 year,4,male : single,none,1,real estate,33,none,own,1,skilled employee/official,1,no,yes,1,0,10244204092139538958
no checking account,15,existing credits paid back duly till now,car (used),1300,unknown/no savings account,... >= 7 years,4,male : single,none,4,unknown/no property,45,bank,for free,1,skilled employee/official,2,no,yes,1,0,10961412275562925601
... < 100 DM,12,existing credits paid back duly till now,repairs,741,100 <= ... < 500 DM,unemployed,4,female : divorced/separated/married,none,3,building society savings agreement/life insurance,22,none,own,1,skilled employee/official,1,no,yes,0,1,4347875102767788511
... >= 200 DM / salary for at least 1 year,10,existing credits paid back duly till now,car (new),1240,100 <= ... < 500 DM,... >= 7 years,1,female : divorced/separated/married,none,4,unknown/no property,48,none,for free,1,unskilled - resident,2,no,yes,0,1,12031837279002224489
... < 100 DM,21,existing credits paid back duly till now,domestic appliances,3357,... >= 1000 DM,... < 1 year,4,female : divorced/separated/married,none,2,car or other,29,bank,own,1,skilled employee/official,1,no,yes,1,0,1889079213952745131
... < 100 DM,24,all credits at this bank paid back duly,car (used),3632,... < 100 DM,1 <= ... < 4 years,1,female : divorced/separated/married,guarantor,4,car or other,22,bank,rent,1,skilled employee/official,1,no,no,1,0,14612247681099801043
no checking account,18,delay in paying off in the past,radio/television,1808,... < 100 DM,4 <= ... < 7 years,4,female : divorced/separated/married,none,1,real estate,22,none,own,1,skilled employee/official,1,no,yes,0,1,3465641665054383300
0 <= ... < 200 DM,48,no credits taken/all credits paid back duly,others,12204,unknown/no savings account,1 <= ... < 4 years,2,male : single,none,2,car or other,48,bank,own,1,management/self-employed/highly qualified employee/officer,1,yes,yes,1,0,9638035547251428600
0 <= ... < 200 DM,60,delay in paying off in the past,domestic appliances,9157,unknown/no savings account,1 <= ... < 4 years,2,male : single,none,2,unknown/no property,27,none,for free,1,management/self-employed/highly qualified employee/officer,1,no,yes,1,0,13759509757798285409
... < 100 DM,6,critical account/other credits existing,car (new),3676,... < 100 DM,1 <= ... < 4 years,1,male : single,none,3,real estate,37,none,rent,3,skilled employee/official,2,no,yes,1,0,601916274367911324
0 <= ... < 200 DM,30,existing credits paid back duly till now,radio/television,3441,100 <= ... < 500 DM,1 <= ... < 4 years,2,female : divorced/separated/married,co-applicant,4,car or other,21,none,rent,1,skilled employee/official,1,no,yes,0,1,2761134989887247798
no checking account,12,existing credits paid back duly till now,car (new),640,... < 100 DM,1 <= ... < 4 years,4,male : divorced/separated,none,2,real estate,49,none,own,1,unskilled - resident,1,no,yes,1,0,3339985898635316822
0 <= ... < 200 DM,21,critical account/other credits existing,others,3652,... < 100 DM,4 <= ... < 7 years,2,male : single,none,3,building society savings agreement/life insurance,27,none,own,2,skilled employee/official,1,no,yes,1,0,6735269675859338970
no checking account,18,critical account/other credits existing,car (new),1530,... < 100 DM,1 <= ... < 4 years,3,male : single,none,2,building society savings agreement/life insurance,32,bank,own,2,skilled employee/official,1,no,yes,0,1,2684957663033902054
no checking account,48,existing credits paid back duly till now,others,3914,unknown/no savings account,1 <= ... < 4 years,4,male : divorced/separated,none,2,real estate,38,bank,own,1,skilled employee/official,1,no,yes,0,1,4743006764131277684
... < 100 DM,12,existing credits paid back duly till now,radio/television,1858,... < 100 DM,... < 1 year,4,female : divorced/separated/married,none,1,car or other,22,none,rent,1,skilled employee/official,1,no,yes,1,0,3979869468729302587
... < 100 DM,18,existing credits paid back duly till now,domestic appliances,2600,... < 100 DM,1 <= ... < 4 years,4,male : single,none,4,unknown/no property,65,none,for free,2,skilled employee/official,1,no,yes,0,1,13471348311707003286
no checking account,15,existing credits paid back duly till now,domestic appliances,1979,unknown/no savings account,... >= 7 years,4,male : single,none,2,car or other,35,none,own,1,skilled employee/official,1,no,yes,1,0,7829777599481378893
... >= 200 DM / salary for at least 1 year,6,existing credits paid back duly till now,radio/television,2116,... < 100 DM,1 <= ... < 4 years,2,male : single,none,2,real estate,41,none,own,1,skilled employee/official,1,yes,yes,1,0,4487565858353126651
0 <= ... < 200 DM,9,all credits at this bank paid back duly,car (new),1437,100 <= ... < 500 DM,4 <= ... < 7 years,2,male : single,none,3,unknown/no property,29,none,own,1,skilled employee/official,1,no,yes,0,1,6724268986763632282
no checking account,42,critical account/other credits existing,radio/television,4042,500 <= ... < 1000 DM,1 <= ... < 4 years,4,male : single,none,4,real estate,36,none,own,2,skilled employee/official,1,yes,yes,1,0,4761714528643414766
no checking account,9,existing credits paid back duly till now,retraining,3832,unknown/no savings account,... >= 7 years,1,male : single,none,4,real estate,64,none,own,1,unskilled - resident,1,no,yes,1,0,14933008447330708618
... < 100 DM,24,existing credits paid back duly till now,domestic appliances,3660,... < 100 DM,1 <= ... < 4 years,2,female : divorced/separated/married,none,4,car or other,28,none,own,1,skilled employee/official,1,no,yes,1,0,1633492347887716325
... < 100 DM,18,all credits at this bank paid back duly,radio/television,1553,... < 100 DM,1 <= ... < 4 years,4,male : single,none,3,car or other,44,bank,own,1,skilled employee/official,1,no,yes,0,1,6895381808242669241
0 <= ... < 200 DM,15,existing credits paid back duly till now,domestic appliances,1444,unknown/no savings account,... < 1 year,4,male : single,none,1,building society savings agreement/life insurance,23,none,own,1,skilled employee/official,1,no,yes,1,0,13747214965305200083
no checking account,9,existing credits paid back duly till now,radio/television,1980,... < 100 DM,... < 1 year,2,female : divorced/separated/married,co-applicant,2,car or other,19,none,rent,2,skilled employee/official,1,no,yes,0,1,16083803373418547645
0 <= ... < 200 DM,24,existing credits paid back duly till now,car (new),1355,... < 100 DM,... < 1 year,3,female : divorced/separated/married,none,4,car or other,25,none,own,1,unskilled - resident,1,yes,yes,0,1,15681821295494620511
no checking account,12,existing credits paid back duly till now,retraining,1393,... < 100 DM,... >= 7 years,4,male : single,none,4,building society savings agreement/life insurance,47,bank,own,3,skilled employee/official,2,yes,yes,1,0,12568799865940398455
no checking account,24,existing credits paid back duly till now,domestic appliances,1376,500 <= ... < 1000 DM,4 <= ... < 7 years,4,female : divorced/separated/married,none,1,car or other,28,none,own,1,skilled employee/official,1,no,yes,1,0,12913225891163326912
no checking account,60,delay in paying off in the past,domestic appliances,15653,... < 100 DM,4 <= ... < 7 years,2,male : single,none,4,car or other,21,none,own,2,skilled employee/official,1,yes,yes,1,0,732876843847211507
no checking account,12,existing credits paid back duly till now,domestic appliances,1493,... < 100 DM,... < 1 year,4,female : divorced/separated/married,none,3,car or other,34,none,own,1,skilled employee/official,2,no,yes,1,0,15671112445643281314
... < 100 DM,42,delay in paying off in the past,domestic appliances,4370,... < 100 DM,4 <= ... < 7 years,3,male : single,none,2,building society savings agreement/life insurance,26,bank,own,2,skilled employee/official,2,yes,yes,0,1,702934187578189549
... < 100 DM,18,existing credits paid back duly till now,retraining,750,... < 100 DM,unemployed,4,female : divorced/separated/married,none,1,real estate,27,none,own,1,unemployed/unskilled - non-resident,1,no,yes,0,1,16850477911826695515
0 <= ... < 200 DM,15,existing credits paid back duly till now,education,1308,... < 100 DM,... >= 7 years,4,male : single,none,4,car or other,38,none,own,2,unskilled - resident,1,no,yes,1,0,9860573144766962797
no checking account,15,existing credits paid back duly till now,retraining,4623,100 <= ... < 500 DM,1 <= ... < 4 years,3,male : single,none,2,building society savings agreement/life insurance,40,none,own,1,management/self-employed/highly qualified employee/officer,1,yes,yes,0,1,14865587098599964629
no checking account,24,critical account/other credits existing,domestic appliances,1851,... < 100 DM,4 <= ... < 7 years,4,male : married/widowed,guarantor,2,car or other,33,none,own,2,skilled employee/official,1,yes,yes,1,0,6113030539051825184
... < 100 DM,18,critical account/other credits existing,domestic appliances,1880,... < 100 DM,4 <= ... < 7 years,4,male : married/widowed,none,1,building society savings agreement/life insurance,32,none,own,2,management/self-employed/highly qualified employee/officer,1,yes,yes,1,0,15337683008177621802
no checking account,36,delay in paying off in the past,others,7980,unknown/no savings account,... < 1 year,4,male : single,none,4,car or other,27,none,rent,2,skilled employee/official,1,yes,yes,0,1,14458083981930287976
... < 100 DM,30,no credits taken/all credits paid back duly,radio/television,4583,... < 100 DM,1 <= ... < 4 years,2,male : divorced/separated,guarantor,2,real estate,32,none,own,2,skilled employee/official,1,no,yes,1,0,8917260155617215985
no checking account,12,existing credits paid back duly till now,car (new),1386,500 <= ... < 1000 DM,1 <= ... < 4 years,2,female : divorced/separated/married,none,2,building society savings agreement/life insurance,26,none,own,1,skilled employee/official,1,no,yes,0,1,4876322894177724314
... >= 200 DM / salary for at least 1 year,24,existing credits paid back duly till now,car (new),947,... < 100 DM,4 <= ... < 7 years,4,male : single,none,3,unknown/no property,38,bank,for free,1,skilled employee/official,2,no,yes,0,1,4218724870516468518
... < 100 DM,12,existing credits paid back duly till now,retraining,684,... < 100 DM,1 <= ... < 4 years,4,male : single,none,4,car or other,40,none,rent,1,unskilled - resident,2,no,yes,0,1,7031461206796834746
... < 100 DM,48,existing credits paid back duly till now,retraining,7476,... < 100 DM,4 <= ... < 7 years,4,male : single,none,1,unknown/no property,50,none,for free,1,management/self-employed/highly qualified employee/officer,1,yes,yes,1,0,5824431526968675915
0 <= ... < 200 DM,12,existing credits paid back duly till now,radio/television,1922,... < 100 DM,1 <= ... < 4 years,4,male : single,none,2,building society savings agreement/life insurance,37,none,own,1,unskilled - resident,1,no,yes,0,1,1821337453292788969
... < 100 DM,24,existing credits paid back duly till now,car (new),2303,... < 100 DM,... >= 7 years,4,male : single,co-applicant,1,real estate,45,none,own,1,skilled employee/official,1,no,yes,0,1,13890086834072611568
0 <= ... < 200 DM,36,delay in paying off in the past,car (new),8086,100 <= ... < 500 DM,... >= 7 years,2,male : single,none,4,car or other,42,none,own,4,management/self-employed/highly qualified employee/officer,1,yes,yes,0,1,7398952272259523804
no checking account,24,critical account/other credits existing,car (used),2346,... < 100 DM,4 <= ... < 7 years,4,male : single,none,3,car or other,35,none,own,2,skilled employee/official,1,yes,yes,1,0,7408497030438216430
... < 100 DM,14,existing credits paid back duly till now,car (new),3973,... < 100 DM,unemployed,1,male : single,none,4,unknown/no property,22,none,for free,1,skilled employee/official,1,no,yes,1,0,3151662362566253357
0 <= ... < 200 DM,12,existing credits paid back duly till now,car (new),888,... < 100 DM,... >= 7 years,4,male : single,none,4,car or other,41,bank,own,1,unskilled - resident,2,no,yes,0,1,3013767285954528702
no checking account,48,existing credits paid back duly till now,domestic appliances,10222,unknown/no savings account,4 <= ... < 7 years,4,male : single,none,3,car or other,37,stores,own,1,skilled employee/official,1,yes,yes,1,0,3825234679901977422
0 <= ... < 200 DM,30,no credits taken/all credits paid back duly,others,4221,... < 100 DM,1 <= ... < 4 years,2,female : divorced/separated/married,none,1,car or other,28,none,own,2,skilled employee/official,1,no,yes,1,0,1333070224867967694
0 <= ... < 200 DM,18,critical account/other credits existing,radio/television,6361,... < 100 DM,... >= 7 years,2,male : single,none,1,unknown/no property,41,none,own,1,skilled employee/official,1,yes,yes,1,0,643457197844499302
... >= 200 DM / salary for at least 1 year,12,existing credits paid back duly till now,domestic appliances,1297,... < 100 DM,1 <= ... < 4 years,3,male : married/widowed,none,4,real estate,23,none,rent,1,skilled employee/official,1,no,yes,1,0,3762301541738172016
... < 100 DM,12,existing credits paid back duly till now,car (new),900,unknown/no savings account,1 <= ... < 4 years,4,male : married/widowed,none,2,car or other,23,none,own,1,skilled employee/official,1,no,yes,0,1,8858304680507938630
no checking account,21,existing credits paid back duly till now,radio/television,2241,... < 100 DM,... >= 7 years,4,male : single,none,2,real estate,50,none,own,2,skilled employee/official,1,no,yes,1,0,419980158338783066
0 <= ... < 200 DM,6,delay in paying off in the past,radio/television,1050,... < 100 DM,unemployed,4,male : single,none,1,building society savings agreement/life insurance,35,stores,own,2,management/self-employed/highly qualified employee/officer,1,yes,yes,1,0,15433633264626803654
... >= 200 DM / salary for at least 1 year,6,critical account/other credits existing,retraining,1047,... < 100 DM,1 <= ... < 4 years,2,female : divorced/separated/married,none,4,building society savings agreement/life insurance,50,none,own,1,unskilled - resident,1,no,yes,1,0,13129794961754039545
no checking account,24,critical account/other credits existing,furniture/equipment,6314,... < 100 DM,unemployed,4,male : single,co-applicant,2,unknown/no property,27,bank,own,2,management/self-employed/highly qualified employee/officer,1,yes,yes,1,0,5299550101647875658
0 <= ... < 200 DM,30,all credits at this bank paid back duly,radio/television,3496,... >= 1000 DM,1 <= ... < 4 years,4,male : single,none,2,car or other,34,stores,own,1,skilled employee/official,2,yes,yes,1,0,3978132708862447949
no checking account,48,all credits at this bank paid back duly,others,3609,... < 100 DM,1 <= ... < 4 years,1,female : divorced/separated/married,none,1,real estate,27,stores,own,1,skilled employee/official,1,no,yes,1,0,13917129981608615908
... < 100 DM,12,critical account/other credits existing,car (new),4843,... < 100 DM,... >= 7 years,3,male : single,co-applicant,4,building society savings agreement/life insurance,43,none,rent,2,skilled employee/official,1,yes,yes,0,1,13958341627964147890
... >= 200 DM / salary for at least 1 year,30,critical account/other credits existing,domestic appliances,3017,... < 100 DM,... >= 7 years,4,male : single,none,4,building society savings agreement/life insurance,47,none,own,1,skilled employee/official,1,no,yes,1,0,13762384580459811518
no checking account,24,critical account/other credits existing,others,4139,100 <= ... < 500 DM,1 <= ... < 4 years,3,male : single,none,3,building society savings agreement/life insurance,27,none,own,2,unskilled - resident,1,yes,yes,1,0,3773342502444756542
no checking account,36,existing credits paid back duly till now,others,5742,100 <= ... < 500 DM,4 <= ... < 7 years,2,male : single,none,2,car or other,31,none,own,2,skilled employee/official,1,yes,yes,1,0,14940875122995661749
no checking account,60,existing credits paid back duly till now,car (new),10366,... < 100 DM,... >= 7 years,2,male : single,none,4,building society savings agreement/life insurance,42,none,own,1,management/self-employed/highly qualified employee/officer,1,yes,yes,1,0,1115892018749757136
no checking account,6,critical account/other credits existing,car (new),2080,500 <= ... < 1000 DM,1 <= ... < 4 years,1,male : married/widowed,none,2,car or other,24,none,own,1,skilled employee/official,1,no,yes,1,0,2582753219659659574
no checking account,21,delay in paying off in the past,others,2580,500 <= ... < 1000 DM,... < 1 year,4,male : single,none,2,real estate,41,bank,own,1,unskilled - resident,2,no,yes,0,1,17447649583463565868
no checking account,30,critical account/other credits existing,domestic appliances,4530,... < 100 DM,4 <= ... < 7 years,4,female : divorced/separated/married,none,4,car or other,26,none,rent,1,management/self-employed/highly qualified employee/officer,1,yes,yes,1,0,13282533921433945912
no checking account,24,critical account/other credits existing,radio/television,5150,... < 100 DM,... >= 7 years,4,male : single,none,4,car or other,33,none,own,1,skilled employee/official,1,yes,yes,1,0,6312013309170431960
0 <= ... < 200 DM,72,existing credits paid back duly till now,domestic appliances,5595,100 <= ... < 500 DM,1 <= ... < 4 years,2,male : married/widowed,none,2,car or other,24,none,own,1,skilled employee/official,1,no,yes,0,1,11913389862256627963
... < 100 DM,24,existing credits paid back duly till now,domestic appliances,2384,... < 100 DM,... >= 7 years,4,male : single,none,4,real estate,64,bank,rent,1,unskilled - resident,1,no,yes,1,0,286545973587762681
no checking account,18,existing credits paid back duly till now,domestic appliances,1453,... < 100 DM,... < 1 year,3,female : divorced/separated/married,none,1,real estate,26,none,own,1,skilled employee/official,1,no,yes,1,0,12932461842963018721
no checking account,6,existing credits paid back duly till now,retraining,1538,... < 100 DM,... < 1 year,1,female : divorced/separated/married,none,2,unknown/no property,56,none,own,1,skilled employee/official,1,no,yes,1,0,13239091159022608917
no checking account,12,existing credits paid back duly till now,domestic appliances,2279,unknown/no savings account,1 <= ... < 4 years,4,male : single,none,4,unknown/no property,37,none,for free,1,skilled employee/official,1,yes,yes,1,0,2020183240628524112
no checking account,15,delay in paying off in the past,domestic appliances,1478,... < 100 DM,1 <= ... < 4 years,4,male : married/widowed,none,3,real estate,33,bank,own,2,skilled employee/official,1,no,yes,1,0,3051494855826538872
no checking account,24,critical account/other credits existing,domestic appliances,5103,... < 100 DM,... < 1 year,3,male : married/widowed,none,3,unknown/no property,47,none,for free,3,skilled employee/official,1,yes,yes,1,0,198181943205992608
0 <= ... < 200 DM,36,delay in paying off in the past,others,9857,100 <= ... < 500 DM,4 <= ... < 7 years,1,male : single,none,3,building society savings agreement/life insurance,31,none,own,2,unskilled - resident,2,yes,yes,1,0,8802973940297151873
no checking account,60,existing credits paid back duly till now,car (new),6527,unknown/no savings account,1 <= ... < 4 years,4,male : single,none,4,unknown/no property,34,none,for free,1,skilled employee/official,2,yes,yes,1,0,17401596330027596942
... >= 200 DM / salary for at least 1 year,10,critical account/other credits existing,domestic appliances,1347,unknown/no savings account,4 <= ... < 7 years,4,male : single,none,2,building society savings agreement/life insurance,27,none,own,2,skilled employee/official,1,yes,yes,1,0,5164729721725329824
0 <= ... < 200 DM,36,delay in paying off in the past,car (new),2862,100 <= ... < 500 DM,... >= 7 years,4,male : single,none,3,unknown/no property,30,none,for free,1,skilled employee/official,1,no,yes,1,0,14329783578028432157
no checking account,9,existing credits paid back duly till now,domestic appliances,2753,100 <= ... < 500 DM,... >= 7 years,3,male : single,co-applicant,4,car or other,35,none,own,1,skilled employee/official,1,yes,yes,1,0,11572717976623710623
... < 100 DM,12,existing credits paid back duly till now,car (new),3651,... >= 1000 DM,1 <= ... < 4 years,1,male : single,none,3,building society savings agreement/life insurance,31,none,own,1,skilled employee/official,2,no,yes,1,0,2922475782819019479
... < 100 DM,15,critical account/other credits existing,radio/television,975,... < 100 DM,1 <= ... < 4 years,2,male : divorced/separated,none,3,building society savings agreement/life insurance,25,none,own,2,skilled employee/official,1,no,yes,1,0,16902756667200940670
0 <= ... < 200 DM,15,existing credits paid back duly till now,education,2631,100 <= ... < 500 DM,1 <= ... < 4 years,3,female : divorced/separated/married,none,2,real estate,25,none,own,1,unskilled - resident,1,no,yes,1,0,14808255056209399629
0 <= ... < 200 DM,24,existing credits paid back duly till now,domestic appliances,2896,100 <= ... < 500 DM,... < 1 year,2,male : single,none,1,car or other,29,none,own,1,skilled employee/official,1,no,yes,1,0,8807797932974949125
... < 100 DM,6,critical account/other credits existing,car (new),4716,unknown/no savings account,... < 1 year,1,male : single,none,3,real estate,44,none,own,2,unskilled - resident,2,no,yes,1,0,12564379268339537168
no checking account,24,existing credits paid back duly till now,domestic appliances,2284,... < 100 DM,4 <= ... < 7 years,4,male : single,none,2,car or other,28,none,own,1,skilled employee/official,1,yes,yes,1,0,13406389033887741574
no checking account,6,existing credits paid back duly till now,car (used),1236,500 <= ... < 1000 DM,1 <= ... < 4 years,2,male : single,none,4,building society savings agreement/life insurance,50,none,rent,1,skilled employee/official,1,no,yes,1,0,9429879528216813144
0 <= ... < 200 DM,12,existing credits paid back duly till now,domestic appliances,1103,... < 100 DM,4 <= ... < 7 years,4,male : single,guarantor,3,real estate,29,none,own,2,skilled employee/official,1,no,no,1,0,11874615733140659941
no checking account,12,critical account/other credits existing,car (new),926,... < 100 DM,unemployed,1,female : divorced/separated/married,none,2,building society savings agreement/life insurance,38,none,own,1,unemployed/unskilled - non-resident,1,no,yes,1,0,2068684998958817434
no checking account,18,critical account/other credits existing,domestic appliances,1800,... < 100 DM,1 <= ... < 4 years,4,male : single,none,2,car or other,24,none,own,2,skilled employee/official,1,no,yes,1,0,10146642301676505664
... >= 200 DM / salary for at least 1 year,15,existing credits paid back duly till now,retraining,1905,... < 100 DM,... >= 7 years,4,male : single,none,4,car or other,40,none,rent,1,management/self-employed/highly qualified employee/officer,1,yes,yes,1,0,16901562323902418565
no checking account,12,existing credits paid back duly till now,radio/television,1123,500 <= ... < 1000 DM,1 <= ... < 4 years,4,female : divorced/separated/married,none,4,car or other,29,none,rent,1,unskilled - resident,1,no,yes,0,1,1213962796445847215
... < 100 DM,48,critical account/other credits existing,car (used),6331,... < 100 DM,... >= 7 years,4,male : single,none,4,unknown/no property,46,none,for free,2,skilled employee/official,1,yes,yes,0,1,5310462442779940776
... >= 200 DM / salary for at least 1 year,24,existing credits paid back duly till now,domestic appliances,1377,100 <= ... < 500 DM,... >= 7 years,4,female : divorced/separated/married,none,2,unknown/no property,47,none,for free,1,skilled employee/official,1,yes,yes,1,0,16028487941897513678
0 <= ... < 200 DM,30,delay in paying off in the past,others,2503,100 <= ... < 500 DM,... >= 7 years,4,male : single,none,2,building society savings agreement/life insurance,41,stores,own,2,skilled employee/official,1,no,yes,1,0,14090892820924165355
0 <= ... < 200 DM,27,existing credits paid back duly till now,others,2528,... < 100 DM,... < 1 year,4,female : divorced/separated/married,none,1,building society savings agreement/life insurance,32,none,own,1,skilled employee/official,2,yes,yes,1,0,12618920893663133929
no checking account,15,existing credits paid back duly till now,car (new),5324,500 <= ... < 1000 DM,... >= 7 years,1,female : divorced/separated/married,none,4,unknown/no property,35,none,for free,1,skilled employee/official,1,no,yes,1,0,10196513050616220123
0 <= ... < 200 DM,48,existing credits paid back duly till now,car (new),6560,100 <= ... < 500 DM,4 <= ... < 7 years,3,male : single,none,2,building society savings agreement/life insurance,24,none,own,1,skilled employee/official,1,no,yes,0,1,494848621819530123
0 <= ... < 200 DM,12,no credits taken/all credits paid back duly,radio/television,2969,... < 100 DM,... < 1 year,4,female : divorced/separated/married,none,3,building society savings agreement/life insurance,25,none,rent,2,skilled employee/official,1,no,yes,0,1,6508244808574688043
0 <= ... < 200 DM,9,existing credits paid back duly till now,domestic appliances,1206,... < 100 DM,... >= 7 years,4,female : divorced/separated/married,none,4,real estate,25,none,own,1,skilled employee/official,1,no,yes,1,0,425665089025768514
0 <= ... < 200 DM,9,existing credits paid back duly till now,domestic appliances,2118,... < 100 DM,1 <= ... < 4 years,2,male : single,none,2,real estate,37,none,own,1,unskilled - resident,2,no,yes,1,0,13475499350474432901
no checking account,18,critical account/other credits existing,domestic appliances,629,500 <= ... < 1000 DM,... >= 7 years,4,male : single,none,3,building society savings agreement/life insurance,32,bank,own,2,management/self-employed/highly qualified employee/officer,1,yes,yes,1,0,6570866366333851751
... < 100 DM,6,all credits at this bank paid back duly,retraining,1198,... < 100 DM,... >= 7 years,4,female : divorced/separated/married,none,4,unknown/no property,35,none,for free,1,skilled employee/official,1,no,yes,0,1,18185327515304911442
no checking account,21,existing credits paid back duly till now,car (used),2476,unknown/no savings account,... >= 7 years,4,male : single,none,4,real estate,46,none,own,1,management/self-employed/highly qualified employee/officer,1,yes,yes,1,0,66838287720582922
... < 100 DM,9,critical account/other credits existing,domestic appliances,1138,... < 100 DM,1 <= ... < 4 years,4,male : single,none,4,real estate,25,none,own,2,unskilled - resident,1,no,yes,1,0,17446799954546622347
0 <= ... < 200 DM,60,existing credits paid back duly till now,car (new),14027,... < 100 DM,4 <= ... < 7 years,4,male : single,none,2,unknown/no property,27,none,own,1,management/self-employed/highly qualified employee/officer,1,yes,yes,0,1,15846532515044792341
no checking account,30,critical account/other credits existing,car (used),7596,unknown/no savings account,... >= 7 years,1,male : single,none,4,car or other,63,none,own,2,skilled employee/official,1,no,yes,1,0,17794059292571333260
no checking account,30,critical account/other credits existing,domestic appliances,3077,unknown/no savings account,... >= 7 years,3,male : single,none,2,car or other,40,none,own,2,skilled employee/official,2,yes,yes,1,0,14017465302202614038
no checking account,18,existing credits paid back duly till now,domestic appliances,1505,... < 100 DM,1 <= ... < 4 years,4,male : single,none,2,unknown/no property,32,none,for free,1,management/self-employed/highly qualified employee/officer,1,yes,yes,1,0,10567195054423254177
... >= 200 DM / salary for at least 1 year,24,critical account/other credits existing,domestic appliances,3148,unknown/no savings account,1 <= ... < 4 years,3,male : single,none,2,car or other,31,none,own,2,skilled employee/official,1,yes,yes,1,0,10771468287751357911
0 <= ... < 200 DM,20,no credits taken/all credits paid back duly,car (used),6148,100 <= ... < 500 DM,... >= 7 years,3,male : married/widowed,none,4,car or other,31,bank,own,2,skilled employee/official,1,yes,yes,1,0,11303218121762281860
... >= 200 DM / salary for at least 1 year,9,no credits taken/all credits paid back duly,domestic appliances,1337,... < 100 DM,... < 1 year,4,male : single,none,2,car or other,34,none,own,2,management/self-employed/highly qualified employee/officer,1,yes,yes,0,1,17112687450153731653
0 <= ... < 200 DM,6,all credits at this bank paid back duly,retraining,433,... >= 1000 DM,... < 1 year,4,female : divorced/separated/married,none,2,building society savings agreement/life insurance,24,bank,rent,1,skilled employee/official,2,no,yes,0,1,5616819150235490969
... < 100 DM,12,existing credits paid back duly till now,car (new),1228,... < 100 DM,1 <= ... < 4 years,4,female : divorced/separated/married,none,2,real estate,24,none,own,1,unskilled - resident,1,no,yes,0,1,13525830788599586074
0 <= ... < 200 DM,9,existing credits paid back duly till now,domestic appliances,790,500 <= ... < 1000 DM,1 <= ... < 4 years,4,female : divorced/separated/married,none,3,real estate,66,none,own,1,unskilled - resident,1,no,yes,1,0,12182059159290912305
no checking account,27,existing credits paid back duly till now,car (new),2570,... < 100 DM,1 <= ... < 4 years,3,female : divorced/separated/married,none,3,real estate,21,none,rent,1,skilled employee/official,1,no,yes,0,1,11312319300613064777
no checking account,6,critical account/other credits existing,car (new),250,... >= 1000 DM,1 <= ... < 4 years,2,female : divorced/separated/married,none,2,real estate,41,bank,own,2,unskilled - resident,1,no,yes,1,0,425401638482300438
no checking account,15,critical account/other credits existing,domestic appliances,1316,500 <= ... < 1000 DM,1 <= ... < 4 years,2,male : married/widowed,none,2,building society savings agreement/life insurance,47,none,own,2,unskilled - resident,1,no,yes,1,0,6146914187134938704
... < 100 DM,18,existing credits paid back duly till now,domestic appliances,1882,... < 100 DM,1 <= ... < 4 years,4,female : divorced/separated/married,none,4,car or other,25,bank,rent,2,skilled employee/official,1,no,yes,0,1,6084149497539414679
0 <= ... < 200 DM,48,all credits at this bank paid back duly,others,6416,... < 100 DM,... >= 7 years,4,female : divorced/separated/married,none,3,unknown/no property,59,none,rent,1,skilled employee/official,1,no,yes,0,1,13399804994276795636
... >= 200 DM / salary for at least 1 year,24,critical account/other credits existing,others,1275,... >= 1000 DM,1 <= ... < 4 years,2,male : divorced/separated,none,4,real estate,36,none,own,2,skilled employee/official,1,yes,yes,1,0,2936435396359301461
0 <= ... < 200 DM,24,delay in paying off in the past,domestic appliances,6403,... < 100 DM,... < 1 year,1,male : single,none,2,car or other,33,none,own,1,skilled employee/official,1,no,yes,1,0,6129557366891929606
... < 100 DM,24,existing credits paid back duly till now,domestic appliances,1987,... < 100 DM,1 <= ... < 4 years,2,male : single,none,4,real estate,21,none,rent,1,unskilled - resident,2,no,yes,0,1,1921773553441004711
0 <= ... < 200 DM,8,existing credits paid back duly till now,domestic appliances,760,... < 100 DM,4 <= ... < 7 years,4,female : divorced/separated/married,guarantor,2,real estate,44,none,own,1,unskilled - resident,1,no,yes,1,0,13274486706428445696
no checking account,24,existing credits paid back duly till now,car (used),2603,... >= 1000 DM,1 <= ... < 4 years,2,female : divorced/separated/married,none,4,car or other,28,none,rent,1,skilled employee/official,1,yes,yes,1,0,18138398795675119412
no checking account,4,critical account/other credits existing,car (new),3380,... < 100 DM,4 <= ... < 7 years,1,female : divorced/separated/married,none,1,real estate,37,none,own,1,skilled employee/official,2,no,yes,1,0,5632366455772289892
0 <= ... < 200 DM,36,all credits at this bank paid back duly,repairs,3990,unknown/no savings account,... < 1 year,3,female : divorced/separated/married,none,2,unknown/no property,29,bank,own,1,unemployed/unskilled - non-resident,1,no,yes,1,0,8659215819176034982
0 <= ... < 200 DM,24,existing credits paid back duly till now,car (used),11560,... < 100 DM,1 <= ... < 4 years,1,female : divorced/separated/married,none,4,car or other,23,none,rent,2,management/self-employed/highly qualified employee/officer,1,no,yes,0,1,8315015677926726798
... < 100 DM,18,existing credits paid back duly till now,car (new),4380,100 <= ... < 500 DM,1 <= ... < 4 years,3,male : single,none,4,car or other,35,none,own,1,unskilled - resident,2,yes,yes,1,0,8661893975916526438
no checking account,6,critical account/other credits existing,car (new),6761,... < 100 DM,4 <= ... < 7 years,1,male : single,none,3,unknown/no property,45,none,own,2,management/self-employed/highly qualified employee/officer,2,yes,yes,1,0,12196245480820280850
0 <= ... < 200 DM,30,no credits taken/all credits paid back duly,others,4280,100 <= ... < 500 DM,1 <= ... < 4 years,4,female : divorced/separated/married,none,4,car or other,26,none,rent,2,unskilled - resident,1,no,yes,0,1,10612902013335674046
... < 100 DM,24,all credits at this bank paid back duly,car (new),2325,100 <= ... < 500 DM,4 <= ... < 7 years,2,male : single,none,3,car or other,32,bank,own,1,skilled employee/official,1,no,yes,1,0,17011524907437650253
0 <= ... < 200 DM,10,all credits at this bank paid back duly,domestic appliances,1048,... < 100 DM,1 <= ... < 4 years,4,male : single,none,4,real estate,23,stores,own,1,unskilled - resident,1,no,yes,1,0,16892145016847471575
no checking account,21,existing credits paid back duly till now,domestic appliances,3160,unknown/no savings account,... >= 7 years,4,male : single,none,3,building society savings agreement/life insurance,41,none,own,1,skilled employee/official,1,yes,yes,1,0,11917286239396421960
... < 100 DM,24,all credits at this bank paid back duly,radio/television,2483,500 <= ... < 1000 DM,1 <= ... < 4 years,4,male : single,none,4,real estate,22,stores,own,1,skilled employee/official,1,yes,yes,1,0,10621198834021004918
... < 100 DM,39,critical account/other credits existing,radio/television,14179,unknown/no savings account,4 <= ... < 7 years,4,male : single,none,4,building society savings agreement/life insurance,30,none,own,2,management/self-employed/highly qualified employee/officer,1,yes,yes,1,0,14770733551114996515
... < 100 DM,13,critical account/other credits existing,others,1797,... < 100 DM,... < 1 year,3,male : single,none,1,building society savings agreement/life insurance,28,bank,own,2,unskilled - resident,1,no,yes,1,0,5142617065563364349
... < 100 DM,15,existing credits paid back duly till now,car (new),2511,... < 100 DM,unemployed,1,female : divorced/separated/married,none,4,car or other,23,none,rent,1,skilled employee/official,1,no,yes,1,0,8552999080676607387
... < 100 DM,12,existing credits paid back duly till now,car (new),1274,... < 100 DM,... < 1 year,3,female : divorced/separated/married,none,1,real estate,37,none,own,1,unskilled - resident,1,no,yes,0,1,12995398373300711964
no checking account,21,existing credits paid back duly till now,car (used),5248,unknown/no savings account,1 <= ... < 4 years,1,male : single,none,3,car or other,26,none,own,1,skilled employee/official,1,no,yes,1,0,5328063182991837483
no checking account,15,existing credits paid back duly till now,car (used),3029,... < 100 DM,4 <= ... < 7 years,2,male : single,none,2,car or other,33,none,own,1,skilled employee/official,1,no,yes,1,0,18036290788085544876
... < 100 DM,6,existing credits paid back duly till now,radio/television,428,... < 100 DM,... >= 7 years,2,female : divorced/separated/married,none,1,building society savings agreement/life insurance,49,bank,own,1,skilled employee/official,1,yes,yes,1,0,1817760057551550207
... < 100 DM,18,existing credits paid back duly till now,car (new),976,... < 100 DM,... < 1 year,1,female : divorced/separated/married,none,2,car or other,23,none,own,1,unskilled - resident,1,no,yes,0,1,11335496651154989419
0 <= ... < 200 DM,12,existing credits paid back duly till now,others,841,100 <= ... < 500 DM,4 <= ... < 7 years,2,female : divorced/separated/married,none,4,real estate,23,none,rent,1,unskilled - resident,1,no,yes,1,0,5095776081629661779
no checking account,30,critical account/other credits existing,domestic appliances,5771,... < 100 DM,4 <= ... < 7 years,4,female : divorced/separated/married,none,2,car or other,25,none,own,2,skilled employee/official,1,no,yes,1,0,11438168153869443162
no checking account,12,delay in paying off in the past,education,1555,... >= 1000 DM,... >= 7 years,4,male : single,none,4,unknown/no property,55,none,for free,2,skilled employee/official,2,no,yes,0,1,11100590547769257440
... < 100 DM,24,existing credits paid back duly till now,car (new),1285,unknown/no savings account,4 <= ... < 7 years,4,female : divorced/separated/married,none,4,unknown/no property,32,none,rent,1,skilled employee/official,1,no,yes,0,1,11566269166824360269
... >= 200 DM / salary for at least 1 year,6,critical account/other credits existing,car (new),1299,... < 100 DM,1 <= ... < 4 years,1,male : single,none,1,real estate,74,none,own,3,unemployed/unskilled - non-resident,2,no,no,1,0,2290673018965788958
... >= 200 DM / salary for at least 1 year,15,critical account/other credits existing,domestic appliances,1271,unknown/no savings account,1 <= ... < 4 years,3,male : single,none,4,unknown/no property,39,none,for free,2,skilled employee/official,1,yes,yes,0,1,14275318696620632592
no checking account,24,existing credits paid back duly till now,car (new),1393,... < 100 DM,1 <= ... < 4 years,2,male : single,guarantor,2,real estate,31,none,own,1,skilled employee/official,1,yes,yes,1,0,9899595601435070724
... < 100 DM,12,critical account/other credits existing,car (new),691,... < 100 DM,... >= 7 years,4,male : single,none,3,building society savings agreement/life insurance,35,none,own,2,skilled employee/official,1,no,yes,0,1,9496836775873920203
no checking account,15,critical account/other credits existing,car (new),5045,unknown/no savings account,... >= 7 years,1,female : divorced/separated/married,none,4,car or other,59,none,own,1,skilled employee/official,1,yes,yes,1,0,6193697424523578565
... < 100 DM,18,critical account/other credits existing,radio/television,2124,... < 100 DM,1 <= ... < 4 years,4,female : divorced/separated/married,none,4,real estate,24,none,rent,2,skilled employee/official,1,no,yes,0,1,14884243210901600003
... < 100 DM,12,existing credits paid back duly till now,domestic appliances,2214,... < 100 DM,1 <= ... < 4 years,4,male : single,none,3,building society savings agreement/life insurance,24,none,own,1,unskilled - resident,1,no,yes,1,0,5215378347595834975
no checking account,21,critical account/other credits existing,car (new),12680,unknown/no savings account,... >= 7 years,4,male : single,none,4,unknown/no property,30,none,for free,1,management/self-employed/highly qualified employee/officer,1,yes,yes,0,1,3495388878206022731
no checking account,24,critical account/other credits existing,car (new),2463,100 <= ... < 500 DM,4 <= ... < 7 years,4,male : married/widowed,none,3,building society savings agreement/life insurance,27,none,own,2,skilled employee/official,1,yes,yes,1,0,12281635380047130457
0 <= ... < 200 DM,12,existing credits paid back duly till now,domestic appliances,1155,... < 100 DM,... >= 7 years,3,male : married/widowed,guarantor,3,real estate,40,bank,own,2,unskilled - resident,1,no,yes,1,0,1109559757643086392
... < 100 DM,30,existing credits paid back duly till now,radio/television,3108,... < 100 DM,... < 1 year,2,male : divorced/separated,none,4,building society savings agreement/life insurance,31,none,own,1,unskilled - resident,1,no,yes,0,1,3431937161790334555
no checking account,10,existing credits paid back duly till now,car (used),2901,unknown/no savings account,... < 1 year,1,female : divorced/separated/married,none,4,real estate,31,none,rent,1,skilled employee/official,1,no,yes,1,0,8712755783080012456
0 <= ... < 200 DM,12,critical account/other credits existing,radio/television,3617,... < 100 DM,... >= 7 years,1,male : single,none,4,car or other,28,none,rent,3,skilled employee/official,1,yes,yes,1,0,8513699709774432233
no checking account,12,critical account/other credits existing,domestic appliances,1655,... < 100 DM,... >= 7 years,2,male : single,none,4,real estate,63,none,own,2,unskilled - resident,1,yes,yes,1,0,9853046178290203982
... < 100 DM,24,existing credits paid back duly till now,car (used),2812,unknown/no savings account,... >= 7 years,2,female : divorced/separated/married,none,4,real estate,26,none,rent,1,skilled employee/official,1,no,yes,1,0,2991377993444145313
... < 100 DM,36,critical account/other credits existing,retraining,8065,... < 100 DM,1 <= ... < 4 years,3,female : divorced/separated/married,none,2,unknown/no property,25,none,own,2,management/self-employed/highly qualified employee/officer,1,yes,yes,0,1,9526560543664312319
no checking account,21,critical account/other credits existing,car (used),3275,... < 100 DM,... >= 7 years,1,male : single,none,4,car or other,36,none,own,1,management/self-employed/highly qualified employee/officer,1,yes,yes,1,0,4211455923281754167
no checking account,24,critical account/other credits existing,domestic appliances,2223,100 <= ... < 500 DM,... >= 7 years,4,male : single,none,4,building society savings agreement/life insurance,52,bank,own,2,skilled employee/official,1,no,yes,1,0,7471815247849931166
... >= 200 DM / salary for at least 1 year,12,critical account/other credits existing,car (new),1480,500 <= ... < 1000 DM,unemployed,2,male : single,none,4,unknown/no property,66,bank,for free,3,unemployed/unskilled - non-resident,1,no,yes,1,0,12094296014789275896
... < 100 DM,24,existing credits paid back duly till now,car (new),1371,unknown/no savings account,1 <= ... < 4 years,4,female : divorced/separated/married,none,4,real estate,25,none,rent,1,skilled employee/official,1,no,yes,0,1,14726821566677476817
no checking account,36,critical account/other credits existing,car (new),3535,... < 100 DM,4 <= ... < 7 years,4,male : single,none,4,car or other,37,none,own,2,skilled employee/official,1,yes,yes,1,0,7083018201793567279
... < 100 DM,18,existing credits paid back duly till now,domestic appliances,3509,... < 100 DM,4 <= ... < 7 years,4,female : divorced/separated/married,guarantor,1,real estate,25,none,own,1,skilled employee/official,1,no,yes,1,0,7267032501242625549
no checking account,36,critical account/other credits existing,car (used),5711,... >= 1000 DM,... >= 7 years,4,male : single,none,2,car or other,38,none,own,2,management/self-employed/highly qualified employee/officer,1,yes,yes,1,0,12683302189039746740
0 <= ... < 200 DM,18,existing credits paid back duly till now,education,3872,... < 100 DM,unemployed,2,female : divorced/separated/married,none,4,car or other,67,none,own,1,skilled employee/official,1,yes,yes,1,0,2078943839672664330
0 <= ... < 200 DM,39,critical account/other credits existing,domestic appliances,4933,... < 100 DM,4 <= ... < 7 years,2,male : single,guarantor,2,real estate,25,none,own,2,skilled employee/official,1,no,yes,0,1,16869315003086638713
no checking account,24,critical account/other credits existing,car (new),1940,... >= 1000 DM,... >= 7 years,4,male : single,none,4,real estate,60,none,own,1,skilled employee/official,1,yes,yes,1,0,6418389993849364158
0 <= ... < 200 DM,12,no credits taken/all credits paid back duly,business,1410,... < 100 DM,1 <= ... < 4 years,2,male : single,none,2,real estate,31,none,own,1,unskilled - resident,1,yes,yes,1,0,8360777175119724743
0 <= ... < 200 DM,12,existing credits paid back duly till now,car (new),836,100 <= ... < 500 DM,... < 1 year,4,female : divorced/separated/married,none,2,building society savings agreement/life insurance,23,bank,own,1,unskilled - resident,1,no,yes,0,1,6308827679016580241
0 <= ... < 200 DM,20,existing credits paid back duly till now,car (used),6468,unknown/no savings account,unemployed,1,male : divorced/separated,none,4,real estate,60,none,own,1,management/self-employed/highly qualified employee/officer,1,yes,yes,1,0,13235396759206835943
0 <= ... < 200 DM,18,existing credits paid back duly till now,others,1941,... >= 1000 DM,1 <= ... < 4 years,4,male : single,none,2,building society savings agreement/life insurance,35,none,own,1,unskilled - resident,1,yes,yes,1,0,14737049673349908513
no checking account,22,existing credits paid back duly till now,domestic appliances,2675,500 <= ... < 1000 DM,... >= 7 years,3,male : single,none,4,car or other,40,none,own,1,skilled employee/official,1,no,yes,1,0,4119709451089857793
no checking account,48,critical account/other credits existing,car (used),2751,unknown/no savings account,... >= 7 years,4,male : single,none,3,car or other,38,none,own,2,skilled employee/official,2,yes,yes,1,0,6195400494784329438
0 <= ... < 200 DM,48,delay in paying off in the past,retraining,6224,... < 100 DM,... >= 7 years,4,male : single,none,4,unknown/no property,50,none,for free,1,skilled employee/official,1,no,yes,0,1,15285903381455791130
... < 100 DM,40,critical account/other credits existing,retraining,5998,... < 100 DM,1 <= ... < 4 years,4,male : single,none,3,unknown/no property,27,bank,own,1,skilled employee/official,1,yes,yes,0,1,6429057692037466131
0 <= ... < 200 DM,21,existing credits paid back duly till now,others,1188,... < 100 DM,... >= 7 years,2,female : divorced/separated/married,none,4,building society savings agreement/life insurance,39,none,own,1,skilled employee/official,2,no,yes,0,1,751076722573742597
no checking account,24,existing credits paid back duly till now,car (used),6313,unknown/no savings account,... >= 7 years,3,male : single,none,4,car or other,41,none,own,1,management/self-employed/highly qualified employee/officer,2,yes,yes,1,0,6165768894765592204
no checking account,6,critical account/other credits existing,radio/television,1221,unknown/no savings account,1 <= ... < 4 years,1,male : married/widowed,none,2,building society savings agreement/life insurance,27,none,own,2,skilled employee/official,1,no,yes,1,0,15560063344150551768
... >= 200 DM / salary for at least 1 year,24,existing credits paid back duly till now,radio/television,2892,... < 100 DM,... >= 7 years,3,male : divorced/separated,none,4,unknown/no property,51,none,for free,1,skilled employee/official,1,no,yes,1,0,1740795629089297645
no checking account,24,existing credits paid back duly till now,radio/television,3062,500 <= ... < 1000 DM,... >= 7 years,4,male : single,none,3,unknown/no property,32,none,rent,1,skilled employee/official,1,yes,yes,1,0,16058194970107437057
no checking account,9,existing credits paid back duly till now,radio/television,2301,100 <= ... < 500 DM,... < 1 year,2,female : divorced/separated/married,none,4,building society savings agreement/life insurance,22,none,rent,1,skilled employee/official,1,no,yes,1,0,3870343620665481004
... < 100 DM,18,existing credits paid back duly till now,car (used),7511,unknown/no savings account,... >= 7 years,1,male : single,none,4,building society savings agreement/life insurance,51,none,for free,1,skilled employee/official,2,yes,yes,0,1,6591099873376950300
no checking account,12,critical account/other credits existing,radio/television,1258,... < 100 DM,... < 1 year,2,female : divorced/separated/married,none,4,building society savings agreement/life insurance,22,none,rent,2,unskilled - resident,1,no,yes,1,0,3930167225847497530
no checking account,24,delay in paying off in the past,car (new),717,unknown/no savings account,... >= 7 years,4,male : married/widowed,none,4,car or other,54,none,own,2,skilled employee/official,1,yes,yes,1,0,7817242942820826242
0 <= ... < 200 DM,9,existing credits paid back duly till now,car (new),1549,unknown/no savings account,... < 1 year,4,male : single,none,2,real estate,35,none,own,1,unemployed/unskilled - non-resident,1,no,yes,1,0,16958940241906184501
no checking account,24,critical account/other credits existing,retraining,1597,... < 100 DM,... >= 7 years,4,male : single,none,4,unknown/no property,54,none,for free,2,skilled employee/official,2,no,yes,1,0,5739049298363227513
0 <= ... < 200 DM,18,critical account/other credits existing,domestic appliances,1795,... < 100 DM,... >= 7 years,3,female : divorced/separated/married,guarantor,4,real estate,48,bank,rent,2,unskilled - resident,1,yes,yes,1,0,4890763326509365971
... < 100 DM,20,critical account/other credits existing,radio/television,4272,... < 100 DM,... >= 7 years,1,female : divorced/separated/married,none,4,building society savings agreement/life insurance,24,none,own,2,skilled employee/official,1,no,yes,1,0,1323966561159771674
no checking account,12,critical account/other credits existing,domestic appliances,976,unknown/no savings account,... >= 7 years,4,male : single,none,4,car or other,35,none,own,2,skilled employee/official,1,no,yes,1,0,17236801954662227311
0 <= ... < 200 DM,12,existing credits paid back duly till now,car (new),7472,unknown/no savings account,unemployed,1,female : divorced/separated/married,none,2,real estate,24,none,rent,1,unemployed/unskilled - non-resident,1,no,yes,1,0,15124779583974825399
... < 100 DM,36,existing credits paid back duly till now,car (new),9271,... < 100 DM,4 <= ... < 7 years,2,male : single,none,1,car or other,24,none,own,1,skilled employee/official,1,yes,yes,0,1,12264967025678389997
0 <= ... < 200 DM,6,existing credits paid back duly till now,domestic appliances,590,... < 100 DM,... < 1 year,3,male : married/widowed,none,3,real estate,26,none,own,1,unskilled - resident,1,no,no,1,0,6759894548259537688
no checking account,12,critical account/other credits existing,domestic appliances,930,unknown/no savings account,... >= 7 years,4,male : single,none,4,real estate,65,none,own,4,skilled employee/official,1,no,yes,1,0,12302675509341059333
0 <= ... < 200 DM,42,all credits at this bank paid back duly,car (used),9283,... < 100 DM,unemployed,1,male : single,none,2,unknown/no property,55,bank,for free,1,management/self-employed/highly qualified employee/officer,1,yes,yes,1,0,17684532659066273309
0 <= ... < 200 DM,15,no credits taken/all credits paid back duly,car (new),1778,... < 100 DM,... < 1 year,2,female : divorced/separated/married,none,1,real estate,26,none,rent,2,unemployed/unskilled - non-resident,1,no,yes,0,1,11300938815803032284
0 <= ... < 200 DM,8,existing credits paid back duly till now,others,907,... < 100 DM,... < 1 year,3,male : married/widowed,none,2,real estate,26,none,own,1,skilled employee/official,1,yes,yes,1,0,9488014999256630683
0 <= ... < 200 DM,6,existing credits paid back duly till now,domestic appliances,484,... < 100 DM,4 <= ... < 7 years,3,male : married/widowed,guarantor,3,real estate,28,bank,own,1,unskilled - resident,1,no,yes,1,0,13375593750179436301
... < 100 DM,36,critical account/other credits existing,car (used),9629,... < 100 DM,4 <= ... < 7 years,4,male : single,none,4,car or other,24,none,own,2,skilled employee/official,1,yes,yes,0,1,17066441208620656084
... < 100 DM,48,existing credits paid back duly till now,repairs,3051,... < 100 DM,1 <= ... < 4 years,3,male : single,none,4,car or other,54,none,own,1,skilled employee/official,1,no,yes,0,1,6613504887299996978
... < 100 DM,48,existing credits paid back duly till now,car (new),3931,... < 100 DM,4 <= ... < 7 years,4,male : single,none,4,unknown/no property,46,none,for free,1,skilled employee/official,2,no,yes,0,1,4691024658466869131
0 <= ... < 200 DM,36,delay in paying off in the past,car (new),7432,... < 100 DM,1 <= ... < 4 years,2,female : divorced/separated/married,none,2,building society savings agreement/life insurance,54,none,rent,1,skilled employee/official,1,no,yes,1,0,8813971868581756552
no checking account,6,existing credits paid back duly till now,repairs,1338,500 <= ... < 1000 DM,1 <= ... < 4 years,1,male : divorced/separated,none,4,real estate,62,none,own,1,skilled employee/official,1,no,yes,1,0,16707350618922403767
no checking account,6,critical account/other credits existing,domestic appliances,1554,... < 100 DM,4 <= ... < 7 years,1,female : divorced/separated/married,none,2,car or other,24,none,rent,2,skilled employee/official,1,yes,yes,1,0,1458008911645077073
... < 100 DM,36,existing credits paid back duly till now,furniture/equipment,15857,... < 100 DM,unemployed,2,male : divorced/separated,co-applicant,3,car or other,43,none,own,1,management/self-employed/highly qualified employee/officer,1,no,yes,1,0,3848638267399488327
... < 100 DM,18,existing credits paid back duly till now,domestic appliances,1345,... < 100 DM,1 <= ... < 4 years,4,male : married/widowed,none,3,real estate,26,bank,own,1,skilled employee/official,1,no,yes,0,1,7802155219305748612
no checking account,12,existing credits paid back duly till now,car (new),1101,... < 100 DM,1 <= ... < 4 years,3,male : married/widowed,none,2,real estate,27,none,own,2,skilled employee/official,1,yes,yes,1,0,5570271407259362114
... >= 200 DM / salary for at least 1 year,12,existing credits paid back duly till now,domestic appliances,3016,... < 100 DM,1 <= ... < 4 years,3,male : married/widowed,none,1,car or other,24,none,own,1,skilled employee/official,1,no,yes,1,0,2416602357334071062
... < 100 DM,36,existing credits paid back duly till now,radio/television,2712,... < 100 DM,... >= 7 years,2,male : single,none,2,building society savings agreement/life insurance,41,bank,own,1,skilled employee/official,2,no,yes,0,1,12762064791206415536
... < 100 DM,8,critical account/other credits existing,car (new),731,... < 100 DM,... >= 7 years,4,male : single,none,4,real estate,47,none,own,2,unskilled - resident,1,no,yes,1,0,56297671953003195
no checking account,18,critical account/other credits existing,radio/television,3780,... < 100 DM,... < 1 year,3,male : divorced/separated,none,2,car or other,35,none,own,2,management/self-employed/highly qualified employee/officer,1,yes,yes,1,0,15163524778487450810
... < 100 DM,21,critical account/other credits existing,car (new),1602,... < 100 DM,... >= 7 years,4,male : married/widowed,none,3,car or other,30,none,own,2,skilled employee/official,1,yes,yes,1,0,6575574274436520258
... < 100 DM,18,critical account/other credits existing,car (new),3966,... < 100 DM,... >= 7 years,1,female : divorced/separated/married,none,4,real estate,33,bank,rent,3,skilled employee/official,1,yes,yes,0,1,7631604392308813188
no checking account,18,no credits taken/all credits paid back duly,others,4165,... < 100 DM,1 <= ... < 4 years,2,male : single,none,2,car or other,36,stores,own,2,skilled employee/official,2,no,yes,0,1,16632535293645418279
... < 100 DM,36,existing credits paid back duly till now,car (used),8335,unknown/no savings account,... >= 7 years,3,male : single,none,4,unknown/no property,47,none,for free,1,skilled employee/official,1,no,yes,0,1,7120677460445811703
0 <= ... < 200 DM,48,delay in paying off in the past,others,6681,unknown/no savings account,1 <= ... < 4 years,4,male : single,none,4,unknown/no property,38,none,for free,1,skilled employee/official,2,yes,yes,1,0,13283115005768996695
no checking account,24,delay in paying off in the past,others,2375,500 <= ... < 1000 DM,1 <= ... < 4 years,4,male : single,none,2,car or other,44,none,own,2,skilled employee/official,2,yes,yes,1,0,18259667164603261734
... < 100 DM,18,existing credits paid back duly till now,car (new),1216,... < 100 DM,... < 1 year,4,female : divorced/separated/married,none,3,car or other,23,none,rent,1,skilled employee/official,1,yes,yes,0,1,15084770986109053025
... < 100 DM,45,no credits taken/all credits paid back duly,others,11816,... < 100 DM,... >= 7 years,2,male : single,none,4,car or other,29,none,rent,2,skilled employee/official,1,no,yes,0,1,8846132794690754527
0 <= ... < 200 DM,24,existing credits paid back duly till now,domestic appliances,5084,unknown/no savings account,... >= 7 years,2,female : divorced/separated/married,none,4,car or other,42,none,own,1,skilled employee/official,1,yes,yes,1,0,14738031781277484424
... >= 200 DM / salary for at least 1 year,15,existing credits paid back duly till now,domestic appliances,2327,... < 100 DM,... < 1 year,2,female : divorced/separated/married,none,3,real estate,25,none,own,1,unskilled - resident,1,no,yes,0,1,5818164531040001765
... < 100 DM,12,no credits taken/all credits paid back duly,car (new),1082,... < 100 DM,1 <= ... < 4 years,4,male : single,none,4,car or other,48,bank,own,2,skilled employee/official,1,no,yes,0,1,9633842532917462524
no checking account,12,existing credits paid back duly till now,domestic appliances,886,unknown/no savings account,1 <= ... < 4 years,4,female : divorced/separated/married,none,2,car or other,21,none,own,1,skilled employee/official,1,no,yes,1,0,5220414957517948741
no checking account,4,existing credits paid back duly till now,radio/television,601,... < 100 DM,... < 1 year,1,female : divorced/separated/married,none,3,real estate,23,none,rent,1,unskilled - resident,2,no,yes,1,0,6335396608058239088
... < 100 DM,24,critical account/other credits existing,car (used),2957,... < 100 DM,... >= 7 years,4,male : single,none,4,building society savings agreement/life insurance,63,none,own,2,skilled employee/official,1,yes,yes,1,0,8957707238779700269
no checking account,24,critical account/other credits existing,domestic appliances,2611,... < 100 DM,... >= 7 years,4,male : married/widowed,co-applicant,3,real estate,46,none,own,2,skilled employee/official,1,no,yes,1,0,4917759261764590064
... < 100 DM,36,existing credits paid back duly till now,radio/television,5179,... < 100 DM,4 <= ... < 7 years,4,male : single,none,2,building society savings agreement/life insurance,29,none,own,1,skilled employee/official,1,no,yes,0,1,18032047217786033490
no checking account,21,delay in paying off in the past,car (used),2993,... < 100 DM,1 <= ... < 4 years,3,male : single,none,2,real estate,28,stores,own,2,unskilled - resident,1,no,yes,1,0,15085975788817993957
no checking account,18,existing credits paid back duly till now,education,1943,... < 100 DM,... < 1 year,4,female : divorced/separated/married,none,4,real estate,23,none,own,1,skilled employee/official,1,no,yes,0,1,13454117708235055837
no checking account,24,all credits at this bank paid back duly,others,1559,... < 100 DM,4 <= ... < 7 years,4,male : single,none,4,car or other,50,bank,own,1,skilled employee/official,1,yes,yes,1,0,728862759457570083
no checking account,18,existing credits paid back duly till now,radio/television,3422,... < 100 DM,... >= 7 years,4,male : single,none,4,building society savings agreement/life insurance,47,bank,own,3,skilled employee/official,2,yes,yes,1,0,6379521297248654524
0 <= ... < 200 DM,21,existing credits paid back duly till now,radio/television,3976,unknown/no savings account,4 <= ... < 7 years,2,male : single,none,3,car or other,35,none,own,1,skilled employee/official,1,yes,yes,1,0,5844824196237969495
no checking account,18,existing credits paid back duly till now,car (new),6761,unknown/no savings account,1 <= ... < 4 years,2,male : single,none,4,car or other,68,none,rent,2,skilled employee/official,1,no,yes,0,1,8263679339642224139
no checking account,24,existing credits paid back duly till now,car (new),1249,... < 100 DM,... < 1 year,4,male : married/widowed,none,2,real estate,28,none,own,1,skilled employee/official,1,no,yes,1,0,8295995160730612074
... < 100 DM,9,existing credits paid back duly till now,domestic appliances,1364,... < 100 DM,4 <= ... < 7 years,3,male : single,none,4,real estate,59,none,own,1,skilled employee/official,1,no,yes,1,0,12083515515115464513
... < 100 DM,12,existing credits paid back duly till now,domestic appliances,709,... < 100 DM,... >= 7 years,4,male : single,none,4,real estate,57,stores,own,1,unskilled - resident,1,no,yes,0,1,1175568241224369844
... < 100 DM,20,critical account/other credits existing,car (new),2235,... < 100 DM,1 <= ... < 4 years,4,male : married/widowed,guarantor,2,building society savings agreement/life insurance,33,bank,rent,2,skilled employee/official,1,no,no,0,1,797222616141543807
no checking account,24,critical account/other credits existing,car (used),4042,unknown/no savings account,4 <= ... < 7 years,3,male : single,none,4,building society savings agreement/life insurance,43,none,own,2,skilled employee/official,1,yes,yes,1,0,6620432809722424002
no checking account,15,critical account/other credits existing,domestic appliances,1471,... < 100 DM,1 <= ... < 4 years,4,male : single,none,4,unknown/no property,35,none,for free,2,skilled employee/official,1,yes,yes,1,0,16368472955916212015
... < 100 DM,18,all credits at this bank paid back duly,car (new),1442,... < 100 DM,4 <= ... < 7 years,4,male : single,none,4,unknown/no property,32,none,for free,2,unskilled - resident,2,no,yes,0,1,8033429946039332694
no checking account,36,delay in paying off in the past,car (new),10875,... < 100 DM,... >= 7 years,2,male : single,none,2,car or other,45,none,own,2,skilled employee/official,2,yes,yes,1,0,2557671217148230432
no checking account,24,existing credits paid back duly till now,car (new),1474,100 <= ... < 500 DM,... < 1 year,4,male : married/widowed,none,3,real estate,33,none,own,1,skilled employee/official,1,yes,yes,1,0,13197959532081057263
no checking account,10,existing credits paid back duly till now,business,894,unknown/no savings account,4 <= ... < 7 years,4,female : divorced/separated/married,none,3,building society savings agreement/life insurance,40,none,own,1,skilled employee/official,1,yes,yes,1,0,12094994901343507059
no checking account,15,critical account/other credits existing,radio/television,3343,... < 100 DM,1 <= ... < 4 years,4,male : single,none,2,unknown/no property,28,none,for free,1,skilled employee/official,1,yes,yes,1,0,5968829858209921501
... < 100 DM,15,existing credits paid back duly till now,car (new),3959,... < 100 DM,1 <= ... < 4 years,3,female : divorced/separated/married,none,2,building society savings agreement/life insurance,29,none,own,1,skilled employee/official,1,yes,yes,0,1,4778735688665041259
no checking account,9,existing credits paid back duly till now,car (new),3577,100 <= ... < 500 DM,1 <= ... < 4 years,1,male : single,guarantor,2,real estate,26,none,rent,1,skilled employee/official,2,no,no,1,0,11139853709268427945
no checking account,24,critical account/other credits existing,car (used),5804,... >= 1000 DM,1 <= ... < 4 years,4,male : single,none,2,real estate,27,none,own,2,skilled employee/official,1,no,yes,1,0,2965284591855410692
no checking account,18,delay in paying off in the past,others,2169,... < 100 DM,1 <= ... < 4 years,4,male : married/widowed,none,2,car or other,28,none,own,1,skilled employee/official,1,yes,yes,0,1,1515044595319579169
... < 100 DM,24,existing credits paid back duly till now,domestic appliances,2439,... < 100 DM,... < 1 year,4,female : divorced/separated/married,none,4,real estate,35,none,own,1,skilled employee/official,1,yes,yes,0,1,6139665814053815121
no checking account,27,critical account/other credits existing,radio/television,4526,... >= 1000 DM,... < 1 year,4,male : single,none,2,real estate,32,stores,own,2,unskilled - resident,2,yes,yes,1,0,15922156342065464483
no checking account,10,existing credits paid back duly till now,radio/television,2210,... < 100 DM,1 <= ... < 4 years,2,male : single,none,2,real estate,25,bank,rent,1,unskilled - resident,1,no,yes,0,1,1168984982503123120
no checking account,15,existing credits paid back duly till now,radio/television,2221,500 <= ... < 1000 DM,1 <= ... < 4 years,2,female : divorced/separated/married,none,4,car or other,20,none,rent,1,skilled employee/official,1,no,yes,1,0,16202801975829795823
... < 100 DM,18,existing credits paid back duly till now,domestic appliances,2389,... < 100 DM,... < 1 year,4,female : divorced/separated/married,none,1,car or other,27,stores,own,1,skilled employee/official,1,no,yes,1,0,13510797706306388933
no checking account,12,critical account/other credits existing,radio/television,3331,... < 100 DM,... >= 7 years,2,male : single,none,4,building society savings agreement/life insurance,42,stores,own,1,skilled employee/official,1,no,yes,1,0,7933231522752606523
no checking account,36,existing credits paid back duly till now,others,7409,unknown/no savings account,... >= 7 years,3,male : single,none,2,building society savings agreement/life insurance,37,none,own,2,skilled employee/official,1,no,yes,1,0,338214540435684344
... < 100 DM,12,existing credits paid back duly till now,radio/television,652,... < 100 DM,... >= 7 years,4,female : divorced/separated/married,none,4,building society savings agreement/life insurance,24,none,rent,1,skilled employee/official,1,no,yes,1,0,14273230849193879833
no checking account,36,delay in paying off in the past,radio/television,7678,500 <= ... < 1000 DM,4 <= ... < 7 years,2,female : divorced/separated/married,none,4,car or other,40,none,own,2,skilled employee/official,1,yes,yes,1,0,11807005594527811059
... >= 200 DM / salary for at least 1 year,6,critical account/other credits existing,car (new),1343,... < 100 DM,... >= 7 years,1,male : single,none,4,real estate,46,none,own,2,skilled employee/official,2,no,no,1,0,17998302071024577416
... < 100 DM,24,critical account/other credits existing,others,1382,100 <= ... < 500 DM,4 <= ... < 7 years,4,male : single,none,1,real estate,26,none,own,2,skilled employee/official,1,yes,yes,1,0,15768553582577773002
no checking account,15,existing credits paid back duly till now,repairs,874,unknown/no savings account,... < 1 year,4,female : divorced/separated/married,none,1,real estate,24,none,own,1,skilled employee/official,1,no,yes,1,0,6687407733271550923
... < 100 DM,12,existing credits paid back duly till now,radio/television,3590,... < 100 DM,1 <= ... < 4 years,2,male : single,co-applicant,2,building society savings agreement/life insurance,29,none,own,1,unskilled - resident,2,no,yes,1,0,2075420238599694139
0 <= ... < 200 DM,11,critical account/other credits existing,car (new),1322,... >= 1000 DM,1 <= ... < 4 years,4,female : divorced/separated/married,none,4,car or other,40,none,own,2,skilled employee/official,1,no,yes,1,0,17561409583812806254
... < 100 DM,18,all credits at this bank paid back duly,domestic appliances,1940,... < 100 DM,... < 1 year,3,male : single,co-applicant,4,unknown/no property,36,bank,for free,1,management/self-employed/highly qualified employee/officer,1,yes,yes,1,0,15752077803050131228
no checking account,36,existing credits paid back duly till now,domestic appliances,3595,... < 100 DM,... >= 7 years,4,male : single,none,2,car or other,28,none,own,1,skilled employee/official,1,no,yes,1,0,11450951271977312029
... < 100 DM,9,existing credits paid back duly till now,car (new),1422,... < 100 DM,... < 1 year,3,male : single,none,2,unknown/no property,27,none,for free,1,management/self-employed/highly qualified employee/officer,1,yes,yes,0,1,7141736681154919395
no checking account,30,critical account/other credits existing,domestic appliances,6742,unknown/no savings account,4 <= ... < 7 years,2,male : single,none,3,building society savings agreement/life insurance,36,none,own,2,skilled employee/official,1,no,yes,1,0,1994984429883489065
no checking account,24,existing credits paid back duly till now,car (used),7814,... < 100 DM,4 <= ... < 7 years,3,male : single,none,3,car or other,38,none,own,1,management/self-employed/highly qualified employee/officer,1,yes,yes,1,0,1178292397408383765
no checking account,24,existing credits paid back duly till now,car (used),9277,unknown/no savings account,1 <= ... < 4 years,2,male : divorced/separated,none,4,unknown/no property,48,none,for free,1,skilled employee/official,1,yes,yes,1,0,12087486285037286196
0 <= ... < 200 DM,30,critical account/other credits existing,car (new),2181,unknown/no savings account,... >= 7 years,4,male : single,none,4,real estate,36,none,own,2,skilled employee/official,1,no,yes,1,0,4300415004953405758
no checking account,18,critical account/other credits existing,domestic appliances,1098,... < 100 DM,unemployed,4,female : divorced/separated/married,none,4,car or other,65,none,own,2,unemployed/unskilled - non-resident,1,no,yes,1,0,718579640552872034
0 <= ... < 200 DM,24,existing credits paid back duly till now,radio/television,4057,... < 100 DM,4 <= ... < 7 years,3,male : divorced/separated,none,3,car or other,43,none,own,1,skilled employee/official,1,yes,yes,0,1,5355836873258768110
... < 100 DM,12,existing credits paid back duly till now,retraining,795,... < 100 DM,... < 1 year,4,female : divorced/separated/married,none,4,building society savings agreement/life insurance,53,none,own,1,skilled employee/official,1,no,yes,0,1,8148641567640164761
0 <= ... < 200 DM,24,critical account/other credits existing,others,2825,unknown/no savings account,4 <= ... < 7 years,4,male : single,none,3,unknown/no property,34,none,own,2,skilled employee/official,2,yes,yes,1,0,4247036334523867689
0 <= ... < 200 DM,48,existing credits paid back duly till now,others,15672,... < 100 DM,1 <= ... < 4 years,2,male : single,none,2,car or other,23,none,own,1,skilled employee/official,1,yes,yes,0,1,999963924741617077
no checking account,36,critical account/other credits existing,car (new),6614,... < 100 DM,... >= 7 years,4,male : single,none,4,car or other,34,none,own,2,management/self-employed/highly qualified employee/officer,1,yes,yes,1,0,9906362037397846244
no checking account,28,all credits at this bank paid back duly,car (used),7824,unknown/no savings account,... < 1 year,3,male : single,guarantor,4,real estate,40,bank,rent,2,skilled employee/official,2,yes,yes,1,0,13482346003808676797
... < 100 DM,27,critical account/other credits existing,others,2442,... < 100 DM,... >= 7 years,4,male : single,none,4,car or other,43,stores,own,4,management/self-employed/highly qualified employee/officer,2,yes,yes,1,0,18296582913167282841
no checking account,15,critical account/other credits existing,domestic appliances,1829,... < 100 DM,... >= 7 years,4,male : single,none,4,car or other,46,none,own,2,skilled employee/official,1,yes,yes,1,0,1845330765910924282
... < 100 DM,12,critical account/other credits existing,car (new),2171,... < 100 DM,1 <= ... < 4 years,4,male : single,none,4,building society savings agreement/life insurance,38,bank,own,2,unskilled - resident,1,no,no,1,0,13320643826501051604
0 <= ... < 200 DM,36,critical account/other credits existing,car (used),5800,... < 100 DM,1 <= ... < 4 years,3,male : single,none,4,car or other,34,none,own,2,skilled employee/official,1,yes,yes,1,0,14682567421301901399
no checking account,18,critical account/other credits existing,domestic appliances,1169,unknown/no savings account,1 <= ... < 4 years,4,male : single,none,3,building society savings agreement/life insurance,29,none,own,2,skilled employee/official,1,yes,yes,1,0,3231340577521238753
no checking account,36,delay in paying off in the past,car (used),8947,unknown/no savings account,4 <= ... < 7 years,3,male : single,none,2,car or other,31,stores,own,1,management/self-employed/highly qualified employee/officer,2,yes,yes,1,0,17489741339452050566
... < 100 DM,21,existing credits paid back duly till now,domestic appliances,2606,... < 100 DM,... < 1 year,4,female : divorced/separated/married,none,4,building society savings agreement/life insurance,28,none,rent,1,management/self-employed/highly qualified employee/officer,1,yes,yes,1,0,8499750785009806981
no checking account,12,critical account/other credits existing,radio/television,1592,... >= 1000 DM,4 <= ... < 7 years,3,female : divorced/separated/married,none,2,building society savings agreement/life insurance,35,none,own,1,skilled employee/official,1,no,no,1,0,18001109135017301822
no checking account,15,existing credits paid back duly till now,radio/television,2186,unknown/no savings account,4 <= ... < 7 years,1,female : divorced/separated/married,none,4,real estate,33,bank,rent,1,unskilled - resident,1,no,yes,1,0,3123204765489693848
... < 100 DM,18,existing credits paid back duly till now,radio/television,4153,... < 100 DM,1 <= ... < 4 years,2,male : single,co-applicant,3,car or other,42,none,own,1,skilled employee/official,1,no,yes,0,1,16090803205165228602
... < 100 DM,16,critical account/other credits existing,car (new),2625,... < 100 DM,... >= 7 years,2,male : single,guarantor,4,building society savings agreement/life insurance,43,bank,rent,1,skilled employee/official,1,yes,yes,0,1,7640838304677255826
no checking account,20,critical account/other credits existing,car (new),3485,unknown/no savings account,... < 1 year,2,male : divorced/separated,none,4,real estate,44,none,own,2,skilled employee/official,1,yes,yes,1,0,17420360532287960814
no checking account,36,critical account/other credits existing,car (used),10477,unknown/no savings account,... >= 7 years,2,male : single,none,4,unknown/no property,42,none,for free,2,skilled employee/official,1,no,yes,1,0,18395825569911164549
no checking account,15,existing credits paid back duly till now,domestic appliances,1386,unknown/no savings account,1 <= ... < 4 years,4,male : married/widowed,none,2,real estate,40,none,rent,1,skilled employee/official,1,yes,yes,1,0,6127780892279485164
no checking account,24,existing credits paid back duly till now,domestic appliances,1278,... < 100 DM,... >= 7 years,4,male : single,none,1,real estate,36,none,own,1,management/self-employed/highly qualified employee/officer,1,yes,yes,1,0,13158357013681290363
... < 100 DM,12,existing credits paid back duly till now,domestic appliances,1107,... < 100 DM,1 <= ... < 4 years,2,male : single,none,2,real estate,20,none,rent,1,management/self-employed/highly qualified employee/officer,2,yes,yes,1,0,7882659932418318513
... < 100 DM,21,existing credits paid back duly till now,car (new),3763,unknown/no savings account,4 <= ... < 7 years,2,male : single,co-applicant,2,real estate,24,none,own,1,unskilled - resident,1,no,no,1,0,5495582423958645178
0 <= ... < 200 DM,36,existing credits paid back duly till now,retraining,3711,unknown/no savings account,1 <= ... < 4 years,2,male : married/widowed,none,2,car or other,27,none,own,1,skilled employee/official,1,no,yes,1,0,6346486363631321714
no checking account,15,delay in paying off in the past,car (used),3594,... < 100 DM,... < 1 year,1,female : divorced/separated/married,none,2,building society savings agreement/life insurance,46,none,own,2,unskilled - resident,1,no,yes,1,0,7567467158867605733
0 <= ... < 200 DM,9,existing credits paid back duly till now,car (new),3195,unknown/no savings account,1 <= ... < 4 years,1,female : divorced/separated/married,none,2,real estate,33,none,own,1,unskilled - resident,1,no,yes,1,0,14322825576289308167
no checking account,36,delay in paying off in the past,domestic appliances,4454,... < 100 DM,1 <= ... < 4 years,4,female : divorced/separated/married,none,4,real estate,34,none,own,2,skilled employee/official,1,no,yes,1,0,9228457802802971519
0 <= ... < 200 DM,24,critical account/other credits existing,radio/television,4736,... < 100 DM,... < 1 year,2,female : divorced/separated/married,none,4,car or other,25,bank,own,1,unskilled - resident,1,no,yes,0,1,11108346810214588659
0 <= ... < 200 DM,30,existing credits paid back duly till now,domestic appliances,2991,unknown/no savings account,... >= 7 years,2,female : divorced/separated/married,none,4,car or other,25,none,own,1,skilled employee/official,1,no,yes,1,0,7775730916846128844
no checking account,11,existing credits paid back duly till now,others,2142,... >= 1000 DM,... >= 7 years,1,male : divorced/separated,none,2,real estate,28,none,own,1,skilled employee/official,1,yes,yes,1,0,9234348621710715087
... < 100 DM,24,all credits at this bank paid back duly,others,3161,... < 100 DM,1 <= ... < 4 years,4,male : single,none,2,building society savings agreement/life insurance,31,none,rent,1,skilled employee/official,1,yes,yes,0,1,10720981643669325911
0 <= ... < 200 DM,48,no credits taken/all credits paid back duly,furniture/equipment,18424,... < 100 DM,1 <= ... < 4 years,1,female : divorced/separated/married,none,2,building society savings agreement/life insurance,32,bank,own,1,management/self-employed/highly qualified employee/officer,1,yes,no,0,1,16188219281678060920
no checking account,10,existing credits paid back duly till now,car (used),2848,100 <= ... < 500 DM,1 <= ... < 4 years,1,male : single,co-applicant,2,real estate,32,none,own,1,skilled employee/official,2,no,yes,1,0,15904259606466626766
... < 100 DM,6,existing credits paid back duly till now,car (new),14896,... < 100 DM,... >= 7 years,1,male : single,none,4,unknown/no property,68,bank,own,1,management/self-employed/highly qualified employee/officer,1,yes,yes,0,1,9112850644751182574
... < 100 DM,24,existing credits paid back duly till now,radio/television,2359,100 <= ... < 500 DM,unemployed,1,male : divorced/separated,none,1,building society savings agreement/life insurance,33,none,own,1,skilled employee/official,1,no,yes,0,1,9426379264141527209
... < 100 DM,24,existing credits paid back duly till now,radio/television,3345,... < 100 DM,... >= 7 years,4,male : single,none,2,building society savings agreement/life insurance,39,none,rent,1,management/self-employed/highly qualified employee/officer,1,yes,yes,0,1,4064694564715996851
no checking account,18,critical account/other credits existing,radio/television,1817,... < 100 DM,1 <= ... < 4 years,4,female : divorced/separated/married,none,2,unknown/no property,28,none,own,2,skilled employee/official,1,no,yes,1,0,1572159513272799816
no checking account,48,delay in paying off in the past,domestic appliances,12749,500 <= ... < 1000 DM,4 <= ... < 7 years,4,male : single,none,1,car or other,37,none,own,1,management/self-employed/highly qualified employee/officer,1,yes,yes,1,0,4571910803252770774
... < 100 DM,9,existing credits paid back duly till now,domestic appliances,1366,... < 100 DM,... < 1 year,3,female : divorced/separated/married,none,4,building society savings agreement/life insurance,22,none,rent,1,skilled employee/official,1,no,yes,0,1,3364330525340804477
0 <= ... < 200 DM,12,existing credits paid back duly till now,car (new),2002,... < 100 DM,4 <= ... < 7 years,3,male : single,none,4,building society savings agreement/life insurance,30,none,rent,1,skilled employee/official,2,yes,yes,1,0,16528495869485698844
... < 100 DM,24,all credits at this bank paid back duly,radio/television,6872,... < 100 DM,... < 1 year,2,male : divorced/separated,none,1,building society savings agreement/life insurance,55,bank,own,1,skilled employee/official,1,yes,yes,0,1,8280602837815894794
... < 100 DM,12,all credits at this bank paid back duly,car (new),697,... < 100 DM,... < 1 year,4,male : single,none,2,car or other,46,bank,own,2,skilled employee/official,1,yes,yes,0,1,16961998382666152533
... < 100 DM,18,critical account/other credits existing,radio/television,1049,... < 100 DM,... < 1 year,4,female : divorced/separated/married,none,4,building society savings agreement/life insurance,21,none,rent,1,skilled employee/official,1,no,yes,1,0,8457715157734658911
... < 100 DM,48,existing credits paid back duly till now,car (used),10297,... < 100 DM,4 <= ... < 7 years,4,male : single,none,4,unknown/no property,39,stores,for free,3,skilled employee/official,2,yes,yes,0,1,16381459425481354835
no checking account,30,existing credits paid back duly till now,domestic appliances,1867,unknown/no savings account,... >= 7 years,4,male : single,none,4,car or other,58,none,own,1,skilled employee/official,1,yes,yes,1,0,1721952578101415207
... < 100 DM,12,delay in paying off in the past,car (new),1344,... < 100 DM,1 <= ... < 4 years,4,male : single,none,2,real estate,43,none,own,2,unskilled - resident,2,no,yes,1,0,15582049069550365941
... < 100 DM,24,existing credits paid back duly till now,radio/television,1747,... < 100 DM,... < 1 year,4,male : single,co-applicant,1,building society savings agreement/life insurance,24,none,own,1,unskilled - resident,1,no,no,1,0,5103817370831012372
0 <= ... < 200 DM,9,existing credits paid back duly till now,domestic appliances,1670,... < 100 DM,... < 1 year,4,female : divorced/separated/married,none,2,car or other,22,none,own,1,skilled employee/official,1,yes,yes,0,1,5486264365544597896
no checking account,9,critical account/other credits existing,car (new),1224,... < 100 DM,1 <= ... < 4 years,3,male : single,none,1,real estate,30,none,own,2,skilled employee/official,1,no,yes,1,0,14450437691183795357
no checking account,12,critical account/other credits existing,domestic appliances,522,500 <= ... < 1000 DM,... >= 7 years,4,male : single,none,4,building society savings agreement/life insurance,42,none,own,2,skilled employee/official,2,yes,yes,1,0,1921513467048855257
... < 100 DM,12,existing credits paid back duly till now,domestic appliances,1498,... < 100 DM,1 <= ... < 4 years,4,female : divorced/separated/married,none,1,car or other,23,bank,own,1,skilled employee/official,1,no,yes,1,0,6401136361836058018
0 <= ... < 200 DM,30,delay in paying off in the past,domestic appliances,1919,100 <= ... < 500 DM,... < 1 year,4,male : single,none,3,unknown/no property,30,stores,own,2,management/self-employed/highly qualified employee/officer,1,no,yes,0,1,664384822273436931
... >= 200 DM / salary for at least 1 year,9,existing credits paid back duly till now,domestic appliances,745,... < 100 DM,1 <= ... < 4 years,3,female : divorced/separated/married,none,2,real estate,28,none,own,1,unskilled - resident,1,no,yes,0,1,1047535658368582837
0 <= ... < 200 DM,6,existing credits paid back duly till now,domestic appliances,2063,... < 100 DM,... < 1 year,4,male : married/widowed,none,3,car or other,30,none,rent,1,management/self-employed/highly qualified employee/officer,1,yes,yes,1,0,14407136216268000182
0 <= ... < 200 DM,60,existing credits paid back duly till now,retraining,6288,... < 100 DM,1 <= ... < 4 years,4,male : single,none,4,unknown/no property,42,none,for free,1,skilled employee/official,1,no,yes,0,1,18007276937931055681
no checking account,24,critical account/other credits existing,car (used),6842,unknown/no savings account,1 <= ... < 4 years,2,male : single,none,4,building society savings agreement/life insurance,46,none,own,2,management/self-employed/highly qualified employee/officer,2,yes,yes,1,0,8722112900732509805
no checking account,12,existing credits paid back duly till now,car (new),3527,unknown/no savings account,... < 1 year,2,male : single,none,3,building society savings agreement/life insurance,45,none,own,1,management/self-employed/highly qualified employee/officer,2,yes,yes,1,0,17868148396631361321
no checking account,10,existing credits paid back duly till now,car (new),1546,... < 100 DM,1 <= ... < 4 years,3,male : single,none,2,real estate,31,none,own,1,unskilled - resident,2,no,no,1,0,277227468765944467
no checking account,24,existing credits paid back duly till now,radio/television,929,unknown/no savings account,4 <= ... < 7 years,4,male : single,none,2,car or other,31,stores,own,1,skilled employee/official,1,yes,yes,1,0,7556031966594980332
no checking account,4,critical account/other credits existing,car (new),1455,... < 100 DM,4 <= ... < 7 years,2,male : single,none,1,real estate,42,none,own,3,unskilled - resident,2,no,yes,1,0,4506168514020819966
... < 100 DM,15,existing credits paid back duly till now,radio/television,1845,... < 100 DM,... < 1 year,4,female : divorced/separated/married,guarantor,1,building society savings agreement/life insurance,46,none,rent,1,skilled employee/official,1,no,yes,1,0,14970083322033507091
0 <= ... < 200 DM,48,no credits taken/all credits paid back duly,car (new),8358,500 <= ... < 1000 DM,... < 1 year,1,female : divorced/separated/married,none,1,car or other,30,none,own,2,skilled employee/official,1,no,yes,1,0,9158965406993736246
... < 100 DM,24,all credits at this bank paid back duly,radio/television,3349,500 <= ... < 1000 DM,... < 1 year,4,male : single,none,4,unknown/no property,30,none,for free,1,skilled employee/official,2,yes,yes,0,1,6125286275372413971
no checking account,12,existing credits paid back duly till now,car (new),2859,unknown/no savings account,unemployed,4,male : single,none,4,unknown/no property,38,none,own,1,management/self-employed/highly qualified employee/officer,1,yes,yes,1,0,15614533451899841366
no checking account,18,existing credits paid back duly till now,radio/television,1533,... < 100 DM,... < 1 year,4,male : married/widowed,co-applicant,1,building society savings agreement/life insurance,43,none,own,1,unskilled - resident,2,no,yes,0,1,5493191680860550653
no checking account,24,existing credits paid back duly till now,domestic appliances,3621,100 <= ... < 500 DM,... >= 7 years,2,male : single,none,4,car or other,31,none,own,2,skilled employee/official,1,no,yes,0,1,5992727663463714623
0 <= ... < 200 DM,18,critical account/other credits existing,others,3590,... < 100 DM,unemployed,3,male : married/widowed,none,3,car or other,40,none,own,3,unemployed/unskilled - non-resident,2,yes,yes,1,0,6691831645506242590
... < 100 DM,36,delay in paying off in the past,others,2145,... < 100 DM,4 <= ... < 7 years,2,male : single,none,1,car or other,24,none,own,2,skilled employee/official,1,yes,yes,0,1,18363991127232202041
0 <= ... < 200 DM,24,existing credits paid back duly till now,car (used),4113,500 <= ... < 1000 DM,... < 1 year,3,female : divorced/separated/married,none,4,car or other,28,none,rent,1,skilled employee/official,1,no,yes,0,1,1147868781936873311
no checking account,36,existing credits paid back duly till now,radio/television,10974,... < 100 DM,unemployed,4,female : divorced/separated/married,none,2,car or other,26,none,own,2,management/self-employed/highly qualified employee/officer,1,yes,yes,0,1,3570457168173237364
... < 100 DM,12,existing credits paid back duly till now,car (new),1893,... < 100 DM,1 <= ... < 4 years,4,female : divorced/separated/married,guarantor,4,building society savings agreement/life insurance,29,none,own,1,skilled employee/official,1,yes,yes,1,0,6771664722050688497
... < 100 DM,24,critical account/other credits existing,domestic appliances,1231,... >= 1000 DM,... >= 7 years,4,female : divorced/separated/married,none,4,building society savings agreement/life insurance,57,none,rent,2,management/self-employed/highly qualified employee/officer,1,yes,yes,1,0,3949408479139436142
... >= 200 DM / salary for at least 1 year,30,critical account/other credits existing,domestic appliances,3656,unknown/no savings account,... >= 7 years,4,male : single,none,4,building society savings agreement/life insurance,49,stores,own,2,unskilled - resident,1,no,yes,1,0,2560622488176718592
0 <= ... < 200 DM,9,critical account/other credits existing,domestic appliances,1154,... < 100 DM,... >= 7 years,2,male : single,none,4,real estate,37,none,own,3,unskilled - resident,1,no,yes,1,0,9386535496287663706
... < 100 DM,28,existing credits paid back duly till now,car (new),4006,... < 100 DM,1 <= ... < 4 years,3,male : single,none,2,car or other,45,none,own,1,unskilled - resident,1,no,yes,0,1,3431421778165631956
0 <= ... < 200 DM,24,existing credits paid back duly till now,radio/television,3069,100 <= ... < 500 DM,... >= 7 years,4,male : single,none,4,unknown/no property,30,none,for free,1,skilled employee/official,1,no,yes,1,0,12675853134743909509
no checking account,6,critical account/other credits existing,domestic appliances,1740,... < 100 DM,... >= 7 years,2,male : married/widowed,none,2,real estate,30,none,rent,2,skilled employee/official,1,no,yes,1,0,2628887870299703099
0 <= ... < 200 DM,21,delay in paying off in the past,car (new),2353,... < 100 DM,1 <= ... < 4 years,1,male : divorced/separated,none,4,building society savings agreement/life insurance,47,none,own,2,skilled employee/official,1,no,yes,1,0,12204711203758759143
no checking account,15,existing credits paid back duly till now,car (new),3556,unknown/no savings account,1 <= ... < 4 years,3,male : single,none,2,unknown/no property,29,none,own,1,skilled employee/official,1,no,yes,1,0,16897105450321596998
no checking account,24,existing credits paid back duly till now,domestic appliances,2397,500 <= ... < 1000 DM,... >= 7 years,3,male : single,none,2,car or other,35,bank,own,2,skilled employee/official,1,yes,yes,0,1,12384028236968848920
0 <= ... < 200 DM,6,existing credits paid back duly till now,education,454,... < 100 DM,... < 1 year,3,male : married/widowed,none,1,building society savings agreement/life insurance,22,none,own,1,unskilled - resident,1,no,yes,1,0,15261146567608201163
0 <= ... < 200 DM,30,existing credits paid back duly till now,domestic appliances,1715,unknown/no savings account,1 <= ... < 4 years,4,female : divorced/separated/married,none,1,car or other,26,none,own,1,skilled employee/official,1,no,yes,1,0,1113141408169685038
0 <= ... < 200 DM,27,critical account/other credits existing,domestic appliances,2520,500 <= ... < 1000 DM,1 <= ... < 4 years,4,male : single,none,2,building society savings agreement/life insurance,23,none,own,2,unskilled - resident,1,no,yes,0,1,10830348460083247827
no checking account,15,existing credits paid back duly till now,domestic appliances,3568,... < 100 DM,... >= 7 years,4,female : divorced/separated/married,none,2,car or other,54,bank,rent,1,management/self-employed/highly qualified employee/officer,1,yes,yes,1,0,15394989953049484253
no checking account,42,existing credits paid back duly till now,domestic appliances,7166,unknown/no savings account,4 <= ... < 7 years,2,male : married/widowed,none,4,building society savings agreement/life insurance,29,none,rent,1,skilled employee/official,1,yes,yes,1,0,11862718190376159215
... < 100 DM,11,critical account/other credits existing,car (new),3939,... < 100 DM,1 <= ... < 4 years,1,male : single,none,2,real estate,40,none,own,2,unskilled - resident,2,no,yes,1,0,10888168305614817492
0 <= ... < 200 DM,15,existing credits paid back duly till now,education,1514,100 <= ... < 500 DM,1 <= ... < 4 years,4,male : single,guarantor,2,real estate,22,none,own,1,skilled employee/official,1,no,yes,1,0,6571088486758233622
no checking account,24,existing credits paid back duly till now,car (new),7393,... < 100 DM,1 <= ... < 4 years,1,male : single,none,4,building society savings agreement/life insurance,43,none,own,1,unskilled - resident,2,no,yes,1,0,6876527462482679384
... < 100 DM,24,all credits at this bank paid back duly,car (new),1193,... < 100 DM,unemployed,1,female : divorced/separated/married,co-applicant,4,unknown/no property,29,none,rent,2,unemployed/unskilled - non-resident,1,no,yes,0,1,6301348679379777967
... < 100 DM,60,existing credits paid back duly till now,others,7297,... < 100 DM,... >= 7 years,4,male : single,co-applicant,4,unknown/no property,36,none,rent,1,skilled employee/official,1,no,yes,0,1,10115168808883883051
no checking account,30,critical account/other credits existing,domestic appliances,2831,... < 100 DM,1 <= ... < 4 years,4,female : divorced/separated/married,none,2,car or other,33,none,own,1,skilled employee/official,1,yes,yes,1,0,7295185542323913892
... >= 200 DM / salary for at least 1 year,24,existing credits paid back duly till now,domestic appliances,1258,500 <= ... < 1000 DM,1 <= ... < 4 years,3,female : divorced/separated/married,none,3,car or other,57,none,own,1,unskilled - resident,1,no,yes,1,0,300337674100694318
0 <= ... < 200 DM,6,existing credits paid back duly till now,domestic appliances,753,... < 100 DM,1 <= ... < 4 years,2,female : divorced/separated/married,guarantor,3,real estate,64,none,own,1,skilled employee/official,1,no,yes,1,0,6125552070490950183
0 <= ... < 200 DM,18,delay in paying off in the past,others,2427,unknown/no savings account,... >= 7 years,4,male : single,none,2,building society savings agreement/life insurance,42,none,own,2,skilled employee/official,1,no,yes,1,0,5078420783843928888
no checking account,24,delay in paying off in the past,car (new),2538,... < 100 DM,... >= 7 years,4,male : single,none,4,car or other,47,none,own,2,unskilled - resident,2,no,yes,0,1,10888840432247288901
0 <= ... < 200 DM,15,all credits at this bank paid back duly,car (new),1264,100 <= ... < 500 DM,1 <= ... < 4 years,2,male : married/widowed,none,2,building society savings agreement/life insurance,25,none,rent,1,skilled employee/official,1,no,yes,0,1,10274670625492243333
0 <= ... < 200 DM,30,critical account/other credits existing,radio/television,8386,... < 100 DM,4 <= ... < 7 years,2,male : single,none,2,building society savings agreement/life insurance,49,none,own,1,skilled employee/official,1,no,yes,0,1,2557435081753335338
no checking account,48,existing credits paid back duly till now,others,4844,... < 100 DM,unemployed,3,male : single,none,2,car or other,33,bank,rent,1,management/self-employed/highly qualified employee/officer,1,yes,yes,0,1,3108977598320816009
... >= 200 DM / salary for at least 1 year,21,existing credits paid back duly till now,car (new),2923,100 <= ... < 500 DM,1 <= ... < 4 years,1,female : divorced/separated/married,none,1,car or other,28,bank,own,1,management/self-employed/highly qualified employee/officer,1,yes,yes,1,0,13583456134592429274
... < 100 DM,36,existing credits paid back duly till now,car (used),8229,... < 100 DM,1 <= ... < 4 years,2,male : single,none,2,building society savings agreement/life insurance,26,none,own,1,skilled employee/official,2,no,yes,0,1,17448506233570713639
no checking account,24,critical account/other credits existing,radio/television,2028,... < 100 DM,4 <= ... < 7 years,2,male : single,none,2,building society savings agreement/life insurance,30,none,own,2,unskilled - resident,1,no,yes,1,0,7625986685953649080
... < 100 DM,15,critical account/other credits existing,radio/television,1433,... < 100 DM,1 <= ... < 4 years,4,female : divorced/separated/married,none,3,building society savings agreement/life insurance,25,none,rent,2,skilled employee/official,1,no,yes,1,0,13378653245009791047
... >= 200 DM / salary for at least 1 year,42,no credits taken/all credits paid back duly,others,6289,... < 100 DM,... < 1 year,2,male : divorced/separated,none,1,building society savings agreement/life insurance,33,none,own,2,skilled employee/official,1,no,yes,1,0,11724004345710979
no checking account,13,existing credits paid back duly till now,domestic appliances,1409,100 <= ... < 500 DM,unemployed,2,female : divorced/separated/married,none,4,real estate,64,none,own,1,skilled employee/official,1,no,yes,1,0,9698541320293094131
... < 100 DM,24,existing credits paid back duly till now,car (used),6579,... < 100 DM,unemployed,4,male : single,none,2,unknown/no property,29,none,for free,1,management/self-employed/highly qualified employee/officer,1,yes,yes,1,0,17982689481540702273
0 <= ... < 200 DM,24,critical account/other credits existing,domestic appliances,1743,... < 100 DM,... >= 7 years,4,male : single,none,2,building society savings agreement/life insurance,48,none,own,2,unskilled - resident,1,no,yes,1,0,15847002826397133648
no checking account,12,critical account/other credits existing,retraining,3565,unknown/no savings account,... < 1 year,2,male : single,none,1,building society savings agreement/life insurance,37,none,own,2,unskilled - resident,2,no,yes,1,0,12582156122935800578
no checking account,15,all credits at this bank paid back duly,domestic appliances,1569,100 <= ... < 500 DM,... >= 7 years,4,male : single,none,4,car or other,34,bank,own,1,unskilled - resident,2,no,yes,1,0,1107509688834629982
... < 100 DM,18,existing credits paid back duly till now,domestic appliances,1936,unknown/no savings account,4 <= ... < 7 years,2,male : married/widowed,none,4,car or other,23,none,rent,2,unskilled - resident,1,no,yes,1,0,6296956132820867195
... < 100 DM,36,existing credits paid back duly till now,radio/television,3959,... < 100 DM,unemployed,4,male : single,none,3,building society savings agreement/life insurance,30,none,own,1,management/self-employed/highly qualified employee/officer,1,yes,yes,1,0,13318384231111813721
no checking account,12,existing credits paid back duly till now,car (new),2390,unknown/no savings account,... >= 7 years,4,male : single,none,3,car or other,50,none,own,1,skilled employee/official,1,yes,yes,1,0,2304298016665897863
no checking account,12,existing credits paid back duly till now,radio/television,1736,... < 100 DM,4 <= ... < 7 years,3,female : divorced/separated/married,none,4,real estate,31,none,own,1,unskilled - resident,1,no,yes,1,0,6634937169081973968
... < 100 DM,30,existing credits paid back duly till now,car (used),3857,... < 100 DM,1 <= ... < 4 years,4,male : divorced/separated,none,4,building society savings agreement/life insurance,40,none,own,1,management/self-employed/highly qualified employee/officer,1,yes,yes,1,0,16239479087116982782
no checking account,12,existing credits paid back duly till now,domestic appliances,804,... < 100 DM,... >= 7 years,4,male : single,none,4,car or other,38,none,own,1,skilled employee/official,1,no,yes,1,0,15882838236805401757
... < 100 DM,45,existing credits paid back duly till now,domestic appliances,1845,... < 100 DM,1 <= ... < 4 years,4,male : single,none,4,unknown/no property,23,none,for free,1,skilled employee/official,1,yes,yes,0,1,18049570459697892463
0 <= ... < 200 DM,45,critical account/other credits existing,car (used),4576,100 <= ... < 500 DM,unemployed,3,male : single,none,4,car or other,27,none,own,1,skilled employee/official,1,no,yes,1,0,8955859919008013272
