dataset,run_id,repeat,fold,selector,subset,subset_fraction,selected_source_features,selected_transformed_features,feature_reduction_pct,selector_runtime_seconds_for_fold,xgb_runtime_seconds,accuracy,precision_adverse,recall_adverse,specificity,f1_adverse,balanced_accuracy,mcc,roc_auc,pr_auc,gmean,ks_statistic,tn,fp,fn,tp,baseline_roc_auc,baseline_pr_auc,baseline_recall_adverse,baseline_f1_adverse,baseline_balanced_accuracy,baseline_mcc,baseline_gmean,baseline_ks_statistic,delta_roc_auc,delta_pr_auc,delta_recall_adverse,delta_f1_adverse,delta_balanced_accuracy,delta_mcc,delta_gmean,delta_ks_statistic
German Credit,R1_F1,1,1,Chi2,Top25,0.25,5,20,75.0,0.8908753999858163,0.21555139997508377,0.705,0.6111111111111112,0.3283582089552239,0.8947368421052632,0.42718446601941745,0.6115475255302435,0.27408166495234626,0.7530019077544609,0.5911845816249472,0.542027847033653,0.39299741892043544,119,14,45,22,0.8305465155425878,0.7029175365070379,0.582089552238806,0.6724137931034483,0.753450791156997,0.5562888497938473,0.7337052681366867,0.5278868813825608,-0.077544607788127,-0.11173295488209067,-0.2537313432835821,-0.24522932708403083,-0.14190326562675348,-0.28220718484150104,-0.19167742110303365,-0.13488946246212535
German Credit,R1_F1,1,1,Chi2,Top50,0.5,10,38,50.0,0.8908753999858163,0.27177799999481067,0.76,0.6792452830188679,0.5373134328358209,0.8721804511278195,0.6,0.7047469419818202,0.43793942049855566,0.8133767253955785,0.6813059082111685,0.684568676063829,0.5356301200763102,116,17,31,36,0.8305465155425878,0.7029175365070379,0.582089552238806,0.6724137931034483,0.753450791156997,0.5562888497938473,0.7337052681366867,0.5278868813825608,-0.017169790147009367,-0.02161162829586938,-0.04477611940298509,-0.07241379310344831,-0.04870384917517678,-0.11834942929529163,-0.0491365920728577,0.007743238693749377
German Credit,R1_F1,1,1,Chi2,Top75,0.75,15,52,25.0,0.8908753999858163,0.2872211000067182,0.785,0.7222222222222222,0.582089552238806,0.8872180451127819,0.6446280991735537,0.734653798675794,0.49893905350521156,0.8350353495679497,0.7150964496777249,0.7186378466361816,0.5348445741218718,118,15,28,39,0.8305465155425878,0.7029175365070379,0.582089552238806,0.6724137931034483,0.753450791156997,0.5562888497938473,0.7337052681366867,0.5278868813825608,0.004488834025361821,0.012178913170686978,0.0,-0.027785693929894606,-0.018796992481203034,-0.057349796288635735,-0.015067421500505107,0.006957692739311017
German Credit,R1_F1,1,1,MI,Top25,0.25,5,9,75.0,0.8908753999858163,0.22220219997689128,0.73,0.6226415094339622,0.4925373134328358,0.849624060150376,0.55,0.6710806867916059,0.3659296500685383,0.7780271574458535,0.5978875415937719,0.6468937718160257,0.45168892380204245,113,20,34,33,0.8305465155425878,0.7029175365070379,0.582089552238806,0.6724137931034483,0.753450791156997,0.5562888497938473,0.7337052681366867,0.5278868813825608,-0.05251935809673436,-0.10502999491326603,-0.08955223880597019,-0.12241379310344824,-0.08237010436539105,-0.19035919972530901,-0.08681149632066099,-0.07619795758051834
German Credit,R1_F1,1,1,MI,Top50,0.5,10,26,50.0,0.8908753999858163,0.26532579999184236,0.735,0.6296296296296297,0.5074626865671642,0.849624060150376,0.5619834710743802,0.67854337335877,0.3796327279420333,0.7972169229042756,0.6563303524161757,0.6566220435958663,0.5198069801369094,113,20,33,34,0.8305465155425878,0.7029175365070379,0.582089552238806,0.6724137931034483,0.753450791156997,0.5562888497938473,0.7337052681366867,0.5278868813825608,-0.033329592638312255,-0.046587184090862266,-0.07462686567164178,-0.1104303220290681,-0.07490741779822696,-0.176656121851814,-0.0770832245408204,-0.008079901245651389
German Credit,R1_F1,1,1,MI,Top75,0.75,15,50,25.0,0.8908753999858163,0.3309237000066787,0.78,0.7254901960784313,0.5522388059701493,0.8947368421052632,0.6271186440677966,0.7234878240377063,0.48402619106467726,0.8381775333857031,0.7237944741658896,0.7029284496602144,0.5579620693524856,119,14,30,37,0.8305465155425878,0.7029175365070379,0.582089552238806,0.6724137931034483,0.753450791156997,0.5562888497938473,0.7337052681366867,0.5278868813825608,0.007631017843115262,0.02087693765885168,-0.02985074626865669,-0.04529514903565168,-0.029962967119290695,-0.07226265872917004,-0.03077681847647229,0.03007518796992481
German Credit,R1_F1,1,1,L1,Top25,0.25,5,12,75.0,0.8908753999858163,0.22926410002401099,0.73,0.6181818181818182,0.5074626865671642,0.8421052631578947,0.5573770491803278,0.6747839748625295,0.3695127968130423,0.7481203007518796,0.6061718320022729,0.6537101798308285,0.42251150263719,112,21,33,34,0.8305465155425878,0.7029175365070379,0.582089552238806,0.6724137931034483,0.753450791156997,0.5562888497938473,0.7337052681366867,0.5278868813825608,-0.08242621479070822,-0.09674570450476505,-0.07462686567164178,-0.11503674392312047,-0.07866681629446748,-0.18677605298080502,-0.07999508830585822,-0.10537537874537078
German Credit,R1_F1,1,1,L1,Top50,0.5,10,24,50.0,0.8908753999858163,0.26081130001693964,0.73,0.6181818181818182,0.5074626865671642,0.8421052631578947,0.5573770491803278,0.6747839748625295,0.3695127968130423,0.7972169229042757,0.6441772351342241,0.6537101798308285,0.5204803052407138,112,21,33,34,0.8305465155425878,0.7029175365070379,0.582089552238806,0.6724137931034483,0.753450791156997,0.5562888497938473,0.7337052681366867,0.5278868813825608,-0.033329592638312144,-0.05874030137281383,-0.07462686567164178,-0.11503674392312047,-0.07866681629446748,-0.18677605298080502,-0.07999508830585822,-0.007406576141847032
German Credit,R1_F1,1,1,L1,Top75,0.75,15,46,25.0,0.8908753999858163,0.29271270002936944,0.795,0.7321428571428571,0.6119402985074627,0.8872180451127819,0.6666666666666666,0.7495791718101223,0.5247184043106148,0.8203344181348895,0.7002739125395888,0.736834089444512,0.5505554932106386,118,15,26,41,0.8305465155425878,0.7029175365070379,0.582089552238806,0.6724137931034483,0.753450791156997,0.5562888497938473,0.7337052681366867,0.5278868813825608,-0.01021209740769835,-0.0026436239674491047,0.02985074626865669,-0.005747126436781658,-0.003871619346874633,-0.03157044548323251,0.0031288213078253246,0.022668611828077778
German Credit,R1_F1,1,1,RF,Top25,0.25,5,5,75.0,0.8908753999858163,0.2067119000130333,0.67,0.5142857142857142,0.26865671641791045,0.8721804511278195,0.35294117647058826,0.570418583772865,0.1749461984185615,0.6880260352373472,0.48916220984881836,0.4840631530326304,0.32443047918303225,116,17,49,18,0.8305465155425878,0.7029175365070379,0.582089552238806,0.6724137931034483,0.753450791156997,0.5562888497938473,0.7337052681366867,0.5278868813825608,-0.14252048030524067,-0.21375532665821956,-0.31343283582089554,-0.31947261663286003,-0.18303220738413195,-0.3813426513752858,-0.24964211510405626,-0.20345640219952854
German Credit,R1_F1,1,1,RF,Top50,0.5,10,21,50.0,0.8908753999858163,0.25608809996629134,0.75,0.6888888888888889,0.4626865671641791,0.8947368421052632,0.5535714285714286,0.6787117046347211,0.4039932499743378,0.7985635731118843,0.6720488743709423,0.6434148879137025,0.48322298283020987,119,14,36,31,0.8305465155425878,0.7029175365070379,0.582089552238806,0.6724137931034483,0.753450791156997,0.5562888497938473,0.7337052681366867,0.5278868813825608,-0.03198294243070354,-0.030868662136095626,-0.11940298507462688,-0.11884236453201968,-0.0747390865222759,-0.15229559981950952,-0.09029038022298419,-0.04466389855235092
German Credit,R1_F1,1,1,RF,Top75,0.75,15,37,25.0,0.8908753999858163,0.3023585000191815,0.785,0.7608695652173914,0.5223880597014925,0.9172932330827067,0.6194690265486725,0.7198406463920997,0.4931305785716126,0.8325664908540007,0.6927267211378334,0.6922304762197227,0.49814835596453827,122,11,32,35,0.8305465155425878,0.7029175365070379,0.582089552238806,0.6724137931034483,0.753450791156997,0.5562888497938473,0.7337052681366867,0.5278868813825608,0.002019975311412847,-0.01019081536920452,-0.059701492537313494,-0.05294476655477576,-0.03361014476489732,-0.06315827122223472,-0.041474791916964016,-0.02973852541802252
German Credit,R1_F1,1,1,RFE,Top25,0.25,5,17,75.0,0.8908753999858163,0.32356270001037046,0.685,0.5384615384615384,0.417910447761194,0.8195488721804511,0.47058823529411764,0.6187296599708225,0.2555170660121482,0.7401526203568624,0.5955762804954324,0.585233317690572,0.39198743126472896,109,24,39,28,0.8305465155425878,0.7029175365070379,0.582089552238806,0.6724137931034483,0.753450791156997,0.5562888497938473,0.7337052681366867,0.5278868813825608,-0.09039389518572549,-0.10734125601160549,-0.16417910447761197,-0.20182555780933065,-0.13472113118617446,-0.3007717837816991,-0.14847195044611472,-0.13589945011783183
German Credit,R1_F1,1,1,RFE,Top50,0.5,10,35,50.0,0.8908753999858163,0.32828340004198253,0.745,0.6333333333333333,0.5671641791044776,0.8345864661654135,0.5984251968503937,0.7008753226349456,0.41379016278472114,0.8094489956233868,0.6623905820533246,0.6880025784649456,0.5350690158231399,111,22,29,38,0.8305465155425878,0.7029175365070379,0.582089552238806,0.6724137931034483,0.753450791156997,0.5562888497938473,0.7337052681366867,0.5278868813825608,-0.021097519919201058,-0.04052695445371335,-0.014925373134328401,-0.07398859625305454,-0.052575468522051416,-0.14249868700912616,-0.04570268967174107,0.007182134440579135
German Credit,R1_F1,1,1,RFE,Top75,0.75,15,48,25.0,0.8908753999858163,0.30701379996025935,0.775,0.7037037037037037,0.5671641791044776,0.8796992481203008,0.628099173553719,0.7234317136123891,0.4750777883925759,0.8103467624284592,0.6536709130808207,0.7063525337386258,0.5432611379194254,117,16,29,38,0.8305465155425878,0.7029175365070379,0.582089552238806,0.6724137931034483,0.753450791156997,0.5562888497938473,0.7337052681366867,0.5278868813825608,-0.020199753114128693,-0.04924662342621722,-0.014925373134328401,-0.04431461954972926,-0.030019077544607864,-0.08121106140127138,-0.02735273439806085,0.015374256536864639
German Credit,R1_F1,1,1,EqualConsensus,Top25,0.25,5,12,75.0,0.8908753999858163,0.23193919996265322,0.73,0.6181818181818182,0.5074626865671642,0.8421052631578947,0.5573770491803278,0.6747839748625295,0.3695127968130423,0.7481203007518796,0.6061718320022729,0.6537101798308285,0.42251150263719,112,21,33,34,0.8305465155425878,0.7029175365070379,0.582089552238806,0.6724137931034483,0.753450791156997,0.5562888497938473,0.7337052681366867,0.5278868813825608,-0.08242621479070822,-0.09674570450476505,-0.07462686567164178,-0.11503674392312047,-0.07866681629446748,-0.18677605298080502,-0.07999508830585822,-0.10537537874537078
German Credit,R1_F1,1,1,EqualConsensus,Top50,0.5,10,26,50.0,0.8908753999858163,0.2684336999664083,0.77,0.6981132075471698,0.5522388059701493,0.8796992481203008,0.6166666666666667,0.715969027045225,0.4619426773085614,0.8096734373246549,0.6702156439551186,0.6969964579499619,0.4826618785770396,117,16,30,37,0.8305465155425878,0.7029175365070379,0.582089552238806,0.6724137931034483,0.753450791156997,0.5562888497938473,0.7337052681366867,0.5278868813825608,-0.02087307821793294,-0.032701892551919354,-0.02985074626865669,-0.05574712643678159,-0.037481764111771954,-0.09434617248528587,-0.03670881018672478,-0.045225002805521164
German Credit,R1_F1,1,1,EqualConsensus,Top75,0.75,15,45,25.0,0.8908753999858163,0.2781661000335589,0.77,0.6842105263157895,0.582089552238806,0.8646616541353384,0.6290322580645161,0.7233756031870722,0.4671146725985211,0.8139378296487487,0.6768080758628892,0.7094438068611949,0.5575131859499496,115,18,28,39,0.8305465155425878,0.7029175365070379,0.582089552238806,0.6724137931034483,0.753450791156997,0.5562888497938473,0.7337052681366867,0.5278868813825608,-0.016608685893839126,-0.026109460644148763,0.0,-0.04338153503893216,-0.03007518796992481,-0.08917417719532622,-0.02426146127549178,0.029626304567388795
German Credit,R1_F2,1,2,Chi2,Top25,0.25,5,18,75.0,0.8768827000167221,0.22024559997953475,0.73,0.44642857142857145,0.5208333333333334,0.7960526315789473,0.4807692307692308,0.6584429824561404,0.301418675789559,0.7023711622807017,0.5048420644452769,0.6439027454624147,0.3771929824561403,121,31,23,25,0.7420504385964911,0.476023150179116,0.4166666666666667,0.4597701149425287,0.6458333333333334,0.3144010367213984,0.60380736442456,0.4320175438596491,-0.03967927631578938,0.0288189142661609,0.10416666666666669,0.02099911582670211,0.012609649122807043,-0.01298236093183941,0.040095381037854705,-0.054824561403508776
German Credit,R1_F2,1,2,Chi2,Top50,0.5,10,35,50.0,0.8768827000167221,0.2763169000390917,0.77,0.5227272727272727,0.4791666666666667,0.8618421052631579,0.5,0.6705043859649122,0.3515760851814769,0.7458881578947368,0.5005204717397537,0.642624313866142,0.4473684210526316,131,21,25,23,0.7420504385964911,0.476023150179116,0.4166666666666667,0.4597701149425287,0.6458333333333334,0.3144010367213984,0.60380736442456,0.4320175438596491,0.003837719298245723,0.024497321560637664,0.0625,0.040229885057471326,0.02467105263157887,0.03717504846007852,0.038816949441582094,0.015350877192982504
German Credit,R1_F2,1,2,Chi2,Top75,0.75,15,53,25.0,0.8768827000167221,0.29095689998939633,0.755,0.4897959183673469,0.5,0.8355263157894737,0.4948453608247423,0.6677631578947368,0.333182733684121,0.7543859649122807,0.49122415224635857,0.646346004779744,0.4298245614035087,127,25,24,24,0.7420504385964911,0.476023150179116,0.4166666666666667,0.4597701149425287,0.6458333333333334,0.3144010367213984,0.60380736442456,0.4320175438596491,0.012335526315789602,0.015201002067242564,0.08333333333333331,0.03507524588221361,0.021929824561403466,0.018781696962722583,0.042538640355184065,-0.0021929824561403577
German Credit,R1_F2,1,2,MI,Top25,0.25,5,8,75.0,0.8768827000167221,0.2371234000311233,0.725,0.43137254901960786,0.4583333333333333,0.8092105263157895,0.4444444444444444,0.6337719298245614,0.2621556236299369,0.695860745614035,0.4298850709740381,0.609005876732513,0.3717105263157895,123,29,26,22,0.7420504385964911,0.476023150179116,0.4166666666666667,0.4597701149425287,0.6458333333333334,0.3144010367213984,0.60380736442456,0.4320175438596491,-0.04618969298245612,-0.0461380792050779,0.04166666666666663,-0.015325670498084254,-0.01206140350877194,-0.05224541309146152,0.005198512307953096,-0.06030701754385959
German Credit,R1_F2,1,2,MI,Top50,0.5,10,24,50.0,0.8768827000167221,0.2544726000051014,0.765,0.5111111111111111,0.4791666666666667,0.8552631578947368,0.4946236559139785,0.6672149122807017,0.34203874771168186,0.7101151315789473,0.5047126125814664,0.6401668505094809,0.38815789473684215,130,22,25,23,0.7420504385964911,0.476023150179116,0.4166666666666667,0.4597701149425287,0.6458333333333334,0.3144010367213984,0.60380736442456,0.4320175438596491,-0.03193530701754377,0.028689462402350374,0.0625,0.034853540971449826,0.021381578947368363,0.02763771099028345,0.0363594860849209,-0.04385964912280693
German Credit,R1_F2,1,2,MI,Top75,0.75,15,48,25.0,0.8768827000167221,0.2965272999717854,0.77,0.5217391304347826,0.5,0.8552631578947368,0.5106382978723404,0.6776315789473684,0.3605398786970459,0.752467105263158,0.5063509391460814,0.6539354547257462,0.4287280701754386,130,22,24,24,0.7420504385964911,0.476023150179116,0.4166666666666667,0.4597701149425287,0.6458333333333334,0.3144010367213984,0.60380736442456,0.4320175438596491,0.010416666666666852,0.03032778896696542,0.08333333333333331,0.05086818292981171,0.03179824561403499,0.04613884197564749,0.05012809030118626,-0.0032894736842104533
German Credit,R1_F2,1,2,L1,Top25,0.25,5,12,75.0,0.8768827000167221,0.25709259998984635,0.75,0.48148148148148145,0.5416666666666666,0.8157894736842105,0.5098039215686274,0.6787280701754386,0.34386808225730703,0.6947642543859649,0.413984922445079,0.6647450375236212,0.3629385964912281,124,28,22,26,0.7420504385964911,0.476023150179116,0.4166666666666667,0.4597701149425287,0.6458333333333334,0.3144010367213984,0.60380736442456,0.4320175438596491,-0.047286184210526216,-0.062038227734037,0.12499999999999994,0.05003380662609874,0.0328947368421052,0.02946704553590862,0.060937673099061285,-0.06907894736842096
German Credit,R1_F2,1,2,L1,Top50,0.5,10,33,50.0,0.8768827000167221,0.2858686000108719,0.78,0.5434782608695652,0.5208333333333334,0.8618421052631579,0.5319148936170213,0.6913377192982456,0.3883593137816945,0.7484923245614036,0.47773687515215,0.6699821613231416,0.4649122807017544,131,21,23,25,0.7420504385964911,0.476023150179116,0.4166666666666667,0.4597701149425287,0.6458333333333334,0.3144010367213984,0.60380736442456,0.4320175438596491,0.006441885964912464,0.0017137249730340143,0.10416666666666669,0.0721447786744926,0.04550438596491224,0.07395827706029612,0.06617479689858163,0.03289473684210531
German Credit,R1_F2,1,2,L1,Top75,0.75,15,48,25.0,0.8768827000167221,0.29029589996207505,0.77,0.5227272727272727,0.4791666666666667,0.8618421052631579,0.5,0.6705043859649122,0.3515760851814769,0.7349232456140351,0.4435219313892669,0.642624313866142,0.39473684210526316,131,21,25,23,0.7420504385964911,0.476023150179116,0.4166666666666667,0.4597701149425287,0.6458333333333334,0.3144010367213984,0.60380736442456,0.4320175438596491,-0.00712719298245601,-0.03250121878984913,0.0625,0.040229885057471326,0.02467105263157887,0.03717504846007852,0.038816949441582094,-0.037280701754385914
German Credit,R1_F2,1,2,RF,Top25,0.25,5,5,75.0,0.8768827000167221,0.28034840000327677,0.695,0.3333333333333333,0.2708333333333333,0.8289473684210527,0.2988505747126437,0.549890350877193,0.10755824940468896,0.6472039473684211,0.3566378487329043,0.47382125210607473,0.3114035087719298,126,26,35,13,0.7420504385964911,0.476023150179116,0.4166666666666667,0.4597701149425287,0.6458333333333334,0.3144010367213984,0.60380736442456,0.4320175438596491,-0.09484649122806998,-0.11938530144621173,-0.14583333333333337,-0.16091954022988497,-0.09594298245614041,-0.20684278731670946,-0.12998611231848523,-0.12061403508771928
German Credit,R1_F2,1,2,RF,Top50,0.5,10,21,50.0,0.8768827000167221,0.3326223000185564,0.73,0.4318181818181818,0.3958333333333333,0.8355263157894737,0.41304347826086957,0.6156798245614035,0.23852911245431394,0.7214912280701754,0.4718667964947205,0.5750905725767609,0.40789473684210525,127,25,29,19,0.7420504385964911,0.476023150179116,0.4166666666666667,0.4597701149425287,0.6458333333333334,0.3144010367213984,0.60380736442456,0.4320175438596491,-0.020559210526315708,-0.004156353684395486,-0.02083333333333337,-0.046726636681659106,-0.030153508771929904,-0.07587192426708447,-0.028716791847799072,-0.024122807017543824
German Credit,R1_F2,1,2,RF,Top75,0.75,15,42,25.0,0.8768827000167221,0.29838999995263293,0.765,0.5116279069767442,0.4583333333333333,0.8618421052631579,0.4835164835164835,0.6600877192982456,0.3328483219361364,0.7112116228070176,0.44939987585777785,0.6284989776541253,0.34429824561403505,131,21,26,22,0.7420504385964911,0.476023150179116,0.4166666666666667,0.4597701149425287,0.6458333333333334,0.3144010367213984,0.60380736442456,0.4320175438596491,-0.03083881578947356,-0.026623274321338153,0.04166666666666663,0.023746368573954846,0.014254385964912242,0.018447285214737985,0.024691613229565368,-0.08771929824561403
German Credit,R1_F2,1,2,RFE,Top25,0.25,5,13,75.0,0.8768827000167221,0.24557619995903224,0.77,0.52,0.5416666666666666,0.8421052631578947,0.5306122448979592,0.6918859649122806,0.3785166493051126,0.7266310307017544,0.484921233001291,0.6753816335059704,0.4484649122807018,128,24,22,26,0.7420504385964911,0.476023150179116,0.4166666666666667,0.4597701149425287,0.6458333333333334,0.3144010367213984,0.60380736442456,0.4320175438596491,-0.015419407894736725,0.008898082822174969,0.12499999999999994,0.07084212995543054,0.046052631578947234,0.06411561258371418,0.0715742690814104,0.01644736842105271
German Credit,R1_F2,1,2,RFE,Top50,0.5,10,36,50.0,0.8768827000167221,0.2807160000083968,0.775,0.5319148936170213,0.5208333333333334,0.8552631578947368,0.5263157894736842,0.6880482456140351,0.37883234297909263,0.7441063596491228,0.5049926291776378,0.6674200786637369,0.4429824561403508,130,22,23,25,0.7420504385964911,0.476023150179116,0.4166666666666667,0.4597701149425287,0.6458333333333334,0.3144010367213984,0.60380736442456,0.4320175438596491,0.0020559210526316374,0.028969478998521758,0.10416666666666669,0.06654567453115551,0.04221491228070173,0.06443130625769422,0.06361271423917692,0.010964912280701733
German Credit,R1_F2,1,2,RFE,Top75,0.75,15,50,25.0,0.8768827000167221,0.30045569996582344,0.765,0.5111111111111111,0.4791666666666667,0.8552631578947368,0.4946236559139785,0.6672149122807017,0.34203874771168186,0.7490405701754386,0.46726143667347053,0.6401668505094809,0.45394736842105265,130,22,25,23,0.7420504385964911,0.476023150179116,0.4166666666666667,0.4597701149425287,0.6458333333333334,0.3144010367213984,0.60380736442456,0.4320175438596491,0.006990131578947456,-0.008761713505645474,0.0625,0.034853540971449826,0.021381578947368363,0.02763771099028345,0.0363594860849209,0.021929824561403577
German Credit,R1_F2,1,2,EqualConsensus,Top25,0.25,5,12,75.0,0.8768827000167221,0.24243760004173964,0.76,0.5,0.5,0.8421052631578947,0.5,0.6710526315789473,0.34210526315789475,0.7042214912280702,0.45105652882891867,0.6488856845230502,0.39473684210526316,128,24,24,24,0.7420504385964911,0.476023150179116,0.4166666666666667,0.4597701149425287,0.6458333333333334,0.3144010367213984,0.60380736442456,0.4320175438596491,-0.03782894736842091,-0.024966621350197338,0.08333333333333331,0.040229885057471326,0.025219298245613975,0.027704226436496338,0.04507832009849022,-0.037280701754385914
German Credit,R1_F2,1,2,EqualConsensus,Top50,0.5,10,31,50.0,0.8768827000167221,0.2725631999783218,0.78,0.5454545454545454,0.5,0.868421052631579,0.5217391304347826,0.6842105263157895,0.3798378283632677,0.7327302631578948,0.4772985163926768,0.6589465276604692,0.46820175438596495,132,20,24,24,0.7420504385964911,0.476023150179116,0.4166666666666667,0.4597701149425287,0.6458333333333334,0.3144010367213984,0.60380736442456,0.4320175438596491,-0.009320175438596312,0.0012753662135607802,0.08333333333333331,0.06196901549225392,0.03837719298245612,0.06543679164186927,0.05513916323590928,0.036184210526315874
German Credit,R1_F2,1,2,EqualConsensus,Top75,0.75,15,48,25.0,0.8768827000167221,0.30443540000123903,0.76,0.5,0.4791666666666667,0.8486842105263158,0.48936170212765956,0.6639254385964912,0.3327204436123973,0.7527412280701755,0.4862875679099583,0.6376999170538807,0.43201754385964913,129,23,25,23,0.7420504385964911,0.476023150179116,0.4166666666666667,0.4597701149425287,0.6458333333333334,0.3144010367213984,0.60380736442456,0.4320175438596491,0.010690789473684403,0.010264417730842301,0.0625,0.029591587185130885,0.018092105263157854,0.01831940689099887,0.03389255262932078,5.551115123125783e-17
German Credit,R1_F3,1,3,Chi2,Top25,0.25,5,18,75.0,0.8892788999946788,0.211141099978704,0.74,0.6410256410256411,0.3968253968253968,0.8978102189781022,0.49019607843137253,0.6473178079017495,0.345438357772083,0.7296952844398099,0.6328017546843475,0.5968868371977069,0.39184335534700493,123,14,38,25,0.7814853435291392,0.6698895847519888,0.4761904761904761,0.5504587155963303,0.6797010775112965,0.3967089138052003,0.6485190744458142,0.4451396130228247,-0.05179005908932932,-0.03708783006764127,-0.0793650793650793,-0.06026263716495778,-0.03238326960954696,-0.05127055603311731,-0.05163223724810739,-0.05329625767581975
German Credit,R1_F3,1,3,Chi2,Top50,0.5,10,41,50.0,0.8892788999946788,0.2915517000365071,0.76,0.6829268292682927,0.4444444444444444,0.9051094890510949,0.5384615384615384,0.6747769667477697,0.4022112940272951,0.7745336577453367,0.6549339903253306,0.6342482826328415,0.44931062449310627,124,13,35,28,0.7814853435291392,0.6698895847519888,0.4761904761904761,0.5504587155963303,0.6797010775112965,0.3967089138052003,0.6485190744458142,0.4451396130228247,-0.006951685783802564,-0.01495559442665817,-0.03174603174603169,-0.01199717713479187,-0.004924110763526834,0.005502380222094816,-0.01427079181297275,0.004171011470281594
German Credit,R1_F3,1,3,Chi2,Top75,0.75,15,51,25.0,0.8892788999946788,0.312430799996946,0.755,0.675,0.42857142857142855,0.9051094890510949,0.5242718446601942,0.6668404588112617,0.38750021023237596,0.7654964662263932,0.6343867850751181,0.6228194495487304,0.47816012049588696,124,13,36,27,0.7814853435291392,0.6698895847519888,0.4761904761904761,0.5504587155963303,0.6797010775112965,0.3967089138052003,0.6485190744458142,0.4451396130228247,-0.015988877302746007,-0.035502799676870644,-0.04761904761904756,-0.026186870936136142,-0.012860618700034743,-0.009208703572824328,-0.025699624897083884,0.03302050747306229
German Credit,R1_F3,1,3,MI,Top25,0.25,5,8,75.0,0.8892788999946788,0.23947169998427853,0.725,0.6333333333333333,0.30158730158730157,0.9197080291970803,0.40860215053763443,0.610647665392191,0.28788412762918614,0.710925732823543,0.5597250536026549,0.5266614308772977,0.36264627505503416,126,11,44,19,0.7814853435291392,0.6698895847519888,0.4761904761904761,0.5504587155963303,0.6797010775112965,0.3967089138052003,0.6485190744458142,0.4451396130228247,-0.07055961070559624,-0.11016453114933389,-0.17460317460317454,-0.14185656505869587,-0.06905341211910554,-0.10882478617601415,-0.12185764356851658,-0.08249333796779051
German Credit,R1_F3,1,3,MI,Top50,0.5,10,24,50.0,0.8892788999946788,0.27906810003332794,0.74,0.627906976744186,0.42857142857142855,0.8832116788321168,0.5094339622641509,0.6558915537017727,0.35253243883365054,0.7339821573398215,0.5906107397157393,0.6152392143939218,0.3807206580929209,121,16,36,27,0.7814853435291392,0.6698895847519888,0.4761904761904761,0.5504587155963303,0.6797010775112965,0.3967089138052003,0.6485190744458142,0.4451396130228247,-0.0475031861893177,-0.07927884503624949,-0.04761904761904756,-0.041024753332179364,-0.023809523809523836,-0.04417647497154975,-0.03327986005189243,-0.0644189549299038
German Credit,R1_F3,1,3,MI,Top75,0.75,15,46,25.0,0.8892788999946788,0.30471490003401414,0.72,0.5813953488372093,0.3968253968253968,0.8686131386861314,0.4716981132075472,0.6327192677557641,0.3001307385239292,0.7466110531803962,0.6160233867575454,0.5871011441369175,0.4197659599119453,119,18,38,25,0.7814853435291392,0.6698895847519888,0.4761904761904761,0.5504587155963303,0.6797010775112965,0.3967089138052003,0.6485190744458142,0.4451396130228247,-0.03487429034874301,-0.053866197994443366,-0.0793650793650793,-0.07876060238878313,-0.046981809755532344,-0.0965781752812711,-0.06141793030889675,-0.025373653110879357
German Credit,R1_F3,1,3,L1,Top25,0.25,5,8,75.0,0.8892788999946788,0.24335400003474206,0.74,0.6571428571428571,0.36507936507936506,0.9124087591240876,0.46938775510204084,0.6387440621017263,0.33923368121476793,0.7327076816127911,0.5656330428115421,0.5771495564183283,0.3902212953307844,125,12,40,23,0.7814853435291392,0.6698895847519888,0.4761904761904761,0.5504587155963303,0.6797010775112965,0.3967089138052003,0.6485190744458142,0.4451396130228247,-0.048777661916348136,-0.10425654194044665,-0.11111111111111105,-0.08107096049428947,-0.0409570154095702,-0.05747523259043236,-0.07136951802748592,-0.05491831769204025
German Credit,R1_F3,1,3,L1,Top50,0.5,10,30,50.0,0.8892788999946788,0.27632349997293204,0.755,0.6944444444444444,0.3968253968253968,0.9197080291970803,0.5050505050505051,0.6582667130112385,0.3827163025984504,0.753794461823659,0.6411819748994011,0.604122093330177,0.4172170084578844,126,11,38,25,0.7814853435291392,0.6698895847519888,0.4761904761904761,0.5504587155963303,0.6797010775112965,0.3967089138052003,0.6485190744458142,0.4451396130228247,-0.027690881705480286,-0.02870760985258769,-0.0793650793650793,-0.04540821054582522,-0.02143436450005798,-0.013992611206749883,-0.04439698111563728,-0.02792260456494028
German Credit,R1_F3,1,3,L1,Top75,0.75,15,48,25.0,0.8892788999946788,0.3043867999804206,0.725,0.5952380952380952,0.3968253968253968,0.8759124087591241,0.47619047619047616,0.6363689027922604,0.3110446325912536,0.761904761904762,0.6189991011987218,0.5895627949507403,0.4223149113660063,120,17,38,25,0.7814853435291392,0.6698895847519888,0.4761904761904761,0.5504587155963303,0.6797010775112965,0.3967089138052003,0.6485190744458142,0.4451396130228247,-0.019580581624377258,-0.050890483553266974,-0.0793650793650793,-0.07426823940585414,-0.043332174719036054,-0.0856642812139467,-0.05895627949507398,-0.02282470165681838
German Credit,R1_F3,1,3,RF,Top25,0.25,5,5,75.0,0.8892788999946788,0.2288172000553459,0.695,0.5227272727272727,0.36507936507936506,0.8467153284671532,0.42990654205607476,0.6058973467732591,0.23749638072418197,0.6371799328003708,0.4314615950167461,0.5559840775775458,0.2473641524736415,116,21,40,23,0.7814853435291392,0.6698895847519888,0.4761904761904761,0.5504587155963303,0.6797010775112965,0.3967089138052003,0.6485190744458142,0.4451396130228247,-0.14430541072876846,-0.2384279897352427,-0.11111111111111105,-0.12055217354025555,-0.07380373073803737,-0.15921253308101832,-0.0925349968682685,-0.19777546054918319
German Credit,R1_F3,1,3,RF,Top50,0.5,10,24,50.0,0.8892788999946788,0.27653549995739013,0.735,0.6086956521739131,0.4444444444444444,0.8686131386861314,0.5137614678899083,0.656528791565288,0.34555367024553557,0.7327076816127911,0.5937591773539178,0.6213294487311082,0.35720078785772214,119,18,35,28,0.7814853435291392,0.6698895847519888,0.4761904761904761,0.5504587155963303,0.6797010775112965,0.3967089138052003,0.6485190744458142,0.4451396130228247,-0.048777661916348136,-0.07613040739807098,-0.03174603174603169,-0.03669724770642202,-0.02317228594600851,-0.05115524355966472,-0.027189625714706067,-0.08793882516510254
German Credit,R1_F3,1,3,RF,Top75,0.75,15,39,25.0,0.8892788999946788,0.29973800003062934,0.745,0.6153846153846154,0.5079365079365079,0.8540145985401459,0.5565217391304348,0.6809755532383269,0.3833080475724694,0.75669099756691,0.638498486891182,0.6586237111653971,0.43656586722280155,117,20,31,32,0.7814853435291392,0.6698895847519888,0.4761904761904761,0.5504587155963303,0.6797010775112965,0.3967089138052003,0.6485190744458142,0.4451396130228247,-0.02479434596222918,-0.03139109786080674,0.0317460317460318,0.006063023534104484,0.001274475727030433,-0.013400866232730901,0.010104636719582838,-0.008573745800023125
German Credit,R1_F3,1,3,RFE,Top25,0.25,5,20,75.0,0.8892788999946788,0.2702310000313446,0.755,0.6521739130434783,0.47619047619047616,0.8832116788321168,0.5504587155963303,0.6797010775112965,0.39670891380520035,0.7602247711736764,0.597325017149805,0.6485190744458142,0.49530761209593327,121,16,33,30,0.7814853435291392,0.6698895847519888,0.4761904761904761,0.5504587155963303,0.6797010775112965,0.3967089138052003,0.6485190744458142,0.4451396130228247,-0.02126057235546286,-0.07256456760218377,5.551115123125783e-17,0.0,0.0,5.551115123125783e-17,0.0,0.05016799907310859
German Credit,R1_F3,1,3,RFE,Top50,0.5,10,36,50.0,0.8892788999946788,0.28327950002858415,0.735,0.625,0.3968253968253968,0.8905109489051095,0.4854368932038835,0.6436681728652531,0.33368073658899045,0.746147607461476,0.6420921214814357,0.594455516146188,0.408063955509211,122,15,38,25,0.7814853435291392,0.6698895847519888,0.4761904761904761,0.5504587155963303,0.6797010775112965,0.3967089138052003,0.6485190744458142,0.4451396130228247,-0.03533773606766322,-0.027797463270553102,-0.0793650793650793,-0.0650218223924468,-0.03603290464604336,-0.06302817721620985,-0.05406355829962628,-0.03707565751361369
German Credit,R1_F3,1,3,RFE,Top75,0.75,15,51,25.0,0.8892788999946788,0.32505640003364533,0.76,0.6744186046511628,0.4603174603174603,0.8978102189781022,0.5471698113207547,0.6790638396477813,0.4049341391433719,0.7717529834318155,0.6485358758031702,0.6428667979037826,0.4476885644768856,123,14,34,29,0.7814853435291392,0.6698895847519888,0.4761904761904761,0.5504587155963303,0.6797010775112965,0.3967089138052003,0.6485190744458142,0.4451396130228247,-0.0097323600973237,-0.021353708948818606,-0.015873015873015817,-0.0032889042755755993,-0.0006372378635152165,0.008225225338171605,-0.005652276542031598,0.0025489514540609215
German Credit,R1_F3,1,3,EqualConsensus,Top25,0.25,5,8,75.0,0.8892788999946788,0.3171132000279613,0.74,0.6571428571428571,0.36507936507936506,0.9124087591240876,0.46938775510204084,0.6387440621017263,0.33923368121476793,0.7327076816127911,0.5656330428115421,0.5771495564183283,0.3902212953307844,125,12,40,23,0.7814853435291392,0.6698895847519888,0.4761904761904761,0.5504587155963303,0.6797010775112965,0.3967089138052003,0.6485190744458142,0.4451396130228247,-0.048777661916348136,-0.10425654194044665,-0.11111111111111105,-0.08107096049428947,-0.0409570154095702,-0.05747523259043236,-0.07136951802748592,-0.05491831769204025
German Credit,R1_F3,1,3,EqualConsensus,Top50,0.5,10,31,50.0,0.8892788999946788,0.2921766000217758,0.73,0.6,0.42857142857142855,0.8686131386861314,0.5,0.64859228362878,0.3305861883975671,0.7469586374695864,0.6218688855941902,0.6101334064961759,0.3686710694009964,119,18,36,27,0.7814853435291392,0.6698895847519888,0.4761904761904761,0.5504587155963303,0.6797010775112965,0.3967089138052003,0.6485190744458142,0.4451396130228247,-0.03452670605955288,-0.04802069915779861,-0.04761904761904756,-0.050458715596330306,-0.031108793882516528,-0.0661227254076332,-0.03838566794963838,-0.07646854362182826
German Credit,R1_F3,1,3,EqualConsensus,Top75,0.75,15,50,25.0,0.8892788999946788,0.3697744999662973,0.74,0.6341463414634146,0.4126984126984127,0.8905109489051095,0.5,0.651604680801761,0.3488853021111804,0.7537944618236588,0.6318142691792454,0.6062280553584566,0.4343645000579307,122,15,37,26,0.7814853435291392,0.6698895847519888,0.4761904761904761,0.5504587155963303,0.6797010775112965,0.3967089138052003,0.6485190744458142,0.4451396130228247,-0.027690881705480397,-0.03807531557274335,-0.06349206349206343,-0.050458715596330306,-0.028096396709535454,-0.047823611694019885,-0.04229101908735766,-0.010775112964893974
German Credit,R1_F4,1,4,Chi2,Top25,0.25,5,18,75.0,1.0058778999955393,0.24959399999352172,0.7,0.6,0.35294117647058826,0.8787878787878788,0.4444444444444444,0.6158645276292335,0.27443021509848686,0.7265485739750446,0.5839044572538385,0.5569204860727307,0.38636363636363635,116,16,44,24,0.7742869875222818,0.6871894209532132,0.3970588235294117,0.5142857142857142,0.660650623885918,0.3919757230117758,0.6057875944798378,0.4211229946524064,-0.04773841354723718,-0.10328496369937468,-0.04411764705882343,-0.06984126984126982,-0.044786096256684504,-0.11754550791328894,-0.04886710840710706,-0.034759358288770026
German Credit,R1_F4,1,4,Chi2,Top50,0.5,10,33,50.0,1.0058778999955393,0.3123382999910973,0.73,0.6590909090909091,0.4264705882352941,0.8863636363636364,0.5178571428571429,0.6564171122994652,0.35773962226167527,0.7335115864527628,0.6087968622160315,0.6148235693191781,0.36987522281639923,117,15,39,29,0.7742869875222818,0.6871894209532132,0.3970588235294117,0.5142857142857142,0.660650623885918,0.3919757230117758,0.6057875944798378,0.4211229946524064,-0.040775401069518935,-0.07839255873718176,0.029411764705882415,0.0035714285714286698,-0.004233511586452798,-0.03423610075010053,0.009035974839340377,-0.05124777183600715
German Credit,R1_F4,1,4,Chi2,Top75,0.75,15,53,25.0,1.0058778999955393,0.3470703000202775,0.75,0.7142857142857143,0.4411764705882353,0.9090909090909091,0.5454545454545454,0.6751336898395721,0.4073689529040217,0.767602495543672,0.664960658157006,0.6333004963811236,0.4215686274509804,120,12,38,30,0.7742869875222818,0.6871894209532132,0.3970588235294117,0.5142857142857142,0.660650623885918,0.3919757230117758,0.6057875944798378,0.4211229946524064,-0.006684491978609763,-0.022228762796207224,0.044117647058823595,0.03116883116883118,0.014483065953654117,0.015393229892245897,0.027512901901285858,0.00044563279857401383
German Credit,R1_F4,1,4,MI,Top25,0.25,5,8,75.0,1.0058778999955393,0.2588559999712743,0.725,0.6511627906976745,0.4117647058823529,0.8863636363636364,0.5045045045045045,0.6490641711229946,0.3437641892091006,0.7230392156862745,0.6370589162722523,0.6041301697747643,0.38458110516934046,117,15,40,28,0.7742869875222818,0.6871894209532132,0.3970588235294117,0.5142857142857142,0.660650623885918,0.3919757230117758,0.6057875944798378,0.4211229946524064,-0.05124777183600726,-0.05013050468096092,0.014705882352941235,-0.009781209781209776,-0.01158645276292336,-0.04821153380267518,-0.0016574247050734625,-0.036541889483065915
German Credit,R1_F4,1,4,MI,Top50,0.5,10,27,50.0,1.0058778999955393,0.36326670000562444,0.735,0.6744186046511628,0.4264705882352941,0.8939393939393939,0.5225225225225225,0.660204991087344,0.36945658003190335,0.7336229946524064,0.6096637027083918,0.6174454301232098,0.38814616755793224,118,14,39,29,0.7742869875222818,0.6871894209532132,0.3970588235294117,0.5142857142857142,0.660650623885918,0.3919757230117758,0.6057875944798378,0.4211229946524064,-0.04066399286987532,-0.07752571824482146,0.029411764705882415,0.00823680823680828,-0.00044563279857401383,-0.022519142979872453,0.011657835643372083,-0.03297682709447414
German Credit,R1_F4,1,4,MI,Top75,0.75,15,42,25.0,1.0058778999955393,0.30136109999148175,0.69,0.56,0.4117647058823529,0.8333333333333334,0.4745762711864407,0.6225490196078431,0.26813322217994795,0.7347370766488414,0.6184595060882047,0.5857791861290061,0.38235294117647056,110,22,40,28,0.7742869875222818,0.6871894209532132,0.3970588235294117,0.5142857142857142,0.660650623885918,0.3919757230117758,0.6057875944798378,0.4211229946524064,-0.0395499108734404,-0.06872991486500857,0.014705882352941235,-0.039709443099273545,-0.03810160427807485,-0.12384250083182785,-0.02000840835083162,-0.03877005347593582
German Credit,R1_F4,1,4,L1,Top25,0.25,5,12,75.0,1.0058778999955393,0.2803569000097923,0.735,0.6666666666666666,0.4411764705882353,0.8863636363636364,0.5309734513274337,0.6637700534759359,0.3715641479590447,0.7482174688057041,0.6264468323948188,0.6253341352818212,0.393048128342246,117,15,38,30,0.7742869875222818,0.6871894209532132,0.3970588235294117,0.5142857142857142,0.660650623885918,0.3919757230117758,0.6057875944798378,0.4211229946524064,-0.0260695187165777,-0.06074258855839443,0.044117647058823595,0.01668773704171944,0.003119429590017875,-0.020411575052731112,0.01954654080198348,-0.028074866310160373
German Credit,R1_F4,1,4,L1,Top50,0.5,10,26,50.0,1.0058778999955393,0.3161911999923177,0.745,0.660377358490566,0.5147058823529411,0.8636363636363636,0.5785123966942148,0.6891711229946524,0.40609688428054863,0.7329545454545454,0.615917850827332,0.6667223684394727,0.4139928698752228,114,18,33,35,0.7742869875222818,0.6871894209532132,0.3970588235294117,0.5142857142857142,0.660650623885918,0.3919757230117758,0.6057875944798378,0.4211229946524064,-0.04133244206773634,-0.07127157012588126,0.11764705882352944,0.0642266824085006,0.028520499108734443,0.01412116126877283,0.06093477395963498,-0.007130124777183555
German Credit,R1_F4,1,4,L1,Top75,0.75,15,50,25.0,1.0058778999955393,0.3551741000264883,0.73,0.675,0.39705882352941174,0.9015151515151515,0.5,0.6492869875222816,0.3535927771461273,0.7632575757575759,0.6630574272038052,0.5982930264130992,0.4171122994652407,119,13,41,27,0.7742869875222818,0.6871894209532132,0.3970588235294117,0.5142857142857142,0.660650623885918,0.3919757230117758,0.6057875944798378,0.4211229946524064,-0.011029411764705843,-0.024131993749408,5.551115123125783e-17,-0.014285714285714235,-0.011363636363636354,-0.0383829458656485,-0.007494568066738538,-0.00401069518716568
German Credit,R1_F4,1,4,RF,Top25,0.25,5,5,75.0,1.0058778999955393,0.2661904999986291,0.675,0.5428571428571428,0.27941176470588236,0.8787878787878788,0.36893203883495146,0.5790998217468806,0.1972290705727364,0.6150846702317291,0.49693041935742915,0.495523634163155,0.17468805704099832,116,16,49,19,0.7742869875222818,0.6871894209532132,0.3970588235294117,0.5142857142857142,0.660650623885918,0.3919757230117758,0.6057875944798378,0.4211229946524064,-0.15920231729055268,-0.19025900159578407,-0.11764705882352933,-0.14535367545076278,-0.08155080213903743,-0.1947466524390394,-0.11026396031668279,-0.24643493761140806
German Credit,R1_F4,1,4,RF,Top50,0.5,10,21,50.0,1.0058778999955393,0.2866119999671355,0.735,0.6829268292682927,0.4117647058823529,0.9015151515151515,0.5137614678899083,0.6566399286987522,0.36760668783985695,0.748440285204991,0.6356458148225193,0.6092717958449424,0.4032976827094474,119,13,40,28,0.7742869875222818,0.6871894209532132,0.3970588235294117,0.5142857142857142,0.660650623885918,0.3919757230117758,0.6057875944798378,0.4211229946524064,-0.025846702317290804,-0.051543606130693975,0.014705882352941235,-0.0005242463958059496,-0.004010695187165791,-0.02436903517191885,0.0034842013651046333,-0.017825311942959
German Credit,R1_F4,1,4,RF,Top75,0.75,15,40,25.0,1.0058778999955393,0.3420549999573268,0.705,0.5918367346938775,0.4264705882352941,0.8484848484848485,0.49572649572649574,0.6374777183600713,0.30284277688239614,0.7369652406417113,0.6319916579899206,0.6015428766447724,0.36631016042780745,112,20,39,29,0.7742869875222818,0.6871894209532132,0.3970588235294117,0.5142857142857142,0.660650623885918,0.3919757230117758,0.6057875944798378,0.4211229946524064,-0.03732174688057044,-0.055197762963292596,0.029411764705882415,-0.018559218559218493,-0.02317290552584672,-0.08913294612937966,-0.004244717835065415,-0.05481283422459893
German Credit,R1_F4,1,4,RFE,Top25,0.25,5,15,75.0,1.0058778999955393,0.2658122000284493,0.7,0.6176470588235294,0.3088235294117647,0.9015151515151515,0.4117647058823529,0.6051693404634582,0.2652571294391313,0.7469919786096257,0.5819072716217393,0.5276448530110863,0.3961675579322639,119,13,47,21,0.7742869875222818,0.6871894209532132,0.3970588235294117,0.5142857142857142,0.660650623885918,0.3919757230117758,0.6057875944798378,0.4211229946524064,-0.027295008912656016,-0.10528214933147395,-0.08823529411764697,-0.10252100840336131,-0.05548128342245984,-0.12671859357264448,-0.07814274146875144,-0.0249554367201425
German Credit,R1_F4,1,4,RFE,Top50,0.5,10,33,50.0,1.0058778999955393,0.32826669997302815,0.765,0.7560975609756098,0.45588235294117646,0.9242424242424242,0.5688073394495413,0.6900623885918004,0.4460433922153599,0.7720588235294118,0.6813390645034739,0.6491115551672866,0.47147950089126556,122,10,37,31,0.7742869875222818,0.6871894209532132,0.3970588235294117,0.5142857142857142,0.660650623885918,0.3919757230117758,0.6057875944798378,0.4211229946524064,-0.002228163992869958,-0.005850356449739302,0.058823529411764774,0.05452162516382708,0.02941176470588236,0.05406766920358408,0.043323960687448815,0.05035650623885918
German Credit,R1_F4,1,4,RFE,Top75,0.75,15,51,25.0,1.0058778999955393,0.3489954999531619,0.755,0.7021276595744681,0.4852941176470588,0.8939393939393939,0.5739130434782609,0.6896167557932263,0.42369514256597135,0.7612522281639929,0.6652222772747453,0.6586528140164322,0.4206773618538325,118,14,35,33,0.7742869875222818,0.6871894209532132,0.3970588235294117,0.5142857142857142,0.660650623885918,0.3919757230117758,0.6057875944798378,0.4211229946524064,-0.013034759358288905,-0.02196714367846797,0.08823529411764713,0.05962732919254665,0.028966131907308346,0.03171941955419555,0.0528652195365944,-0.0004456327985739028
German Credit,R1_F4,1,4,EqualConsensus,Top25,0.25,5,14,75.0,1.0058778999955393,0.26301599998259917,0.74,0.7,0.4117647058823529,0.9090909090909091,0.5185185185185185,0.660427807486631,0.37998029782867415,0.7562388591800356,0.6332844814324351,0.6118264057738428,0.42245989304812837,120,12,40,28,0.7742869875222818,0.6871894209532132,0.3970588235294117,0.5142857142857142,0.660650623885918,0.3919757230117758,0.6057875944798378,0.4211229946524064,-0.018048128342246117,-0.05390493952077813,0.014705882352941235,0.004232804232804255,-0.00022281639928700692,-0.011995425183101649,0.006038811294005075,0.001336898395721986
German Credit,R1_F4,1,4,EqualConsensus,Top50,0.5,10,33,50.0,1.0058778999955393,0.3221161999972537,0.73,0.6590909090909091,0.4264705882352941,0.8863636363636364,0.5178571428571429,0.6564171122994652,0.35773962226167527,0.7335115864527628,0.6087968622160315,0.6148235693191781,0.36987522281639923,117,15,39,29,0.7742869875222818,0.6871894209532132,0.3970588235294117,0.5142857142857142,0.660650623885918,0.3919757230117758,0.6057875944798378,0.4211229946524064,-0.040775401069518935,-0.07839255873718176,0.029411764705882415,0.0035714285714286698,-0.004233511586452798,-0.03423610075010053,0.009035974839340377,-0.05124777183600715
German Credit,R1_F4,1,4,EqualConsensus,Top75,0.75,15,50,25.0,1.0058778999955393,0.34863490000134334,0.73,0.675,0.39705882352941174,0.9015151515151515,0.5,0.6492869875222816,0.3535927771461273,0.7632575757575759,0.6630574272038052,0.5982930264130992,0.4171122994652407,119,13,41,27,0.7742869875222818,0.6871894209532132,0.3970588235294117,0.5142857142857142,0.660650623885918,0.3919757230117758,0.6057875944798378,0.4211229946524064,-0.011029411764705843,-0.024131993749408,5.551115123125783e-17,-0.014285714285714235,-0.011363636363636354,-0.0383829458656485,-0.007494568066738538,-0.00401069518716568
German Credit,R1_F5,1,5,Chi2,Top25,0.25,5,16,75.0,0.9206699999631383,0.21776229998795316,0.715,0.47619047619047616,0.5555555555555556,0.773972602739726,0.5128205128205128,0.6647640791476408,0.3149454080305429,0.7389015728056824,0.5202752670045179,0.6557322466524335,0.37037037037037035,113,33,24,30,0.7954084221207509,0.5809594924991544,0.5370370370370371,0.5471698113207547,0.6897513952308474,0.3841101220961904,0.6726331184415121,0.5086250634195839,-0.05650684931506855,-0.06068422549463648,0.01851851851851849,-0.03434929850024193,-0.02498731608320659,-0.0691647140656475,-0.01690087178907862,-0.13825469304921356
German Credit,R1_F5,1,5,Chi2,Top50,0.5,10,29,50.0,0.9206699999631383,0.3100891000358388,0.735,0.509090909090909,0.5185185185185185,0.815068493150685,0.5137614678899083,0.6667935058346017,0.3316783275090273,0.7554540842212075,0.5080556764892633,0.6500985368077784,0.4530695078640284,119,27,26,28,0.7954084221207509,0.5809594924991544,0.5370370370370371,0.5471698113207547,0.6897513952308474,0.3841101220961904,0.6726331184415121,0.5086250634195839,-0.03995433789954339,-0.07290381600989104,-0.0185185185185186,-0.03340834343084642,-0.022957889396245656,-0.05243179458716307,-0.022534581633733675,-0.055555555555555525
German Credit,R1_F5,1,5,Chi2,Top75,0.75,15,52,25.0,0.9206699999631383,0.3403682999778539,0.75,0.5357142857142857,0.5555555555555556,0.821917808219178,0.5454545454545454,0.6887366818873668,0.37323671597923114,0.7773972602739727,0.5529431059288595,0.6757373783994859,0.4764079147640792,120,26,24,30,0.7954084221207509,0.5809594924991544,0.5370370370370371,0.5471698113207547,0.6897513952308474,0.3841101220961904,0.6726331184415121,0.5086250634195839,-0.0180111618467782,-0.028016386570294816,0.01851851851851849,-0.0017152658662092923,-0.0010147133434805777,-0.01087340611695925,0.0031042599579738095,-0.032217148655504735
German Credit,R1_F5,1,5,MI,Top25,0.25,5,5,75.0,0.9206699999631383,0.23128429998178035,0.665,0.32432432432432434,0.2222222222222222,0.8287671232876712,0.26373626373626374,0.5254946727549468,0.058298594018177635,0.6107305936073059,0.3472203759146383,0.42915087305247873,0.2463216641298832,121,25,42,12,0.7954084221207509,0.5809594924991544,0.5370370370370371,0.5471698113207547,0.6897513952308474,0.3841101220961904,0.6726331184415121,0.5086250634195839,-0.18467782851344505,-0.23373911658451607,-0.3148148148148149,-0.28343354758449096,-0.16425672247590062,-0.3258115280780127,-0.24348224538903335,-0.2623033992897007
German Credit,R1_F5,1,5,MI,Top50,0.5,10,22,50.0,0.9206699999631383,0.26881469995714724,0.715,0.47058823529411764,0.4444444444444444,0.815068493150685,0.45714285714285713,0.6297564687975648,0.26433465211036566,0.7638254693049213,0.5251079886945846,0.6018742922093671,0.4964485032978184,119,27,30,24,0.7954084221207509,0.5809594924991544,0.5370370370370371,0.5471698113207547,0.6897513952308474,0.3841101220961904,0.6726331184415121,0.5086250634195839,-0.03158295281582957,-0.05585150380456971,-0.09259259259259267,-0.09002695417789758,-0.059994926433282636,-0.11977546998582472,-0.07075882623214502,-0.01217656012176549
German Credit,R1_F5,1,5,MI,Top75,0.75,15,43,25.0,0.9206699999631383,0.2972167999832891,0.735,0.5094339622641509,0.5,0.821917808219178,0.5046728971962616,0.660958904109589,0.32383345082182063,0.7818366311516995,0.5583904921045295,0.6410607647560324,0.4791983764586504,120,26,27,27,0.7954084221207509,0.5809594924991544,0.5370370370370371,0.5471698113207547,0.6897513952308474,0.3841101220961904,0.6726331184415121,0.5086250634195839,-0.013571790969051367,-0.02256900039462484,-0.03703703703703709,-0.04249691412449308,-0.028792491121258368,-0.06027667127436975,-0.031572353685479726,-0.029426686960933535
German Credit,R1_F5,1,5,L1,Top25,0.25,5,12,75.0,0.9206699999631383,0.2656227999832481,0.73,0.5,0.5185185185185185,0.8082191780821918,0.509090909090909,0.6633688483003551,0.3230704907132054,0.7465753424657534,0.5197721550908304,0.6473612676531032,0.4558599695585997,118,28,26,28,0.7954084221207509,0.5809594924991544,0.5370370370370371,0.5471698113207547,0.6897513952308474,0.3841101220961904,0.6726331184415121,0.5086250634195839,-0.0488330796549975,-0.06118733740832394,-0.0185185185185186,-0.03807890222984567,-0.026382546930492246,-0.06103963138298496,-0.02527185078840888,-0.052765093860984214
German Credit,R1_F5,1,5,L1,Top50,0.5,10,33,50.0,0.9206699999631383,0.2860864999820478,0.72,0.4838709677419355,0.5555555555555556,0.7808219178082192,0.5172413793103449,0.6681887366818874,0.3228976051519972,0.7465753424657534,0.5110799219309335,0.6586273258360145,0.4051243023845763,114,32,24,30,0.7954084221207509,0.5809594924991544,0.5370370370370371,0.5471698113207547,0.6897513952308474,0.3841101220961904,0.6726331184415121,0.5086250634195839,-0.0488330796549975,-0.0698795705682208,0.01851851851851849,-0.029928432010409844,-0.02156265854896,-0.06121251694419316,-0.014005792605497613,-0.1035007610350076
German Credit,R1_F5,1,5,L1,Top75,0.75,15,44,25.0,0.9206699999631383,0.3106907000183128,0.74,0.52,0.48148148148148145,0.8356164383561644,0.5,0.6585489599188229,0.3251142977670294,0.7801877219685439,0.5279410745329769,0.6342979116235564,0.5093860984271943,122,24,28,26,0.7954084221207509,0.5809594924991544,0.5370370370370371,0.5471698113207547,0.6897513952308474,0.3841101220961904,0.6726331184415121,0.5086250634195839,-0.015220700152207,-0.053018417966177456,-0.055555555555555636,-0.047169811320754707,-0.03120243531202449,-0.058995824329161006,-0.03833520681795566,0.0007610350076103778
German Credit,R1_F5,1,5,RF,Top25,0.25,5,5,75.0,0.9206699999631383,0.22643480001715943,0.67,0.34210526315789475,0.24074074074074073,0.8287671232876712,0.2826086956521739,0.534753932014206,0.07866072503700888,0.6187214611872147,0.3705065442882405,0.44667439053727576,0.2313546423135464,121,25,41,13,0.7954084221207509,0.5809594924991544,0.5370370370370371,0.5471698113207547,0.6897513952308474,0.3841101220961904,0.6726331184415121,0.5086250634195839,-0.1766869609335362,-0.21045294821091387,-0.2962962962962964,-0.2645611156685808,-0.15499746321664143,-0.3054493970591815,-0.22595872790423632,-0.2772704211060375
German Credit,R1_F5,1,5,RF,Top50,0.5,10,21,50.0,0.9206699999631383,0.2745806999737397,0.715,0.4727272727272727,0.48148148148148145,0.8013698630136986,0.47706422018348627,0.6414256722475901,0.28123295450385205,0.7520294266869609,0.49284377420563624,0.6211640273377455,0.44368340943683404,117,29,28,26,0.7954084221207509,0.5809594924991544,0.5370370370370371,0.5471698113207547,0.6897513952308474,0.3841101220961904,0.6726331184415121,0.5086250634195839,-0.04337899543378998,-0.08811571829351811,-0.055555555555555636,-0.07010559113726844,-0.048325722983257324,-0.10287716759233834,-0.05146909110376663,-0.06494165398274987
German Credit,R1_F5,1,5,RF,Top75,0.75,15,40,25.0,0.9206699999631383,0.3013558000093326,0.74,0.5172413793103449,0.5555555555555556,0.8082191780821918,0.5357142857142857,0.6818873668188736,0.3559161297447261,0.7706747843734145,0.5215865385348724,0.6700825728894213,0.47513952308472857,118,28,24,30,0.7954084221207509,0.5809594924991544,0.5370370370370371,0.5471698113207547,0.6897513952308474,0.3841101220961904,0.6726331184415121,0.5086250634195839,-0.02473363774733639,-0.059372953964281994,0.01851851851851849,-0.011455525606469008,-0.007864028411973756,-0.028193992351464303,-0.002550545552090777,-0.033485540334855346
German Credit,R1_F5,1,5,RFE,Top25,0.25,5,11,75.0,0.9206699999631383,0.2535580000258051,0.725,0.49122807017543857,0.5185185185185185,0.8013698630136986,0.5045045045045045,0.6599441907661086,0.3146055123748897,0.6988203957382039,0.43905984234099366,0.644612375117986,0.343480466768138,117,29,26,28,0.7954084221207509,0.5809594924991544,0.5370370370370371,0.5471698113207547,0.6897513952308474,0.3841101220961904,0.6726331184415121,0.5086250634195839,-0.09658802638254704,-0.1418996501581607,-0.0185185185185186,-0.04266530681625025,-0.029807204464738835,-0.06950460972130068,-0.02802074332352611,-0.16514459665144593
German Credit,R1_F5,1,5,RFE,Top50,0.5,10,34,50.0,0.9206699999631383,0.28540849999990314,0.735,0.5087719298245614,0.5370370370370371,0.8082191780821918,0.5225225225225225,0.6726281075596144,0.3395544031262687,0.7527904616945713,0.5386969967934405,0.6588198787785396,0.4482496194824962,118,28,25,29,0.7954084221207509,0.5809594924991544,0.5370370370370371,0.5471698113207547,0.6897513952308474,0.3841101220961904,0.6726331184415121,0.5086250634195839,-0.0426179604261796,-0.04226249570571383,0.0,-0.024647288798232192,-0.017123287671232945,-0.044555718969921665,-0.013813239662972432,-0.060375443937087714
German Credit,R1_F5,1,5,RFE,Top75,0.75,15,50,25.0,0.9206699999631383,0.3015693000052124,0.765,0.5686274509803921,0.5370370370370371,0.8493150684931506,0.5523809523809524,0.6931760527650939,0.3935304742561944,0.7744799594114663,0.5526573232228842,0.6753618644063861,0.46752917300862507,124,22,25,29,0.7954084221207509,0.5809594924991544,0.5370370370370371,0.5471698113207547,0.6897513952308474,0.3841101220961904,0.6726331184415121,0.5086250634195839,-0.020928462709284612,-0.02830216927627016,0.0,0.00521114106019771,0.003424657534246478,0.00942035216000403,0.0027287459648740464,-0.041095890410958846
German Credit,R1_F5,1,5,EqualConsensus,Top25,0.25,5,12,75.0,0.9206699999631383,0.25234810000984,0.73,0.5,0.5185185185185185,0.8082191780821918,0.509090909090909,0.6633688483003551,0.3230704907132054,0.7465753424657534,0.5197721550908304,0.6473612676531032,0.4558599695585997,118,28,26,28,0.7954084221207509,0.5809594924991544,0.5370370370370371,0.5471698113207547,0.6897513952308474,0.3841101220961904,0.6726331184415121,0.5086250634195839,-0.0488330796549975,-0.06118733740832394,-0.0185185185185186,-0.03807890222984567,-0.026382546930492246,-0.06103963138298496,-0.02527185078840888,-0.052765093860984214
German Credit,R1_F5,1,5,EqualConsensus,Top50,0.5,10,24,50.0,0.9206699999631383,0.2858820999972522,0.715,0.4716981132075472,0.46296296296296297,0.8082191780821918,0.4672897196261682,0.6355910705225774,0.27279586992003646,0.7510147133434806,0.5115539632847731,0.6116989009377262,0.4482496194824962,118,28,29,25,0.7954084221207509,0.5809594924991544,0.5370370370370371,0.5471698113207547,0.6897513952308474,0.3841101220961904,0.6726331184415121,0.5086250634195839,-0.044393708777270335,-0.06940552921438126,-0.07407407407407413,-0.07988009169458649,-0.054160324708270036,-0.11131425217615393,-0.060934217503785915,-0.060375443937087714
German Credit,R1_F5,1,5,EqualConsensus,Top75,0.75,15,48,25.0,0.9206699999631383,0.30777140002464876,0.74,0.5178571428571429,0.5370370370370371,0.815068493150685,0.5272727272727272,0.676052765093861,0.34815360334621825,0.7590055809233891,0.5505285269290101,0.6616055989363198,0.4084221207508879,119,27,25,29,0.7954084221207509,0.5809594924991544,0.5370370370370371,0.5471698113207547,0.6897513952308474,0.3841101220961904,0.6726331184415121,0.5086250634195839,-0.03640284119736181,-0.03043096557014424,0.0,-0.01989708404802748,-0.013698630136986356,-0.03595651874997213,-0.011027519505192318,-0.100202942668696
German Credit,R2_F1,2,1,Chi2,Top25,0.25,5,18,75.0,0.9085622999700718,0.22500370000489056,0.765,0.66,0.5238095238095238,0.8759124087591241,0.584070796460177,0.699860966284324,0.42880308882000606,0.740702120264164,0.6072630648791112,0.6773560819325164,0.43911481867686253,120,17,30,33,0.8097555323832696,0.7158187572378861,0.5555555555555556,0.6422018348623854,0.7376317923763179,0.5245970227043623,0.7148069005748959,0.5365542810798285,-0.06905341211910554,-0.10855569235877494,-0.031746031746031744,-0.058131038402208346,-0.03777082609199389,-0.0957939338843562,-0.037450818642379535,-0.09743946240296597
German Credit,R2_F1,2,1,Chi2,Top50,0.5,10,41,50.0,0.9085622999700718,0.2955274999840185,0.765,0.6666666666666666,0.5079365079365079,0.8832116788321168,0.5765765765765766,0.6955740933843124,0.42543132758604224,0.7900590893291624,0.6775853125055961,0.6697876200070632,0.44421272158498437,121,16,31,32,0.8097555323832696,0.7158187572378861,0.5555555555555556,0.6422018348623854,0.7376317923763179,0.5245970227043623,0.7148069005748959,0.5365542810798285,-0.019696443054107227,-0.03823344473229007,-0.04761904761904767,-0.06562525828580879,-0.04205769899200551,-0.09916569511832002,-0.045019280567832776,-0.09234155949484413
German Credit,R2_F1,2,1,Chi2,Top75,0.75,15,52,25.0,0.9085622999700718,0.30668770003831014,0.785,0.6923076923076923,0.5714285714285714,0.8832116788321168,0.6260869565217392,0.727320125130344,0.4814663183976856,0.8057003823427181,0.7157601956952307,0.7104170520926892,0.5133819951338199,121,16,27,36,0.8097555323832696,0.7158187572378861,0.5555555555555556,0.6422018348623854,0.7376317923763179,0.5245970227043623,0.7148069005748959,0.5365542810798285,-0.0040551500405514584,-5.856154265537761e-05,0.015873015873015817,-0.016114878340646177,-0.010311667245973877,-0.04313070430667665,-0.004389848482206693,-0.02317228594600862
German Credit,R2_F1,2,1,MI,Top25,0.25,5,5,75.0,0.9085622999700718,0.23428480001166463,0.715,0.5882352941176471,0.31746031746031744,0.8978102189781022,0.41237113402061853,0.6076352682192099,0.26620833479890127,0.686536901865369,0.5235782124746675,0.533871817139569,0.3191982389062681,123,14,43,20,0.8097555323832696,0.7158187572378861,0.5555555555555556,0.6422018348623854,0.7376317923763179,0.5245970227043623,0.7148069005748959,0.5365542810798285,-0.12321863051790061,-0.1922405447632186,-0.23809523809523814,-0.22983070084176682,-0.12999652415710805,-0.258388687905461,-0.18093508343532694,-0.21735604217356042
German Credit,R2_F1,2,1,MI,Top50,0.5,10,24,50.0,0.9085622999700718,0.2847425999934785,0.77,0.6666666666666666,0.5396825396825397,0.8759124087591241,0.5964912280701754,0.707797474220832,0.44291725135321686,0.7775460549183177,0.6376062215926401,0.6875424592696621,0.5133819951338199,120,17,29,34,0.8097555323832696,0.7158187572378861,0.5555555555555556,0.6422018348623854,0.7376317923763179,0.5245970227043623,0.7148069005748959,0.5365542810798285,-0.03220947746495184,-0.078212535645246,-0.015873015873015928,-0.04571060679220995,-0.029834318155485984,-0.0816797713511454,-0.027264441305233866,-0.02317228594600862
German Credit,R2_F1,2,1,MI,Top75,0.75,15,43,25.0,0.9085622999700718,0.30597749998560175,0.795,0.7291666666666666,0.5555555555555556,0.9051094890510949,0.6306306306306306,0.7303325223033252,0.501041160687827,0.7916811493453828,0.7046186853779348,0.7091111372897665,0.5086316765148882,124,13,28,35,0.8097555323832696,0.7158187572378861,0.5555555555555556,0.6422018348623854,0.7376317923763179,0.5245970227043623,0.7148069005748959,0.5365542810798285,-0.018074383037886776,-0.01120007185995131,0.0,-0.011571204231754728,-0.007299270072992692,-0.023555862016535256,-0.00569576328512944,-0.027922604564940334
German Credit,R2_F1,2,1,L1,Top25,0.25,5,8,75.0,0.9085622999700718,0.26265550003154203,0.735,0.6086956521739131,0.4444444444444444,0.8686131386861314,0.5137614678899083,0.656528791565288,0.34555367024553557,0.762252346193952,0.6340449106863366,0.6213294487311082,0.4197659599119453,119,18,35,28,0.8097555323832696,0.7158187572378861,0.5555555555555556,0.6422018348623854,0.7376317923763179,0.5245970227043623,0.7148069005748959,0.5365542810798285,-0.04750318618931759,-0.08177384655154951,-0.11111111111111116,-0.12844036697247707,-0.08110300081102995,-0.1790433524588267,-0.09347745184378775,-0.11678832116788318
German Credit,R2_F1,2,1,L1,Top50,0.5,10,32,50.0,0.9085622999700718,0.27957239997340366,0.785,0.7272727272727273,0.5079365079365079,0.9124087591240876,0.5981308411214953,0.7101726335302978,0.4713549613059804,0.8032672923183871,0.6614865046950308,0.680768476737996,0.5330784381879272,125,12,31,32,0.8097555323832696,0.7158187572378861,0.5555555555555556,0.6422018348623854,0.7376317923763179,0.5245970227043623,0.7148069005748959,0.5365542810798285,-0.006488240064882467,-0.05433225254285534,-0.04761904761904767,-0.044070993740890074,-0.027459158846020126,-0.053242061398381835,-0.03403842383689992,-0.003475842891901282
German Credit,R2_F1,2,1,L1,Top75,0.75,15,49,25.0,0.9085622999700718,0.31388969998806715,0.795,0.7291666666666666,0.5555555555555556,0.9051094890510949,0.6306306306306306,0.7303325223033252,0.501041160687827,0.8033831537481173,0.7109280504839702,0.7091111372897665,0.5318039624608968,124,13,28,35,0.8097555323832696,0.7158187572378861,0.5555555555555556,0.6422018348623854,0.7376317923763179,0.5245970227043623,0.7148069005748959,0.5365542810798285,-0.006372378635152276,-0.004890706753915897,0.0,-0.011571204231754728,-0.007299270072992692,-0.023555862016535256,-0.00569576328512944,-0.004750318618931715
German Credit,R2_F1,2,1,RF,Top25,0.25,5,5,75.0,0.9085622999700718,0.22824690002016723,0.7,0.5405405405405406,0.31746031746031744,0.8759124087591241,0.4,0.5966863631097208,0.23132955059464408,0.6994554512802686,0.5325390888288943,0.52732099460585,0.4184914841849148,120,17,43,20,0.8097555323832696,0.7158187572378861,0.5555555555555556,0.6422018348623854,0.7376317923763179,0.5245970227043623,0.7148069005748959,0.5365542810798285,-0.11030008110300094,-0.1832796684089918,-0.23809523809523814,-0.24220183486238533,-0.14094542926659714,-0.29326747210971815,-0.1874859059690459,-0.11806279689491372
German Credit,R2_F1,2,1,RF,Top50,0.5,10,21,50.0,0.9085622999700718,0.28706369997235015,0.75,0.6666666666666666,0.4126984126984127,0.9051094890510949,0.5098039215686274,0.6589039508747538,0.37260614053040647,0.7709419534237052,0.6528213968460056,0.611176937923592,0.45660989456609896,124,13,37,26,0.8097555323832696,0.7158187572378861,0.5555555555555556,0.6422018348623854,0.7376317923763179,0.5245970227043623,0.7148069005748959,0.5365542810798285,-0.03881357895956439,-0.06299736039188053,-0.1428571428571429,-0.13239791329375794,-0.07872784150156409,-0.1519908821739558,-0.10362996265130398,-0.07994438651372954
German Credit,R2_F1,2,1,RF,Top75,0.75,15,38,25.0,0.9085622999700718,0.3147373999818228,0.77,0.6888888888888889,0.49206349206349204,0.8978102189781022,0.5740740740740741,0.6949368555207971,0.43369299179641846,0.7993280037075657,0.6969176526589456,0.6646650521583435,0.47306221758776507,123,14,32,31,0.8097555323832696,0.7158187572378861,0.5555555555555556,0.6422018348623854,0.7376317923763179,0.5245970227043623,0.7148069005748959,0.5365542810798285,-0.010427528675703845,-0.018901104578940564,-0.06349206349206354,-0.06812776078831129,-0.04269493685552084,-0.0909040309079438,-0.05014184841655245,-0.06349206349206343
German Credit,R2_F1,2,1,RFE,Top25,0.25,5,24,75.0,0.9085622999700718,0.2296150000183843,0.735,0.6388888888888888,0.36507936507936506,0.9051094890510949,0.46464646464646464,0.63509442706523,0.3266817048534357,0.7789363920750783,0.6110930473499947,0.5748363224345537,0.47723322905804655,124,13,40,23,0.8097555323832696,0.7158187572378861,0.5555555555555556,0.6422018348623854,0.7376317923763179,0.5245970227043623,0.7148069005748959,0.5365542810798285,-0.03081914030819133,-0.10472570988789143,-0.19047619047619052,-0.17755537021592072,-0.10253736531108792,-0.1979153178509266,-0.1399705781403422,-0.05932105202178195
German Credit,R2_F1,2,1,RFE,Top50,0.5,10,33,50.0,0.9085622999700718,0.28957649995572865,0.76,0.6744186046511628,0.4603174603174603,0.8978102189781022,0.5471698113207547,0.6790638396477813,0.4049341391433719,0.7938825165102538,0.6370436451256322,0.6428667979037826,0.5232302166608735,123,14,34,29,0.8097555323832696,0.7158187572378861,0.5555555555555556,0.6422018348623854,0.7376317923763179,0.5245970227043623,0.7148069005748959,0.5365542810798285,-0.015873015873015817,-0.07877511211225396,-0.09523809523809529,-0.09503202354163065,-0.058567952728536654,-0.11966288356099036,-0.07194010267111328,-0.01332406441895495
German Credit,R2_F1,2,1,RFE,Top75,0.75,15,48,25.0,0.9085622999700718,0.3117729999939911,0.795,0.72,0.5714285714285714,0.8978102189781022,0.6371681415929203,0.7346193952033369,0.5033775390495724,0.8012976480129765,0.6878065387378904,0.7162642046372482,0.5340053296257676,123,14,27,36,0.8097555323832696,0.7158187572378861,0.5555555555555556,0.6422018348623854,0.7376317923763179,0.5245970227043623,0.7148069005748959,0.5365542810798285,-0.008457884370293045,-0.02801221849999569,0.015873015873015817,-0.005033693269465012,-0.003012397172981074,-0.021219483654789872,0.001457304062352227,-0.002548951454060866
German Credit,R2_F1,2,1,EqualConsensus,Top25,0.25,5,12,75.0,0.9085622999700718,0.2533083000453189,0.755,0.64,0.5079365079365079,0.8686131386861314,0.5663716814159292,0.6882748233113196,0.40394493874348397,0.7799791449426486,0.6315092087311779,0.664229120418552,0.49183176920403193,119,18,31,32,0.8097555323832696,0.7158187572378861,0.5555555555555556,0.6422018348623854,0.7376317923763179,0.5245970227043623,0.7148069005748959,0.5365542810798285,-0.029776387440620944,-0.08430954850670824,-0.04761904761904767,-0.07583015344645616,-0.04935696906499831,-0.12065208396087829,-0.050577780156343954,-0.04472251187579657
German Credit,R2_F1,2,1,EqualConsensus,Top50,0.5,10,26,50.0,0.9085622999700718,0.28709379996871576,0.755,0.64,0.5079365079365079,0.8686131386861314,0.5663716814159292,0.6882748233113196,0.40394493874348397,0.7872784150156412,0.6537607311133986,0.664229120418552,0.5416521839879505,119,18,31,32,0.8097555323832696,0.7158187572378861,0.5555555555555556,0.6422018348623854,0.7376317923763179,0.5245970227043623,0.7148069005748959,0.5365542810798285,-0.022477117367628363,-0.06205802612448752,-0.04761904761904767,-0.07583015344645616,-0.04935696906499831,-0.12065208396087829,-0.050577780156343954,0.005097902908121954
German Credit,R2_F1,2,1,EqualConsensus,Top75,0.75,15,49,25.0,0.9085622999700718,0.3177902000024915,0.795,0.7291666666666666,0.5555555555555556,0.9051094890510949,0.6306306306306306,0.7303325223033252,0.501041160687827,0.8033831537481173,0.7109280504839702,0.7091111372897665,0.5318039624608968,124,13,28,35,0.8097555323832696,0.7158187572378861,0.5555555555555556,0.6422018348623854,0.7376317923763179,0.5245970227043623,0.7148069005748959,0.5365542810798285,-0.006372378635152276,-0.004890706753915897,0.0,-0.011571204231754728,-0.007299270072992692,-0.023555862016535256,-0.00569576328512944,-0.004750318618931715
German Credit,R2_F2,2,2,Chi2,Top25,0.25,5,16,75.0,1.0191132000181824,0.27965039998525754,0.76,0.4782608695652174,0.4782608695652174,0.8441558441558441,0.4782608695652174,0.6612083568605307,0.32241671372106157,0.7470355731225297,0.4998730648123173,0.6353949229215907,0.3862224731789949,130,24,24,22,0.8027950310559008,0.5495064512871637,0.4565217391304347,0.4827586206896552,0.6633258046301524,0.3405129144675902,0.6302643902213004,0.5211744776962168,-0.055759457933371115,-0.049633386474846386,0.021739130434782705,-0.004497751124437788,-0.0021174477696217497,-0.018096200746528623,0.005130532700290291,-0.13495200451722195
German Credit,R2_F2,2,2,Chi2,Top50,0.5,10,41,50.0,1.0191132000181824,0.37560289999237284,0.8,0.5652173913043478,0.5652173913043478,0.8701298701298701,0.5652173913043478,0.717673630717109,0.435347261434218,0.8090062111801242,0.5776227820424987,0.7012934730131146,0.5098814229249012,134,20,20,26,0.8027950310559008,0.5495064512871637,0.4565217391304347,0.4827586206896552,0.6633258046301524,0.3405129144675902,0.6302643902213004,0.5211744776962168,0.006211180124223392,0.02811633075533504,0.10869565217391308,0.08245877061469259,0.05434782608695654,0.09483434696662779,0.07102908279181419,-0.011293054771315592
German Credit,R2_F2,2,2,Chi2,Top75,0.75,15,53,25.0,1.0191132000181824,0.3656691000214778,0.795,0.5555555555555556,0.5434782608695652,0.8701298701298701,0.5494505494505495,0.7068040654997176,0.4168273795567536,0.8123941276115189,0.5613014316652942,0.687674827624832,0.5448898927159797,134,20,21,25,0.8027950310559008,0.5495064512871637,0.4565217391304347,0.4827586206896552,0.6633258046301524,0.3405129144675902,0.6302643902213004,0.5211744776962168,0.00959909655561808,0.011794980378130537,0.08695652173913049,0.0666919287608943,0.04347826086956519,0.0763144650891634,0.05741043740353158,0.02371541501976282
German Credit,R2_F2,2,2,MI,Top25,0.25,5,10,75.0,1.0191132000181824,0.3059074000339024,0.755,0.46808510638297873,0.4782608695652174,0.8376623376623377,0.4731182795698925,0.6579616036137775,0.3135639751917796,0.7707509881422925,0.49019310796036225,0.632946378465366,0.43817052512704685,129,25,24,22,0.8027950310559008,0.5495064512871637,0.4565217391304347,0.4827586206896552,0.6633258046301524,0.3405129144675902,0.6302643902213004,0.5211744776962168,-0.032044042913608295,-0.05931334332680144,0.021739130434782705,-0.009640341119762696,-0.005364201016374914,-0.0269489392758106,0.002681988244065625,-0.08300395256916998
German Credit,R2_F2,2,2,MI,Top50,0.5,10,29,50.0,1.0191132000181824,0.3028953999746591,0.765,0.4888888888888889,0.4782608695652174,0.8506493506493507,0.4835164835164835,0.664455110107284,0.33147023698540473,0.8053359683794467,0.6128842427635748,0.6378340678708264,0.4971767363071711,131,23,24,22,0.8027950310559008,0.5495064512871637,0.4565217391304347,0.4827586206896552,0.6633258046301524,0.3405129144675902,0.6302643902213004,0.5211744776962168,0.0025409373235458776,0.0633777914764111,0.021739130434782705,0.0007578628268283261,0.0011293054771315258,-0.009042677482185457,0.007569677649525985,-0.023997741389045757
German Credit,R2_F2,2,2,MI,Top75,0.75,15,53,25.0,1.0191132000181824,0.36752259999047965,0.785,0.5348837209302325,0.5,0.8701298701298701,0.5168539325842697,0.685064935064935,0.37914851304734254,0.807029926595144,0.5907508370928979,0.659594523222362,0.5358554488989272,134,20,23,23,0.8027950310559008,0.5495064512871637,0.4565217391304347,0.4827586206896552,0.6633258046301524,0.3405129144675902,0.6302643902213004,0.5211744776962168,0.0042348955392432774,0.041244385805734196,0.0434782608695653,0.03409531189461451,0.021739130434782594,0.03863559857975235,0.029330133001061576,0.014680971202710391
German Credit,R2_F2,2,2,L1,Top25,0.25,5,13,75.0,1.0191132000181824,0.30022750003263354,0.78,0.5238095238095238,0.4782608695652174,0.8701298701298701,0.5,0.6741953698475438,0.3599587130499609,0.7631987577639752,0.4739294772232782,0.6450961698250746,0.419536984754376,134,20,24,22,0.8027950310559008,0.5495064512871637,0.4565217391304347,0.4827586206896552,0.6633258046301524,0.3405129144675902,0.6302643902213004,0.5211744776962168,-0.03959627329192561,-0.07557697406388547,0.021739130434782705,0.017241379310344807,0.010869565217391353,0.01944579858237072,0.014831779603774131,-0.10163749294184082
German Credit,R2_F2,2,2,L1,Top50,0.5,10,32,50.0,1.0191132000181824,0.33542999997735023,0.78,0.5192307692307693,0.5869565217391305,0.8376623376623377,0.5510204081632653,0.7123094297007341,0.4073859305352592,0.7936194240542066,0.4845266564511843,0.7011928209174383,0.4757199322416713,129,25,19,27,0.8027950310559008,0.5495064512871637,0.4565217391304347,0.4827586206896552,0.6633258046301524,0.3405129144675902,0.6302643902213004,0.5211744776962168,-0.009175607001694175,-0.06497979483597938,0.1304347826086958,0.06826178747361006,0.04898362507058163,0.06687301606766899,0.07092843069613786,-0.045454545454545525
German Credit,R2_F2,2,2,L1,Top75,0.75,15,44,25.0,1.0191132000181824,0.31989769998472184,0.78,0.5238095238095238,0.4782608695652174,0.8701298701298701,0.5,0.6741953698475438,0.3599587130499609,0.80957086391869,0.5596131334954367,0.6450961698250746,0.5559006211180124,134,20,24,22,0.8027950310559008,0.5495064512871637,0.4565217391304347,0.4827586206896552,0.6633258046301524,0.3405129144675902,0.6302643902213004,0.5211744776962168,0.006775832862789266,0.010106682208273043,0.021739130434782705,0.017241379310344807,0.010869565217391353,0.01944579858237072,0.014831779603774131,0.034726143421795586
German Credit,R2_F2,2,2,RF,Top25,0.25,5,5,75.0,1.0191132000181824,0.22979539999505505,0.725,0.36363636363636365,0.2608695652173913,0.8636363636363636,0.3037974683544304,0.5622529644268774,0.14116079752645114,0.637492941840768,0.3509011843309935,0.47465402419841235,0.23037831733483904,133,21,34,12,0.8027950310559008,0.5495064512871637,0.4565217391304347,0.4827586206896552,0.6633258046301524,0.3405129144675902,0.6302643902213004,0.5211744776962168,-0.16530208921513279,-0.1986052669561702,-0.1956521739130434,-0.1789611523352248,-0.101072840203275,-0.19935211694113905,-0.15561036602288808,-0.2907961603613778
German Credit,R2_F2,2,2,RF,Top50,0.5,10,21,50.0,1.0191132000181824,0.3021986000239849,0.78,0.5238095238095238,0.4782608695652174,0.8701298701298701,0.5,0.6741953698475438,0.3599587130499609,0.7618577075098815,0.5212229457459425,0.6450961698250746,0.4127611518915867,134,20,24,22,0.8027950310559008,0.5495064512871637,0.4565217391304347,0.4827586206896552,0.6633258046301524,0.3405129144675902,0.6302643902213004,0.5211744776962168,-0.04093732354601931,-0.028283505541221166,0.021739130434782705,0.017241379310344807,0.010869565217391353,0.01944579858237072,0.014831779603774131,-0.10841332580463015
German Credit,R2_F2,2,2,RF,Top75,0.75,15,37,25.0,1.0191132000181824,0.36289779999060556,0.75,0.4523809523809524,0.41304347826086957,0.8506493506493507,0.4318181818181818,0.6318464144551101,0.2724484910767127,0.7819028797289668,0.5016197745400942,0.5927521965986781,0.47967250141163187,131,23,27,19,0.8027950310559008,0.5495064512871637,0.4565217391304347,0.4827586206896552,0.6633258046301524,0.3405129144675902,0.6302643902213004,0.5211744776962168,-0.020892151326934005,-0.04788667674706948,-0.04347826086956513,-0.05094043887147337,-0.03147939017504231,-0.06806442339087748,-0.03751219362262237,-0.04150197628458496
German Credit,R2_F2,2,2,RFE,Top25,0.25,5,22,75.0,1.0191132000181824,0.2593931000446901,0.75,0.45652173913043476,0.45652173913043476,0.8376623376623377,0.45652173913043476,0.6470920383963862,0.2941840767927724,0.7862789384528515,0.4638556961626133,0.6183939417504637,0.5059288537549407,129,25,25,21,0.8027950310559008,0.5495064512871637,0.4565217391304347,0.4827586206896552,0.6633258046301524,0.3405129144675902,0.6302643902213004,0.5211744776962168,-0.016516092603049315,-0.08565075512455039,5.551115123125783e-17,-0.026236881559220437,-0.016233766233766267,-0.04632883767481777,-0.011870448470836736,-0.015245623941276154
German Credit,R2_F2,2,2,RFE,Top50,0.5,10,37,50.0,1.0191132000181824,0.30206850002286956,0.8,0.575,0.5,0.8896103896103896,0.5348837209302325,0.6948051948051948,0.40990179375001584,0.7794325239977413,0.581867991970632,0.6669371745563407,0.40739695087521177,137,17,23,23,0.8027950310559008,0.5495064512871637,0.4565217391304347,0.4827586206896552,0.6633258046301524,0.3405129144675902,0.6302643902213004,0.5211744776962168,-0.023362507058159454,0.032361540683468304,0.0434782608695653,0.052125100240577316,0.03147939017504231,0.06938887928242565,0.03667278433504029,-0.11377752682100506
German Credit,R2_F2,2,2,RFE,Top75,0.75,15,52,25.0,1.0191132000181824,0.35620390000985935,0.765,0.4883720930232558,0.45652173913043476,0.8571428571428571,0.47191011235955055,0.6568322981366459,0.3213073974032018,0.7964426877470355,0.5276215140977536,0.6255432421712243,0.5036702428006776,132,22,25,21,0.8027950310559008,0.5495064512871637,0.4565217391304347,0.4827586206896552,0.6633258046301524,0.3405129144675902,0.6302643902213004,0.5211744776962168,-0.006352343308865249,-0.021884937189410092,5.551115123125783e-17,-0.010848508330104645,-0.006493506493506551,-0.01920551706438839,-0.004721148050076174,-0.017504234895539206
German Credit,R2_F2,2,2,EqualConsensus,Top25,0.25,5,13,75.0,1.0191132000181824,0.2863134000217542,0.77,0.5,0.4782608695652174,0.8571428571428571,0.4888888888888889,0.6677018633540373,0.3407363937332399,0.7989130434782609,0.5266962409511983,0.6402639207379702,0.4929418407679277,132,22,24,22,0.8027950310559008,0.5495064512871637,0.4565217391304347,0.4827586206896552,0.6633258046301524,0.3405129144675902,0.6302643902213004,0.5211744776962168,-0.0038819875776399115,-0.02281021033596542,0.021739130434782705,0.006130268199233679,0.0043760587238848014,0.00022347926564969534,0.009999530516669797,-0.028232636928289145
German Credit,R2_F2,2,2,EqualConsensus,Top50,0.5,10,29,50.0,1.0191132000181824,0.32411250000586733,0.785,0.5319148936170213,0.5434782608695652,0.8571428571428571,0.5376344086021505,0.7003105590062111,0.39762938409038,0.8059006211180124,0.6328790299050376,0.6825236327899351,0.4757199322416713,132,22,21,25,0.8027950310559008,0.5495064512871637,0.4565217391304347,0.4827586206896552,0.6633258046301524,0.3405129144675902,0.6302643902213004,0.5211744776962168,0.0031055900621116406,0.08337257861787395,0.08695652173913049,0.05487578791249531,0.03698475437605864,0.05711646962278982,0.05225924256863468,-0.045454545454545525
German Credit,R2_F2,2,2,EqualConsensus,Top75,0.75,15,52,25.0,1.0191132000181824,0.352902400016319,0.765,0.4883720930232558,0.45652173913043476,0.8571428571428571,0.47191011235955055,0.6568322981366459,0.3213073974032018,0.7964426877470355,0.5276215140977536,0.6255432421712243,0.5036702428006776,132,22,25,21,0.8027950310559008,0.5495064512871637,0.4565217391304347,0.4827586206896552,0.6633258046301524,0.3405129144675902,0.6302643902213004,0.5211744776962168,-0.006352343308865249,-0.021884937189410092,5.551115123125783e-17,-0.010848508330104645,-0.006493506493506551,-0.01920551706438839,-0.004721148050076174,-0.017504234895539206
German Credit,R2_F3,2,3,Chi2,Top25,0.25,5,18,75.0,0.9701675000251271,0.2832555000204593,0.675,0.5,0.38461538461538464,0.8148148148148148,0.43478260869565216,0.5997150997150997,0.21571674297647797,0.6871225071225071,0.5464268503976923,0.559812748506421,0.3327635327635328,110,25,40,25,0.7603418803418803,0.6347435895073967,0.4615384615384615,0.5217391304347826,0.6566951566951567,0.3389834532487511,0.6270266287506402,0.4256410256410256,-0.07321937321937322,-0.08831673910970439,-0.07692307692307687,-0.08695652173913043,-0.056980056980056926,-0.12326671027227315,-0.06721388024421915,-0.0928774928774928
German Credit,R2_F3,2,3,Chi2,Top50,0.5,10,41,50.0,0.9701675000251271,0.31593969999812543,0.745,0.6521739130434783,0.46153846153846156,0.8814814814814815,0.5405405405405406,0.6715099715099715,0.381771634006757,0.7752706552706553,0.6247169882009294,0.637838229363533,0.4398860398860399,119,16,35,30,0.7603418803418803,0.6347435895073967,0.4615384615384615,0.5217391304347826,0.6566951566951567,0.3389834532487511,0.6270266287506402,0.4256410256410256,0.01492877492877498,-0.010026601306467375,5.551115123125783e-17,0.018801410105757976,0.014814814814814836,0.04278818075800589,0.010811600612892769,0.014245014245014287
German Credit,R2_F3,2,3,Chi2,Top75,0.75,15,52,25.0,0.9701675000251271,0.36099139996804297,0.735,0.6428571428571429,0.4153846153846154,0.8888888888888888,0.5046728971962616,0.6521367521367522,0.3498924006676127,0.7536182336182335,0.6167265083174625,0.6076436202502,0.45299145299145305,120,15,38,27,0.7603418803418803,0.6347435895073967,0.4615384615384615,0.5217391304347826,0.6566951566951567,0.3389834532487511,0.6270266287506402,0.4256410256410256,-0.006723646723646781,-0.01801708118993428,-0.0461538461538461,-0.017066233238520967,-0.004558404558404505,0.010908947418861559,-0.01938300850044017,0.02735042735042742
German Credit,R2_F3,2,3,MI,Top25,0.25,5,8,75.0,0.9701675000251271,0.2759444999974221,0.7,0.5555555555555556,0.38461538461538464,0.8518518518518519,0.45454545454545453,0.6182336182336182,0.26522987005040677,0.69994301994302,0.5145955603538735,0.5723943812052383,0.33447293447293447,115,20,40,25,0.7603418803418803,0.6347435895073967,0.4615384615384615,0.5217391304347826,0.6566951566951567,0.3389834532487511,0.6270266287506402,0.4256410256410256,-0.06039886039886033,-0.12014802915352318,-0.07692307692307687,-0.06719367588932806,-0.038461538461538436,-0.07375358319834435,-0.05463224754540186,-0.09116809116809116
German Credit,R2_F3,2,3,MI,Top50,0.5,10,27,50.0,0.9701675000251271,0.292551199963782,0.69,0.5319148936170213,0.38461538461538464,0.837037037037037,0.44642857142857145,0.6108262108262108,0.24485072749158443,0.7178347578347578,0.5759884624000093,0.5673952078906923,0.37037037037037035,113,22,40,25,0.7603418803418803,0.6347435895073967,0.4615384615384615,0.5217391304347826,0.6566951566951567,0.3389834532487511,0.6270266287506402,0.4256410256410256,-0.04250712250712252,-0.058755127107387395,-0.07692307692307687,-0.07531055900621114,-0.045868945868945854,-0.09413272575716669,-0.05963142085994788,-0.05527065527065528
German Credit,R2_F3,2,3,MI,Top75,0.75,15,51,25.0,0.9701675000251271,0.33283440000377595,0.74,0.6382978723404256,0.46153846153846156,0.8740740740740741,0.5357142857142857,0.6678062678062678,0.3707379909834016,0.7619373219373219,0.6241098609852156,0.6351525827852733,0.4524216524216524,118,17,35,30,0.7603418803418803,0.6347435895073967,0.4615384615384615,0.5217391304347826,0.6566951566951567,0.3389834532487511,0.6270266287506402,0.4256410256410256,0.0015954415954415602,-0.01063372852218114,5.551115123125783e-17,0.013975155279503104,0.011111111111111183,0.03175453773465048,0.00812595403463312,0.02678062678062676
German Credit,R2_F3,2,3,L1,Top25,0.25,5,12,75.0,0.9701675000251271,0.27212400001008064,0.65,0.45098039215686275,0.35384615384615387,0.7925925925925926,0.39655172413793105,0.5732193732193732,0.15736253488996949,0.6664957264957265,0.49156590975045195,0.5295808157928689,0.2934472934472934,107,28,42,23,0.7603418803418803,0.6347435895073967,0.4615384615384615,0.5217391304347826,0.6566951566951567,0.3389834532487511,0.6270266287506402,0.4256410256410256,-0.0938461538461538,-0.1431776797569448,-0.10769230769230764,-0.12518740629685154,-0.08347578347578344,-0.18162091835878164,-0.09744581295777133,-0.1321937321937322
German Credit,R2_F3,2,3,L1,Top50,0.5,10,31,50.0,0.9701675000251271,0.3040414999704808,0.72,0.5882352941176471,0.46153846153846156,0.8444444444444444,0.5172413793103449,0.652991452991453,0.3288080981942164,0.7417663817663819,0.5728015980907512,0.6242944735808493,0.44102564102564107,114,21,35,30,0.7603418803418803,0.6347435895073967,0.4615384615384615,0.5217391304347826,0.6566951566951567,0.3389834532487511,0.6270266287506402,0.4256410256410256,-0.01857549857549845,-0.06194199141664558,5.551115123125783e-17,-0.004497751124437732,-0.0037037037037036535,-0.010175355054534707,-0.002732155169790862,0.015384615384615441
German Credit,R2_F3,2,3,L1,Top75,0.75,15,48,25.0,0.9701675000251271,0.31908390001626685,0.69,0.5319148936170213,0.38461538461538464,0.837037037037037,0.44642857142857145,0.6108262108262108,0.24485072749158443,0.7457549857549858,0.5964994857045683,0.5673952078906923,0.45868945868945865,113,22,40,25,0.7603418803418803,0.6347435895073967,0.4615384615384615,0.5217391304347826,0.6566951566951567,0.3389834532487511,0.6270266287506402,0.4256410256410256,-0.01458689458689455,-0.03824410380282839,-0.07692307692307687,-0.07531055900621114,-0.045868945868945854,-0.09413272575716669,-0.05963142085994788,0.033048433048433024
German Credit,R2_F3,2,3,RF,Top25,0.25,5,5,75.0,0.9701675000251271,0.22862660000100732,0.655,0.4473684210526316,0.26153846153846155,0.8444444444444444,0.3300970873786408,0.552991452991453,0.12653482838605554,0.607977207977208,0.4490492510694949,0.46995180694907523,0.24387464387464391,114,21,48,17,0.7603418803418803,0.6347435895073967,0.4615384615384615,0.5217391304347826,0.6566951566951567,0.3389834532487511,0.6270266287506402,0.4256410256410256,-0.15236467236467233,-0.18569433843790184,-0.19999999999999996,-0.1916420430561418,-0.10370370370370363,-0.21244862486269558,-0.15707482180156496,-0.1817663817663817
German Credit,R2_F3,2,3,RF,Top50,0.5,10,21,50.0,0.9701675000251271,0.2857140999985859,0.69,0.5319148936170213,0.38461538461538464,0.837037037037037,0.44642857142857145,0.6108262108262108,0.24485072749158443,0.7205698005698007,0.5448928583206638,0.5673952078906923,0.3863247863247864,113,22,40,25,0.7603418803418803,0.6347435895073967,0.4615384615384615,0.5217391304347826,0.6566951566951567,0.3389834532487511,0.6270266287506402,0.4256410256410256,-0.03977207977207964,-0.08985073118673292,-0.07692307692307687,-0.07531055900621114,-0.045868945868945854,-0.09413272575716669,-0.05963142085994788,-0.03931623931623923
German Credit,R2_F3,2,3,RF,Top75,0.75,15,41,25.0,0.9701675000251271,0.31655499996850267,0.7,0.5555555555555556,0.38461538461538464,0.8518518518518519,0.45454545454545453,0.6182336182336182,0.26522987005040677,0.7376638176638177,0.5885042920129749,0.5723943812052383,0.44558404558404563,115,20,40,25,0.7603418803418803,0.6347435895073967,0.4615384615384615,0.5217391304347826,0.6566951566951567,0.3389834532487511,0.6270266287506402,0.4256410256410256,-0.022678062678062605,-0.046239297494421794,-0.07692307692307687,-0.06719367588932806,-0.038461538461538436,-0.07375358319834435,-0.05463224754540186,0.01994301994302
German Credit,R2_F3,2,3,RFE,Top25,0.25,5,14,75.0,0.9701675000251271,0.2588176000281237,0.665,0.475,0.2923076923076923,0.8444444444444444,0.3619047619047619,0.5683760683760684,0.16012815380508713,0.6257549857549858,0.4754345903415941,0.4968275423500662,0.22336182336182336,114,21,46,19,0.7603418803418803,0.6347435895073967,0.4615384615384615,0.5217391304347826,0.6566951566951567,0.3389834532487511,0.6270266287506402,0.4256410256410256,-0.13458689458689455,-0.15930899916580266,-0.16923076923076918,-0.1598343685300207,-0.0883190883190883,-0.178855299443664,-0.13019908640057398,-0.20227920227920226
German Credit,R2_F3,2,3,RFE,Top50,0.5,10,28,50.0,0.9701675000251271,0.29350739996880293,0.71,0.5714285714285714,0.4307692307692308,0.8444444444444444,0.49122807017543857,0.6376068376068376,0.29971402002909997,0.7285470085470086,0.5704512465366055,0.6031257611482731,0.41424501424501425,114,21,37,28,0.7603418803418803,0.6347435895073967,0.4615384615384615,0.5217391304347826,0.6566951566951567,0.3389834532487511,0.6270266287506402,0.4256410256410256,-0.031794871794871726,-0.06429234297079123,-0.030769230769230715,-0.030511060259344025,-0.019088319088319095,-0.03926943321965115,-0.023900867602367093,-0.011396011396011374
German Credit,R2_F3,2,3,RFE,Top75,0.75,15,52,25.0,0.9701675000251271,0.3217912000254728,0.71,0.5714285714285714,0.4307692307692308,0.8444444444444444,0.49122807017543857,0.6376068376068376,0.29971402002909997,0.7457549857549858,0.617797153233038,0.6031257611482731,0.4307692307692308,114,21,37,28,0.7603418803418803,0.6347435895073967,0.4615384615384615,0.5217391304347826,0.6566951566951567,0.3389834532487511,0.6270266287506402,0.4256410256410256,-0.01458689458689455,-0.016946436274358767,-0.030769230769230715,-0.030511060259344025,-0.019088319088319095,-0.03926943321965115,-0.023900867602367093,0.0051282051282051655
German Credit,R2_F3,2,3,EqualConsensus,Top25,0.25,5,16,75.0,0.9701675000251271,0.27022379997652024,0.71,0.5636363636363636,0.47692307692307695,0.8222222222222222,0.5166666666666667,0.6495726495726496,0.3137909393802942,0.7135612535612536,0.5497837997237558,0.6262082338461801,0.36125356125356123,111,24,34,31,0.7603418803418803,0.6347435895073967,0.4615384615384615,0.5217391304347826,0.6566951566951567,0.3389834532487511,0.6270266287506402,0.4256410256410256,-0.04678062678062678,-0.08495978978364094,0.015384615384615441,-0.005072463768115876,-0.00712250712250706,-0.025192513868456945,-0.000818394904460118,-0.0643874643874644
German Credit,R2_F3,2,3,EqualConsensus,Top50,0.5,10,27,50.0,0.9701675000251271,0.2971510000061244,0.7,0.5555555555555556,0.38461538461538464,0.8518518518518519,0.45454545454545453,0.6182336182336182,0.26522987005040677,0.7230769230769232,0.5741474874613465,0.5723943812052383,0.41196581196581195,115,20,40,25,0.7603418803418803,0.6347435895073967,0.4615384615384615,0.5217391304347826,0.6566951566951567,0.3389834532487511,0.6270266287506402,0.4256410256410256,-0.037264957264957155,-0.06059610204605026,-0.07692307692307687,-0.06719367588932806,-0.038461538461538436,-0.07375358319834435,-0.05463224754540186,-0.013675213675213682
German Credit,R2_F3,2,3,EqualConsensus,Top75,0.75,15,50,25.0,0.9701675000251271,0.3221551000024192,0.73,0.6170212765957447,0.4461538461538462,0.8666666666666667,0.5178571428571429,0.6564102564102564,0.3455605382850382,0.7625071225071225,0.6365437973766338,0.621825270205921,0.4558404558404559,117,18,36,29,0.7603418803418803,0.6347435895073967,0.4615384615384615,0.5217391304347826,0.6566951566951567,0.3389834532487511,0.6270266287506402,0.4256410256410256,0.002165242165242165,0.0018002078692370693,-0.01538461538461533,-0.0038819875776396895,-0.0002849002849002469,0.006577085036287067,-0.005201358544719148,0.030199430199430277
German Credit,R2_F4,2,4,Chi2,Top25,0.25,5,18,75.0,0.9339409999665804,0.2308191999909468,0.765,0.6037735849056604,0.5517241379310345,0.852112676056338,0.5765765765765766,0.7019184069936862,0.4152096836747386,0.7844827586206896,0.568601819681009,0.6856610909314381,0.48858669256920834,121,21,26,32,0.8000242836328315,0.6199497186338137,0.5172413793103449,0.5660377358490566,0.6952404079650316,0.4148732738290014,0.6720681294819533,0.5152986886838271,-0.015541525012141899,-0.05134789895280467,0.03448275862068961,0.010538840727519982,0.006677999028654624,0.00033640984573718447,0.013592961449484853,-0.026711996114618775
German Credit,R2_F4,2,4,Chi2,Top50,0.5,10,33,50.0,0.9339409999665804,0.3058053000131622,0.75,0.5869565217391305,0.46551724137931033,0.8661971830985915,0.5192307692307693,0.6658572122389509,0.35767060537986484,0.769669742593492,0.5740239527386098,0.635003719017917,0.5160271976687713,123,19,31,27,0.8000242836328315,0.6199497186338137,0.5172413793103449,0.5660377358490566,0.6952404079650316,0.4148732738290014,0.6720681294819533,0.5152986886838271,-0.030354541039339544,-0.04592576589520381,-0.05172413793103453,-0.046806966618287316,-0.029383195726080724,-0.05720266844913657,-0.0370644104640363,0.0007285089849441428
German Credit,R2_F4,2,4,Chi2,Top75,0.75,15,52,25.0,0.9339409999665804,0.33745759999146685,0.745,0.574468085106383,0.46551724137931033,0.8591549295774648,0.5142857142857142,0.6623360854783875,0.3474630196327308,0.7822972316658572,0.5735068261245262,0.632417135073313,0.4611461874696455,122,20,31,27,0.8000242836328315,0.6199497186338137,0.5172413793103449,0.5660377358490566,0.6952404079650316,0.4148732738290014,0.6720681294819533,0.5152986886838271,-0.017727051966974328,-0.04644289250928746,-0.05172413793103453,-0.051752021563342354,-0.0329043224866441,-0.06741025419627061,-0.03965099440864028,-0.054152501214181636
German Credit,R2_F4,2,4,MI,Top25,0.25,5,10,75.0,0.9339409999665804,0.2745708000147715,0.755,0.5882352941176471,0.5172413793103449,0.852112676056338,0.5504587155963303,0.6846770276833414,0.38452343962177593,0.7487858183584264,0.6019126445960921,0.6638884965799674,0.41646430305973775,121,21,28,30,0.8000242836328315,0.6199497186338137,0.5172413793103449,0.5660377358490566,0.6952404079650316,0.4148732738290014,0.6720681294819533,0.5152986886838271,-0.05123846527440512,-0.01803707403772159,0.0,-0.015579020252726283,-0.010563380281690238,-0.03034983420722548,-0.008179632901985867,-0.09883438562408936
German Credit,R2_F4,2,4,MI,Top50,0.5,10,26,50.0,0.9339409999665804,0.29231519997119904,0.75,0.5869565217391305,0.46551724137931033,0.8661971830985915,0.5192307692307693,0.6658572122389509,0.35767060537986484,0.7711267605633803,0.5962689658454925,0.635003719017917,0.44730451675570665,123,19,31,27,0.8000242836328315,0.6199497186338137,0.5172413793103449,0.5660377358490566,0.6952404079650316,0.4148732738290014,0.6720681294819533,0.5152986886838271,-0.02889752306945126,-0.023680752788321158,-0.05172413793103453,-0.046806966618287316,-0.029383195726080724,-0.05720266844913657,-0.0370644104640363,-0.06799417192812046
German Credit,R2_F4,2,4,MI,Top75,0.75,15,50,25.0,0.9339409999665804,0.3246345999650657,0.725,0.5306122448979592,0.4482758620689655,0.8380281690140845,0.48598130841121495,0.643152015541525,0.3020641036352009,0.7780475959203497,0.5552491723198816,0.6129174495010445,0.48785818358426425,119,23,32,26,0.8000242836328315,0.6199497186338137,0.5172413793103449,0.5660377358490566,0.6952404079650316,0.4148732738290014,0.6720681294819533,0.5152986886838271,-0.021976687712481846,-0.06470054631393207,-0.06896551724137934,-0.08005642743784164,-0.0520883924235066,-0.11280917019380049,-0.05915067998090873,-0.027440505099562862
German Credit,R2_F4,2,4,L1,Top25,0.25,5,14,75.0,0.9339409999665804,0.2722305000061169,0.695,0.4716981132075472,0.43103448275862066,0.8028169014084507,0.45045045045045046,0.6169256920835358,0.24043711688440966,0.7111461874696454,0.5094437894485446,0.588253149459032,0.38319572608062163,114,28,33,25,0.8000242836328315,0.6199497186338137,0.5172413793103449,0.5660377358490566,0.6952404079650316,0.4148732738290014,0.6720681294819533,0.5152986886838271,-0.0888780961631861,-0.11050592918526903,-0.0862068965517242,-0.11558728539860613,-0.07831471588149586,-0.17443615694459175,-0.08381498002292131,-0.13210296260320548
German Credit,R2_F4,2,4,L1,Top50,0.5,10,26,50.0,0.9339409999665804,0.2956241999636404,0.735,0.5510204081632653,0.46551724137931033,0.8450704225352113,0.5046728971962616,0.6552938319572608,0.327684468659391,0.775133559980573,0.5869087360430603,0.6272119672565565,0.46673142302088394,120,22,31,27,0.8000242836328315,0.6199497186338137,0.5172413793103449,0.5660377358490566,0.6952404079650316,0.4148732738290014,0.6720681294819533,0.5152986886838271,-0.02489072365225853,-0.03304098259075339,-0.05172413793103453,-0.06136483865279496,-0.03994657600777085,-0.08718880516961042,-0.04485616222539679,-0.04856726566294317
German Credit,R2_F4,2,4,L1,Top75,0.75,15,51,25.0,0.9339409999665804,0.3263982000062242,0.755,0.5957446808510638,0.4827586206896552,0.8661971830985915,0.5333333333333333,0.6744779018941234,0.37345127839359327,0.7849684312773191,0.5875632328549177,0.6466561353284609,0.4698882952889752,123,19,30,28,0.8000242836328315,0.6199497186338137,0.5172413793103449,0.5660377358490566,0.6952404079650316,0.4148732738290014,0.6720681294819533,0.5152986886838271,-0.015055852355512434,-0.03238648577889591,-0.03448275862068967,-0.03270440251572326,-0.020762506070908238,-0.04142199543540814,-0.02541199415349238,-0.04541039339485192
German Credit,R2_F4,2,4,RF,Top25,0.25,5,5,75.0,0.9339409999665804,0.3010923999827355,0.69,0.45454545454545453,0.3448275862068966,0.8309859154929577,0.39215686274509803,0.5879067508499272,0.19258468850535823,0.6317387081107333,0.4948604055800259,0.5353007261450005,0.25522098105876634,118,24,38,20,0.8000242836328315,0.6199497186338137,0.5172413793103449,0.5660377358490566,0.6952404079650316,0.4148732738290014,0.6720681294819533,0.5152986886838271,-0.16828557552209822,-0.12508931305378773,-0.1724137931034483,-0.17388087310395856,-0.10733365711510445,-0.22228858532364318,-0.1367674033369528,-0.26007770762506077
German Credit,R2_F4,2,4,RF,Top50,0.5,10,21,50.0,0.9339409999665804,0.3390713999979198,0.745,0.574468085106383,0.46551724137931033,0.8591549295774648,0.5142857142857142,0.6623360854783875,0.3474630196327308,0.7492714910150557,0.6191564298721537,0.632417135073313,0.4431762991743565,122,20,31,27,0.8000242836328315,0.6199497186338137,0.5172413793103449,0.5660377358490566,0.6952404079650316,0.4148732738290014,0.6720681294819533,0.5152986886838271,-0.050752792617775766,-0.0007932887616599604,-0.05172413793103453,-0.051752021563342354,-0.0329043224866441,-0.06741025419627061,-0.03965099440864028,-0.07212238950947059
German Credit,R2_F4,2,4,RF,Top75,0.75,15,42,25.0,0.9339409999665804,0.350996799999848,0.735,0.5490196078431373,0.4827586206896552,0.8380281690140845,0.5137614678899083,0.6603933948518699,0.33396151462219986,0.7821758135016998,0.6046399197005956,0.6360544968572399,0.46211753278290435,119,23,30,28,0.8000242836328315,0.6199497186338137,0.5172413793103449,0.5660377358490566,0.6952404079650316,0.4148732738290014,0.6720681294819533,0.5152986886838271,-0.017848470131131666,-0.015309798933218044,-0.03448275862068967,-0.052276267959148304,-0.03484701311316174,-0.08091175920680155,-0.036013632624713354,-0.05318115590092276
German Credit,R2_F4,2,4,RFE,Top25,0.25,5,15,75.0,0.9339409999665804,0.29765879997285083,0.665,0.40816326530612246,0.3448275862068966,0.795774647887324,0.37383177570093457,0.5703011170471103,0.1483419134900605,0.7143637688198154,0.4988868698860075,0.5238368553238967,0.376881981544439,113,29,38,20,0.8000242836328315,0.6199497186338137,0.5172413793103449,0.5660377358490566,0.6952404079650316,0.4148732738290014,0.6720681294819533,0.5152986886838271,-0.08566051481301606,-0.12106284874780615,-0.1724137931034483,-0.19220596014812202,-0.12493929091792133,-0.26653136033894087,-0.1482312741580566,-0.13841670713938808
German Credit,R2_F4,2,4,RFE,Top50,0.5,10,39,50.0,0.9339409999665804,0.33024829998612404,0.72,0.5217391304347826,0.41379310344827586,0.8450704225352113,0.46153846153846156,0.6294317629917435,0.2791192279172298,0.7513355998057308,0.5110776860661423,0.5913411137179545,0.44171928120446813,120,22,34,24,0.8000242836328315,0.6199497186338137,0.5172413793103449,0.5660377358490566,0.6952404079650316,0.4148732738290014,0.6720681294819533,0.5152986886838271,-0.048688683827100676,-0.1088720325676713,-0.103448275862069,-0.10449927431059503,-0.06580864497328809,-0.1357540459117716,-0.08072701576399877,-0.07357940747935898
German Credit,R2_F4,2,4,RFE,Top75,0.75,15,50,25.0,0.9339409999665804,0.4031517000403255,0.78,0.6590909090909091,0.5,0.8943661971830986,0.5686274509803921,0.6971830985915493,0.4319855443821848,0.7854541039339485,0.5896152728918013,0.6687175028302679,0.47838756677999034,127,15,29,29,0.8000242836328315,0.6199497186338137,0.5172413793103449,0.5660377358490566,0.6952404079650316,0.4148732738290014,0.6720681294819533,0.5152986886838271,-0.014570179698882968,-0.030334445742012384,-0.017241379310344862,0.002589715131335546,0.0019426906265176402,0.017112270553183373,-0.0033506266516853955,-0.036911121903836774
German Credit,R2_F4,2,4,EqualConsensus,Top25,0.25,5,14,75.0,0.9339409999665804,0.3402667000191286,0.73,0.5370370370370371,0.5,0.823943661971831,0.5178571428571429,0.6619718309859155,0.3310963159549963,0.7509713453132588,0.5961930580066518,0.6418503182097174,0.3938805245264692,117,25,29,29,0.8000242836328315,0.6199497186338137,0.5172413793103449,0.5660377358490566,0.6952404079650316,0.4148732738290014,0.6720681294819533,0.5152986886838271,-0.04905293831957269,-0.023756660627161863,-0.017241379310344862,-0.048180592991913684,-0.033268576979116116,-0.08377695787400513,-0.030217811272235884,-0.1214181641573579
German Credit,R2_F4,2,4,EqualConsensus,Top50,0.5,10,31,50.0,0.9339409999665804,0.35422249999828637,0.745,0.5714285714285714,0.4827586206896552,0.852112676056338,0.5233644859813084,0.6674356483729966,0.35330483368358107,0.76287032540068,0.5672882833920329,0.6413772214267737,0.44001942690626517,121,21,30,28,0.8000242836328315,0.6199497186338137,0.5172413793103449,0.5660377358490566,0.6952404079650316,0.4148732738290014,0.6720681294819533,0.5152986886838271,-0.03715395823215151,-0.052661435241780796,-0.03448275862068967,-0.04267324986774823,-0.02780475959203499,-0.061568440145420344,-0.0306909080551796,-0.07527926177756195
German Credit,R2_F4,2,4,EqualConsensus,Top75,0.75,15,50,25.0,0.9339409999665804,0.38050099997781217,0.78,0.6590909090909091,0.5,0.8943661971830986,0.5686274509803921,0.6971830985915493,0.4319855443821848,0.7854541039339485,0.5896152728918013,0.6687175028302679,0.47838756677999034,127,15,29,29,0.8000242836328315,0.6199497186338137,0.5172413793103449,0.5660377358490566,0.6952404079650316,0.4148732738290014,0.6720681294819533,0.5152986886838271,-0.014570179698882968,-0.030334445742012384,-0.017241379310344862,0.002589715131335546,0.0019426906265176402,0.017112270553183373,-0.0033506266516853955,-0.036911121903836774
German Credit,R2_F5,2,5,Chi2,Top25,0.25,5,18,75.0,1.1636373000219464,0.25195350003195927,0.715,0.6037735849056604,0.47058823529411764,0.8409090909090909,0.5289256198347108,0.6557486631016043,0.33434831815324323,0.7427027629233511,0.6275909380574677,0.6290643251160328,0.3774509803921568,111,21,36,32,0.7781862745098038,0.6346753506296392,0.4411764705882353,0.5217391304347826,0.6561942959001783,0.3490132725484676,0.619966360998767,0.4353832442067736,-0.03548351158645269,-0.007084412572171517,0.02941176470588236,0.007186489399928164,-0.00044563279857401383,-0.014664954395224361,0.009097964117265822,-0.0579322638146168
German Credit,R2_F5,2,5,Chi2,Top50,0.5,10,42,50.0,1.1636373000219464,0.34533510002074763,0.71,0.6086956521739131,0.4117647058823529,0.8636363636363636,0.49122807017543857,0.6377005347593583,0.31000433592217963,0.7588012477718361,0.610572077713848,0.5963346151801286,0.45053475935828874,114,18,40,28,0.7781862745098038,0.6346753506296392,0.4411764705882353,0.5217391304347826,0.6561942959001783,0.3490132725484676,0.619966360998767,0.4353832442067736,-0.019385026737967714,-0.024103272915791174,-0.02941176470588236,-0.030511060259344025,-0.01849376114082002,-0.03900893662628796,-0.02363174581863836,0.015151515151515138
German Credit,R2_F5,2,5,Chi2,Top75,0.75,15,52,25.0,1.1636373000219464,0.3566825999878347,0.73,0.6458333333333334,0.45588235294117646,0.8712121212121212,0.5344827586206896,0.6635472370766489,0.36280412531966827,0.7721702317290553,0.628256728164444,0.630214433132926,0.42602495543672014,115,17,37,31,0.7781862745098038,0.6346753506296392,0.4411764705882353,0.5217391304347826,0.6561942959001783,0.3490132725484676,0.619966360998767,0.4353832442067736,-0.006016042780748521,-0.006418622465195201,0.01470588235294118,0.012743628185907019,0.007352941176470562,0.013790852771200679,0.010248072134159014,-0.009358288770053458
German Credit,R2_F5,2,5,MI,Top25,0.25,5,10,75.0,1.1636373000219464,0.2839681999757886,0.71,0.6,0.4411764705882353,0.8484848484848485,0.5084745762711864,0.6448306595365418,0.31688471712175664,0.7272727272727273,0.5676587050493161,0.6118264057738428,0.40418894830659535,112,20,38,30,0.7781862745098038,0.6346753506296392,0.4411764705882353,0.5217391304347826,0.6561942959001783,0.3490132725484676,0.619966360998767,0.4353832442067736,-0.05091354723707653,-0.06701664558032305,0.0,-0.013264554163596176,-0.011363636363636465,-0.03212855542671095,-0.008139955224924167,-0.03119429590017825
German Credit,R2_F5,2,5,MI,Top50,0.5,10,29,50.0,1.1636373000219464,0.3002796999644488,0.725,0.6226415094339622,0.4852941176470588,0.8484848484848485,0.5454545454545454,0.6668894830659536,0.358264506862345,0.7643716577540107,0.6144995502530833,0.641688947919748,0.4768270944741532,112,20,35,33,0.7781862745098038,0.6346753506296392,0.4411764705882353,0.5217391304347826,0.6561942959001783,0.3490132725484676,0.619966360998767,0.4353832442067736,-0.013814616755793097,-0.020175800376555864,0.04411764705882354,0.02371541501976282,0.010695187165775333,0.009251234313877421,0.021722586920980946,0.04144385026737962
German Credit,R2_F5,2,5,MI,Top75,0.75,15,53,25.0,1.1636373000219464,0.343727300001774,0.725,0.6326530612244898,0.45588235294117646,0.8636363636363636,0.5299145299145299,0.6597593582887701,0.3519258849670633,0.7726158645276292,0.6409708742674343,0.6274683876818871,0.427807486631016,114,18,37,31,0.7781862745098038,0.6346753506296392,0.4411764705882353,0.5217391304347826,0.6561942959001783,0.3490132725484676,0.619966360998767,0.4353832442067736,-0.005570409982174618,0.006295523637795064,0.01470588235294118,0.008175399479747325,0.0035650623885917776,0.0029126124185956948,0.0075020266831200555,-0.0075757575757576245
German Credit,R2_F5,2,5,L1,Top25,0.25,5,12,75.0,1.1636373000219464,0.28970620001200587,0.715,0.6122448979591837,0.4411764705882353,0.8560606060606061,0.5128205128205128,0.6486185383244207,0.3273843309247297,0.7254344919786097,0.5781775922875263,0.6145517039203812,0.37032085561497324,113,19,38,30,0.7781862745098038,0.6346753506296392,0.4411764705882353,0.5217391304347826,0.6561942959001783,0.3490132725484676,0.619966360998767,0.4353832442067736,-0.05275178253119417,-0.0564977583421129,0.0,-0.00891861761426982,-0.007575757575757569,-0.021628941623737907,-0.005414657078385843,-0.06506238859180036
German Credit,R2_F5,2,5,L1,Top50,0.5,10,24,50.0,1.1636373000219464,0.29652779997559264,0.74,0.6818181818181818,0.4411764705882353,0.8939393939393939,0.5357142857142857,0.6675579322638145,0.38321965233729316,0.7506684491978609,0.6103639948727188,0.6280008174660029,0.3975044563279857,118,14,38,30,0.7781862745098038,0.6346753506296392,0.4411764705882353,0.5217391304347826,0.6561942959001783,0.3490132725484676,0.619966360998767,0.4353832442067736,-0.02751782531194291,-0.02431135575692045,0.0,0.013975155279503104,0.011363636363636243,0.03420637978882557,0.008034456467235884,-0.0378787878787879
German Credit,R2_F5,2,5,L1,Top75,0.75,15,46,25.0,1.1636373000219464,0.3350034999893978,0.73,0.6590909090909091,0.4264705882352941,0.8863636363636364,0.5178571428571429,0.6564171122994652,0.35773962226167527,0.7677139037433155,0.6195899415305934,0.6148235693191781,0.427807486631016,117,15,39,29,0.7781862745098038,0.6346753506296392,0.4411764705882353,0.5217391304347826,0.6561942959001783,0.3490132725484676,0.619966360998767,0.4353832442067736,-0.010472370766488326,-0.015085409099045766,-0.01470588235294118,-0.0038819875776396895,0.0002228163992868959,0.008726349713207682,-0.005142791679588865,-0.0075757575757576245
German Credit,R2_F5,2,5,RF,Top25,0.25,5,5,75.0,1.1636373000219464,0.2601573999854736,0.625,0.41025641025641024,0.23529411764705882,0.8257575757575758,0.29906542056074764,0.5305258467023173,0.07299513145242802,0.6436051693404634,0.44529960709933086,0.44079008629760846,0.267825311942959,109,23,52,16,0.7781862745098038,0.6346753506296392,0.4411764705882353,0.5217391304347826,0.6561942959001783,0.3490132725484676,0.619966360998767,0.4353832442067736,-0.1345811051693404,-0.18937574353030834,-0.20588235294117646,-0.22267370987403495,-0.12566844919786102,-0.27601814109603956,-0.17917627470115854,-0.1675579322638146
German Credit,R2_F5,2,5,RF,Top50,0.5,10,21,50.0,1.1636373000219464,0.30083949997788295,0.69,0.5652173913043478,0.38235294117647056,0.8484848484848485,0.45614035087719296,0.6154188948306596,0.2598418220189143,0.7320632798573976,0.5455714240475656,0.5695793863561548,0.4166666666666667,112,20,42,26,0.7781862745098038,0.6346753506296392,0.4411764705882353,0.5217391304347826,0.6561942959001783,0.3490132725484676,0.619966360998767,0.4353832442067736,-0.04612299465240621,-0.08910392658207356,-0.05882352941176472,-0.06559877955758964,-0.04077540106951871,-0.08917145052955328,-0.050386974642612214,-0.018716577540106916
German Credit,R2_F5,2,5,RF,Top75,0.75,15,40,25.0,1.1636373000219464,0.32783299998845905,0.74,0.6666666666666666,0.47058823529411764,0.8787878787878788,0.5517241379310345,0.6746880570409982,0.3875183027937601,0.7703877005347594,0.5927019554869846,0.6430763851026166,0.4380570409982174,116,16,36,32,0.7781862745098038,0.6346753506296392,0.4411764705882353,0.5217391304347826,0.6561942959001783,0.3490132725484676,0.619966360998767,0.4353832442067736,-0.007798573975044465,-0.041973395142654635,0.02941176470588236,0.02998500749625188,0.01849376114081991,0.038505030245292504,0.023110024103849547,0.0026737967914438054
German Credit,R2_F5,2,5,RFE,Top25,0.25,5,13,75.0,1.1636373000219464,0.2929335000226274,0.7,0.5833333333333334,0.4117647058823529,0.8484848484848485,0.4827586206896552,0.6301247771836007,0.28866159289739274,0.7212566844919786,0.5750662774220052,0.5910804632890487,0.3832442067736185,112,20,40,28,0.7781862745098038,0.6346753506296392,0.4411764705882353,0.5217391304347826,0.6561942959001783,0.3490132725484676,0.619966360998767,0.4353832442067736,-0.05692959001782527,-0.05960907320763398,-0.02941176470588236,-0.0389805097451274,-0.02606951871657759,-0.06035167965107485,-0.028885897709718278,-0.05213903743315512
German Credit,R2_F5,2,5,RFE,Top50,0.5,10,35,50.0,1.1636373000219464,0.3112627000082284,0.72,0.62,0.45588235294117646,0.8560606060606061,0.5254237288135594,0.6559714795008913,0.341260464592661,0.7517825311942958,0.6265178770132297,0.6247102715268564,0.39081996434937605,113,19,37,31,0.7781862745098038,0.6346753506296392,0.4411764705882353,0.5217391304347826,0.6561942959001783,0.3490132725484676,0.619966360998767,0.4353832442067736,-0.026403743315507988,-0.008157473616409505,0.01470588235294118,0.003684598378776771,-0.00022281639928700692,-0.007752807955806573,0.004743910528089423,-0.04456327985739755
German Credit,R2_F5,2,5,RFE,Top75,0.75,15,51,25.0,1.1636373000219464,0.34547170001314953,0.74,0.66,0.4852941176470588,0.8712121212121212,0.559322033898305,0.67825311942959,0.3900119595344697,0.7679367201426025,0.6415765758730297,0.6502262049833571,0.410873440285205,115,17,35,33,0.7781862745098038,0.6346753506296392,0.4411764705882353,0.5217391304347826,0.6561942959001783,0.3490132725484676,0.619966360998767,0.4353832442067736,-0.010249554367201319,0.006901225243390541,0.04411764705882354,0.037582903463522443,0.022058823529411686,0.04099868698600212,0.03025984398459014,-0.024509803921568596
German Credit,R2_F5,2,5,EqualConsensus,Top25,0.25,5,12,75.0,1.1636373000219464,0.2743466999963857,0.715,0.6122448979591837,0.4411764705882353,0.8560606060606061,0.5128205128205128,0.6486185383244207,0.3273843309247297,0.7254344919786097,0.5781775922875263,0.6145517039203812,0.37032085561497324,113,19,38,30,0.7781862745098038,0.6346753506296392,0.4411764705882353,0.5217391304347826,0.6561942959001783,0.3490132725484676,0.619966360998767,0.4353832442067736,-0.05275178253119417,-0.0564977583421129,0.0,-0.00891861761426982,-0.007575757575757569,-0.021628941623737907,-0.005414657078385843,-0.06506238859180036
German Credit,R2_F5,2,5,EqualConsensus,Top50,0.5,10,31,50.0,1.1636373000219464,0.30305079999379814,0.735,0.6470588235294118,0.4852941176470588,0.8636363636363636,0.5546218487394958,0.6744652406417112,0.37922949626955166,0.7462121212121212,0.6019464346942761,0.6473929618545629,0.4010695187165775,114,18,35,33,0.7781862745098038,0.6346753506296392,0.4411764705882353,0.5217391304347826,0.6561942959001783,0.3490132725484676,0.619966360998767,0.4353832442067736,-0.031974153297682606,-0.03272891593536309,0.04411764705882354,0.03288271830471323,0.018270944741532902,0.030216223721084068,0.027426600855795846,-0.03431372549019612
German Credit,R2_F5,2,5,EqualConsensus,Top75,0.75,15,52,25.0,1.1636373000219464,0.3280897000222467,0.74,0.6666666666666666,0.47058823529411764,0.8787878787878788,0.5517241379310345,0.6746880570409982,0.3875183027937601,0.7681595365418895,0.6320867558912282,0.6430763851026166,0.46479500891265596,116,16,36,32,0.7781862745098038,0.6346753506296392,0.4411764705882353,0.5217391304347826,0.6561942959001783,0.3490132725484676,0.619966360998767,0.4353832442067736,-0.010026737967914312,-0.0025885947384109986,0.02941176470588236,0.02998500749625188,0.01849376114081991,0.038505030245292504,0.023110024103849547,0.02941176470588236
German Credit,R3_F1,3,1,Chi2,Top25,0.25,5,16,75.0,0.9733215000014752,0.22757819999242201,0.69,0.40476190476190477,0.3148148148148148,0.8287671232876712,0.3541666666666667,0.571790969051243,0.15650201385082302,0.7027524099441906,0.4519730738508775,0.5107917074918259,0.4244038559107052,121,25,37,17,0.8012430238457635,0.6175357464600374,0.4814814814814814,0.5416666666666666,0.6859462201927955,0.4053568061931211,0.6547643756501244,0.4756468797564688,-0.09849061390157288,-0.1655626726091599,-0.16666666666666657,-0.18749999999999994,-0.11415525114155245,-0.24885479234229807,-0.14397266815829846,-0.051243023845763624
German Credit,R3_F1,3,1,Chi2,Top50,0.5,10,38,50.0,0.9733215000014752,0.32687299995450303,0.75,0.5434782608695652,0.46296296296296297,0.8561643835616438,0.5,0.6595636732623034,0.3366650648265045,0.795662100456621,0.5660537465288183,0.6295811304328119,0.4928970065956367,125,21,29,25,0.8012430238457635,0.6175357464600374,0.4814814814814814,0.5416666666666666,0.6859462201927955,0.4053568061931211,0.6547643756501244,0.4756468797564688,-0.005580923389142511,-0.05148199993121905,-0.018518518518518434,-0.04166666666666663,-0.026382546930492135,-0.0686917413666166,-0.02518324521731241,0.01725012683916788
German Credit,R3_F1,3,1,Chi2,Top75,0.75,15,52,25.0,0.9733215000014752,0.33408820000477135,0.775,0.6153846153846154,0.4444444444444444,0.8972602739726028,0.5161290322580645,0.6708523592085236,0.38289442416496655,0.8084728564180619,0.6101329383401108,0.631492156711248,0.5134449518011162,131,15,30,24,0.8012430238457635,0.6175357464600374,0.4814814814814814,0.5416666666666666,0.6859462201927955,0.4053568061931211,0.6547643756501244,0.4756468797564688,0.007229832572298367,-0.007402808119926552,-0.03703703703703698,-0.025537634408602128,-0.0150938609842719,-0.022462382028154537,-0.02327221893887632,0.03779807204464736
German Credit,R3_F1,3,1,MI,Top25,0.25,5,11,75.0,0.9733215000014752,0.26978200004668906,0.72,0.47619047619047616,0.37037037037037035,0.8493150684931506,0.4166666666666667,0.6098427194317605,0.23945361129825574,0.7378868594622019,0.47711029749005696,0.560857501045448,0.4345509893455099,124,22,34,20,0.8012430238457635,0.6175357464600374,0.4814814814814814,0.5416666666666666,0.6859462201927955,0.4053568061931211,0.6547643756501244,0.4756468797564688,-0.06335616438356162,-0.14042544896998044,-0.11111111111111105,-0.12499999999999994,-0.076103500761035,-0.16590319489486535,-0.0939068746046764,-0.0410958904109589
German Credit,R3_F1,3,1,MI,Top50,0.5,10,38,50.0,0.9733215000014752,0.304130400007125,0.75,0.5434782608695652,0.46296296296296297,0.8561643835616438,0.5,0.6595636732623034,0.3366650648265045,0.795662100456621,0.5660537465288183,0.6295811304328119,0.4928970065956367,125,21,29,25,0.8012430238457635,0.6175357464600374,0.4814814814814814,0.5416666666666666,0.6859462201927955,0.4053568061931211,0.6547643756501244,0.4756468797564688,-0.005580923389142511,-0.05148199993121905,-0.018518518518518434,-0.04166666666666663,-0.026382546930492135,-0.0686917413666166,-0.02518324521731241,0.01725012683916788
German Credit,R3_F1,3,1,MI,Top75,0.75,15,56,25.0,0.9733215000014752,0.3494885999825783,0.79,0.6428571428571429,0.5,0.8972602739726028,0.5625,0.6986301369863014,0.4330073386755987,0.8032724505327244,0.5996352478409341,0.6697985794149621,0.4441907661085744,131,15,27,27,0.8012430238457635,0.6175357464600374,0.4814814814814814,0.5416666666666666,0.6859462201927955,0.4053568061931211,0.6547643756501244,0.4756468797564688,0.0020294266869609334,-0.017900498619103256,0.0185185185185186,0.02083333333333337,0.01268391679350589,0.02765053248247762,0.015034203764837772,-0.03145611364789441
German Credit,R3_F1,3,1,L1,Top25,0.25,5,6,75.0,0.9733215000014752,0.26261999999405816,0.715,0.45161290322580644,0.25925925925925924,0.8835616438356164,0.32941176470588235,0.5714104515474379,0.17520273582876483,0.7019279553526129,0.4161371316654706,0.47861418417209006,0.3455098934550989,129,17,40,14,0.8012430238457635,0.6175357464600374,0.4814814814814814,0.5416666666666666,0.6859462201927955,0.4053568061931211,0.6547643756501244,0.4756468797564688,-0.09931506849315064,-0.20139861479456678,-0.22222222222222215,-0.21225490196078428,-0.11453576864535764,-0.23015407036435626,-0.1761501914780343,-0.13013698630136988
German Credit,R3_F1,3,1,L1,Top50,0.5,10,31,50.0,0.9733215000014752,0.3031924999668263,0.79,0.6363636363636364,0.5185185185185185,0.8904109589041096,0.5714285714285714,0.7044647387113141,0.4382612649609521,0.8181126331811264,0.619529535816717,0.6794811044345621,0.5073566717402334,130,16,26,28,0.8012430238457635,0.6175357464600374,0.4814814814814814,0.5416666666666666,0.6859462201927955,0.4053568061931211,0.6547643756501244,0.4756468797564688,0.016869609335362856,0.0019937893566795983,0.03703703703703709,0.029761904761904767,0.0185185185185186,0.03290445876783099,0.024716728784437758,0.03170979198376456
German Credit,R3_F1,3,1,L1,Top75,0.75,15,46,25.0,0.9733215000014752,0.3315197000047192,0.75,0.5476190476190477,0.42592592592592593,0.8698630136986302,0.4791666666666667,0.647894469812278,0.3224052087456884,0.7995941146626078,0.6106073095594627,0.6086848195398875,0.48655504819888384,127,19,31,23,0.8012430238457635,0.6175357464600374,0.4814814814814814,0.5416666666666666,0.6859462201927955,0.4053568061931211,0.6547643756501244,0.4756468797564688,-0.0016489091831557445,-0.006928436900574653,-0.05555555555555547,-0.062499999999999944,-0.038051750380517446,-0.08295159744743269,-0.04607955611023684,0.010908168442415045
German Credit,R3_F1,3,1,RF,Top25,0.25,5,5,75.0,0.9733215000014752,0.24253799999132752,0.715,0.4594594594594595,0.3148148148148148,0.863013698630137,0.37362637362637363,0.5889142567224759,0.2033199721728484,0.6941907661085743,0.41394210693606404,0.5212384269380904,0.35312024353120247,126,20,37,17,0.8012430238457635,0.6175357464600374,0.4814814814814814,0.5416666666666666,0.6859462201927955,0.4053568061931211,0.6547643756501244,0.4756468797564688,-0.10705225773718918,-0.20359363952397336,-0.16666666666666657,-0.168040293040293,-0.09703196347031962,-0.2020368340202727,-0.13352594871203394,-0.12252663622526633
German Credit,R3_F1,3,1,RF,Top50,0.5,10,21,50.0,0.9733215000014752,0.35740290000103414,0.765,0.5945945945945946,0.4074074074074074,0.8972602739726028,0.4835164835164835,0.6523338406900051,0.3483413503275191,0.7540588533739219,0.5604935603814066,0.6046077091708624,0.3970065956367326,131,15,32,22,0.8012430238457635,0.6175357464600374,0.4814814814814814,0.5416666666666666,0.6859462201927955,0.4053568061931211,0.6547643756501244,0.4756468797564688,-0.04718417047184165,-0.05704218607863076,-0.07407407407407401,-0.05815018315018311,-0.03361237950279039,-0.05701545586560197,-0.05015666647926198,-0.07864028411973623
German Credit,R3_F1,3,1,RF,Top75,0.75,15,40,25.0,0.9733215000014752,0.33884630003012717,0.805,0.6829268292682927,0.5185185185185185,0.910958904109589,0.5894736842105263,0.7147387113140538,0.47230566582723404,0.7713089802130897,0.5633460681343947,0.6872765537905081,0.4487569761542364,133,13,26,28,0.8012430238457635,0.6175357464600374,0.4814814814814814,0.5416666666666666,0.6859462201927955,0.4053568061931211,0.6547643756501244,0.4756468797564688,-0.029934043632673824,-0.0541896783256427,0.03703703703703709,0.04780701754385963,0.028792491121258257,0.06694885963411296,0.03251217814038376,-0.026889903602232423
German Credit,R3_F1,3,1,RFE,Top25,0.25,5,13,75.0,0.9733215000014752,0.26137279998511076,0.745,0.5348837209302325,0.42592592592592593,0.863013698630137,0.4742268041237113,0.6444698122780315,0.31224562207533946,0.7552004058853374,0.5508340177856832,0.6062836866317608,0.4373414510400812,126,20,31,23,0.8012430238457635,0.6175357464600374,0.4814814814814814,0.5416666666666666,0.6859462201927955,0.4053568061931211,0.6547643756501244,0.4756468797564688,-0.04604261796042608,-0.0667017286743542,-0.05555555555555547,-0.06743986254295531,-0.041476407914764035,-0.09311118411778163,-0.048480689018363554,-0.03830542871638759
German Credit,R3_F1,3,1,RFE,Top50,0.5,10,35,50.0,0.9733215000014752,0.3222737000323832,0.78,0.6190476190476191,0.48148148148148145,0.8904109589041096,0.5416666666666666,0.6859462201927955,0.40535680619312114,0.7928716387620497,0.5930649172478413,0.6547643756501244,0.46752917300862507,130,16,28,26,0.8012430238457635,0.6175357464600374,0.4814814814814814,0.5416666666666666,0.6859462201927955,0.4053568061931211,0.6547643756501244,0.4756468797564688,-0.008371385083713823,-0.02447082921219612,5.551115123125783e-17,0.0,0.0,5.551115123125783e-17,0.0,-0.008117706747843734
German Credit,R3_F1,3,1,RFE,Top75,0.75,15,49,25.0,0.9733215000014752,0.37441660003969446,0.765,0.5853658536585366,0.4444444444444444,0.8835616438356164,0.5052631578947369,0.6640030441400304,0.36071543172747406,0.7943937087772704,0.6054965791479268,0.6266530650423252,0.4647387113140538,129,17,30,24,0.8012430238457635,0.6175357464600374,0.4814814814814814,0.5416666666666666,0.6859462201927955,0.4053568061931211,0.6547643756501244,0.4756468797564688,-0.006849315068493067,-0.012039167312110632,-0.03703703703703698,-0.03640350877192977,-0.02194317605276508,-0.04464137446564703,-0.028111310607799145,-0.01090816844241499
German Credit,R3_F1,3,1,EqualConsensus,Top25,0.25,5,13,75.0,0.9733215000014752,0.29534279997460544,0.76,0.5714285714285714,0.4444444444444444,0.8767123287671232,0.5,0.6605783866057838,0.35005574122816596,0.7519660071029934,0.5378068993843572,0.6242194517126963,0.4236428209030949,128,18,30,24,0.8012430238457635,0.6175357464600374,0.4814814814814814,0.5416666666666666,0.6859462201927955,0.4053568061931211,0.6547643756501244,0.4756468797564688,-0.049277016742770074,-0.07972884707568018,-0.03703703703703698,-0.04166666666666663,-0.025367833587011668,-0.05530106496495513,-0.030544923937428026,-0.05200405885337389
German Credit,R3_F1,3,1,EqualConsensus,Top50,0.5,10,29,50.0,0.9733215000014752,0.35659750003833324,0.77,0.5909090909090909,0.48148148148148145,0.8767123287671232,0.5306122448979592,0.6790969051243023,0.3838864181916032,0.7799340436326738,0.5244652059292254,0.6497082044178557,0.5058346017250127,128,18,28,26,0.8012430238457635,0.6175357464600374,0.4814814814814814,0.5416666666666666,0.6859462201927955,0.4053568061931211,0.6547643756501244,0.4756468797564688,-0.02130898021308969,-0.09307054053081198,5.551115123125783e-17,-0.011054421768707412,-0.006849315068493178,-0.021470388001517904,-0.005056171232268647,0.030187721968543912
German Credit,R3_F1,3,1,EqualConsensus,Top75,0.75,15,49,25.0,0.9733215000014752,0.3929569000029005,0.765,0.5853658536585366,0.4444444444444444,0.8835616438356164,0.5052631578947369,0.6640030441400304,0.36071543172747406,0.7943937087772704,0.6054965791479268,0.6266530650423252,0.4647387113140538,129,17,30,24,0.8012430238457635,0.6175357464600374,0.4814814814814814,0.5416666666666666,0.6859462201927955,0.4053568061931211,0.6547643756501244,0.4756468797564688,-0.006849315068493067,-0.012039167312110632,-0.03703703703703698,-0.03640350877192977,-0.02194317605276508,-0.04464137446564703,-0.028111310607799145,-0.01090816844241499
German Credit,R3_F2,3,2,Chi2,Top25,0.25,5,18,75.0,1.0802889000042342,0.27324910002062097,0.725,0.6122448979591837,0.45454545454545453,0.8582089552238806,0.5217391304347826,0.6563772048846676,0.3419332192877595,0.7052804161013115,0.586357400826704,0.6245758397882666,0.4038896426956128,115,19,36,30,0.7990728177295342,0.6924571481464091,0.5757575757575758,0.6178861788617886,0.7169832654907282,0.452038220783977,0.7029369157706425,0.4875621890547263,-0.09379240162822267,-0.10609974731970517,-0.12121212121212127,-0.09614704842700605,-0.06060606060606066,-0.11010500149621749,-0.07836107598237596,-0.08367254635911353
German Credit,R3_F2,3,2,Chi2,Top50,0.5,10,33,50.0,1.0802889000042342,0.3637509000254795,0.745,0.631578947368421,0.5454545454545454,0.8432835820895522,0.5853658536585366,0.6943690637720488,0.4049263686960169,0.75,0.6124038972980268,0.6782129923246366,0.41293532338308453,113,21,30,36,0.7990728177295342,0.6924571481464091,0.5757575757575758,0.6178861788617886,0.7169832654907282,0.452038220783977,0.7029369157706425,0.4875621890547263,-0.0490728177295342,-0.08005325084838233,-0.030303030303030387,-0.0325203252032521,-0.02261420171867945,-0.04711185208796009,-0.024723923446005935,-0.07462686567164178
German Credit,R3_F2,3,2,Chi2,Top75,0.75,15,53,25.0,1.0802889000042342,0.4202248000074178,0.765,0.6727272727272727,0.5606060606060606,0.8656716417910447,0.6115702479338843,0.7131388511985526,0.4489021003277125,0.788783355947535,0.6657878445519179,0.6966353198646035,0.494572591587517,116,18,29,37,0.7990728177295342,0.6924571481464091,0.5757575757575758,0.6178861788617886,0.7169832654907282,0.452038220783977,0.7029369157706425,0.4875621890547263,-0.010289461781999187,-0.026669303594491267,-0.015151515151515249,-0.00631593092790439,-0.0038444142921756352,-0.0031361204562644907,-0.00630159590603907,0.007010402532790672
German Credit,R3_F2,3,2,MI,Top25,0.25,5,14,75.0,1.0802889000042342,0.34605130000272766,0.745,0.6229508196721312,0.5757575757575758,0.8283582089552238,0.5984251968503937,0.7020578923563998,0.41272223204715697,0.7380144730891,0.6015892520745457,0.6906037317065027,0.4118046132971507,111,23,28,38,0.7990728177295342,0.6924571481464091,0.5757575757575758,0.6178861788617886,0.7169832654907282,0.452038220783977,0.7029369157706425,0.4875621890547263,-0.06105834464043425,-0.09086789607186341,0.0,-0.0194609820113949,-0.014925373134328401,-0.03931598873682002,-0.012333184064139857,-0.07575757575757563
German Credit,R3_F2,3,2,MI,Top50,0.5,10,31,50.0,1.0802889000042342,0.37413489999016747,0.72,0.5892857142857143,0.5,0.8283582089552238,0.5409836065573771,0.664179104477612,0.34387213537425715,0.7458163726820443,0.5882725703747549,0.6435674824582205,0.43577566711895077,111,23,33,33,0.7990728177295342,0.6924571481464091,0.5757575757575758,0.6178861788617886,0.7169832654907282,0.452038220783977,0.7029369157706425,0.4875621890547263,-0.05325644504748994,-0.10418457777165424,-0.0757575757575758,-0.07690257230441155,-0.052804161013116246,-0.10816608540971984,-0.05936943331242206,-0.05178652193577554
German Credit,R3_F2,3,2,MI,Top75,0.75,15,56,25.0,1.0802889000042342,0.40536340000107884,0.785,0.7090909090909091,0.5909090909090909,0.8805970149253731,0.6446280991735537,0.735753052917232,0.4965309703890083,0.7911578471279963,0.6651101538019749,0.7213548236109685,0.4796472184531886,118,16,27,39,0.7990728177295342,0.6924571481464091,0.5757575757575758,0.6178861788617886,0.7169832654907282,0.452038220783977,0.7029369157706425,0.4875621890547263,-0.007914970601537896,-0.027346994344434217,0.015151515151515138,0.026741920311765033,0.018769787426503814,0.0444927496050313,0.01841790784032593,-0.00791497060153773
German Credit,R3_F2,3,2,L1,Top25,0.25,5,14,75.0,1.0802889000042342,0.2849609999684617,0.695,0.5471698113207547,0.4393939393939394,0.8208955223880597,0.48739495798319327,0.6301447308909995,0.2773220169655612,0.7407281772953416,0.5794058911463782,0.6005801506984187,0.43554952510176387,110,24,37,29,0.7990728177295342,0.6924571481464091,0.5757575757575758,0.6178861788617886,0.7169832654907282,0.452038220783977,0.7029369157706425,0.4875621890547263,-0.05834464043419263,-0.11305125700003094,-0.1363636363636364,-0.13049122087859538,-0.08683853459972868,-0.1747162038184158,-0.1023567650722238,-0.052012663952962446
German Credit,R3_F2,3,2,L1,Top50,0.5,10,33,50.0,1.0802889000042342,0.35473730001831427,0.77,0.6851851851851852,0.5606060606060606,0.8731343283582089,0.6166666666666667,0.7168701944821347,0.45938935105018797,0.7921754862053368,0.6767229847484673,0.699631614637885,0.474898236092266,117,17,29,37,0.7990728177295342,0.6924571481464091,0.5757575757575758,0.6178861788617886,0.7169832654907282,0.452038220783977,0.7029369157706425,0.4875621890547263,-0.006897331524197359,-0.01573416339794187,-0.015151515151515249,-0.0012195121951219523,-0.0001130710085934794,0.007351130266210981,-0.00330530113275751,-0.012663952962460312
German Credit,R3_F2,3,2,L1,Top75,0.75,15,49,25.0,1.0802889000042342,0.34298880002461374,0.76,0.6551724137931034,0.5757575757575758,0.8507462686567164,0.6129032258064516,0.7132519222071461,0.44196629241847374,0.7860696517412935,0.6628608452286311,0.6998739952495694,0.4816824966078697,114,20,28,38,0.7990728177295342,0.6924571481464091,0.5757575757575758,0.6178861788617886,0.7169832654907282,0.452038220783977,0.7029369157706425,0.4875621890547263,-0.013003165988240695,-0.02959630291777804,0.0,-0.004982953055337025,-0.003731343283582156,-0.010071928365503247,-0.0030629205210731536,-0.005879692446856599
German Credit,R3_F2,3,2,RF,Top25,0.25,5,5,75.0,1.0802889000042342,0.2584467999986373,0.635,0.42857142857142855,0.3181818181818182,0.7910447761194029,0.3652173913043478,0.5546132971506106,0.11941702452349084,0.6434871099050203,0.42470775330341104,0.5016931982087269,0.2887833559475351,106,28,45,21,0.7990728177295342,0.6924571481464091,0.5757575757575758,0.6178861788617886,0.7169832654907282,0.452038220783977,0.7029369157706425,0.4875621890547263,-0.15558570782451386,-0.2677493948429981,-0.2575757575757576,-0.2526687875574408,-0.16236996834011763,-0.33262119626048614,-0.2012437175619156,-0.1987788331071912
German Credit,R3_F2,3,2,RF,Top50,0.5,10,21,50.0,1.0802889000042342,0.3097110000089742,0.73,0.62,0.4696969696969697,0.8582089552238806,0.5344827586206896,0.6639529624604252,0.35607624319714937,0.7620985979194934,0.6226833976641608,0.6349001068163865,0.4364540931705111,115,19,35,31,0.7990728177295342,0.6924571481464091,0.5757575757575758,0.6178861788617886,0.7169832654907282,0.452038220783977,0.7029369157706425,0.4875621890547263,-0.03697421981004079,-0.06977375048224832,-0.10606060606060608,-0.08340342024109904,-0.05303030303030298,-0.09596197758682762,-0.06803680895425601,-0.05110809588421522
German Credit,R3_F2,3,2,RF,Top75,0.75,15,37,25.0,1.0802889000042342,0.3376022999873385,0.75,0.6481481481481481,0.5303030303030303,0.8582089552238806,0.5833333333333334,0.6942559927634555,0.4114863947362997,0.7839213025780191,0.6569482665104021,0.6746190106930144,0.4495703301673451,115,19,31,35,0.7990728177295342,0.6924571481464091,0.5757575757575758,0.6178861788617886,0.7169832654907282,0.452038220783977,0.7029369157706425,0.4875621890547263,-0.015151515151515138,-0.03550888163600707,-0.045454545454545525,-0.03455284552845528,-0.022727272727272707,-0.040551826047677264,-0.028317905077628103,-0.037991858887381214
German Credit,R3_F2,3,2,RFE,Top25,0.25,5,17,75.0,1.0802889000042342,0.27181649999693036,0.76,0.6607142857142857,0.5606060606060606,0.8582089552238806,0.6065573770491803,0.7094075079149706,0.4386027511798376,0.7264812302125735,0.5975194186796987,0.6936260819525911,0.4188150158299412,115,19,29,37,0.7990728177295342,0.6924571481464091,0.5757575757575758,0.6178861788617886,0.7169832654907282,0.452038220783977,0.7029369157706425,0.4875621890547263,-0.07259158751696071,-0.09493772946671042,-0.015151515151515249,-0.011328801812608313,-0.007575757575757569,-0.013435469604139383,-0.009310833818051423,-0.06874717322478513
German Credit,R3_F2,3,2,RFE,Top50,0.5,10,41,50.0,1.0802889000042342,0.29472060000989586,0.73,0.5967741935483871,0.5606060606060606,0.8134328358208955,0.578125,0.687019448213478,0.3802819795698326,0.7482473993668023,0.6188846268065176,0.6752891067218312,0.3821800090456807,109,25,29,37,0.7990728177295342,0.6924571481464091,0.5757575757575758,0.6178861788617886,0.7169832654907282,0.452038220783977,0.7029369157706425,0.4875621890547263,-0.05082541836273191,-0.07357252133989156,-0.015151515151515249,-0.03976117886178865,-0.02996381727725017,-0.07175624121414437,-0.027647809048811367,-0.10538218000904559
German Credit,R3_F2,3,2,RFE,Top75,0.75,15,52,25.0,1.0802889000042342,0.3407764000003226,0.78,0.7037037037037037,0.5757575757575758,0.8805970149253731,0.6333333333333333,0.7281772953414745,0.48334082920713206,0.7873134328358209,0.6605482138593894,0.7120466294652272,0.486883763003166,118,16,28,38,0.7990728177295342,0.6924571481464091,0.5757575757575758,0.6178861788617886,0.7169832654907282,0.452038220783977,0.7029369157706425,0.4875621890547263,-0.01175938489371331,-0.031908934287019686,0.0,0.015447154471544655,0.011194029850746245,0.031302608423155076,0.009109713694584687,-0.0006784260515603213
German Credit,R3_F2,3,2,EqualConsensus,Top25,0.25,5,16,75.0,1.0802889000042342,0.28469369997037575,0.77,0.6724137931034483,0.5909090909090909,0.8582089552238806,0.6290322580645161,0.7245590230664858,0.4654003482200895,0.7523744911804614,0.62889573433732,0.712126023637238,0.4642695612844867,115,19,27,39,0.7990728177295342,0.6924571481464091,0.5757575757575758,0.6178861788617886,0.7169832654907282,0.452038220783977,0.7029369157706425,0.4875621890547263,-0.0466983265490728,-0.06356141380908908,0.015151515151515138,0.011146079202727477,0.007575757575757569,0.013362127436112536,0.009189107866595436,-0.023292627770239605
German Credit,R3_F2,3,2,EqualConsensus,Top50,0.5,10,30,50.0,1.0802889000042342,0.30873250000877306,0.715,0.5737704918032787,0.5303030303030303,0.8059701492537313,0.5511811023622047,0.6681365897783809,0.34343478402580996,0.7501130710085934,0.6146588116838412,0.6537647990547054,0.42085029398462237,108,26,31,35,0.7990728177295342,0.6924571481464091,0.5757575757575758,0.6178861788617886,0.7169832654907282,0.452038220783977,0.7029369157706425,0.4875621890547263,-0.04895974672094083,-0.07779833646256795,-0.045454545454545525,-0.0667050764995839,-0.048846675712347354,-0.10860343675816703,-0.04917211671593713,-0.06671189507010394
German Credit,R3_F2,3,2,EqualConsensus,Top75,0.75,15,50,25.0,1.0802889000042342,0.3419235999463126,0.785,0.7017543859649122,0.6060606060606061,0.8731343283582089,0.6504065040650406,0.7395974672094074,0.4991500728719371,0.783355947535052,0.6628474350957401,0.7274423140133494,0.4941203075531434,117,17,26,40,0.7990728177295342,0.6924571481464091,0.5757575757575758,0.6178861788617886,0.7169832654907282,0.452038220783977,0.7029369157706425,0.4875621890547263,-0.015716870194482202,-0.029609713050669062,0.030303030303030276,0.03252032520325199,0.022614201718679228,0.04711185208796009,0.02450539824270681,0.006558118498417087
German Credit,R3_F3,3,3,Chi2,Top25,0.25,5,14,75.0,1.039349700033199,0.24900309997610748,0.775,0.5476190476190477,0.46938775510204084,0.8741721854304636,0.5054945054945055,0.6717799702662522,0.3627737412587071,0.6886741451547506,0.4743373078829387,0.6405667175961067,0.38153804568184885,132,19,26,23,0.770509528314637,0.5528639169617,0.4489795918367347,0.4943820224719101,0.6648871469117448,0.3545792570360052,0.6288551866606267,0.5050682524665495,-0.08183538315988648,-0.0785266090787613,0.020408163265306145,0.011112483022595376,0.006892823354507471,0.008194484222701914,0.011711530935480052,-0.12353020678470067
German Credit,R3_F3,3,3,Chi2,Top50,0.5,10,41,50.0,1.039349700033199,0.3079697000212036,0.775,0.5476190476190477,0.46938775510204084,0.8741721854304636,0.5054945054945055,0.6717799702662522,0.3627737412587071,0.7705095283146371,0.5377230631164855,0.6405667175961067,0.4957426679280984,132,19,26,23,0.770509528314637,0.5528639169617,0.4489795918367347,0.4943820224719101,0.6648871469117448,0.3545792570360052,0.6288551866606267,0.5050682524665495,1.1102230246251565e-16,-0.015140853845214464,0.020408163265306145,0.011112483022595376,0.006892823354507471,0.008194484222701914,0.011711530935480052,-0.009325584538451115
German Credit,R3_F3,3,3,Chi2,Top75,0.75,15,52,25.0,1.039349700033199,0.3479388999985531,0.77,0.5348837209302325,0.46938775510204084,0.8675496688741722,0.5,0.6684687119881065,0.3527375635908228,0.7737532098932287,0.5467141550759647,0.6381357155906309,0.5161508311934045,131,20,26,23,0.770509528314637,0.5528639169617,0.4489795918367347,0.4943820224719101,0.6648871469117448,0.3545792570360052,0.6288551866606267,0.5050682524665495,0.003243681578591673,-0.00614976188573535,0.020408163265306145,0.005617977528089901,0.003581565076361759,-0.0018416934451823685,0.009280528930004195,0.01108257872685503
German Credit,R3_F3,3,3,MI,Top25,0.25,5,8,75.0,1.039349700033199,0.35473540000384673,0.71,0.38461538461538464,0.30612244897959184,0.8410596026490066,0.3409090909090909,0.5735910258142992,0.1597703271862541,0.674145154750642,0.3882352654216661,0.5074122833561643,0.36937423976213,127,24,34,15,0.770509528314637,0.5528639169617,0.4489795918367347,0.4943820224719101,0.6648871469117448,0.3545792570360052,0.6288551866606267,0.5050682524665495,-0.09636437356399508,-0.16462865154003392,-0.14285714285714285,-0.15347293156281921,-0.09129612109744556,-0.19480892984975107,-0.12144290330446239,-0.1356940127044195
German Credit,R3_F3,3,3,MI,Top50,0.5,10,26,50.0,1.039349700033199,0.32869970001047477,0.75,0.48717948717948717,0.3877551020408163,0.8675496688741722,0.4318181818181818,0.6276523854574942,0.2771406318226208,0.7376672523313961,0.47629401278766237,0.5799972503208796,0.44330314907419927,131,20,30,19,0.770509528314637,0.5528639169617,0.4489795918367347,0.4943820224719101,0.6648871469117448,0.3545792570360052,0.6288551866606267,0.5050682524665495,-0.032842275983240965,-0.07656990417403764,-0.06122448979591838,-0.06256384065372828,-0.03723476145425053,-0.0774386252133844,-0.04885793633974711,-0.06176510339235025
German Credit,R3_F3,3,3,MI,Top75,0.75,15,52,25.0,1.039349700033199,0.3550287000252865,0.77,0.5348837209302325,0.46938775510204084,0.8675496688741722,0.5,0.6684687119881065,0.3527375635908228,0.7737532098932287,0.5467141550759647,0.6381357155906309,0.5161508311934045,131,20,26,23,0.770509528314637,0.5528639169617,0.4489795918367347,0.4943820224719101,0.6648871469117448,0.3545792570360052,0.6288551866606267,0.5050682524665495,0.003243681578591673,-0.00614976188573535,0.020408163265306145,0.005617977528089901,0.003581565076361759,-0.0018416934451823685,0.009280528930004195,0.01108257872685503
German Credit,R3_F3,3,3,L1,Top25,0.25,5,12,75.0,1.039349700033199,0.2955807999824174,0.725,0.43478260869565216,0.40816326530612246,0.8278145695364238,0.42105263157894735,0.6179889174212732,0.24116731566250307,0.6790106771185295,0.4448175009790292,0.5812774705508281,0.37707798351128535,125,26,29,20,0.770509528314637,0.5528639169617,0.4489795918367347,0.4943820224719101,0.6648871469117448,0.3545792570360052,0.6288551866606267,0.5050682524665495,-0.09149885119610757,-0.10804641598267078,-0.040816326530612235,-0.07332939089296275,-0.04689822949047162,-0.1134119413735021,-0.04757771610979855,-0.12799026895526416
German Credit,R3_F3,3,3,L1,Top50,0.5,10,26,50.0,1.039349700033199,0.30286990001332015,0.775,0.5526315789473685,0.42857142857142855,0.8874172185430463,0.4827586206896552,0.6579943235572374,0.34642457080990313,0.7479389106636032,0.46896288552357634,0.61670224994715,0.4554669549939181,134,17,28,21,0.770509528314637,0.5528639169617,0.4489795918367347,0.4943820224719101,0.6648871469117448,0.3545792570360052,0.6288551866606267,0.5050682524665495,-0.022570617651033853,-0.08390103143812366,-0.020408163265306145,-0.011623401782254905,-0.00689282335450736,-0.008154686226102048,-0.012152936713476725,-0.04960129747263142
German Credit,R3_F3,3,3,L1,Top75,0.75,15,49,25.0,1.039349700033199,0.3320217999862507,0.77,0.5365853658536586,0.4489795918367347,0.8741721854304636,0.4888888888888889,0.6615758886335992,0.3442726892002944,0.7744289768887687,0.5322327132298761,0.62648660880309,0.5243951885389917,132,19,27,22,0.770509528314637,0.5528639169617,0.4489795918367347,0.4943820224719101,0.6648871469117448,0.3545792570360052,0.6288551866606267,0.5050682524665495,0.003919448574131623,-0.02063120373182392,0.0,-0.005493133583021226,-0.0033112582781456013,-0.010306567835710767,-0.0023685778575366356,0.01932693607244218
German Credit,R3_F3,3,3,RF,Top25,0.25,5,5,75.0,1.039349700033199,0.25436069996794686,0.71,0.3548387096774194,0.22448979591836735,0.8675496688741722,0.275,0.5460197323962698,0.10937961717571645,0.6114339775645358,0.33818151026549653,0.4413117357544552,0.1923232869306663,131,20,38,11,0.770509528314637,0.5528639169617,0.4489795918367347,0.4943820224719101,0.6648871469117448,0.3545792570360052,0.6288551866606267,0.5050682524665495,-0.15907555075010127,-0.21468240669620348,-0.22448979591836735,-0.21938202247191008,-0.118867414515475,-0.24519963986028873,-0.18754345090617147,-0.3127449655358832
German Credit,R3_F3,3,3,RF,Top50,0.5,10,21,50.0,1.039349700033199,0.3255788999958895,0.73,0.4444444444444444,0.40816326530612246,0.8344370860927153,0.425531914893617,0.6213001756994189,0.24986523414540807,0.7132044870928503,0.44470327459301756,0.5835979487216595,0.37707798351128535,126,25,29,20,0.770509528314637,0.5528639169617,0.4489795918367347,0.4943820224719101,0.6648871469117448,0.3545792570360052,0.6288551866606267,0.5050682524665495,-0.0573050412217867,-0.10816064236868245,-0.040816326530612235,-0.06885010757829307,-0.04358697121232591,-0.10471402289059711,-0.04525723793896719,-0.12799026895526416
German Credit,R3_F3,3,3,RF,Top75,0.75,15,40,25.0,1.039349700033199,0.3382536999997683,0.72,0.425531914893617,0.40816326530612246,0.8211920529801324,0.4166666666666667,0.6146776591431274,0.2326487290159749,0.7384781727260441,0.48193974257295946,0.578947691754453,0.4184349236383295,124,27,29,20,0.770509528314637,0.5528639169617,0.4489795918367347,0.4943820224719101,0.6648871469117448,0.3545792570360052,0.6288551866606267,0.5050682524665495,-0.032031355588592936,-0.07092417438874055,-0.040816326530612235,-0.07771535580524341,-0.050209487768617334,-0.1219305280200303,-0.04990749490617363,-0.08663332882822
German Credit,R3_F3,3,3,RFE,Top25,0.25,5,15,75.0,1.039349700033199,0.2612823999952525,0.74,0.4727272727272727,0.5306122448979592,0.8079470198675497,0.5,0.6692796323827545,0.3261038083538684,0.6869171509663468,0.4290723357411234,0.6547568876846861,0.35842681443438307,122,29,23,26,0.770509528314637,0.5528639169617,0.4489795918367347,0.4943820224719101,0.6648871469117448,0.3545792570360052,0.6288551866606267,0.5050682524665495,-0.08359237734829028,-0.1237915812205766,0.08163265306122452,0.005617977528089901,0.004392485471009677,-0.028475448682136806,0.02590170102405942,-0.14664143803216645
German Credit,R3_F3,3,3,RFE,Top50,0.5,10,35,50.0,1.039349700033199,0.33074619999388233,0.8,0.6216216216216216,0.46938775510204084,0.9072847682119205,0.5348837209302325,0.6883362616569807,0.4172110389030852,0.759967563184214,0.5538382280258504,0.6525859028428892,0.5012839572915259,137,14,26,23,0.770509528314637,0.5528639169617,0.4489795918367347,0.4943820224719101,0.6648871469117448,0.3545792570360052,0.6288551866606267,0.5050682524665495,-0.010541965130423048,0.0009743110641503572,0.020408163265306145,0.04050169845832241,0.02344911474523592,0.06263178186708002,0.023730716182262523,-0.0037842951750236553
German Credit,R3_F3,3,3,RFE,Top75,0.75,15,49,25.0,1.039349700033199,0.3458073000074364,0.77,0.5365853658536586,0.4489795918367347,0.8741721854304636,0.4888888888888889,0.6615758886335992,0.3442726892002944,0.7664549263413974,0.5378030545699515,0.62648660880309,0.5233139613461278,132,19,27,22,0.770509528314637,0.5528639169617,0.4489795918367347,0.4943820224719101,0.6648871469117448,0.3545792570360052,0.6288551866606267,0.5050682524665495,-0.004054601973239591,-0.01506086239174853,0.0,-0.005493133583021226,-0.0033112582781456013,-0.010306567835710767,-0.0023685778575366356,0.018245708879578326
German Credit,R3_F3,3,3,EqualConsensus,Top25,0.25,5,12,75.0,1.039349700033199,0.28727540001273155,0.745,0.4722222222222222,0.3469387755102041,0.8741721854304636,0.4,0.6105554804703338,0.24752758876199768,0.684281659683741,0.416348711968954,0.5507124727099652,0.36883362616569804,132,19,32,17,0.770509528314637,0.5528639169617,0.4489795918367347,0.4943820224719101,0.6648871469117448,0.3545792570360052,0.6288551866606267,0.5050682524665495,-0.08622786863089604,-0.136515204992746,-0.10204081632653061,-0.09438202247191008,-0.054331666441410964,-0.1070516682740075,-0.07814271395066152,-0.13623462630085148
German Credit,R3_F3,3,3,EqualConsensus,Top50,0.5,10,26,50.0,1.039349700033199,0.31752390001202,0.75,0.4878048780487805,0.40816326530612246,0.8609271523178808,0.4444444444444444,0.6345452088120016,0.2866779273098227,0.7314501959724287,0.4701284757838566,0.5927890330301057,0.4162724692526017,130,21,29,20,0.770509528314637,0.5528639169617,0.4489795918367347,0.4943820224719101,0.6648871469117448,0.3545792570360052,0.6288551866606267,0.5050682524665495,-0.039059332342208375,-0.08273544117784343,-0.040816326530612235,-0.04993757802746568,-0.03034193809974317,-0.06790132972618246,-0.036066153630521014,-0.08879578321394782
German Credit,R3_F3,3,3,EqualConsensus,Top75,0.75,15,49,25.0,1.039349700033199,0.34481290000258014,0.765,0.525,0.42857142857142855,0.8741721854304636,0.47191011235955055,0.6513718070009461,0.32551538350846376,0.7648330855521016,0.524444917686088,0.6120826923932269,0.49790512231382617,132,19,28,21,0.770509528314637,0.5528639169617,0.4489795918367347,0.4943820224719101,0.6648871469117448,0.3545792570360052,0.6288551866606267,0.5050682524665495,-0.0056764427625354275,-0.028418999275611978,-0.020408163265306145,-0.02247191011235955,-0.013515339910798674,-0.029063873527541417,-0.016772494267399796,-0.0071631301527233515
German Credit,R3_F4,3,4,Chi2,Top25,0.25,5,16,75.0,1.0024038000265136,0.25628020003205165,0.75,0.6938775510204082,0.4927536231884058,0.8854961832061069,0.576271186440678,0.6891249031972564,0.41807326289875246,0.755946454253789,0.610579791266698,0.6605538983264829,0.4421949330678172,116,15,35,34,0.7631375152118597,0.5685538680470902,0.3768115942028985,0.4521739130434782,0.6120699192388539,0.2531861655730476,0.565051419375559,0.431463657484235,-0.00719106095807065,0.04202592321960785,0.11594202898550732,0.12409727339719978,0.07705498395840249,0.1648870973257049,0.0955024789509239,0.010731275583582223
German Credit,R3_F4,3,4,Chi2,Top50,0.5,10,33,50.0,1.0024038000265136,0.3513702999916859,0.73,0.631578947368421,0.5217391304347826,0.8396946564885496,0.5714285714285714,0.6807168934616661,0.3806128921964059,0.7690009956853634,0.6003057334477793,0.6618924081050253,0.4650956964265959,110,21,33,36,0.7631375152118597,0.5685538680470902,0.3768115942028985,0.4521739130434782,0.6120699192388539,0.2531861655730476,0.565051419375559,0.431463657484235,0.005863480473503713,0.03175186540068908,0.1449275362318841,0.11925465838509319,0.06864697422281218,0.12742672662335836,0.09684098872946623,0.03363203894236089
German Credit,R3_F4,3,4,Chi2,Top75,0.75,15,53,25.0,1.0024038000265136,0.3993447999819182,0.705,0.6041666666666666,0.42028985507246375,0.8549618320610687,0.49572649572649574,0.6376258435667662,0.30637108186155265,0.7765239517645757,0.5805985895614028,0.5994428951029737,0.4993915256112402,112,19,40,29,0.7631375152118597,0.5685538680470902,0.3768115942028985,0.4521739130434782,0.6120699192388539,0.2531861655730476,0.565051419375559,0.431463657484235,0.013386436552715986,0.012044721514312573,0.043478260869565244,0.04355258268301754,0.025555924327912316,0.05318491628850508,0.03439147572741463,0.06792786812700519
German Credit,R3_F4,3,4,MI,Top25,0.25,5,5,75.0,1.0024038000265136,0.24740320001728833,0.665,0.5263157894736842,0.2898550724637681,0.8625954198473282,0.37383177570093457,0.5762252461555482,0.18473097345699294,0.6190950326363536,0.45614063946540606,0.5000276571618432,0.18143599955747314,113,18,49,20,0.7631375152118597,0.5685538680470902,0.3768115942028985,0.4521739130434782,0.6120699192388539,0.2531861655730476,0.565051419375559,0.431463657484235,-0.14404248257550611,-0.11241322858168412,-0.08695652173913038,-0.07834213734254364,-0.035844673083305745,-0.06845519211605464,-0.06502376221371586,-0.25002765792676185
German Credit,R3_F4,3,4,MI,Top50,0.5,10,24,50.0,1.0024038000265136,0.3167694000294432,0.725,0.6521739130434783,0.43478260869565216,0.8778625954198473,0.5217391304347826,0.6563226020577497,0.35316095948145737,0.7546188737692222,0.623368029757297,0.6178020632152155,0.44684146476380127,115,16,39,30,0.7631375152118597,0.5685538680470902,0.3768115942028985,0.4521739130434782,0.6120699192388539,0.2531861655730476,0.565051419375559,0.431463657484235,-0.008518641442637476,0.05481416171020681,0.05797101449275366,0.06956521739130439,0.04425268281889583,0.0999747939084098,0.05275064383965644,0.01537780727956628
German Credit,R3_F4,3,4,MI,Top75,0.75,15,50,25.0,1.0024038000265136,0.34479590004775673,0.71,0.6122448979591837,0.43478260869565216,0.8549618320610687,0.5084745762711864,0.6448722203783605,0.3202497442327677,0.7746432127447727,0.5971583876822084,0.6096905245111863,0.4406460891691559,112,19,39,30,0.7631375152118597,0.5685538680470902,0.3768115942028985,0.4521739130434782,0.6120699192388539,0.2531861655730476,0.565051419375559,0.431463657484235,0.011505697532912973,0.02860451963511823,0.05797101449275366,0.056300663227708214,0.03280230113950655,0.06706357865972012,0.0446391051356273,0.009182431684920889
German Credit,R3_F4,3,4,L1,Top25,0.25,5,13,75.0,1.0024038000265136,0.2898532999679446,0.68,0.5641025641025641,0.3188405797101449,0.8702290076335878,0.4074074074074074,0.5945347936718663,0.22684887403996393,0.7093151897333776,0.5341151511791781,0.5267488218064443,0.3781391746874654,114,17,47,22,0.7631375152118597,0.5685538680470902,0.3768115942028985,0.4521739130434782,0.6120699192388539,0.2531861655730476,0.565051419375559,0.431463657484235,-0.05382232547848209,-0.03443871686791211,-0.0579710144927536,-0.04476650563607082,-0.017535125566987553,-0.026337291533083645,-0.038302597569114694,-0.0533244827967696
German Credit,R3_F4,3,4,L1,Top50,0.5,10,32,50.0,1.0024038000265136,0.3542590999859385,0.68,0.5510204081632653,0.391304347826087,0.8320610687022901,0.4576271186440678,0.6116827082641886,0.2468821052332791,0.7442194933067816,0.5584058006603172,0.5706041656350106,0.42228122579931415,109,22,42,27,0.7631375152118597,0.5685538680470902,0.3768115942028985,0.4521739130434782,0.6120699192388539,0.2531861655730476,0.565051419375559,0.431463657484235,-0.018918021905078075,-0.010148067386772985,0.01449275362318847,0.005453205600589595,-0.0003872109746653196,-0.006304060339768464,0.005552746259451569,-0.009182431684920833
German Credit,R3_F4,3,4,L1,Top75,0.75,15,44,25.0,1.0024038000265136,0.3976979999570176,0.685,0.5625,0.391304347826087,0.8396946564885496,0.46153846153846156,0.6154995021573183,0.25711528091918084,0.7543976103551278,0.5724750232316365,0.573215639991009,0.42914039163624296,110,21,42,27,0.7631375152118597,0.5685538680470902,0.3768115942028985,0.4521739130434782,0.6120699192388539,0.2531861655730476,0.565051419375559,0.431463657484235,-0.008739904856731928,0.003921155184546277,0.01449275362318847,0.00936454849498336,0.0034295829184644022,0.003929115346133272,0.008164220615449969,-0.0023232658479920287
German Credit,R3_F4,3,4,RF,Top25,0.25,5,5,75.0,1.0024038000265136,0.2663866999791935,0.675,0.5476190476190477,0.3333333333333333,0.8549618320610687,0.4144144144144144,0.594147582697201,0.21975874886023006,0.6301582033410776,0.4664208666197126,0.533841996618559,0.23863259210089613,112,19,46,23,0.7631375152118597,0.5685538680470902,0.3768115942028985,0.4521739130434782,0.6120699192388539,0.2531861655730476,0.565051419375559,0.431463657484235,-0.13297931187078205,-0.10213300142737758,-0.04347826086956519,-0.037759498629063803,-0.017922336541652872,-0.033427416712817515,-0.031209422757000005,-0.19283106538333886
German Credit,R3_F4,3,4,RF,Top50,0.5,10,21,50.0,1.0024038000265136,0.31527050002478063,0.705,0.6086956521739131,0.4057971014492754,0.8625954198473282,0.48695652173913045,0.6341962606483018,0.3031735625272525,0.7569421396172143,0.5942245583028716,0.5916407027051693,0.4940812036729727,113,18,41,28,0.7631375152118597,0.5685538680470902,0.3768115942028985,0.4521739130434782,0.6120699192388539,0.2531861655730476,0.565051419375559,0.431463657484235,-0.006195375594645336,0.025670690255781392,0.028985507246376885,0.03478260869565225,0.022126341409447914,0.049987396954204955,0.026589283329610303,0.06261754618873772
German Credit,R3_F4,3,4,RF,Top75,0.75,15,38,25.0,1.0024038000265136,0.339869000017643,0.705,0.6086956521739131,0.4057971014492754,0.8625954198473282,0.48695652173913045,0.6341962606483018,0.3031735625272525,0.7622524615554819,0.5877162607390936,0.5916407027051693,0.4261533355459674,113,18,41,28,0.7631375152118597,0.5685538680470902,0.3768115942028985,0.4521739130434782,0.6120699192388539,0.2531861655730476,0.565051419375559,0.431463657484235,-0.00088505365637781,0.01916239269200337,0.028985507246376885,0.03478260869565225,0.022126341409447914,0.049987396954204955,0.026589283329610303,-0.0053103219382675815
German Credit,R3_F4,3,4,RFE,Top25,0.25,5,15,75.0,1.0024038000265136,0.31986519997008145,0.675,0.5555555555555556,0.2898550724637681,0.8778625954198473,0.38095238095238093,0.5838588339418077,0.20752280726175854,0.6964819117158979,0.5224628087779113,0.5044332723053183,0.3697311649518752,115,16,49,20,0.7631375152118597,0.5685538680470902,0.3768115942028985,0.4521739130434782,0.6120699192388539,0.2531861655730476,0.565051419375559,0.431463657484235,-0.06665560349596178,-0.04609105926917889,-0.08695652173913038,-0.07122153209109727,-0.02821108529704619,-0.04566335831128904,-0.06061814707024071,-0.061732492532359795
German Credit,R3_F4,3,4,RFE,Top50,0.5,10,38,50.0,1.0024038000265136,0.3276011999696493,0.68,0.5510204081632653,0.391304347826087,0.8320610687022901,0.4576271186440678,0.6116827082641886,0.2468821052332791,0.7041708153556809,0.5149042555194213,0.5706041656350106,0.3306781723641996,109,22,42,27,0.7631375152118597,0.5685538680470902,0.3768115942028985,0.4521739130434782,0.6120699192388539,0.2531861655730476,0.565051419375559,0.431463657484235,-0.05896669985617875,-0.053649612527668866,0.01449275362318847,0.005453205600589595,-0.0003872109746653196,-0.006304060339768464,0.005552746259451569,-0.10078548512003538
German Credit,R3_F4,3,4,RFE,Top75,0.75,15,48,25.0,1.0024038000265136,0.34041480004088953,0.705,0.6041666666666666,0.42028985507246375,0.8549618320610687,0.49572649572649574,0.6376258435667662,0.30637108186155265,0.7630268835048124,0.5839811521994227,0.5994428951029737,0.42991481358557365,112,19,40,29,0.7631375152118597,0.5685538680470902,0.3768115942028985,0.4521739130434782,0.6120699192388539,0.2531861655730476,0.565051419375559,0.431463657484235,-0.00011063170704728176,0.015427284152332521,0.043478260869565244,0.04355258268301754,0.025555924327912316,0.05318491628850508,0.03439147572741463,-0.001548843898661334
German Credit,R3_F4,3,4,EqualConsensus,Top25,0.25,5,12,75.0,1.0024038000265136,0.3180906000197865,0.695,0.5869565217391305,0.391304347826087,0.8549618320610687,0.46956521739130436,0.6231330899435779,0.27817986405015005,0.7320500055315853,0.5781561668718503,0.5784032175834198,0.41774532581037727,112,19,42,27,0.7631375152118597,0.5685538680470902,0.3768115942028985,0.4521739130434782,0.6120699192388539,0.2531861655730476,0.565051419375559,0.431463657484235,-0.031087509680274406,0.009602298824760158,0.01449275362318847,0.017391304347826153,0.011063170704723957,0.024993698477102477,0.01335179820786081,-0.01371833167385772
German Credit,R3_F4,3,4,EqualConsensus,Top50,0.5,10,27,50.0,1.0024038000265136,0.44105849997140467,0.725,0.64,0.463768115942029,0.8625954198473282,0.5378151260504201,0.6631817678946786,0.35828711588679896,0.7564996127890253,0.5944087585447597,0.6324905158836921,0.43157428919128216,113,18,37,32,0.7631375152118597,0.5685538680470902,0.3768115942028985,0.4521739130434782,0.6120699192388539,0.2531861655730476,0.565051419375559,0.431463657484235,-0.006637902422834352,0.025854890497669536,0.08695652173913049,0.08564121300694194,0.05111184865582474,0.10510095031375138,0.06743909650813307,0.00011063170704717074
German Credit,R3_F4,3,4,EqualConsensus,Top75,0.75,15,48,25.0,1.0024038000265136,0.34869010001420975,0.705,0.6041666666666666,0.42028985507246375,0.8549618320610687,0.49572649572649574,0.6376258435667662,0.30637108186155265,0.7630268835048124,0.5839811521994227,0.5994428951029737,0.42991481358557365,112,19,40,29,0.7631375152118597,0.5685538680470902,0.3768115942028985,0.4521739130434782,0.6120699192388539,0.2531861655730476,0.565051419375559,0.431463657484235,-0.00011063170704728176,0.015427284152332521,0.043478260869565244,0.04355258268301754,0.025555924327912316,0.05318491628850508,0.03439147572741463,-0.001548843898661334
German Credit,R3_F5,3,5,Chi2,Top25,0.25,5,18,75.0,1.0424584000138566,0.2536538999993354,0.71,0.5434782608695652,0.4032258064516129,0.8478260869565217,0.46296296296296297,0.6255259467040672,0.27590502662240507,0.7453249181860683,0.586221369521632,0.5846925325705458,0.4616643291257597,117,21,37,25,0.7702197288452549,0.6594730988384339,0.4032258064516129,0.4807692307692308,0.6400187003272557,0.3179788520117877,0.5946032813385645,0.4107059373539036,-0.02489481065918664,-0.0732517293168019,0.0,-0.017806267806267817,-0.01449275362318847,-0.042073825389382646,-0.009910748768018784,0.050958391771856126
German Credit,R3_F5,3,5,Chi2,Top50,0.5,10,35,50.0,1.0424584000138566,0.3649503000197001,0.73,0.5952380952380952,0.4032258064516129,0.8768115942028986,0.4807692307692308,0.6400187003272557,0.3179788520117877,0.7573632538569425,0.6497678951065051,0.5946032813385645,0.39387564282374943,121,17,37,25,0.7702197288452549,0.6594730988384339,0.4032258064516129,0.4807692307692308,0.6400187003272557,0.3179788520117877,0.5946032813385645,0.4107059373539036,-0.012856474988312439,-0.009705203731928735,0.0,0.0,0.0,0.0,0.0,-0.016830294530154166
German Credit,R3_F5,3,5,Chi2,Top75,0.75,15,52,25.0,1.0424584000138566,0.3787517999880947,0.77,0.7105263157894737,0.43548387096774194,0.9202898550724637,0.54,0.6778868630201028,0.41943044825151354,0.7671809256661991,0.6637992616410326,0.6330650744586205,0.3931743805516596,127,11,35,27,0.7702197288452549,0.6594730988384339,0.4032258064516129,0.4807692307692308,0.6400187003272557,0.3179788520117877,0.5946032813385645,0.4107059373539036,-0.0030388031790558045,0.0043261628025987875,0.03225806451612906,0.059230769230769253,0.037868162692847096,0.10145159623972583,0.03846179312005593,-0.017531556802243997
German Credit,R3_F5,3,5,MI,Top25,0.25,5,10,75.0,1.0424584000138566,0.2959388000308536,0.7,0.5263157894736842,0.3225806451612903,0.8695652173913043,0.4,0.5960729312762973,0.22652551147355068,0.7263323983169706,0.5436351561744939,0.529627141332376,0.390135577372604,120,18,42,20,0.7702197288452549,0.6594730988384339,0.4032258064516129,0.4807692307692308,0.6400187003272557,0.3179788520117877,0.5946032813385645,0.4107059373539036,-0.04388733052828431,-0.11583794266393999,-0.08064516129032256,-0.08076923076923076,-0.04394576905095837,-0.09145334053823703,-0.06497614000618857,-0.02057035998129958
German Credit,R3_F5,3,5,MI,Top50,0.5,10,24,50.0,1.0424584000138566,0.3317992000374943,0.76,0.7058823529411765,0.3870967741935484,0.927536231884058,0.5,0.6573165030388032,0.38738800131781315,0.7736091631603552,0.6482423534922099,0.5992047090185105,0.4899485741000467,128,10,38,24,0.7702197288452549,0.6594730988384339,0.4032258064516129,0.4807692307692308,0.6400187003272557,0.3179788520117877,0.5946032813385645,0.4107059373539036,0.0033894343151003037,-0.011230745346223925,-0.016129032258064502,0.019230769230769218,0.01729780271154746,0.06940914930602543,0.00460142767994598,0.07924263674614312
German Credit,R3_F5,3,5,MI,Top75,0.75,15,50,25.0,1.0424584000138566,0.41080320003675297,0.77,0.7105263157894737,0.43548387096774194,0.9202898550724637,0.54,0.6778868630201028,0.41943044825151354,0.7643758765778401,0.6470843279939673,0.6330650744586205,0.4132772323515661,127,11,35,27,0.7702197288452549,0.6594730988384339,0.4032258064516129,0.4807692307692308,0.6400187003272557,0.3179788520117877,0.5946032813385645,0.4107059373539036,-0.005843852267414795,-0.012388770844466546,0.03225806451612906,0.059230769230769253,0.037868162692847096,0.10145159623972583,0.03846179312005593,0.00257129499766251
German Credit,R3_F5,3,5,L1,Top25,0.25,5,12,75.0,1.0424584000138566,0.33917399996425956,0.715,0.5641025641025641,0.3548387096774194,0.8768115942028986,0.43564356435643564,0.615825151940159,0.27041016967701853,0.7470780738662928,0.5591529252448204,0.5577873203266256,0.4216923796166433,121,17,40,22,0.7702197288452549,0.6594730988384339,0.4032258064516129,0.4807692307692308,0.6400187003272557,0.3179788520117877,0.5946032813385645,0.4107059373539036,-0.023141654978962145,-0.10032017359361345,-0.048387096774193505,-0.04512566641279514,-0.024193548387096753,-0.047568682334769186,-0.03681596101193896,0.010986442262739704
German Credit,R3_F5,3,5,L1,Top50,0.5,10,28,50.0,1.0424584000138566,0.33972370001720265,0.7,0.5263157894736842,0.3225806451612903,0.8695652173913043,0.4,0.5960729312762973,0.22652551147355068,0.7411173445535297,0.5980315903810035,0.529627141332376,0.4319775596072931,120,18,42,20,0.7702197288452549,0.6594730988384339,0.4032258064516129,0.4807692307692308,0.6400187003272557,0.3179788520117877,0.5946032813385645,0.4107059373539036,-0.02910238429172518,-0.06144150845743035,-0.08064516129032256,-0.08076923076923076,-0.04394576905095837,-0.09145334053823703,-0.06497614000618857,0.02127162225338952
German Credit,R3_F5,3,5,L1,Top75,0.75,15,48,25.0,1.0424584000138566,0.3472089000279084,0.765,0.6829268292682927,0.45161290322580644,0.9057971014492754,0.5436893203883495,0.6787050023375409,0.40946011361832546,0.7611033193080879,0.6532743153955369,0.6395855366712317,0.40345956054230947,125,13,34,28,0.7702197288452549,0.6594730988384339,0.4032258064516129,0.4807692307692308,0.6400187003272557,0.3179788520117877,0.5946032813385645,0.4107059373539036,-0.00911640953716697,-0.006198783442896927,0.04838709677419356,0.06292008961911871,0.03868630201028522,0.09148126160653774,0.0449822553326672,-0.007246376811594124
German Credit,R3_F5,3,5,RF,Top25,0.25,5,5,75.0,1.0424584000138566,0.2689968000049703,0.685,0.48148148148148145,0.20967741935483872,0.8985507246376812,0.29213483146067415,0.55411407199626,0.14647741434465733,0.6154745208041141,0.45928286087311615,0.4340573661412156,0.18419822346891068,124,14,49,13,0.7702197288452549,0.6594730988384339,0.4032258064516129,0.4807692307692308,0.6400187003272557,0.3179788520117877,0.5946032813385645,0.4107059373539036,-0.15474520804114078,-0.2001902379653177,-0.19354838709677416,-0.18863439930855663,-0.08590462833099577,-0.17150143766713039,-0.16054591519734895,-0.2265077138849929
German Credit,R3_F5,3,5,RF,Top50,0.5,10,17,50.0,1.0424584000138566,0.4008975999895483,0.73,0.6111111111111112,0.3548387096774194,0.8985507246376812,0.4489795918367347,0.6266947171575503,0.305035731834245,0.7564282374941561,0.6029605753824905,0.5646597025732799,0.4184198223468911,124,14,40,22,0.7702197288452549,0.6594730988384339,0.4032258064516129,0.4807692307692308,0.6400187003272557,0.3179788520117877,0.5946032813385645,0.4107059373539036,-0.013791491351098806,-0.056512523455943375,-0.048387096774193505,-0.03178963893249609,-0.0133239831697054,-0.012943120177542733,-0.02994357876528464,0.00771388499298753
German Credit,R3_F5,3,5,RF,Top75,0.75,15,37,25.0,1.0424584000138566,0.34394089999841526,0.755,0.6857142857142857,0.3870967741935484,0.9202898550724637,0.4948453608247423,0.6536933146330061,0.37414880827107916,0.7497662459093034,0.6415128380711014,0.5968594761094096,0.40439457690509584,127,11,38,24,0.7702197288452549,0.6594730988384339,0.4032258064516129,0.4807692307692308,0.6400187003272557,0.3179788520117877,0.5946032813385645,0.4107059373539036,-0.020453482935951506,-0.01796026076733248,-0.016129032258064502,0.014076130055511504,0.013674614305750343,0.05616995625929144,0.0022561947708450436,-0.006311360448807757
German Credit,R3_F5,3,5,RFE,Top25,0.25,5,13,75.0,1.0424584000138566,0.29002880002371967,0.715,0.5641025641025641,0.3548387096774194,0.8768115942028986,0.43564356435643564,0.615825151940159,0.27041016967701853,0.7104955586722768,0.5287717637010484,0.5577873203266256,0.375409069658719,121,17,40,22,0.7702197288452549,0.6594730988384339,0.4032258064516129,0.4807692307692308,0.6400187003272557,0.3179788520117877,0.5946032813385645,0.4107059373539036,-0.05972417017297815,-0.13070133513738547,-0.048387096774193505,-0.04512566641279514,-0.024193548387096753,-0.047568682334769186,-0.03681596101193896,-0.035296867695184586
German Credit,R3_F5,3,5,RFE,Top50,0.5,10,33,50.0,1.0424584000138566,0.3225527000031434,0.75,0.625,0.4838709677419355,0.8695652173913043,0.5454545454545454,0.6767180925666199,0.3827401178155846,0.7591164095371669,0.6337004982866841,0.6486581250966158,0.41725105189340816,120,18,32,30,0.7702197288452549,0.6594730988384339,0.4032258064516129,0.4807692307692308,0.6400187003272557,0.3179788520117877,0.5946032813385645,0.4107059373539036,-0.011103319308088055,-0.02577260055174979,0.08064516129032262,0.06468531468531463,0.03669939223936414,0.06476126580379687,0.05405484375805125,0.006545114539504571
German Credit,R3_F5,3,5,RFE,Top75,0.75,15,52,25.0,1.0424584000138566,0.3519543000147678,0.755,0.6511627906976745,0.45161290322580644,0.8913043478260869,0.5333333333333333,0.6714586255259467,0.38604743173685657,0.7653108929406265,0.6497829751071867,0.634448220250891,0.4294062646096306,123,15,34,28,0.7702197288452549,0.6594730988384339,0.4032258064516129,0.4807692307692308,0.6400187003272557,0.3179788520117877,0.5946032813385645,0.4107059373539036,-0.004908835904628428,-0.009690123731247113,0.04838709677419356,0.052564102564102544,0.03143992519869099,0.06806857972506886,0.03984493891232643,0.01870032725572701
German Credit,R3_F5,3,5,EqualConsensus,Top25,0.25,5,12,75.0,1.0424584000138566,0.29858010000316426,0.715,0.5641025641025641,0.3548387096774194,0.8768115942028986,0.43564356435643564,0.615825151940159,0.27041016967701853,0.7470780738662928,0.5591529252448204,0.5577873203266256,0.4216923796166433,121,17,40,22,0.7702197288452549,0.6594730988384339,0.4032258064516129,0.4807692307692308,0.6400187003272557,0.3179788520117877,0.5946032813385645,0.4107059373539036,-0.023141654978962145,-0.10032017359361345,-0.048387096774193505,-0.04512566641279514,-0.024193548387096753,-0.047568682334769186,-0.03681596101193896,0.010986442262739704
German Credit,R3_F5,3,5,EqualConsensus,Top50,0.5,10,27,50.0,1.0424584000138566,0.32319249998545274,0.74,0.6190476190476191,0.41935483870967744,0.8840579710144928,0.5,0.6517064048620851,0.34452132713798034,0.7538569424964937,0.6416933080321445,0.6088792884018862,0.47942964001870036,122,16,36,26,0.7702197288452549,0.6594730988384339,0.4032258064516129,0.4807692307692308,0.6400187003272557,0.3179788520117877,0.5946032813385645,0.4107059373539036,-0.016362786348761205,-0.01777979080628933,0.016129032258064557,0.019230769230769218,0.011687704534829368,0.02654247512619262,0.01427600706332166,0.06872370266479677
German Credit,R3_F5,3,5,EqualConsensus,Top75,0.75,15,50,25.0,1.0424584000138566,0.4443727000034414,0.77,0.7105263157894737,0.43548387096774194,0.9202898550724637,0.54,0.6778868630201028,0.41943044825151354,0.7643758765778401,0.6470843279939673,0.6330650744586205,0.4132772323515661,127,11,35,27,0.7702197288452549,0.6594730988384339,0.4032258064516129,0.4807692307692308,0.6400187003272557,0.3179788520117877,0.5946032813385645,0.4107059373539036,-0.005843852267414795,-0.012388770844466546,0.03225806451612906,0.059230769230769253,0.037868162692847096,0.10145159623972583,0.03846179312005593,0.00257129499766251
German Credit,R4_F1,4,1,Chi2,Top25,0.25,5,18,75.0,1.0486997999832965,0.22000030003255233,0.77,0.6595744680851063,0.5081967213114754,0.8848920863309353,0.5740740740740741,0.6965444038212054,0.4268431848095061,0.7448991626371034,0.582501829222461,0.6705961951784787,0.4143177261469513,123,16,30,31,0.8307583441443567,0.6870645050839365,0.5409836065573771,0.6111111111111112,0.7201320910484728,0.4780694896171276,0.6974926874615887,0.509494044108975,-0.08585918150725325,-0.1045626758614755,-0.032786885245901676,-0.03703703703703709,-0.02358768722726734,-0.05122630480762147,-0.026896492283109974,-0.09517631796202375
German Credit,R4_F1,4,1,Chi2,Top50,0.5,10,41,50.0,1.0486997999832965,0.389521999983117,0.76,0.6382978723404256,0.4918032786885246,0.8776978417266187,0.5555555555555556,0.6847505602075716,0.4012300324056954,0.8253331760820851,0.6601246823933749,0.6570043198176042,0.5083146597476118,122,17,31,30,0.8307583441443567,0.6870645050839365,0.5409836065573771,0.6111111111111112,0.7201320910484728,0.4780694896171276,0.6974926874615887,0.509494044108975,-0.005425168062271557,-0.02693982269056161,-0.049180327868852514,-0.05555555555555558,-0.03538153084090112,-0.0768394572114322,-0.040488367643984446,-0.0011793843613632227
German Credit,R4_F1,4,1,Chi2,Top75,0.75,15,53,25.0,1.0486997999832965,0.3856373999733478,0.78,0.660377358490566,0.5737704918032787,0.8705035971223022,0.6140350877192983,0.7221370444627904,0.4634754132984963,0.8285175138577663,0.6730756736344835,0.7067314037435909,0.5690529543578252,121,18,26,35,0.8307583441443567,0.6870645050839365,0.5409836065573771,0.6111111111111112,0.7201320910484728,0.4780694896171276,0.6974926874615887,0.509494044108975,-0.0022408302865903895,-0.013988831449452954,0.032786885245901565,0.0029239766081871066,0.0020049534143176118,-0.0145940763186313,0.009238716282002235,0.05955891024885018
German Credit,R4_F1,4,1,MI,Top25,0.25,5,10,75.0,1.0486997999832965,0.3378965000156313,0.74,0.6046511627906976,0.4262295081967213,0.8776978417266187,0.5,0.65196367496167,0.34061051183876073,0.7361717183630145,0.5590494591392156,0.6116377354484109,0.38035145653968633,122,17,35,26,0.8307583441443567,0.6870645050839365,0.5409836065573771,0.6111111111111112,0.7201320910484728,0.4780694896171276,0.6974926874615887,0.509494044108975,-0.09458662578134214,-0.1280150459447209,-0.11475409836065581,-0.11111111111111116,-0.0681684160868028,-0.13745897777836685,-0.08585495201317772,-0.1291425875692887
German Credit,R4_F1,4,1,MI,Top50,0.5,10,35,50.0,1.0486997999832965,0.3791190999909304,0.77,0.6744186046511628,0.47540983606557374,0.8992805755395683,0.5576923076923077,0.6873452058025711,0.41991447268596926,0.7944333058143649,0.6186798610495402,0.6538553593832668,0.4527656563273971,125,14,32,29,0.8307583441443567,0.6870645050839365,0.5409836065573771,0.6111111111111112,0.7201320910484728,0.4780694896171276,0.6974926874615887,0.509494044108975,-0.03632503832999179,-0.06838464403439626,-0.06557377049180335,-0.05341880341880345,-0.032786885245901676,-0.05815501693115832,-0.04363732807832188,-0.056728387781577905
German Credit,R4_F1,4,1,MI,Top75,0.75,15,53,25.0,1.0486997999832965,0.41503649996593595,0.78,0.660377358490566,0.5737704918032787,0.8705035971223022,0.6140350877192983,0.7221370444627904,0.4634754132984963,0.8291072060384479,0.6731104287926577,0.7067314037435909,0.562684278806463,121,18,26,35,0.8307583441443567,0.6870645050839365,0.5409836065573771,0.6111111111111112,0.7201320910484728,0.4780694896171276,0.6974926874615887,0.509494044108975,-0.0016511381059087782,-0.01395407629127876,0.032786885245901565,0.0029239766081871066,0.0020049534143176118,-0.0145940763186313,0.009238716282002235,0.05319023469748796
German Credit,R4_F1,4,1,L1,Top25,0.25,5,9,75.0,1.0486997999832965,0.38413959997706115,0.705,0.5217391304347826,0.39344262295081966,0.841726618705036,0.4485981308411215,0.6175846208279279,0.25728446266577665,0.7345205802571059,0.5656009604176037,0.5754746985496703,0.38035145653968633,117,22,37,24,0.8307583441443567,0.6870645050839365,0.5409836065573771,0.6111111111111112,0.7201320910484728,0.4780694896171276,0.6974926874615887,0.509494044108975,-0.0962377638872508,-0.1214635446663328,-0.14754098360655743,-0.16251298026998967,-0.10254747022054489,-0.22078502695135094,-0.1220179889119184,-0.1291425875692887
German Credit,R4_F1,4,1,L1,Top50,0.5,10,24,50.0,1.0486997999832965,0.33966589998453856,0.75,0.6122448979591837,0.4918032786885246,0.8633093525179856,0.5454545454545454,0.6775563156032551,0.3801473122253193,0.7630616818020992,0.5897167819862509,0.6515967848990759,0.47470220544875574,120,19,31,30,0.8307583441443567,0.6870645050839365,0.5409836065573771,0.6111111111111112,0.7201320910484728,0.4780694896171276,0.6974926874615887,0.509494044108975,-0.06769666234225746,-0.09734772309768558,-0.049180327868852514,-0.06565656565656575,-0.04257577544521762,-0.09792217739180831,-0.04589590256251275,-0.03479183866021929
German Credit,R4_F1,4,1,L1,Top75,0.75,15,47,25.0,1.0486997999832965,0.3631174999754876,0.77,0.6666666666666666,0.4918032786885246,0.8920863309352518,0.5660377358490566,0.6919448048118881,0.42325935842116436,0.8174313008609506,0.6668433366514908,0.6623677093783883,0.49510555490034197,124,15,31,30,0.8307583441443567,0.6870645050839365,0.5409836065573771,0.6111111111111112,0.7201320910484728,0.4780694896171276,0.6974926874615887,0.509494044108975,-0.01332704328340606,-0.020221168432445702,-0.049180327868852514,-0.04507337526205457,-0.02818728623658462,-0.05481013119596323,-0.035124978083200364,-0.01438848920863306
German Credit,R4_F1,4,1,RF,Top25,0.25,5,5,75.0,1.0486997999832965,0.2756111000198871,0.685,0.46875,0.2459016393442623,0.8776978417266187,0.3225806451612903,0.5617997405354405,0.15522416595637836,0.6677674254039391,0.4460028126772667,0.4645722098118832,0.2911899988206156,122,17,46,15,0.8307583441443567,0.6870645050839365,0.5409836065573771,0.6111111111111112,0.7201320910484728,0.4780694896171276,0.6974926874615887,0.509494044108975,-0.1629909187404176,-0.24106169240666975,-0.2950819672131148,-0.28853046594982085,-0.1583323505130323,-0.32284532366074925,-0.23292047764970547,-0.21830404528835945
German Credit,R4_F1,4,1,RF,Top50,0.5,10,19,50.0,1.0486997999832965,0.3276674000080675,0.76,0.6382978723404256,0.4918032786885246,0.8776978417266187,0.5555555555555556,0.6847505602075716,0.4012300324056954,0.781578016275504,0.6223394204411068,0.6570043198176042,0.4511145182214884,122,17,31,30,0.8307583441443567,0.6870645050839365,0.5409836065573771,0.6111111111111112,0.7201320910484728,0.4780694896171276,0.6974926874615887,0.509494044108975,-0.049180327868852625,-0.06472508464282967,-0.049180327868852514,-0.05555555555555558,-0.03538153084090112,-0.0768394572114322,-0.040488367643984446,-0.05837952588748663
German Credit,R4_F1,4,1,RF,Top75,0.75,15,38,25.0,1.0486997999832965,0.34563730005174875,0.81,0.7346938775510204,0.5901639344262295,0.9064748201438849,0.6545454545454545,0.7483193772850572,0.531650724603394,0.8273381294964028,0.6569219407650336,0.7314155770247336,0.5198726264889728,126,13,25,36,0.8307583441443567,0.6870645050839365,0.5409836065573771,0.6111111111111112,0.7201320910484728,0.4780694896171276,0.6974926874615887,0.509494044108975,-0.0034202146479538342,-0.03014256431890283,0.0491803278688524,0.04343434343434338,0.028187286236584397,0.053581234986266435,0.03392288956314493,0.01037858237999778
German Credit,R4_F1,4,1,RFE,Top25,0.25,5,22,75.0,1.0486997999832965,0.30153599998448044,0.72,0.5531914893617021,0.4262295081967213,0.8489208633093526,0.48148148148148145,0.637575185753037,0.2987774227904524,0.7850572001415261,0.5569566671037002,0.6015273244552415,0.46279042339898574,118,21,35,26,0.8307583441443567,0.6870645050839365,0.5409836065573771,0.6111111111111112,0.7201320910484728,0.4780694896171276,0.6974926874615887,0.509494044108975,-0.04570114400283054,-0.13010783798023628,-0.11475409836065581,-0.1296296296296297,-0.0825569052954358,-0.1792920668266752,-0.09596536300634717,-0.04670362070998929
German Credit,R4_F1,4,1,RFE,Top50,0.5,10,33,50.0,1.0486997999832965,0.3182387000415474,0.75,0.6122448979591837,0.4918032786885246,0.8633093525179856,0.5454545454545454,0.6775563156032551,0.3801473122253193,0.776270786649369,0.5961863634580205,0.6515967848990759,0.4447458426701261,120,19,31,30,0.8307583441443567,0.6870645050839365,0.5409836065573771,0.6111111111111112,0.7201320910484728,0.4780694896171276,0.6974926874615887,0.509494044108975,-0.05448755749498768,-0.09087814162591601,-0.049180327868852514,-0.06565656565656575,-0.04257577544521762,-0.09792217739180831,-0.04589590256251275,-0.0647482014388489
German Credit,R4_F1,4,1,RFE,Top75,0.75,15,47,25.0,1.0486997999832965,0.35707960004219785,0.77,0.6666666666666666,0.4918032786885246,0.8920863309352518,0.5660377358490566,0.6919448048118881,0.42325935842116436,0.8174313008609506,0.6668433366514908,0.6623677093783883,0.49510555490034197,124,15,31,30,0.8307583441443567,0.6870645050839365,0.5409836065573771,0.6111111111111112,0.7201320910484728,0.4780694896171276,0.6974926874615887,0.509494044108975,-0.01332704328340606,-0.020221168432445702,-0.049180327868852514,-0.04507337526205457,-0.02818728623658462,-0.05481013119596323,-0.035124978083200364,-0.01438848920863306
German Credit,R4_F1,4,1,EqualConsensus,Top25,0.25,5,13,75.0,1.0486997999832965,0.29389739996986464,0.74,0.5957446808510638,0.45901639344262296,0.8633093525179856,0.5185185185185185,0.6611628729803043,0.35000372759807385,0.7599363132444863,0.5246646715736145,0.6295022997718847,0.4367260290128553,120,19,33,28,0.8307583441443567,0.6870645050839365,0.5409836065573771,0.6111111111111112,0.7201320910484728,0.4780694896171276,0.6974926874615887,0.509494044108975,-0.07082203089987038,-0.16239983351032194,-0.08196721311475413,-0.09259259259259267,-0.05896921806816846,-0.12806576201905373,-0.067990387689704,-0.07276801509611974
German Credit,R4_F1,4,1,EqualConsensus,Top50,0.5,10,35,50.0,1.0486997999832965,0.32247640000423416,0.735,0.5869565217391305,0.4426229508196721,0.8633093525179856,0.5046728971962616,0.6529661516688289,0.334702054240233,0.788536384007548,0.6259613634140837,0.6181589868971665,0.46432362306875813,120,19,34,27,0.8307583441443567,0.6870645050839365,0.5409836065573771,0.6111111111111112,0.7201320910484728,0.4780694896171276,0.6974926874615887,0.509494044108975,-0.04222196013680868,-0.061103141669852756,-0.09836065573770497,-0.10643821391484953,-0.06716593937964388,-0.14336743537689456,-0.07933370056442213,-0.0451704210402169
German Credit,R4_F1,4,1,EqualConsensus,Top75,0.75,15,47,25.0,1.0486997999832965,0.34409600001526996,0.77,0.6666666666666666,0.4918032786885246,0.8920863309352518,0.5660377358490566,0.6919448048118881,0.42325935842116436,0.8174313008609506,0.6668433366514908,0.6623677093783883,0.49510555490034197,124,15,31,30,0.8307583441443567,0.6870645050839365,0.5409836065573771,0.6111111111111112,0.7201320910484728,0.4780694896171276,0.6974926874615887,0.509494044108975,-0.01332704328340606,-0.020221168432445702,-0.049180327868852514,-0.04507337526205457,-0.02818728623658462,-0.05481013119596323,-0.035124978083200364,-0.01438848920863306
German Credit,R4_F2,4,2,Chi2,Top25,0.25,5,18,75.0,1.0015082000172697,0.2290250000078231,0.76,0.5681818181818182,0.46296296296296297,0.8698630136986302,0.5102040816326531,0.6664129883307965,0.35669899480692874,0.7480974124809742,0.6002121104932773,0.6345977924589796,0.4660071029934044,127,19,29,25,0.7539320142059869,0.6167948388519782,0.4629629629629629,0.5555555555555556,0.6938102486047691,0.4479266144617314,0.6542799032377671,0.4386098427194318,-0.005834601725012711,-0.016582728358700893,5.551115123125783e-17,-0.04535147392290251,-0.0273972602739726,-0.09122761965480264,-0.019682110778787454,0.0273972602739726
German Credit,R4_F2,4,2,Chi2,Top50,0.5,10,30,50.0,1.0015082000172697,0.3031924999668263,0.81,0.6818181818181818,0.5555555555555556,0.9041095890410958,0.6122448979591837,0.7298325722983257,0.492636111730301,0.7619228817858955,0.6362681874922256,0.7087193415046826,0.47133434804667684,132,14,24,30,0.7539320142059869,0.6167948388519782,0.4629629629629629,0.5555555555555556,0.6938102486047691,0.4479266144617314,0.6542799032377671,0.4386098427194318,0.007990867579908634,0.019473348640247412,0.09259259259259267,0.05668934240362811,0.03602232369355651,0.0447094972685696,0.05443943826691555,0.032724505327245024
German Credit,R4_F2,4,2,Chi2,Top75,0.75,15,52,25.0,1.0015082000172697,0.3427897000219673,0.76,0.5714285714285714,0.4444444444444444,0.8767123287671232,0.5,0.6605783866057838,0.35005574122816596,0.7631912734652461,0.6102275336350981,0.6242194517126963,0.4728564180618976,128,18,30,24,0.7539320142059869,0.6167948388519782,0.4629629629629629,0.5555555555555556,0.6938102486047691,0.4479266144617314,0.6542799032377671,0.4386098427194318,0.00925925925925919,-0.006567305216880093,-0.01851851851851849,-0.05555555555555558,-0.03323186199898531,-0.09787087323356541,-0.030060451525070753,0.03424657534246578
German Credit,R4_F2,4,2,MI,Top25,0.25,5,5,75.0,1.0015082000172697,0.25596119998954237,0.685,0.38461538461538464,0.2777777777777778,0.8356164383561644,0.3225806451612903,0.5566971080669711,0.12706296035763923,0.6203703703703705,0.3655141978534505,0.4817838491700991,0.2168949771689498,122,24,39,15,0.7539320142059869,0.6167948388519782,0.4629629629629629,0.5555555555555556,0.6938102486047691,0.4479266144617314,0.6542799032377671,0.4386098427194318,-0.13356164383561642,-0.25128064099852765,-0.18518518518518512,-0.23297491039426527,-0.137113140537798,-0.3208636541040921,-0.172496054067668,-0.22171486555048203
German Credit,R4_F2,4,2,MI,Top50,0.5,10,24,50.0,1.0015082000172697,0.3187498999759555,0.77,0.6,0.4444444444444444,0.8904109589041096,0.5106382978723404,0.667427701674277,0.37165555811971723,0.7546930492135973,0.6007834846170615,0.6290772639011698,0.4571283612379503,130,16,30,24,0.7539320142059869,0.6167948388519782,0.4629629629629629,0.5555555555555556,0.6938102486047691,0.4479266144617314,0.6542799032377671,0.4386098427194318,0.0007610350076103778,-0.01601135423491662,-0.01851851851851849,-0.044917257683215195,-0.026382546930492135,-0.07627105634201414,-0.025202639336597277,0.01851851851851849
German Credit,R4_F2,4,2,MI,Top75,0.75,15,50,25.0,1.0015082000172697,0.3627711000153795,0.805,0.6923076923076923,0.5,0.9178082191780822,0.5806451612903226,0.7089041095890412,0.46817157876740895,0.7548198883815322,0.6214481184977063,0.6774246154289355,0.4383561643835616,134,12,27,27,0.7539320142059869,0.6167948388519782,0.4629629629629629,0.5555555555555556,0.6938102486047691,0.4479266144617314,0.6542799032377671,0.4386098427194318,0.0008878741755453667,0.004653279645728148,0.03703703703703709,0.02508960573476704,0.015093860984272012,0.02024496430567757,0.023144712191168426,-0.00025367833587019994
German Credit,R4_F2,4,2,L1,Top25,0.25,5,13,75.0,1.0015082000172697,0.28537359996698797,0.73,0.5,0.3888888888888889,0.8561643835616438,0.4375,0.6225266362252664,0.26710414378073327,0.662861491628615,0.4892125445930872,0.5770206372648453,0.31709791983764585,125,21,33,21,0.7539320142059869,0.6167948388519782,0.4629629629629629,0.5555555555555556,0.6938102486047691,0.4479266144617314,0.6542799032377671,0.4386098427194318,-0.09107052257737192,-0.12758229425889095,-0.07407407407407401,-0.11805555555555558,-0.07128361237950276,-0.1808224706809981,-0.07725926597292176,-0.12151192288178597
German Credit,R4_F2,4,2,L1,Top50,0.5,10,33,50.0,1.0015082000172697,0.32535190001362935,0.755,0.5531914893617021,0.48148148148148145,0.8561643835616438,0.5148514851485149,0.6688229325215627,0.3535412547658556,0.7634449518011163,0.6258287193568877,0.6420492938933424,0.419583967529173,125,21,28,26,0.7539320142059869,0.6167948388519782,0.4629629629629629,0.5555555555555556,0.6938102486047691,0.4479266144617314,0.6542799032377671,0.4386098427194318,0.00951293759512939,0.009033880504909497,0.018518518518518545,-0.040704070407040716,-0.02498731608320648,-0.0943853596958758,-0.012230609344424659,-0.019025875190258834
German Credit,R4_F2,4,2,L1,Top75,0.75,15,47,25.0,1.0015082000172697,0.3408828999963589,0.78,0.631578947368421,0.4444444444444444,0.9041095890410958,0.5217391304347826,0.6742770167427701,0.3944519569374095,0.7633181126331813,0.6241293845291211,0.6338978498293434,0.4797057331303907,132,14,30,24,0.7539320142059869,0.6167948388519782,0.4629629629629629,0.5555555555555556,0.6938102486047691,0.4479266144617314,0.6542799032377671,0.4386098427194318,0.0093860984271944,0.0073345456771429784,-0.01851851851851849,-0.033816425120772986,-0.019533231861999067,-0.0534746575243219,-0.020382053408423695,0.0410958904109589
German Credit,R4_F2,4,2,RF,Top25,0.25,5,5,75.0,1.0015082000172697,0.24690329999430105,0.685,0.38461538461538464,0.2777777777777778,0.8356164383561644,0.3225806451612903,0.5566971080669711,0.12706296035763923,0.6203703703703705,0.3655141978534505,0.4817838491700991,0.2168949771689498,122,24,39,15,0.7539320142059869,0.6167948388519782,0.4629629629629629,0.5555555555555556,0.6938102486047691,0.4479266144617314,0.6542799032377671,0.4386098427194318,-0.13356164383561642,-0.25128064099852765,-0.18518518518518512,-0.23297491039426527,-0.137113140537798,-0.3208636541040921,-0.172496054067668,-0.22171486555048203
German Credit,R4_F2,4,2,RF,Top50,0.5,10,19,50.0,1.0015082000172697,0.30410499998833984,0.78,0.631578947368421,0.4444444444444444,0.9041095890410958,0.5217391304347826,0.6742770167427701,0.3944519569374095,0.7355403348554034,0.5400207323785036,0.6338978498293434,0.38178589548452563,132,14,30,24,0.7539320142059869,0.6167948388519782,0.4629629629629629,0.5555555555555556,0.6938102486047691,0.4479266144617314,0.6542799032377671,0.4386098427194318,-0.0183916793505835,-0.0767741064734746,-0.01851851851851849,-0.033816425120772986,-0.019533231861999067,-0.0534746575243219,-0.020382053408423695,-0.05682394723490619
German Credit,R4_F2,4,2,RF,Top75,0.75,15,37,25.0,1.0015082000172697,0.3364692999748513,0.78,0.625,0.46296296296296297,0.8972602739726028,0.5319148936170213,0.6801116184677829,0.3998112822196958,0.7640791476407914,0.5765872508954607,0.6445139835467623,0.45636732623033993,131,15,29,25,0.7539320142059869,0.6167948388519782,0.4629629629629629,0.5555555555555556,0.6938102486047691,0.4479266144617314,0.6542799032377671,0.4386098427194318,0.010147133434804556,-0.040207587956517465,5.551115123125783e-17,-0.023640661938534313,-0.013698630136986245,-0.04811533224203557,-0.00976591969100482,0.017757483510908112
German Credit,R4_F2,4,2,RFE,Top25,0.25,5,19,75.0,1.0015082000172697,0.2893681999994442,0.69,0.39473684210526316,0.2777777777777778,0.8424657534246576,0.32608695652173914,0.5601217656012176,0.13607731265526354,0.6881024860476915,0.40277915683066445,0.4837543434845652,0.354388635210553,123,23,39,15,0.7539320142059869,0.6167948388519782,0.4629629629629629,0.5555555555555556,0.6938102486047691,0.4479266144617314,0.6542799032377671,0.4386098427194318,-0.06582952815829535,-0.2140156820213137,-0.18518518518518512,-0.22946859903381644,-0.13368848300355152,-0.31184930180646786,-0.17052555975320188,-0.08422120750887879
German Credit,R4_F2,4,2,RFE,Top50,0.5,10,35,50.0,1.0015082000172697,0.32310290000168607,0.785,0.6170212765957447,0.5370370370370371,0.8767123287671232,0.5742574257425742,0.7068746829020802,0.4332274879963264,0.7720700152207002,0.6506018782997258,0.6861683404055717,0.4345509893455099,128,18,25,29,0.7539320142059869,0.6167948388519782,0.4629629629629629,0.5555555555555556,0.6938102486047691,0.4479266144617314,0.6542799032377671,0.4386098427194318,0.0181380010147133,0.033807039447747655,0.07407407407407418,0.018701870187018632,0.013064434297311078,-0.014699126465404999,0.03188843716780465,-0.004058853373921922
German Credit,R4_F2,4,2,RFE,Top75,0.75,15,49,25.0,1.0015082000172697,0.34779339999658987,0.775,0.6046511627906976,0.48148148148148145,0.8835616438356164,0.5360824742268041,0.6825215626585489,0.39448766476419095,0.7614155251141552,0.6002992306449254,0.6522411894799236,0.4743784880771182,129,17,28,26,0.7539320142059869,0.6167948388519782,0.4629629629629629,0.5555555555555556,0.6938102486047691,0.4479266144617314,0.6542799032377671,0.4386098427194318,0.007483510908168345,-0.01649560820705276,0.018518518518518545,-0.019473081328751474,-0.011288685946220234,-0.05343894969754043,-0.00203871375784348,0.03576864535768637
German Credit,R4_F2,4,2,EqualConsensus,Top25,0.25,5,12,75.0,1.0015082000172697,0.2844162000110373,0.78,0.6041666666666666,0.5370370370370371,0.8698630136986302,0.5686274509803921,0.7034500253678336,0.42297883737785313,0.7617960426179605,0.6058469913908443,0.6834827397270687,0.4720953830542872,127,19,25,29,0.7539320142059869,0.6167948388519782,0.4629629629629629,0.5555555555555556,0.6938102486047691,0.4479266144617314,0.6542799032377671,0.4386098427194318,0.007864028411973645,-0.010947847461133864,0.07407407407407418,0.013071895424836555,0.00963977676306449,-0.024947777083878242,0.029202836489301665,0.0334855403348554
German Credit,R4_F2,4,2,EqualConsensus,Top50,0.5,10,26,50.0,1.0015082000172697,0.3232774999924004,0.77,0.6052631578947368,0.42592592592592593,0.8972602739726028,0.5,0.6615930999492643,0.36574366312828216,0.7521562658548959,0.587662443268932,0.6181960959018835,0.4393708777270421,131,15,31,23,0.7539320142059869,0.6167948388519782,0.4629629629629629,0.5555555555555556,0.6938102486047691,0.4479266144617314,0.6542799032377671,0.4386098427194318,-0.0017757483510909555,-0.029132395583046145,-0.03703703703703698,-0.05555555555555558,-0.032217148655504846,-0.08218295133344922,-0.036083807335883566,0.0007610350076102668
German Credit,R4_F2,4,2,EqualConsensus,Top75,0.75,15,50,25.0,1.0015082000172697,0.34979810001095757,0.805,0.6923076923076923,0.5,0.9178082191780822,0.5806451612903226,0.7089041095890412,0.46817157876740895,0.7548198883815322,0.6214481184977063,0.6774246154289355,0.4383561643835616,134,12,27,27,0.7539320142059869,0.6167948388519782,0.4629629629629629,0.5555555555555556,0.6938102486047691,0.4479266144617314,0.6542799032377671,0.4386098427194318,0.0008878741755453667,0.004653279645728148,0.03703703703703709,0.02508960573476704,0.015093860984272012,0.02024496430567757,0.023144712191168426,-0.00025367833587019994
German Credit,R4_F3,4,3,Chi2,Top25,0.25,5,16,75.0,1.0621722000068985,0.22897649998776615,0.685,0.4897959183673469,0.3870967741935484,0.8188405797101449,0.43243243243243246,0.6029686769518466,0.22145424137173567,0.6683029453015428,0.4956447500724079,0.563001373874498,0.3174380551659654,113,25,38,24,0.7751285647498831,0.6251813364716579,0.5645161290322581,0.5932203389830508,0.70617110799439,0.4247348814202704,0.691817534253984,0.498831229546517,-0.10682561944834035,-0.12953658639924998,-0.17741935483870974,-0.16078790655061836,-0.10320243104254334,-0.20328064004853472,-0.12881616037948596,-0.18139317438055158
German Credit,R4_F3,4,3,Chi2,Top50,0.5,10,33,50.0,1.0621722000068985,0.32140109996544197,0.745,0.5964912280701754,0.5483870967741935,0.8333333333333334,0.5714285714285714,0.6908602150537635,0.39108877035153833,0.7536231884057971,0.5792797195255353,0.676009798236555,0.4441327723235156,115,23,28,34,0.7751285647498831,0.6251813364716579,0.5645161290322581,0.5932203389830508,0.70617110799439,0.4247348814202704,0.691817534253984,0.498831229546517,-0.021505376344086002,-0.0459016169461226,-0.016129032258064613,-0.021791767554479424,-0.015310892940626486,-0.033646111068732054,-0.01580773601742891,-0.05469845722300137
German Credit,R4_F3,4,3,Chi2,Top75,0.75,15,52,25.0,1.0621722000068985,0.3580538000096567,0.77,0.6538461538461539,0.5483870967741935,0.8695652173913043,0.5964912280701754,0.7089761570827489,0.44068634386771544,0.7843618513323983,0.6432761972976861,0.6905493067269257,0.4899485741000467,120,18,28,34,0.7751285647498831,0.6251813364716579,0.5645161290322581,0.5932203389830508,0.70617110799439,0.4247348814202704,0.691817534253984,0.498831229546517,0.00923328658251521,0.01809486082602829,-0.016129032258064613,0.0032708890871245844,0.0028050490883588797,0.015951462447445053,-0.001268227527058241,-0.008882655446470267
German Credit,R4_F3,4,3,MI,Top25,0.25,5,8,75.0,1.0621722000068985,0.2928954000235535,0.72,0.56,0.45161290322580644,0.8405797101449275,0.5,0.646096306685367,0.3120857859471409,0.7251051893408135,0.5230850274693801,0.6161303784843412,0.386161757830762,116,22,34,28,0.7751285647498831,0.6251813364716579,0.5645161290322581,0.5932203389830508,0.70617110799439,0.4247348814202704,0.691817534253984,0.498831229546517,-0.05002337540906965,-0.10209630900227773,-0.11290322580645168,-0.09322033898305082,-0.060074801309022985,-0.11264909547312946,-0.0756871557696428,-0.11266947171575498
German Credit,R4_F3,4,3,MI,Top50,0.5,10,22,50.0,1.0621722000068985,0.31235510000260547,0.725,0.5660377358490566,0.4838709677419355,0.8333333333333334,0.5217391304347826,0.6586021505376345,0.3324128877731417,0.7592332865825152,0.5604185492261109,0.6350006350009525,0.42870500233754094,115,23,32,30,0.7751285647498831,0.6251813364716579,0.5645161290322581,0.5932203389830508,0.70617110799439,0.4247348814202704,0.691817534253984,0.498831229546517,-0.01589527816736791,-0.06476278724554696,-0.08064516129032262,-0.07148120854826823,-0.04756895745675549,-0.09232199364712868,-0.05681689925303146,-0.07012622720897604
German Credit,R4_F3,4,3,MI,Top75,0.75,15,50,25.0,1.0621722000068985,0.354246000002604,0.765,0.631578947368421,0.5806451612903226,0.8478260869565217,0.6050420168067226,0.7142356241234222,0.4389869663529515,0.7791023842917251,0.6070515721683134,0.701631039084655,0.48340345956054237,117,21,26,36,0.7751285647498831,0.6251813364716579,0.5645161290322581,0.5932203389830508,0.70617110799439,0.4247348814202704,0.691817534253984,0.498831229546517,0.00397381954184195,-0.018129764303344453,0.016129032258064502,0.011821677823671828,0.008064516129032251,0.014252084932681097,0.009813504830671005,-0.015427769985974615
German Credit,R4_F3,4,3,L1,Top25,0.25,5,13,75.0,1.0621722000068985,0.2691954000038095,0.725,0.5686274509803921,0.46774193548387094,0.8405797101449275,0.5132743362831859,0.6541608228143992,0.32716073936823115,0.6699392239364189,0.5009032965728062,0.6270361875933953,0.3438522674146797,116,22,33,29,0.7751285647498831,0.6251813364716579,0.5645161290322581,0.5932203389830508,0.70617110799439,0.4247348814202704,0.691817534253984,0.498831229546517,-0.1051893408134642,-0.12427803989885167,-0.09677419354838718,-0.07994600269986496,-0.052010285179990734,-0.09757414205203924,-0.06478134666058866,-0.15497896213183726
German Credit,R4_F3,4,3,L1,Top50,0.5,10,28,50.0,1.0621722000068985,0.32168900000397116,0.745,0.5932203389830508,0.5645161290322581,0.8260869565217391,0.5785123966942148,0.6953015427769986,0.39612795822631774,0.7585320243104254,0.594227689910794,0.6828904823906184,0.49555867227676487,114,24,27,35,0.7751285647498831,0.6251813364716579,0.5645161290322581,0.5932203389830508,0.70617110799439,0.4247348814202704,0.691817534253984,0.498831229546517,-0.016596540439457685,-0.030953646560863857,0.0,-0.014707942288835985,-0.010869565217391353,-0.028606923193952638,-0.00892705186336551,-0.003272557269752119
German Credit,R4_F3,4,3,L1,Top75,0.75,15,49,25.0,1.0621722000068985,0.3452751999720931,0.735,0.5918367346938775,0.46774193548387094,0.855072463768116,0.5225225225225225,0.6614071996259935,0.3471376927745368,0.7759467040673211,0.6103788148006583,0.6324185711867265,0.46493688639551195,118,20,33,29,0.7751285647498831,0.6251813364716579,0.5645161290322581,0.5932203389830508,0.70617110799439,0.4247348814202704,0.691817534253984,0.498831229546517,0.0008181393174380158,-0.014802521670999602,-0.09677419354838718,-0.0706978164605283,-0.0447639083683965,-0.07759718864573356,-0.05939896306725745,-0.033894343151005035
German Credit,R4_F3,4,3,RF,Top25,0.25,5,5,75.0,1.0621722000068985,0.258734299975913,0.685,0.48717948717948717,0.3064516129032258,0.855072463768116,0.37623762376237624,0.5807620383356709,0.1885503806728757,0.6266947171575503,0.4461738754474578,0.5118968017783215,0.22159887798036465,118,20,43,19,0.7751285647498831,0.6251813364716579,0.5645161290322581,0.5932203389830508,0.70617110799439,0.4247348814202704,0.691817534253984,0.498831229546517,-0.1484338475923328,-0.17900746102420007,-0.2580645161290323,-0.21698271522067458,-0.12540906965871912,-0.2361845007473947,-0.17992073247566243,-0.27723235156615234
German Credit,R4_F3,4,3,RF,Top50,0.5,10,21,50.0,1.0621722000068985,0.31941029999870807,0.735,0.5882352941176471,0.4838709677419355,0.8478260869565217,0.5309734513274337,0.6658485273492286,0.3519644345439879,0.7395979429640019,0.5500917033556582,0.640498578587424,0.394109396914446,117,21,32,30,0.7751285647498831,0.6251813364716579,0.5645161290322581,0.5932203389830508,0.70617110799439,0.4247348814202704,0.691817534253984,0.498831229546517,-0.03553062178588118,-0.0750896331159997,-0.08064516129032262,-0.062246887655617145,-0.040322580645161366,-0.07277044687628248,-0.05131895566655997,-0.10472183263207097
German Credit,R4_F3,4,3,RF,Top75,0.75,15,42,25.0,1.0621722000068985,0.3485198999987915,0.735,0.5789473684210527,0.532258064516129,0.8260869565217391,0.5546218487394958,0.6791725105189341,0.3671396723508317,0.7543244506778869,0.5780254445403119,0.6630923348978485,0.4457690509583918,114,24,29,33,0.7751285647498831,0.6251813364716579,0.5645161290322581,0.5932203389830508,0.70617110799439,0.4247348814202704,0.691817534253984,0.498831229546517,-0.020804114071996227,-0.04715589193134595,-0.032258064516129115,-0.038598490243554995,-0.026998597475455854,-0.05759520906943866,-0.02872519935613549,-0.053062178588125175
German Credit,R4_F3,4,3,RFE,Top25,0.25,5,17,75.0,1.0621722000068985,0.280661600001622,0.74,0.5925925925925926,0.5161290322580645,0.8405797101449275,0.5517241379310345,0.678354371201496,0.3716001096998098,0.683496961196821,0.5279731803258682,0.6586710805347885,0.40112201963534366,116,22,30,32,0.7751285647498831,0.6251813364716579,0.5645161290322581,0.5932203389830508,0.70617110799439,0.4247348814202704,0.691817534253984,0.498831229546517,-0.0916316035530621,-0.0972081561457897,-0.048387096774193616,-0.041496201052016346,-0.02781673679289398,-0.053134771720460605,-0.033146453719195446,-0.09770920991117332
German Credit,R4_F3,4,3,RFE,Top50,0.5,10,35,50.0,1.0621722000068985,0.3209806999657303,0.765,0.6363636363636364,0.5645161290322581,0.855072463768116,0.5982905982905983,0.7097942964001871,0.43460399560667223,0.761570827489481,0.6342997311012509,0.6947677290206077,0.45511921458625526,118,20,27,35,0.7751285647498831,0.6251813364716579,0.5645161290322581,0.5932203389830508,0.70617110799439,0.4247348814202704,0.691817534253984,0.498831229546517,-0.013557737260402103,0.009118394629593074,0.0,0.005070259307547453,0.0036231884057971175,0.00986911418640185,0.002950194766623726,-0.043712014960261725
German Credit,R4_F3,4,3,RFE,Top75,0.75,15,49,25.0,1.0621722000068985,0.345007500029169,0.735,0.5918367346938775,0.46774193548387094,0.855072463768116,0.5225225225225225,0.6614071996259935,0.3471376927745368,0.7759467040673211,0.6103788148006583,0.6324185711867265,0.46493688639551195,118,20,33,29,0.7751285647498831,0.6251813364716579,0.5645161290322581,0.5932203389830508,0.70617110799439,0.4247348814202704,0.691817534253984,0.498831229546517,0.0008181393174380158,-0.014802521670999602,-0.09677419354838718,-0.0706978164605283,-0.0447639083683965,-0.07759718864573356,-0.05939896306725745,-0.033894343151005035
German Credit,R4_F3,4,3,EqualConsensus,Top25,0.25,5,16,75.0,1.0621722000068985,0.29421259998343885,0.69,0.5,0.46774193548387094,0.7898550724637681,0.48333333333333334,0.6287985039738195,0.26255363371611756,0.730481533426835,0.542051601317536,0.607822622436806,0.4537166900420757,109,29,33,29,0.7751285647498831,0.6251813364716579,0.5645161290322581,0.5932203389830508,0.70617110799439,0.4247348814202704,0.691817534253984,0.498831229546517,-0.04464703132304815,-0.08312973515412181,-0.09677419354838718,-0.10988700564971748,-0.07737260402057045,-0.16218124770415282,-0.083994911817178,-0.045114539504441276
German Credit,R4_F3,4,3,EqualConsensus,Top50,0.5,10,29,50.0,1.0621722000068985,0.319827199971769,0.755,0.6226415094339622,0.532258064516129,0.855072463768116,0.5739130434782609,0.6936652641421225,0.4059013670155459,0.7656615240766714,0.5775830972019967,0.674625240104649,0.44062646096306685,118,20,29,33,0.7751285647498831,0.6251813364716579,0.5645161290322581,0.5932203389830508,0.70617110799439,0.4247348814202704,0.691817534253984,0.498831229546517,-0.00946704067321169,-0.04759823926966111,-0.032258064516129115,-0.019307295504789934,-0.012505843852267495,-0.018833514404724472,-0.017192294149334986,-0.05820476858345014
German Credit,R4_F3,4,3,EqualConsensus,Top75,0.75,15,49,25.0,1.0621722000068985,0.34438399999635294,0.735,0.5918367346938775,0.46774193548387094,0.855072463768116,0.5225225225225225,0.6614071996259935,0.3471376927745368,0.7759467040673211,0.6103788148006583,0.6324185711867265,0.46493688639551195,118,20,33,29,0.7751285647498831,0.6251813364716579,0.5645161290322581,0.5932203389830508,0.70617110799439,0.4247348814202704,0.691817534253984,0.498831229546517,0.0008181393174380158,-0.014802521670999602,-0.09677419354838718,-0.0706978164605283,-0.0447639083683965,-0.07759718864573356,-0.05939896306725745,-0.033894343151005035
German Credit,R4_F4,4,4,Chi2,Top25,0.25,5,16,75.0,1.0148102000239305,0.22176400001626462,0.69,0.5263157894736842,0.46153846153846156,0.8,0.4918032786885246,0.6307692307692307,0.2713649050551524,0.7458689458689459,0.5907262120417812,0.6076436202502,0.42905982905982903,108,27,35,30,0.8011396011396013,0.6944713424677722,0.5384615384615384,0.5882352941176471,0.6988603988603989,0.4195933113578837,0.6802044271232456,0.4598290598290598,-0.05527065527065533,-0.10374513042599098,-0.07692307692307687,-0.0964320154291225,-0.06809116809116811,-0.14822840630273132,-0.07256080687304556,-0.03076923076923077
German Credit,R4_F4,4,4,Chi2,Top50,0.5,10,35,50.0,1.0148102000239305,0.31529820000287145,0.785,0.7115384615384616,0.5692307692307692,0.8888888888888888,0.6324786324786325,0.729059829059829,0.4891814285801341,0.7841595441595443,0.662224720826783,0.7113247542317827,0.48945868945868953,120,15,28,37,0.8011396011396013,0.6944713424677722,0.5384615384615384,0.5882352941176471,0.6988603988603989,0.4195933113578837,0.6802044271232456,0.4598290598290598,-0.016980056980057,-0.03224662164098924,0.03076923076923077,0.044243338360985374,0.030199430199430166,0.06958811722225039,0.03112032710853707,0.029629629629629728
German Credit,R4_F4,4,4,Chi2,Top75,0.75,15,52,25.0,1.0148102000239305,0.36716700001852587,0.765,0.6607142857142857,0.5692307692307692,0.8592592592592593,0.6115702479338843,0.7142450142450143,0.4469809588447313,0.7997720797720799,0.6884618131181103,0.6993688648465909,0.4592592592592593,116,19,28,37,0.8011396011396013,0.6944713424677722,0.5384615384615384,0.5882352941176471,0.6988603988603989,0.4195933113578837,0.6802044271232456,0.4598290598290598,-0.0013675213675213849,-0.006009529349661924,0.03076923076923077,0.02333495381623718,0.015384615384615441,0.027387647486847633,0.019164437723345307,-0.0005698005698004938
German Credit,R4_F4,4,4,MI,Top25,0.25,5,12,75.0,1.0148102000239305,0.3065657000406645,0.74,0.6326530612244898,0.47692307692307695,0.8666666666666667,0.543859649122807,0.6717948717948719,0.374177130595336,0.7603418803418805,0.6099099622635985,0.6429100507328637,0.38290598290598293,117,18,34,31,0.8011396011396013,0.6944713424677722,0.5384615384615384,0.5882352941176471,0.6988603988603989,0.4195933113578837,0.6802044271232456,0.4598290598290598,-0.040797720797720705,-0.0845613802041737,-0.061538461538461486,-0.044375644994840036,-0.027065527065527006,-0.045416180762547664,-0.03729437639038191,-0.07692307692307687
German Credit,R4_F4,4,4,MI,Top50,0.5,10,32,50.0,1.0148102000239305,0.31487850000848994,0.76,0.6666666666666666,0.5230769230769231,0.8740740740740741,0.5862068965517241,0.6985754985754986,0.42677699151092896,0.7871225071225071,0.6427223290623373,0.6761715590055362,0.49287749287749294,118,17,31,34,0.8011396011396013,0.6944713424677722,0.5384615384615384,0.5882352941176471,0.6988603988603989,0.4195933113578837,0.6802044271232456,0.4598290598290598,-0.014017094017094167,-0.05174901340543492,-0.01538461538461533,-0.0020283975659229903,-0.0002849002849002469,0.007183680153045269,-0.0040328681177094206,0.033048433048433135
German Credit,R4_F4,4,4,MI,Top75,0.75,15,53,25.0,1.0148102000239305,0.34713220002595335,0.755,0.6538461538461539,0.5230769230769231,0.8666666666666667,0.5811965811965812,0.6948717948717948,0.4161692750607111,0.7914529914529914,0.6655686011959087,0.6733003292241385,0.486039886039886,117,18,31,34,0.8011396011396013,0.6944713424677722,0.5384615384615384,0.5882352941176471,0.6988603988603989,0.4195933113578837,0.6802044271232456,0.4598290598290598,-0.009686609686609837,-0.02890274127186354,-0.01538461538461533,-0.007038712921065837,-0.0039886039886040114,-0.0034240362971725835,-0.0069040978991070645,0.02621082621082621
German Credit,R4_F4,4,4,L1,Top25,0.25,5,9,75.0,1.0148102000239305,0.3013541999971494,0.7,0.5471698113207547,0.4461538461538462,0.8222222222222222,0.4915254237288136,0.6341880341880342,0.28482017354341693,0.7377777777777778,0.6022866496803938,0.6056712035730334,0.3783475783475783,111,24,36,29,0.8011396011396013,0.6944713424677722,0.5384615384615384,0.5882352941176471,0.6988603988603989,0.4195933113578837,0.6802044271232456,0.4598290598290598,-0.0633618233618235,-0.0921846927873784,-0.09230769230769226,-0.0967098703888335,-0.0646723646723647,-0.13477313781446676,-0.07453322355021219,-0.08148148148148149
German Credit,R4_F4,4,4,L1,Top50,0.5,10,33,50.0,1.0148102000239305,0.3321968000382185,0.75,0.631578947368421,0.5538461538461539,0.8444444444444444,0.5901639344262295,0.6991452991452991,0.413255051489219,0.7528205128205128,0.6410583102119266,0.6838803314120883,0.42165242165242167,114,21,29,36,0.8011396011396013,0.6944713424677722,0.5384615384615384,0.5882352941176471,0.6988603988603989,0.4195933113578837,0.6802044271232456,0.4598290598290598,-0.04831908831908849,-0.053413032255845594,0.015384615384615441,0.0019286403085824189,0.0002849002849002469,-0.0063382598686647085,0.0036759042888426796,-0.038176638176638134
German Credit,R4_F4,4,4,L1,Top75,0.75,15,45,25.0,1.0148102000239305,0.35123299999395385,0.75,0.6271186440677966,0.5692307692307692,0.837037037037037,0.5967741935483871,0.7031339031339031,0.4172539046352627,0.7841595441595443,0.6720743718148396,0.6902660620856543,0.4358974358974359,113,22,28,37,0.8011396011396013,0.6944713424677722,0.5384615384615384,0.5882352941176471,0.6988603988603989,0.4195933113578837,0.6802044271232456,0.4598290598290598,-0.016980056980057,-0.022396970652932557,0.03076923076923077,0.008538899430740043,0.004273504273504258,-0.002339406722621007,0.01006163496240875,-0.023931623931623902
German Credit,R4_F4,4,4,RF,Top25,0.25,5,5,75.0,1.0148102000239305,0.2645534999901429,0.7,0.5641025641025641,0.3384615384615385,0.8740740740740741,0.4230769230769231,0.6062678062678063,0.25125229190357656,0.6665527065527067,0.5300386645516779,0.5439121765877796,0.2518518518518519,118,17,43,22,0.8011396011396013,0.6944713424677722,0.5384615384615384,0.5882352941176471,0.6988603988603989,0.4195933113578837,0.6802044271232456,0.4598290598290598,-0.13458689458689455,-0.16443267791609428,-0.19999999999999996,-0.165158371040724,-0.09259259259259256,-0.16834101945430713,-0.136292250535466,-0.20797720797720792
German Credit,R4_F4,4,4,RF,Top50,0.5,10,21,50.0,1.0148102000239305,0.3217070999671705,0.74,0.6181818181818182,0.5230769230769231,0.8444444444444444,0.5666666666666667,0.6837606837606838,0.38551458266721855,0.7554415954415954,0.643504351948723,0.6646122190491247,0.41652421652421656,114,21,31,34,0.8011396011396013,0.6944713424677722,0.5384615384615384,0.5882352941176471,0.6988603988603989,0.4195933113578837,0.6802044271232456,0.4598290598290598,-0.04569800569800586,-0.05096699051904918,-0.01538461538461533,-0.021568627450980427,-0.015099715099715083,-0.03407872869066514,-0.015592208074120872,-0.043304843304843244
German Credit,R4_F4,4,4,RF,Top75,0.75,15,38,25.0,1.0148102000239305,0.35232730000279844,0.745,0.6166666666666667,0.5692307692307692,0.8296296296296296,0.592,0.6994301994301995,0.40766632539185715,0.7943019943019943,0.7012961420814356,0.6872050001642248,0.4461538461538462,112,23,28,37,0.8011396011396013,0.6944713424677722,0.5384615384615384,0.5882352941176471,0.6988603988603989,0.4195933113578837,0.6802044271232456,0.4598290598290598,-0.006837606837606924,0.006824799613663446,0.03076923076923077,0.0037647058823528923,0.0005698005698006048,-0.011926985966026538,0.00700057304097923,-0.013675213675213627
German Credit,R4_F4,4,4,RFE,Top25,0.25,5,18,75.0,1.0148102000239305,0.3488676000270061,0.68,0.5087719298245614,0.4461538461538462,0.7925925925925926,0.47540983606557374,0.6193732193732194,0.2477165473161413,0.6894017094017094,0.5097556057060431,0.594658081268752,0.31965811965811974,107,28,36,29,0.8011396011396013,0.6944713424677722,0.5384615384615384,0.5882352941176471,0.6988603988603989,0.4195933113578837,0.6802044271232456,0.4598290598290598,-0.11173789173789184,-0.18471573676172914,-0.09230769230769226,-0.11282545805207334,-0.07948717948717943,-0.1718767640417424,-0.08554634585449361,-0.14017094017094006
German Credit,R4_F4,4,4,RFE,Top50,0.5,10,35,50.0,1.0148102000239305,0.3366122999577783,0.755,0.6428571428571429,0.5538461538461539,0.8518518518518519,0.5950413223140496,0.7028490028490029,0.4232053759274584,0.7772079772079773,0.6730685896488077,0.6868732574462859,0.42735042735042733,115,20,29,36,0.8011396011396013,0.6944713424677722,0.5384615384615384,0.5882352941176471,0.6988603988603989,0.4195933113578837,0.6802044271232456,0.4598290598290598,-0.023931623931623958,-0.021402752818964532,0.015384615384615441,0.006806028196402525,0.0039886039886040114,0.003612064569574691,0.006668830323040331,-0.032478632478632474
German Credit,R4_F4,4,4,RFE,Top75,0.75,15,48,25.0,1.0148102000239305,0.3593418999807909,0.735,0.6071428571428571,0.5230769230769231,0.837037037037037,0.5619834710743802,0.68005698005698,0.3756542100929125,0.789059829059829,0.6674127526009352,0.661690832515275,0.4592592592592593,113,22,31,34,0.8011396011396013,0.6944713424677722,0.5384615384615384,0.5882352941176471,0.6988603988603989,0.4195933113578837,0.6802044271232456,0.4598290598290598,-0.012079772079772289,-0.027058589866836957,-0.01538461538461533,-0.026251823043266898,-0.018803418803418848,-0.04393910126497119,-0.01851359460797053,-0.0005698005698004938
German Credit,R4_F4,4,4,EqualConsensus,Top25,0.25,5,11,75.0,1.0148102000239305,0.299073500034865,0.74,0.6274509803921569,0.49230769230769234,0.8592592592592593,0.5517241379310345,0.6757834757834758,0.3777925448525727,0.755897435897436,0.6518902863310891,0.6503998331948918,0.4227920227920228,116,19,33,32,0.8011396011396013,0.6944713424677722,0.5384615384615384,0.5882352941176471,0.6988603988603989,0.4195933113578837,0.6802044271232456,0.4598290598290598,-0.04524216524216529,-0.04258105613668306,-0.0461538461538461,-0.0365111561866126,-0.023076923076923106,-0.041800766505311004,-0.029804593928353773,-0.03703703703703698
German Credit,R4_F4,4,4,EqualConsensus,Top50,0.5,10,30,50.0,1.0148102000239305,0.3234138999832794,0.775,0.6785714285714286,0.5846153846153846,0.8666666666666667,0.628099173553719,0.7256410256410257,0.47075654176200427,0.7807407407407408,0.6319030166705768,0.7118052168020874,0.4689458689458689,117,18,27,38,0.8011396011396013,0.6944713424677722,0.5384615384615384,0.5882352941176471,0.6988603988603989,0.4195933113578837,0.6802044271232456,0.4598290598290598,-0.020398860398860408,-0.0625683257971954,0.04615384615384621,0.03986387943607195,0.02678062678062687,0.051163230404120574,0.031600789678841834,0.009116809116809121
German Credit,R4_F4,4,4,EqualConsensus,Top75,0.75,15,50,25.0,1.0148102000239305,0.35191799997119233,0.765,0.6551724137931034,0.5846153846153846,0.8518518518518519,0.6178861788617886,0.7182336182336182,0.45052307784442325,0.7843874643874644,0.6744081781265944,0.7056951877444667,0.4507122507122507,115,20,27,38,0.8011396011396013,0.6944713424677722,0.5384615384615384,0.5882352941176471,0.6988603988603989,0.4195933113578837,0.6802044271232456,0.4598290598290598,-0.016752136752136826,-0.02006316434117783,0.04615384615384621,0.02965088474414157,0.01937321937321934,0.030929766486539556,0.02549076062122113,-0.009116809116809121
German Credit,R4_F5,4,5,Chi2,Top25,0.25,5,14,75.0,0.9953669999958947,0.2349600000306964,0.745,0.6296296296296297,0.29310344827586204,0.9295774647887324,0.4,0.6113404565322972,0.2956897218285536,0.7529747450218554,0.5361645848541587,0.5219792719726629,0.4502185526954833,132,10,41,17,0.7850898494414764,0.5372123601255925,0.3275862068965517,0.4222222222222222,0.6180184555609519,0.2921517294825019,0.5455235286856877,0.47013113161729,-0.032115104419621066,-0.0010477752714337374,-0.03448275862068967,-0.0222222222222222,-0.006677999028654735,0.003537992346051677,-0.023544256713024736,-0.0199125789218067
German Credit,R4_F5,4,5,Chi2,Top50,0.5,10,34,50.0,0.9953669999958947,0.31527469999855384,0.75,0.6428571428571429,0.3103448275862069,0.9295774647887324,0.4186046511627907,0.6199611461874697,0.3137512987004663,0.7604419621175328,0.5576430240829802,0.537112239702171,0.4424477901894123,132,10,40,18,0.7850898494414764,0.5372123601255925,0.3275862068965517,0.4222222222222222,0.6180184555609519,0.2921517294825019,0.5455235286856877,0.47013113161729,-0.02464788732394363,0.020430663957387685,-0.017241379310344807,-0.0036175710594315014,0.0019426906265177513,0.02159956921796441,-0.008411288983516618,-0.02768334142787765
German Credit,R4_F5,4,5,Chi2,Top75,0.75,15,52,25.0,0.9953669999958947,0.34482500003650784,0.765,0.7037037037037037,0.3275862068965517,0.9436619718309859,0.4470588235294118,0.6356240893637688,0.3601803918020658,0.7932248664400194,0.5638825188533914,0.5559951851811608,0.4800874210781933,134,8,39,19,0.7850898494414764,0.5372123601255925,0.3275862068965517,0.4222222222222222,0.6180184555609519,0.2921517294825019,0.5455235286856877,0.47013113161729,0.008135016998543021,0.026670158727798876,0.0,0.024836601307189565,0.017605633802816878,0.06802866231956389,0.010471656495473103,0.009956289460903323
German Credit,R4_F5,4,5,MI,Top25,0.25,5,10,75.0,0.9953669999958947,0.2865658999653533,0.72,0.5294117647058824,0.3103448275862069,0.8873239436619719,0.391304347826087,0.5988343856240894,0.23878262875953324,0.7827829043224867,0.5402103590686106,0.5247631811673603,0.5191840699368625,126,16,40,18,0.7850898494414764,0.5372123601255925,0.3275862068965517,0.4222222222222222,0.6180184555609519,0.2921517294825019,0.5455235286856877,0.47013113161729,-0.002306945118989767,0.0029979989430181098,-0.017241379310344807,-0.030917874396135248,-0.019184069936862502,-0.05336910072296866,-0.020760347518327338,0.049052938319572525
German Credit,R4_F5,4,5,MI,Top50,0.5,10,30,50.0,0.9953669999958947,0.3247587999794632,0.735,0.5757575757575758,0.3275862068965517,0.9014084507042254,0.4175824175824176,0.6144973288003885,0.2799421630116794,0.7740407965031568,0.5623935949432587,0.5434049827069076,0.494900437105391,128,14,39,19,0.7850898494414764,0.5372123601255925,0.3275862068965517,0.4222222222222222,0.6180184555609519,0.2921517294825019,0.5455235286856877,0.47013113161729,-0.011049052938319592,0.02518123481766621,0.0,-0.004639804639804623,-0.0035211267605633756,-0.012209566470822497,-0.0021185459787800287,0.024769305488101023
German Credit,R4_F5,4,5,MI,Top75,0.75,15,52,25.0,0.9953669999958947,0.34268709999741986,0.735,0.5806451612903226,0.3103448275862069,0.9084507042253521,0.4044943820224719,0.6093977659057795,0.27432944094500356,0.7939533754249636,0.5706943285990425,0.5309736125019634,0.4963574550752793,129,13,40,18,0.7850898494414764,0.5372123601255925,0.3275862068965517,0.4222222222222222,0.6180184555609519,0.2921517294825019,0.5455235286856877,0.47013113161729,0.008863525983487164,0.033481968473449975,-0.017241379310344807,-0.017727840199750322,-0.008620689655172376,-0.017822288537498343,-0.014549916183724254,0.02622632345798931
German Credit,R4_F5,4,5,L1,Top25,0.25,5,11,75.0,0.9953669999958947,0.2904797999653965,0.715,0.5172413793103449,0.25862068965517243,0.9014084507042254,0.3448275862068966,0.5800145701796989,0.20623396293524168,0.6736279747450219,0.44055738640669406,0.48282799751270356,0.2814473045167557,128,14,43,15,0.7850898494414764,0.5372123601255925,0.3275862068965517,0.4222222222222222,0.6180184555609519,0.2921517294825019,0.5455235286856877,0.47013113161729,-0.11146187469645452,-0.09665497371889842,-0.06896551724137928,-0.07739463601532565,-0.03800388538125299,-0.08591776654726022,-0.0626955311729841,-0.18868382710053427
German Credit,R4_F5,4,5,L1,Top50,0.5,10,29,50.0,0.9953669999958947,0.3257490000105463,0.76,0.65625,0.3620689655172414,0.9225352112676056,0.4666666666666667,0.6423020883924235,0.3522652540673789,0.7926177756192326,0.5408583462842241,0.5779458189111604,0.4565322972316659,131,11,37,21,0.7850898494414764,0.5372123601255925,0.3275862068965517,0.4222222222222222,0.6180184555609519,0.2921517294825019,0.5455235286856877,0.47013113161729,0.007527926177756217,0.0036459861586316533,0.03448275862068967,0.04444444444444445,0.024283632831471613,0.06011352458487701,0.032422290225472716,-0.013598834385624092
German Credit,R4_F5,4,5,L1,Top75,0.75,15,47,25.0,0.9953669999958947,0.3460812999983318,0.76,0.65625,0.3620689655172414,0.9225352112676056,0.4666666666666667,0.6423020883924235,0.3522652540673789,0.804273919378339,0.5723667536579444,0.5779458189111604,0.4740165128703254,131,11,37,21,0.7850898494414764,0.5372123601255925,0.3275862068965517,0.4222222222222222,0.6180184555609519,0.2921517294825019,0.5455235286856877,0.47013113161729,0.019184069936862613,0.035154393532351946,0.03448275862068967,0.04444444444444445,0.024283632831471613,0.06011352458487701,0.032422290225472716,0.003885381253035447
German Credit,R4_F5,4,5,RF,Top25,0.25,5,5,75.0,0.9953669999958947,0.26329899998381734,0.715,0.5172413793103449,0.25862068965517243,0.9014084507042254,0.3448275862068966,0.5800145701796989,0.20623396293524168,0.6895337542496357,0.4923441579999638,0.48282799751270356,0.30524526469159785,128,14,43,15,0.7850898494414764,0.5372123601255925,0.3275862068965517,0.4222222222222222,0.6180184555609519,0.2921517294825019,0.5455235286856877,0.47013113161729,-0.09555609519184072,-0.0448682021256287,-0.06896551724137928,-0.07739463601532565,-0.03800388538125299,-0.08591776654726022,-0.0626955311729841,-0.16488586692569213
German Credit,R4_F5,4,5,RF,Top50,0.5,10,21,50.0,0.9953669999958947,0.3161112000234425,0.72,0.5357142857142857,0.25862068965517243,0.9084507042253521,0.3488372093023256,0.5835356969402623,0.2184826857347377,0.7722195240407965,0.5420403136515497,0.4847103750122207,0.47158814958717826,129,13,43,15,0.7850898494414764,0.5372123601255925,0.3275862068965517,0.4222222222222222,0.6180184555609519,0.2921517294825019,0.5455235286856877,0.47013113161729,-0.012870325400679894,0.004827953525957218,-0.06896551724137928,-0.07338501291989663,-0.03448275862068961,-0.0736690437477642,-0.06081315367346696,0.0014570179698882857
German Credit,R4_F5,4,5,RF,Top75,0.75,15,37,25.0,0.9953669999958947,0.3392974999733269,0.69,0.4230769230769231,0.1896551724137931,0.8943661971830986,0.2619047619047619,0.5420106847984458,0.11336699300021949,0.7540067994171928,0.5001050529859522,0.411850913957744,0.4550752792617776,127,15,47,11,0.7850898494414764,0.5372123601255925,0.3275862068965517,0.4222222222222222,0.6180184555609519,0.2921517294825019,0.5455235286856877,0.47013113161729,-0.031083050024283576,-0.03710730713964028,-0.13793103448275862,-0.1603174603174603,-0.07600777076250609,-0.1787847364822824,-0.13367261472794367,-0.015055852355512378
German Credit,R4_F5,4,5,RFE,Top25,0.25,5,12,75.0,0.9953669999958947,0.2967025000252761,0.695,0.4444444444444444,0.20689655172413793,0.8943661971830986,0.2823529411764706,0.5506313744536183,0.13446304689477298,0.6728387566779991,0.44866414299329005,0.4301642502298552,0.28096163186012624,127,15,46,12,0.7850898494414764,0.5372123601255925,0.3275862068965517,0.4222222222222222,0.6180184555609519,0.2921517294825019,0.5455235286856877,0.47013113161729,-0.11225109276347733,-0.08854821713230243,-0.12068965517241378,-0.13986928104575164,-0.0673870811073336,-0.15768868258772892,-0.11535927845583244,-0.18916949975716374
German Credit,R4_F5,4,5,RFE,Top50,0.5,10,35,50.0,0.9953669999958947,0.3235325999557972,0.735,0.5806451612903226,0.3103448275862069,0.9084507042253521,0.4044943820224719,0.6093977659057795,0.27432944094500356,0.8019669742593492,0.5772669038226099,0.5309736125019634,0.516270033997086,129,13,40,18,0.7850898494414764,0.5372123601255925,0.3275862068965517,0.4222222222222222,0.6180184555609519,0.2921517294825019,0.5455235286856877,0.47013113161729,0.016877124817872735,0.04005454369701744,-0.017241379310344807,-0.017727840199750322,-0.008620689655172376,-0.017822288537498343,-0.014549916183724254,0.046138902379796065
German Credit,R4_F5,4,5,RFE,Top75,0.75,15,52,25.0,0.9953669999958947,0.35246789996745065,0.765,0.7037037037037037,0.3275862068965517,0.9436619718309859,0.4470588235294118,0.6356240893637688,0.3601803918020658,0.7932248664400194,0.5638825188533914,0.5559951851811608,0.4800874210781933,134,8,39,19,0.7850898494414764,0.5372123601255925,0.3275862068965517,0.4222222222222222,0.6180184555609519,0.2921517294825019,0.5455235286856877,0.47013113161729,0.008135016998543021,0.026670158727798876,0.0,0.024836601307189565,0.017605633802816878,0.06802866231956389,0.010471656495473103,0.009956289460903323
German Credit,R4_F5,4,5,EqualConsensus,Top25,0.25,5,14,75.0,0.9953669999958947,0.301535899983719,0.745,0.6296296296296297,0.29310344827586204,0.9295774647887324,0.4,0.6113404565322972,0.2956897218285536,0.7529747450218554,0.5361645848541587,0.5219792719726629,0.4502185526954833,132,10,41,17,0.7850898494414764,0.5372123601255925,0.3275862068965517,0.4222222222222222,0.6180184555609519,0.2921517294825019,0.5455235286856877,0.47013113161729,-0.032115104419621066,-0.0010477752714337374,-0.03448275862068967,-0.0222222222222222,-0.006677999028654735,0.003537992346051677,-0.023544256713024736,-0.0199125789218067
German Credit,R4_F5,4,5,EqualConsensus,Top50,0.5,10,27,50.0,0.9953669999958947,0.32575789996189997,0.75,0.6333333333333333,0.3275862068965517,0.9225352112676056,0.4318181818181818,0.6250607090820787,0.317851279016129,0.7830257406508014,0.5939448073058369,0.5497361281448254,0.47523069451189903,131,11,39,19,0.7850898494414764,0.5372123601255925,0.3275862068965517,0.4222222222222222,0.6180184555609519,0.2921517294825019,0.5455235286856877,0.47013113161729,-0.002064108790674979,0.056732447180244394,0.0,0.009595959595959602,0.007042253521126751,0.025699549533627075,0.004212599459137767,0.005099562894609055
German Credit,R4_F5,4,5,EqualConsensus,Top75,0.75,15,50,25.0,0.9953669999958947,0.3466342999599874,0.76,0.65625,0.3620689655172414,0.9225352112676056,0.4666666666666667,0.6423020883924235,0.3522652540673789,0.7918892666342886,0.5610587878460277,0.5779458189111604,0.4754735308402137,131,11,37,21,0.7850898494414764,0.5372123601255925,0.3275862068965517,0.4222222222222222,0.6180184555609519,0.2921517294825019,0.5455235286856877,0.47013113161729,0.006799417192812185,0.023846427720435215,0.03448275862068967,0.04444444444444445,0.024283632831471613,0.06011352458487701,0.032422290225472716,0.005342399222923733
German Credit,R5_F1,5,1,Chi2,Top25,0.25,5,20,75.0,0.9946304999757558,0.2279465000028722,0.68,0.43548387096774194,0.48214285714285715,0.7569444444444444,0.4576271186440678,0.6195436507936508,0.23211135243148562,0.6772693452380952,0.4636530018175279,0.604115350858474,0.3323412698412699,109,35,29,27,0.8111359126984127,0.6539215584143447,0.5892857142857143,0.6226415094339622,0.7356150793650793,0.4886272748799577,0.7209141848408601,0.4890873015873015,-0.13386656746031744,-0.19026855659681685,-0.10714285714285715,-0.16501439078989444,-0.11607142857142849,-0.2565159224484721,-0.11679883398238611,-0.15674603174603163
German Credit,R5_F1,5,1,Chi2,Top50,0.5,10,33,50.0,0.9946304999757558,0.31583579996367916,0.75,0.56,0.5,0.8472222222222222,0.5283018867924528,0.6736111111111112,0.3600411499115478,0.7785218253968254,0.5973367195470939,0.6508541396588878,0.4146825396825397,122,22,28,28,0.8111359126984127,0.6539215584143447,0.5892857142857143,0.6226415094339622,0.7356150793650793,0.4886272748799577,0.7209141848408601,0.4890873015873015,-0.032614087301587324,-0.05658483886725085,-0.0892857142857143,-0.09433962264150941,-0.062003968253968145,-0.12858612496840993,-0.07006004518197229,-0.07440476190476181
German Credit,R5_F1,5,1,Chi2,Top75,0.75,15,52,25.0,0.9946304999757558,0.3584035999956541,0.77,0.5806451612903226,0.6428571428571429,0.8194444444444444,0.6101694915254238,0.7311507936507937,0.4488128225438685,0.8097718253968255,0.6403356463113422,0.7258000511750563,0.4920634920634921,118,26,20,36,0.8111359126984127,0.6539215584143447,0.5892857142857143,0.6226415094339622,0.7356150793650793,0.4886272748799577,0.7209141848408601,0.4890873015873015,-0.0013640873015872135,-0.013585912103002529,0.0535714285714286,-0.012472017908538469,-0.004464285714285587,-0.03981445233608921,0.004885866334196187,0.0029761904761905766
German Credit,R5_F1,5,1,MI,Top25,0.25,5,10,75.0,0.9946304999757558,0.28204309998545796,0.7,0.46153846153846156,0.42857142857142855,0.8055555555555556,0.4444444444444444,0.6170634920634921,0.23965925276641717,0.7118675595238094,0.4550847182842067,0.5875696513930031,0.3819444444444444,116,28,32,24,0.8111359126984127,0.6539215584143447,0.5892857142857143,0.6226415094339622,0.7356150793650793,0.4886272748799577,0.7209141848408601,0.4890873015873015,-0.09926835317460325,-0.19883684013013803,-0.16071428571428575,-0.17819706498951782,-0.11855158730158721,-0.24896802211354055,-0.13334453344785702,-0.1071428571428571
German Credit,R5_F1,5,1,MI,Top50,0.5,10,26,50.0,0.9946304999757558,0.3294099000049755,0.695,0.4626865671641791,0.5535714285714286,0.75,0.5040650406504065,0.6517857142857143,0.288783869998288,0.7454117063492064,0.5298589450435252,0.6443435197381684,0.4077380952380953,108,36,25,31,0.8111359126984127,0.6539215584143447,0.5892857142857143,0.6226415094339622,0.7356150793650793,0.4886272748799577,0.7209141848408601,0.4890873015873015,-0.06572420634920628,-0.12406261337081959,-0.0357142857142857,-0.11857646878355577,-0.083829365079365,-0.19984340488166974,-0.07657066510269173,-0.08134920634920623
German Credit,R5_F1,5,1,MI,Top75,0.75,15,47,25.0,0.9946304999757558,0.3561557999928482,0.81,0.6875,0.5892857142857143,0.8958333333333334,0.6346153846153846,0.7425595238095238,0.5100129150902919,0.8106398809523809,0.6522999711622107,0.7265685003592474,0.4990079365079365,129,15,23,33,0.8111359126984127,0.6539215584143447,0.5892857142857143,0.6226415094339622,0.7356150793650793,0.4886272748799577,0.7209141848408601,0.4890873015873015,-0.0004960317460317443,-0.0016215872521340158,0.0,0.011973875181422344,0.006944444444444531,0.021385640210334178,0.005654315518387243,0.009920634920634996
German Credit,R5_F1,5,1,L1,Top25,0.25,5,16,75.0,0.9946304999757558,0.29932689998531714,0.73,0.5185185185185185,0.5,0.8194444444444444,0.509090909090909,0.6597222222222222,0.3230704907132054,0.7475198412698413,0.5579032861647583,0.6400954789890507,0.4097222222222222,118,26,28,28,0.8111359126984127,0.6539215584143447,0.5892857142857143,0.6226415094339622,0.7356150793650793,0.4886272748799577,0.7209141848408601,0.4890873015873015,-0.0636160714285714,-0.09601827224958648,-0.0892857142857143,-0.1135506003430532,-0.0758928571428571,-0.1655567841667523,-0.08081870585180939,-0.0793650793650793
German Credit,R5_F1,5,1,L1,Top50,0.5,10,24,50.0,0.9946304999757558,0.3876075000152923,0.745,0.5423728813559322,0.5714285714285714,0.8125,0.5565217391304348,0.6919642857142857,0.3779985468856101,0.7780257936507937,0.6287442327875662,0.6813851438692469,0.4305555555555556,117,27,24,32,0.8111359126984127,0.6539215584143447,0.5892857142857143,0.6226415094339622,0.7356150793650793,0.4886272748799577,0.7209141848408601,0.4890873015873015,-0.03311011904761896,-0.025177325626778546,-0.017857142857142905,-0.06611977030352745,-0.04365079365079361,-0.11062872799434764,-0.03952904097161325,-0.058531746031745935
German Credit,R5_F1,5,1,L1,Top75,0.75,15,47,25.0,0.9946304999757558,0.34809909999603406,0.795,0.6363636363636364,0.625,0.8611111111111112,0.6306306306306306,0.7430555555555556,0.4888160548640558,0.8157242063492064,0.642598152832738,0.733617369235792,0.4861111111111111,124,20,21,35,0.8111359126984127,0.6539215584143447,0.5892857142857143,0.6226415094339622,0.7356150793650793,0.4886272748799577,0.7209141848408601,0.4890873015873015,0.004588293650793718,-0.011323405581606716,0.0357142857142857,0.007989121196668392,0.007440476190476275,0.0001887799840981086,0.012703184394931899,-0.00297619047619041
German Credit,R5_F1,5,1,RF,Top25,0.25,5,5,75.0,0.9946304999757558,0.26237059995764866,0.715,0.4883720930232558,0.375,0.8472222222222222,0.42424242424242425,0.6111111111111112,0.2428726949190201,0.6811755952380952,0.4679437527365994,0.5636562191028618,0.2946428571428571,122,22,35,21,0.8111359126984127,0.6539215584143447,0.5892857142857143,0.6226415094339622,0.7356150793650793,0.4886272748799577,0.7209141848408601,0.4890873015873015,-0.12996031746031744,-0.18597780567774536,-0.2142857142857143,-0.19839908519153798,-0.12450396825396814,-0.2457545799609376,-0.15725796573799833,-0.19444444444444442
German Credit,R5_F1,5,1,RF,Top50,0.5,10,19,50.0,0.9946304999757558,0.3178174999775365,0.76,0.5740740740740741,0.5535714285714286,0.8402777777777778,0.5636363636363636,0.6969246031746033,0.39831982861224396,0.748015873015873,0.5553781719595845,0.6820218250476079,0.4017857142857143,121,23,25,31,0.8111359126984127,0.6539215584143447,0.5892857142857143,0.6226415094339622,0.7356150793650793,0.4886272748799577,0.7209141848408601,0.4890873015873015,-0.06312003968253965,-0.09854338645476024,-0.0357142857142857,-0.059005145797598635,-0.03869047619047605,-0.09030744626771375,-0.03889235979325223,-0.08730158730158721
German Credit,R5_F1,5,1,RF,Top75,0.75,15,40,25.0,0.9946304999757558,0.3480232000001706,0.76,0.5740740740740741,0.5535714285714286,0.8402777777777778,0.5636363636363636,0.6969246031746033,0.39831982861224396,0.7718253968253969,0.6177046836924989,0.6820218250476079,0.4375,121,23,25,31,0.8111359126984127,0.6539215584143447,0.5892857142857143,0.6226415094339622,0.7356150793650793,0.4886272748799577,0.7209141848408601,0.4890873015873015,-0.03931051587301582,-0.03621687472184587,-0.0357142857142857,-0.059005145797598635,-0.03869047619047605,-0.09030744626771375,-0.03889235979325223,-0.051587301587301515
German Credit,R5_F1,5,1,RFE,Top25,0.25,5,17,75.0,0.9946304999757558,0.2996298000216484,0.695,0.45901639344262296,0.5,0.7708333333333334,0.47863247863247865,0.6354166666666667,0.264122291703376,0.7415674603174602,0.5439070350753792,0.6208193510729725,0.3988095238095238,111,33,28,28,0.8111359126984127,0.6539215584143447,0.5892857142857143,0.6226415094339622,0.7356150793650793,0.4886272748799577,0.7209141848408601,0.4890873015873015,-0.06956845238095244,-0.11001452333896555,-0.0892857142857143,-0.14400903080148358,-0.10019841269841256,-0.22450498317658174,-0.10009483376788764,-0.09027777777777773
German Credit,R5_F1,5,1,RFE,Top50,0.5,10,35,50.0,0.9946304999757558,0.32545519998529926,0.73,0.5172413793103449,0.5357142857142857,0.8055555555555556,0.5263157894736842,0.6706349206349207,0.3376875125625398,0.7953869047619048,0.5769691920638624,0.6569228410153045,0.4523809523809524,116,28,26,30,0.8111359126984127,0.6539215584143447,0.5892857142857143,0.6226415094339622,0.7356150793650793,0.4886272748799577,0.7209141848408601,0.4890873015873015,-0.01574900793650791,-0.0769523663504823,-0.0535714285714286,-0.09632571996027806,-0.06498015873015861,-0.1509397623174179,-0.0639913438255556,-0.03670634920634913
German Credit,R5_F1,5,1,RFE,Top75,0.75,15,49,25.0,0.9946304999757558,0.35091790003934875,0.785,0.6181818181818182,0.6071428571428571,0.8541666666666666,0.6126126126126126,0.7306547619047619,0.4638764602281346,0.8096478174603174,0.6557568400702621,0.7201397020552266,0.47916666666666663,123,21,22,34,0.8111359126984127,0.6539215584143447,0.5892857142857143,0.6226415094339622,0.7356150793650793,0.4886272748799577,0.7209141848408601,0.4890873015873015,-0.0014880952380952328,0.001835281655917398,0.017857142857142794,-0.010028896821349664,-0.004960317460317443,-0.024750814651823105,-0.0007744827856335235,-0.009920634920634885
German Credit,R5_F1,5,1,EqualConsensus,Top25,0.25,5,14,75.0,0.9946304999757558,0.2896362000028603,0.69,0.45161290322580644,0.5,0.7638888888888888,0.4745762711864407,0.6319444444444444,0.25618929355508374,0.7309647817460319,0.5376031872455093,0.6180165405913052,0.3640873015873015,110,34,28,28,0.8111359126984127,0.6539215584143447,0.5892857142857143,0.6226415094339622,0.7356150793650793,0.4886272748799577,0.7209141848408601,0.4890873015873015,-0.08017113095238082,-0.11631837116883548,-0.0892857142857143,-0.14806523824752155,-0.10367063492063489,-0.23243798132487398,-0.10289764424955494,-0.125
German Credit,R5_F1,5,1,EqualConsensus,Top50,0.5,10,25,50.0,0.9946304999757558,0.3222243000054732,0.76,0.5714285714285714,0.5714285714285714,0.8333333333333334,0.5714285714285714,0.7023809523809523,0.40476190476190477,0.7776537698412698,0.6275490031588027,0.6900655593423543,0.4216269841269842,120,24,24,32,0.8111359126984127,0.6539215584143447,0.5892857142857143,0.6226415094339622,0.7356150793650793,0.4886272748799577,0.7209141848408601,0.4890873015873015,-0.033482142857142905,-0.02637255525554205,-0.017857142857142905,-0.05121293800539084,-0.03323412698412698,-0.08386537011805295,-0.030848625498505866,-0.06746031746031733
German Credit,R5_F1,5,1,EqualConsensus,Top75,0.75,15,47,25.0,0.9946304999757558,0.3526477999985218,0.81,0.6875,0.5892857142857143,0.8958333333333334,0.6346153846153846,0.7425595238095238,0.5100129150902919,0.8106398809523809,0.6522999711622107,0.7265685003592474,0.4990079365079365,129,15,23,33,0.8111359126984127,0.6539215584143447,0.5892857142857143,0.6226415094339622,0.7356150793650793,0.4886272748799577,0.7209141848408601,0.4890873015873015,-0.0004960317460317443,-0.0016215872521340158,0.0,0.011973875181422344,0.006944444444444531,0.021385640210334178,0.005654315518387243,0.009920634920634996
German Credit,R5_F2,5,2,Chi2,Top25,0.25,5,18,75.0,1.0317731000250205,0.21404550003353506,0.725,0.6530612244897959,0.45714285714285713,0.8692307692307693,0.5378151260504201,0.6631868131868132,0.36195054883406375,0.7255494505494505,0.6026975500008387,0.630367065575794,0.4142857142857143,113,17,38,32,0.8090109890109891,0.7047748857845937,0.5142857142857142,0.631578947368421,0.7263736263736263,0.5213001890835093,0.6947210682262073,0.5120879120879122,-0.08346153846153859,-0.102077335783755,-0.057142857142857106,-0.09376382131800087,-0.06318681318681318,-0.15934964024944553,-0.06435400265041324,-0.09780219780219784
German Credit,R5_F2,5,2,Chi2,Top50,0.5,10,33,50.0,1.0317731000250205,0.31157489999895915,0.76,0.7619047619047619,0.45714285714285713,0.9230769230769231,0.5714285714285714,0.6901098901098901,0.4452482425823489,0.7790109890109891,0.6646621350567754,0.6495983543529201,0.43846153846153846,120,10,38,32,0.8090109890109891,0.7047748857845937,0.5142857142857142,0.631578947368421,0.7263736263736263,0.5213001890835093,0.6947210682262073,0.5120879120879122,-0.030000000000000027,-0.04011275072781828,-0.057142857142857106,-0.06015037593984962,-0.036263736263736246,-0.07605194650116037,-0.045122713873287146,-0.0736263736263737
German Credit,R5_F2,5,2,Chi2,Top75,0.75,15,52,25.0,1.0317731000250205,0.36688049999065697,0.765,0.7674418604651163,0.4714285714285714,0.9230769230769231,0.584070796460177,0.6972527472527472,0.4580255431784663,0.8068131868131867,0.6859927211169037,0.6596702472939303,0.5087912087912088,120,10,37,33,0.8090109890109891,0.7047748857845937,0.5142857142857142,0.631578947368421,0.7263736263736263,0.5213001890835093,0.6947210682262073,0.5120879120879122,-0.002197802197802412,-0.018782164667690004,-0.042857142857142816,-0.04750815090824401,-0.02912087912087913,-0.063274645905043,-0.03505082093227696,-0.003296703296703396
German Credit,R5_F2,5,2,MI,Top25,0.25,5,6,75.0,1.0317731000250205,0.2729628999950364,0.63,0.4230769230769231,0.15714285714285714,0.8846153846153846,0.22916666666666666,0.5208791208791208,0.05922452719611172,0.6045604395604395,0.47444430835048906,0.37284177476644026,0.22857142857142854,115,15,59,11,0.8090109890109891,0.7047748857845937,0.5142857142857142,0.631578947368421,0.7263736263736263,0.5213001890835093,0.6947210682262073,0.5120879120879122,-0.20445054945054963,-0.23033057743410462,-0.3571428571428571,-0.4024122807017544,-0.20549450549450554,-0.46207566188739757,-0.321879293459767,-0.2835164835164836
German Credit,R5_F2,5,2,MI,Top50,0.5,10,26,50.0,1.0317731000250205,0.31583479995606467,0.77,0.7608695652173914,0.5,0.9153846153846154,0.603448275862069,0.7076923076923076,0.47079498436165523,0.7769230769230768,0.6629566201490522,0.6765296059244619,0.47582417582417585,119,11,35,35,0.8090109890109891,0.7047748857845937,0.5142857142857142,0.631578947368421,0.7263736263736263,0.5213001890835093,0.6947210682262073,0.5120879120879122,-0.032087912087912285,-0.041818265635541474,-0.014285714285714235,-0.028130671506352067,-0.018681318681318726,-0.05050520472185405,-0.018191462301745398,-0.0362637362637363
German Credit,R5_F2,5,2,MI,Top75,0.75,15,52,25.0,1.0317731000250205,0.35413079999852926,0.775,0.7777777777777778,0.5,0.9230769230769231,0.6086956521739131,0.7115384615384616,0.48324562108778996,0.8098901098901099,0.6940807943859866,0.6793662204867574,0.48681318681318675,120,10,35,35,0.8090109890109891,0.7047748857845937,0.5142857142857142,0.631578947368421,0.7263736263736263,0.5213001890835093,0.6947210682262073,0.5120879120879122,0.0008791208791207872,-0.010694091398607108,-0.014285714285714235,-0.022883295194507935,-0.014835164835164782,-0.038054567995719324,-0.01535484773944984,-0.025274725274725407
German Credit,R5_F2,5,2,L1,Top25,0.25,5,15,75.0,1.0317731000250205,0.27351730002555996,0.685,0.6,0.3,0.8923076923076924,0.4,0.5961538461538461,0.2414022747926338,0.6274175824175824,0.5247353496176177,0.5173898991015458,0.24175824175824173,116,14,49,21,0.8090109890109891,0.7047748857845937,0.5142857142857142,0.631578947368421,0.7263736263736263,0.5213001890835093,0.6947210682262073,0.5120879120879122,-0.18159340659340673,-0.180039536166976,-0.21428571428571425,-0.231578947368421,-0.1302197802197802,-0.2798979142908755,-0.17733116912466151,-0.2703296703296704
German Credit,R5_F2,5,2,L1,Top50,0.5,10,33,50.0,1.0317731000250205,0.32579239999176934,0.74,0.6730769230769231,0.5,0.8692307692307693,0.5737704918032787,0.6846153846153846,0.40150046418539076,0.7881318681318681,0.6427222177026479,0.6592536572635639,0.5098901098901099,113,17,35,35,0.8090109890109891,0.7047748857845937,0.5142857142857142,0.631578947368421,0.7263736263736263,0.5213001890835093,0.6947210682262073,0.5120879120879122,-0.020879120879121027,-0.06205266808194576,-0.014285714285714235,-0.05780845556514236,-0.04175824175824172,-0.11979972489811852,-0.035467410962643386,-0.002197802197802301
German Credit,R5_F2,5,2,L1,Top75,0.75,15,50,25.0,1.0317731000250205,0.3632875000475906,0.76,0.75,0.4714285714285714,0.9153846153846154,0.5789473684210527,0.6934065934065934,0.44538268581892054,0.7997802197802197,0.6861670907708064,0.6569158709747098,0.49340659340659343,119,11,37,33,0.8090109890109891,0.7047748857845937,0.5142857142857142,0.631578947368421,0.7263736263736263,0.5213001890835093,0.6947210682262073,0.5120879120879122,-0.009230769230769376,-0.018607795013787287,-0.042857142857142816,-0.05263157894736836,-0.03296703296703296,-0.07591750326458874,-0.03780519725149745,-0.018681318681318726
German Credit,R5_F2,5,2,RF,Top25,0.25,5,5,75.0,1.0317731000250205,0.26082760002464056,0.66,0.5333333333333333,0.22857142857142856,0.8923076923076924,0.32,0.5604395604395604,0.1614681617175282,0.6448351648351648,0.488143993826725,0.45161492884540916,0.28571428571428575,116,14,54,16,0.8090109890109891,0.7047748857845937,0.5142857142857142,0.631578947368421,0.7263736263736263,0.5213001890835093,0.6947210682262073,0.5120879120879122,-0.16417582417582433,-0.21663089195786867,-0.2857142857142857,-0.311578947368421,-0.1659340659340659,-0.3598320273659811,-0.24310613938079811,-0.2263736263736264
German Credit,R5_F2,5,2,RF,Top50,0.5,10,21,50.0,1.0317731000250205,0.3167927999747917,0.725,0.6666666666666666,0.42857142857142855,0.8846153846153846,0.5217391304347826,0.6565934065934066,0.35772727794810427,0.7673626373626373,0.646423806901928,0.6157279262148819,0.421978021978022,115,15,40,30,0.8090109890109891,0.7047748857845937,0.5142857142857142,0.631578947368421,0.7263736263736263,0.5213001890835093,0.6947210682262073,0.5120879120879122,-0.04164835164835179,-0.05835107888266566,-0.08571428571428569,-0.10983981693363842,-0.06978021978021975,-0.163572911135405,-0.07899314201132535,-0.09010989010989018
German Credit,R5_F2,5,2,RF,Top75,0.75,15,41,25.0,1.0317731000250205,0.3371653000358492,0.8,0.8125,0.5571428571428572,0.9307692307692308,0.6610169491525424,0.743956043956044,0.5449038310363397,0.7936263736263736,0.702582729703917,0.7201190377787748,0.5021978021978022,121,9,31,39,0.8090109890109891,0.7047748857845937,0.5142857142857142,0.631578947368421,0.7263736263736263,0.5213001890835093,0.6947210682262073,0.5120879120879122,-0.015384615384615552,-0.002192156080676688,0.04285714285714293,0.02943800178412137,0.01758241758241763,0.02360364195283038,0.025397969552567567,-0.009890109890109966
German Credit,R5_F2,5,2,RFE,Top25,0.25,5,16,75.0,1.0317731000250205,0.2651458000182174,0.69,0.6428571428571429,0.2571428571428571,0.9230769230769231,0.3673469387755102,0.5901098901098901,0.24773074731357653,0.6358241758241758,0.5180708958203724,0.48719876576469007,0.24725274725274723,120,10,52,18,0.8090109890109891,0.7047748857845937,0.5142857142857142,0.631578947368421,0.7263736263736263,0.5213001890835093,0.6947210682262073,0.5120879120879122,-0.17318681318681328,-0.18670398996422133,-0.2571428571428571,-0.2642320085929108,-0.13626373626373622,-0.27356944176993275,-0.2075223024615172,-0.2648351648351649
German Credit,R5_F2,5,2,RFE,Top50,0.5,10,35,50.0,1.0317731000250205,0.30267170001752675,0.735,0.7073170731707317,0.4142857142857143,0.9076923076923077,0.5225225225225225,0.660989010989011,0.3804139493743647,0.7263736263736263,0.6402693925243295,0.6132242298245855,0.3758241758241758,118,12,41,29,0.8090109890109891,0.7047748857845937,0.5142857142857142,0.631578947368421,0.7263736263736263,0.5213001890835093,0.6947210682262073,0.5120879120879122,-0.08263736263736277,-0.06450549326026422,-0.09999999999999992,-0.1090564248458985,-0.06538461538461537,-0.1408862397091446,-0.08149683840162181,-0.13626373626373633
German Credit,R5_F2,5,2,RFE,Top75,0.75,15,52,25.0,1.0317731000250205,0.3516151000512764,0.76,0.75,0.4714285714285714,0.9153846153846154,0.5789473684210527,0.6934065934065934,0.44538268581892054,0.8016483516483517,0.6976032170464403,0.6569158709747098,0.49560439560439556,119,11,37,33,0.8090109890109891,0.7047748857845937,0.5142857142857142,0.631578947368421,0.7263736263736263,0.5213001890835093,0.6947210682262073,0.5120879120879122,-0.007362637362637425,-0.007171668738153336,-0.042857142857142816,-0.05263157894736836,-0.03296703296703296,-0.07591750326458874,-0.03780519725149745,-0.01648351648351659
German Credit,R5_F2,5,2,EqualConsensus,Top25,0.25,5,12,75.0,1.0317731000250205,0.286510800011456,0.735,0.6808510638297872,0.45714285714285713,0.8846153846153846,0.5470085470085471,0.6708791208791208,0.38445458838950153,0.7712637362637362,0.6149267121966291,0.6359210677400178,0.49560439560439556,115,15,38,32,0.8090109890109891,0.7047748857845937,0.5142857142857142,0.631578947368421,0.7263736263736263,0.5213001890835093,0.6947210682262073,0.5120879120879122,-0.03774725274725288,-0.0898481735879646,-0.057142857142857106,-0.08457040035987395,-0.05549450549450552,-0.13684560069400775,-0.058800000486189496,-0.01648351648351659
German Credit,R5_F2,5,2,EqualConsensus,Top50,0.5,10,29,50.0,1.0317731000250205,0.30577189999166876,0.75,0.717391304347826,0.4714285714285714,0.9,0.5689655172413793,0.6857142857142857,0.42097540929692984,0.7734065934065933,0.6782916163297749,0.6513721780101713,0.4857142857142857,117,13,37,33,0.8090109890109891,0.7047748857845937,0.5142857142857142,0.631578947368421,0.7263736263736263,0.5213001890835093,0.6947210682262073,0.5120879120879122,-0.03560439560439577,-0.026483269454818825,-0.042857142857142816,-0.06261343012704168,-0.040659340659340626,-0.10032477978657944,-0.04334889021603594,-0.026373626373626446
German Credit,R5_F2,5,2,EqualConsensus,Top75,0.75,15,52,25.0,1.0317731000250205,0.34181640000315383,0.765,0.7674418604651163,0.4714285714285714,0.9230769230769231,0.584070796460177,0.6972527472527472,0.4580255431784663,0.8068131868131867,0.6859927211169037,0.6596702472939303,0.5087912087912088,120,10,37,33,0.8090109890109891,0.7047748857845937,0.5142857142857142,0.631578947368421,0.7263736263736263,0.5213001890835093,0.6947210682262073,0.5120879120879122,-0.002197802197802412,-0.018782164667690004,-0.042857142857142816,-0.04750815090824401,-0.02912087912087913,-0.063274645905043,-0.03505082093227696,-0.003296703296703396
German Credit,R5_F3,5,3,Chi2,Top25,0.25,5,18,75.0,1.0080189000000246,0.2300569000071846,0.735,0.5882352941176471,0.3389830508474576,0.900709219858156,0.43010752688172044,0.6198461353528069,0.29100207737031725,0.7304363505228995,0.5923346490502983,0.5525623578148906,0.39463877869936287,127,14,39,20,0.8291862002644548,0.6643056771153628,0.3898305084745763,0.4893617021276595,0.6523620627479264,0.36573490225046,0.5972046918130739,0.5637696838562327,-0.09874984974155532,-0.0719710280650645,-0.050847457627118675,-0.05925417524593907,-0.03251592739511955,-0.07473282488014277,-0.04464233399818329,-0.16913090515686985
German Credit,R5_F3,5,3,Chi2,Top50,0.5,10,41,50.0,1.0080189000000246,0.3948468999587931,0.745,0.5952380952380952,0.423728813559322,0.8794326241134752,0.49504950495049505,0.6515807188363987,0.3394347732806034,0.7898785911768241,0.6175886117631445,0.6104432343969127,0.4805866089674239,124,17,34,25,0.8291862002644548,0.6643056771153628,0.3898305084745763,0.4893617021276595,0.6523620627479264,0.36573490225046,0.5972046918130739,0.5637696838562327,-0.039307609087630646,-0.04671706535221831,0.03389830508474573,0.0056878028228355415,-0.0007813439115277321,-0.026300128969856618,0.01323854258383883,-0.08318307488880883
German Credit,R5_F3,5,3,Chi2,Top75,0.75,15,51,25.0,1.0080189000000246,0.37044270004844293,0.755,0.631578947368421,0.4067796610169492,0.900709219858156,0.4948453608247423,0.6537444404375525,0.357450305364924,0.8129582882558,0.6302375297824038,0.6053017356069131,0.5203750450775333,127,14,35,24,0.8291862002644548,0.6643056771153628,0.3898305084745763,0.4893617021276595,0.6523620627479264,0.36573490225046,0.5972046918130739,0.5637696838562327,-0.01622791200865481,-0.03406814733295904,0.01694915254237289,0.005483658697082783,0.0013823776896261242,-0.00828459688553601,0.008097043793839243,-0.043394638778699424
German Credit,R5_F3,5,3,MI,Top25,0.25,5,12,75.0,1.0080189000000246,0.3099092000047676,0.78,0.7027027027027027,0.4406779661016949,0.9219858156028369,0.5416666666666666,0.6813318908522659,0.42593672155005674,0.8026205072725087,0.6657456400388759,0.6374157465849667,0.47938454141122727,130,11,33,26,0.8291862002644548,0.6643056771153628,0.3898305084745763,0.4893617021276595,0.6523620627479264,0.36573490225046,0.5972046918130739,0.5637696838562327,-0.02656569299194611,0.0014399629235131162,0.05084745762711862,0.052304964539007126,0.028969828104339457,0.060201819299596726,0.040211054771892796,-0.08438514244500545
German Credit,R5_F3,5,3,MI,Top50,0.5,10,30,50.0,1.0080189000000246,0.33487760002026334,0.775,0.6842105263157895,0.4406779661016949,0.9148936170212766,0.5360824742268041,0.6777857915614858,0.413345583764443,0.8218535881716553,0.6579279656957399,0.6349594147253501,0.5397283327322996,129,12,33,26,0.8291862002644548,0.6643056771153628,0.3898305084745763,0.4893617021276595,0.6523620627479264,0.36573490225046,0.5972046918130739,0.5637696838562327,-0.007332612092799451,-0.006377711419622956,0.05084745762711862,0.0467207720991446,0.025423728813559365,0.04761068151398301,0.03775472291227622,-0.02404135112393313
German Credit,R5_F3,5,3,MI,Top75,0.75,15,53,25.0,1.0080189000000246,0.3586648000054993,0.775,0.6666666666666666,0.4745762711864407,0.900709219858156,0.5544554455445545,0.6876427455222983,0.4201884861943076,0.8242577232840484,0.651776155398505,0.6538005987941061,0.5783147012862122,127,14,31,28,0.8291862002644548,0.6643056771153628,0.3898305084745763,0.4893617021276595,0.6523620627479264,0.36573490225046,0.5972046918130739,0.5637696838562327,-0.004928476980406327,-0.012529521716857839,0.0847457627118644,0.065093743416895,0.03528068277437191,0.05445358394384758,0.05659590698103223,0.01454501742997949
German Credit,R5_F3,5,3,L1,Top25,0.25,5,17,75.0,1.0080189000000246,0.30455599998822436,0.755,0.625,0.423728813559322,0.8936170212765957,0.5050505050505051,0.6586729174179589,0.3618081768973942,0.7240052890972473,0.5657281543172983,0.615346471674249,0.35448972232239456,126,15,34,25,0.8291862002644548,0.6643056771153628,0.3898305084745763,0.4893617021276595,0.6523620627479264,0.36573490225046,0.5972046918130739,0.5637696838562327,-0.10518091116720751,-0.09857752279806453,0.03389830508474573,0.01568880292284558,0.006310854670032451,-0.003926725353065819,0.018141779861175156,-0.20927996153383815
German Credit,R5_F3,5,3,L1,Top50,0.5,10,31,50.0,1.0080189000000246,0.3287150000105612,0.78,0.7027027027027027,0.4406779661016949,0.9219858156028369,0.5416666666666666,0.6813318908522659,0.42593672155005674,0.7952878951797091,0.6691073951923803,0.6374157465849667,0.49236687101815124,130,11,33,26,0.8291862002644548,0.6643056771153628,0.3898305084745763,0.4893617021276595,0.6523620627479264,0.36573490225046,0.5972046918130739,0.5637696838562327,-0.03389830508474567,0.004801718077017458,0.05084745762711862,0.052304964539007126,0.028969828104339457,0.060201819299596726,0.040211054771892796,-0.07140281283808148
German Credit,R5_F3,5,3,L1,Top75,0.75,15,48,25.0,1.0080189000000246,0.3552200999693014,0.765,0.6578947368421053,0.423728813559322,0.9078014184397163,0.5154639175257731,0.6657651159995192,0.3853979445646835,0.7969707897583845,0.6035467121657883,0.6202109463585197,0.5539127298954201,128,13,34,25,0.8291862002644548,0.6643056771153628,0.3898305084745763,0.4893617021276595,0.6523620627479264,0.36573490225046,0.5972046918130739,0.5637696838562327,-0.03221541050607024,-0.060758964949574557,0.03389830508474573,0.026102215398113637,0.013403053251592745,0.0196630423142235,0.023006254545445803,-0.009856953960812653
German Credit,R5_F3,5,3,RF,Top25,0.25,5,5,75.0,1.0080189000000246,0.2640417999937199,0.7,0.48484848484848486,0.2711864406779661,0.8794326241134752,0.34782608695652173,0.5753095323957207,0.1850547782307957,0.6962976319269143,0.5102021930571561,0.48835458751753014,0.32576030772929443,124,17,43,16,0.8291862002644548,0.6643056771153628,0.3898305084745763,0.4893617021276595,0.6523620627479264,0.36573490225046,0.5972046918130739,0.5637696838562327,-0.13288856833754048,-0.15410348405820673,-0.11864406779661019,-0.14153561517113777,-0.07705253035220572,-0.18068012401966432,-0.10885010429554376,-0.2380093761269383
German Credit,R5_F3,5,3,RF,Top50,0.5,10,19,50.0,1.0080189000000246,0.3245759000419639,0.77,0.696969696969697,0.3898305084745763,0.9290780141843972,0.5,0.6594542613294867,0.3918198935724668,0.8015386464719317,0.6716914362531047,0.6018163795395179,0.48142805625676166,131,10,36,23,0.8291862002644548,0.6643056771153628,0.3898305084745763,0.4893617021276595,0.6523620627479264,0.36573490225046,0.5972046918130739,0.5637696838562327,-0.02764755379252304,0.007385759137741865,0.0,0.010638297872340496,0.007092198581560294,0.026084991322006812,0.004611687726444047,-0.08234162759947106
German Credit,R5_F3,5,3,RF,Top75,0.75,15,38,25.0,1.0080189000000246,0.34705229999963194,0.755,0.6666666666666666,0.3389830508474576,0.9290780141843972,0.449438202247191,0.6340305325159274,0.34236094215025037,0.813318908522659,0.644382360149394,0.561196667598378,0.5085947830268062,131,10,39,20,0.8291862002644548,0.6643056771153628,0.3898305084745763,0.4893617021276595,0.6523620627479264,0.36573490225046,0.5972046918130739,0.5637696838562327,-0.015867291741795797,-0.01992331696596883,-0.050847457627118675,-0.039923499880468505,-0.01833153023199896,-0.023373960100209645,-0.036008024214695844,-0.055174900829426554
German Credit,R5_F3,5,3,RFE,Top25,0.25,5,22,75.0,1.0080189000000246,0.27684690000023693,0.735,0.5681818181818182,0.423728813559322,0.8652482269503546,0.4854368932038835,0.6444885202548383,0.3181341301933671,0.7182954682053131,0.5377929387895283,0.6055002928487985,0.3584565452578435,122,19,34,25,0.8291862002644548,0.6643056771153628,0.3898305084745763,0.4893617021276595,0.6523620627479264,0.36573490225046,0.5972046918130739,0.5637696838562327,-0.11089073205914168,-0.12651273832583454,0.03389830508474573,-0.003924808923776002,-0.007873542493088137,-0.0476007720570929,0.008295601035724576,-0.20531313859838923
German Credit,R5_F3,5,3,RFE,Top50,0.5,10,35,50.0,1.0080189000000246,0.3182319999905303,0.76,0.6486486486486487,0.4067796610169492,0.9078014184397163,0.5,0.6572905397283327,0.3694651641685444,0.767279721120327,0.6001055501921306,0.6076801405868169,0.4959730736867412,128,13,35,24,0.8291862002644548,0.6643056771153628,0.3898305084745763,0.4893617021276595,0.6523620627479264,0.36573490225046,0.5972046918130739,0.5637696838562327,-0.061906479144127724,-0.06420012692323218,0.01694915254237289,0.010638297872340496,0.004928476980406327,0.0037302619180843988,0.010475448773742957,-0.06779661016949151
German Credit,R5_F3,5,3,RFE,Top75,0.75,15,48,25.0,1.0080189000000246,0.3530332999653183,0.765,0.6578947368421053,0.423728813559322,0.9078014184397163,0.5154639175257731,0.6657651159995192,0.3853979445646835,0.7969707897583845,0.6035467121657883,0.6202109463585197,0.5539127298954201,128,13,34,25,0.8291862002644548,0.6643056771153628,0.3898305084745763,0.4893617021276595,0.6523620627479264,0.36573490225046,0.5972046918130739,0.5637696838562327,-0.03221541050607024,-0.060758964949574557,0.03389830508474573,0.026102215398113637,0.013403053251592745,0.0196630423142235,0.023006254545445803,-0.009856953960812653
German Credit,R5_F3,5,3,EqualConsensus,Top25,0.25,5,16,75.0,1.0080189000000246,0.3080105999833904,0.785,0.7222222222222222,0.4406779661016949,0.9290780141843972,0.5473684210526316,0.6848779901430461,0.43891214129684436,0.7833874263733622,0.6755441237040568,0.6398626490432003,0.49789638177665585,131,10,33,26,0.8291862002644548,0.6643056771153628,0.3898305084745763,0.4893617021276595,0.6523620627479264,0.36573490225046,0.5972046918130739,0.5637696838562327,-0.04579877389109255,0.011238446588693995,0.05084745762711862,0.05800671892497211,0.03251592739511966,0.07317723904638435,0.04265795723012644,-0.06587330207957687
German Credit,R5_F3,5,3,EqualConsensus,Top50,0.5,10,34,50.0,1.0080189000000246,0.33170360000804067,0.765,0.6428571428571429,0.4576271186440678,0.8936170212765957,0.5346534653465347,0.6756220699603317,0.3932705818897395,0.8011780262050727,0.6345380011094833,0.6394868119188254,0.49200625075129223,126,15,32,27,0.8291862002644548,0.6643056771153628,0.3898305084745763,0.4893617021276595,0.6523620627479264,0.36573490225046,0.5972046918130739,0.5637696838562327,-0.02800817405938205,-0.029767676005879484,0.06779661016949151,0.04529176321887518,0.023260007212405287,0.027535679639279498,0.0422821201057515,-0.07176343310494049
German Credit,R5_F3,5,3,EqualConsensus,Top75,0.75,15,50,25.0,1.0080189000000246,0.35863159998552874,0.775,0.675,0.4576271186440678,0.9078014184397163,0.5454545454545454,0.6827142685418921,0.4166275976394236,0.8112753936771248,0.6521323478778321,0.644542122301999,0.48527467243659095,128,13,32,27,0.8291862002644548,0.6643056771153628,0.3898305084745763,0.4893617021276595,0.6523620627479264,0.36573490225046,0.5972046918130739,0.5637696838562327,-0.01791080658733002,-0.012173329237530672,0.06779661016949151,0.05609284332688591,0.030352205793965692,0.05089269538896357,0.047337430488925136,-0.07849501141964177
German Credit,R5_F4,5,4,Chi2,Top25,0.25,5,18,75.0,1.0046091999975033,0.2305426000384614,0.745,0.5614035087719298,0.5517241379310345,0.823943661971831,0.5565217391304348,0.6878338999514327,0.37762148330322043,0.7547960174842155,0.5711418511991092,0.6742326057119665,0.4244779018941234,117,25,26,32,0.7822972316658572,0.6525096827013921,0.5172413793103449,0.5454545454545454,0.6811559009227781,0.3748073685260835,0.66113946408189,0.4315201554152502,-0.027501214181641642,-0.08136783150228288,0.03448275862068961,0.011067193675889375,0.006677999028654624,0.0028141147771369446,0.013093141630076577,-0.007042253521126807
German Credit,R5_F4,5,4,Chi2,Top50,0.5,10,34,50.0,1.0046091999975033,0.31546890002209693,0.785,0.6415094339622641,0.5862068965517241,0.8661971830985915,0.6126126126126126,0.7262020398251579,0.4651447027576897,0.8031811559009228,0.6532670782535142,0.7125803551221932,0.5167557066537154,123,19,24,34,0.7822972316658572,0.6525096827013921,0.5172413793103449,0.5454545454545454,0.6811559009227781,0.3748073685260835,0.66113946408189,0.4315201554152502,0.020883924235065576,0.0007573955521220643,0.06896551724137923,0.06715806715806716,0.04504613890237974,0.09033733423160623,0.05144089104030325,0.08523555123846521
German Credit,R5_F4,5,4,Chi2,Top75,0.75,15,53,25.0,1.0046091999975033,0.35558580001816154,0.75,0.5740740740740741,0.5344827586206896,0.8380281690140845,0.5535714285714286,0.686255463817387,0.38073594353445595,0.7808402136959688,0.6102311424855116,0.6692619872490095,0.48640116561437585,119,23,27,31,0.7822972316658572,0.6525096827013921,0.5172413793103449,0.5454545454545454,0.6811559009227781,0.3748073685260835,0.66113946408189,0.4315201554152502,-0.0014570179698883967,-0.04227854021588051,0.01724137931034475,0.008116883116883189,0.005099562894608889,0.005928575008372461,0.008122523167119589,0.05488101019912567
German Credit,R5_F4,5,4,MI,Top25,0.25,5,10,75.0,1.0046091999975033,0.2846341999829747,0.72,0.5178571428571429,0.5,0.8098591549295775,0.5087719298245614,0.6549295774647887,0.31314626891700637,0.7527319086935406,0.5479093924812422,0.636340771493379,0.41209324915007284,115,27,29,29,0.7822972316658572,0.6525096827013921,0.5172413793103449,0.5454545454545454,0.6811559009227781,0.3748073685260835,0.66113946408189,0.4315201554152502,-0.02956532297231662,-0.10460029022014994,-0.017241379310344862,-0.03668261562998398,-0.026226323457989364,-0.06166109960907712,-0.024798692588510973,-0.019426906265177346
German Credit,R5_F4,5,4,MI,Top50,0.5,10,26,50.0,1.0046091999975033,0.3077120999805629,0.735,0.5490196078431373,0.4827586206896552,0.8380281690140845,0.5137614678899083,0.6603933948518699,0.33396151462219986,0.7877003399708598,0.6285420427796397,0.6360544968572399,0.45823215152986885,119,23,30,28,0.7822972316658572,0.6525096827013921,0.5172413793103449,0.5454545454545454,0.6811559009227781,0.3748073685260835,0.66113946408189,0.4315201554152502,0.0054031083050025686,-0.023967639921752437,-0.03448275862068967,-0.03169307756463713,-0.020762506070908238,-0.04084585390388362,-0.025084967224650034,0.026711996114618664
German Credit,R5_F4,5,4,MI,Top75,0.75,15,52,25.0,1.0046091999975033,0.33952730003511533,0.74,0.5555555555555556,0.5172413793103449,0.8309859154929577,0.5357142857142857,0.6741136474016514,0.3559161297447261,0.7694269062651773,0.6053812229713078,0.6556068189982828,0.4057795046138903,118,24,28,30,0.7822972316658572,0.6525096827013921,0.5172413793103449,0.5454545454545454,0.6811559009227781,0.3748073685260835,0.66113946408189,0.4315201554152502,-0.012870325400679894,-0.04712845973008428,0.0,-0.009740259740259716,-0.007042253521126751,-0.0188912387813574,-0.0055326450836071794,-0.0257406508013599
German Credit,R5_F4,5,4,L1,Top25,0.25,5,12,75.0,1.0046091999975033,0.29560890002176166,0.715,0.5094339622641509,0.46551724137931033,0.8169014084507042,0.4864864864864865,0.6412093249150073,0.2903721359673608,0.7547960174842157,0.5763720340918652,0.6166698388447784,0.38246721709567755,116,26,31,27,0.7822972316658572,0.6525096827013921,0.5172413793103449,0.5454545454545454,0.6811559009227781,0.3748073685260835,0.66113946408189,0.4315201554152502,-0.02750121418164153,-0.07613764860952688,-0.05172413793103453,-0.0589680589680589,-0.03994657600777085,-0.0844352325587227,-0.04446962523711151,-0.049052938319572637
German Credit,R5_F4,5,4,L1,Top50,0.5,10,33,50.0,1.0046091999975033,0.3206560999969952,0.73,0.54,0.46551724137931033,0.8380281690140845,0.5,0.6517727051966974,0.31809087296630334,0.7651165614375911,0.5900076471751047,0.6245931167068615,0.4533754249635745,119,23,31,27,0.7822972316658572,0.6525096827013921,0.5172413793103449,0.5454545454545454,0.6811559009227781,0.3748073685260835,0.66113946408189,0.4315201554152502,-0.01718067022826608,-0.06250203552628741,-0.05172413793103453,-0.045454545454545414,-0.029383195726080724,-0.056716495559780145,-0.03654634737502849,0.02185526954832434
German Credit,R5_F4,5,4,L1,Top75,0.75,15,46,25.0,1.0046091999975033,0.3381980999838561,0.75,0.5740740740740741,0.5344827586206896,0.8380281690140845,0.5535714285714286,0.686255463817387,0.38073594353445595,0.7887323943661971,0.6204542833822867,0.6692619872490095,0.4558037882467217,119,23,27,31,0.7822972316658572,0.6525096827013921,0.5172413793103449,0.5454545454545454,0.6811559009227781,0.3748073685260835,0.66113946408189,0.4315201554152502,0.006435162700339947,-0.03205539931910539,0.01724137931034475,0.008116883116883189,0.005099562894608889,0.005928575008372461,0.008122523167119589,0.024283632831471502
German Credit,R5_F4,5,4,RF,Top25,0.25,5,5,75.0,1.0046091999975033,0.25178350001806393,0.7,0.4791666666666667,0.39655172413793105,0.823943661971831,0.4339622641509434,0.610247693054881,0.2342692367143864,0.6852841185041283,0.4713550917963618,0.5716085021651185,0.33754249635745515,117,25,35,23,0.7822972316658572,0.6525096827013921,0.5172413793103449,0.5454545454545454,0.6811559009227781,0.3748073685260835,0.66113946408189,0.4315201554152502,-0.09701311316172889,-0.18115459090503028,-0.12068965517241381,-0.111492281303602,-0.07090820786789709,-0.14053813181169708,-0.08953096191677146,-0.09397765905779504
German Credit,R5_F4,5,4,RF,Top50,0.5,10,21,50.0,1.0046091999975033,0.316756299987901,0.735,0.5409836065573771,0.5689655172413793,0.8028169014084507,0.5546218487394958,0.685891209324915,0.3664162280959009,0.7549781447304517,0.5676975489215748,0.6758514138181414,0.4596891694997572,114,28,25,33,0.7822972316658572,0.6525096827013921,0.5172413793103449,0.5454545454545454,0.6811559009227781,0.3748073685260835,0.66113946408189,0.4315201554152502,-0.027319086935405523,-0.08481213377981733,0.051724137931034475,0.009167303284950412,0.004735308402136873,-0.008391140430182575,0.01471194973625145,0.028169014084507005
German Credit,R5_F4,5,4,RF,Top75,0.75,15,37,25.0,1.0046091999975033,0.40995689999544993,0.74,0.5555555555555556,0.5172413793103449,0.8309859154929577,0.5357142857142857,0.6741136474016514,0.3559161297447261,0.7733122875182128,0.6177435657759972,0.6556068189982828,0.44171928120446813,118,24,28,30,0.7822972316658572,0.6525096827013921,0.5172413793103449,0.5454545454545454,0.6811559009227781,0.3748073685260835,0.66113946408189,0.4315201554152502,-0.008984944147644391,-0.034766116925394885,0.0,-0.009740259740259716,-0.007042253521126751,-0.0188912387813574,-0.0055326450836071794,0.010199125789217944
German Credit,R5_F4,5,4,RFE,Top25,0.25,5,15,75.0,1.0046091999975033,0.300981700012926,0.715,0.5121951219512195,0.3620689655172414,0.8591549295774648,0.42424242424242425,0.610611947547353,0.24865644089052305,0.722013113161729,0.5053240955328191,0.5577394880866434,0.3916949975716367,122,20,37,21,0.7822972316658572,0.6525096827013921,0.5172413793103449,0.5454545454545454,0.6811559009227781,0.3748073685260835,0.66113946408189,0.4315201554152502,-0.06028411850412818,-0.147185587168573,-0.15517241379310348,-0.12121212121212116,-0.07054395337542507,-0.12615092763556043,-0.10339997599524653,-0.03982515784361346
German Credit,R5_F4,5,4,RFE,Top50,0.5,10,35,50.0,1.0046091999975033,0.32177099998807535,0.75,0.5833333333333334,0.4827586206896552,0.8591549295774648,0.5283018867924528,0.67095677513356,0.36327212036768286,0.7885502671199611,0.6173012581529876,0.6440220871690153,0.4463331714424478,122,20,30,28,0.7822972316658572,0.6525096827013921,0.5172413793103449,0.5454545454545454,0.6811559009227781,0.3748073685260835,0.66113946408189,0.4315201554152502,0.006253035454103939,-0.03520842454840445,-0.03448275862068967,-0.01715265866209259,-0.01019912578921811,-0.011535248158400624,-0.017117376912874627,0.01481301602719759
German Credit,R5_F4,5,4,RFE,Top75,0.75,15,47,25.0,1.0046091999975033,0.33825879998039454,0.745,0.5686274509803921,0.5,0.8450704225352113,0.5321100917431193,0.6725352112676056,0.3592424771219879,0.764934434191355,0.6039998055064045,0.6500270850261592,0.3909664885866926,120,22,29,29,0.7822972316658572,0.6525096827013921,0.5172413793103449,0.5454545454545454,0.6811559009227781,0.3748073685260835,0.66113946408189,0.4315201554152502,-0.0173627974745022,-0.04850987719498756,-0.017241379310344862,-0.013344453711426119,-0.008620689655172487,-0.01556489140409556,-0.011112379055730703,-0.0405536668285576
German Credit,R5_F4,5,4,EqualConsensus,Top25,0.25,5,12,75.0,1.0046091999975033,0.29087409999920055,0.715,0.5094339622641509,0.46551724137931033,0.8169014084507042,0.4864864864864865,0.6412093249150073,0.2903721359673608,0.7547960174842157,0.5763720340918652,0.6166698388447784,0.38246721709567755,116,26,31,27,0.7822972316658572,0.6525096827013921,0.5172413793103449,0.5454545454545454,0.6811559009227781,0.3748073685260835,0.66113946408189,0.4315201554152502,-0.02750121418164153,-0.07613764860952688,-0.05172413793103453,-0.0589680589680589,-0.03994657600777085,-0.0844352325587227,-0.04446962523711151,-0.049052938319572637
German Credit,R5_F4,5,4,EqualConsensus,Top50,0.5,10,26,50.0,1.0046091999975033,0.3184474000008777,0.745,0.5714285714285714,0.4827586206896552,0.852112676056338,0.5233644859813084,0.6674356483729966,0.35330483368358107,0.7843006313744537,0.6163863816377508,0.6413772214267737,0.450461389023798,121,21,30,28,0.7822972316658572,0.6525096827013921,0.5172413793103449,0.5454545454545454,0.6811559009227781,0.3748073685260835,0.66113946408189,0.4315201554152502,0.0020033997085965316,-0.036123301063641255,-0.03448275862068967,-0.022090059473237056,-0.013720252549781486,-0.02150253484250242,-0.01976224265511628,0.018941233608547825
German Credit,R5_F4,5,4,EqualConsensus,Top75,0.75,15,48,25.0,1.0046091999975033,0.36493820004398003,0.735,0.5471698113207547,0.5,0.8309859154929577,0.5225225225225225,0.6654929577464789,0.3403071550503119,0.7723409422049538,0.6030725438129547,0.6445874321971217,0.43710539096648854,118,24,29,29,0.7822972316658572,0.6525096827013921,0.5172413793103449,0.5454545454545454,0.6811559009227781,0.3748073685260835,0.66113946408189,0.4315201554152502,-0.009956289460903434,-0.04943713888843737,-0.017241379310344862,-0.0229320229320229,-0.015662943176299238,-0.03450021347577159,-0.01655203188476828,0.0055852355512383545
German Credit,R5_F5,5,5,Chi2,Top25,0.25,5,18,75.0,1.0929475000011735,0.23039670003345236,0.755,0.6052631578947368,0.40350877192982454,0.8951048951048951,0.4842105263157895,0.6493068335173598,0.3436100215469419,0.7721751932278248,0.6062884720696508,0.6009847560231046,0.43221690590111644,128,15,34,23,0.8024782235308552,0.6103496393017911,0.3859649122807017,0.4835164835164835,0.6510244141823089,0.3629853517674616,0.5946227781653596,0.5166237271500429,-0.030303030303030387,-0.004061167232140339,0.01754385964912286,0.0006940427993059606,-0.0017175806649490921,-0.019375330220519682,0.00636197785774506,-0.08440682124892646
German Credit,R5_F5,5,5,Chi2,Top50,0.5,10,35,50.0,1.0929475000011735,0.3161588999792002,0.775,0.65,0.45614035087719296,0.9020979020979021,0.5360824742268041,0.6791191264875476,0.4042848042158982,0.7801496748865171,0.5673863599746343,0.6414696045710324,0.44620291988713046,129,14,31,26,0.8024782235308552,0.6103496393017911,0.3859649122807017,0.4835164835164835,0.6510244141823089,0.3629853517674616,0.5946227781653596,0.5166237271500429,-0.022328548644338087,-0.04296327932715682,0.07017543859649128,0.05256599071032059,0.028094712305238634,0.04129945244843658,0.04684682640567284,-0.07042080726291244
German Credit,R5_F5,5,5,Chi2,Top75,0.75,15,52,25.0,1.0929475000011735,0.3728814000496641,0.77,0.6341463414634146,0.45614035087719296,0.8951048951048951,0.5306122448979592,0.675622622991044,0.39275833559256,0.7905778432094221,0.590162078813304,0.6389784510646974,0.5095080358238253,128,15,31,26,0.8024782235308552,0.6103496393017911,0.3859649122807017,0.4835164835164835,0.6510244141823089,0.3629853517674616,0.5946227781653596,0.5166237271500429,-0.011900380321433035,-0.020187560488487133,0.07017543859649128,0.0470957613814757,0.02459820880873509,0.02977298382509841,0.04435567289933784,-0.007115691326217588
German Credit,R5_F5,5,5,MI,Top25,0.25,5,8,75.0,1.0929475000011735,0.28760839998722076,0.765,0.631578947368421,0.42105263157894735,0.9020979020979021,0.5052631578947369,0.6615752668384247,0.37184420573321486,0.7288676236044657,0.5631173393493608,0.6163040610122322,0.3941847626058152,129,14,33,24,0.8024782235308552,0.6103496393017911,0.3859649122807017,0.4835164835164835,0.6510244141823089,0.3629853517674616,0.5946227781653596,0.5166237271500429,-0.07361059992638952,-0.04723229995243028,0.03508771929824567,0.02174667437825334,0.010550852656115772,0.008858853965753255,0.02168128284687265,-0.1224389645442277
German Credit,R5_F5,5,5,MI,Top50,0.5,10,26,50.0,1.0929475000011735,0.322783800016623,0.78,0.6756756756756757,0.43859649122807015,0.916083916083916,0.5319148936170213,0.6773402036559931,0.41233289275597224,0.7726659305606675,0.5976766575280577,0.6338700113310894,0.4571218255428781,131,12,32,25,0.8024782235308552,0.6103496393017911,0.3859649122807017,0.4835164835164835,0.6510244141823089,0.3629853517674616,0.5946227781653596,0.5166237271500429,-0.029812292970187726,-0.012672981773733438,0.052631578947368474,0.04839841010053775,0.02631578947368418,0.04934754098851063,0.03924723316572987,-0.05950190160716479
German Credit,R5_F5,5,5,MI,Top75,0.75,15,52,25.0,1.0929475000011735,0.3504545000032522,0.77,0.6341463414634146,0.45614035087719296,0.8951048951048951,0.5306122448979592,0.675622622991044,0.39275833559256,0.7905778432094221,0.590162078813304,0.6389784510646974,0.5095080358238253,128,15,31,26,0.8024782235308552,0.6103496393017911,0.3859649122807017,0.4835164835164835,0.6510244141823089,0.3629853517674616,0.5946227781653596,0.5166237271500429,-0.011900380321433035,-0.020187560488487133,0.07017543859649128,0.0470957613814757,0.02459820880873509,0.02977298382509841,0.04435567289933784,-0.007115691326217588
German Credit,R5_F5,5,5,L1,Top25,0.25,5,12,75.0,1.0929475000011735,0.3016531000030227,0.745,0.59375,0.3333333333333333,0.9090909090909091,0.42696629213483145,0.6212121212121212,0.29850517433595536,0.7389277389277389,0.5604881856376601,0.5504818825631803,0.4572445098760888,130,13,38,19,0.8024782235308552,0.6103496393017911,0.3859649122807017,0.4835164835164835,0.6510244141823089,0.3629853517674616,0.5946227781653596,0.5166237271500429,-0.0635504846031163,-0.04986145366413097,-0.05263157894736836,-0.05655019138165207,-0.029812292970187726,-0.06448017743150625,-0.044140895602179264,-0.05937921727395412
German Credit,R5_F5,5,5,L1,Top50,0.5,10,36,50.0,1.0929475000011735,0.34443240001564845,0.77,0.6410256410256411,0.43859649122807015,0.9020979020979021,0.5208333333333334,0.6703471966629861,0.38817288166393193,0.7758557232241442,0.5779814385430763,0.6290126982854504,0.481658692185008,129,14,32,25,0.8024782235308552,0.6103496393017911,0.3859649122807017,0.4835164835164835,0.6510244141823089,0.3629853517674616,0.5946227781653596,0.5166237271500429,-0.026622500306710983,-0.03236820075871483,0.052631578947368474,0.03731684981684985,0.019322782480677203,0.02518752989647033,0.03438992012009079,-0.03496503496503489
German Credit,R5_F5,5,5,L1,Top75,0.75,15,48,25.0,1.0929475000011735,0.35684279998531565,0.775,0.65,0.45614035087719296,0.9020979020979021,0.5360824742268041,0.6791191264875476,0.4042848042158982,0.812292970187707,0.6095046359552962,0.6414696045710324,0.5023923444976077,129,14,31,26,0.8024782235308552,0.6103496393017911,0.3859649122807017,0.4835164835164835,0.6510244141823089,0.3629853517674616,0.5946227781653596,0.5166237271500429,0.00981474665685178,-0.0008450033464948437,0.07017543859649128,0.05256599071032059,0.028094712305238634,0.04129945244843658,0.04684682640567284,-0.014231382652435176
German Credit,R5_F5,5,5,RF,Top25,0.25,5,5,75.0,1.0929475000011735,0.25073140003951266,0.7,0.4444444444444444,0.21052631578947367,0.8951048951048951,0.2857142857142857,0.5528156054471844,0.1395380890965774,0.6297386823702613,0.4386411797498989,0.43410037527230594,0.23641271009692066,128,15,45,12,0.8024782235308552,0.6103496393017911,0.3859649122807017,0.4835164835164835,0.6510244141823089,0.3629853517674616,0.5946227781653596,0.5166237271500429,-0.17273954116059387,-0.17170845955189218,-0.175438596491228,-0.19780219780219782,-0.0982088087351245,-0.22344726267088422,-0.16052240289305364,-0.28021101705312224
German Credit,R5_F5,5,5,RF,Top50,0.5,10,21,50.0,1.0929475000011735,0.32050560001516715,0.755,0.6428571428571429,0.3157894736842105,0.9300699300699301,0.4235294117647059,0.6229297018770703,0.3198519711614019,0.7660409765672923,0.5656716866691895,0.5419467627971346,0.4745430008587903,133,10,39,18,0.8024782235308552,0.6103496393017911,0.3859649122807017,0.4835164835164835,0.6510244141823089,0.3629853517674616,0.5946227781653596,0.5166237271500429,-0.036437246963562875,-0.04467795263260155,-0.07017543859649117,-0.05998707175177764,-0.028094712305238634,-0.0431333806060597,-0.05267601536822497,-0.04208072629125259
German Credit,R5_F5,5,5,RF,Top75,0.75,15,38,25.0,1.0929475000011735,0.3463991999742575,0.75,0.6,0.3684210526315789,0.9020979020979021,0.45652173913043476,0.6352594773647405,0.3213861469356847,0.7970801128695866,0.5923695379077984,0.5764996605962991,0.4711078395288921,129,14,36,21,0.8024782235308552,0.6103496393017911,0.3859649122807017,0.4835164835164835,0.6510244141823089,0.3629853517674616,0.5946227781653596,0.5166237271500429,-0.005398110661268607,-0.017980101393992642,-0.01754385964912275,-0.026994744386048763,-0.01576493681756841,-0.041599204831776926,-0.018123117569060487,-0.045515887621150775
German Credit,R5_F5,5,5,RFE,Top25,0.25,5,13,75.0,1.0929475000011735,0.2873646999942139,0.745,0.5882352941176471,0.3508771929824561,0.9020979020979021,0.43956043956043955,0.6264875475401791,0.30401128974187897,0.7623604465709728,0.5860438665959375,0.562606060830733,0.488651699178015,129,14,37,20,0.8024782235308552,0.6103496393017911,0.3859649122807017,0.4835164835164835,0.6510244141823089,0.3629853517674616,0.5946227781653596,0.5166237271500429,-0.04011777695988239,-0.024305772705853546,-0.03508771929824556,-0.043956043956043966,-0.02453686664212984,-0.05897406202558264,-0.03201671733462663,-0.027972027972027913
German Credit,R5_F5,5,5,RFE,Top50,0.5,10,36,50.0,1.0929475000011735,0.33102450001752004,0.77,0.6410256410256411,0.43859649122807015,0.9020979020979021,0.5208333333333334,0.6703471966629861,0.38817288166393193,0.7758557232241442,0.5779814385430763,0.6290126982854504,0.481658692185008,129,14,32,25,0.8024782235308552,0.6103496393017911,0.3859649122807017,0.4835164835164835,0.6510244141823089,0.3629853517674616,0.5946227781653596,0.5166237271500429,-0.026622500306710983,-0.03236820075871483,0.052631578947368474,0.03731684981684985,0.019322782480677203,0.02518752989647033,0.03438992012009079,-0.03496503496503489
German Credit,R5_F5,5,5,RFE,Top75,0.75,15,53,25.0,1.0929475000011735,0.3573834000271745,0.8,0.7073170731707317,0.5087719298245614,0.916083916083916,0.5918367346938775,0.7124279229542387,0.47506884951345973,0.8041958041958042,0.5844618935671162,0.6826988954636265,0.5096307201570359,131,12,28,29,0.8024782235308552,0.6103496393017911,0.3859649122807017,0.4835164835164835,0.6510244141823089,0.3629853517674616,0.5946227781653596,0.5166237271500429,0.001717580664948981,-0.025887745734674894,0.12280701754385975,0.10832025117739402,0.06140350877192979,0.11208349774599813,0.08807611729826692,-0.006993006993006978
German Credit,R5_F5,5,5,EqualConsensus,Top25,0.25,5,12,75.0,1.0929475000011735,0.29292169999098405,0.745,0.59375,0.3333333333333333,0.9090909090909091,0.42696629213483145,0.6212121212121212,0.29850517433595536,0.7389277389277389,0.5604881856376601,0.5504818825631803,0.4572445098760888,130,13,38,19,0.8024782235308552,0.6103496393017911,0.3859649122807017,0.4835164835164835,0.6510244141823089,0.3629853517674616,0.5946227781653596,0.5166237271500429,-0.0635504846031163,-0.04986145366413097,-0.05263157894736836,-0.05655019138165207,-0.029812292970187726,-0.06448017743150625,-0.044140895602179264,-0.05937921727395412
German Credit,R5_F5,5,5,EqualConsensus,Top50,0.5,10,27,50.0,1.0929475000011735,0.310871199995745,0.755,0.6111111111111112,0.38596491228070173,0.9020979020979021,0.4731182795698925,0.6440314071893019,0.33846944680861096,0.7470249049196419,0.5580276488637759,0.5900662146334272,0.4042448779290885,129,14,35,22,0.8024782235308552,0.6103496393017911,0.3859649122807017,0.4835164835164835,0.6510244141823089,0.3629853517674616,0.5946227781653596,0.5166237271500429,-0.055453318611213276,-0.05232199043801522,5.551115123125783e-17,-0.010398203946591023,-0.006993006993007089,-0.024515904958850643,-0.004556563531932345,-0.11237884922095442
German Credit,R5_F5,5,5,EqualConsensus,Top75,0.75,15,52,25.0,1.0929475000011735,0.3466829000390135,0.77,0.6341463414634146,0.45614035087719296,0.8951048951048951,0.5306122448979592,0.675622622991044,0.39275833559256,0.7905778432094221,0.590162078813304,0.6389784510646974,0.5095080358238253,128,15,31,26,0.8024782235308552,0.6103496393017911,0.3859649122807017,0.4835164835164835,0.6510244141823089,0.3629853517674616,0.5946227781653596,0.5166237271500429,-0.011900380321433035,-0.020187560488487133,0.07017543859649128,0.0470957613814757,0.02459820880873509,0.02977298382509841,0.04435567289933784,-0.007115691326217588
