source_feature,group_score,transformed_columns,source_rank,source_normalized_score,selector,run_id,repeat,fold
status,0.7583333333333333,4.0,1.0,1.0,Chi2,R1_F1,1,1
housing,0.7166666666666667,3.0,2.0,0.9473684210526316,Chi2,R1_F1,1,1
savings,0.6866666666666666,5.0,3.0,0.8947368421052632,Chi2,R1_F1,1,1
other_installment_plans,0.6833333333333332,3.0,4.0,0.8421052631578947,Chi2,R1_F1,1,1
credit_history,0.6333333333333333,5.0,5.0,0.7894736842105263,Chi2,R1_F1,1,1
duration,0.6,1.0,6.0,0.736842105263158,Chi2,R1_F1,1,1
amount,0.55,1.0,7.0,0.6842105263157895,Chi2,R1_F1,1,1
property,0.5041666666666667,4.0,8.0,0.631578947368421,Chi2,R1_F1,1,1
foreign_worker,0.5,2.0,9.0,0.5789473684210527,Chi2,R1_F1,1,1
purpose,0.49000000000000005,10.0,10.0,0.5263157894736843,Chi2,R1_F1,1,1
employment_duration,0.4800000000000001,5.0,11.0,0.4736842105263158,Chi2,R1_F1,1,1
personal_status_sex,0.4125,4.0,12.0,0.42105263157894735,Chi2,R1_F1,1,1
installment_rate,0.4,1.0,13.0,0.368421052631579,Chi2,R1_F1,1,1
other_debtors,0.39999999999999997,3.0,14.0,0.3157894736842105,Chi2,R1_F1,1,1
age,0.33333333333333337,1.0,15.0,0.26315789473684215,Chi2,R1_F1,1,1
job,0.2875,4.0,16.0,0.21052631578947367,Chi2,R1_F1,1,1
people_liable,0.15000000000000002,1.0,17.0,0.1578947368421053,Chi2,R1_F1,1,1
telephone,0.09999999999999998,2.0,18.0,0.10526315789473684,Chi2,R1_F1,1,1
present_residence,0.08333333333333337,1.0,19.0,0.052631578947368474,Chi2,R1_F1,1,1
number_credits,0.033333333333333326,1.0,20.0,0.0,Chi2,R1_F1,1,1
people_liable,0.9666666666666667,1.0,1.0,1.0,MI,R1_F1,1,1
installment_rate,0.9333333333333333,1.0,2.0,0.9473684210526316,MI,R1_F1,1,1
duration,0.8166666666666667,1.0,3.0,0.8947368421052632,MI,R1_F1,1,1
foreign_worker,0.7416666666666667,2.0,4.0,0.8421052631578947,MI,R1_F1,1,1
status,0.7333333333333334,4.0,5.0,0.7894736842105263,MI,R1_F1,1,1
other_installment_plans,0.7111111111111111,3.0,6.0,0.736842105263158,MI,R1_F1,1,1
housing,0.7000000000000001,3.0,7.0,0.6842105263157895,MI,R1_F1,1,1
savings,0.6599999999999999,5.0,8.0,0.631578947368421,MI,R1_F1,1,1
credit_history,0.5866666666666667,5.0,9.0,0.5789473684210527,MI,R1_F1,1,1
amount,0.55,1.0,10.0,0.5263157894736843,MI,R1_F1,1,1
age,0.5333333333333333,1.0,11.0,0.4736842105263158,MI,R1_F1,1,1
property,0.4708333333333333,4.0,12.0,0.42105263157894735,MI,R1_F1,1,1
employment_duration,0.41666666666666663,5.0,13.0,0.368421052631579,MI,R1_F1,1,1
purpose,0.41500000000000004,10.0,14.0,0.3157894736842105,MI,R1_F1,1,1
personal_status_sex,0.35,4.0,15.0,0.26315789473684215,MI,R1_F1,1,1
other_debtors,0.3333333333333333,3.0,16.0,0.21052631578947367,MI,R1_F1,1,1
job,0.2583333333333333,4.0,17.0,0.1578947368421053,MI,R1_F1,1,1
telephone,0.125,2.0,18.0,0.10526315789473684,MI,R1_F1,1,1
number_credits,0.008333333333333304,1.0,19.5,0.02631578947368418,MI,R1_F1,1,1
present_residence,0.008333333333333304,1.0,19.5,0.02631578947368418,MI,R1_F1,1,1
amount,0.7166666666666667,1.0,1.0,1.0,L1,R1_F1,1,1
installment_rate,0.7,1.0,2.5,0.9210526315789473,L1,R1_F1,1,1
savings,0.7,5.0,2.5,0.9210526315789473,L1,R1_F1,1,1
status,0.6625,4.0,4.0,0.8421052631578947,L1,R1_F1,1,1
duration,0.6333333333333333,1.0,5.0,0.7894736842105263,L1,R1_F1,1,1
number_credits,0.5833333333333333,1.0,6.0,0.736842105263158,L1,R1_F1,1,1
credit_history,0.5800000000000001,5.0,7.0,0.6842105263157895,L1,R1_F1,1,1
other_debtors,0.5666666666666668,3.0,8.0,0.631578947368421,L1,R1_F1,1,1
foreign_worker,0.5666666666666667,2.0,9.0,0.5789473684210527,L1,R1_F1,1,1
age,0.5333333333333333,1.0,10.0,0.5263157894736843,L1,R1_F1,1,1
purpose,0.5066666666666666,10.0,11.0,0.4736842105263158,L1,R1_F1,1,1
present_residence,0.4666666666666667,1.0,12.0,0.42105263157894735,L1,R1_F1,1,1
personal_status_sex,0.45833333333333337,4.0,13.0,0.368421052631579,L1,R1_F1,1,1
housing,0.45555555555555555,3.0,14.0,0.3157894736842105,L1,R1_F1,1,1
property,0.4375,4.0,15.0,0.26315789473684215,L1,R1_F1,1,1
people_liable,0.4,1.0,16.0,0.21052631578947367,L1,R1_F1,1,1
other_installment_plans,0.39444444444444443,3.0,17.0,0.1578947368421053,L1,R1_F1,1,1
employment_duration,0.3666666666666667,5.0,18.0,0.10526315789473684,L1,R1_F1,1,1
telephone,0.325,2.0,19.0,0.052631578947368474,L1,R1_F1,1,1
job,0.225,4.0,20.0,0.0,L1,R1_F1,1,1
amount,1.0,1.0,1.0,1.0,RF,R1_F1,1,1
age,0.9833333333333333,1.0,2.0,0.9473684210526316,RF,R1_F1,1,1
duration,0.9666666666666667,1.0,3.0,0.8947368421052632,RF,R1_F1,1,1
installment_rate,0.9333333333333333,1.0,4.0,0.8421052631578947,RF,R1_F1,1,1
present_residence,0.9166666666666666,1.0,5.0,0.7894736842105263,RF,R1_F1,1,1
number_credits,0.8666666666666667,1.0,6.0,0.736842105263158,RF,R1_F1,1,1
status,0.725,4.0,7.0,0.6842105263157895,RF,R1_F1,1,1
property,0.6041666666666666,4.0,8.0,0.631578947368421,RF,R1_F1,1,1
telephone,0.5416666666666667,2.0,9.0,0.5789473684210527,RF,R1_F1,1,1
employment_duration,0.53,5.0,10.0,0.5263157894736843,RF,R1_F1,1,1
other_installment_plans,0.5166666666666666,3.0,11.0,0.4736842105263158,RF,R1_F1,1,1
people_liable,0.5,1.0,12.0,0.42105263157894735,RF,R1_F1,1,1
credit_history,0.4966666666666667,5.0,13.0,0.368421052631579,RF,R1_F1,1,1
personal_status_sex,0.4875,4.0,14.0,0.3157894736842105,RF,R1_F1,1,1
housing,0.4222222222222222,3.0,15.0,0.26315789473684215,RF,R1_F1,1,1
job,0.42083333333333334,4.0,16.0,0.21052631578947367,RF,R1_F1,1,1
savings,0.4066666666666666,5.0,17.0,0.1578947368421053,RF,R1_F1,1,1
purpose,0.3433333333333334,10.0,18.0,0.10526315789473684,RF,R1_F1,1,1
other_debtors,0.24444444444444446,3.0,19.0,0.052631578947368474,RF,R1_F1,1,1
foreign_worker,0.07500000000000001,2.0,20.0,0.0,RF,R1_F1,1,1
foreign_worker,0.8416666666666667,2.0,1.0,1.0,RFE,R1_F1,1,1
status,0.73125,4.0,2.0,0.9473684210526316,RFE,R1_F1,1,1
savings,0.7016666666666667,5.0,3.0,0.8947368421052632,RFE,R1_F1,1,1
credit_history,0.6416666666666667,5.0,4.0,0.8421052631578947,RFE,R1_F1,1,1
amount,0.6416666666666666,1.0,5.0,0.7894736842105263,RFE,R1_F1,1,1
housing,0.5750000000000001,3.0,6.5,0.7105263157894737,RFE,R1_F1,1,1
other_debtors,0.5750000000000001,3.0,6.5,0.7105263157894737,RFE,R1_F1,1,1
purpose,0.5716666666666667,10.0,8.0,0.631578947368421,RFE,R1_F1,1,1
duration,0.5416666666666667,1.0,9.5,0.5526315789473684,RFE,R1_F1,1,1
installment_rate,0.5416666666666667,1.0,9.5,0.5526315789473684,RFE,R1_F1,1,1
age,0.44166666666666665,1.0,11.5,0.4473684210526315,RFE,R1_F1,1,1
number_credits,0.44166666666666665,1.0,11.5,0.4473684210526315,RFE,R1_F1,1,1
other_installment_plans,0.4083333333333334,3.0,13.0,0.368421052631579,RFE,R1_F1,1,1
property,0.3916666666666667,4.0,14.0,0.3157894736842105,RFE,R1_F1,1,1
personal_status_sex,0.3666666666666667,4.0,15.0,0.26315789473684215,RFE,R1_F1,1,1
telephone,0.2916666666666667,2.0,16.0,0.21052631578947367,RFE,R1_F1,1,1
employment_duration,0.2416666666666667,5.0,17.5,0.13157894736842102,RFE,R1_F1,1,1
present_residence,0.2416666666666667,1.0,17.5,0.13157894736842102,RFE,R1_F1,1,1
job,0.24166666666666667,4.0,19.0,0.052631578947368474,RFE,R1_F1,1,1
people_liable,0.14166666666666672,1.0,20.0,0.0,RFE,R1_F1,1,1
age,0.531578947368421,,9.0,0.5789473684210527,EqualConsensus,R1_F1,1,1
amount,0.8,,2.0,0.9473684210526316,EqualConsensus,R1_F1,1,1
credit_history,0.6526315789473685,,6.0,0.736842105263158,EqualConsensus,R1_F1,1,1
duration,0.773684210526316,,3.0,0.8947368421052632,EqualConsensus,R1_F1,1,1
employment_duration,0.32105263157894737,,17.0,0.1578947368421053,EqualConsensus,R1_F1,1,1
foreign_worker,0.6,,7.0,0.6842105263157895,EqualConsensus,R1_F1,1,1
housing,0.5842105263157895,,8.0,0.631578947368421,EqualConsensus,R1_F1,1,1
installment_rate,0.7263157894736842,,4.0,0.8421052631578947,EqualConsensus,R1_F1,1,1
job,0.12631578947368421,,20.0,0.0,EqualConsensus,R1_F1,1,1
number_credits,0.3894736842105263,,13.0,0.368421052631579,EqualConsensus,R1_F1,1,1
other_debtors,0.3842105263157895,,14.0,0.3157894736842105,EqualConsensus,R1_F1,1,1
other_installment_plans,0.5157894736842106,,10.0,0.5263157894736843,EqualConsensus,R1_F1,1,1
people_liable,0.35789473684210527,,15.0,0.26315789473684215,EqualConsensus,R1_F1,1,1
personal_status_sex,0.3263157894736842,,16.0,0.21052631578947367,EqualConsensus,R1_F1,1,1
present_residence,0.28421052631578947,,18.0,0.10526315789473684,EqualConsensus,R1_F1,1,1
property,0.4526315789473684,,11.0,0.4736842105263158,EqualConsensus,R1_F1,1,1
purpose,0.41052631578947363,,12.0,0.42105263157894735,EqualConsensus,R1_F1,1,1
savings,0.7,,5.0,0.7894736842105263,EqualConsensus,R1_F1,1,1
status,0.8526315789473685,,1.0,1.0,EqualConsensus,R1_F1,1,1
telephone,0.21052631578947373,,19.0,0.052631578947368474,EqualConsensus,R1_F1,1,1
status,0.8375,4.0,1.0,1.0,Chi2,R1_F2,1,2
duration,0.7666666666666666,1.0,2.0,0.9473684210526316,Chi2,R1_F2,1,2
credit_history,0.67,5.0,3.0,0.8947368421052632,Chi2,R1_F2,1,2
housing,0.6611111111111111,3.0,4.0,0.8421052631578947,Chi2,R1_F2,1,2
savings,0.6066666666666667,5.0,5.0,0.7894736842105263,Chi2,R1_F2,1,2
amount,0.5833333333333333,1.0,6.0,0.736842105263158,Chi2,R1_F2,1,2
other_installment_plans,0.5777777777777778,3.0,7.0,0.6842105263157895,Chi2,R1_F2,1,2
property,0.475,4.0,8.0,0.631578947368421,Chi2,R1_F2,1,2
employment_duration,0.4733333333333333,5.0,9.0,0.5789473684210527,Chi2,R1_F2,1,2
personal_status_sex,0.44166666666666665,4.0,10.0,0.5263157894736843,Chi2,R1_F2,1,2
purpose,0.44000000000000006,10.0,11.0,0.4736842105263158,Chi2,R1_F2,1,2
foreign_worker,0.4166666666666667,2.0,12.0,0.42105263157894735,Chi2,R1_F2,1,2
number_credits,0.41666666666666663,1.0,13.5,0.3421052631578947,Chi2,R1_F2,1,2
telephone,0.41666666666666663,2.0,13.5,0.3421052631578947,Chi2,R1_F2,1,2
other_debtors,0.41111111111111115,3.0,15.0,0.26315789473684215,Chi2,R1_F2,1,2
installment_rate,0.4,1.0,16.0,0.21052631578947367,Chi2,R1_F2,1,2
age,0.33333333333333337,1.0,17.0,0.1578947368421053,Chi2,R1_F2,1,2
job,0.23333333333333334,4.0,18.0,0.10526315789473684,Chi2,R1_F2,1,2
people_liable,0.15000000000000002,1.0,19.0,0.052631578947368474,Chi2,R1_F2,1,2
present_residence,0.1333333333333333,1.0,20.0,0.0,Chi2,R1_F2,1,2
duration,0.9666666666666667,1.0,1.0,1.0,MI,R1_F2,1,2
number_credits,0.95,1.0,2.0,0.9473684210526316,MI,R1_F2,1,2
installment_rate,0.9333333333333333,1.0,3.0,0.8947368421052632,MI,R1_F2,1,2
amount,0.8666666666666667,1.0,4.0,0.8421052631578947,MI,R1_F2,1,2
status,0.8041666666666667,4.0,5.0,0.7894736842105263,MI,R1_F2,1,2
people_liable,0.65,1.0,6.0,0.736842105263158,MI,R1_F2,1,2
housing,0.6277777777777778,3.0,7.0,0.6842105263157895,MI,R1_F2,1,2
credit_history,0.6166666666666666,5.0,8.0,0.631578947368421,MI,R1_F2,1,2
savings,0.5766666666666667,5.0,9.0,0.5789473684210527,MI,R1_F2,1,2
foreign_worker,0.5583333333333333,2.0,10.0,0.5263157894736843,MI,R1_F2,1,2
other_installment_plans,0.5499999999999999,3.0,11.0,0.4736842105263158,MI,R1_F2,1,2
telephone,0.44166666666666665,2.0,12.0,0.42105263157894735,MI,R1_F2,1,2
property,0.4375,4.0,13.0,0.368421052631579,MI,R1_F2,1,2
employment_duration,0.42666666666666664,5.0,14.0,0.3157894736842105,MI,R1_F2,1,2
purpose,0.395,10.0,15.0,0.26315789473684215,MI,R1_F2,1,2
personal_status_sex,0.38749999999999996,4.0,16.0,0.21052631578947367,MI,R1_F2,1,2
other_debtors,0.3666666666666667,3.0,17.0,0.1578947368421053,MI,R1_F2,1,2
job,0.22916666666666666,4.0,18.0,0.10526315789473684,MI,R1_F2,1,2
age,0.008333333333333304,1.0,19.5,0.02631578947368418,MI,R1_F2,1,2
present_residence,0.008333333333333304,1.0,19.5,0.02631578947368418,MI,R1_F2,1,2
duration,0.7333333333333334,1.0,1.0,1.0,L1,R1_F2,1,2
amount,0.6833333333333333,1.0,2.0,0.9473684210526316,L1,R1_F2,1,2
installment_rate,0.6666666666666667,1.0,3.0,0.8947368421052632,L1,R1_F2,1,2
status,0.6625,4.0,4.0,0.8421052631578947,L1,R1_F2,1,2
savings,0.63,5.0,5.0,0.7894736842105263,L1,R1_F2,1,2
other_debtors,0.561111111111111,3.0,6.0,0.736842105263158,L1,R1_F2,1,2
credit_history,0.55,5.0,7.0,0.6842105263157895,L1,R1_F2,1,2
purpose,0.5366666666666666,10.0,8.0,0.631578947368421,L1,R1_F2,1,2
foreign_worker,0.5333333333333333,2.0,9.0,0.5789473684210527,L1,R1_F2,1,2
age,0.5,1.0,10.0,0.5263157894736843,L1,R1_F2,1,2
personal_status_sex,0.49166666666666664,4.0,11.0,0.4736842105263158,L1,R1_F2,1,2
people_liable,0.4666666666666667,1.0,12.0,0.42105263157894735,L1,R1_F2,1,2
employment_duration,0.45,5.0,13.5,0.3421052631578947,L1,R1_F2,1,2
other_installment_plans,0.45,3.0,13.5,0.3421052631578947,L1,R1_F2,1,2
telephone,0.4333333333333333,2.0,15.0,0.26315789473684215,L1,R1_F2,1,2
housing,0.4166666666666667,3.0,16.0,0.21052631578947367,L1,R1_F2,1,2
present_residence,0.4,1.0,17.0,0.1578947368421053,L1,R1_F2,1,2
number_credits,0.3666666666666667,1.0,18.0,0.10526315789473684,L1,R1_F2,1,2
property,0.3125,4.0,19.0,0.052631578947368474,L1,R1_F2,1,2
job,0.27083333333333326,4.0,20.0,0.0,L1,R1_F2,1,2
amount,1.0,1.0,1.0,1.0,RF,R1_F2,1,2
duration,0.9833333333333333,1.0,2.0,0.9473684210526316,RF,R1_F2,1,2
age,0.9666666666666667,1.0,3.0,0.8947368421052632,RF,R1_F2,1,2
present_residence,0.9166666666666666,1.0,4.0,0.8421052631578947,RF,R1_F2,1,2
installment_rate,0.9,1.0,5.0,0.7894736842105263,RF,R1_F2,1,2
number_credits,0.8166666666666667,1.0,6.0,0.736842105263158,RF,R1_F2,1,2
status,0.7708333333333334,4.0,7.0,0.6842105263157895,RF,R1_F2,1,2
property,0.625,4.0,8.0,0.631578947368421,RF,R1_F2,1,2
telephone,0.5583333333333333,2.0,9.0,0.5789473684210527,RF,R1_F2,1,2
employment_duration,0.5433333333333333,5.0,10.0,0.5263157894736843,RF,R1_F2,1,2
credit_history,0.53,5.0,11.0,0.4736842105263158,RF,R1_F2,1,2
other_installment_plans,0.4777777777777777,3.0,12.0,0.42105263157894735,RF,R1_F2,1,2
personal_status_sex,0.4708333333333333,4.0,13.0,0.368421052631579,RF,R1_F2,1,2
job,0.4458333333333333,4.0,14.0,0.3157894736842105,RF,R1_F2,1,2
savings,0.42000000000000004,5.0,15.0,0.26315789473684215,RF,R1_F2,1,2
housing,0.4055555555555556,3.0,16.0,0.21052631578947367,RF,R1_F2,1,2
people_liable,0.4,1.0,17.0,0.1578947368421053,RF,R1_F2,1,2
purpose,0.31,10.0,18.0,0.10526315789473684,RF,R1_F2,1,2
other_debtors,0.2611111111111111,3.0,19.0,0.052631578947368474,RF,R1_F2,1,2
foreign_worker,0.07500000000000001,2.0,20.0,0.0,RF,R1_F2,1,2
duration,0.8416666666666667,1.0,1.0,1.0,RFE,R1_F2,1,2
status,0.83125,4.0,2.0,0.9473684210526316,RFE,R1_F2,1,2
amount,0.6416666666666666,1.0,3.5,0.868421052631579,RFE,R1_F2,1,2
foreign_worker,0.6416666666666666,2.0,3.5,0.868421052631579,RFE,R1_F2,1,2
credit_history,0.6216666666666667,5.0,6.0,0.736842105263158,RFE,R1_F2,1,2
purpose,0.6216666666666667,10.0,6.0,0.736842105263158,RFE,R1_F2,1,2
savings,0.6216666666666667,5.0,6.0,0.736842105263158,RFE,R1_F2,1,2
other_debtors,0.5750000000000001,3.0,8.0,0.631578947368421,RFE,R1_F2,1,2
installment_rate,0.5416666666666667,1.0,9.0,0.5789473684210527,RFE,R1_F2,1,2
property,0.4666666666666667,4.0,10.0,0.5263157894736843,RFE,R1_F2,1,2
employment_duration,0.40166666666666667,5.0,11.0,0.4736842105263158,RFE,R1_F2,1,2
telephone,0.39166666666666666,2.0,12.0,0.42105263157894735,RFE,R1_F2,1,2
housing,0.375,3.0,13.0,0.368421052631579,RFE,R1_F2,1,2
age,0.3416666666666667,1.0,14.0,0.3157894736842105,RFE,R1_F2,1,2
other_installment_plans,0.3416666666666666,3.0,15.0,0.26315789473684215,RFE,R1_F2,1,2
personal_status_sex,0.3166666666666667,4.0,16.0,0.21052631578947367,RFE,R1_F2,1,2
job,0.2416666666666667,4.0,17.5,0.13157894736842102,RFE,R1_F2,1,2
people_liable,0.2416666666666667,1.0,17.5,0.13157894736842102,RFE,R1_F2,1,2
number_credits,0.04166666666666663,1.0,19.5,0.02631578947368418,RFE,R1_F2,1,2
present_residence,0.04166666666666663,1.0,19.5,0.02631578947368418,RFE,R1_F2,1,2
age,0.38421052631578945,,15.0,0.26315789473684215,EqualConsensus,R1_F2,1,2
amount,0.8789473684210526,,2.0,0.9473684210526316,EqualConsensus,R1_F2,1,2
credit_history,0.6842105263157895,,4.0,0.8421052631578947,EqualConsensus,R1_F2,1,2
duration,0.9789473684210528,,1.0,1.0,EqualConsensus,R1_F2,1,2
employment_duration,0.4473684210526316,,9.0,0.5789473684210527,EqualConsensus,R1_F2,1,2
foreign_worker,0.4789473684210527,,7.0,0.6842105263157895,EqualConsensus,R1_F2,1,2
housing,0.4631578947368421,,8.0,0.631578947368421,EqualConsensus,R1_F2,1,2
installment_rate,0.6736842105263159,,5.0,0.7894736842105263,EqualConsensus,R1_F2,1,2
job,0.13157894736842105,,20.0,0.0,EqualConsensus,R1_F2,1,2
number_credits,0.43157894736842106,,13.0,0.368421052631579,EqualConsensus,R1_F2,1,2
other_debtors,0.368421052631579,,16.0,0.21052631578947367,EqualConsensus,R1_F2,1,2
other_installment_plans,0.43684210526315786,,12.0,0.42105263157894735,EqualConsensus,R1_F2,1,2
people_liable,0.30000000000000004,,18.0,0.10526315789473684,EqualConsensus,R1_F2,1,2
personal_status_sex,0.3578947368421053,,17.0,0.1578947368421053,EqualConsensus,R1_F2,1,2
present_residence,0.21052631578947362,,19.0,0.052631578947368474,EqualConsensus,R1_F2,1,2
property,0.4421052631578948,,10.5,0.5,EqualConsensus,R1_F2,1,2
purpose,0.4421052631578948,,10.5,0.5,EqualConsensus,R1_F2,1,2
savings,0.631578947368421,,6.0,0.736842105263158,EqualConsensus,R1_F2,1,2
status,0.8526315789473685,,3.0,0.8947368421052632,EqualConsensus,R1_F2,1,2
telephone,0.4052631578947368,,14.0,0.3157894736842105,EqualConsensus,R1_F2,1,2
status,0.825,4.0,1.0,1.0,Chi2,R1_F3,1,3
duration,0.7166666666666667,1.0,2.0,0.9473684210526316,Chi2,R1_F3,1,3
credit_history,0.6933333333333334,5.0,3.5,0.868421052631579,Chi2,R1_F3,1,3
savings,0.6933333333333334,5.0,3.5,0.868421052631579,Chi2,R1_F3,1,3
housing,0.6722222222222222,3.0,5.0,0.7894736842105263,Chi2,R1_F3,1,3
other_installment_plans,0.6388888888888888,3.0,6.0,0.736842105263158,Chi2,R1_F3,1,3
amount,0.55,1.0,7.5,0.6578947368421053,Chi2,R1_F3,1,3
property,0.55,4.0,7.5,0.6578947368421053,Chi2,R1_F3,1,3
purpose,0.485,10.0,9.0,0.5789473684210527,Chi2,R1_F3,1,3
employment_duration,0.45999999999999996,5.0,10.0,0.5263157894736843,Chi2,R1_F3,1,3
age,0.44999999999999996,1.0,11.0,0.4736842105263158,Chi2,R1_F3,1,3
personal_status_sex,0.4458333333333333,4.0,12.0,0.42105263157894735,Chi2,R1_F3,1,3
foreign_worker,0.43333333333333335,2.0,13.0,0.368421052631579,Chi2,R1_F3,1,3
installment_rate,0.4,1.0,14.0,0.3157894736842105,Chi2,R1_F3,1,3
telephone,0.2583333333333333,2.0,15.0,0.26315789473684215,Chi2,R1_F3,1,3
number_credits,0.25,1.0,16.0,0.21052631578947367,Chi2,R1_F3,1,3
other_debtors,0.19444444444444445,3.0,17.0,0.1578947368421053,Chi2,R1_F3,1,3
job,0.1791666666666667,4.0,18.0,0.10526315789473684,Chi2,R1_F3,1,3
people_liable,0.08333333333333337,1.0,19.0,0.052631578947368474,Chi2,R1_F3,1,3
present_residence,0.06666666666666665,1.0,20.0,0.0,Chi2,R1_F3,1,3
duration,0.9833333333333333,1.0,1.0,1.0,MI,R1_F3,1,3
installment_rate,0.95,1.0,2.0,0.9473684210526316,MI,R1_F3,1,3
amount,0.9333333333333333,1.0,3.0,0.8947368421052632,MI,R1_F3,1,3
number_credits,0.9,1.0,4.0,0.8421052631578947,MI,R1_F3,1,3
status,0.7875,4.0,5.0,0.7894736842105263,MI,R1_F3,1,3
age,0.7833333333333333,1.0,6.0,0.736842105263158,MI,R1_F3,1,3
foreign_worker,0.625,2.0,7.0,0.6842105263157895,MI,R1_F3,1,3
other_installment_plans,0.6166666666666667,3.0,8.0,0.631578947368421,MI,R1_F3,1,3
credit_history,0.6166666666666666,5.0,9.0,0.5789473684210527,MI,R1_F3,1,3
savings,0.6133333333333333,5.0,10.0,0.5263157894736843,MI,R1_F3,1,3
housing,0.5944444444444444,3.0,11.0,0.4736842105263158,MI,R1_F3,1,3
people_liable,0.5666666666666667,1.0,12.0,0.42105263157894735,MI,R1_F3,1,3
property,0.5041666666666667,4.0,13.0,0.368421052631579,MI,R1_F3,1,3
purpose,0.4,10.0,14.0,0.3157894736842105,MI,R1_F3,1,3
personal_status_sex,0.38749999999999996,4.0,15.0,0.26315789473684215,MI,R1_F3,1,3
employment_duration,0.3866666666666667,5.0,16.0,0.21052631578947367,MI,R1_F3,1,3
telephone,0.275,2.0,17.0,0.1578947368421053,MI,R1_F3,1,3
other_debtors,0.17222222222222225,3.0,18.0,0.10526315789473684,MI,R1_F3,1,3
job,0.15833333333333333,4.0,19.0,0.052631578947368474,MI,R1_F3,1,3
present_residence,0.0,1.0,20.0,0.0,MI,R1_F3,1,3
duration,0.6833333333333333,1.0,1.0,1.0,L1,R1_F3,1,3
status,0.6791666666666667,4.0,2.0,0.9473684210526316,L1,R1_F3,1,3
installment_rate,0.6666666666666667,1.0,3.0,0.8947368421052632,L1,R1_F3,1,3
age,0.6166666666666667,1.0,4.0,0.8421052631578947,L1,R1_F3,1,3
amount,0.5833333333333333,1.0,5.0,0.7894736842105263,L1,R1_F3,1,3
purpose,0.5741666666666666,10.0,6.0,0.736842105263158,L1,R1_F3,1,3
number_credits,0.5666666666666667,1.0,7.0,0.6842105263157895,L1,R1_F3,1,3
savings,0.5599999999999999,5.0,8.0,0.631578947368421,L1,R1_F3,1,3
foreign_worker,0.5458333333333334,2.0,9.0,0.5789473684210527,L1,R1_F3,1,3
property,0.5104166666666666,4.0,10.0,0.5263157894736843,L1,R1_F3,1,3
credit_history,0.5,5.0,11.0,0.4736842105263158,L1,R1_F3,1,3
personal_status_sex,0.4708333333333333,4.0,12.0,0.42105263157894735,L1,R1_F3,1,3
other_debtors,0.4694444444444444,3.0,13.0,0.368421052631579,L1,R1_F3,1,3
telephone,0.43333333333333335,2.0,14.0,0.3157894736842105,L1,R1_F3,1,3
job,0.42500000000000004,4.0,15.0,0.26315789473684215,L1,R1_F3,1,3
people_liable,0.41666666666666663,1.0,16.0,0.21052631578947367,L1,R1_F3,1,3
other_installment_plans,0.38888888888888884,3.0,17.0,0.1578947368421053,L1,R1_F3,1,3
employment_duration,0.35666666666666663,5.0,18.0,0.10526315789473684,L1,R1_F3,1,3
housing,0.31666666666666665,3.0,19.5,0.02631578947368418,L1,R1_F3,1,3
present_residence,0.31666666666666665,1.0,19.5,0.02631578947368418,L1,R1_F3,1,3
amount,1.0,1.0,1.0,1.0,RF,R1_F3,1,3
age,0.9833333333333333,1.0,2.0,0.9473684210526316,RF,R1_F3,1,3
duration,0.9666666666666667,1.0,3.0,0.8947368421052632,RF,R1_F3,1,3
installment_rate,0.9166666666666666,1.0,4.0,0.8421052631578947,RF,R1_F3,1,3
present_residence,0.9,1.0,5.0,0.7894736842105263,RF,R1_F3,1,3
number_credits,0.8333333333333334,1.0,6.0,0.736842105263158,RF,R1_F3,1,3
status,0.7333333333333333,4.0,7.0,0.6842105263157895,RF,R1_F3,1,3
property,0.6416666666666666,4.0,8.0,0.631578947368421,RF,R1_F3,1,3
employment_duration,0.5633333333333332,5.0,9.0,0.5789473684210527,RF,R1_F3,1,3
credit_history,0.5466666666666666,5.0,10.0,0.5263157894736843,RF,R1_F3,1,3
telephone,0.5416666666666667,2.0,11.0,0.4736842105263158,RF,R1_F3,1,3
other_installment_plans,0.5333333333333333,3.0,12.0,0.42105263157894735,RF,R1_F3,1,3
personal_status_sex,0.5125,4.0,13.0,0.368421052631579,RF,R1_F3,1,3
people_liable,0.44999999999999996,1.0,14.0,0.3157894736842105,RF,R1_F3,1,3
savings,0.4333333333333334,5.0,15.0,0.26315789473684215,RF,R1_F3,1,3
job,0.4041666666666667,4.0,16.0,0.21052631578947367,RF,R1_F3,1,3
housing,0.39999999999999997,3.0,17.0,0.1578947368421053,RF,R1_F3,1,3
purpose,0.29333333333333333,10.0,18.0,0.10526315789473684,RF,R1_F3,1,3
other_debtors,0.19999999999999998,3.0,19.0,0.052631578947368474,RF,R1_F3,1,3
foreign_worker,0.07500000000000001,2.0,20.0,0.0,RF,R1_F3,1,3
status,0.78125,4.0,1.0,1.0,RFE,R1_F3,1,3
foreign_worker,0.7416666666666667,2.0,2.0,0.9473684210526316,RFE,R1_F3,1,3
purpose,0.6516666666666666,10.0,3.0,0.8947368421052632,RFE,R1_F3,1,3
duration,0.6416666666666666,1.0,4.0,0.8421052631578947,RFE,R1_F3,1,3
housing,0.6083333333333334,3.0,5.0,0.7894736842105263,RFE,R1_F3,1,3
age,0.5416666666666667,1.0,6.5,0.7105263157894737,RFE,R1_F3,1,3
installment_rate,0.5416666666666667,1.0,6.5,0.7105263157894737,RFE,R1_F3,1,3
savings,0.5416666666666666,5.0,8.0,0.631578947368421,RFE,R1_F3,1,3
credit_history,0.5016666666666667,5.0,9.0,0.5789473684210527,RFE,R1_F3,1,3
job,0.4666666666666667,4.0,10.0,0.5263157894736843,RFE,R1_F3,1,3
personal_status_sex,0.4416666666666667,4.0,11.0,0.4736842105263158,RFE,R1_F3,1,3
amount,0.44166666666666665,1.0,12.0,0.42105263157894735,RFE,R1_F3,1,3
property,0.4166666666666667,4.0,13.0,0.368421052631579,RFE,R1_F3,1,3
other_debtors,0.375,3.0,14.5,0.2894736842105263,RFE,R1_F3,1,3
other_installment_plans,0.375,3.0,14.5,0.2894736842105263,RFE,R1_F3,1,3
number_credits,0.3416666666666667,1.0,16.0,0.21052631578947367,RFE,R1_F3,1,3
employment_duration,0.30166666666666664,5.0,17.0,0.1578947368421053,RFE,R1_F3,1,3
people_liable,0.2416666666666667,1.0,18.0,0.10526315789473684,RFE,R1_F3,1,3
telephone,0.24166666666666664,2.0,19.0,0.052631578947368474,RFE,R1_F3,1,3
present_residence,0.04166666666666663,1.0,20.0,0.0,RFE,R1_F3,1,3
age,0.7421052631578947,,4.5,0.8157894736842105,EqualConsensus,R1_F3,1,3
amount,0.7526315789473684,,3.0,0.8947368421052632,EqualConsensus,R1_F3,1,3
credit_history,0.605263157894737,,6.0,0.736842105263158,EqualConsensus,R1_F3,1,3
duration,0.9368421052631579,,1.0,1.0,EqualConsensus,R1_F3,1,3
employment_duration,0.3157894736842105,,15.0,0.26315789473684215,EqualConsensus,R1_F3,1,3
foreign_worker,0.5157894736842106,,10.0,0.5263157894736843,EqualConsensus,R1_F3,1,3
housing,0.4473684210526315,,13.0,0.368421052631579,EqualConsensus,R1_F3,1,3
installment_rate,0.7421052631578947,,4.5,0.8157894736842105,EqualConsensus,R1_F3,1,3
job,0.23157894736842105,,17.0,0.1578947368421053,EqualConsensus,R1_F3,1,3
number_credits,0.5368421052631579,,8.0,0.631578947368421,EqualConsensus,R1_F3,1,3
other_debtors,0.19473684210526318,,19.0,0.052631578947368474,EqualConsensus,R1_F3,1,3
other_installment_plans,0.4473684210526316,,12.0,0.42105263157894735,EqualConsensus,R1_F3,1,3
people_liable,0.22105263157894733,,18.0,0.10526315789473684,EqualConsensus,R1_F3,1,3
personal_status_sex,0.3894736842105263,,14.0,0.3157894736842105,EqualConsensus,R1_F3,1,3
present_residence,0.1631578947368421,,20.0,0.0,EqualConsensus,R1_F3,1,3
property,0.5105263157894736,,11.0,0.4736842105263158,EqualConsensus,R1_F3,1,3
purpose,0.5263157894736843,,9.0,0.5789473684210527,EqualConsensus,R1_F3,1,3
savings,0.5842105263157894,,7.0,0.6842105263157895,EqualConsensus,R1_F3,1,3
status,0.8842105263157893,,2.0,0.9473684210526316,EqualConsensus,R1_F3,1,3
telephone,0.2526315789473685,,16.0,0.21052631578947367,EqualConsensus,R1_F3,1,3
status,0.8416666666666667,4.0,1.0,1.0,Chi2,R1_F4,1,4
housing,0.7555555555555555,3.0,2.0,0.9473684210526316,Chi2,R1_F4,1,4
savings,0.7033333333333334,5.0,3.0,0.8947368421052632,Chi2,R1_F4,1,4
credit_history,0.6900000000000001,5.0,4.0,0.8421052631578947,Chi2,R1_F4,1,4
duration,0.65,1.0,5.0,0.7894736842105263,Chi2,R1_F4,1,4
amount,0.6,1.0,6.0,0.736842105263158,Chi2,R1_F4,1,4
employment_duration,0.5633333333333332,5.0,7.0,0.6842105263157895,Chi2,R1_F4,1,4
property,0.5333333333333333,4.0,8.0,0.631578947368421,Chi2,R1_F4,1,4
personal_status_sex,0.5166666666666666,4.0,9.0,0.5789473684210527,Chi2,R1_F4,1,4
age,0.41666666666666663,1.0,10.0,0.5263157894736843,Chi2,R1_F4,1,4
other_installment_plans,0.41111111111111115,3.0,11.0,0.4736842105263158,Chi2,R1_F4,1,4
purpose,0.40499999999999997,10.0,12.0,0.42105263157894735,Chi2,R1_F4,1,4
other_debtors,0.37222222222222223,3.0,13.0,0.368421052631579,Chi2,R1_F4,1,4
foreign_worker,0.33333333333333337,2.0,14.0,0.3157894736842105,Chi2,R1_F4,1,4
telephone,0.3333333333333333,2.0,15.0,0.26315789473684215,Chi2,R1_F4,1,4
people_liable,0.2666666666666667,1.0,16.0,0.21052631578947367,Chi2,R1_F4,1,4
number_credits,0.23333333333333328,1.0,17.0,0.1578947368421053,Chi2,R1_F4,1,4
job,0.20833333333333334,4.0,18.0,0.10526315789473684,Chi2,R1_F4,1,4
installment_rate,0.08333333333333337,1.0,19.0,0.052631578947368474,Chi2,R1_F4,1,4
present_residence,0.06666666666666665,1.0,20.0,0.0,Chi2,R1_F4,1,4
age,0.9833333333333333,1.0,1.0,1.0,MI,R1_F4,1,4
duration,0.95,1.0,2.0,0.9473684210526316,MI,R1_F4,1,4
people_liable,0.9166666666666666,1.0,3.0,0.8947368421052632,MI,R1_F4,1,4
amount,0.8666666666666667,1.0,4.0,0.8421052631578947,MI,R1_F4,1,4
status,0.7875,4.0,5.0,0.7894736842105263,MI,R1_F4,1,4
housing,0.7444444444444445,3.0,6.0,0.736842105263158,MI,R1_F4,1,4
credit_history,0.6466666666666667,5.0,7.0,0.6842105263157895,MI,R1_F4,1,4
savings,0.6333333333333333,5.0,8.0,0.631578947368421,MI,R1_F4,1,4
foreign_worker,0.525,2.0,9.0,0.5789473684210527,MI,R1_F4,1,4
personal_status_sex,0.49583333333333335,4.0,10.0,0.5263157894736843,MI,R1_F4,1,4
employment_duration,0.4866666666666667,5.0,11.0,0.4736842105263158,MI,R1_F4,1,4
property,0.48333333333333334,4.0,12.0,0.42105263157894735,MI,R1_F4,1,4
other_installment_plans,0.4333333333333333,3.0,13.0,0.368421052631579,MI,R1_F4,1,4
installment_rate,0.41666666666666663,1.0,14.0,0.3157894736842105,MI,R1_F4,1,4
telephone,0.3583333333333333,2.0,15.0,0.26315789473684215,MI,R1_F4,1,4
purpose,0.3433333333333334,10.0,16.0,0.21052631578947367,MI,R1_F4,1,4
other_debtors,0.3277777777777778,3.0,17.0,0.1578947368421053,MI,R1_F4,1,4
job,0.18333333333333332,4.0,18.0,0.10526315789473684,MI,R1_F4,1,4
number_credits,0.008333333333333304,1.0,19.5,0.02631578947368418,MI,R1_F4,1,4
present_residence,0.008333333333333304,1.0,19.5,0.02631578947368418,MI,R1_F4,1,4
credit_history,0.7150000000000001,5.0,1.0,1.0,L1,R1_F4,1,4
status,0.6854166666666667,4.0,2.0,0.9473684210526316,L1,R1_F4,1,4
duration,0.6666666666666667,1.0,3.0,0.8947368421052632,L1,R1_F4,1,4
amount,0.6333333333333333,1.0,4.0,0.8421052631578947,L1,R1_F4,1,4
installment_rate,0.5833333333333333,1.0,5.0,0.7894736842105263,L1,R1_F4,1,4
other_debtors,0.5527777777777778,3.0,6.0,0.736842105263158,L1,R1_F4,1,4
personal_status_sex,0.55,4.0,7.0,0.6842105263157895,L1,R1_F4,1,4
property,0.5458333333333334,4.0,8.0,0.631578947368421,L1,R1_F4,1,4
foreign_worker,0.5375000000000001,2.0,9.0,0.5789473684210527,L1,R1_F4,1,4
number_credits,0.5333333333333333,1.0,10.0,0.5263157894736843,L1,R1_F4,1,4
savings,0.5133333333333334,5.0,11.0,0.4736842105263158,L1,R1_F4,1,4
employment_duration,0.5016666666666667,5.0,12.0,0.42105263157894735,L1,R1_F4,1,4
age,0.4833333333333333,1.0,13.0,0.368421052631579,L1,R1_F4,1,4
purpose,0.47750000000000004,10.0,14.0,0.3157894736842105,L1,R1_F4,1,4
housing,0.44722222222222224,3.0,15.0,0.26315789473684215,L1,R1_F4,1,4
present_residence,0.4,1.0,16.0,0.21052631578947367,L1,R1_F4,1,4
people_liable,0.3666666666666667,1.0,17.0,0.1578947368421053,L1,R1_F4,1,4
telephone,0.3541666666666667,2.0,18.0,0.10526315789473684,L1,R1_F4,1,4
other_installment_plans,0.31111111111111117,3.0,19.0,0.052631578947368474,L1,R1_F4,1,4
job,0.14166666666666672,4.0,20.0,0.0,L1,R1_F4,1,4
amount,1.0,1.0,1.0,1.0,RF,R1_F4,1,4
duration,0.9833333333333333,1.0,2.0,0.9473684210526316,RF,R1_F4,1,4
age,0.9666666666666667,1.0,3.0,0.8947368421052632,RF,R1_F4,1,4
installment_rate,0.9166666666666666,1.0,4.0,0.8421052631578947,RF,R1_F4,1,4
present_residence,0.9,1.0,5.0,0.7894736842105263,RF,R1_F4,1,4
number_credits,0.8166666666666667,1.0,6.0,0.736842105263158,RF,R1_F4,1,4
status,0.7333333333333334,4.0,7.0,0.6842105263157895,RF,R1_F4,1,4
property,0.6208333333333333,4.0,8.0,0.631578947368421,RF,R1_F4,1,4
credit_history,0.5833333333333333,5.0,9.0,0.5789473684210527,RF,R1_F4,1,4
telephone,0.575,2.0,10.0,0.5263157894736843,RF,R1_F4,1,4
employment_duration,0.5466666666666666,5.0,11.0,0.4736842105263158,RF,R1_F4,1,4
personal_status_sex,0.5041666666666667,4.0,12.0,0.42105263157894735,RF,R1_F4,1,4
housing,0.4833333333333334,3.0,13.0,0.368421052631579,RF,R1_F4,1,4
other_installment_plans,0.4388888888888889,3.0,14.0,0.3157894736842105,RF,R1_F4,1,4
job,0.42083333333333334,4.0,15.0,0.26315789473684215,RF,R1_F4,1,4
savings,0.4066666666666666,5.0,16.0,0.21052631578947367,RF,R1_F4,1,4
people_liable,0.3666666666666667,1.0,17.0,0.1578947368421053,RF,R1_F4,1,4
purpose,0.30333333333333334,10.0,18.0,0.10526315789473684,RF,R1_F4,1,4
other_debtors,0.2222222222222222,3.0,19.0,0.052631578947368474,RF,R1_F4,1,4
foreign_worker,0.06666666666666671,2.0,20.0,0.0,RF,R1_F4,1,4
status,0.78125,4.0,1.0,1.0,RFE,R1_F4,1,4
duration,0.7416666666666667,1.0,2.5,0.9210526315789473,RFE,R1_F4,1,4
foreign_worker,0.7416666666666667,2.0,2.5,0.9210526315789473,RFE,R1_F4,1,4
credit_history,0.6816666666666666,5.0,4.0,0.8421052631578947,RFE,R1_F4,1,4
other_debtors,0.6083333333333333,3.0,5.0,0.7894736842105263,RFE,R1_F4,1,4
savings,0.6016666666666667,5.0,6.0,0.736842105263158,RFE,R1_F4,1,4
housing,0.5750000000000001,3.0,7.0,0.6842105263157895,RFE,R1_F4,1,4
amount,0.5416666666666667,1.0,8.0,0.631578947368421,RFE,R1_F4,1,4
property,0.5166666666666666,4.0,9.0,0.5789473684210527,RFE,R1_F4,1,4
employment_duration,0.4616666666666667,5.0,10.0,0.5263157894736843,RFE,R1_F4,1,4
purpose,0.45166666666666666,10.0,11.0,0.4736842105263158,RFE,R1_F4,1,4
installment_rate,0.44166666666666665,1.0,13.0,0.368421052631579,RFE,R1_F4,1,4
number_credits,0.44166666666666665,1.0,13.0,0.368421052631579,RFE,R1_F4,1,4
personal_status_sex,0.44166666666666665,4.0,13.0,0.368421052631579,RFE,R1_F4,1,4
telephone,0.34166666666666673,2.0,15.0,0.26315789473684215,RFE,R1_F4,1,4
other_installment_plans,0.27499999999999997,3.0,16.0,0.21052631578947367,RFE,R1_F4,1,4
age,0.2416666666666667,1.0,17.5,0.13157894736842102,RFE,R1_F4,1,4
present_residence,0.2416666666666667,1.0,17.5,0.13157894736842102,RFE,R1_F4,1,4
job,0.24166666666666667,4.0,19.0,0.052631578947368474,RFE,R1_F4,1,4
people_liable,0.14166666666666672,1.0,20.0,0.0,RFE,R1_F4,1,4
age,0.5842105263157895,,7.0,0.6842105263157895,EqualConsensus,R1_F4,1,4
amount,0.8105263157894737,,3.0,0.8947368421052632,EqualConsensus,R1_F4,1,4
credit_history,0.7894736842105263,,4.0,0.8421052631578947,EqualConsensus,R1_F4,1,4
duration,0.9,,1.0,1.0,EqualConsensus,R1_F4,1,4
employment_duration,0.5157894736842106,,9.5,0.5526315789473684,EqualConsensus,R1_F4,1,4
foreign_worker,0.4789473684210527,,11.0,0.4736842105263158,EqualConsensus,R1_F4,1,4
housing,0.6,,5.0,0.7894736842105263,EqualConsensus,R1_F4,1,4
installment_rate,0.47368421052631576,,12.0,0.42105263157894735,EqualConsensus,R1_F4,1,4
job,0.10526315789473686,,20.0,0.0,EqualConsensus,R1_F4,1,4
number_credits,0.3631578947368422,,14.0,0.3157894736842105,EqualConsensus,R1_F4,1,4
other_debtors,0.42105263157894746,,13.0,0.368421052631579,EqualConsensus,R1_F4,1,4
other_installment_plans,0.2842105263157895,,16.0,0.21052631578947367,EqualConsensus,R1_F4,1,4
people_liable,0.28421052631578947,,17.5,0.13157894736842102,EqualConsensus,R1_F4,1,4
personal_status_sex,0.5157894736842106,,9.5,0.5526315789473684,EqualConsensus,R1_F4,1,4
present_residence,0.23157894736842102,,19.0,0.052631578947368474,EqualConsensus,R1_F4,1,4
property,0.5789473684210527,,8.0,0.631578947368421,EqualConsensus,R1_F4,1,4
purpose,0.3052631578947368,,15.0,0.26315789473684215,EqualConsensus,R1_F4,1,4
savings,0.5894736842105263,,6.0,0.736842105263158,EqualConsensus,R1_F4,1,4
status,0.8842105263157893,,2.0,0.9473684210526316,EqualConsensus,R1_F4,1,4
telephone,0.28421052631578947,,17.5,0.13157894736842102,EqualConsensus,R1_F4,1,4
status,0.8291666666666666,4.0,1.0,1.0,Chi2,R1_F5,1,5
duration,0.7,1.0,2.0,0.9473684210526316,Chi2,R1_F5,1,5
housing,0.6833333333333332,3.0,3.0,0.8947368421052632,Chi2,R1_F5,1,5
credit_history,0.63,5.0,4.0,0.8421052631578947,Chi2,R1_F5,1,5
other_installment_plans,0.6166666666666667,3.0,5.0,0.7894736842105263,Chi2,R1_F5,1,5
savings,0.6133333333333333,5.0,6.0,0.736842105263158,Chi2,R1_F5,1,5
amount,0.5833333333333333,1.0,7.0,0.6842105263157895,Chi2,R1_F5,1,5
property,0.5708333333333333,4.0,8.0,0.631578947368421,Chi2,R1_F5,1,5
installment_rate,0.5,1.0,9.0,0.5789473684210527,Chi2,R1_F5,1,5
foreign_worker,0.49166666666666664,2.0,10.0,0.5263157894736843,Chi2,R1_F5,1,5
purpose,0.45833333333333337,10.0,11.0,0.4736842105263158,Chi2,R1_F5,1,5
employment_duration,0.45666666666666667,5.0,12.0,0.42105263157894735,Chi2,R1_F5,1,5
other_debtors,0.45555555555555555,3.0,13.0,0.368421052631579,Chi2,R1_F5,1,5
personal_status_sex,0.41666666666666663,4.0,14.0,0.3157894736842105,Chi2,R1_F5,1,5
age,0.2833333333333333,1.0,15.0,0.26315789473684215,Chi2,R1_F5,1,5
number_credits,0.2666666666666667,1.0,16.0,0.21052631578947367,Chi2,R1_F5,1,5
job,0.24166666666666667,4.0,17.0,0.1578947368421053,Chi2,R1_F5,1,5
telephone,0.22499999999999998,2.0,18.0,0.10526315789473684,Chi2,R1_F5,1,5
present_residence,0.1333333333333333,1.0,19.0,0.052631578947368474,Chi2,R1_F5,1,5
people_liable,0.01666666666666672,1.0,20.0,0.0,Chi2,R1_F5,1,5
present_residence,0.9666666666666667,1.0,1.0,1.0,MI,R1_F5,1,5
people_liable,0.95,1.0,2.0,0.9473684210526316,MI,R1_F5,1,5
duration,0.9333333333333333,1.0,3.0,0.8947368421052632,MI,R1_F5,1,5
amount,0.9166666666666666,1.0,4.0,0.8421052631578947,MI,R1_F5,1,5
number_credits,0.8166666666666667,1.0,5.0,0.7894736842105263,MI,R1_F5,1,5
status,0.7833333333333333,4.0,6.0,0.736842105263158,MI,R1_F5,1,5
foreign_worker,0.7083333333333333,2.0,7.0,0.6842105263157895,MI,R1_F5,1,5
housing,0.65,3.0,8.0,0.631578947368421,MI,R1_F5,1,5
credit_history,0.6,5.0,9.5,0.5526315789473684,MI,R1_F5,1,5
other_installment_plans,0.6,3.0,9.5,0.5526315789473684,MI,R1_F5,1,5
savings,0.5599999999999999,5.0,11.0,0.4736842105263158,MI,R1_F5,1,5
property,0.5041666666666667,4.0,12.0,0.42105263157894735,MI,R1_F5,1,5
other_debtors,0.38888888888888884,3.0,13.0,0.368421052631579,MI,R1_F5,1,5
personal_status_sex,0.38749999999999996,4.0,14.0,0.3157894736842105,MI,R1_F5,1,5
employment_duration,0.38,5.0,15.5,0.23684210526315785,MI,R1_F5,1,5
purpose,0.38,10.0,15.5,0.23684210526315785,MI,R1_F5,1,5
job,0.22916666666666666,4.0,17.0,0.1578947368421053,MI,R1_F5,1,5
telephone,0.22499999999999998,2.0,18.0,0.10526315789473684,MI,R1_F5,1,5
age,0.008333333333333304,1.0,19.5,0.02631578947368418,MI,R1_F5,1,5
installment_rate,0.008333333333333304,1.0,19.5,0.02631578947368418,MI,R1_F5,1,5
installment_rate,0.7666666666666666,1.0,1.0,1.0,L1,R1_F5,1,5
amount,0.7,1.0,2.0,0.9473684210526316,L1,R1_F5,1,5
credit_history,0.6783333333333333,5.0,3.0,0.8947368421052632,L1,R1_F5,1,5
duration,0.6666666666666667,1.0,4.0,0.8421052631578947,L1,R1_F5,1,5
status,0.6625,4.0,5.0,0.7894736842105263,L1,R1_F5,1,5
other_debtors,0.6527777777777778,3.0,6.0,0.736842105263158,L1,R1_F5,1,5
foreign_worker,0.6416666666666666,2.0,7.0,0.6842105263157895,L1,R1_F5,1,5
personal_status_sex,0.5208333333333334,4.0,8.0,0.631578947368421,L1,R1_F5,1,5
purpose,0.5058333333333334,10.0,9.0,0.5789473684210527,L1,R1_F5,1,5
telephone,0.49166666666666664,2.0,10.0,0.5263157894736843,L1,R1_F5,1,5
other_installment_plans,0.48611111111111116,3.0,11.0,0.4736842105263158,L1,R1_F5,1,5
age,0.4666666666666667,1.0,12.0,0.42105263157894735,L1,R1_F5,1,5
savings,0.45666666666666667,5.0,13.0,0.368421052631579,L1,R1_F5,1,5
present_residence,0.44999999999999996,1.0,14.0,0.3157894736842105,L1,R1_F5,1,5
number_credits,0.43333333333333335,1.0,15.0,0.26315789473684215,L1,R1_F5,1,5
employment_duration,0.42666666666666664,5.0,16.0,0.21052631578947367,L1,R1_F5,1,5
people_liable,0.41666666666666663,1.0,17.0,0.1578947368421053,L1,R1_F5,1,5
property,0.3416666666666667,4.0,18.0,0.10526315789473684,L1,R1_F5,1,5
housing,0.3333333333333333,3.0,19.0,0.052631578947368474,L1,R1_F5,1,5
job,0.23750000000000002,4.0,20.0,0.0,L1,R1_F5,1,5
amount,1.0,1.0,1.0,1.0,RF,R1_F5,1,5
duration,0.9833333333333333,1.0,2.0,0.9473684210526316,RF,R1_F5,1,5
age,0.9666666666666667,1.0,3.0,0.8947368421052632,RF,R1_F5,1,5
present_residence,0.9166666666666666,1.0,4.0,0.8421052631578947,RF,R1_F5,1,5
installment_rate,0.9,1.0,5.0,0.7894736842105263,RF,R1_F5,1,5
number_credits,0.8666666666666667,1.0,6.0,0.736842105263158,RF,R1_F5,1,5
status,0.7416666666666667,4.0,7.0,0.6842105263157895,RF,R1_F5,1,5
telephone,0.6083333333333334,2.0,8.0,0.631578947368421,RF,R1_F5,1,5
property,0.5916666666666667,4.0,9.0,0.5789473684210527,RF,R1_F5,1,5
credit_history,0.59,5.0,10.0,0.5263157894736843,RF,R1_F5,1,5
other_installment_plans,0.5611111111111111,3.0,11.0,0.4736842105263158,RF,R1_F5,1,5
employment_duration,0.4833333333333334,5.0,12.0,0.42105263157894735,RF,R1_F5,1,5
personal_status_sex,0.45416666666666666,4.0,13.0,0.368421052631579,RF,R1_F5,1,5
housing,0.4444444444444445,3.0,14.0,0.3157894736842105,RF,R1_F5,1,5
job,0.425,4.0,15.0,0.26315789473684215,RF,R1_F5,1,5
people_liable,0.4,1.0,16.0,0.21052631578947367,RF,R1_F5,1,5
savings,0.39666666666666667,5.0,17.0,0.1578947368421053,RF,R1_F5,1,5
purpose,0.31,10.0,18.0,0.10526315789473684,RF,R1_F5,1,5
other_debtors,0.26111111111111107,3.0,19.0,0.052631578947368474,RF,R1_F5,1,5
foreign_worker,0.07500000000000001,2.0,20.0,0.0,RF,R1_F5,1,5
foreign_worker,0.8916666666666666,2.0,1.0,1.0,RFE,R1_F5,1,5
amount,0.7416666666666667,1.0,2.5,0.9210526315789473,RFE,R1_F5,1,5
installment_rate,0.7416666666666667,1.0,2.5,0.9210526315789473,RFE,R1_F5,1,5
status,0.7312500000000001,4.0,4.0,0.8421052631578947,RFE,R1_F5,1,5
other_debtors,0.6749999999999999,3.0,5.0,0.7894736842105263,RFE,R1_F5,1,5
credit_history,0.6616666666666667,5.0,6.0,0.736842105263158,RFE,R1_F5,1,5
duration,0.5416666666666667,1.0,7.5,0.6578947368421053,RFE,R1_F5,1,5
purpose,0.5416666666666667,10.0,7.5,0.6578947368421053,RFE,R1_F5,1,5
housing,0.5083333333333333,3.0,9.0,0.5789473684210527,RFE,R1_F5,1,5
personal_status_sex,0.4916666666666667,4.0,10.0,0.5263157894736843,RFE,R1_F5,1,5
other_installment_plans,0.47500000000000003,3.0,11.0,0.4736842105263158,RFE,R1_F5,1,5
savings,0.4416666666666667,5.0,12.0,0.42105263157894735,RFE,R1_F5,1,5
employment_duration,0.38166666666666665,5.0,13.0,0.368421052631579,RFE,R1_F5,1,5
present_residence,0.3416666666666667,1.0,14.0,0.3157894736842105,RFE,R1_F5,1,5
telephone,0.3416666666666666,2.0,15.0,0.26315789473684215,RFE,R1_F5,1,5
property,0.29166666666666663,4.0,16.0,0.21052631578947367,RFE,R1_F5,1,5
job,0.26666666666666666,4.0,17.0,0.1578947368421053,RFE,R1_F5,1,5
age,0.2416666666666667,1.0,19.0,0.052631578947368474,RFE,R1_F5,1,5
number_credits,0.2416666666666667,1.0,19.0,0.052631578947368474,RFE,R1_F5,1,5
people_liable,0.2416666666666667,1.0,19.0,0.052631578947368474,RFE,R1_F5,1,5
age,0.3315789473684211,,16.0,0.21052631578947367,EqualConsensus,R1_F5,1,5
amount,0.8789473684210527,,1.0,1.0,EqualConsensus,R1_F5,1,5
credit_history,0.7105263157894737,,4.0,0.8421052631578947,EqualConsensus,R1_F5,1,5
duration,0.8578947368421053,,2.0,0.9473684210526316,EqualConsensus,R1_F5,1,5
employment_duration,0.33157894736842103,,17.0,0.1578947368421053,EqualConsensus,R1_F5,1,5
foreign_worker,0.5789473684210527,,6.0,0.736842105263158,EqualConsensus,R1_F5,1,5
housing,0.4947368421052632,,9.0,0.5789473684210527,EqualConsensus,R1_F5,1,5
installment_rate,0.6631578947368421,,5.0,0.7894736842105263,EqualConsensus,R1_F5,1,5
job,0.14736842105263162,,20.0,0.0,EqualConsensus,R1_F5,1,5
number_credits,0.41052631578947374,,13.5,0.3421052631578947,EqualConsensus,R1_F5,1,5
other_debtors,0.4631578947368421,,10.0,0.5263157894736843,EqualConsensus,R1_F5,1,5
other_installment_plans,0.5526315789473685,,7.0,0.6842105263157895,EqualConsensus,R1_F5,1,5
people_liable,0.27368421052631586,,19.0,0.052631578947368474,EqualConsensus,R1_F5,1,5
personal_status_sex,0.43157894736842106,,11.5,0.4473684210526315,EqualConsensus,R1_F5,1,5
present_residence,0.5052631578947369,,8.0,0.631578947368421,EqualConsensus,R1_F5,1,5
property,0.3894736842105263,,15.0,0.26315789473684215,EqualConsensus,R1_F5,1,5
purpose,0.41052631578947374,,13.5,0.3421052631578947,EqualConsensus,R1_F5,1,5
savings,0.43157894736842106,,11.5,0.4473684210526315,EqualConsensus,R1_F5,1,5
status,0.8105263157894737,,3.0,0.8947368421052632,EqualConsensus,R1_F5,1,5
telephone,0.3263157894736842,,18.0,0.10526315789473684,EqualConsensus,R1_F5,1,5
status,0.8041666666666667,4.0,1.0,1.0,Chi2,R2_F1,2,1
savings,0.67,5.0,2.0,0.9473684210526316,Chi2,R2_F1,2,1
housing,0.6611111111111111,3.0,3.0,0.8947368421052632,Chi2,R2_F1,2,1
credit_history,0.6533333333333333,5.0,4.0,0.8421052631578947,Chi2,R2_F1,2,1
duration,0.65,1.0,5.0,0.7894736842105263,Chi2,R2_F1,2,1
other_installment_plans,0.5944444444444444,3.0,6.0,0.736842105263158,Chi2,R2_F1,2,1
amount,0.5833333333333333,1.0,7.0,0.6842105263157895,Chi2,R2_F1,2,1
employment_duration,0.51,5.0,8.0,0.631578947368421,Chi2,R2_F1,2,1
personal_status_sex,0.5041666666666667,4.0,9.0,0.5789473684210527,Chi2,R2_F1,2,1
purpose,0.47000000000000003,10.0,10.0,0.5263157894736843,Chi2,R2_F1,2,1
foreign_worker,0.4583333333333333,2.0,11.0,0.4736842105263158,Chi2,R2_F1,2,1
other_debtors,0.4444444444444445,3.0,12.0,0.42105263157894735,Chi2,R2_F1,2,1
property,0.4375,4.0,13.0,0.368421052631579,Chi2,R2_F1,2,1
age,0.3833333333333333,1.0,14.0,0.3157894736842105,Chi2,R2_F1,2,1
people_liable,0.33333333333333337,1.0,15.0,0.26315789473684215,Chi2,R2_F1,2,1
installment_rate,0.31666666666666665,1.0,16.0,0.21052631578947367,Chi2,R2_F1,2,1
job,0.21666666666666667,4.0,17.0,0.1578947368421053,Chi2,R2_F1,2,1
telephone,0.18333333333333335,2.0,18.0,0.10526315789473684,Chi2,R2_F1,2,1
number_credits,0.1333333333333333,1.0,19.0,0.052631578947368474,Chi2,R2_F1,2,1
present_residence,0.0,1.0,20.0,0.0,Chi2,R2_F1,2,1
duration,0.9666666666666667,1.0,1.0,1.0,MI,R2_F1,2,1
people_liable,0.9166666666666666,1.0,2.0,0.9473684210526316,MI,R2_F1,2,1
amount,0.9,1.0,3.0,0.8947368421052632,MI,R2_F1,2,1
installment_rate,0.8833333333333333,1.0,4.0,0.8421052631578947,MI,R2_F1,2,1
number_credits,0.85,1.0,5.0,0.7894736842105263,MI,R2_F1,2,1
status,0.775,4.0,6.0,0.736842105263158,MI,R2_F1,2,1
housing,0.6333333333333333,3.0,7.0,0.6842105263157895,MI,R2_F1,2,1
foreign_worker,0.625,2.0,8.0,0.631578947368421,MI,R2_F1,2,1
savings,0.6033333333333333,5.0,9.0,0.5789473684210527,MI,R2_F1,2,1
credit_history,0.5966666666666667,5.0,10.0,0.5263157894736843,MI,R2_F1,2,1
other_installment_plans,0.5944444444444444,3.0,11.0,0.4736842105263158,MI,R2_F1,2,1
personal_status_sex,0.4333333333333333,4.0,12.0,0.42105263157894735,MI,R2_F1,2,1
employment_duration,0.43,5.0,13.0,0.368421052631579,MI,R2_F1,2,1
property,0.4125,4.0,14.0,0.3157894736842105,MI,R2_F1,2,1
other_debtors,0.41111111111111115,3.0,15.0,0.26315789473684215,MI,R2_F1,2,1
purpose,0.395,10.0,16.0,0.21052631578947367,MI,R2_F1,2,1
job,0.20833333333333331,4.0,17.0,0.1578947368421053,MI,R2_F1,2,1
telephone,0.19166666666666665,2.0,18.0,0.10526315789473684,MI,R2_F1,2,1
age,0.008333333333333304,1.0,19.5,0.02631578947368418,MI,R2_F1,2,1
present_residence,0.008333333333333304,1.0,19.5,0.02631578947368418,MI,R2_F1,2,1
duration,0.6833333333333333,1.0,1.0,1.0,L1,R2_F1,2,1
status,0.66875,4.0,2.0,0.9473684210526316,L1,R2_F1,2,1
installment_rate,0.6666666666666667,1.0,3.0,0.8947368421052632,L1,R2_F1,2,1
amount,0.6333333333333333,1.0,4.0,0.8421052631578947,L1,R2_F1,2,1
number_credits,0.6166666666666667,1.0,5.0,0.7894736842105263,L1,R2_F1,2,1
savings,0.6116666666666667,5.0,6.0,0.736842105263158,L1,R2_F1,2,1
credit_history,0.5916666666666666,5.0,7.0,0.6842105263157895,L1,R2_F1,2,1
other_debtors,0.5805555555555556,3.0,8.0,0.631578947368421,L1,R2_F1,2,1
purpose,0.5633333333333332,10.0,9.0,0.5789473684210527,L1,R2_F1,2,1
age,0.55,1.0,10.0,0.5263157894736843,L1,R2_F1,2,1
foreign_worker,0.5291666666666667,2.0,11.0,0.4736842105263158,L1,R2_F1,2,1
personal_status_sex,0.4854166666666666,4.0,12.0,0.42105263157894735,L1,R2_F1,2,1
other_installment_plans,0.4583333333333333,3.0,13.0,0.368421052631579,L1,R2_F1,2,1
housing,0.4138888888888889,3.0,14.0,0.3157894736842105,L1,R2_F1,2,1
employment_duration,0.4083333333333334,5.0,15.0,0.26315789473684215,L1,R2_F1,2,1
property,0.3833333333333333,4.0,16.0,0.21052631578947367,L1,R2_F1,2,1
people_liable,0.3666666666666667,1.0,17.0,0.1578947368421053,L1,R2_F1,2,1
telephone,0.3458333333333333,2.0,18.0,0.10526315789473684,L1,R2_F1,2,1
job,0.21875,4.0,19.0,0.052631578947368474,L1,R2_F1,2,1
present_residence,0.15833333333333333,1.0,20.0,0.0,L1,R2_F1,2,1
amount,1.0,1.0,1.0,1.0,RF,R2_F1,2,1
age,0.9833333333333333,1.0,2.0,0.9473684210526316,RF,R2_F1,2,1
duration,0.9666666666666667,1.0,3.0,0.8947368421052632,RF,R2_F1,2,1
installment_rate,0.9333333333333333,1.0,4.0,0.8421052631578947,RF,R2_F1,2,1
present_residence,0.9,1.0,5.0,0.7894736842105263,RF,R2_F1,2,1
number_credits,0.8333333333333334,1.0,6.0,0.736842105263158,RF,R2_F1,2,1
status,0.7333333333333333,4.0,7.0,0.6842105263157895,RF,R2_F1,2,1
telephone,0.5833333333333333,2.0,8.0,0.631578947368421,RF,R2_F1,2,1
property,0.5791666666666666,4.0,9.0,0.5789473684210527,RF,R2_F1,2,1
employment_duration,0.54,5.0,10.0,0.5263157894736843,RF,R2_F1,2,1
credit_history,0.5333333333333333,5.0,11.5,0.4473684210526315,RF,R2_F1,2,1
other_installment_plans,0.5333333333333333,3.0,11.5,0.4473684210526315,RF,R2_F1,2,1
personal_status_sex,0.5,4.0,13.0,0.368421052631579,RF,R2_F1,2,1
job,0.44166666666666665,4.0,14.0,0.3157894736842105,RF,R2_F1,2,1
people_liable,0.41666666666666663,1.0,15.0,0.26315789473684215,RF,R2_F1,2,1
housing,0.41111111111111115,3.0,16.0,0.21052631578947367,RF,R2_F1,2,1
savings,0.37333333333333335,5.0,17.0,0.1578947368421053,RF,R2_F1,2,1
purpose,0.33666666666666667,10.0,18.0,0.10526315789473684,RF,R2_F1,2,1
other_debtors,0.24444444444444446,3.0,19.0,0.052631578947368474,RF,R2_F1,2,1
foreign_worker,0.05833333333333335,2.0,20.0,0.0,RF,R2_F1,2,1
status,0.83125,4.0,1.0,1.0,RFE,R2_F1,2,1
other_debtors,0.6416666666666667,3.0,2.0,0.9473684210526316,RFE,R2_F1,2,1
foreign_worker,0.6416666666666666,2.0,3.0,0.8947368421052632,RFE,R2_F1,2,1
purpose,0.6116666666666667,10.0,4.0,0.8421052631578947,RFE,R2_F1,2,1
credit_history,0.6016666666666667,5.0,5.0,0.7894736842105263,RFE,R2_F1,2,1
savings,0.5616666666666668,5.0,6.0,0.736842105263158,RFE,R2_F1,2,1
amount,0.5416666666666667,1.0,8.5,0.6052631578947368,RFE,R2_F1,2,1
duration,0.5416666666666667,1.0,8.5,0.6052631578947368,RFE,R2_F1,2,1
installment_rate,0.5416666666666667,1.0,8.5,0.6052631578947368,RFE,R2_F1,2,1
number_credits,0.5416666666666667,1.0,8.5,0.6052631578947368,RFE,R2_F1,2,1
property,0.5166666666666666,4.0,11.0,0.4736842105263158,RFE,R2_F1,2,1
housing,0.5083333333333333,3.0,12.0,0.42105263157894735,RFE,R2_F1,2,1
other_installment_plans,0.4416666666666667,3.0,13.0,0.368421052631579,RFE,R2_F1,2,1
age,0.44166666666666665,1.0,14.0,0.3157894736842105,RFE,R2_F1,2,1
personal_status_sex,0.39166666666666666,4.0,15.0,0.26315789473684215,RFE,R2_F1,2,1
employment_duration,0.30166666666666664,5.0,16.0,0.21052631578947367,RFE,R2_F1,2,1
telephone,0.24166666666666664,2.0,17.0,0.1578947368421053,RFE,R2_F1,2,1
job,0.19166666666666668,4.0,18.0,0.10526315789473684,RFE,R2_F1,2,1
people_liable,0.14166666666666672,1.0,19.0,0.052631578947368474,RFE,R2_F1,2,1
present_residence,0.04166666666666663,1.0,20.0,0.0,RFE,R2_F1,2,1
age,0.42631578947368426,,13.0,0.368421052631579,EqualConsensus,R2_F1,2,1
amount,0.8052631578947368,,3.0,0.8947368421052632,EqualConsensus,R2_F1,2,1
credit_history,0.6578947368421053,,5.0,0.7894736842105263,EqualConsensus,R2_F1,2,1
duration,0.8578947368421053,,2.0,0.9473684210526316,EqualConsensus,R2_F1,2,1
employment_duration,0.4,,15.0,0.26315789473684215,EqualConsensus,R2_F1,2,1
foreign_worker,0.4947368421052632,,9.0,0.5789473684210527,EqualConsensus,R2_F1,2,1
housing,0.5052631578947369,,8.0,0.631578947368421,EqualConsensus,R2_F1,2,1
installment_rate,0.6789473684210525,,4.0,0.8421052631578947,EqualConsensus,R2_F1,2,1
job,0.15789473684210528,,20.0,0.0,EqualConsensus,R2_F1,2,1
number_credits,0.5947368421052632,,7.0,0.6842105263157895,EqualConsensus,R2_F1,2,1
other_debtors,0.4631578947368421,,11.0,0.4736842105263158,EqualConsensus,R2_F1,2,1
other_installment_plans,0.47894736842105273,,10.0,0.5263157894736843,EqualConsensus,R2_F1,2,1
people_liable,0.33684210526315794,,17.0,0.1578947368421053,EqualConsensus,R2_F1,2,1
personal_status_sex,0.41052631578947374,,14.0,0.3157894736842105,EqualConsensus,R2_F1,2,1
present_residence,0.1631578947368421,,19.0,0.052631578947368474,EqualConsensus,R2_F1,2,1
property,0.38947368421052636,,16.0,0.21052631578947367,EqualConsensus,R2_F1,2,1
purpose,0.4526315789473684,,12.0,0.42105263157894735,EqualConsensus,R2_F1,2,1
savings,0.6315789473684211,,6.0,0.736842105263158,EqualConsensus,R2_F1,2,1
status,0.8736842105263157,,1.0,1.0,EqualConsensus,R2_F1,2,1
telephone,0.22105263157894733,,18.0,0.10526315789473684,EqualConsensus,R2_F1,2,1
duration,0.7666666666666666,1.0,1.0,1.0,Chi2,R2_F2,2,2
status,0.725,4.0,2.0,0.9473684210526316,Chi2,R2_F2,2,2
housing,0.7166666666666668,3.0,3.0,0.8947368421052632,Chi2,R2_F2,2,2
other_installment_plans,0.6611111111111111,3.0,4.0,0.8421052631578947,Chi2,R2_F2,2,2
credit_history,0.65,5.0,5.0,0.7894736842105263,Chi2,R2_F2,2,2
savings,0.6033333333333333,5.0,6.0,0.736842105263158,Chi2,R2_F2,2,2
property,0.5583333333333333,4.0,7.0,0.6842105263157895,Chi2,R2_F2,2,2
employment_duration,0.49000000000000005,5.0,8.0,0.631578947368421,Chi2,R2_F2,2,2
purpose,0.47333333333333333,10.0,9.0,0.5789473684210527,Chi2,R2_F2,2,2
amount,0.44999999999999996,1.0,10.0,0.5263157894736843,Chi2,R2_F2,2,2
personal_status_sex,0.4458333333333333,4.0,11.0,0.4736842105263158,Chi2,R2_F2,2,2
foreign_worker,0.41666666666666663,2.0,12.0,0.42105263157894735,Chi2,R2_F2,2,2
other_debtors,0.3833333333333333,3.0,13.0,0.368421052631579,Chi2,R2_F2,2,2
installment_rate,0.35,1.0,14.0,0.3157894736842105,Chi2,R2_F2,2,2
telephone,0.325,2.0,15.0,0.26315789473684215,Chi2,R2_F2,2,2
number_credits,0.2666666666666667,1.0,16.0,0.21052631578947367,Chi2,R2_F2,2,2
job,0.25416666666666665,4.0,17.0,0.1578947368421053,Chi2,R2_F2,2,2
age,0.25,1.0,18.0,0.10526315789473684,Chi2,R2_F2,2,2
people_liable,0.21666666666666667,1.0,19.0,0.052631578947368474,Chi2,R2_F2,2,2
present_residence,0.050000000000000044,1.0,20.0,0.0,Chi2,R2_F2,2,2
duration,0.9833333333333333,1.0,1.0,1.0,MI,R2_F2,2,2
housing,0.7388888888888889,3.0,2.0,0.9473684210526316,MI,R2_F2,2,2
people_liable,0.7166666666666667,1.0,3.5,0.868421052631579,MI,R2_F2,2,2
status,0.7166666666666667,4.0,3.5,0.868421052631579,MI,R2_F2,2,2
amount,0.7,1.0,5.0,0.7894736842105263,MI,R2_F2,2,2
other_installment_plans,0.6833333333333332,3.0,6.0,0.736842105263158,MI,R2_F2,2,2
credit_history,0.6333333333333333,5.0,7.0,0.6842105263157895,MI,R2_F2,2,2
foreign_worker,0.625,2.0,8.0,0.631578947368421,MI,R2_F2,2,2
savings,0.5933333333333334,5.0,9.0,0.5789473684210527,MI,R2_F2,2,2
property,0.5416666666666667,4.0,10.0,0.5263157894736843,MI,R2_F2,2,2
employment_duration,0.45666666666666667,5.0,11.0,0.4736842105263158,MI,R2_F2,2,2
purpose,0.4383333333333333,10.0,12.0,0.42105263157894735,MI,R2_F2,2,2
personal_status_sex,0.4375,4.0,13.0,0.368421052631579,MI,R2_F2,2,2
telephone,0.4083333333333333,2.0,14.0,0.3157894736842105,MI,R2_F2,2,2
other_debtors,0.3499999999999999,3.0,15.0,0.26315789473684215,MI,R2_F2,2,2
job,0.2583333333333333,4.0,16.0,0.21052631578947367,MI,R2_F2,2,2
age,0.025000000000000022,1.0,18.5,0.07894736842105265,MI,R2_F2,2,2
installment_rate,0.025000000000000022,1.0,18.5,0.07894736842105265,MI,R2_F2,2,2
number_credits,0.025000000000000022,1.0,18.5,0.07894736842105265,MI,R2_F2,2,2
present_residence,0.025000000000000022,1.0,18.5,0.07894736842105265,MI,R2_F2,2,2
duration,0.7333333333333334,1.0,1.0,1.0,L1,R2_F2,2,2
foreign_worker,0.7166666666666666,2.0,2.0,0.9473684210526316,L1,R2_F2,2,2
installment_rate,0.7,1.0,3.0,0.8947368421052632,L1,R2_F2,2,2
status,0.6583333333333333,4.0,4.0,0.8421052631578947,L1,R2_F2,2,2
credit_history,0.6466666666666667,5.0,5.0,0.7894736842105263,L1,R2_F2,2,2
amount,0.5666666666666667,1.0,6.0,0.736842105263158,L1,R2_F2,2,2
property,0.5625,4.0,7.0,0.6842105263157895,L1,R2_F2,2,2
other_debtors,0.5499999999999999,3.0,8.0,0.631578947368421,L1,R2_F2,2,2
people_liable,0.5333333333333333,1.0,9.0,0.5789473684210527,L1,R2_F2,2,2
purpose,0.5133333333333334,10.0,10.0,0.5263157894736843,L1,R2_F2,2,2
savings,0.5033333333333333,5.0,11.0,0.4736842105263158,L1,R2_F2,2,2
age,0.5,1.0,12.0,0.42105263157894735,L1,R2_F2,2,2
number_credits,0.4666666666666667,1.0,13.5,0.3421052631578947,L1,R2_F2,2,2
telephone,0.4666666666666667,2.0,13.5,0.3421052631578947,L1,R2_F2,2,2
other_installment_plans,0.4444444444444445,3.0,15.0,0.26315789473684215,L1,R2_F2,2,2
personal_status_sex,0.43333333333333335,4.0,16.0,0.21052631578947367,L1,R2_F2,2,2
present_residence,0.4,1.0,17.0,0.1578947368421053,L1,R2_F2,2,2
employment_duration,0.37333333333333335,5.0,18.0,0.10526315789473684,L1,R2_F2,2,2
housing,0.35555555555555557,3.0,19.0,0.052631578947368474,L1,R2_F2,2,2
job,0.2041666666666667,4.0,20.0,0.0,L1,R2_F2,2,2
amount,1.0,1.0,1.0,1.0,RF,R2_F2,2,2
duration,0.9833333333333333,1.0,2.0,0.9473684210526316,RF,R2_F2,2,2
age,0.9666666666666667,1.0,3.0,0.8947368421052632,RF,R2_F2,2,2
installment_rate,0.9333333333333333,1.0,4.0,0.8421052631578947,RF,R2_F2,2,2
present_residence,0.9,1.0,5.0,0.7894736842105263,RF,R2_F2,2,2
number_credits,0.85,1.0,6.0,0.736842105263158,RF,R2_F2,2,2
status,0.7,4.0,7.0,0.6842105263157895,RF,R2_F2,2,2
telephone,0.65,2.0,8.0,0.631578947368421,RF,R2_F2,2,2
property,0.625,4.0,9.0,0.5789473684210527,RF,R2_F2,2,2
employment_duration,0.5766666666666667,5.0,10.0,0.5263157894736843,RF,R2_F2,2,2
other_installment_plans,0.5333333333333333,3.0,11.0,0.4736842105263158,RF,R2_F2,2,2
people_liable,0.5,1.0,12.0,0.42105263157894735,RF,R2_F2,2,2
personal_status_sex,0.49583333333333335,4.0,13.0,0.368421052631579,RF,R2_F2,2,2
credit_history,0.49333333333333335,5.0,14.0,0.3157894736842105,RF,R2_F2,2,2
housing,0.45555555555555555,3.0,15.0,0.26315789473684215,RF,R2_F2,2,2
job,0.42499999999999993,4.0,16.0,0.21052631578947367,RF,R2_F2,2,2
savings,0.37333333333333335,5.0,17.0,0.1578947368421053,RF,R2_F2,2,2
purpose,0.3,10.0,18.0,0.10526315789473684,RF,R2_F2,2,2
other_debtors,0.2555555555555556,3.0,19.0,0.052631578947368474,RF,R2_F2,2,2
foreign_worker,0.06666666666666671,2.0,20.0,0.0,RF,R2_F2,2,2
duration,0.8416666666666667,1.0,1.5,0.9736842105263158,RFE,R2_F2,2,2
foreign_worker,0.8416666666666667,2.0,1.5,0.9736842105263158,RFE,R2_F2,2,2
credit_history,0.7016666666666667,5.0,3.0,0.8947368421052632,RFE,R2_F2,2,2
status,0.6062500000000001,4.0,4.0,0.8421052631578947,RFE,R2_F2,2,2
purpose,0.6016666666666667,10.0,5.0,0.7894736842105263,RFE,R2_F2,2,2
housing,0.5750000000000001,3.0,6.5,0.7105263157894737,RFE,R2_F2,2,2
other_debtors,0.5750000000000001,3.0,6.5,0.7105263157894737,RFE,R2_F2,2,2
installment_rate,0.5416666666666667,1.0,8.0,0.631578947368421,RFE,R2_F2,2,2
savings,0.5216666666666667,5.0,9.0,0.5789473684210527,RFE,R2_F2,2,2
other_installment_plans,0.47500000000000003,3.0,10.0,0.5263157894736843,RFE,R2_F2,2,2
amount,0.44166666666666665,1.0,12.0,0.42105263157894735,RFE,R2_F2,2,2
people_liable,0.44166666666666665,1.0,12.0,0.42105263157894735,RFE,R2_F2,2,2
property,0.44166666666666665,4.0,12.0,0.42105263157894735,RFE,R2_F2,2,2
personal_status_sex,0.39166666666666666,4.0,14.0,0.3157894736842105,RFE,R2_F2,2,2
employment_duration,0.3616666666666667,5.0,15.0,0.26315789473684215,RFE,R2_F2,2,2
age,0.3416666666666667,1.0,16.0,0.21052631578947367,RFE,R2_F2,2,2
telephone,0.2916666666666667,2.0,17.0,0.1578947368421053,RFE,R2_F2,2,2
job,0.19166666666666668,4.0,18.0,0.10526315789473684,RFE,R2_F2,2,2
number_credits,0.14166666666666672,1.0,19.5,0.02631578947368418,RFE,R2_F2,2,2
present_residence,0.14166666666666672,1.0,19.5,0.02631578947368418,RFE,R2_F2,2,2
age,0.34210526315789475,,16.5,0.1842105263157895,EqualConsensus,R2_F2,2,2
amount,0.6947368421052632,,4.0,0.8421052631578947,EqualConsensus,R2_F2,2,2
credit_history,0.6947368421052633,,3.0,0.8947368421052632,EqualConsensus,R2_F2,2,2
duration,0.9842105263157895,,1.0,1.0,EqualConsensus,R2_F2,2,2
employment_duration,0.4,,14.0,0.3157894736842105,EqualConsensus,R2_F2,2,2
foreign_worker,0.5947368421052632,,5.0,0.7894736842105263,EqualConsensus,R2_F2,2,2
housing,0.5736842105263158,,7.0,0.6842105263157895,EqualConsensus,R2_F2,2,2
installment_rate,0.5526315789473685,,9.0,0.5789473684210527,EqualConsensus,R2_F2,2,2
job,0.1368421052631579,,20.0,0.0,EqualConsensus,R2_F2,2,2
number_credits,0.27894736842105267,,18.0,0.10526315789473684,EqualConsensus,R2_F2,2,2
other_debtors,0.4052631578947368,,13.0,0.368421052631579,EqualConsensus,R2_F2,2,2
other_installment_plans,0.5684210526315789,,8.0,0.631578947368421,EqualConsensus,R2_F2,2,2
people_liable,0.46842105263157896,,12.0,0.42105263157894735,EqualConsensus,R2_F2,2,2
personal_status_sex,0.3473684210526316,,15.0,0.26315789473684215,EqualConsensus,R2_F2,2,2
present_residence,0.21052631578947373,,19.0,0.052631578947368474,EqualConsensus,R2_F2,2,2
property,0.5789473684210527,,6.0,0.736842105263158,EqualConsensus,R2_F2,2,2
purpose,0.48421052631578954,,11.0,0.4736842105263158,EqualConsensus,R2_F2,2,2
savings,0.5052631578947369,,10.0,0.5263157894736843,EqualConsensus,R2_F2,2,2
status,0.8368421052631578,,2.0,0.9473684210526316,EqualConsensus,R2_F2,2,2
telephone,0.34210526315789475,,16.5,0.1842105263157895,EqualConsensus,R2_F2,2,2
savings,0.7966666666666666,5.0,1.0,1.0,Chi2,R2_F3,2,3
status,0.7958333333333334,4.0,2.0,0.9473684210526316,Chi2,R2_F3,2,3
housing,0.7111111111111111,3.0,3.0,0.8947368421052632,Chi2,R2_F3,2,3
credit_history,0.6833333333333333,5.0,4.5,0.8157894736842105,Chi2,R2_F3,2,3
duration,0.6833333333333333,1.0,4.5,0.8157894736842105,Chi2,R2_F3,2,3
amount,0.5666666666666667,1.0,6.0,0.736842105263158,Chi2,R2_F3,2,3
property,0.5041666666666667,4.0,7.0,0.6842105263157895,Chi2,R2_F3,2,3
purpose,0.4833333333333333,10.0,8.0,0.631578947368421,Chi2,R2_F3,2,3
other_installment_plans,0.4444444444444444,3.0,9.0,0.5789473684210527,Chi2,R2_F3,2,3
employment_duration,0.44000000000000006,5.0,10.0,0.5263157894736843,Chi2,R2_F3,2,3
foreign_worker,0.4166666666666667,2.0,11.0,0.4736842105263158,Chi2,R2_F3,2,3
installment_rate,0.41666666666666663,1.0,12.0,0.42105263157894735,Chi2,R2_F3,2,3
personal_status_sex,0.4125,4.0,13.0,0.368421052631579,Chi2,R2_F3,2,3
age,0.4,1.0,14.0,0.3157894736842105,Chi2,R2_F3,2,3
other_debtors,0.39444444444444443,3.0,15.0,0.26315789473684215,Chi2,R2_F3,2,3
telephone,0.35833333333333334,2.0,16.0,0.21052631578947367,Chi2,R2_F3,2,3
people_liable,0.2833333333333333,1.0,17.0,0.1578947368421053,Chi2,R2_F3,2,3
number_credits,0.2666666666666667,1.0,18.0,0.10526315789473684,Chi2,R2_F3,2,3
present_residence,0.09999999999999998,1.0,19.0,0.052631578947368474,Chi2,R2_F3,2,3
job,0.07500000000000001,4.0,20.0,0.0,Chi2,R2_F3,2,3
present_residence,0.9666666666666667,1.0,1.0,1.0,MI,R2_F3,2,3
amount,0.95,1.0,2.0,0.9473684210526316,MI,R2_F3,2,3
age,0.9,1.0,3.0,0.8947368421052632,MI,R2_F3,2,3
duration,0.8833333333333333,1.0,4.0,0.8421052631578947,MI,R2_F3,2,3
status,0.7583333333333333,4.0,5.0,0.7894736842105263,MI,R2_F3,2,3
savings,0.7233333333333334,5.0,6.0,0.736842105263158,MI,R2_F3,2,3
housing,0.6944444444444445,3.0,7.0,0.6842105263157895,MI,R2_F3,2,3
credit_history,0.6433333333333333,5.0,8.0,0.631578947368421,MI,R2_F3,2,3
foreign_worker,0.5583333333333333,2.0,9.0,0.5789473684210527,MI,R2_F3,2,3
property,0.48333333333333334,4.0,10.0,0.5263157894736843,MI,R2_F3,2,3
other_installment_plans,0.4777777777777777,3.0,11.0,0.4736842105263158,MI,R2_F3,2,3
purpose,0.43166666666666664,10.0,12.0,0.42105263157894735,MI,R2_F3,2,3
personal_status_sex,0.41666666666666663,4.0,13.0,0.368421052631579,MI,R2_F3,2,3
telephone,0.4083333333333333,2.0,14.0,0.3157894736842105,MI,R2_F3,2,3
employment_duration,0.3833333333333333,5.0,15.0,0.26315789473684215,MI,R2_F3,2,3
other_debtors,0.37777777777777777,3.0,16.0,0.21052631578947367,MI,R2_F3,2,3
job,0.11666666666666667,4.0,17.0,0.1578947368421053,MI,R2_F3,2,3
installment_rate,0.01666666666666672,1.0,19.0,0.052631578947368474,MI,R2_F3,2,3
number_credits,0.01666666666666672,1.0,19.0,0.052631578947368474,MI,R2_F3,2,3
people_liable,0.01666666666666672,1.0,19.0,0.052631578947368474,MI,R2_F3,2,3
installment_rate,0.7666666666666666,1.0,1.0,1.0,L1,R2_F3,2,3
amount,0.7333333333333334,1.0,2.0,0.9473684210526316,L1,R2_F3,2,3
duration,0.7,1.0,3.0,0.8947368421052632,L1,R2_F3,2,3
savings,0.6933333333333334,5.0,4.0,0.8421052631578947,L1,R2_F3,2,3
status,0.6291666666666667,4.0,5.0,0.7894736842105263,L1,R2_F3,2,3
credit_history,0.6266666666666667,5.0,6.0,0.736842105263158,L1,R2_F3,2,3
age,0.6,1.0,7.0,0.6842105263157895,L1,R2_F3,2,3
foreign_worker,0.5666666666666667,2.0,8.0,0.631578947368421,L1,R2_F3,2,3
number_credits,0.5,1.0,9.0,0.5789473684210527,L1,R2_F3,2,3
purpose,0.495,10.0,10.0,0.5263157894736843,L1,R2_F3,2,3
other_installment_plans,0.48333333333333334,3.0,11.0,0.4736842105263158,L1,R2_F3,2,3
property,0.4541666666666667,4.0,12.0,0.42105263157894735,L1,R2_F3,2,3
personal_status_sex,0.45416666666666666,4.0,13.0,0.368421052631579,L1,R2_F3,2,3
other_debtors,0.43888888888888883,3.0,14.0,0.3157894736842105,L1,R2_F3,2,3
housing,0.4166666666666667,3.0,15.0,0.26315789473684215,L1,R2_F3,2,3
telephone,0.39166666666666666,2.0,16.0,0.21052631578947367,L1,R2_F3,2,3
employment_duration,0.35,5.0,17.5,0.13157894736842102,L1,R2_F3,2,3
people_liable,0.35,1.0,17.5,0.13157894736842102,L1,R2_F3,2,3
job,0.32499999999999996,4.0,19.0,0.052631578947368474,L1,R2_F3,2,3
present_residence,0.16666666666666663,1.0,20.0,0.0,L1,R2_F3,2,3
amount,1.0,1.0,1.0,1.0,RF,R2_F3,2,3
age,0.9833333333333333,1.0,2.0,0.9473684210526316,RF,R2_F3,2,3
duration,0.9666666666666667,1.0,3.0,0.8947368421052632,RF,R2_F3,2,3
installment_rate,0.9166666666666666,1.0,4.0,0.8421052631578947,RF,R2_F3,2,3
present_residence,0.9,1.0,5.0,0.7894736842105263,RF,R2_F3,2,3
number_credits,0.85,1.0,6.0,0.736842105263158,RF,R2_F3,2,3
status,0.75,4.0,7.0,0.6842105263157895,RF,R2_F3,2,3
property,0.6375,4.0,8.0,0.631578947368421,RF,R2_F3,2,3
telephone,0.5583333333333333,2.0,9.0,0.5789473684210527,RF,R2_F3,2,3
credit_history,0.5366666666666667,5.0,10.0,0.5263157894736843,RF,R2_F3,2,3
employment_duration,0.53,5.0,11.0,0.4736842105263158,RF,R2_F3,2,3
other_installment_plans,0.47222222222222215,3.0,12.0,0.42105263157894735,RF,R2_F3,2,3
savings,0.4666666666666667,5.0,13.0,0.368421052631579,RF,R2_F3,2,3
personal_status_sex,0.46249999999999997,4.0,14.0,0.3157894736842105,RF,R2_F3,2,3
housing,0.43888888888888894,3.0,15.0,0.26315789473684215,RF,R2_F3,2,3
job,0.4375,4.0,16.0,0.21052631578947367,RF,R2_F3,2,3
people_liable,0.3833333333333333,1.0,17.0,0.1578947368421053,RF,R2_F3,2,3
purpose,0.29166666666666663,10.0,18.0,0.10526315789473684,RF,R2_F3,2,3
other_debtors,0.25555555555555554,3.0,19.0,0.052631578947368474,RF,R2_F3,2,3
foreign_worker,0.07500000000000001,2.0,20.0,0.0,RF,R2_F3,2,3
amount,0.7416666666666667,1.0,1.5,0.9736842105263158,RFE,R2_F3,2,3
foreign_worker,0.7416666666666667,2.0,1.5,0.9736842105263158,RFE,R2_F3,2,3
credit_history,0.6816666666666666,5.0,3.5,0.868421052631579,RFE,R2_F3,2,3
savings,0.6816666666666666,5.0,3.5,0.868421052631579,RFE,R2_F3,2,3
installment_rate,0.6416666666666666,1.0,5.0,0.7894736842105263,RFE,R2_F3,2,3
status,0.6312500000000001,4.0,6.0,0.736842105263158,RFE,R2_F3,2,3
housing,0.5750000000000001,3.0,8.0,0.631578947368421,RFE,R2_F3,2,3
other_debtors,0.5750000000000001,3.0,8.0,0.631578947368421,RFE,R2_F3,2,3
other_installment_plans,0.5750000000000001,3.0,8.0,0.631578947368421,RFE,R2_F3,2,3
duration,0.5416666666666667,1.0,10.0,0.5263157894736843,RFE,R2_F3,2,3
purpose,0.5316666666666666,10.0,11.0,0.4736842105263158,RFE,R2_F3,2,3
job,0.41666666666666674,4.0,12.0,0.42105263157894735,RFE,R2_F3,2,3
property,0.41666666666666663,4.0,13.0,0.368421052631579,RFE,R2_F3,2,3
age,0.3416666666666667,1.0,14.0,0.3157894736842105,RFE,R2_F3,2,3
employment_duration,0.30166666666666664,5.0,15.0,0.26315789473684215,RFE,R2_F3,2,3
personal_status_sex,0.29166666666666674,4.0,16.0,0.21052631578947367,RFE,R2_F3,2,3
telephone,0.2916666666666667,2.0,17.0,0.1578947368421053,RFE,R2_F3,2,3
number_credits,0.2416666666666667,1.0,18.0,0.10526315789473684,RFE,R2_F3,2,3
people_liable,0.04166666666666663,1.0,19.5,0.02631578947368418,RFE,R2_F3,2,3
present_residence,0.04166666666666663,1.0,19.5,0.02631578947368418,RFE,R2_F3,2,3
age,0.631578947368421,,6.0,0.736842105263158,EqualConsensus,R2_F3,2,3
amount,0.9210526315789475,,1.0,1.0,EqualConsensus,R2_F3,2,3
credit_history,0.7157894736842104,,5.0,0.7894736842105263,EqualConsensus,R2_F3,2,3
duration,0.7947368421052632,,2.0,0.9473684210526316,EqualConsensus,R2_F3,2,3
employment_duration,0.3315789473684211,,14.0,0.3157894736842105,EqualConsensus,R2_F3,2,3
foreign_worker,0.531578947368421,,9.0,0.5789473684210527,EqualConsensus,R2_F3,2,3
housing,0.5473684210526315,,8.0,0.631578947368421,EqualConsensus,R2_F3,2,3
installment_rate,0.6210526315789474,,7.0,0.6842105263157895,EqualConsensus,R2_F3,2,3
job,0.16842105263157897,,19.0,0.052631578947368474,EqualConsensus,R2_F3,2,3
number_credits,0.3157894736842105,,16.0,0.21052631578947367,EqualConsensus,R2_F3,2,3
other_debtors,0.2947368421052632,,17.5,0.13157894736842102,EqualConsensus,R2_F3,2,3
other_installment_plans,0.5157894736842106,,11.0,0.4736842105263158,EqualConsensus,R2_F3,2,3
people_liable,0.10526315789473686,,20.0,0.0,EqualConsensus,R2_F3,2,3
personal_status_sex,0.3263157894736842,,15.0,0.26315789473684215,EqualConsensus,R2_F3,2,3
present_residence,0.37368421052631584,,13.0,0.368421052631579,EqualConsensus,R2_F3,2,3
property,0.5263157894736843,,10.0,0.5263157894736843,EqualConsensus,R2_F3,2,3
purpose,0.43157894736842106,,12.0,0.42105263157894735,EqualConsensus,R2_F3,2,3
savings,0.7631578947368421,,4.0,0.8421052631578947,EqualConsensus,R2_F3,2,3
status,0.7894736842105263,,3.0,0.8947368421052632,EqualConsensus,R2_F3,2,3
telephone,0.2947368421052632,,17.5,0.13157894736842102,EqualConsensus,R2_F3,2,3
status,0.8458333333333333,4.0,1.0,1.0,Chi2,R2_F4,2,4
duration,0.7166666666666667,1.0,2.0,0.9473684210526316,Chi2,R2_F4,2,4
other_installment_plans,0.7111111111111111,3.0,3.0,0.8947368421052632,Chi2,R2_F4,2,4
savings,0.6866666666666668,5.0,4.0,0.8421052631578947,Chi2,R2_F4,2,4
credit_history,0.6533333333333333,5.0,5.0,0.7894736842105263,Chi2,R2_F4,2,4
amount,0.65,1.0,6.0,0.736842105263158,Chi2,R2_F4,2,4
housing,0.6333333333333333,3.0,7.0,0.6842105263157895,Chi2,R2_F4,2,4
employment_duration,0.5133333333333333,5.0,8.0,0.631578947368421,Chi2,R2_F4,2,4
property,0.47916666666666663,4.0,9.0,0.5789473684210527,Chi2,R2_F4,2,4
foreign_worker,0.4166666666666667,2.0,10.0,0.5263157894736843,Chi2,R2_F4,2,4
installment_rate,0.41666666666666663,1.0,11.0,0.4736842105263158,Chi2,R2_F4,2,4
purpose,0.4133333333333333,10.0,12.0,0.42105263157894735,Chi2,R2_F4,2,4
age,0.4,1.0,13.0,0.368421052631579,Chi2,R2_F4,2,4
personal_status_sex,0.38749999999999996,4.0,14.0,0.3157894736842105,Chi2,R2_F4,2,4
other_debtors,0.37222222222222223,3.0,15.0,0.26315789473684215,Chi2,R2_F4,2,4
telephone,0.3416666666666667,2.0,16.0,0.21052631578947367,Chi2,R2_F4,2,4
number_credits,0.30000000000000004,1.0,17.0,0.1578947368421053,Chi2,R2_F4,2,4
job,0.2333333333333333,4.0,18.0,0.10526315789473684,Chi2,R2_F4,2,4
people_liable,0.1166666666666667,1.0,19.0,0.052631578947368474,Chi2,R2_F4,2,4
present_residence,0.050000000000000044,1.0,20.0,0.0,Chi2,R2_F4,2,4
people_liable,0.9833333333333333,1.0,1.0,1.0,MI,R2_F4,2,4
duration,0.9666666666666667,1.0,2.0,0.9473684210526316,MI,R2_F4,2,4
amount,0.9333333333333333,1.0,3.0,0.8947368421052632,MI,R2_F4,2,4
status,0.8083333333333333,4.0,4.0,0.8421052631578947,MI,R2_F4,2,4
other_installment_plans,0.7388888888888889,3.0,5.0,0.7894736842105263,MI,R2_F4,2,4
savings,0.6633333333333333,5.0,6.0,0.736842105263158,MI,R2_F4,2,4
housing,0.6444444444444445,3.0,7.0,0.6842105263157895,MI,R2_F4,2,4
credit_history,0.6033333333333333,5.0,8.0,0.631578947368421,MI,R2_F4,2,4
foreign_worker,0.5916666666666667,2.0,9.0,0.5789473684210527,MI,R2_F4,2,4
present_residence,0.5166666666666666,1.0,10.0,0.5263157894736843,MI,R2_F4,2,4
employment_duration,0.46333333333333326,5.0,11.0,0.4736842105263158,MI,R2_F4,2,4
property,0.45,4.0,12.0,0.42105263157894735,MI,R2_F4,2,4
installment_rate,0.44999999999999996,1.0,13.0,0.368421052631579,MI,R2_F4,2,4
personal_status_sex,0.3625,4.0,14.0,0.3157894736842105,MI,R2_F4,2,4
purpose,0.36,10.0,15.0,0.26315789473684215,MI,R2_F4,2,4
telephone,0.3416666666666667,2.0,16.0,0.21052631578947367,MI,R2_F4,2,4
other_debtors,0.3333333333333333,3.0,17.0,0.1578947368421053,MI,R2_F4,2,4
job,0.22083333333333333,4.0,18.0,0.10526315789473684,MI,R2_F4,2,4
age,0.008333333333333304,1.0,19.5,0.02631578947368418,MI,R2_F4,2,4
number_credits,0.008333333333333304,1.0,19.5,0.02631578947368418,MI,R2_F4,2,4
amount,0.8,1.0,1.0,1.0,L1,R2_F4,2,4
status,0.7875,4.0,2.0,0.9473684210526316,L1,R2_F4,2,4
installment_rate,0.7,1.0,3.0,0.8947368421052632,L1,R2_F4,2,4
other_debtors,0.6333333333333333,3.0,4.0,0.8421052631578947,L1,R2_F4,2,4
credit_history,0.61,5.0,5.0,0.7894736842105263,L1,R2_F4,2,4
duration,0.6,1.0,6.0,0.736842105263158,L1,R2_F4,2,4
foreign_worker,0.5583333333333333,2.0,7.0,0.6842105263157895,L1,R2_F4,2,4
other_installment_plans,0.5444444444444444,3.0,8.0,0.631578947368421,L1,R2_F4,2,4
savings,0.53,5.0,9.0,0.5789473684210527,L1,R2_F4,2,4
age,0.5,1.0,10.0,0.5263157894736843,L1,R2_F4,2,4
employment_duration,0.48666666666666664,5.0,11.0,0.4736842105263158,L1,R2_F4,2,4
purpose,0.485,10.0,12.0,0.42105263157894735,L1,R2_F4,2,4
property,0.44999999999999996,4.0,13.0,0.368421052631579,L1,R2_F4,2,4
telephone,0.43333333333333335,2.0,14.0,0.3157894736842105,L1,R2_F4,2,4
personal_status_sex,0.3958333333333333,4.0,15.0,0.26315789473684215,L1,R2_F4,2,4
housing,0.38888888888888884,3.0,16.0,0.21052631578947367,L1,R2_F4,2,4
number_credits,0.35,1.0,17.0,0.1578947368421053,L1,R2_F4,2,4
people_liable,0.33333333333333337,1.0,18.0,0.10526315789473684,L1,R2_F4,2,4
present_residence,0.30000000000000004,1.0,19.0,0.052631578947368474,L1,R2_F4,2,4
job,0.17916666666666664,4.0,20.0,0.0,L1,R2_F4,2,4
amount,1.0,1.0,1.0,1.0,RF,R2_F4,2,4
age,0.9833333333333333,1.0,2.0,0.9473684210526316,RF,R2_F4,2,4
duration,0.9666666666666667,1.0,3.0,0.8947368421052632,RF,R2_F4,2,4
installment_rate,0.9333333333333333,1.0,4.0,0.8421052631578947,RF,R2_F4,2,4
present_residence,0.9166666666666666,1.0,5.0,0.7894736842105263,RF,R2_F4,2,4
number_credits,0.8333333333333334,1.0,6.0,0.736842105263158,RF,R2_F4,2,4
status,0.7416666666666667,4.0,7.0,0.6842105263157895,RF,R2_F4,2,4
property,0.6041666666666667,4.0,8.0,0.631578947368421,RF,R2_F4,2,4
employment_duration,0.5733333333333334,5.0,9.0,0.5789473684210527,RF,R2_F4,2,4
telephone,0.5416666666666667,2.0,10.0,0.5263157894736843,RF,R2_F4,2,4
other_installment_plans,0.5277777777777778,3.0,11.0,0.4736842105263158,RF,R2_F4,2,4
credit_history,0.51,5.0,12.0,0.42105263157894735,RF,R2_F4,2,4
personal_status_sex,0.48750000000000004,4.0,13.0,0.368421052631579,RF,R2_F4,2,4
job,0.4458333333333333,4.0,14.0,0.3157894736842105,RF,R2_F4,2,4
savings,0.42000000000000004,5.0,15.0,0.26315789473684215,RF,R2_F4,2,4
housing,0.4166666666666667,3.0,16.0,0.21052631578947367,RF,R2_F4,2,4
people_liable,0.3833333333333333,1.0,17.0,0.1578947368421053,RF,R2_F4,2,4
purpose,0.305,10.0,18.0,0.10526315789473684,RF,R2_F4,2,4
other_debtors,0.25555555555555554,3.0,19.0,0.052631578947368474,RF,R2_F4,2,4
foreign_worker,0.05833333333333335,2.0,20.0,0.0,RF,R2_F4,2,4
status,0.85625,4.0,1.0,1.0,RFE,R2_F4,2,4
foreign_worker,0.7916666666666666,2.0,2.0,0.9473684210526316,RFE,R2_F4,2,4
amount,0.7416666666666667,1.0,3.0,0.8947368421052632,RFE,R2_F4,2,4
other_debtors,0.6083333333333333,3.0,4.0,0.8421052631578947,RFE,R2_F4,2,4
credit_history,0.6016666666666667,5.0,5.0,0.7894736842105263,RFE,R2_F4,2,4
purpose,0.5916666666666667,10.0,6.0,0.736842105263158,RFE,R2_F4,2,4
installment_rate,0.5416666666666667,1.0,7.0,0.6842105263157895,RFE,R2_F4,2,4
savings,0.5216666666666667,5.0,8.0,0.631578947368421,RFE,R2_F4,2,4
other_installment_plans,0.5083333333333334,3.0,9.0,0.5789473684210527,RFE,R2_F4,2,4
employment_duration,0.4416666666666667,5.0,10.5,0.5,RFE,R2_F4,2,4
housing,0.4416666666666667,3.0,10.5,0.5,RFE,R2_F4,2,4
duration,0.44166666666666665,1.0,12.0,0.42105263157894735,RFE,R2_F4,2,4
property,0.3916666666666667,4.0,13.0,0.368421052631579,RFE,R2_F4,2,4
telephone,0.39166666666666666,2.0,14.0,0.3157894736842105,RFE,R2_F4,2,4
age,0.3416666666666667,1.0,15.5,0.23684210526315785,RFE,R2_F4,2,4
personal_status_sex,0.3416666666666667,4.0,15.5,0.23684210526315785,RFE,R2_F4,2,4
number_credits,0.2416666666666667,1.0,17.5,0.13157894736842102,RFE,R2_F4,2,4
people_liable,0.2416666666666667,1.0,17.5,0.13157894736842102,RFE,R2_F4,2,4
job,0.19166666666666665,4.0,19.0,0.052631578947368474,RFE,R2_F4,2,4
present_residence,0.04166666666666663,1.0,20.0,0.0,RFE,R2_F4,2,4
age,0.42105263157894746,,13.0,0.368421052631579,EqualConsensus,R2_F4,2,4
amount,0.9052631578947368,,1.0,1.0,EqualConsensus,R2_F4,2,4
credit_history,0.6842105263157894,,4.0,0.8421052631578947,EqualConsensus,R2_F4,2,4
duration,0.7894736842105263,,3.0,0.8947368421052632,EqualConsensus,R2_F4,2,4
employment_duration,0.531578947368421,,9.0,0.5789473684210527,EqualConsensus,R2_F4,2,4
foreign_worker,0.5473684210526317,,8.0,0.631578947368421,EqualConsensus,R2_F4,2,4
housing,0.4578947368421053,,11.0,0.4736842105263158,EqualConsensus,R2_F4,2,4
installment_rate,0.6526315789473685,,6.0,0.736842105263158,EqualConsensus,R2_F4,2,4
job,0.11578947368421053,,20.0,0.0,EqualConsensus,R2_F4,2,4
number_credits,0.24210526315789474,,19.0,0.052631578947368474,EqualConsensus,R2_F4,2,4
other_debtors,0.43157894736842106,,12.0,0.42105263157894735,EqualConsensus,R2_F4,2,4
other_installment_plans,0.6736842105263159,,5.0,0.7894736842105263,EqualConsensus,R2_F4,2,4
people_liable,0.2894736842105263,,17.0,0.1578947368421053,EqualConsensus,R2_F4,2,4
personal_status_sex,0.3,,16.0,0.21052631578947367,EqualConsensus,R2_F4,2,4
present_residence,0.27368421052631586,,18.0,0.10526315789473684,EqualConsensus,R2_F4,2,4
property,0.47368421052631576,,10.0,0.5263157894736843,EqualConsensus,R2_F4,2,4
purpose,0.3894736842105263,,14.0,0.3157894736842105,EqualConsensus,R2_F4,2,4
savings,0.6105263157894736,,7.0,0.6842105263157895,EqualConsensus,R2_F4,2,4
status,0.8947368421052632,,2.0,0.9473684210526316,EqualConsensus,R2_F4,2,4
telephone,0.3157894736842105,,15.0,0.26315789473684215,EqualConsensus,R2_F4,2,4
status,0.8583333333333334,4.0,1.0,1.0,Chi2,R2_F5,2,5
housing,0.7000000000000001,3.0,2.0,0.9473684210526316,Chi2,R2_F5,2,5
duration,0.7,1.0,3.0,0.8947368421052632,Chi2,R2_F5,2,5
credit_history,0.6833333333333333,5.0,4.0,0.8421052631578947,Chi2,R2_F5,2,5
savings,0.6166666666666666,5.0,5.0,0.7894736842105263,Chi2,R2_F5,2,5
amount,0.5833333333333333,1.0,6.0,0.736842105263158,Chi2,R2_F5,2,5
employment_duration,0.5366666666666666,5.0,7.0,0.6842105263157895,Chi2,R2_F5,2,5
personal_status_sex,0.5208333333333334,4.0,8.0,0.631578947368421,Chi2,R2_F5,2,5
purpose,0.485,10.0,9.0,0.5789473684210527,Chi2,R2_F5,2,5
property,0.475,4.0,10.0,0.5263157894736843,Chi2,R2_F5,2,5
other_installment_plans,0.47222222222222215,3.0,11.0,0.4736842105263158,Chi2,R2_F5,2,5
foreign_worker,0.4666666666666667,2.0,12.0,0.42105263157894735,Chi2,R2_F5,2,5
other_debtors,0.35555555555555557,3.0,13.0,0.368421052631579,Chi2,R2_F5,2,5
age,0.35,1.0,14.0,0.3157894736842105,Chi2,R2_F5,2,5
installment_rate,0.2833333333333333,1.0,15.0,0.26315789473684215,Chi2,R2_F5,2,5
number_credits,0.2666666666666667,1.0,16.0,0.21052631578947367,Chi2,R2_F5,2,5
people_liable,0.23333333333333328,1.0,17.0,0.1578947368421053,Chi2,R2_F5,2,5
telephone,0.175,2.0,18.0,0.10526315789473684,Chi2,R2_F5,2,5
job,0.17083333333333336,4.0,19.0,0.052631578947368474,Chi2,R2_F5,2,5
present_residence,0.08333333333333337,1.0,20.0,0.0,Chi2,R2_F5,2,5
installment_rate,0.9666666666666667,1.0,1.0,1.0,MI,R2_F5,2,5
amount,0.95,1.0,2.0,0.9473684210526316,MI,R2_F5,2,5
duration,0.9166666666666666,1.0,3.0,0.8947368421052632,MI,R2_F5,2,5
status,0.8166666666666667,4.0,4.0,0.8421052631578947,MI,R2_F5,2,5
housing,0.7111111111111111,3.0,5.0,0.7894736842105263,MI,R2_F5,2,5
foreign_worker,0.675,2.0,6.0,0.736842105263158,MI,R2_F5,2,5
credit_history,0.6466666666666667,5.0,7.0,0.6842105263157895,MI,R2_F5,2,5
savings,0.6066666666666667,5.0,8.0,0.631578947368421,MI,R2_F5,2,5
personal_status_sex,0.5,4.0,9.0,0.5789473684210527,MI,R2_F5,2,5
other_installment_plans,0.4888888888888889,3.0,10.0,0.5263157894736843,MI,R2_F5,2,5
employment_duration,0.4766666666666667,5.0,11.0,0.4736842105263158,MI,R2_F5,2,5
property,0.4708333333333333,4.0,12.0,0.42105263157894735,MI,R2_F5,2,5
purpose,0.4533333333333333,10.0,13.0,0.368421052631579,MI,R2_F5,2,5
other_debtors,0.3333333333333333,3.0,14.0,0.3157894736842105,MI,R2_F5,2,5
telephone,0.2416666666666667,2.0,15.0,0.26315789473684215,MI,R2_F5,2,5
job,0.2,4.0,16.0,0.21052631578947367,MI,R2_F5,2,5
age,0.025000000000000022,1.0,18.5,0.07894736842105265,MI,R2_F5,2,5
number_credits,0.025000000000000022,1.0,18.5,0.07894736842105265,MI,R2_F5,2,5
people_liable,0.025000000000000022,1.0,18.5,0.07894736842105265,MI,R2_F5,2,5
present_residence,0.025000000000000022,1.0,18.5,0.07894736842105265,MI,R2_F5,2,5
status,0.7708333333333333,4.0,1.0,1.0,L1,R2_F5,2,5
duration,0.7,1.0,2.0,0.9473684210526316,L1,R2_F5,2,5
credit_history,0.6783333333333333,5.0,3.0,0.8947368421052632,L1,R2_F5,2,5
amount,0.6666666666666667,1.0,4.0,0.8421052631578947,L1,R2_F5,2,5
installment_rate,0.65,1.0,5.0,0.7894736842105263,L1,R2_F5,2,5
number_credits,0.5666666666666667,1.0,6.0,0.736842105263158,L1,R2_F5,2,5
foreign_worker,0.5625,2.0,7.0,0.6842105263157895,L1,R2_F5,2,5
savings,0.5616666666666666,5.0,8.0,0.631578947368421,L1,R2_F5,2,5
people_liable,0.55,1.0,9.0,0.5789473684210527,L1,R2_F5,2,5
other_debtors,0.5416666666666666,3.0,10.0,0.5263157894736843,L1,R2_F5,2,5
personal_status_sex,0.4979166666666667,4.0,11.0,0.4736842105263158,L1,R2_F5,2,5
purpose,0.4758333333333333,10.0,12.0,0.42105263157894735,L1,R2_F5,2,5
employment_duration,0.44666666666666666,5.0,13.0,0.368421052631579,L1,R2_F5,2,5
age,0.4,1.0,14.0,0.3157894736842105,L1,R2_F5,2,5
telephone,0.37916666666666665,2.0,15.0,0.26315789473684215,L1,R2_F5,2,5
property,0.3770833333333333,4.0,16.0,0.21052631578947367,L1,R2_F5,2,5
present_residence,0.3666666666666667,1.0,17.0,0.1578947368421053,L1,R2_F5,2,5
other_installment_plans,0.3611111111111111,3.0,18.0,0.10526315789473684,L1,R2_F5,2,5
housing,0.3444444444444444,3.0,19.0,0.052631578947368474,L1,R2_F5,2,5
job,0.3,4.0,20.0,0.0,L1,R2_F5,2,5
amount,1.0,1.0,1.0,1.0,RF,R2_F5,2,5
duration,0.9833333333333333,1.0,2.0,0.9473684210526316,RF,R2_F5,2,5
age,0.9666666666666667,1.0,3.0,0.8947368421052632,RF,R2_F5,2,5
installment_rate,0.9166666666666666,1.0,4.0,0.8421052631578947,RF,R2_F5,2,5
present_residence,0.9,1.0,5.0,0.7894736842105263,RF,R2_F5,2,5
number_credits,0.8666666666666667,1.0,6.0,0.736842105263158,RF,R2_F5,2,5
status,0.7291666666666666,4.0,7.0,0.6842105263157895,RF,R2_F5,2,5
property,0.5666666666666667,4.0,8.5,0.6052631578947368,RF,R2_F5,2,5
telephone,0.5666666666666667,2.0,8.5,0.6052631578947368,RF,R2_F5,2,5
employment_duration,0.5633333333333334,5.0,10.0,0.5263157894736843,RF,R2_F5,2,5
credit_history,0.54,5.0,11.0,0.4736842105263158,RF,R2_F5,2,5
personal_status_sex,0.4916666666666667,4.0,12.0,0.42105263157894735,RF,R2_F5,2,5
other_installment_plans,0.48333333333333334,3.0,13.0,0.368421052631579,RF,R2_F5,2,5
housing,0.4777777777777777,3.0,14.0,0.3157894736842105,RF,R2_F5,2,5
job,0.43333333333333335,4.0,15.5,0.23684210526315785,RF,R2_F5,2,5
people_liable,0.43333333333333335,1.0,15.5,0.23684210526315785,RF,R2_F5,2,5
savings,0.4133333333333333,5.0,17.0,0.1578947368421053,RF,R2_F5,2,5
purpose,0.315,10.0,18.0,0.10526315789473684,RF,R2_F5,2,5
other_debtors,0.21666666666666667,3.0,19.0,0.052631578947368474,RF,R2_F5,2,5
foreign_worker,0.07500000000000001,2.0,20.0,0.0,RF,R2_F5,2,5
foreign_worker,0.8416666666666667,2.0,1.0,1.0,RFE,R2_F5,2,5
status,0.83125,4.0,2.0,0.9473684210526316,RFE,R2_F5,2,5
duration,0.7416666666666667,1.0,3.0,0.8947368421052632,RFE,R2_F5,2,5
credit_history,0.7016666666666667,5.0,4.0,0.8421052631578947,RFE,R2_F5,2,5
amount,0.6416666666666666,1.0,5.0,0.7894736842105263,RFE,R2_F5,2,5
housing,0.6083333333333333,3.0,6.0,0.736842105263158,RFE,R2_F5,2,5
savings,0.6016666666666667,5.0,7.0,0.6842105263157895,RFE,R2_F5,2,5
purpose,0.5516666666666666,10.0,8.0,0.631578947368421,RFE,R2_F5,2,5
installment_rate,0.5416666666666667,1.0,9.0,0.5789473684210527,RFE,R2_F5,2,5
other_debtors,0.5083333333333334,3.0,10.0,0.5263157894736843,RFE,R2_F5,2,5
personal_status_sex,0.4666666666666667,4.0,11.0,0.4736842105263158,RFE,R2_F5,2,5
employment_duration,0.40166666666666667,5.0,12.0,0.42105263157894735,RFE,R2_F5,2,5
number_credits,0.3416666666666667,1.0,13.0,0.368421052631579,RFE,R2_F5,2,5
property,0.2916666666666667,4.0,14.5,0.2894736842105263,RFE,R2_F5,2,5
telephone,0.2916666666666667,2.0,14.5,0.2894736842105263,RFE,R2_F5,2,5
other_installment_plans,0.27499999999999997,3.0,16.0,0.21052631578947367,RFE,R2_F5,2,5
people_liable,0.2416666666666667,1.0,17.0,0.1578947368421053,RFE,R2_F5,2,5
job,0.24166666666666664,4.0,18.0,0.10526315789473684,RFE,R2_F5,2,5
age,0.14166666666666672,1.0,19.0,0.052631578947368474,RFE,R2_F5,2,5
present_residence,0.04166666666666663,1.0,20.0,0.0,RFE,R2_F5,2,5
age,0.3315789473684211,,16.0,0.21052631578947367,EqualConsensus,R2_F5,2,5
amount,0.8631578947368421,,3.0,0.8947368421052632,EqualConsensus,R2_F5,2,5
credit_history,0.7473684210526316,,4.0,0.8421052631578947,EqualConsensus,R2_F5,2,5
duration,0.9157894736842105,,1.0,1.0,EqualConsensus,R2_F5,2,5
employment_duration,0.4947368421052632,,10.0,0.5263157894736843,EqualConsensus,R2_F5,2,5
foreign_worker,0.5684210526315789,,8.0,0.631578947368421,EqualConsensus,R2_F5,2,5
housing,0.568421052631579,,7.0,0.6842105263157895,EqualConsensus,R2_F5,2,5
installment_rate,0.6947368421052631,,5.0,0.7894736842105263,EqualConsensus,R2_F5,2,5
job,0.12105263157894737,,20.0,0.0,EqualConsensus,R2_F5,2,5
number_credits,0.42631578947368426,,11.0,0.4736842105263158,EqualConsensus,R2_F5,2,5
other_debtors,0.3578947368421054,,14.0,0.3157894736842105,EqualConsensus,R2_F5,2,5
other_installment_plans,0.3368421052631579,,15.0,0.26315789473684215,EqualConsensus,R2_F5,2,5
people_liable,0.24210526315789477,,18.0,0.10526315789473684,EqualConsensus,R2_F5,2,5
personal_status_sex,0.5157894736842106,,9.0,0.5789473684210527,EqualConsensus,R2_F5,2,5
present_residence,0.20526315789473687,,19.0,0.052631578947368474,EqualConsensus,R2_F5,2,5
property,0.41052631578947363,,13.0,0.368421052631579,EqualConsensus,R2_F5,2,5
purpose,0.42105263157894746,,12.0,0.42105263157894735,EqualConsensus,R2_F5,2,5
savings,0.5789473684210525,,6.0,0.736842105263158,EqualConsensus,R2_F5,2,5
status,0.8947368421052632,,2.0,0.9473684210526316,EqualConsensus,R2_F5,2,5
telephone,0.30526315789473685,,17.0,0.1578947368421053,EqualConsensus,R2_F5,2,5
status,0.7708333333333333,4.0,1.0,1.0,Chi2,R3_F1,3,1
housing,0.7611111111111111,3.0,2.0,0.9473684210526316,Chi2,R3_F1,3,1
savings,0.7066666666666667,5.0,3.0,0.8947368421052632,Chi2,R3_F1,3,1
other_installment_plans,0.6555555555555556,3.0,4.0,0.8421052631578947,Chi2,R3_F1,3,1
duration,0.6333333333333333,1.0,5.0,0.7894736842105263,Chi2,R3_F1,3,1
credit_history,0.5900000000000001,5.0,6.0,0.736842105263158,Chi2,R3_F1,3,1
amount,0.5833333333333333,1.0,7.0,0.6842105263157895,Chi2,R3_F1,3,1
purpose,0.4866666666666667,10.0,8.0,0.631578947368421,Chi2,R3_F1,3,1
property,0.4833333333333333,4.0,9.0,0.5789473684210527,Chi2,R3_F1,3,1
foreign_worker,0.45833333333333337,2.0,10.0,0.5263157894736843,Chi2,R3_F1,3,1
personal_status_sex,0.42916666666666664,4.0,11.0,0.4736842105263158,Chi2,R3_F1,3,1
installment_rate,0.41666666666666663,1.0,12.0,0.42105263157894735,Chi2,R3_F1,3,1
age,0.4,1.0,13.0,0.368421052631579,Chi2,R3_F1,3,1
employment_duration,0.38666666666666666,5.0,14.0,0.3157894736842105,Chi2,R3_F1,3,1
other_debtors,0.3833333333333333,3.0,15.0,0.26315789473684215,Chi2,R3_F1,3,1
job,0.30000000000000004,4.0,16.0,0.21052631578947367,Chi2,R3_F1,3,1
telephone,0.27499999999999997,2.0,17.0,0.1578947368421053,Chi2,R3_F1,3,1
people_liable,0.21666666666666667,1.0,18.0,0.10526315789473684,Chi2,R3_F1,3,1
number_credits,0.1166666666666667,1.0,19.0,0.052631578947368474,Chi2,R3_F1,3,1
present_residence,0.050000000000000044,1.0,20.0,0.0,Chi2,R3_F1,3,1
duration,0.9666666666666667,1.0,1.0,1.0,MI,R3_F1,3,1
amount,0.95,1.0,2.0,0.9473684210526316,MI,R3_F1,3,1
housing,0.7611111111111111,3.0,3.0,0.8947368421052632,MI,R3_F1,3,1
status,0.7583333333333333,4.0,4.0,0.8421052631578947,MI,R3_F1,3,1
foreign_worker,0.7083333333333333,2.0,5.0,0.7894736842105263,MI,R3_F1,3,1
savings,0.6900000000000001,5.0,6.0,0.736842105263158,MI,R3_F1,3,1
other_installment_plans,0.6777777777777777,3.0,7.0,0.6842105263157895,MI,R3_F1,3,1
credit_history,0.5599999999999999,5.0,8.0,0.631578947368421,MI,R3_F1,3,1
property,0.5083333333333333,4.0,9.0,0.5789473684210527,MI,R3_F1,3,1
purpose,0.45,10.0,10.0,0.5263157894736843,MI,R3_F1,3,1
personal_status_sex,0.43333333333333335,4.0,11.0,0.4736842105263158,MI,R3_F1,3,1
other_debtors,0.3888888888888889,3.0,12.0,0.42105263157894735,MI,R3_F1,3,1
employment_duration,0.3833333333333333,5.0,13.0,0.368421052631579,MI,R3_F1,3,1
telephone,0.375,2.0,14.0,0.3157894736842105,MI,R3_F1,3,1
job,0.325,4.0,15.0,0.26315789473684215,MI,R3_F1,3,1
age,0.033333333333333326,1.0,18.0,0.10526315789473684,MI,R3_F1,3,1
installment_rate,0.033333333333333326,1.0,18.0,0.10526315789473684,MI,R3_F1,3,1
number_credits,0.033333333333333326,1.0,18.0,0.10526315789473684,MI,R3_F1,3,1
people_liable,0.033333333333333326,1.0,18.0,0.10526315789473684,MI,R3_F1,3,1
present_residence,0.033333333333333326,1.0,18.0,0.10526315789473684,MI,R3_F1,3,1
installment_rate,0.7,1.0,1.0,1.0,L1,R3_F1,3,1
duration,0.6833333333333333,1.0,2.0,0.9473684210526316,L1,R3_F1,3,1
foreign_worker,0.6583333333333333,2.0,3.0,0.8947368421052632,L1,R3_F1,3,1
amount,0.65,1.0,4.0,0.8421052631578947,L1,R3_F1,3,1
age,0.6333333333333333,1.0,5.0,0.7894736842105263,L1,R3_F1,3,1
status,0.6166666666666667,4.0,6.0,0.736842105263158,L1,R3_F1,3,1
savings,0.61,5.0,7.0,0.6842105263157895,L1,R3_F1,3,1
credit_history,0.6066666666666667,5.0,8.0,0.631578947368421,L1,R3_F1,3,1
number_credits,0.6,1.0,9.0,0.5789473684210527,L1,R3_F1,3,1
purpose,0.5633333333333332,10.0,10.0,0.5263157894736843,L1,R3_F1,3,1
other_debtors,0.5555555555555555,3.0,11.0,0.4736842105263158,L1,R3_F1,3,1
property,0.475,4.0,12.0,0.42105263157894735,L1,R3_F1,3,1
telephone,0.4583333333333333,2.0,13.0,0.368421052631579,L1,R3_F1,3,1
employment_duration,0.45,5.0,14.0,0.3157894736842105,L1,R3_F1,3,1
people_liable,0.4,1.0,15.0,0.26315789473684215,L1,R3_F1,3,1
personal_status_sex,0.3958333333333333,4.0,16.0,0.21052631578947367,L1,R3_F1,3,1
other_installment_plans,0.37777777777777777,3.0,17.0,0.1578947368421053,L1,R3_F1,3,1
present_residence,0.3666666666666667,1.0,18.0,0.10526315789473684,L1,R3_F1,3,1
housing,0.3277777777777778,3.0,19.0,0.052631578947368474,L1,R3_F1,3,1
job,0.1333333333333333,4.0,20.0,0.0,L1,R3_F1,3,1
amount,1.0,1.0,1.0,1.0,RF,R3_F1,3,1
duration,0.9833333333333333,1.0,2.0,0.9473684210526316,RF,R3_F1,3,1
age,0.9666666666666667,1.0,3.0,0.8947368421052632,RF,R3_F1,3,1
installment_rate,0.9166666666666666,1.0,4.0,0.8421052631578947,RF,R3_F1,3,1
present_residence,0.9,1.0,5.0,0.7894736842105263,RF,R3_F1,3,1
number_credits,0.85,1.0,6.0,0.736842105263158,RF,R3_F1,3,1
status,0.7291666666666666,4.0,7.0,0.6842105263157895,RF,R3_F1,3,1
property,0.6708333333333334,4.0,8.0,0.631578947368421,RF,R3_F1,3,1
employment_duration,0.55,5.0,9.5,0.5526315789473684,RF,R3_F1,3,1
telephone,0.55,2.0,9.5,0.5526315789473684,RF,R3_F1,3,1
other_installment_plans,0.5277777777777778,3.0,11.0,0.4736842105263158,RF,R3_F1,3,1
housing,0.48888888888888893,3.0,12.0,0.42105263157894735,RF,R3_F1,3,1
credit_history,0.47333333333333333,5.0,13.0,0.368421052631579,RF,R3_F1,3,1
job,0.4458333333333333,4.0,14.5,0.2894736842105263,RF,R3_F1,3,1
personal_status_sex,0.4458333333333333,4.0,14.5,0.2894736842105263,RF,R3_F1,3,1
people_liable,0.43333333333333335,1.0,16.0,0.21052631578947367,RF,R3_F1,3,1
savings,0.4033333333333333,5.0,17.0,0.1578947368421053,RF,R3_F1,3,1
purpose,0.315,10.0,18.0,0.10526315789473684,RF,R3_F1,3,1
other_debtors,0.24444444444444444,3.0,19.0,0.052631578947368474,RF,R3_F1,3,1
foreign_worker,0.05833333333333335,2.0,20.0,0.0,RF,R3_F1,3,1
foreign_worker,0.8416666666666667,2.0,1.0,1.0,RFE,R3_F1,3,1
duration,0.7416666666666667,1.0,2.0,0.9473684210526316,RFE,R3_F1,3,1
status,0.65625,4.0,3.0,0.8947368421052632,RFE,R3_F1,3,1
savings,0.6416666666666667,5.0,4.0,0.8421052631578947,RFE,R3_F1,3,1
installment_rate,0.6416666666666666,1.0,5.0,0.7894736842105263,RFE,R3_F1,3,1
purpose,0.5916666666666666,10.0,6.0,0.736842105263158,RFE,R3_F1,3,1
housing,0.5750000000000001,3.0,7.0,0.6842105263157895,RFE,R3_F1,3,1
amount,0.5416666666666667,1.0,8.0,0.631578947368421,RFE,R3_F1,3,1
other_debtors,0.5416666666666666,3.0,9.0,0.5789473684210527,RFE,R3_F1,3,1
credit_history,0.5216666666666667,5.0,10.0,0.5263157894736843,RFE,R3_F1,3,1
employment_duration,0.48166666666666663,5.0,11.0,0.4736842105263158,RFE,R3_F1,3,1
property,0.4666666666666667,4.0,12.0,0.42105263157894735,RFE,R3_F1,3,1
other_installment_plans,0.4416666666666667,3.0,13.0,0.368421052631579,RFE,R3_F1,3,1
age,0.44166666666666665,1.0,14.5,0.2894736842105263,RFE,R3_F1,3,1
number_credits,0.44166666666666665,1.0,14.5,0.2894736842105263,RFE,R3_F1,3,1
personal_status_sex,0.3666666666666667,4.0,16.0,0.21052631578947367,RFE,R3_F1,3,1
telephone,0.2916666666666667,2.0,17.0,0.1578947368421053,RFE,R3_F1,3,1
people_liable,0.14166666666666672,1.0,18.5,0.07894736842105265,RFE,R3_F1,3,1
present_residence,0.14166666666666672,1.0,18.5,0.07894736842105265,RFE,R3_F1,3,1
job,0.09166666666666667,4.0,20.0,0.0,RFE,R3_F1,3,1
age,0.4894736842105264,,12.0,0.42105263157894735,EqualConsensus,R3_F1,3,1
amount,0.8210526315789475,,3.0,0.8947368421052632,EqualConsensus,R3_F1,3,1
credit_history,0.5789473684210525,,8.0,0.631578947368421,EqualConsensus,R3_F1,3,1
duration,0.9263157894736842,,1.0,1.0,EqualConsensus,R3_F1,3,1
employment_duration,0.4052631578947368,,13.0,0.368421052631579,EqualConsensus,R3_F1,3,1
foreign_worker,0.6421052631578947,,5.0,0.7894736842105263,EqualConsensus,R3_F1,3,1
housing,0.6,,7.0,0.6842105263157895,EqualConsensus,R3_F1,3,1
installment_rate,0.631578947368421,,6.0,0.736842105263158,EqualConsensus,R3_F1,3,1
job,0.15263157894736842,,19.5,0.02631578947368418,EqualConsensus,R3_F1,3,1
number_credits,0.35263157894736846,,15.0,0.26315789473684215,EqualConsensus,R3_F1,3,1
other_debtors,0.3578947368421053,,14.0,0.3157894736842105,EqualConsensus,R3_F1,3,1
other_installment_plans,0.5052631578947369,,10.5,0.5,EqualConsensus,R3_F1,3,1
people_liable,0.15263157894736842,,19.5,0.02631578947368418,EqualConsensus,R3_F1,3,1
personal_status_sex,0.3315789473684211,,16.0,0.21052631578947367,EqualConsensus,R3_F1,3,1
present_residence,0.21578947368421053,,18.0,0.10526315789473684,EqualConsensus,R3_F1,3,1
property,0.5263157894736842,,9.0,0.5789473684210527,EqualConsensus,R3_F1,3,1
purpose,0.5052631578947369,,10.5,0.5,EqualConsensus,R3_F1,3,1
savings,0.6631578947368422,,4.0,0.8421052631578947,EqualConsensus,R3_F1,3,1
status,0.8315789473684211,,2.0,0.9473684210526316,EqualConsensus,R3_F1,3,1
telephone,0.3105263157894737,,17.0,0.1578947368421053,EqualConsensus,R3_F1,3,1
status,0.8375,4.0,1.0,1.0,Chi2,R3_F2,3,2
housing,0.7333333333333334,3.0,2.0,0.9473684210526316,Chi2,R3_F2,3,2
savings,0.7033333333333334,5.0,3.0,0.8947368421052632,Chi2,R3_F2,3,2
duration,0.6666666666666667,1.0,4.0,0.8421052631578947,Chi2,R3_F2,3,2
credit_history,0.6599999999999999,5.0,5.0,0.7894736842105263,Chi2,R3_F2,3,2
other_installment_plans,0.5944444444444444,3.0,6.0,0.736842105263158,Chi2,R3_F2,3,2
employment_duration,0.5533333333333333,5.0,7.0,0.6842105263157895,Chi2,R3_F2,3,2
telephone,0.48333333333333334,2.0,8.0,0.631578947368421,Chi2,R3_F2,3,2
amount,0.4833333333333333,1.0,9.5,0.5526315789473684,Chi2,R3_F2,3,2
personal_status_sex,0.4833333333333333,4.0,9.5,0.5526315789473684,Chi2,R3_F2,3,2
property,0.4375,4.0,11.0,0.4736842105263158,Chi2,R3_F2,3,2
other_debtors,0.42777777777777776,3.0,12.0,0.42105263157894735,Chi2,R3_F2,3,2
purpose,0.3916666666666667,10.0,13.0,0.368421052631579,Chi2,R3_F2,3,2
foreign_worker,0.375,2.0,14.0,0.3157894736842105,Chi2,R3_F2,3,2
number_credits,0.3666666666666667,1.0,15.0,0.26315789473684215,Chi2,R3_F2,3,2
installment_rate,0.35,1.0,16.0,0.21052631578947367,Chi2,R3_F2,3,2
age,0.31666666666666665,1.0,17.0,0.1578947368421053,Chi2,R3_F2,3,2
people_liable,0.16666666666666663,1.0,18.0,0.10526315789473684,Chi2,R3_F2,3,2
job,0.1375,4.0,19.0,0.052631578947368474,Chi2,R3_F2,3,2
present_residence,0.08333333333333337,1.0,20.0,0.0,Chi2,R3_F2,3,2
duration,0.9333333333333333,1.0,1.0,1.0,MI,R3_F2,3,2
amount,0.8833333333333333,1.0,2.0,0.9473684210526316,MI,R3_F2,3,2
status,0.8125,4.0,3.0,0.8947368421052632,MI,R3_F2,3,2
housing,0.7333333333333334,3.0,4.0,0.8421052631578947,MI,R3_F2,3,2
savings,0.6966666666666667,5.0,5.0,0.7894736842105263,MI,R3_F2,3,2
credit_history,0.6599999999999999,5.0,6.0,0.736842105263158,MI,R3_F2,3,2
other_installment_plans,0.6444444444444445,3.0,7.0,0.6842105263157895,MI,R3_F2,3,2
employment_duration,0.5333333333333334,5.0,8.0,0.631578947368421,MI,R3_F2,3,2
foreign_worker,0.525,2.0,9.0,0.5789473684210527,MI,R3_F2,3,2
telephone,0.4916666666666667,2.0,10.0,0.5263157894736843,MI,R3_F2,3,2
personal_status_sex,0.4708333333333333,4.0,11.0,0.4736842105263158,MI,R3_F2,3,2
property,0.45416666666666666,4.0,12.0,0.42105263157894735,MI,R3_F2,3,2
other_debtors,0.4333333333333333,3.0,13.0,0.368421052631579,MI,R3_F2,3,2
purpose,0.39,10.0,14.0,0.3157894736842105,MI,R3_F2,3,2
job,0.1875,4.0,15.0,0.26315789473684215,MI,R3_F2,3,2
age,0.033333333333333326,1.0,18.0,0.10526315789473684,MI,R3_F2,3,2
installment_rate,0.033333333333333326,1.0,18.0,0.10526315789473684,MI,R3_F2,3,2
number_credits,0.033333333333333326,1.0,18.0,0.10526315789473684,MI,R3_F2,3,2
people_liable,0.033333333333333326,1.0,18.0,0.10526315789473684,MI,R3_F2,3,2
present_residence,0.033333333333333326,1.0,18.0,0.10526315789473684,MI,R3_F2,3,2
duration,0.8,1.0,1.0,1.0,L1,R3_F2,3,2
status,0.6958333333333333,4.0,2.0,0.9473684210526316,L1,R3_F2,3,2
credit_history,0.6633333333333333,5.0,3.0,0.8947368421052632,L1,R3_F2,3,2
installment_rate,0.6333333333333333,1.0,4.0,0.8421052631578947,L1,R3_F2,3,2
other_debtors,0.611111111111111,3.0,5.0,0.7894736842105263,L1,R3_F2,3,2
savings,0.5533333333333333,5.0,6.0,0.736842105263158,L1,R3_F2,3,2
amount,0.5333333333333333,1.0,7.0,0.6842105263157895,L1,R3_F2,3,2
foreign_worker,0.5249999999999999,2.0,8.0,0.631578947368421,L1,R3_F2,3,2
purpose,0.5066666666666666,10.0,9.0,0.5789473684210527,L1,R3_F2,3,2
number_credits,0.4833333333333333,1.0,10.0,0.5263157894736843,L1,R3_F2,3,2
other_installment_plans,0.4777777777777777,3.0,11.0,0.4736842105263158,L1,R3_F2,3,2
age,0.44999999999999996,1.0,12.0,0.42105263157894735,L1,R3_F2,3,2
personal_status_sex,0.44166666666666665,4.0,13.0,0.368421052631579,L1,R3_F2,3,2
housing,0.42777777777777776,3.0,14.0,0.3157894736842105,L1,R3_F2,3,2
employment_duration,0.41666666666666663,5.0,15.0,0.26315789473684215,L1,R3_F2,3,2
telephone,0.4,2.0,16.0,0.21052631578947367,L1,R3_F2,3,2
property,0.39166666666666666,4.0,17.0,0.1578947368421053,L1,R3_F2,3,2
present_residence,0.35,1.0,18.0,0.10526315789473684,L1,R3_F2,3,2
people_liable,0.33333333333333337,1.0,19.0,0.052631578947368474,L1,R3_F2,3,2
job,0.29166666666666663,4.0,20.0,0.0,L1,R3_F2,3,2
amount,1.0,1.0,1.0,1.0,RF,R3_F2,3,2
duration,0.9833333333333333,1.0,2.0,0.9473684210526316,RF,R3_F2,3,2
age,0.9666666666666667,1.0,3.0,0.8947368421052632,RF,R3_F2,3,2
installment_rate,0.9166666666666666,1.0,4.0,0.8421052631578947,RF,R3_F2,3,2
present_residence,0.9,1.0,5.0,0.7894736842105263,RF,R3_F2,3,2
number_credits,0.8166666666666667,1.0,6.0,0.736842105263158,RF,R3_F2,3,2
status,0.7333333333333334,4.0,7.0,0.6842105263157895,RF,R3_F2,3,2
property,0.5833333333333333,4.0,8.0,0.631578947368421,RF,R3_F2,3,2
employment_duration,0.5733333333333334,5.0,9.0,0.5789473684210527,RF,R3_F2,3,2
telephone,0.5666666666666667,2.0,10.0,0.5263157894736843,RF,R3_F2,3,2
credit_history,0.5633333333333332,5.0,11.0,0.4736842105263158,RF,R3_F2,3,2
other_installment_plans,0.5555555555555556,3.0,12.0,0.42105263157894735,RF,R3_F2,3,2
housing,0.45555555555555555,3.0,13.0,0.368421052631579,RF,R3_F2,3,2
people_liable,0.43333333333333335,1.0,14.0,0.3157894736842105,RF,R3_F2,3,2
job,0.42916666666666664,4.0,15.0,0.26315789473684215,RF,R3_F2,3,2
savings,0.42333333333333334,5.0,16.0,0.21052631578947367,RF,R3_F2,3,2
personal_status_sex,0.4125,4.0,17.0,0.1578947368421053,RF,R3_F2,3,2
purpose,0.29833333333333334,10.0,18.0,0.10526315789473684,RF,R3_F2,3,2
other_debtors,0.25,3.0,19.0,0.052631578947368474,RF,R3_F2,3,2
foreign_worker,0.07500000000000001,2.0,20.0,0.0,RF,R3_F2,3,2
status,0.78125,4.0,1.0,1.0,RFE,R3_F2,3,2
duration,0.7416666666666667,1.0,2.0,0.9473684210526316,RFE,R3_F2,3,2
foreign_worker,0.6916666666666667,2.0,3.0,0.8947368421052632,RFE,R3_F2,3,2
savings,0.6616666666666666,5.0,4.0,0.8421052631578947,RFE,R3_F2,3,2
credit_history,0.6416666666666667,5.0,5.0,0.7894736842105263,RFE,R3_F2,3,2
other_debtors,0.5750000000000001,3.0,6.0,0.736842105263158,RFE,R3_F2,3,2
housing,0.575,3.0,7.0,0.6842105263157895,RFE,R3_F2,3,2
purpose,0.5716666666666667,10.0,8.0,0.631578947368421,RFE,R3_F2,3,2
other_installment_plans,0.5416666666666666,3.0,9.0,0.5789473684210527,RFE,R3_F2,3,2
employment_duration,0.4416666666666667,5.0,10.0,0.5263157894736843,RFE,R3_F2,3,2
installment_rate,0.44166666666666665,1.0,11.0,0.4736842105263158,RFE,R3_F2,3,2
amount,0.3416666666666667,1.0,13.0,0.368421052631579,RFE,R3_F2,3,2
number_credits,0.3416666666666667,1.0,13.0,0.368421052631579,RFE,R3_F2,3,2
personal_status_sex,0.3416666666666667,4.0,13.0,0.368421052631579,RFE,R3_F2,3,2
property,0.3166666666666667,4.0,15.0,0.26315789473684215,RFE,R3_F2,3,2
job,0.29166666666666674,4.0,16.0,0.21052631578947367,RFE,R3_F2,3,2
telephone,0.2916666666666667,2.0,17.0,0.1578947368421053,RFE,R3_F2,3,2
age,0.14166666666666672,1.0,18.0,0.10526315789473684,RFE,R3_F2,3,2
people_liable,0.04166666666666663,1.0,19.5,0.02631578947368418,RFE,R3_F2,3,2
present_residence,0.04166666666666663,1.0,19.5,0.02631578947368418,RFE,R3_F2,3,2
age,0.3368421052631579,,17.0,0.1578947368421053,EqualConsensus,R3_F2,3,2
amount,0.7105263157894737,,4.0,0.8421052631578947,EqualConsensus,R3_F2,3,2
credit_history,0.7368421052631579,,3.0,0.8947368421052632,EqualConsensus,R3_F2,3,2
duration,0.9473684210526316,,1.0,1.0,EqualConsensus,R3_F2,3,2
employment_duration,0.5368421052631579,,8.0,0.631578947368421,EqualConsensus,R3_F2,3,2
foreign_worker,0.4842105263157895,,10.0,0.5263157894736843,EqualConsensus,R3_F2,3,2
housing,0.631578947368421,,6.0,0.736842105263158,EqualConsensus,R3_F2,3,2
installment_rate,0.4947368421052632,,9.0,0.5789473684210527,EqualConsensus,R3_F2,3,2
job,0.15789473684210528,,19.0,0.052631578947368474,EqualConsensus,R3_F2,3,2
number_credits,0.4,,13.0,0.368421052631579,EqualConsensus,R3_F2,3,2
other_debtors,0.4736842105263158,,11.0,0.4736842105263158,EqualConsensus,R3_F2,3,2
other_installment_plans,0.5789473684210527,,7.0,0.6842105263157895,EqualConsensus,R3_F2,3,2
people_liable,0.12105263157894737,,20.0,0.0,EqualConsensus,R3_F2,3,2
personal_status_sex,0.38421052631578945,,16.0,0.21052631578947367,EqualConsensus,R3_F2,3,2
present_residence,0.20526315789473681,,18.0,0.10526315789473684,EqualConsensus,R3_F2,3,2
property,0.38947368421052636,,15.0,0.26315789473684215,EqualConsensus,R3_F2,3,2
purpose,0.39999999999999997,,14.0,0.3157894736842105,EqualConsensus,R3_F2,3,2
savings,0.6947368421052632,,5.0,0.7894736842105263,EqualConsensus,R3_F2,3,2
status,0.9052631578947368,,2.0,0.9473684210526316,EqualConsensus,R3_F2,3,2
telephone,0.41052631578947374,,12.0,0.42105263157894735,EqualConsensus,R3_F2,3,2
status,0.8583333333333333,4.0,1.0,1.0,Chi2,R3_F3,3,3
duration,0.8,1.0,2.0,0.9473684210526316,Chi2,R3_F3,3,3
housing,0.7111111111111111,3.0,3.0,0.8947368421052632,Chi2,R3_F3,3,3
savings,0.6666666666666667,5.0,4.0,0.8421052631578947,Chi2,R3_F3,3,3
amount,0.65,1.0,5.0,0.7894736842105263,Chi2,R3_F3,3,3
credit_history,0.63,5.0,6.0,0.736842105263158,Chi2,R3_F3,3,3
other_installment_plans,0.5444444444444444,3.0,7.0,0.6842105263157895,Chi2,R3_F3,3,3
property,0.5041666666666667,4.0,8.0,0.631578947368421,Chi2,R3_F3,3,3
employment_duration,0.49333333333333335,5.0,9.0,0.5789473684210527,Chi2,R3_F3,3,3
purpose,0.47333333333333333,10.0,10.0,0.5263157894736843,Chi2,R3_F3,3,3
age,0.44999999999999996,1.0,11.0,0.4736842105263158,Chi2,R3_F3,3,3
foreign_worker,0.4416666666666667,2.0,12.0,0.42105263157894735,Chi2,R3_F3,3,3
other_debtors,0.4055555555555556,3.0,13.0,0.368421052631579,Chi2,R3_F3,3,3
personal_status_sex,0.37083333333333335,4.0,14.0,0.3157894736842105,Chi2,R3_F3,3,3
number_credits,0.3666666666666667,1.0,15.0,0.26315789473684215,Chi2,R3_F3,3,3
installment_rate,0.35,1.0,16.0,0.21052631578947367,Chi2,R3_F3,3,3
telephone,0.2416666666666667,2.0,17.0,0.1578947368421053,Chi2,R3_F3,3,3
job,0.18333333333333332,4.0,18.0,0.10526315789473684,Chi2,R3_F3,3,3
people_liable,0.16666666666666663,1.0,19.0,0.052631578947368474,Chi2,R3_F3,3,3
present_residence,0.01666666666666672,1.0,20.0,0.0,Chi2,R3_F3,3,3
duration,0.9833333333333333,1.0,1.0,1.0,MI,R3_F3,3,3
amount,0.9166666666666666,1.0,2.0,0.9473684210526316,MI,R3_F3,3,3
age,0.8666666666666667,1.0,3.0,0.8947368421052632,MI,R3_F3,3,3
status,0.825,4.0,4.0,0.8421052631578947,MI,R3_F3,3,3
number_credits,0.7833333333333333,1.0,5.0,0.7894736842105263,MI,R3_F3,3,3
housing,0.7000000000000001,3.0,6.0,0.736842105263158,MI,R3_F3,3,3
foreign_worker,0.6583333333333333,2.0,7.0,0.6842105263157895,MI,R3_F3,3,3
savings,0.6366666666666666,5.0,8.0,0.631578947368421,MI,R3_F3,3,3
credit_history,0.6033333333333333,5.0,9.0,0.5789473684210527,MI,R3_F3,3,3
other_installment_plans,0.5833333333333334,3.0,10.0,0.5263157894736843,MI,R3_F3,3,3
property,0.475,4.0,11.0,0.4736842105263158,MI,R3_F3,3,3
employment_duration,0.45,5.0,12.0,0.42105263157894735,MI,R3_F3,3,3
purpose,0.4133333333333334,10.0,13.0,0.368421052631579,MI,R3_F3,3,3
personal_status_sex,0.37916666666666665,4.0,14.0,0.3157894736842105,MI,R3_F3,3,3
other_debtors,0.36111111111111116,3.0,15.0,0.26315789473684215,MI,R3_F3,3,3
telephone,0.29166666666666663,2.0,16.0,0.21052631578947367,MI,R3_F3,3,3
job,0.19166666666666668,4.0,17.0,0.1578947368421053,MI,R3_F3,3,3
installment_rate,0.01666666666666672,1.0,19.0,0.052631578947368474,MI,R3_F3,3,3
people_liable,0.01666666666666672,1.0,19.0,0.052631578947368474,MI,R3_F3,3,3
present_residence,0.01666666666666672,1.0,19.0,0.052631578947368474,MI,R3_F3,3,3
status,0.8083333333333333,4.0,1.0,1.0,L1,R3_F3,3,3
duration,0.7333333333333334,1.0,2.0,0.9473684210526316,L1,R3_F3,3,3
installment_rate,0.7166666666666667,1.0,3.0,0.8947368421052632,L1,R3_F3,3,3
amount,0.6666666666666667,1.0,4.0,0.8421052631578947,L1,R3_F3,3,3
savings,0.5700000000000001,5.0,5.0,0.7894736842105263,L1,R3_F3,3,3
foreign_worker,0.55,2.0,6.0,0.736842105263158,L1,R3_F3,3,3
other_installment_plans,0.5444444444444444,3.0,7.0,0.6842105263157895,L1,R3_F3,3,3
age,0.5333333333333333,1.0,8.5,0.6052631578947368,L1,R3_F3,3,3
other_debtors,0.5333333333333333,3.0,8.5,0.6052631578947368,L1,R3_F3,3,3
credit_history,0.49333333333333335,5.0,10.0,0.5263157894736843,L1,R3_F3,3,3
property,0.475,4.0,11.0,0.4736842105263158,L1,R3_F3,3,3
purpose,0.4666666666666667,10.0,12.0,0.42105263157894735,L1,R3_F3,3,3
employment_duration,0.45666666666666667,5.0,13.0,0.368421052631579,L1,R3_F3,3,3
housing,0.45,3.0,14.0,0.3157894736842105,L1,R3_F3,3,3
people_liable,0.44999999999999996,1.0,15.0,0.26315789473684215,L1,R3_F3,3,3
present_residence,0.4,1.0,16.0,0.21052631578947367,L1,R3_F3,3,3
personal_status_sex,0.3666666666666667,4.0,17.0,0.1578947368421053,L1,R3_F3,3,3
telephone,0.36666666666666664,2.0,18.0,0.10526315789473684,L1,R3_F3,3,3
job,0.3458333333333333,4.0,19.0,0.052631578947368474,L1,R3_F3,3,3
number_credits,0.33333333333333337,1.0,20.0,0.0,L1,R3_F3,3,3
amount,1.0,1.0,1.0,1.0,RF,R3_F3,3,3
duration,0.9833333333333333,1.0,2.0,0.9473684210526316,RF,R3_F3,3,3
age,0.9666666666666667,1.0,3.0,0.8947368421052632,RF,R3_F3,3,3
installment_rate,0.9166666666666666,1.0,4.0,0.8421052631578947,RF,R3_F3,3,3
present_residence,0.9,1.0,5.0,0.7894736842105263,RF,R3_F3,3,3
number_credits,0.8333333333333334,1.0,6.0,0.736842105263158,RF,R3_F3,3,3
status,0.7708333333333333,4.0,7.0,0.6842105263157895,RF,R3_F3,3,3
property,0.6499999999999999,4.0,8.0,0.631578947368421,RF,R3_F3,3,3
telephone,0.575,2.0,9.0,0.5789473684210527,RF,R3_F3,3,3
employment_duration,0.54,5.0,10.0,0.5263157894736843,RF,R3_F3,3,3
credit_history,0.51,5.0,11.0,0.4736842105263158,RF,R3_F3,3,3
other_installment_plans,0.48888888888888893,3.0,12.0,0.42105263157894735,RF,R3_F3,3,3
personal_status_sex,0.4875,4.0,13.0,0.368421052631579,RF,R3_F3,3,3
housing,0.4166666666666667,3.0,14.5,0.2894736842105263,RF,R3_F3,3,3
job,0.4166666666666667,4.0,14.5,0.2894736842105263,RF,R3_F3,3,3
savings,0.4,5.0,16.0,0.21052631578947367,RF,R3_F3,3,3
people_liable,0.3666666666666667,1.0,17.0,0.1578947368421053,RF,R3_F3,3,3
purpose,0.31666666666666665,10.0,18.0,0.10526315789473684,RF,R3_F3,3,3
other_debtors,0.26666666666666666,3.0,19.0,0.052631578947368474,RF,R3_F3,3,3
foreign_worker,0.07500000000000001,2.0,20.0,0.0,RF,R3_F3,3,3
duration,0.8416666666666667,1.0,1.0,1.0,RFE,R3_F3,3,3
foreign_worker,0.7916666666666666,2.0,2.0,0.9473684210526316,RFE,R3_F3,3,3
status,0.78125,4.0,3.0,0.8947368421052632,RFE,R3_F3,3,3
savings,0.6416666666666667,5.0,4.0,0.8421052631578947,RFE,R3_F3,3,3
other_debtors,0.5750000000000001,3.0,5.0,0.7894736842105263,RFE,R3_F3,3,3
amount,0.5416666666666667,1.0,7.0,0.6842105263157895,RFE,R3_F3,3,3
credit_history,0.5416666666666667,5.0,7.0,0.6842105263157895,RFE,R3_F3,3,3
installment_rate,0.5416666666666667,1.0,7.0,0.6842105263157895,RFE,R3_F3,3,3
purpose,0.5316666666666666,10.0,9.0,0.5789473684210527,RFE,R3_F3,3,3
housing,0.5083333333333333,3.0,10.0,0.5263157894736843,RFE,R3_F3,3,3
property,0.4916666666666667,4.0,11.0,0.4736842105263158,RFE,R3_F3,3,3
other_installment_plans,0.4750000000000001,3.0,12.0,0.42105263157894735,RFE,R3_F3,3,3
age,0.44166666666666665,1.0,13.0,0.368421052631579,RFE,R3_F3,3,3
job,0.3666666666666667,4.0,14.0,0.3157894736842105,RFE,R3_F3,3,3
telephone,0.34166666666666673,2.0,15.0,0.26315789473684215,RFE,R3_F3,3,3
employment_duration,0.3416666666666667,5.0,16.0,0.21052631578947367,RFE,R3_F3,3,3
personal_status_sex,0.29166666666666663,4.0,17.0,0.1578947368421053,RFE,R3_F3,3,3
people_liable,0.2416666666666667,1.0,18.5,0.07894736842105265,RFE,R3_F3,3,3
present_residence,0.2416666666666667,1.0,18.5,0.07894736842105265,RFE,R3_F3,3,3
number_credits,0.04166666666666663,1.0,20.0,0.0,RFE,R3_F3,3,3
age,0.6473684210526317,,5.0,0.7894736842105263,EqualConsensus,R3_F3,3,3
amount,0.8526315789473685,,3.0,0.8947368421052632,EqualConsensus,R3_F3,3,3
credit_history,0.6,,6.0,0.736842105263158,EqualConsensus,R3_F3,3,3
duration,0.968421052631579,,1.0,1.0,EqualConsensus,R3_F3,3,3
employment_duration,0.42105263157894746,,12.0,0.42105263157894735,EqualConsensus,R3_F3,3,3
foreign_worker,0.5578947368421053,,7.0,0.6842105263157895,EqualConsensus,R3_F3,3,3
housing,0.5526315789473685,,8.0,0.631578947368421,EqualConsensus,R3_F3,3,3
installment_rate,0.5368421052631579,,10.5,0.5,EqualConsensus,R3_F3,3,3
job,0.1842105263157895,,19.0,0.052631578947368474,EqualConsensus,R3_F3,3,3
number_credits,0.3578947368421053,,15.0,0.26315789473684215,EqualConsensus,R3_F3,3,3
other_debtors,0.4157894736842106,,13.0,0.368421052631579,EqualConsensus,R3_F3,3,3
other_installment_plans,0.5473684210526316,,9.0,0.5789473684210527,EqualConsensus,R3_F3,3,3
people_liable,0.12105263157894741,,20.0,0.0,EqualConsensus,R3_F3,3,3
personal_status_sex,0.26315789473684215,,16.5,0.1842105263157895,EqualConsensus,R3_F3,3,3
present_residence,0.22631578947368425,,18.0,0.10526315789473684,EqualConsensus,R3_F3,3,3
property,0.5368421052631579,,10.5,0.5,EqualConsensus,R3_F3,3,3
purpose,0.4,,14.0,0.3157894736842105,EqualConsensus,R3_F3,3,3
savings,0.6631578947368422,,4.0,0.8421052631578947,EqualConsensus,R3_F3,3,3
status,0.8842105263157893,,2.0,0.9473684210526316,EqualConsensus,R3_F3,3,3
telephone,0.26315789473684215,,16.5,0.1842105263157895,EqualConsensus,R3_F3,3,3
status,0.8083333333333333,4.0,1.0,1.0,Chi2,R3_F4,3,4
duration,0.7166666666666667,1.0,2.0,0.9473684210526316,Chi2,R3_F4,3,4
credit_history,0.6933333333333334,5.0,3.0,0.8947368421052632,Chi2,R3_F4,3,4
savings,0.64,5.0,4.0,0.8421052631578947,Chi2,R3_F4,3,4
amount,0.6333333333333333,1.0,5.0,0.7894736842105263,Chi2,R3_F4,3,4
housing,0.5777777777777778,3.0,6.0,0.736842105263158,Chi2,R3_F4,3,4
other_installment_plans,0.5444444444444444,3.0,7.0,0.6842105263157895,Chi2,R3_F4,3,4
personal_status_sex,0.5041666666666667,4.0,8.0,0.631578947368421,Chi2,R3_F4,3,4
employment_duration,0.4866666666666667,5.0,9.0,0.5789473684210527,Chi2,R3_F4,3,4
foreign_worker,0.475,2.0,10.0,0.5263157894736843,Chi2,R3_F4,3,4
purpose,0.465,10.0,11.0,0.4736842105263158,Chi2,R3_F4,3,4
property,0.45,4.0,12.0,0.42105263157894735,Chi2,R3_F4,3,4
other_debtors,0.4166666666666667,3.0,13.0,0.368421052631579,Chi2,R3_F4,3,4
age,0.33333333333333337,1.0,14.0,0.3157894736842105,Chi2,R3_F4,3,4
telephone,0.3333333333333333,2.0,15.0,0.26315789473684215,Chi2,R3_F4,3,4
job,0.29583333333333334,4.0,16.0,0.21052631578947367,Chi2,R3_F4,3,4
installment_rate,0.2666666666666667,1.0,17.0,0.1578947368421053,Chi2,R3_F4,3,4
number_credits,0.15000000000000002,1.0,18.0,0.10526315789473684,Chi2,R3_F4,3,4
present_residence,0.09999999999999998,1.0,19.0,0.052631578947368474,Chi2,R3_F4,3,4
people_liable,0.08333333333333337,1.0,20.0,0.0,Chi2,R3_F4,3,4
duration,0.9833333333333333,1.0,1.0,1.0,MI,R3_F4,3,4
amount,0.95,1.0,2.0,0.9473684210526316,MI,R3_F4,3,4
present_residence,0.9166666666666666,1.0,3.0,0.8947368421052632,MI,R3_F4,3,4
installment_rate,0.9,1.0,4.0,0.8421052631578947,MI,R3_F4,3,4
number_credits,0.8666666666666667,1.0,5.0,0.7894736842105263,MI,R3_F4,3,4
status,0.7666666666666667,4.0,6.0,0.736842105263158,MI,R3_F4,3,4
foreign_worker,0.6583333333333333,2.0,7.0,0.6842105263157895,MI,R3_F4,3,4
credit_history,0.6333333333333333,5.0,8.0,0.631578947368421,MI,R3_F4,3,4
other_installment_plans,0.5944444444444444,3.0,9.0,0.5789473684210527,MI,R3_F4,3,4
savings,0.5700000000000001,5.0,10.0,0.5263157894736843,MI,R3_F4,3,4
housing,0.5666666666666667,3.0,11.0,0.4736842105263158,MI,R3_F4,3,4
personal_status_sex,0.4375,4.0,12.0,0.42105263157894735,MI,R3_F4,3,4
employment_duration,0.4033333333333333,5.0,13.0,0.368421052631579,MI,R3_F4,3,4
purpose,0.40166666666666667,10.0,14.0,0.3157894736842105,MI,R3_F4,3,4
property,0.3833333333333333,4.0,15.0,0.26315789473684215,MI,R3_F4,3,4
other_debtors,0.35555555555555557,3.0,16.0,0.21052631578947367,MI,R3_F4,3,4
telephone,0.29166666666666663,2.0,17.0,0.1578947368421053,MI,R3_F4,3,4
job,0.25416666666666665,4.0,18.0,0.10526315789473684,MI,R3_F4,3,4
age,0.008333333333333304,1.0,19.5,0.02631578947368418,MI,R3_F4,3,4
people_liable,0.008333333333333304,1.0,19.5,0.02631578947368418,MI,R3_F4,3,4
amount,0.8166666666666667,1.0,1.0,1.0,L1,R3_F4,3,4
status,0.7291666666666666,4.0,2.0,0.9473684210526316,L1,R3_F4,3,4
installment_rate,0.6833333333333333,1.0,3.0,0.8947368421052632,L1,R3_F4,3,4
foreign_worker,0.6666666666666666,2.0,4.0,0.8421052631578947,L1,R3_F4,3,4
credit_history,0.635,5.0,5.0,0.7894736842105263,L1,R3_F4,3,4
other_debtors,0.625,3.0,6.0,0.736842105263158,L1,R3_F4,3,4
personal_status_sex,0.6041666666666667,4.0,7.0,0.6842105263157895,L1,R3_F4,3,4
duration,0.5666666666666667,1.0,8.0,0.631578947368421,L1,R3_F4,3,4
age,0.55,1.0,9.0,0.5789473684210527,L1,R3_F4,3,4
purpose,0.5216666666666667,10.0,10.0,0.5263157894736843,L1,R3_F4,3,4
telephone,0.5166666666666667,2.0,11.0,0.4736842105263158,L1,R3_F4,3,4
number_credits,0.5166666666666666,1.0,12.0,0.42105263157894735,L1,R3_F4,3,4
people_liable,0.4833333333333333,1.0,13.0,0.368421052631579,L1,R3_F4,3,4
other_installment_plans,0.4583333333333333,3.0,14.0,0.3157894736842105,L1,R3_F4,3,4
savings,0.45666666666666667,5.0,15.0,0.26315789473684215,L1,R3_F4,3,4
employment_duration,0.4333333333333334,5.0,16.0,0.21052631578947367,L1,R3_F4,3,4
present_residence,0.3666666666666667,1.0,17.0,0.1578947368421053,L1,R3_F4,3,4
housing,0.30000000000000004,3.0,18.0,0.10526315789473684,L1,R3_F4,3,4
property,0.24583333333333335,4.0,19.0,0.052631578947368474,L1,R3_F4,3,4
job,0.2104166666666667,4.0,20.0,0.0,L1,R3_F4,3,4
amount,1.0,1.0,1.0,1.0,RF,R3_F4,3,4
age,0.9833333333333333,1.0,2.0,0.9473684210526316,RF,R3_F4,3,4
duration,0.9666666666666667,1.0,3.0,0.8947368421052632,RF,R3_F4,3,4
installment_rate,0.9166666666666666,1.0,4.0,0.8421052631578947,RF,R3_F4,3,4
present_residence,0.9,1.0,5.0,0.7894736842105263,RF,R3_F4,3,4
number_credits,0.8333333333333334,1.0,6.0,0.736842105263158,RF,R3_F4,3,4
status,0.7375,4.0,7.0,0.6842105263157895,RF,R3_F4,3,4
telephone,0.6416666666666667,2.0,8.0,0.631578947368421,RF,R3_F4,3,4
credit_history,0.6166666666666667,5.0,9.0,0.5789473684210527,RF,R3_F4,3,4
property,0.575,4.0,10.0,0.5263157894736843,RF,R3_F4,3,4
other_installment_plans,0.5333333333333333,3.0,11.0,0.4736842105263158,RF,R3_F4,3,4
employment_duration,0.52,5.0,12.0,0.42105263157894735,RF,R3_F4,3,4
personal_status_sex,0.47916666666666663,4.0,13.0,0.368421052631579,RF,R3_F4,3,4
job,0.43333333333333335,4.0,14.0,0.3157894736842105,RF,R3_F4,3,4
people_liable,0.41666666666666663,1.0,15.0,0.26315789473684215,RF,R3_F4,3,4
savings,0.37,5.0,16.0,0.21052631578947367,RF,R3_F4,3,4
housing,0.3666666666666667,3.0,17.0,0.1578947368421053,RF,R3_F4,3,4
purpose,0.32166666666666666,10.0,18.0,0.10526315789473684,RF,R3_F4,3,4
other_debtors,0.2111111111111111,3.0,19.0,0.052631578947368474,RF,R3_F4,3,4
foreign_worker,0.10833333333333334,2.0,20.0,0.0,RF,R3_F4,3,4
foreign_worker,0.8416666666666667,2.0,1.0,1.0,RFE,R3_F4,3,4
status,0.78125,4.0,2.0,0.9473684210526316,RFE,R3_F4,3,4
amount,0.7416666666666667,1.0,3.0,0.8947368421052632,RFE,R3_F4,3,4
credit_history,0.6816666666666666,5.0,4.0,0.8421052631578947,RFE,R3_F4,3,4
other_debtors,0.6416666666666667,3.0,5.0,0.7894736842105263,RFE,R3_F4,3,4
installment_rate,0.6416666666666666,1.0,6.0,0.736842105263158,RFE,R3_F4,3,4
purpose,0.5716666666666667,10.0,7.0,0.6842105263157895,RFE,R3_F4,3,4
savings,0.5216666666666667,5.0,8.0,0.631578947368421,RFE,R3_F4,3,4
other_installment_plans,0.5083333333333334,3.0,9.0,0.5789473684210527,RFE,R3_F4,3,4
personal_status_sex,0.49166666666666664,4.0,10.0,0.5263157894736843,RFE,R3_F4,3,4
telephone,0.4416666666666667,2.0,11.0,0.4736842105263158,RFE,R3_F4,3,4
age,0.44166666666666665,1.0,12.5,0.39473684210526316,RFE,R3_F4,3,4
duration,0.44166666666666665,1.0,12.5,0.39473684210526316,RFE,R3_F4,3,4
employment_duration,0.40166666666666667,5.0,14.0,0.3157894736842105,RFE,R3_F4,3,4
number_credits,0.3416666666666667,1.0,15.5,0.23684210526315785,RFE,R3_F4,3,4
people_liable,0.3416666666666667,1.0,15.5,0.23684210526315785,RFE,R3_F4,3,4
housing,0.275,3.0,17.0,0.1578947368421053,RFE,R3_F4,3,4
job,0.24166666666666667,4.0,18.0,0.10526315789473684,RFE,R3_F4,3,4
property,0.1916666666666667,4.0,19.0,0.052631578947368474,RFE,R3_F4,3,4
present_residence,0.14166666666666672,1.0,20.0,0.0,RFE,R3_F4,3,4
age,0.4526315789473684,,11.0,0.4736842105263158,EqualConsensus,R3_F4,3,4
amount,0.9263157894736842,,1.0,1.0,EqualConsensus,R3_F4,3,4
credit_history,0.7473684210526316,,4.0,0.8421052631578947,EqualConsensus,R3_F4,3,4
duration,0.7736842105263159,,3.0,0.8947368421052632,EqualConsensus,R3_F4,3,4
employment_duration,0.37894736842105264,,15.5,0.23684210526315785,EqualConsensus,R3_F4,3,4
foreign_worker,0.6105263157894737,,6.0,0.736842105263158,EqualConsensus,R3_F4,3,4
housing,0.3263157894736842,,17.0,0.1578947368421053,EqualConsensus,R3_F4,3,4
installment_rate,0.6947368421052632,,5.0,0.7894736842105263,EqualConsensus,R3_F4,3,4
job,0.14736842105263157,,20.0,0.0,EqualConsensus,R3_F4,3,4
number_credits,0.4578947368421053,,10.0,0.5263157894736843,EqualConsensus,R3_F4,3,4
other_debtors,0.43157894736842106,,12.0,0.42105263157894735,EqualConsensus,R3_F4,3,4
other_installment_plans,0.5263157894736843,,7.5,0.6578947368421053,EqualConsensus,R3_F4,3,4
people_liable,0.17894736842105263,,19.0,0.052631578947368474,EqualConsensus,R3_F4,3,4
personal_status_sex,0.5263157894736843,,7.5,0.6578947368421053,EqualConsensus,R3_F4,3,4
present_residence,0.37894736842105264,,15.5,0.23684210526315785,EqualConsensus,R3_F4,3,4
property,0.26315789473684215,,18.0,0.10526315789473684,EqualConsensus,R3_F4,3,4
purpose,0.42105263157894735,,13.0,0.368421052631579,EqualConsensus,R3_F4,3,4
savings,0.4947368421052632,,9.0,0.5789473684210527,EqualConsensus,R3_F4,3,4
status,0.8631578947368421,,2.0,0.9473684210526316,EqualConsensus,R3_F4,3,4
telephone,0.4,,14.0,0.3157894736842105,EqualConsensus,R3_F4,3,4
status,0.8166666666666667,4.0,1.0,1.0,Chi2,R3_F5,3,5
duration,0.6833333333333333,1.0,2.0,0.9473684210526316,Chi2,R3_F5,3,5
credit_history,0.6733333333333333,5.0,3.0,0.8947368421052632,Chi2,R3_F5,3,5
housing,0.6722222222222222,3.0,4.0,0.8421052631578947,Chi2,R3_F5,3,5
savings,0.63,5.0,5.0,0.7894736842105263,Chi2,R3_F5,3,5
amount,0.5833333333333333,1.0,6.0,0.736842105263158,Chi2,R3_F5,3,5
property,0.5666666666666667,4.0,7.0,0.6842105263157895,Chi2,R3_F5,3,5
other_installment_plans,0.5388888888888889,3.0,8.0,0.631578947368421,Chi2,R3_F5,3,5
employment_duration,0.5066666666666666,5.0,9.0,0.5789473684210527,Chi2,R3_F5,3,5
personal_status_sex,0.49583333333333335,4.0,10.0,0.5263157894736843,Chi2,R3_F5,3,5
purpose,0.4683333333333334,10.0,11.0,0.4736842105263158,Chi2,R3_F5,3,5
foreign_worker,0.44166666666666665,2.0,12.0,0.42105263157894735,Chi2,R3_F5,3,5
installment_rate,0.43333333333333335,1.0,13.0,0.368421052631579,Chi2,R3_F5,3,5
age,0.35,1.0,14.0,0.3157894736842105,Chi2,R3_F5,3,5
other_debtors,0.33888888888888885,3.0,15.0,0.26315789473684215,Chi2,R3_F5,3,5
job,0.275,4.0,16.0,0.21052631578947367,Chi2,R3_F5,3,5
number_credits,0.23333333333333328,1.0,17.0,0.1578947368421053,Chi2,R3_F5,3,5
present_residence,0.15000000000000002,1.0,18.0,0.10526315789473684,Chi2,R3_F5,3,5
telephone,0.09166666666666667,2.0,19.0,0.052631578947368474,Chi2,R3_F5,3,5
people_liable,0.0,1.0,20.0,0.0,Chi2,R3_F5,3,5
amount,0.9666666666666667,1.0,1.0,1.0,MI,R3_F5,3,5
duration,0.95,1.0,2.0,0.9473684210526316,MI,R3_F5,3,5
number_credits,0.8833333333333333,1.0,3.0,0.8947368421052632,MI,R3_F5,3,5
status,0.7791666666666667,4.0,4.0,0.8421052631578947,MI,R3_F5,3,5
housing,0.6555555555555556,3.0,5.0,0.7894736842105263,MI,R3_F5,3,5
age,0.65,1.0,6.0,0.736842105263158,MI,R3_F5,3,5
credit_history,0.6366666666666667,5.0,7.0,0.6842105263157895,MI,R3_F5,3,5
savings,0.6066666666666667,5.0,8.0,0.631578947368421,MI,R3_F5,3,5
installment_rate,0.6,1.0,9.0,0.5789473684210527,MI,R3_F5,3,5
foreign_worker,0.575,2.0,10.0,0.5263157894736843,MI,R3_F5,3,5
other_installment_plans,0.5666666666666667,3.0,11.0,0.4736842105263158,MI,R3_F5,3,5
property,0.5541666666666667,4.0,12.0,0.42105263157894735,MI,R3_F5,3,5
personal_status_sex,0.4375,4.0,13.0,0.368421052631579,MI,R3_F5,3,5
employment_duration,0.43,5.0,14.0,0.3157894736842105,MI,R3_F5,3,5
purpose,0.395,10.0,15.0,0.26315789473684215,MI,R3_F5,3,5
other_debtors,0.3333333333333333,3.0,16.0,0.21052631578947367,MI,R3_F5,3,5
job,0.24166666666666667,4.0,17.0,0.1578947368421053,MI,R3_F5,3,5
telephone,0.125,2.0,18.0,0.10526315789473684,MI,R3_F5,3,5
people_liable,0.008333333333333304,1.0,19.5,0.02631578947368418,MI,R3_F5,3,5
present_residence,0.008333333333333304,1.0,19.5,0.02631578947368418,MI,R3_F5,3,5
installment_rate,0.7333333333333334,1.0,1.0,1.0,L1,R3_F5,3,5
amount,0.7166666666666667,1.0,2.0,0.9473684210526316,L1,R3_F5,3,5
credit_history,0.695,5.0,3.0,0.8947368421052632,L1,R3_F5,3,5
status,0.6645833333333333,4.0,4.0,0.8421052631578947,L1,R3_F5,3,5
duration,0.6,1.0,5.0,0.7894736842105263,L1,R3_F5,3,5
number_credits,0.5833333333333333,1.0,6.0,0.736842105263158,L1,R3_F5,3,5
foreign_worker,0.5458333333333334,2.0,7.0,0.6842105263157895,L1,R3_F5,3,5
housing,0.5361111111111111,3.0,8.0,0.631578947368421,L1,R3_F5,3,5
employment_duration,0.5183333333333333,5.0,9.0,0.5789473684210527,L1,R3_F5,3,5
savings,0.505,5.0,10.0,0.5263157894736843,L1,R3_F5,3,5
age,0.4833333333333333,1.0,11.0,0.4736842105263158,L1,R3_F5,3,5
property,0.47916666666666663,4.0,12.0,0.42105263157894735,L1,R3_F5,3,5
purpose,0.45583333333333337,10.0,13.0,0.368421052631579,L1,R3_F5,3,5
personal_status_sex,0.44375,4.0,14.0,0.3157894736842105,L1,R3_F5,3,5
people_liable,0.43333333333333335,1.0,15.0,0.26315789473684215,L1,R3_F5,3,5
other_installment_plans,0.4305555555555556,3.0,16.0,0.21052631578947367,L1,R3_F5,3,5
other_debtors,0.41111111111111115,3.0,17.0,0.1578947368421053,L1,R3_F5,3,5
present_residence,0.3666666666666667,1.0,18.0,0.10526315789473684,L1,R3_F5,3,5
telephone,0.3541666666666667,2.0,19.0,0.052631578947368474,L1,R3_F5,3,5
job,0.2875,4.0,20.0,0.0,L1,R3_F5,3,5
amount,1.0,1.0,1.0,1.0,RF,R3_F5,3,5
age,0.9833333333333333,1.0,2.0,0.9473684210526316,RF,R3_F5,3,5
duration,0.9666666666666667,1.0,3.0,0.8947368421052632,RF,R3_F5,3,5
installment_rate,0.9166666666666666,1.0,4.0,0.8421052631578947,RF,R3_F5,3,5
present_residence,0.9,1.0,5.0,0.7894736842105263,RF,R3_F5,3,5
number_credits,0.85,1.0,6.0,0.736842105263158,RF,R3_F5,3,5
status,0.725,4.0,7.0,0.6842105263157895,RF,R3_F5,3,5
property,0.6583333333333333,4.0,8.0,0.631578947368421,RF,R3_F5,3,5
people_liable,0.6166666666666667,1.0,9.0,0.5789473684210527,RF,R3_F5,3,5
telephone,0.5583333333333333,2.0,10.0,0.5263157894736843,RF,R3_F5,3,5
employment_duration,0.53,5.0,11.0,0.4736842105263158,RF,R3_F5,3,5
credit_history,0.5,5.0,12.0,0.42105263157894735,RF,R3_F5,3,5
housing,0.47222222222222227,3.0,13.0,0.368421052631579,RF,R3_F5,3,5
personal_status_sex,0.4708333333333333,4.0,14.0,0.3157894736842105,RF,R3_F5,3,5
other_installment_plans,0.4666666666666666,3.0,15.0,0.26315789473684215,RF,R3_F5,3,5
job,0.43333333333333335,4.0,16.0,0.21052631578947367,RF,R3_F5,3,5
savings,0.39,5.0,17.0,0.1578947368421053,RF,R3_F5,3,5
purpose,0.325,10.0,18.0,0.10526315789473684,RF,R3_F5,3,5
other_debtors,0.22777777777777777,3.0,19.0,0.052631578947368474,RF,R3_F5,3,5
foreign_worker,0.07500000000000001,2.0,20.0,0.0,RF,R3_F5,3,5
amount,0.7416666666666667,1.0,1.5,0.9736842105263158,RFE,R3_F5,3,5
foreign_worker,0.7416666666666667,2.0,1.5,0.9736842105263158,RFE,R3_F5,3,5
status,0.7312500000000001,4.0,3.0,0.8947368421052632,RFE,R3_F5,3,5
credit_history,0.6816666666666666,5.0,4.0,0.8421052631578947,RFE,R3_F5,3,5
installment_rate,0.6416666666666666,1.0,5.0,0.7894736842105263,RFE,R3_F5,3,5
housing,0.6083333333333333,3.0,6.0,0.736842105263158,RFE,R3_F5,3,5
savings,0.5616666666666668,5.0,7.0,0.6842105263157895,RFE,R3_F5,3,5
purpose,0.5516666666666666,10.0,8.0,0.631578947368421,RFE,R3_F5,3,5
duration,0.5416666666666667,1.0,9.5,0.5526315789473684,RFE,R3_F5,3,5
number_credits,0.5416666666666667,1.0,9.5,0.5526315789473684,RFE,R3_F5,3,5
other_debtors,0.5083333333333333,3.0,11.0,0.4736842105263158,RFE,R3_F5,3,5
property,0.4666666666666667,4.0,12.0,0.42105263157894735,RFE,R3_F5,3,5
other_installment_plans,0.4083333333333334,3.0,13.0,0.368421052631579,RFE,R3_F5,3,5
employment_duration,0.40166666666666667,5.0,14.0,0.3157894736842105,RFE,R3_F5,3,5
personal_status_sex,0.3666666666666667,4.0,15.0,0.26315789473684215,RFE,R3_F5,3,5
telephone,0.2916666666666667,2.0,16.0,0.21052631578947367,RFE,R3_F5,3,5
people_liable,0.2416666666666667,1.0,17.0,0.1578947368421053,RFE,R3_F5,3,5
job,0.24166666666666667,4.0,18.0,0.10526315789473684,RFE,R3_F5,3,5
age,0.14166666666666672,1.0,19.0,0.052631578947368474,RFE,R3_F5,3,5
present_residence,0.04166666666666663,1.0,20.0,0.0,RFE,R3_F5,3,5
age,0.5052631578947369,,11.0,0.4736842105263158,EqualConsensus,R3_F5,3,5
amount,0.9315789473684211,,1.0,1.0,EqualConsensus,R3_F5,3,5
credit_history,0.7473684210526316,,4.0,0.8421052631578947,EqualConsensus,R3_F5,3,5
duration,0.8263157894736842,,3.0,0.8947368421052632,EqualConsensus,R3_F5,3,5
employment_duration,0.4526315789473685,,12.0,0.42105263157894735,EqualConsensus,R3_F5,3,5
foreign_worker,0.5210526315789474,,9.0,0.5789473684210527,EqualConsensus,R3_F5,3,5
housing,0.6736842105263159,,6.0,0.736842105263158,EqualConsensus,R3_F5,3,5
installment_rate,0.7157894736842106,,5.0,0.7894736842105263,EqualConsensus,R3_F5,3,5
job,0.1368421052631579,,20.0,0.0,EqualConsensus,R3_F5,3,5
number_credits,0.6157894736842107,,7.0,0.6842105263157895,EqualConsensus,R3_F5,3,5
other_debtors,0.23157894736842105,,16.0,0.21052631578947367,EqualConsensus,R3_F5,3,5
other_installment_plans,0.3894736842105263,,13.0,0.368421052631579,EqualConsensus,R3_F5,3,5
people_liable,0.20526315789473687,,17.0,0.1578947368421053,EqualConsensus,R3_F5,3,5
personal_status_sex,0.3578947368421053,,15.0,0.26315789473684215,EqualConsensus,R3_F5,3,5
present_residence,0.20526315789473681,,18.0,0.10526315789473684,EqualConsensus,R3_F5,3,5
property,0.5157894736842106,,10.0,0.5263157894736843,EqualConsensus,R3_F5,3,5
purpose,0.368421052631579,,14.0,0.3157894736842105,EqualConsensus,R3_F5,3,5
savings,0.5578947368421053,,8.0,0.631578947368421,EqualConsensus,R3_F5,3,5
status,0.8526315789473683,,2.0,0.9473684210526316,EqualConsensus,R3_F5,3,5
telephone,0.18947368421052635,,19.0,0.052631578947368474,EqualConsensus,R3_F5,3,5
status,0.7833333333333333,4.0,1.0,1.0,Chi2,R4_F1,4,1
duration,0.7166666666666667,1.0,2.0,0.9473684210526316,Chi2,R4_F1,4,1
housing,0.7111111111111111,3.0,3.0,0.8947368421052632,Chi2,R4_F1,4,1
credit_history,0.7,5.0,4.0,0.8421052631578947,Chi2,R4_F1,4,1
savings,0.65,5.0,5.0,0.7894736842105263,Chi2,R4_F1,4,1
other_installment_plans,0.638888888888889,3.0,6.0,0.736842105263158,Chi2,R4_F1,4,1
amount,0.5833333333333333,1.0,7.0,0.6842105263157895,Chi2,R4_F1,4,1
purpose,0.525,10.0,8.0,0.631578947368421,Chi2,R4_F1,4,1
employment_duration,0.48,5.0,9.0,0.5789473684210527,Chi2,R4_F1,4,1
property,0.4458333333333333,4.0,10.0,0.5263157894736843,Chi2,R4_F1,4,1
foreign_worker,0.44166666666666665,2.0,11.0,0.4736842105263158,Chi2,R4_F1,4,1
other_debtors,0.41111111111111115,3.0,12.0,0.42105263157894735,Chi2,R4_F1,4,1
age,0.4,1.0,13.0,0.368421052631579,Chi2,R4_F1,4,1
personal_status_sex,0.3916666666666666,4.0,14.0,0.3157894736842105,Chi2,R4_F1,4,1
telephone,0.29166666666666663,2.0,15.0,0.26315789473684215,Chi2,R4_F1,4,1
installment_rate,0.21666666666666667,1.0,16.0,0.21052631578947367,Chi2,R4_F1,4,1
number_credits,0.19999999999999996,1.0,17.0,0.1578947368421053,Chi2,R4_F1,4,1
job,0.16666666666666669,4.0,18.0,0.10526315789473684,Chi2,R4_F1,4,1
people_liable,0.050000000000000044,1.0,19.0,0.052631578947368474,Chi2,R4_F1,4,1
present_residence,0.033333333333333326,1.0,20.0,0.0,Chi2,R4_F1,4,1
present_residence,0.9833333333333333,1.0,1.0,1.0,MI,R4_F1,4,1
duration,0.8333333333333334,1.0,2.0,0.9473684210526316,MI,R4_F1,4,1
amount,0.8166666666666667,1.0,3.0,0.8947368421052632,MI,R4_F1,4,1
status,0.7708333333333334,4.0,4.0,0.8421052631578947,MI,R4_F1,4,1
housing,0.7277777777777779,3.0,5.0,0.7894736842105263,MI,R4_F1,4,1
credit_history,0.6733333333333333,5.0,6.0,0.736842105263158,MI,R4_F1,4,1
other_installment_plans,0.6611111111111111,3.0,7.0,0.6842105263157895,MI,R4_F1,4,1
foreign_worker,0.6416666666666666,2.0,8.0,0.631578947368421,MI,R4_F1,4,1
savings,0.6383333333333333,5.0,9.0,0.5789473684210527,MI,R4_F1,4,1
purpose,0.4533333333333333,10.0,10.0,0.5263157894736843,MI,R4_F1,4,1
employment_duration,0.45,5.0,11.0,0.4736842105263158,MI,R4_F1,4,1
property,0.43333333333333335,4.0,12.0,0.42105263157894735,MI,R4_F1,4,1
personal_status_sex,0.4,4.0,13.0,0.368421052631579,MI,R4_F1,4,1
other_debtors,0.36944444444444446,3.0,14.0,0.3157894736842105,MI,R4_F1,4,1
telephone,0.3583333333333333,2.0,15.0,0.26315789473684215,MI,R4_F1,4,1
job,0.18333333333333332,4.0,16.0,0.21052631578947367,MI,R4_F1,4,1
age,0.025000000000000022,1.0,18.5,0.07894736842105265,MI,R4_F1,4,1
installment_rate,0.025000000000000022,1.0,18.5,0.07894736842105265,MI,R4_F1,4,1
number_credits,0.025000000000000022,1.0,18.5,0.07894736842105265,MI,R4_F1,4,1
people_liable,0.025000000000000022,1.0,18.5,0.07894736842105265,MI,R4_F1,4,1
amount,0.75,1.0,1.0,1.0,L1,R4_F1,4,1
status,0.7416666666666667,4.0,2.0,0.9473684210526316,L1,R4_F1,4,1
installment_rate,0.6833333333333333,1.0,3.0,0.8947368421052632,L1,R4_F1,4,1
duration,0.65,1.0,4.0,0.8421052631578947,L1,R4_F1,4,1
foreign_worker,0.625,2.0,5.0,0.7894736842105263,L1,R4_F1,4,1
number_credits,0.6166666666666667,1.0,6.0,0.736842105263158,L1,R4_F1,4,1
credit_history,0.6083333333333333,5.0,7.0,0.6842105263157895,L1,R4_F1,4,1
age,0.5833333333333333,1.0,8.0,0.631578947368421,L1,R4_F1,4,1
other_debtors,0.5472222222222222,3.0,9.0,0.5789473684210527,L1,R4_F1,4,1
savings,0.54,5.0,10.0,0.5263157894736843,L1,R4_F1,4,1
purpose,0.4725,10.0,11.0,0.4736842105263158,L1,R4_F1,4,1
telephone,0.46666666666666673,2.0,12.0,0.42105263157894735,L1,R4_F1,4,1
employment_duration,0.4583333333333333,5.0,13.0,0.368421052631579,L1,R4_F1,4,1
housing,0.44722222222222224,3.0,14.0,0.3157894736842105,L1,R4_F1,4,1
other_installment_plans,0.4416666666666667,3.0,15.0,0.26315789473684215,L1,R4_F1,4,1
property,0.43333333333333335,4.0,16.0,0.21052631578947367,L1,R4_F1,4,1
people_liable,0.41666666666666663,1.0,17.0,0.1578947368421053,L1,R4_F1,4,1
personal_status_sex,0.35416666666666663,4.0,18.0,0.10526315789473684,L1,R4_F1,4,1
present_residence,0.30000000000000004,1.0,19.0,0.052631578947368474,L1,R4_F1,4,1
job,0.2833333333333333,4.0,20.0,0.0,L1,R4_F1,4,1
amount,1.0,1.0,1.0,1.0,RF,R4_F1,4,1
age,0.9833333333333333,1.0,2.0,0.9473684210526316,RF,R4_F1,4,1
duration,0.9666666666666667,1.0,3.0,0.8947368421052632,RF,R4_F1,4,1
installment_rate,0.9333333333333333,1.0,4.0,0.8421052631578947,RF,R4_F1,4,1
present_residence,0.9166666666666666,1.0,5.0,0.7894736842105263,RF,R4_F1,4,1
number_credits,0.85,1.0,6.0,0.736842105263158,RF,R4_F1,4,1
status,0.7375,4.0,7.0,0.6842105263157895,RF,R4_F1,4,1
telephone,0.7083333333333333,2.0,8.0,0.631578947368421,RF,R4_F1,4,1
property,0.6125,4.0,9.0,0.5789473684210527,RF,R4_F1,4,1
other_installment_plans,0.5555555555555556,3.0,10.0,0.5263157894736843,RF,R4_F1,4,1
credit_history,0.5366666666666666,5.0,11.0,0.4736842105263158,RF,R4_F1,4,1
employment_duration,0.5,5.0,12.0,0.42105263157894735,RF,R4_F1,4,1
personal_status_sex,0.48750000000000004,4.0,13.0,0.368421052631579,RF,R4_F1,4,1
people_liable,0.4666666666666667,1.0,14.0,0.3157894736842105,RF,R4_F1,4,1
job,0.43333333333333335,4.0,15.0,0.26315789473684215,RF,R4_F1,4,1
housing,0.3833333333333333,3.0,16.0,0.21052631578947367,RF,R4_F1,4,1
savings,0.37666666666666665,5.0,17.0,0.1578947368421053,RF,R4_F1,4,1
purpose,0.3066666666666667,10.0,18.0,0.10526315789473684,RF,R4_F1,4,1
other_debtors,0.2611111111111111,3.0,19.0,0.052631578947368474,RF,R4_F1,4,1
foreign_worker,0.07500000000000001,2.0,20.0,0.0,RF,R4_F1,4,1
foreign_worker,0.8416666666666667,2.0,1.0,1.0,RFE,R4_F1,4,1
amount,0.7416666666666667,1.0,2.0,0.9473684210526316,RFE,R4_F1,4,1
status,0.73125,4.0,3.0,0.8947368421052632,RFE,R4_F1,4,1
credit_history,0.6416666666666667,5.0,4.5,0.8157894736842105,RFE,R4_F1,4,1
purpose,0.6416666666666667,10.0,4.5,0.8157894736842105,RFE,R4_F1,4,1
savings,0.6216666666666667,5.0,6.0,0.736842105263158,RFE,R4_F1,4,1
other_debtors,0.6083333333333333,3.0,7.0,0.6842105263157895,RFE,R4_F1,4,1
duration,0.5416666666666667,1.0,9.0,0.5789473684210527,RFE,R4_F1,4,1
installment_rate,0.5416666666666667,1.0,9.0,0.5789473684210527,RFE,R4_F1,4,1
number_credits,0.5416666666666667,1.0,9.0,0.5789473684210527,RFE,R4_F1,4,1
other_installment_plans,0.47500000000000003,3.0,11.0,0.4736842105263158,RFE,R4_F1,4,1
housing,0.4749999999999999,3.0,12.0,0.42105263157894735,RFE,R4_F1,4,1
age,0.44166666666666665,1.0,13.0,0.368421052631579,RFE,R4_F1,4,1
telephone,0.3416666666666666,2.0,14.0,0.3157894736842105,RFE,R4_F1,4,1
employment_duration,0.32166666666666666,5.0,15.0,0.26315789473684215,RFE,R4_F1,4,1
personal_status_sex,0.2666666666666667,4.0,16.0,0.21052631578947367,RFE,R4_F1,4,1
job,0.26666666666666666,4.0,17.5,0.13157894736842102,RFE,R4_F1,4,1
property,0.26666666666666666,4.0,17.5,0.13157894736842102,RFE,R4_F1,4,1
people_liable,0.14166666666666672,1.0,19.0,0.052631578947368474,RFE,R4_F1,4,1
present_residence,0.04166666666666663,1.0,20.0,0.0,RFE,R4_F1,4,1
age,0.47894736842105257,,11.0,0.4736842105263158,EqualConsensus,R4_F1,4,1
amount,0.9052631578947368,,1.0,1.0,EqualConsensus,R4_F1,4,1
credit_history,0.7105263157894737,,4.0,0.8421052631578947,EqualConsensus,R4_F1,4,1
duration,0.8421052631578949,,3.0,0.8947368421052632,EqualConsensus,R4_F1,4,1
employment_duration,0.42105263157894746,,13.0,0.368421052631579,EqualConsensus,R4_F1,4,1
foreign_worker,0.5789473684210525,,5.0,0.7894736842105263,EqualConsensus,R4_F1,4,1
housing,0.5263157894736842,,8.0,0.631578947368421,EqualConsensus,R4_F1,4,1
installment_rate,0.5210526315789473,,9.0,0.5789473684210527,EqualConsensus,R4_F1,4,1
job,0.14210526315789473,,19.0,0.052631578947368474,EqualConsensus,R4_F1,4,1
number_credits,0.4578947368421053,,12.0,0.42105263157894735,EqualConsensus,R4_F1,4,1
other_debtors,0.41052631578947374,,14.0,0.3157894736842105,EqualConsensus,R4_F1,4,1
other_installment_plans,0.5368421052631579,,7.0,0.6842105263157895,EqualConsensus,R4_F1,4,1
people_liable,0.13157894736842107,,20.0,0.0,EqualConsensus,R4_F1,4,1
personal_status_sex,0.2736842105263158,,18.0,0.10526315789473684,EqualConsensus,R4_F1,4,1
present_residence,0.368421052631579,,17.0,0.1578947368421053,EqualConsensus,R4_F1,4,1
property,0.3736842105263158,,16.0,0.21052631578947367,EqualConsensus,R4_F1,4,1
purpose,0.5105263157894737,,10.0,0.5263157894736843,EqualConsensus,R4_F1,4,1
savings,0.5578947368421053,,6.0,0.736842105263158,EqualConsensus,R4_F1,4,1
status,0.8736842105263157,,2.0,0.9473684210526316,EqualConsensus,R4_F1,4,1
telephone,0.37894736842105264,,15.0,0.26315789473684215,EqualConsensus,R4_F1,4,1
status,0.8125,4.0,1.0,1.0,Chi2,R4_F2,4,2
savings,0.7433333333333334,5.0,2.0,0.9473684210526316,Chi2,R4_F2,4,2
duration,0.7,1.0,3.0,0.8947368421052632,Chi2,R4_F2,4,2
housing,0.6777777777777777,3.0,4.0,0.8421052631578947,Chi2,R4_F2,4,2
credit_history,0.6633333333333333,5.0,5.0,0.7894736842105263,Chi2,R4_F2,4,2
amount,0.5833333333333333,1.0,6.0,0.736842105263158,Chi2,R4_F2,4,2
other_installment_plans,0.5333333333333333,3.0,7.0,0.6842105263157895,Chi2,R4_F2,4,2
installment_rate,0.5,1.0,8.0,0.631578947368421,Chi2,R4_F2,4,2
employment_duration,0.4966666666666667,5.0,9.0,0.5789473684210527,Chi2,R4_F2,4,2
foreign_worker,0.475,2.0,10.0,0.5263157894736843,Chi2,R4_F2,4,2
purpose,0.4716666666666667,10.0,11.0,0.4736842105263158,Chi2,R4_F2,4,2
property,0.44999999999999996,4.0,12.0,0.42105263157894735,Chi2,R4_F2,4,2
other_debtors,0.4000000000000001,3.0,13.0,0.368421052631579,Chi2,R4_F2,4,2
personal_status_sex,0.3833333333333333,4.0,14.0,0.3157894736842105,Chi2,R4_F2,4,2
age,0.30000000000000004,1.0,15.0,0.26315789473684215,Chi2,R4_F2,4,2
number_credits,0.2666666666666667,1.0,16.0,0.21052631578947367,Chi2,R4_F2,4,2
telephone,0.25,2.0,17.0,0.1578947368421053,Chi2,R4_F2,4,2
job,0.20416666666666666,4.0,18.0,0.10526315789473684,Chi2,R4_F2,4,2
people_liable,0.15000000000000002,1.0,19.0,0.052631578947368474,Chi2,R4_F2,4,2
present_residence,0.08333333333333337,1.0,20.0,0.0,Chi2,R4_F2,4,2
present_residence,0.9833333333333333,1.0,1.0,1.0,MI,R4_F2,4,2
duration,0.9666666666666667,1.0,2.0,0.9473684210526316,MI,R4_F2,4,2
amount,0.9333333333333333,1.0,3.0,0.8947368421052632,MI,R4_F2,4,2
installment_rate,0.8833333333333333,1.0,4.0,0.8421052631578947,MI,R4_F2,4,2
age,0.7833333333333333,1.0,5.0,0.7894736842105263,MI,R4_F2,4,2
status,0.7583333333333333,4.0,6.0,0.736842105263158,MI,R4_F2,4,2
savings,0.6833333333333333,5.0,7.0,0.6842105263157895,MI,R4_F2,4,2
foreign_worker,0.675,2.0,8.0,0.631578947368421,MI,R4_F2,4,2
housing,0.65,3.0,9.0,0.5789473684210527,MI,R4_F2,4,2
credit_history,0.5700000000000001,5.0,10.0,0.5263157894736843,MI,R4_F2,4,2
other_installment_plans,0.48333333333333334,3.0,11.0,0.4736842105263158,MI,R4_F2,4,2
property,0.43333333333333335,4.0,12.0,0.42105263157894735,MI,R4_F2,4,2
employment_duration,0.42000000000000004,5.0,13.0,0.368421052631579,MI,R4_F2,4,2
purpose,0.40499999999999997,10.0,14.0,0.3157894736842105,MI,R4_F2,4,2
personal_status_sex,0.37083333333333335,4.0,15.0,0.26315789473684215,MI,R4_F2,4,2
other_debtors,0.3499999999999999,3.0,16.0,0.21052631578947367,MI,R4_F2,4,2
telephone,0.275,2.0,17.0,0.1578947368421053,MI,R4_F2,4,2
job,0.22916666666666669,4.0,18.0,0.10526315789473684,MI,R4_F2,4,2
number_credits,0.008333333333333304,1.0,19.5,0.02631578947368418,MI,R4_F2,4,2
people_liable,0.008333333333333304,1.0,19.5,0.02631578947368418,MI,R4_F2,4,2
installment_rate,0.7666666666666666,1.0,1.0,1.0,L1,R4_F2,4,2
amount,0.7,1.0,2.0,0.9473684210526316,L1,R4_F2,4,2
duration,0.6833333333333333,1.0,3.0,0.8947368421052632,L1,R4_F2,4,2
savings,0.655,5.0,4.0,0.8421052631578947,L1,R4_F2,4,2
credit_history,0.6416666666666667,5.0,5.0,0.7894736842105263,L1,R4_F2,4,2
status,0.61875,4.0,6.0,0.736842105263158,L1,R4_F2,4,2
age,0.5833333333333333,1.0,7.0,0.6842105263157895,L1,R4_F2,4,2
foreign_worker,0.5625,2.0,8.0,0.631578947368421,L1,R4_F2,4,2
purpose,0.5208333333333333,10.0,9.0,0.5789473684210527,L1,R4_F2,4,2
other_installment_plans,0.5027777777777778,3.0,10.0,0.5263157894736843,L1,R4_F2,4,2
people_liable,0.5,1.0,11.0,0.4736842105263158,L1,R4_F2,4,2
employment_duration,0.475,5.0,12.0,0.42105263157894735,L1,R4_F2,4,2
personal_status_sex,0.47291666666666665,4.0,13.0,0.368421052631579,L1,R4_F2,4,2
housing,0.4361111111111111,3.0,14.0,0.3157894736842105,L1,R4_F2,4,2
number_credits,0.43333333333333335,1.0,15.0,0.26315789473684215,L1,R4_F2,4,2
other_debtors,0.4166666666666667,3.0,16.0,0.21052631578947367,L1,R4_F2,4,2
telephone,0.37916666666666665,2.0,17.0,0.1578947368421053,L1,R4_F2,4,2
property,0.37083333333333335,4.0,18.0,0.10526315789473684,L1,R4_F2,4,2
present_residence,0.33333333333333337,1.0,19.0,0.052631578947368474,L1,R4_F2,4,2
job,0.15833333333333333,4.0,20.0,0.0,L1,R4_F2,4,2
amount,1.0,1.0,1.0,1.0,RF,R4_F2,4,2
duration,0.9833333333333333,1.0,2.0,0.9473684210526316,RF,R4_F2,4,2
age,0.9666666666666667,1.0,3.0,0.8947368421052632,RF,R4_F2,4,2
installment_rate,0.9333333333333333,1.0,4.0,0.8421052631578947,RF,R4_F2,4,2
present_residence,0.9,1.0,5.0,0.7894736842105263,RF,R4_F2,4,2
number_credits,0.8333333333333334,1.0,6.0,0.736842105263158,RF,R4_F2,4,2
status,0.7291666666666666,4.0,7.0,0.6842105263157895,RF,R4_F2,4,2
property,0.675,4.0,8.0,0.631578947368421,RF,R4_F2,4,2
other_installment_plans,0.5499999999999999,3.0,9.0,0.5789473684210527,RF,R4_F2,4,2
telephone,0.5416666666666666,2.0,10.0,0.5263157894736843,RF,R4_F2,4,2
employment_duration,0.5266666666666666,5.0,11.0,0.4736842105263158,RF,R4_F2,4,2
housing,0.48888888888888893,3.0,12.0,0.42105263157894735,RF,R4_F2,4,2
job,0.4708333333333333,4.0,13.0,0.368421052631579,RF,R4_F2,4,2
credit_history,0.4666666666666667,5.0,14.0,0.3157894736842105,RF,R4_F2,4,2
people_liable,0.44999999999999996,1.0,15.0,0.26315789473684215,RF,R4_F2,4,2
personal_status_sex,0.44166666666666665,4.0,16.0,0.21052631578947367,RF,R4_F2,4,2
savings,0.42666666666666664,5.0,17.0,0.1578947368421053,RF,R4_F2,4,2
purpose,0.28833333333333333,10.0,18.0,0.10526315789473684,RF,R4_F2,4,2
other_debtors,0.2777777777777778,3.0,19.0,0.052631578947368474,RF,R4_F2,4,2
foreign_worker,0.07500000000000001,2.0,20.0,0.0,RF,R4_F2,4,2
foreign_worker,0.7416666666666667,2.0,1.0,1.0,RFE,R4_F2,4,2
purpose,0.6716666666666666,10.0,2.0,0.9473684210526316,RFE,R4_F2,4,2
credit_history,0.6416666666666667,5.0,3.0,0.8947368421052632,RFE,R4_F2,4,2
amount,0.6416666666666666,1.0,5.0,0.7894736842105263,RFE,R4_F2,4,2
duration,0.6416666666666666,1.0,5.0,0.7894736842105263,RFE,R4_F2,4,2
installment_rate,0.6416666666666666,1.0,5.0,0.7894736842105263,RFE,R4_F2,4,2
status,0.63125,4.0,7.0,0.6842105263157895,RFE,R4_F2,4,2
savings,0.6216666666666667,5.0,8.0,0.631578947368421,RFE,R4_F2,4,2
housing,0.5750000000000001,3.0,9.0,0.5789473684210527,RFE,R4_F2,4,2
other_debtors,0.5083333333333333,3.0,10.0,0.5263157894736843,RFE,R4_F2,4,2
other_installment_plans,0.47500000000000003,3.0,11.0,0.4736842105263158,RFE,R4_F2,4,2
property,0.4666666666666667,4.0,12.0,0.42105263157894735,RFE,R4_F2,4,2
personal_status_sex,0.3666666666666667,4.0,13.0,0.368421052631579,RFE,R4_F2,4,2
telephone,0.34166666666666673,2.0,14.0,0.3157894736842105,RFE,R4_F2,4,2
age,0.3416666666666667,1.0,15.0,0.26315789473684215,RFE,R4_F2,4,2
employment_duration,0.32166666666666666,5.0,16.0,0.21052631578947367,RFE,R4_F2,4,2
people_liable,0.2416666666666667,1.0,17.0,0.1578947368421053,RFE,R4_F2,4,2
number_credits,0.14166666666666672,1.0,18.0,0.10526315789473684,RFE,R4_F2,4,2
job,0.11666666666666667,4.0,19.0,0.052631578947368474,RFE,R4_F2,4,2
present_residence,0.04166666666666663,1.0,20.0,0.0,RFE,R4_F2,4,2
age,0.5789473684210527,,7.0,0.6842105263157895,EqualConsensus,R4_F2,4,2
amount,0.873684210526316,,2.0,0.9473684210526316,EqualConsensus,R4_F2,4,2
credit_history,0.6631578947368422,,5.0,0.7894736842105263,EqualConsensus,R4_F2,4,2
duration,0.8947368421052632,,1.0,1.0,EqualConsensus,R4_F2,4,2
employment_duration,0.41052631578947363,,12.0,0.42105263157894735,EqualConsensus,R4_F2,4,2
foreign_worker,0.5578947368421053,,8.0,0.631578947368421,EqualConsensus,R4_F2,4,2
housing,0.5473684210526316,,10.0,0.5263157894736843,EqualConsensus,R4_F2,4,2
installment_rate,0.8210526315789475,,3.0,0.8947368421052632,EqualConsensus,R4_F2,4,2
job,0.12631578947368421,,20.0,0.0,EqualConsensus,R4_F2,4,2
number_credits,0.26842105263157895,,17.0,0.1578947368421053,EqualConsensus,R4_F2,4,2
other_debtors,0.27368421052631586,,16.0,0.21052631578947367,EqualConsensus,R4_F2,4,2
other_installment_plans,0.5473684210526317,,9.0,0.5789473684210527,EqualConsensus,R4_F2,4,2
people_liable,0.19473684210526318,,19.0,0.052631578947368474,EqualConsensus,R4_F2,4,2
personal_status_sex,0.30526315789473685,,15.0,0.26315789473684215,EqualConsensus,R4_F2,4,2
present_residence,0.368421052631579,,14.0,0.3157894736842105,EqualConsensus,R4_F2,4,2
property,0.4,,13.0,0.368421052631579,EqualConsensus,R4_F2,4,2
purpose,0.48421052631578954,,11.0,0.4736842105263158,EqualConsensus,R4_F2,4,2
savings,0.6526315789473685,,6.0,0.736842105263158,EqualConsensus,R4_F2,4,2
status,0.7684210526315789,,4.0,0.8421052631578947,EqualConsensus,R4_F2,4,2
telephone,0.26315789473684215,,18.0,0.10526315789473684,EqualConsensus,R4_F2,4,2
status,0.8458333333333333,4.0,1.0,1.0,Chi2,R4_F3,4,3
duration,0.7166666666666667,1.0,2.0,0.9473684210526316,Chi2,R4_F3,4,3
other_installment_plans,0.6944444444444443,3.0,3.0,0.8947368421052632,Chi2,R4_F3,4,3
savings,0.6866666666666668,5.0,4.0,0.8421052631578947,Chi2,R4_F3,4,3
housing,0.6444444444444444,3.0,5.0,0.7894736842105263,Chi2,R4_F3,4,3
credit_history,0.6166666666666667,5.0,6.0,0.736842105263158,Chi2,R4_F3,4,3
property,0.5666666666666667,4.0,7.0,0.6842105263157895,Chi2,R4_F3,4,3
amount,0.4833333333333333,1.0,8.0,0.631578947368421,Chi2,R4_F3,4,3
employment_duration,0.4766666666666667,5.0,9.0,0.5789473684210527,Chi2,R4_F3,4,3
foreign_worker,0.47500000000000003,2.0,10.0,0.5263157894736843,Chi2,R4_F3,4,3
purpose,0.44000000000000006,10.0,11.0,0.4736842105263158,Chi2,R4_F3,4,3
personal_status_sex,0.41666666666666663,4.0,12.0,0.42105263157894735,Chi2,R4_F3,4,3
other_debtors,0.37777777777777777,3.0,13.0,0.368421052631579,Chi2,R4_F3,4,3
age,0.3666666666666667,1.0,14.0,0.3157894736842105,Chi2,R4_F3,4,3
people_liable,0.31666666666666665,1.0,15.0,0.26315789473684215,Chi2,R4_F3,4,3
installment_rate,0.30000000000000004,1.0,16.0,0.21052631578947367,Chi2,R4_F3,4,3
telephone,0.23333333333333334,2.0,17.0,0.1578947368421053,Chi2,R4_F3,4,3
number_credits,0.23333333333333328,1.0,18.0,0.10526315789473684,Chi2,R4_F3,4,3
job,0.21666666666666667,4.0,19.0,0.052631578947368474,Chi2,R4_F3,4,3
present_residence,0.033333333333333326,1.0,20.0,0.0,Chi2,R4_F3,4,3
duration,0.9666666666666667,1.0,1.0,1.0,MI,R4_F3,4,3
age,0.95,1.0,2.0,0.9473684210526316,MI,R4_F3,4,3
number_credits,0.9166666666666666,1.0,3.0,0.8947368421052632,MI,R4_F3,4,3
amount,0.9,1.0,4.0,0.8421052631578947,MI,R4_F3,4,3
status,0.8,4.0,5.0,0.7894736842105263,MI,R4_F3,4,3
foreign_worker,0.6916666666666667,2.0,6.0,0.736842105263158,MI,R4_F3,4,3
other_installment_plans,0.6666666666666666,3.0,7.0,0.6842105263157895,MI,R4_F3,4,3
people_liable,0.65,1.0,8.0,0.631578947368421,MI,R4_F3,4,3
savings,0.6266666666666667,5.0,9.0,0.5789473684210527,MI,R4_F3,4,3
housing,0.611111111111111,3.0,10.0,0.5263157894736843,MI,R4_F3,4,3
credit_history,0.5733333333333334,5.0,11.0,0.4736842105263158,MI,R4_F3,4,3
property,0.5125,4.0,12.0,0.42105263157894735,MI,R4_F3,4,3
personal_status_sex,0.4041666666666667,4.0,13.0,0.368421052631579,MI,R4_F3,4,3
employment_duration,0.39666666666666667,5.0,14.0,0.3157894736842105,MI,R4_F3,4,3
purpose,0.36333333333333334,10.0,15.0,0.26315789473684215,MI,R4_F3,4,3
other_debtors,0.35000000000000003,3.0,16.0,0.21052631578947367,MI,R4_F3,4,3
telephone,0.29166666666666663,2.0,17.0,0.1578947368421053,MI,R4_F3,4,3
job,0.19166666666666668,4.0,18.0,0.10526315789473684,MI,R4_F3,4,3
installment_rate,0.008333333333333304,1.0,19.5,0.02631578947368418,MI,R4_F3,4,3
present_residence,0.008333333333333304,1.0,19.5,0.02631578947368418,MI,R4_F3,4,3
status,0.775,4.0,1.0,1.0,L1,R4_F3,4,3
duration,0.75,1.0,2.0,0.9473684210526316,L1,R4_F3,4,3
foreign_worker,0.6666666666666666,2.0,3.0,0.8947368421052632,L1,R4_F3,4,3
installment_rate,0.65,1.0,4.5,0.8157894736842105,L1,R4_F3,4,3
savings,0.65,5.0,4.5,0.8157894736842105,L1,R4_F3,4,3
credit_history,0.6233333333333333,5.0,6.0,0.736842105263158,L1,R4_F3,4,3
other_debtors,0.6,3.0,7.0,0.6842105263157895,L1,R4_F3,4,3
amount,0.5666666666666667,1.0,8.0,0.631578947368421,L1,R4_F3,4,3
other_installment_plans,0.5166666666666667,3.0,9.0,0.5789473684210527,L1,R4_F3,4,3
housing,0.48888888888888893,3.0,10.0,0.5263157894736843,L1,R4_F3,4,3
property,0.4791666666666667,4.0,11.0,0.4736842105263158,L1,R4_F3,4,3
purpose,0.47333333333333333,10.0,12.0,0.42105263157894735,L1,R4_F3,4,3
age,0.4666666666666667,1.0,13.0,0.368421052631579,L1,R4_F3,4,3
number_credits,0.43333333333333335,1.0,14.0,0.3157894736842105,L1,R4_F3,4,3
employment_duration,0.4,5.0,15.0,0.26315789473684215,L1,R4_F3,4,3
telephone,0.38333333333333336,2.0,16.0,0.21052631578947367,L1,R4_F3,4,3
present_residence,0.3833333333333333,1.0,17.0,0.1578947368421053,L1,R4_F3,4,3
personal_status_sex,0.325,4.0,18.0,0.10526315789473684,L1,R4_F3,4,3
people_liable,0.31666666666666665,1.0,19.0,0.052631578947368474,L1,R4_F3,4,3
job,0.15000000000000002,4.0,20.0,0.0,L1,R4_F3,4,3
amount,1.0,1.0,1.0,1.0,RF,R4_F3,4,3
age,0.9833333333333333,1.0,2.0,0.9473684210526316,RF,R4_F3,4,3
duration,0.9666666666666667,1.0,3.0,0.8947368421052632,RF,R4_F3,4,3
installment_rate,0.9166666666666666,1.0,4.0,0.8421052631578947,RF,R4_F3,4,3
present_residence,0.9,1.0,5.0,0.7894736842105263,RF,R4_F3,4,3
number_credits,0.8166666666666667,1.0,6.0,0.736842105263158,RF,R4_F3,4,3
status,0.7333333333333334,4.0,7.0,0.6842105263157895,RF,R4_F3,4,3
property,0.6333333333333333,4.0,8.0,0.631578947368421,RF,R4_F3,4,3
telephone,0.6083333333333334,2.0,9.0,0.5789473684210527,RF,R4_F3,4,3
credit_history,0.5433333333333333,5.0,10.0,0.5263157894736843,RF,R4_F3,4,3
other_installment_plans,0.5222222222222223,3.0,11.0,0.4736842105263158,RF,R4_F3,4,3
employment_duration,0.5133333333333333,5.0,12.0,0.42105263157894735,RF,R4_F3,4,3
personal_status_sex,0.475,4.0,13.0,0.368421052631579,RF,R4_F3,4,3
savings,0.4533333333333333,5.0,14.0,0.3157894736842105,RF,R4_F3,4,3
job,0.4166666666666667,4.0,15.0,0.26315789473684215,RF,R4_F3,4,3
housing,0.3833333333333333,3.0,16.0,0.21052631578947367,RF,R4_F3,4,3
people_liable,0.31666666666666665,1.0,17.0,0.1578947368421053,RF,R4_F3,4,3
purpose,0.31500000000000006,10.0,18.0,0.10526315789473684,RF,R4_F3,4,3
other_debtors,0.25555555555555554,3.0,19.0,0.052631578947368474,RF,R4_F3,4,3
foreign_worker,0.08333333333333331,2.0,20.0,0.0,RF,R4_F3,4,3
status,0.83125,4.0,1.0,1.0,RFE,R4_F3,4,3
duration,0.7416666666666667,1.0,2.5,0.9210526315789473,RFE,R4_F3,4,3
foreign_worker,0.7416666666666667,2.0,2.5,0.9210526315789473,RFE,R4_F3,4,3
credit_history,0.6416666666666667,5.0,4.5,0.8157894736842105,RFE,R4_F3,4,3
savings,0.6416666666666667,5.0,4.5,0.8157894736842105,RFE,R4_F3,4,3
other_debtors,0.6083333333333333,3.0,6.0,0.736842105263158,RFE,R4_F3,4,3
installment_rate,0.5416666666666667,1.0,7.5,0.6578947368421053,RFE,R4_F3,4,3
purpose,0.5416666666666667,10.0,7.5,0.6578947368421053,RFE,R4_F3,4,3
housing,0.5416666666666666,3.0,9.0,0.5789473684210527,RFE,R4_F3,4,3
amount,0.44166666666666665,1.0,10.5,0.5,RFE,R4_F3,4,3
property,0.44166666666666665,4.0,10.5,0.5,RFE,R4_F3,4,3
other_installment_plans,0.4083333333333334,3.0,12.0,0.42105263157894735,RFE,R4_F3,4,3
age,0.3416666666666667,1.0,14.5,0.2894736842105263,RFE,R4_F3,4,3
employment_duration,0.3416666666666667,5.0,14.5,0.2894736842105263,RFE,R4_F3,4,3
number_credits,0.3416666666666667,1.0,14.5,0.2894736842105263,RFE,R4_F3,4,3
personal_status_sex,0.3416666666666667,4.0,14.5,0.2894736842105263,RFE,R4_F3,4,3
job,0.2916666666666667,4.0,17.5,0.13157894736842102,RFE,R4_F3,4,3
telephone,0.2916666666666667,2.0,17.5,0.13157894736842102,RFE,R4_F3,4,3
present_residence,0.14166666666666672,1.0,19.0,0.052631578947368474,RFE,R4_F3,4,3
people_liable,0.04166666666666663,1.0,20.0,0.0,RFE,R4_F3,4,3
age,0.5736842105263158,,8.0,0.631578947368421,EqualConsensus,R4_F3,4,3
amount,0.7210526315789474,,3.0,0.8947368421052632,EqualConsensus,R4_F3,4,3
credit_history,0.6578947368421053,,5.0,0.7894736842105263,EqualConsensus,R4_F3,4,3
duration,0.9421052631578949,,1.0,1.0,EqualConsensus,R4_F3,4,3
employment_duration,0.3736842105263158,,15.0,0.26315789473684215,EqualConsensus,R4_F3,4,3
foreign_worker,0.6157894736842106,,6.0,0.736842105263158,EqualConsensus,R4_F3,4,3
housing,0.5263157894736843,,10.0,0.5263157894736843,EqualConsensus,R4_F3,4,3
installment_rate,0.5105263157894736,,11.0,0.4736842105263158,EqualConsensus,R4_F3,4,3
job,0.1105263157894737,,20.0,0.0,EqualConsensus,R4_F3,4,3
number_credits,0.46842105263157896,,12.0,0.42105263157894735,EqualConsensus,R4_F3,4,3
other_debtors,0.41052631578947374,,13.0,0.368421052631579,EqualConsensus,R4_F3,4,3
other_installment_plans,0.6105263157894737,,7.0,0.6842105263157895,EqualConsensus,R4_F3,4,3
people_liable,0.2210526315789474,,18.0,0.10526315789473684,EqualConsensus,R4_F3,4,3
personal_status_sex,0.31052631578947365,,16.0,0.21052631578947367,EqualConsensus,R4_F3,4,3
present_residence,0.20526315789473687,,19.0,0.052631578947368474,EqualConsensus,R4_F3,4,3
property,0.5421052631578946,,9.0,0.5789473684210527,EqualConsensus,R4_F3,4,3
purpose,0.38421052631578945,,14.0,0.3157894736842105,EqualConsensus,R4_F3,4,3
savings,0.6736842105263159,,4.0,0.8421052631578947,EqualConsensus,R4_F3,4,3
status,0.8947368421052632,,2.0,0.9473684210526316,EqualConsensus,R4_F3,4,3
telephone,0.2473684210526316,,17.0,0.1578947368421053,EqualConsensus,R4_F3,4,3
status,0.8375,4.0,1.0,1.0,Chi2,R4_F4,4,4
duration,0.7,1.0,2.0,0.9473684210526316,Chi2,R4_F4,4,4
other_installment_plans,0.65,3.0,3.5,0.868421052631579,Chi2,R4_F4,4,4
savings,0.65,5.0,3.5,0.868421052631579,Chi2,R4_F4,4,4
housing,0.6444444444444444,3.0,5.0,0.7894736842105263,Chi2,R4_F4,4,4
credit_history,0.6366666666666667,5.0,6.0,0.736842105263158,Chi2,R4_F4,4,4
personal_status_sex,0.5708333333333333,4.0,7.5,0.6578947368421053,Chi2,R4_F4,4,4
property,0.5708333333333333,4.0,7.5,0.6578947368421053,Chi2,R4_F4,4,4
amount,0.5333333333333333,1.0,9.0,0.5789473684210527,Chi2,R4_F4,4,4
employment_duration,0.5133333333333333,5.0,10.0,0.5263157894736843,Chi2,R4_F4,4,4
purpose,0.465,10.0,11.0,0.4736842105263158,Chi2,R4_F4,4,4
installment_rate,0.3833333333333333,1.0,12.0,0.42105263157894735,Chi2,R4_F4,4,4
foreign_worker,0.3666666666666667,2.0,13.0,0.368421052631579,Chi2,R4_F4,4,4
age,0.30000000000000004,1.0,14.0,0.3157894736842105,Chi2,R4_F4,4,4
other_debtors,0.29444444444444445,3.0,15.0,0.26315789473684215,Chi2,R4_F4,4,4
telephone,0.2583333333333333,2.0,16.0,0.21052631578947367,Chi2,R4_F4,4,4
number_credits,0.21666666666666667,1.0,17.0,0.1578947368421053,Chi2,R4_F4,4,4
job,0.16666666666666666,4.0,18.0,0.10526315789473684,Chi2,R4_F4,4,4
people_liable,0.08333333333333337,1.0,19.0,0.052631578947368474,Chi2,R4_F4,4,4
present_residence,0.033333333333333326,1.0,20.0,0.0,Chi2,R4_F4,4,4
amount,0.9666666666666667,1.0,1.0,1.0,MI,R4_F4,4,4
duration,0.95,1.0,2.0,0.9473684210526316,MI,R4_F4,4,4
status,0.8125,4.0,3.0,0.8947368421052632,MI,R4_F4,4,4
other_installment_plans,0.7000000000000001,3.0,4.0,0.8421052631578947,MI,R4_F4,4,4
housing,0.6722222222222222,3.0,5.0,0.7894736842105263,MI,R4_F4,4,4
savings,0.6333333333333333,5.0,6.0,0.736842105263158,MI,R4_F4,4,4
credit_history,0.6166666666666667,5.0,7.0,0.6842105263157895,MI,R4_F4,4,4
foreign_worker,0.5583333333333333,2.0,8.0,0.631578947368421,MI,R4_F4,4,4
personal_status_sex,0.5541666666666667,4.0,9.0,0.5789473684210527,MI,R4_F4,4,4
property,0.5375,4.0,10.0,0.5263157894736843,MI,R4_F4,4,4
employment_duration,0.47000000000000003,5.0,11.0,0.4736842105263158,MI,R4_F4,4,4
purpose,0.43999999999999995,10.0,12.0,0.42105263157894735,MI,R4_F4,4,4
number_credits,0.35,1.0,13.0,0.368421052631579,MI,R4_F4,4,4
telephone,0.30833333333333335,2.0,14.0,0.3157894736842105,MI,R4_F4,4,4
other_debtors,0.3,3.0,15.0,0.26315789473684215,MI,R4_F4,4,4
job,0.19166666666666668,4.0,16.0,0.21052631578947367,MI,R4_F4,4,4
age,0.025000000000000022,1.0,18.5,0.07894736842105265,MI,R4_F4,4,4
installment_rate,0.025000000000000022,1.0,18.5,0.07894736842105265,MI,R4_F4,4,4
people_liable,0.025000000000000022,1.0,18.5,0.07894736842105265,MI,R4_F4,4,4
present_residence,0.025000000000000022,1.0,18.5,0.07894736842105265,MI,R4_F4,4,4
status,0.8291666666666666,4.0,1.0,1.0,L1,R4_F4,4,4
installment_rate,0.7166666666666667,1.0,2.0,0.9473684210526316,L1,R4_F4,4,4
amount,0.7,1.0,3.0,0.8947368421052632,L1,R4_F4,4,4
duration,0.6833333333333333,1.0,4.0,0.8421052631578947,L1,R4_F4,4,4
foreign_worker,0.6666666666666666,2.0,5.0,0.7894736842105263,L1,R4_F4,4,4
personal_status_sex,0.6375,4.0,6.0,0.736842105263158,L1,R4_F4,4,4
property,0.5833333333333334,4.0,7.0,0.6842105263157895,L1,R4_F4,4,4
purpose,0.5375,10.0,8.0,0.631578947368421,L1,R4_F4,4,4
age,0.5166666666666666,1.0,9.0,0.5789473684210527,L1,R4_F4,4,4
credit_history,0.5116666666666667,5.0,10.0,0.5263157894736843,L1,R4_F4,4,4
number_credits,0.4666666666666667,1.0,11.0,0.4736842105263158,L1,R4_F4,4,4
savings,0.46333333333333326,5.0,12.0,0.42105263157894735,L1,R4_F4,4,4
people_liable,0.44999999999999996,1.0,13.0,0.368421052631579,L1,R4_F4,4,4
telephone,0.43333333333333335,2.0,14.0,0.3157894736842105,L1,R4_F4,4,4
other_installment_plans,0.4138888888888889,3.0,15.0,0.26315789473684215,L1,R4_F4,4,4
other_debtors,0.4083333333333334,3.0,16.0,0.21052631578947367,L1,R4_F4,4,4
employment_duration,0.36,5.0,17.0,0.1578947368421053,L1,R4_F4,4,4
housing,0.32499999999999996,3.0,18.0,0.10526315789473684,L1,R4_F4,4,4
job,0.24166666666666664,4.0,19.0,0.052631578947368474,L1,R4_F4,4,4
present_residence,0.10833333333333328,1.0,20.0,0.0,L1,R4_F4,4,4
amount,1.0,1.0,1.0,1.0,RF,R4_F4,4,4
age,0.9833333333333333,1.0,2.0,0.9473684210526316,RF,R4_F4,4,4
duration,0.9666666666666667,1.0,3.0,0.8947368421052632,RF,R4_F4,4,4
installment_rate,0.9166666666666666,1.0,4.0,0.8421052631578947,RF,R4_F4,4,4
present_residence,0.9,1.0,5.0,0.7894736842105263,RF,R4_F4,4,4
number_credits,0.85,1.0,6.0,0.736842105263158,RF,R4_F4,4,4
status,0.7416666666666667,4.0,7.0,0.6842105263157895,RF,R4_F4,4,4
property,0.6125,4.0,8.0,0.631578947368421,RF,R4_F4,4,4
telephone,0.5583333333333333,2.0,9.0,0.5789473684210527,RF,R4_F4,4,4
employment_duration,0.5433333333333333,5.0,10.0,0.5263157894736843,RF,R4_F4,4,4
people_liable,0.5333333333333333,1.0,11.0,0.4736842105263158,RF,R4_F4,4,4
personal_status_sex,0.5291666666666667,4.0,12.0,0.42105263157894735,RF,R4_F4,4,4
credit_history,0.5233333333333333,5.0,13.0,0.368421052631579,RF,R4_F4,4,4
other_installment_plans,0.4666666666666666,3.0,14.0,0.3157894736842105,RF,R4_F4,4,4
job,0.43333333333333335,4.0,15.0,0.26315789473684215,RF,R4_F4,4,4
savings,0.39333333333333337,5.0,16.0,0.21052631578947367,RF,R4_F4,4,4
housing,0.37777777777777777,3.0,17.0,0.1578947368421053,RF,R4_F4,4,4
purpose,0.33333333333333337,10.0,18.0,0.10526315789473684,RF,R4_F4,4,4
other_debtors,0.22777777777777777,3.0,19.0,0.052631578947368474,RF,R4_F4,4,4
foreign_worker,0.05833333333333335,2.0,20.0,0.0,RF,R4_F4,4,4
foreign_worker,0.8416666666666667,2.0,1.0,1.0,RFE,R4_F4,4,4
status,0.8062499999999999,4.0,2.0,0.9473684210526316,RFE,R4_F4,4,4
amount,0.7416666666666667,1.0,3.0,0.8947368421052632,RFE,R4_F4,4,4
installment_rate,0.6416666666666666,1.0,4.0,0.8421052631578947,RFE,R4_F4,4,4
purpose,0.5816666666666667,10.0,5.0,0.7894736842105263,RFE,R4_F4,4,4
duration,0.5416666666666667,1.0,7.0,0.6842105263157895,RFE,R4_F4,4,4
personal_status_sex,0.5416666666666667,4.0,7.0,0.6842105263157895,RFE,R4_F4,4,4
property,0.5416666666666667,4.0,7.0,0.6842105263157895,RFE,R4_F4,4,4
credit_history,0.5416666666666666,5.0,9.0,0.5789473684210527,RFE,R4_F4,4,4
other_installment_plans,0.5083333333333333,3.0,10.0,0.5263157894736843,RFE,R4_F4,4,4
savings,0.5016666666666667,5.0,11.0,0.4736842105263158,RFE,R4_F4,4,4
other_debtors,0.47500000000000003,3.0,12.0,0.42105263157894735,RFE,R4_F4,4,4
age,0.44166666666666665,1.0,13.0,0.368421052631579,RFE,R4_F4,4,4
housing,0.4083333333333334,3.0,14.0,0.3157894736842105,RFE,R4_F4,4,4
number_credits,0.3416666666666667,1.0,15.0,0.26315789473684215,RFE,R4_F4,4,4
telephone,0.3416666666666666,2.0,16.0,0.21052631578947367,RFE,R4_F4,4,4
job,0.26666666666666666,4.0,17.0,0.1578947368421053,RFE,R4_F4,4,4
employment_duration,0.26166666666666666,5.0,18.0,0.10526315789473684,RFE,R4_F4,4,4
people_liable,0.2416666666666667,1.0,19.0,0.052631578947368474,RFE,R4_F4,4,4
present_residence,0.04166666666666663,1.0,20.0,0.0,RFE,R4_F4,4,4
age,0.4578947368421053,,12.0,0.42105263157894735,EqualConsensus,R4_F4,4,4
amount,0.8736842105263157,,2.0,0.9473684210526316,EqualConsensus,R4_F4,4,4
credit_history,0.5789473684210527,,7.0,0.6842105263157895,EqualConsensus,R4_F4,4,4
duration,0.8631578947368421,,3.0,0.8947368421052632,EqualConsensus,R4_F4,4,4
employment_duration,0.3578947368421053,,15.0,0.26315789473684215,EqualConsensus,R4_F4,4,4
foreign_worker,0.5578947368421053,,9.0,0.5789473684210527,EqualConsensus,R4_F4,4,4
housing,0.43157894736842106,,13.0,0.368421052631579,EqualConsensus,R4_F4,4,4
installment_rate,0.6263157894736843,,5.0,0.7894736842105263,EqualConsensus,R4_F4,4,4
job,0.15789473684210528,,20.0,0.0,EqualConsensus,R4_F4,4,4
number_credits,0.4,,14.0,0.3157894736842105,EqualConsensus,R4_F4,4,4
other_debtors,0.24210526315789477,,17.0,0.1578947368421053,EqualConsensus,R4_F4,4,4
other_installment_plans,0.5631578947368421,,8.0,0.631578947368421,EqualConsensus,R4_F4,4,4
people_liable,0.2052631578947369,,18.0,0.10526315789473684,EqualConsensus,R4_F4,4,4
personal_status_sex,0.6157894736842106,,6.0,0.736842105263158,EqualConsensus,R4_F4,4,4
present_residence,0.1736842105263158,,19.0,0.052631578947368474,EqualConsensus,R4_F4,4,4
property,0.6368421052631579,,4.0,0.8421052631578947,EqualConsensus,R4_F4,4,4
purpose,0.48421052631578937,,11.0,0.4736842105263158,EqualConsensus,R4_F4,4,4
savings,0.5421052631578946,,10.0,0.5263157894736843,EqualConsensus,R4_F4,4,4
status,0.9052631578947368,,1.0,1.0,EqualConsensus,R4_F4,4,4
telephone,0.3263157894736842,,16.0,0.21052631578947367,EqualConsensus,R4_F4,4,4
status,0.7875,4.0,1.0,1.0,Chi2,R4_F5,4,5
housing,0.7777777777777777,3.0,2.0,0.9473684210526316,Chi2,R4_F5,4,5
duration,0.7333333333333334,1.0,3.0,0.8947368421052632,Chi2,R4_F5,4,5
credit_history,0.67,5.0,4.0,0.8421052631578947,Chi2,R4_F5,4,5
amount,0.6166666666666667,1.0,5.0,0.7894736842105263,Chi2,R4_F5,4,5
savings,0.5733333333333334,5.0,6.0,0.736842105263158,Chi2,R4_F5,4,5
property,0.5416666666666666,4.0,7.0,0.6842105263157895,Chi2,R4_F5,4,5
employment_duration,0.5166666666666666,5.0,8.0,0.631578947368421,Chi2,R4_F5,4,5
personal_status_sex,0.5,4.0,9.0,0.5789473684210527,Chi2,R4_F5,4,5
foreign_worker,0.4583333333333333,2.0,10.0,0.5263157894736843,Chi2,R4_F5,4,5
age,0.44999999999999996,1.0,11.0,0.4736842105263158,Chi2,R4_F5,4,5
purpose,0.4366666666666667,10.0,12.0,0.42105263157894735,Chi2,R4_F5,4,5
other_installment_plans,0.41111111111111115,3.0,13.0,0.368421052631579,Chi2,R4_F5,4,5
installment_rate,0.3833333333333333,1.0,14.0,0.3157894736842105,Chi2,R4_F5,4,5
other_debtors,0.36111111111111116,3.0,15.0,0.26315789473684215,Chi2,R4_F5,4,5
number_credits,0.35,1.0,16.0,0.21052631578947367,Chi2,R4_F5,4,5
telephone,0.2833333333333334,2.0,17.0,0.1578947368421053,Chi2,R4_F5,4,5
job,0.2583333333333333,4.0,18.0,0.10526315789473684,Chi2,R4_F5,4,5
people_liable,0.21666666666666667,1.0,19.0,0.052631578947368474,Chi2,R4_F5,4,5
present_residence,0.09999999999999998,1.0,20.0,0.0,Chi2,R4_F5,4,5
duration,0.9833333333333333,1.0,1.0,1.0,MI,R4_F5,4,5
amount,0.9333333333333333,1.0,2.0,0.9473684210526316,MI,R4_F5,4,5
number_credits,0.9166666666666666,1.0,3.0,0.8947368421052632,MI,R4_F5,4,5
status,0.7625,4.0,4.0,0.8421052631578947,MI,R4_F5,4,5
housing,0.7555555555555555,3.0,5.0,0.7894736842105263,MI,R4_F5,4,5
credit_history,0.65,5.0,6.0,0.736842105263158,MI,R4_F5,4,5
foreign_worker,0.625,2.0,7.0,0.6842105263157895,MI,R4_F5,4,5
savings,0.5533333333333333,5.0,8.0,0.631578947368421,MI,R4_F5,4,5
property,0.5083333333333333,4.0,9.0,0.5789473684210527,MI,R4_F5,4,5
personal_status_sex,0.5041666666666667,4.0,10.0,0.5263157894736843,MI,R4_F5,4,5
employment_duration,0.48666666666666664,5.0,11.0,0.4736842105263158,MI,R4_F5,4,5
other_installment_plans,0.45555555555555555,3.0,12.0,0.42105263157894735,MI,R4_F5,4,5
purpose,0.41,10.0,13.0,0.368421052631579,MI,R4_F5,4,5
installment_rate,0.4,1.0,14.0,0.3157894736842105,MI,R4_F5,4,5
other_debtors,0.3333333333333333,3.0,15.0,0.26315789473684215,MI,R4_F5,4,5
telephone,0.32499999999999996,2.0,16.0,0.21052631578947367,MI,R4_F5,4,5
job,0.2583333333333333,4.0,17.0,0.1578947368421053,MI,R4_F5,4,5
age,0.01666666666666672,1.0,19.0,0.052631578947368474,MI,R4_F5,4,5
people_liable,0.01666666666666672,1.0,19.0,0.052631578947368474,MI,R4_F5,4,5
present_residence,0.01666666666666672,1.0,19.0,0.052631578947368474,MI,R4_F5,4,5
amount,0.75,1.0,1.5,0.9736842105263158,L1,R4_F5,4,5
credit_history,0.75,5.0,1.5,0.9736842105263158,L1,R4_F5,4,5
duration,0.7333333333333334,1.0,3.0,0.8947368421052632,L1,R4_F5,4,5
installment_rate,0.7,1.0,4.0,0.8421052631578947,L1,R4_F5,4,5
other_debtors,0.6777777777777777,3.0,5.0,0.7894736842105263,L1,R4_F5,4,5
status,0.5729166666666666,4.0,6.0,0.736842105263158,L1,R4_F5,4,5
foreign_worker,0.5041666666666667,2.0,7.0,0.6842105263157895,L1,R4_F5,4,5
purpose,0.5033333333333333,10.0,8.0,0.631578947368421,L1,R4_F5,4,5
age,0.5,1.0,9.0,0.5789473684210527,L1,R4_F5,4,5
number_credits,0.4833333333333333,1.0,10.0,0.5263157894736843,L1,R4_F5,4,5
people_liable,0.4666666666666667,1.0,11.0,0.4736842105263158,L1,R4_F5,4,5
personal_status_sex,0.46249999999999997,4.0,12.0,0.42105263157894735,L1,R4_F5,4,5
employment_duration,0.4616666666666666,5.0,13.0,0.368421052631579,L1,R4_F5,4,5
other_installment_plans,0.4444444444444444,3.0,14.0,0.3157894736842105,L1,R4_F5,4,5
savings,0.44333333333333336,5.0,15.0,0.26315789473684215,L1,R4_F5,4,5
housing,0.43611111111111106,3.0,16.0,0.21052631578947367,L1,R4_F5,4,5
telephone,0.3708333333333333,2.0,17.0,0.1578947368421053,L1,R4_F5,4,5
property,0.35416666666666663,4.0,18.0,0.10526315789473684,L1,R4_F5,4,5
present_residence,0.31666666666666665,1.0,19.0,0.052631578947368474,L1,R4_F5,4,5
job,0.3145833333333333,4.0,20.0,0.0,L1,R4_F5,4,5
amount,1.0,1.0,1.0,1.0,RF,R4_F5,4,5
duration,0.9833333333333333,1.0,2.0,0.9473684210526316,RF,R4_F5,4,5
age,0.9666666666666667,1.0,3.0,0.8947368421052632,RF,R4_F5,4,5
installment_rate,0.9166666666666666,1.0,4.0,0.8421052631578947,RF,R4_F5,4,5
present_residence,0.9,1.0,5.0,0.7894736842105263,RF,R4_F5,4,5
number_credits,0.8333333333333334,1.0,6.0,0.736842105263158,RF,R4_F5,4,5
status,0.7291666666666666,4.0,7.0,0.6842105263157895,RF,R4_F5,4,5
credit_history,0.6433333333333333,5.0,8.0,0.631578947368421,RF,R4_F5,4,5
property,0.6166666666666667,4.0,9.0,0.5789473684210527,RF,R4_F5,4,5
telephone,0.575,2.0,10.0,0.5263157894736843,RF,R4_F5,4,5
employment_duration,0.5166666666666666,5.0,11.0,0.4736842105263158,RF,R4_F5,4,5
people_liable,0.5,1.0,12.0,0.42105263157894735,RF,R4_F5,4,5
other_installment_plans,0.48888888888888893,3.0,13.0,0.368421052631579,RF,R4_F5,4,5
housing,0.4611111111111111,3.0,14.0,0.3157894736842105,RF,R4_F5,4,5
personal_status_sex,0.45416666666666666,4.0,15.0,0.26315789473684215,RF,R4_F5,4,5
job,0.4375,4.0,16.0,0.21052631578947367,RF,R4_F5,4,5
savings,0.36333333333333334,5.0,17.0,0.1578947368421053,RF,R4_F5,4,5
purpose,0.3066666666666667,10.0,18.0,0.10526315789473684,RF,R4_F5,4,5
other_debtors,0.20555555555555557,3.0,19.0,0.052631578947368474,RF,R4_F5,4,5
foreign_worker,0.07500000000000001,2.0,20.0,0.0,RF,R4_F5,4,5
duration,0.8416666666666667,1.0,1.0,1.0,RFE,R4_F5,4,5
foreign_worker,0.7416666666666667,2.0,2.0,0.9473684210526316,RFE,R4_F5,4,5
credit_history,0.7016666666666667,5.0,3.0,0.8947368421052632,RFE,R4_F5,4,5
housing,0.6750000000000002,3.0,4.0,0.8421052631578947,RFE,R4_F5,4,5
amount,0.6416666666666666,1.0,5.0,0.7894736842105263,RFE,R4_F5,4,5
other_debtors,0.6083333333333333,3.0,6.0,0.736842105263158,RFE,R4_F5,4,5
status,0.58125,4.0,7.0,0.6842105263157895,RFE,R4_F5,4,5
installment_rate,0.5416666666666667,1.0,8.0,0.631578947368421,RFE,R4_F5,4,5
purpose,0.5316666666666666,10.0,9.0,0.5789473684210527,RFE,R4_F5,4,5
savings,0.48166666666666663,5.0,10.0,0.5263157894736843,RFE,R4_F5,4,5
other_installment_plans,0.44166666666666665,3.0,12.0,0.42105263157894735,RFE,R4_F5,4,5
personal_status_sex,0.44166666666666665,4.0,12.0,0.42105263157894735,RFE,R4_F5,4,5
property,0.44166666666666665,4.0,12.0,0.42105263157894735,RFE,R4_F5,4,5
employment_duration,0.40166666666666667,5.0,14.0,0.3157894736842105,RFE,R4_F5,4,5
age,0.3416666666666667,1.0,16.0,0.21052631578947367,RFE,R4_F5,4,5
number_credits,0.3416666666666667,1.0,16.0,0.21052631578947367,RFE,R4_F5,4,5
people_liable,0.3416666666666667,1.0,16.0,0.21052631578947367,RFE,R4_F5,4,5
telephone,0.2916666666666667,2.0,18.0,0.10526315789473684,RFE,R4_F5,4,5
job,0.24166666666666664,4.0,19.0,0.052631578947368474,RFE,R4_F5,4,5
present_residence,0.14166666666666672,1.0,20.0,0.0,RFE,R4_F5,4,5
age,0.44210526315789467,,13.0,0.368421052631579,EqualConsensus,R4_F5,4,5
amount,0.9,,2.0,0.9473684210526316,EqualConsensus,R4_F5,4,5
credit_history,0.8157894736842104,,3.0,0.8947368421052632,EqualConsensus,R4_F5,4,5
duration,0.9473684210526316,,1.0,1.0,EqualConsensus,R4_F5,4,5
employment_duration,0.4526315789473684,,11.0,0.4736842105263158,EqualConsensus,R4_F5,4,5
foreign_worker,0.5684210526315789,,7.0,0.6842105263157895,EqualConsensus,R4_F5,4,5
housing,0.6210526315789473,,5.0,0.7894736842105263,EqualConsensus,R4_F5,4,5
installment_rate,0.5894736842105264,,6.0,0.736842105263158,EqualConsensus,R4_F5,4,5
job,0.10526315789473686,,20.0,0.0,EqualConsensus,R4_F5,4,5
number_credits,0.5157894736842105,,8.0,0.631578947368421,EqualConsensus,R4_F5,4,5
other_debtors,0.42105263157894746,,14.0,0.3157894736842105,EqualConsensus,R4_F5,4,5
other_installment_plans,0.3789473684210526,,16.0,0.21052631578947367,EqualConsensus,R4_F5,4,5
people_liable,0.24210526315789474,,17.0,0.1578947368421053,EqualConsensus,R4_F5,4,5
personal_status_sex,0.4421052631578948,,12.0,0.42105263157894735,EqualConsensus,R4_F5,4,5
present_residence,0.17894736842105266,,19.0,0.052631578947368474,EqualConsensus,R4_F5,4,5
property,0.47368421052631576,,9.0,0.5789473684210527,EqualConsensus,R4_F5,4,5
purpose,0.42105263157894735,,15.0,0.26315789473684215,EqualConsensus,R4_F5,4,5
savings,0.4631578947368421,,10.0,0.5263157894736843,EqualConsensus,R4_F5,4,5
status,0.7894736842105263,,4.0,0.8421052631578947,EqualConsensus,R4_F5,4,5
telephone,0.23157894736842105,,18.0,0.10526315789473684,EqualConsensus,R4_F5,4,5
status,0.8291666666666666,4.0,1.0,1.0,Chi2,R5_F1,5,1
housing,0.7222222222222222,3.0,2.0,0.9473684210526316,Chi2,R5_F1,5,1
savings,0.7,5.0,3.0,0.8947368421052632,Chi2,R5_F1,5,1
credit_history,0.6833333333333333,5.0,4.0,0.8421052631578947,Chi2,R5_F1,5,1
other_installment_plans,0.6555555555555556,3.0,5.0,0.7894736842105263,Chi2,R5_F1,5,1
duration,0.6333333333333333,1.0,6.0,0.736842105263158,Chi2,R5_F1,5,1
amount,0.5833333333333333,1.0,7.0,0.6842105263157895,Chi2,R5_F1,5,1
employment_duration,0.52,5.0,8.0,0.631578947368421,Chi2,R5_F1,5,1
property,0.4666666666666667,4.0,9.0,0.5789473684210527,Chi2,R5_F1,5,1
foreign_worker,0.425,2.0,10.0,0.5263157894736843,Chi2,R5_F1,5,1
purpose,0.42000000000000004,10.0,11.0,0.4736842105263158,Chi2,R5_F1,5,1
age,0.41666666666666663,1.0,12.0,0.42105263157894735,Chi2,R5_F1,5,1
personal_status_sex,0.3625,4.0,13.0,0.368421052631579,Chi2,R5_F1,5,1
other_debtors,0.36111111111111116,3.0,14.0,0.3157894736842105,Chi2,R5_F1,5,1
installment_rate,0.33333333333333337,1.0,15.0,0.26315789473684215,Chi2,R5_F1,5,1
number_credits,0.30000000000000004,1.0,16.0,0.21052631578947367,Chi2,R5_F1,5,1
telephone,0.27499999999999997,2.0,17.0,0.1578947368421053,Chi2,R5_F1,5,1
job,0.25,4.0,18.0,0.10526315789473684,Chi2,R5_F1,5,1
present_residence,0.16666666666666663,1.0,19.0,0.052631578947368474,Chi2,R5_F1,5,1
people_liable,0.09999999999999998,1.0,20.0,0.0,Chi2,R5_F1,5,1
installment_rate,0.9666666666666667,1.0,1.0,1.0,MI,R5_F1,5,1
number_credits,0.9333333333333333,1.0,2.0,0.9473684210526316,MI,R5_F1,5,1
amount,0.8166666666666667,1.0,3.0,0.8947368421052632,MI,R5_F1,5,1
status,0.8041666666666667,4.0,4.0,0.8421052631578947,MI,R5_F1,5,1
housing,0.7277777777777779,3.0,5.0,0.7894736842105263,MI,R5_F1,5,1
other_installment_plans,0.6944444444444445,3.0,6.0,0.736842105263158,MI,R5_F1,5,1
savings,0.6633333333333333,5.0,7.0,0.6842105263157895,MI,R5_F1,5,1
credit_history,0.6,5.0,8.0,0.631578947368421,MI,R5_F1,5,1
foreign_worker,0.5583333333333333,2.0,9.0,0.5789473684210527,MI,R5_F1,5,1
age,0.5,1.0,10.0,0.5263157894736843,MI,R5_F1,5,1
duration,0.4833333333333333,1.0,11.0,0.4736842105263158,MI,R5_F1,5,1
employment_duration,0.4533333333333333,5.0,12.0,0.42105263157894735,MI,R5_F1,5,1
property,0.44166666666666665,4.0,13.0,0.368421052631579,MI,R5_F1,5,1
present_residence,0.41666666666666663,1.0,14.0,0.3157894736842105,MI,R5_F1,5,1
purpose,0.36666666666666664,10.0,15.0,0.26315789473684215,MI,R5_F1,5,1
personal_status_sex,0.35,4.0,16.0,0.21052631578947367,MI,R5_F1,5,1
other_debtors,0.3055555555555555,3.0,17.0,0.1578947368421053,MI,R5_F1,5,1
telephone,0.2583333333333333,2.0,18.0,0.10526315789473684,MI,R5_F1,5,1
job,0.23333333333333334,4.0,19.0,0.052631578947368474,MI,R5_F1,5,1
people_liable,0.0,1.0,20.0,0.0,MI,R5_F1,5,1
status,0.7291666666666666,4.0,1.0,1.0,L1,R5_F1,5,1
amount,0.6833333333333333,1.0,2.0,0.9473684210526316,L1,R5_F1,5,1
credit_history,0.62,5.0,3.0,0.8947368421052632,L1,R5_F1,5,1
installment_rate,0.6166666666666667,1.0,4.0,0.8421052631578947,L1,R5_F1,5,1
savings,0.6133333333333333,5.0,5.0,0.7894736842105263,L1,R5_F1,5,1
duration,0.6,1.0,6.0,0.736842105263158,L1,R5_F1,5,1
age,0.5833333333333333,1.0,7.0,0.6842105263157895,L1,R5_F1,5,1
other_installment_plans,0.5611111111111111,3.0,8.0,0.631578947368421,L1,R5_F1,5,1
number_credits,0.55,1.0,9.0,0.5789473684210527,L1,R5_F1,5,1
foreign_worker,0.5416666666666667,2.0,10.0,0.5263157894736843,L1,R5_F1,5,1
other_debtors,0.5166666666666666,3.0,11.0,0.4736842105263158,L1,R5_F1,5,1
purpose,0.5016666666666667,10.0,12.0,0.42105263157894735,L1,R5_F1,5,1
employment_duration,0.47000000000000003,5.0,13.0,0.368421052631579,L1,R5_F1,5,1
present_residence,0.4666666666666667,1.0,14.5,0.2894736842105263,L1,R5_F1,5,1
property,0.4666666666666667,4.0,14.5,0.2894736842105263,L1,R5_F1,5,1
housing,0.43333333333333335,3.0,16.0,0.21052631578947367,L1,R5_F1,5,1
people_liable,0.3833333333333333,1.0,17.0,0.1578947368421053,L1,R5_F1,5,1
telephone,0.35833333333333334,2.0,18.0,0.10526315789473684,L1,R5_F1,5,1
personal_status_sex,0.2958333333333334,4.0,19.0,0.052631578947368474,L1,R5_F1,5,1
job,0.19583333333333336,4.0,20.0,0.0,L1,R5_F1,5,1
amount,1.0,1.0,1.0,1.0,RF,R5_F1,5,1
age,0.9833333333333333,1.0,2.0,0.9473684210526316,RF,R5_F1,5,1
duration,0.9666666666666667,1.0,3.0,0.8947368421052632,RF,R5_F1,5,1
installment_rate,0.9166666666666666,1.0,4.0,0.8421052631578947,RF,R5_F1,5,1
present_residence,0.9,1.0,5.0,0.7894736842105263,RF,R5_F1,5,1
number_credits,0.85,1.0,6.0,0.736842105263158,RF,R5_F1,5,1
status,0.75,4.0,7.0,0.6842105263157895,RF,R5_F1,5,1
property,0.65,4.0,8.0,0.631578947368421,RF,R5_F1,5,1
other_installment_plans,0.5777777777777778,3.0,9.0,0.5789473684210527,RF,R5_F1,5,1
telephone,0.5583333333333333,2.0,10.0,0.5263157894736843,RF,R5_F1,5,1
credit_history,0.5566666666666666,5.0,11.0,0.4736842105263158,RF,R5_F1,5,1
employment_duration,0.4966666666666667,5.0,12.0,0.42105263157894735,RF,R5_F1,5,1
job,0.44999999999999996,4.0,13.0,0.368421052631579,RF,R5_F1,5,1
personal_status_sex,0.44166666666666665,4.0,14.0,0.3157894736842105,RF,R5_F1,5,1
housing,0.43888888888888894,3.0,15.0,0.26315789473684215,RF,R5_F1,5,1
people_liable,0.43333333333333335,1.0,16.0,0.21052631578947367,RF,R5_F1,5,1
savings,0.37333333333333335,5.0,17.0,0.1578947368421053,RF,R5_F1,5,1
purpose,0.29833333333333334,10.0,18.0,0.10526315789473684,RF,R5_F1,5,1
other_debtors,0.27222222222222225,3.0,19.0,0.052631578947368474,RF,R5_F1,5,1
foreign_worker,0.09166666666666667,2.0,20.0,0.0,RF,R5_F1,5,1
status,0.80625,4.0,1.0,1.0,RFE,R5_F1,5,1
foreign_worker,0.7416666666666667,2.0,2.0,0.9473684210526316,RFE,R5_F1,5,1
credit_history,0.6616666666666667,5.0,3.0,0.8947368421052632,RFE,R5_F1,5,1
savings,0.6616666666666666,5.0,4.0,0.8421052631578947,RFE,R5_F1,5,1
amount,0.6416666666666666,1.0,5.0,0.7894736842105263,RFE,R5_F1,5,1
housing,0.6083333333333333,3.0,6.0,0.736842105263158,RFE,R5_F1,5,1
other_installment_plans,0.5750000000000001,3.0,7.0,0.6842105263157895,RFE,R5_F1,5,1
purpose,0.5516666666666666,10.0,8.0,0.631578947368421,RFE,R5_F1,5,1
duration,0.5416666666666667,1.0,9.5,0.5526315789473684,RFE,R5_F1,5,1
installment_rate,0.5416666666666667,1.0,9.5,0.5526315789473684,RFE,R5_F1,5,1
other_debtors,0.5416666666666666,3.0,11.0,0.4736842105263158,RFE,R5_F1,5,1
property,0.4916666666666667,4.0,12.0,0.42105263157894735,RFE,R5_F1,5,1
age,0.44166666666666665,1.0,13.5,0.3421052631578947,RFE,R5_F1,5,1
number_credits,0.44166666666666665,1.0,13.5,0.3421052631578947,RFE,R5_F1,5,1
employment_duration,0.32166666666666666,5.0,15.0,0.26315789473684215,RFE,R5_F1,5,1
personal_status_sex,0.26666666666666666,4.0,16.0,0.21052631578947367,RFE,R5_F1,5,1
telephone,0.24166666666666664,2.0,17.0,0.1578947368421053,RFE,R5_F1,5,1
present_residence,0.14166666666666672,1.0,18.0,0.10526315789473684,RFE,R5_F1,5,1
job,0.1416666666666667,4.0,19.0,0.052631578947368474,RFE,R5_F1,5,1
people_liable,0.04166666666666663,1.0,20.0,0.0,RFE,R5_F1,5,1
age,0.5842105263157895,,9.0,0.5789473684210527,EqualConsensus,R5_F1,5,1
amount,0.8631578947368421,,2.0,0.9473684210526316,EqualConsensus,R5_F1,5,1
credit_history,0.7473684210526316,,3.0,0.8947368421052632,EqualConsensus,R5_F1,5,1
duration,0.6789473684210527,,6.0,0.736842105263158,EqualConsensus,R5_F1,5,1
employment_duration,0.42105263157894735,,13.0,0.368421052631579,EqualConsensus,R5_F1,5,1
foreign_worker,0.5157894736842106,,11.0,0.4736842105263158,EqualConsensus,R5_F1,5,1
housing,0.5894736842105264,,8.0,0.631578947368421,EqualConsensus,R5_F1,5,1
installment_rate,0.7,,4.0,0.8421052631578947,EqualConsensus,R5_F1,5,1
job,0.11578947368421055,,19.0,0.052631578947368474,EqualConsensus,R5_F1,5,1
number_credits,0.5631578947368421,,10.0,0.5263157894736843,EqualConsensus,R5_F1,5,1
other_debtors,0.2947368421052632,,16.0,0.21052631578947367,EqualConsensus,R5_F1,5,1
other_installment_plans,0.6842105263157895,,5.0,0.7894736842105263,EqualConsensus,R5_F1,5,1
people_liable,0.0736842105263158,,20.0,0.0,EqualConsensus,R5_F1,5,1
personal_status_sex,0.23157894736842105,,17.0,0.1578947368421053,EqualConsensus,R5_F1,5,1
present_residence,0.3105263157894737,,15.0,0.26315789473684215,EqualConsensus,R5_F1,5,1
property,0.4578947368421053,,12.0,0.42105263157894735,EqualConsensus,R5_F1,5,1
purpose,0.3789473684210526,,14.0,0.3157894736842105,EqualConsensus,R5_F1,5,1
savings,0.6736842105263158,,7.0,0.6842105263157895,EqualConsensus,R5_F1,5,1
status,0.9052631578947368,,1.0,1.0,EqualConsensus,R5_F1,5,1
telephone,0.21052631578947373,,18.0,0.10526315789473684,EqualConsensus,R5_F1,5,1
housing,0.7611111111111111,3.0,1.0,1.0,Chi2,R5_F2,5,2
status,0.7458333333333333,4.0,2.0,0.9473684210526316,Chi2,R5_F2,5,2
savings,0.72,5.0,3.0,0.8947368421052632,Chi2,R5_F2,5,2
duration,0.7,1.0,4.0,0.8421052631578947,Chi2,R5_F2,5,2
credit_history,0.6566666666666666,5.0,5.0,0.7894736842105263,Chi2,R5_F2,5,2
amount,0.6,1.0,6.0,0.736842105263158,Chi2,R5_F2,5,2
other_installment_plans,0.5722222222222223,3.0,7.0,0.6842105263157895,Chi2,R5_F2,5,2
foreign_worker,0.55,2.0,8.5,0.6052631578947368,Chi2,R5_F2,5,2
property,0.55,4.0,8.5,0.6052631578947368,Chi2,R5_F2,5,2
employment_duration,0.4333333333333334,5.0,10.0,0.5263157894736843,Chi2,R5_F2,5,2
installment_rate,0.43333333333333335,1.0,11.5,0.4473684210526315,Chi2,R5_F2,5,2
personal_status_sex,0.43333333333333335,4.0,11.5,0.4473684210526315,Chi2,R5_F2,5,2
purpose,0.42333333333333334,10.0,13.0,0.368421052631579,Chi2,R5_F2,5,2
age,0.3833333333333333,1.0,14.5,0.2894736842105263,Chi2,R5_F2,5,2
other_debtors,0.3833333333333333,3.0,14.5,0.2894736842105263,Chi2,R5_F2,5,2
job,0.32499999999999996,4.0,16.0,0.21052631578947367,Chi2,R5_F2,5,2
number_credits,0.31666666666666665,1.0,17.0,0.1578947368421053,Chi2,R5_F2,5,2
telephone,0.13333333333333336,2.0,18.0,0.10526315789473684,Chi2,R5_F2,5,2
people_liable,0.033333333333333326,1.0,19.0,0.052631578947368474,Chi2,R5_F2,5,2
present_residence,0.01666666666666672,1.0,20.0,0.0,Chi2,R5_F2,5,2
duration,1.0,1.0,1.0,1.0,MI,R5_F2,5,2
amount,0.95,1.0,2.0,0.9473684210526316,MI,R5_F2,5,2
present_residence,0.8333333333333334,1.0,3.0,0.8947368421052632,MI,R5_F2,5,2
foreign_worker,0.8083333333333333,2.0,4.0,0.8421052631578947,MI,R5_F2,5,2
installment_rate,0.75,1.0,5.0,0.7894736842105263,MI,R5_F2,5,2
housing,0.7333333333333334,3.0,6.0,0.736842105263158,MI,R5_F2,5,2
status,0.7083333333333333,4.0,7.0,0.6842105263157895,MI,R5_F2,5,2
savings,0.6833333333333333,5.0,8.0,0.631578947368421,MI,R5_F2,5,2
credit_history,0.5866666666666667,5.0,9.0,0.5789473684210527,MI,R5_F2,5,2
other_installment_plans,0.5777777777777778,3.0,10.0,0.5263157894736843,MI,R5_F2,5,2
property,0.5458333333333334,4.0,11.0,0.4736842105263158,MI,R5_F2,5,2
personal_status_sex,0.39166666666666666,4.0,12.0,0.42105263157894735,MI,R5_F2,5,2
employment_duration,0.38666666666666666,5.0,13.0,0.368421052631579,MI,R5_F2,5,2
purpose,0.37333333333333335,10.0,14.0,0.3157894736842105,MI,R5_F2,5,2
other_debtors,0.33888888888888885,3.0,15.0,0.26315789473684215,MI,R5_F2,5,2
job,0.32499999999999996,4.0,16.0,0.21052631578947367,MI,R5_F2,5,2
telephone,0.22499999999999998,2.0,17.0,0.1578947368421053,MI,R5_F2,5,2
age,0.01666666666666672,1.0,19.0,0.052631578947368474,MI,R5_F2,5,2
number_credits,0.01666666666666672,1.0,19.0,0.052631578947368474,MI,R5_F2,5,2
people_liable,0.01666666666666672,1.0,19.0,0.052631578947368474,MI,R5_F2,5,2
duration,0.75,1.0,1.0,1.0,L1,R5_F2,5,2
installment_rate,0.7333333333333334,1.0,2.0,0.9473684210526316,L1,R5_F2,5,2
other_debtors,0.6416666666666666,3.0,3.0,0.8947368421052632,L1,R5_F2,5,2
savings,0.625,5.0,4.0,0.8421052631578947,L1,R5_F2,5,2
credit_history,0.605,5.0,5.0,0.7894736842105263,L1,R5_F2,5,2
foreign_worker,0.5791666666666666,2.0,6.0,0.736842105263158,L1,R5_F2,5,2
amount,0.5666666666666667,1.0,7.0,0.6842105263157895,L1,R5_F2,5,2
age,0.55,1.0,8.0,0.631578947368421,L1,R5_F2,5,2
status,0.5333333333333333,4.0,9.0,0.5789473684210527,L1,R5_F2,5,2
purpose,0.4966666666666667,10.0,10.0,0.5263157894736843,L1,R5_F2,5,2
property,0.4895833333333333,4.0,11.0,0.4736842105263158,L1,R5_F2,5,2
employment_duration,0.44666666666666666,5.0,12.0,0.42105263157894735,L1,R5_F2,5,2
people_liable,0.43333333333333335,1.0,13.0,0.368421052631579,L1,R5_F2,5,2
personal_status_sex,0.42708333333333337,4.0,14.0,0.3157894736842105,L1,R5_F2,5,2
housing,0.4138888888888889,3.0,15.0,0.26315789473684215,L1,R5_F2,5,2
other_installment_plans,0.4055555555555556,3.0,16.0,0.21052631578947367,L1,R5_F2,5,2
number_credits,0.4,1.0,17.0,0.1578947368421053,L1,R5_F2,5,2
telephone,0.3458333333333333,2.0,18.0,0.10526315789473684,L1,R5_F2,5,2
job,0.3375,4.0,19.0,0.052631578947368474,L1,R5_F2,5,2
present_residence,0.33333333333333337,1.0,20.0,0.0,L1,R5_F2,5,2
amount,1.0,1.0,1.0,1.0,RF,R5_F2,5,2
duration,0.9833333333333333,1.0,2.0,0.9473684210526316,RF,R5_F2,5,2
age,0.9666666666666667,1.0,3.0,0.8947368421052632,RF,R5_F2,5,2
installment_rate,0.9333333333333333,1.0,4.0,0.8421052631578947,RF,R5_F2,5,2
present_residence,0.9,1.0,5.0,0.7894736842105263,RF,R5_F2,5,2
number_credits,0.8333333333333334,1.0,6.0,0.736842105263158,RF,R5_F2,5,2
status,0.7416666666666667,4.0,7.0,0.6842105263157895,RF,R5_F2,5,2
property,0.6666666666666666,4.0,8.0,0.631578947368421,RF,R5_F2,5,2
telephone,0.575,2.0,9.0,0.5789473684210527,RF,R5_F2,5,2
employment_duration,0.5433333333333333,5.0,10.0,0.5263157894736843,RF,R5_F2,5,2
credit_history,0.5366666666666666,5.0,11.0,0.4736842105263158,RF,R5_F2,5,2
housing,0.48888888888888893,3.0,12.5,0.39473684210526316,RF,R5_F2,5,2
other_installment_plans,0.48888888888888893,3.0,12.5,0.39473684210526316,RF,R5_F2,5,2
personal_status_sex,0.45833333333333337,4.0,14.0,0.3157894736842105,RF,R5_F2,5,2
savings,0.4366666666666667,5.0,15.0,0.26315789473684215,RF,R5_F2,5,2
job,0.4041666666666667,4.0,16.0,0.21052631578947367,RF,R5_F2,5,2
people_liable,0.35,1.0,17.0,0.1578947368421053,RF,R5_F2,5,2
purpose,0.31,10.0,18.0,0.10526315789473684,RF,R5_F2,5,2
other_debtors,0.17777777777777773,3.0,19.0,0.052631578947368474,RF,R5_F2,5,2
foreign_worker,0.07500000000000001,2.0,20.0,0.0,RF,R5_F2,5,2
foreign_worker,0.8208333333333333,2.0,1.0,1.0,RFE,R5_F2,5,2
duration,0.7416666666666667,1.0,2.0,0.9473684210526316,RFE,R5_F2,5,2
other_debtors,0.7083333333333334,3.0,3.0,0.8947368421052632,RFE,R5_F2,5,2
credit_history,0.6816666666666666,5.0,4.5,0.8157894736842105,RFE,R5_F2,5,2
savings,0.6816666666666666,5.0,4.5,0.8157894736842105,RFE,R5_F2,5,2
housing,0.6749999999999999,3.0,6.0,0.736842105263158,RFE,R5_F2,5,2
purpose,0.5816666666666667,10.0,7.0,0.6842105263157895,RFE,R5_F2,5,2
installment_rate,0.5416666666666667,1.0,8.0,0.631578947368421,RFE,R5_F2,5,2
status,0.4916666666666667,4.0,9.0,0.5789473684210527,RFE,R5_F2,5,2
age,0.44166666666666665,1.0,10.5,0.5,RFE,R5_F2,5,2
amount,0.44166666666666665,1.0,10.5,0.5,RFE,R5_F2,5,2
property,0.4166666666666667,4.0,12.0,0.42105263157894735,RFE,R5_F2,5,2
employment_duration,0.36166666666666664,5.0,13.0,0.368421052631579,RFE,R5_F2,5,2
other_installment_plans,0.3416666666666666,3.0,14.0,0.3157894736842105,RFE,R5_F2,5,2
job,0.31666666666666665,4.0,15.5,0.23684210526315785,RFE,R5_F2,5,2
personal_status_sex,0.31666666666666665,4.0,15.5,0.23684210526315785,RFE,R5_F2,5,2
telephone,0.2916666666666667,2.0,17.0,0.1578947368421053,RFE,R5_F2,5,2
number_credits,0.14166666666666672,1.0,18.5,0.07894736842105265,RFE,R5_F2,5,2
people_liable,0.14166666666666672,1.0,18.5,0.07894736842105265,RFE,R5_F2,5,2
present_residence,0.04166666666666663,1.0,20.0,0.0,RFE,R5_F2,5,2
age,0.47368421052631576,,11.0,0.4736842105263158,EqualConsensus,R5_F2,5,2
amount,0.7736842105263159,,2.0,0.9473684210526316,EqualConsensus,R5_F2,5,2
credit_history,0.6894736842105263,,5.0,0.7894736842105263,EqualConsensus,R5_F2,5,2
duration,0.9473684210526316,,1.0,1.0,EqualConsensus,R5_F2,5,2
employment_duration,0.4421052631578948,,12.0,0.42105263157894735,EqualConsensus,R5_F2,5,2
foreign_worker,0.6368421052631579,,7.0,0.6842105263157895,EqualConsensus,R5_F2,5,2
housing,0.6263157894736843,,8.0,0.631578947368421,EqualConsensus,R5_F2,5,2
installment_rate,0.7315789473684211,,3.0,0.8947368421052632,EqualConsensus,R5_F2,5,2
job,0.18421052631578946,,19.0,0.052631578947368474,EqualConsensus,R5_F2,5,2
number_credits,0.23684210526315796,,17.0,0.1578947368421053,EqualConsensus,R5_F2,5,2
other_debtors,0.4789473684210527,,10.0,0.5263157894736843,EqualConsensus,R5_F2,5,2
other_installment_plans,0.42631578947368426,,13.0,0.368421052631579,EqualConsensus,R5_F2,5,2
people_liable,0.1421052631578948,,20.0,0.0,EqualConsensus,R5_F2,5,2
personal_status_sex,0.3473684210526316,,15.0,0.26315789473684215,EqualConsensus,R5_F2,5,2
present_residence,0.3368421052631579,,16.0,0.21052631578947367,EqualConsensus,R5_F2,5,2
property,0.5210526315789473,,9.0,0.5789473684210527,EqualConsensus,R5_F2,5,2
purpose,0.4,,14.0,0.3157894736842105,EqualConsensus,R5_F2,5,2
savings,0.6894736842105262,,6.0,0.736842105263158,EqualConsensus,R5_F2,5,2
status,0.6947368421052632,,4.0,0.8421052631578947,EqualConsensus,R5_F2,5,2
telephone,0.2210526315789474,,18.0,0.10526315789473684,EqualConsensus,R5_F2,5,2
status,0.85,4.0,1.0,1.0,Chi2,R5_F3,5,3
duration,0.7666666666666666,1.0,2.0,0.9473684210526316,Chi2,R5_F3,5,3
credit_history,0.6799999999999999,5.0,3.5,0.868421052631579,Chi2,R5_F3,5,3
savings,0.6799999999999999,5.0,3.5,0.868421052631579,Chi2,R5_F3,5,3
housing,0.6222222222222222,3.0,5.0,0.7894736842105263,Chi2,R5_F3,5,3
other_installment_plans,0.6166666666666667,3.0,6.0,0.736842105263158,Chi2,R5_F3,5,3
employment_duration,0.5366666666666667,5.0,7.0,0.6842105263157895,Chi2,R5_F3,5,3
purpose,0.505,10.0,8.0,0.631578947368421,Chi2,R5_F3,5,3
amount,0.5,1.0,9.5,0.5526315789473684,Chi2,R5_F3,5,3
personal_status_sex,0.5,4.0,9.5,0.5526315789473684,Chi2,R5_F3,5,3
foreign_worker,0.4083333333333334,2.0,11.0,0.4736842105263158,Chi2,R5_F3,5,3
property,0.4083333333333333,4.0,12.0,0.42105263157894735,Chi2,R5_F3,5,3
age,0.4,1.0,13.0,0.368421052631579,Chi2,R5_F3,5,3
telephone,0.39166666666666666,2.0,14.0,0.3157894736842105,Chi2,R5_F3,5,3
installment_rate,0.3666666666666667,1.0,15.0,0.26315789473684215,Chi2,R5_F3,5,3
other_debtors,0.2777777777777778,3.0,16.0,0.21052631578947367,Chi2,R5_F3,5,3
number_credits,0.16666666666666663,1.0,17.0,0.1578947368421053,Chi2,R5_F3,5,3
people_liable,0.1333333333333333,1.0,18.0,0.10526315789473684,Chi2,R5_F3,5,3
job,0.09166666666666667,4.0,19.0,0.052631578947368474,Chi2,R5_F3,5,3
present_residence,0.08333333333333337,1.0,20.0,0.0,Chi2,R5_F3,5,3
duration,0.9666666666666667,1.0,1.0,1.0,MI,R5_F3,5,3
amount,0.95,1.0,2.0,0.9473684210526316,MI,R5_F3,5,3
age,0.9333333333333333,1.0,3.0,0.8947368421052632,MI,R5_F3,5,3
status,0.8208333333333333,4.0,4.0,0.8421052631578947,MI,R5_F3,5,3
credit_history,0.65,5.0,5.0,0.7894736842105263,MI,R5_F3,5,3
other_installment_plans,0.6277777777777778,3.0,6.0,0.736842105263158,MI,R5_F3,5,3
savings,0.6233333333333333,5.0,7.0,0.6842105263157895,MI,R5_F3,5,3
housing,0.6166666666666667,3.0,8.0,0.631578947368421,MI,R5_F3,5,3
foreign_worker,0.5916666666666667,2.0,9.0,0.5789473684210527,MI,R5_F3,5,3
employment_duration,0.49000000000000005,5.0,10.0,0.5263157894736843,MI,R5_F3,5,3
personal_status_sex,0.4833333333333333,4.0,11.0,0.4736842105263158,MI,R5_F3,5,3
purpose,0.47000000000000003,10.0,12.0,0.42105263157894735,MI,R5_F3,5,3
telephone,0.4083333333333333,2.0,13.0,0.368421052631579,MI,R5_F3,5,3
property,0.4041666666666667,4.0,14.0,0.3157894736842105,MI,R5_F3,5,3
other_debtors,0.3055555555555555,3.0,15.0,0.26315789473684215,MI,R5_F3,5,3
job,0.1375,4.0,16.0,0.21052631578947367,MI,R5_F3,5,3
installment_rate,0.025000000000000022,1.0,18.5,0.07894736842105265,MI,R5_F3,5,3
number_credits,0.025000000000000022,1.0,18.5,0.07894736842105265,MI,R5_F3,5,3
people_liable,0.025000000000000022,1.0,18.5,0.07894736842105265,MI,R5_F3,5,3
present_residence,0.025000000000000022,1.0,18.5,0.07894736842105265,MI,R5_F3,5,3
duration,0.7,1.0,1.0,1.0,L1,R5_F3,5,3
installment_rate,0.6833333333333333,1.0,2.0,0.9473684210526316,L1,R5_F3,5,3
status,0.6791666666666667,4.0,3.0,0.8947368421052632,L1,R5_F3,5,3
amount,0.6166666666666667,1.0,4.0,0.8421052631578947,L1,R5_F3,5,3
purpose,0.6133333333333333,10.0,5.0,0.7894736842105263,L1,R5_F3,5,3
credit_history,0.5766666666666667,5.0,6.0,0.736842105263158,L1,R5_F3,5,3
savings,0.5566666666666666,5.0,7.0,0.6842105263157895,L1,R5_F3,5,3
foreign_worker,0.55,2.0,8.0,0.631578947368421,L1,R5_F3,5,3
number_credits,0.5333333333333333,1.0,9.0,0.5789473684210527,L1,R5_F3,5,3
age,0.5166666666666666,1.0,10.0,0.5263157894736843,L1,R5_F3,5,3
housing,0.45555555555555555,3.0,11.0,0.4736842105263158,L1,R5_F3,5,3
personal_status_sex,0.44999999999999996,4.0,12.0,0.42105263157894735,L1,R5_F3,5,3
other_installment_plans,0.42777777777777776,3.0,13.0,0.368421052631579,L1,R5_F3,5,3
other_debtors,0.4166666666666667,3.0,14.0,0.3157894736842105,L1,R5_F3,5,3
property,0.3958333333333333,4.0,15.0,0.26315789473684215,L1,R5_F3,5,3
telephone,0.39166666666666666,2.0,16.0,0.21052631578947367,L1,R5_F3,5,3
employment_duration,0.37,5.0,17.0,0.1578947368421053,L1,R5_F3,5,3
people_liable,0.35,1.0,18.0,0.10526315789473684,L1,R5_F3,5,3
job,0.3208333333333333,4.0,19.0,0.052631578947368474,L1,R5_F3,5,3
present_residence,0.2833333333333333,1.0,20.0,0.0,L1,R5_F3,5,3
amount,1.0,1.0,1.0,1.0,RF,R5_F3,5,3
age,0.9833333333333333,1.0,2.0,0.9473684210526316,RF,R5_F3,5,3
duration,0.9666666666666667,1.0,3.0,0.8947368421052632,RF,R5_F3,5,3
installment_rate,0.9166666666666666,1.0,4.0,0.8421052631578947,RF,R5_F3,5,3
present_residence,0.9,1.0,5.0,0.7894736842105263,RF,R5_F3,5,3
number_credits,0.8166666666666667,1.0,6.0,0.736842105263158,RF,R5_F3,5,3
status,0.7583333333333333,4.0,7.0,0.6842105263157895,RF,R5_F3,5,3
telephone,0.6416666666666666,2.0,8.0,0.631578947368421,RF,R5_F3,5,3
property,0.5833333333333334,4.0,9.0,0.5789473684210527,RF,R5_F3,5,3
other_installment_plans,0.5555555555555556,3.0,10.0,0.5263157894736843,RF,R5_F3,5,3
credit_history,0.54,5.0,11.0,0.4736842105263158,RF,R5_F3,5,3
employment_duration,0.49333333333333335,5.0,12.0,0.42105263157894735,RF,R5_F3,5,3
job,0.4916666666666667,4.0,13.0,0.368421052631579,RF,R5_F3,5,3
personal_status_sex,0.49166666666666664,4.0,14.0,0.3157894736842105,RF,R5_F3,5,3
people_liable,0.44999999999999996,1.0,15.0,0.26315789473684215,RF,R5_F3,5,3
housing,0.4333333333333333,3.0,16.0,0.21052631578947367,RF,R5_F3,5,3
savings,0.38,5.0,17.0,0.1578947368421053,RF,R5_F3,5,3
purpose,0.30166666666666664,10.0,18.0,0.10526315789473684,RF,R5_F3,5,3
other_debtors,0.22777777777777777,3.0,19.0,0.052631578947368474,RF,R5_F3,5,3
foreign_worker,0.07500000000000001,2.0,20.0,0.0,RF,R5_F3,5,3
status,0.83125,4.0,1.0,1.0,RFE,R5_F3,5,3
duration,0.7416666666666667,1.0,2.5,0.9210526315789473,RFE,R5_F3,5,3
foreign_worker,0.7416666666666667,2.0,2.5,0.9210526315789473,RFE,R5_F3,5,3
credit_history,0.6416666666666667,5.0,4.0,0.8421052631578947,RFE,R5_F3,5,3
purpose,0.6216666666666667,10.0,5.0,0.7894736842105263,RFE,R5_F3,5,3
housing,0.575,3.0,6.0,0.736842105263158,RFE,R5_F3,5,3
installment_rate,0.5416666666666667,1.0,7.5,0.6578947368421053,RFE,R5_F3,5,3
savings,0.5416666666666667,5.0,7.5,0.6578947368421053,RFE,R5_F3,5,3
other_debtors,0.5083333333333333,3.0,9.0,0.5789473684210527,RFE,R5_F3,5,3
amount,0.44166666666666665,1.0,10.5,0.5,RFE,R5_F3,5,3
number_credits,0.44166666666666665,1.0,10.5,0.5,RFE,R5_F3,5,3
property,0.41666666666666663,4.0,12.0,0.42105263157894735,RFE,R5_F3,5,3
other_installment_plans,0.4083333333333334,3.0,13.0,0.368421052631579,RFE,R5_F3,5,3
personal_status_sex,0.3666666666666667,4.0,14.0,0.3157894736842105,RFE,R5_F3,5,3
age,0.3416666666666667,1.0,15.0,0.26315789473684215,RFE,R5_F3,5,3
job,0.3166666666666667,4.0,16.0,0.21052631578947367,RFE,R5_F3,5,3
telephone,0.2916666666666667,2.0,17.0,0.1578947368421053,RFE,R5_F3,5,3
employment_duration,0.2816666666666667,5.0,18.0,0.10526315789473684,RFE,R5_F3,5,3
people_liable,0.14166666666666672,1.0,19.0,0.052631578947368474,RFE,R5_F3,5,3
present_residence,0.04166666666666663,1.0,20.0,0.0,RFE,R5_F3,5,3
age,0.6,,6.0,0.736842105263158,EqualConsensus,R5_F3,5,3
amount,0.7684210526315789,,3.0,0.8947368421052632,EqualConsensus,R5_F3,5,3
credit_history,0.7421052631578948,,4.0,0.8421052631578947,EqualConsensus,R5_F3,5,3
duration,0.9526315789473685,,1.0,1.0,EqualConsensus,R5_F3,5,3
employment_duration,0.37894736842105264,,15.0,0.26315789473684215,EqualConsensus,R5_F3,5,3
foreign_worker,0.5210526315789474,,11.0,0.4736842105263158,EqualConsensus,R5_F3,5,3
housing,0.568421052631579,,7.0,0.6842105263157895,EqualConsensus,R5_F3,5,3
installment_rate,0.5578947368421053,,8.0,0.631578947368421,EqualConsensus,R5_F3,5,3
job,0.17894736842105266,,18.0,0.10526315789473684,EqualConsensus,R5_F3,5,3
number_credits,0.41052631578947374,,13.0,0.368421052631579,EqualConsensus,R5_F3,5,3
other_debtors,0.28421052631578947,,17.0,0.1578947368421053,EqualConsensus,R5_F3,5,3
other_installment_plans,0.5473684210526317,,9.0,0.5789473684210527,EqualConsensus,R5_F3,5,3
people_liable,0.12105263157894738,,20.0,0.0,EqualConsensus,R5_F3,5,3
personal_status_sex,0.41578947368421054,,12.0,0.42105263157894735,EqualConsensus,R5_F3,5,3
present_residence,0.1736842105263158,,19.0,0.052631578947368474,EqualConsensus,R5_F3,5,3
property,0.4,,14.0,0.3157894736842105,EqualConsensus,R5_F3,5,3
purpose,0.5473684210526315,,10.0,0.5263157894736843,EqualConsensus,R5_F3,5,3
savings,0.6105263157894737,,5.0,0.7894736842105263,EqualConsensus,R5_F3,5,3
status,0.8842105263157893,,2.0,0.9473684210526316,EqualConsensus,R5_F3,5,3
telephone,0.3368421052631579,,16.0,0.21052631578947367,EqualConsensus,R5_F3,5,3
status,0.8041666666666667,4.0,1.0,1.0,Chi2,R5_F4,5,4
savings,0.6599999999999999,5.0,2.0,0.9473684210526316,Chi2,R5_F4,5,4
credit_history,0.655,5.0,3.0,0.8947368421052632,Chi2,R5_F4,5,4
duration,0.65,1.0,4.5,0.8157894736842105,Chi2,R5_F4,5,4
housing,0.65,3.0,4.5,0.8157894736842105,Chi2,R5_F4,5,4
amount,0.5166666666666666,1.0,6.0,0.736842105263158,Chi2,R5_F4,5,4
other_installment_plans,0.5111111111111111,3.0,7.0,0.6842105263157895,Chi2,R5_F4,5,4
property,0.5041666666666667,4.0,8.0,0.631578947368421,Chi2,R5_F4,5,4
employment_duration,0.49333333333333335,5.0,9.0,0.5789473684210527,Chi2,R5_F4,5,4
other_debtors,0.48888888888888893,3.0,10.0,0.5263157894736843,Chi2,R5_F4,5,4
purpose,0.48166666666666663,10.0,11.0,0.4736842105263158,Chi2,R5_F4,5,4
personal_status_sex,0.45208333333333334,4.0,12.0,0.42105263157894735,Chi2,R5_F4,5,4
foreign_worker,0.36666666666666664,2.0,13.0,0.368421052631579,Chi2,R5_F4,5,4
telephone,0.3416666666666667,2.0,14.0,0.3157894736842105,Chi2,R5_F4,5,4
installment_rate,0.33333333333333337,1.0,15.0,0.26315789473684215,Chi2,R5_F4,5,4
age,0.30000000000000004,1.0,16.0,0.21052631578947367,Chi2,R5_F4,5,4
job,0.24583333333333332,4.0,17.0,0.1578947368421053,Chi2,R5_F4,5,4
number_credits,0.21666666666666667,1.0,18.0,0.10526315789473684,Chi2,R5_F4,5,4
people_liable,0.19999999999999996,1.0,19.0,0.052631578947368474,Chi2,R5_F4,5,4
present_residence,0.033333333333333326,1.0,20.0,0.0,Chi2,R5_F4,5,4
installment_rate,0.95,1.0,1.0,1.0,MI,R5_F4,5,4
amount,0.9333333333333333,1.0,2.0,0.9473684210526316,MI,R5_F4,5,4
duration,0.8833333333333333,1.0,3.0,0.8947368421052632,MI,R5_F4,5,4
status,0.7625,4.0,4.0,0.8421052631578947,MI,R5_F4,5,4
housing,0.6611111111111111,3.0,5.0,0.7894736842105263,MI,R5_F4,5,4
credit_history,0.6383333333333333,5.0,6.0,0.736842105263158,MI,R5_F4,5,4
people_liable,0.6333333333333333,1.0,7.0,0.6842105263157895,MI,R5_F4,5,4
savings,0.63,5.0,8.0,0.631578947368421,MI,R5_F4,5,4
other_installment_plans,0.5499999999999999,3.0,9.0,0.5789473684210527,MI,R5_F4,5,4
foreign_worker,0.4916666666666667,2.0,10.0,0.5263157894736843,MI,R5_F4,5,4
property,0.47916666666666663,4.0,11.0,0.4736842105263158,MI,R5_F4,5,4
other_debtors,0.4444444444444445,3.0,12.0,0.42105263157894735,MI,R5_F4,5,4
personal_status_sex,0.44375,4.0,13.0,0.368421052631579,MI,R5_F4,5,4
purpose,0.425,10.0,14.0,0.3157894736842105,MI,R5_F4,5,4
employment_duration,0.42000000000000004,5.0,15.0,0.26315789473684215,MI,R5_F4,5,4
telephone,0.375,2.0,16.0,0.21052631578947367,MI,R5_F4,5,4
job,0.22916666666666666,4.0,17.0,0.1578947368421053,MI,R5_F4,5,4
age,0.01666666666666672,1.0,19.0,0.052631578947368474,MI,R5_F4,5,4
number_credits,0.01666666666666672,1.0,19.0,0.052631578947368474,MI,R5_F4,5,4
present_residence,0.01666666666666672,1.0,19.0,0.052631578947368474,MI,R5_F4,5,4
amount,0.7833333333333333,1.0,1.0,1.0,L1,R5_F4,5,4
installment_rate,0.75,1.0,2.0,0.9473684210526316,L1,R5_F4,5,4
status,0.7416666666666667,4.0,3.0,0.8947368421052632,L1,R5_F4,5,4
credit_history,0.6666666666666667,5.0,4.0,0.8421052631578947,L1,R5_F4,5,4
duration,0.65,1.0,5.0,0.7894736842105263,L1,R5_F4,5,4
other_debtors,0.6277777777777778,3.0,6.0,0.736842105263158,L1,R5_F4,5,4
people_liable,0.5666666666666667,1.0,7.0,0.6842105263157895,L1,R5_F4,5,4
savings,0.55,5.0,8.0,0.631578947368421,L1,R5_F4,5,4
foreign_worker,0.5416666666666666,2.0,9.0,0.5789473684210527,L1,R5_F4,5,4
purpose,0.5233333333333333,10.0,10.0,0.5263157894736843,L1,R5_F4,5,4
number_credits,0.5,1.0,11.0,0.4736842105263158,L1,R5_F4,5,4
other_installment_plans,0.4666666666666666,3.0,12.0,0.42105263157894735,L1,R5_F4,5,4
age,0.44999999999999996,1.0,13.0,0.368421052631579,L1,R5_F4,5,4
property,0.43333333333333335,4.0,14.0,0.3157894736842105,L1,R5_F4,5,4
personal_status_sex,0.4125,4.0,15.0,0.26315789473684215,L1,R5_F4,5,4
telephone,0.3833333333333333,2.0,16.0,0.21052631578947367,L1,R5_F4,5,4
employment_duration,0.3666666666666666,5.0,17.0,0.1578947368421053,L1,R5_F4,5,4
present_residence,0.35,1.0,18.0,0.10526315789473684,L1,R5_F4,5,4
housing,0.31666666666666665,3.0,19.0,0.052631578947368474,L1,R5_F4,5,4
job,0.21666666666666665,4.0,20.0,0.0,L1,R5_F4,5,4
amount,1.0,1.0,1.0,1.0,RF,R5_F4,5,4
duration,0.9833333333333333,1.0,2.0,0.9473684210526316,RF,R5_F4,5,4
age,0.9666666666666667,1.0,3.0,0.8947368421052632,RF,R5_F4,5,4
installment_rate,0.9166666666666666,1.0,4.0,0.8421052631578947,RF,R5_F4,5,4
present_residence,0.9,1.0,5.0,0.7894736842105263,RF,R5_F4,5,4
number_credits,0.85,1.0,6.0,0.736842105263158,RF,R5_F4,5,4
status,0.7166666666666667,4.0,7.0,0.6842105263157895,RF,R5_F4,5,4
telephone,0.6416666666666667,2.0,8.0,0.631578947368421,RF,R5_F4,5,4
property,0.5791666666666667,4.0,9.0,0.5789473684210527,RF,R5_F4,5,4
employment_duration,0.5166666666666667,5.0,10.0,0.5263157894736843,RF,R5_F4,5,4
credit_history,0.5166666666666666,5.0,11.0,0.4736842105263158,RF,R5_F4,5,4
personal_status_sex,0.5125,4.0,12.0,0.42105263157894735,RF,R5_F4,5,4
other_installment_plans,0.49444444444444446,3.0,13.0,0.368421052631579,RF,R5_F4,5,4
people_liable,0.4666666666666667,1.0,14.0,0.3157894736842105,RF,R5_F4,5,4
housing,0.4222222222222222,3.0,15.0,0.26315789473684215,RF,R5_F4,5,4
job,0.4125,4.0,16.0,0.21052631578947367,RF,R5_F4,5,4
savings,0.4,5.0,17.0,0.1578947368421053,RF,R5_F4,5,4
purpose,0.3383333333333333,10.0,18.0,0.10526315789473684,RF,R5_F4,5,4
other_debtors,0.2722222222222222,3.0,19.0,0.052631578947368474,RF,R5_F4,5,4
foreign_worker,0.06666666666666671,2.0,20.0,0.0,RF,R5_F4,5,4
status,0.83125,4.0,1.0,1.0,RFE,R5_F4,5,4
amount,0.7416666666666667,1.0,2.5,0.9210526315789473,RFE,R5_F4,5,4
foreign_worker,0.7416666666666667,2.0,2.5,0.9210526315789473,RFE,R5_F4,5,4
credit_history,0.6616666666666667,5.0,4.0,0.8421052631578947,RFE,R5_F4,5,4
other_debtors,0.6416666666666667,3.0,5.0,0.7894736842105263,RFE,R5_F4,5,4
installment_rate,0.6416666666666666,1.0,6.0,0.736842105263158,RFE,R5_F4,5,4
purpose,0.5716666666666667,10.0,7.0,0.6842105263157895,RFE,R5_F4,5,4
duration,0.5416666666666667,1.0,8.0,0.631578947368421,RFE,R5_F4,5,4
other_installment_plans,0.5416666666666666,3.0,9.0,0.5789473684210527,RFE,R5_F4,5,4
savings,0.5216666666666667,5.0,10.0,0.5263157894736843,RFE,R5_F4,5,4
number_credits,0.44166666666666665,1.0,11.5,0.4473684210526315,RFE,R5_F4,5,4
people_liable,0.44166666666666665,1.0,11.5,0.4473684210526315,RFE,R5_F4,5,4
personal_status_sex,0.3666666666666667,4.0,13.0,0.368421052631579,RFE,R5_F4,5,4
age,0.3416666666666667,1.0,14.5,0.2894736842105263,RFE,R5_F4,5,4
employment_duration,0.3416666666666667,5.0,14.5,0.2894736842105263,RFE,R5_F4,5,4
housing,0.3416666666666666,3.0,16.5,0.1842105263157895,RFE,R5_F4,5,4
telephone,0.3416666666666666,2.0,16.5,0.1842105263157895,RFE,R5_F4,5,4
property,0.29166666666666663,4.0,18.0,0.10526315789473684,RFE,R5_F4,5,4
job,0.2666666666666667,4.0,19.0,0.052631578947368474,RFE,R5_F4,5,4
present_residence,0.2416666666666667,1.0,20.0,0.0,RFE,R5_F4,5,4
age,0.3631578947368421,,16.0,0.21052631578947367,EqualConsensus,R5_F4,5,4
amount,0.9210526315789472,,1.0,1.0,EqualConsensus,R5_F4,5,4
credit_history,0.7578947368421053,,4.0,0.8421052631578947,EqualConsensus,R5_F4,5,4
duration,0.8157894736842106,,3.0,0.8947368421052632,EqualConsensus,R5_F4,5,4
employment_duration,0.3631578947368421,,16.0,0.21052631578947367,EqualConsensus,R5_F4,5,4
foreign_worker,0.4789473684210527,,9.0,0.5789473684210527,EqualConsensus,R5_F4,5,4
housing,0.42105263157894735,,12.0,0.42105263157894735,EqualConsensus,R5_F4,5,4
installment_rate,0.7578947368421052,,5.0,0.7894736842105263,EqualConsensus,R5_F4,5,4
job,0.11578947368421055,,20.0,0.0,EqualConsensus,R5_F4,5,4
number_credits,0.3631578947368421,,16.0,0.21052631578947367,EqualConsensus,R5_F4,5,4
other_debtors,0.5052631578947369,,8.0,0.631578947368421,EqualConsensus,R5_F4,5,4
other_installment_plans,0.5263157894736842,,7.0,0.6842105263157895,EqualConsensus,R5_F4,5,4
people_liable,0.43684210526315786,,10.0,0.5263157894736843,EqualConsensus,R5_F4,5,4
personal_status_sex,0.368421052631579,,14.0,0.3157894736842105,EqualConsensus,R5_F4,5,4
present_residence,0.18947368421052632,,19.0,0.052631578947368474,EqualConsensus,R5_F4,5,4
property,0.42105263157894735,,12.0,0.42105263157894735,EqualConsensus,R5_F4,5,4
purpose,0.42105263157894735,,12.0,0.42105263157894735,EqualConsensus,R5_F4,5,4
savings,0.5789473684210525,,6.0,0.736842105263158,EqualConsensus,R5_F4,5,4
status,0.8842105263157893,,2.0,0.9473684210526316,EqualConsensus,R5_F4,5,4
telephone,0.31052631578947365,,18.0,0.10526315789473684,EqualConsensus,R5_F4,5,4
status,0.8291666666666666,4.0,1.0,1.0,Chi2,R5_F5,5,5
duration,0.7666666666666666,1.0,2.0,0.9473684210526316,Chi2,R5_F5,5,5
housing,0.7277777777777779,3.0,3.0,0.8947368421052632,Chi2,R5_F5,5,5
credit_history,0.6333333333333333,5.0,4.0,0.8421052631578947,Chi2,R5_F5,5,5
savings,0.6233333333333333,5.0,5.0,0.7894736842105263,Chi2,R5_F5,5,5
amount,0.6166666666666667,1.0,6.0,0.736842105263158,Chi2,R5_F5,5,5
other_installment_plans,0.5555555555555556,3.0,7.0,0.6842105263157895,Chi2,R5_F5,5,5
personal_status_sex,0.5166666666666666,4.0,8.0,0.631578947368421,Chi2,R5_F5,5,5
employment_duration,0.5,5.0,9.0,0.5789473684210527,Chi2,R5_F5,5,5
property,0.48333333333333334,4.0,10.0,0.5263157894736843,Chi2,R5_F5,5,5
purpose,0.47333333333333333,10.0,11.0,0.4736842105263158,Chi2,R5_F5,5,5
foreign_worker,0.4583333333333333,2.0,12.0,0.42105263157894735,Chi2,R5_F5,5,5
other_debtors,0.35000000000000003,3.0,13.0,0.368421052631579,Chi2,R5_F5,5,5
installment_rate,0.35,1.0,14.0,0.3157894736842105,Chi2,R5_F5,5,5
number_credits,0.30000000000000004,1.0,15.0,0.26315789473684215,Chi2,R5_F5,5,5
job,0.2625,4.0,16.0,0.21052631578947367,Chi2,R5_F5,5,5
age,0.25,1.0,17.0,0.1578947368421053,Chi2,R5_F5,5,5
telephone,0.19999999999999996,2.0,18.0,0.10526315789473684,Chi2,R5_F5,5,5
people_liable,0.08333333333333337,1.0,19.0,0.052631578947368474,Chi2,R5_F5,5,5
present_residence,0.033333333333333326,1.0,20.0,0.0,Chi2,R5_F5,5,5
amount,0.95,1.0,1.0,1.0,MI,R5_F5,5,5
duration,0.9166666666666666,1.0,2.0,0.9473684210526316,MI,R5_F5,5,5
installment_rate,0.85,1.0,3.0,0.8947368421052632,MI,R5_F5,5,5
status,0.7916666666666666,4.0,4.0,0.8421052631578947,MI,R5_F5,5,5
number_credits,0.75,1.0,5.0,0.7894736842105263,MI,R5_F5,5,5
housing,0.7000000000000001,3.0,6.0,0.736842105263158,MI,R5_F5,5,5
foreign_worker,0.675,2.0,7.0,0.6842105263157895,MI,R5_F5,5,5
credit_history,0.65,5.0,8.0,0.631578947368421,MI,R5_F5,5,5
savings,0.5966666666666667,5.0,9.0,0.5789473684210527,MI,R5_F5,5,5
other_installment_plans,0.5944444444444444,3.0,10.0,0.5263157894736843,MI,R5_F5,5,5
personal_status_sex,0.475,4.0,11.0,0.4736842105263158,MI,R5_F5,5,5
property,0.4583333333333333,4.0,12.0,0.42105263157894735,MI,R5_F5,5,5
employment_duration,0.4333333333333334,5.0,13.0,0.368421052631579,MI,R5_F5,5,5
purpose,0.4083333333333333,10.0,14.0,0.3157894736842105,MI,R5_F5,5,5
other_debtors,0.31666666666666665,3.0,15.0,0.26315789473684215,MI,R5_F5,5,5
job,0.2416666666666667,4.0,16.0,0.21052631578947367,MI,R5_F5,5,5
telephone,0.22499999999999998,2.0,17.0,0.1578947368421053,MI,R5_F5,5,5
age,0.01666666666666672,1.0,19.0,0.052631578947368474,MI,R5_F5,5,5
people_liable,0.01666666666666672,1.0,19.0,0.052631578947368474,MI,R5_F5,5,5
present_residence,0.01666666666666672,1.0,19.0,0.052631578947368474,MI,R5_F5,5,5
duration,0.75,1.0,1.0,1.0,L1,R5_F5,5,5
amount,0.7333333333333334,1.0,2.0,0.9473684210526316,L1,R5_F5,5,5
status,0.7333333333333333,4.0,3.0,0.8947368421052632,L1,R5_F5,5,5
installment_rate,0.7166666666666667,1.0,4.0,0.8421052631578947,L1,R5_F5,5,5
credit_history,0.6733333333333333,5.0,5.0,0.7894736842105263,L1,R5_F5,5,5
personal_status_sex,0.6125,4.0,6.0,0.736842105263158,L1,R5_F5,5,5
foreign_worker,0.575,2.0,7.0,0.6842105263157895,L1,R5_F5,5,5
savings,0.5733333333333334,5.0,8.0,0.631578947368421,L1,R5_F5,5,5
other_debtors,0.561111111111111,3.0,9.0,0.5789473684210527,L1,R5_F5,5,5
purpose,0.46333333333333326,10.0,10.0,0.5263157894736843,L1,R5_F5,5,5
employment_duration,0.43666666666666665,5.0,11.0,0.4736842105263158,L1,R5_F5,5,5
number_credits,0.43333333333333335,1.0,12.0,0.42105263157894735,L1,R5_F5,5,5
telephone,0.4166666666666667,2.0,13.0,0.368421052631579,L1,R5_F5,5,5
age,0.4,1.0,14.0,0.3157894736842105,L1,R5_F5,5,5
other_installment_plans,0.38888888888888884,3.0,15.0,0.26315789473684215,L1,R5_F5,5,5
people_liable,0.3833333333333333,1.0,16.0,0.21052631578947367,L1,R5_F5,5,5
property,0.375,4.0,17.0,0.1578947368421053,L1,R5_F5,5,5
housing,0.3444444444444444,3.0,18.0,0.10526315789473684,L1,R5_F5,5,5
job,0.2791666666666667,4.0,19.0,0.052631578947368474,L1,R5_F5,5,5
present_residence,0.16666666666666663,1.0,20.0,0.0,L1,R5_F5,5,5
amount,1.0,1.0,1.0,1.0,RF,R5_F5,5,5
duration,0.9833333333333333,1.0,2.0,0.9473684210526316,RF,R5_F5,5,5
age,0.9666666666666667,1.0,3.0,0.8947368421052632,RF,R5_F5,5,5
installment_rate,0.9166666666666666,1.0,4.0,0.8421052631578947,RF,R5_F5,5,5
present_residence,0.9,1.0,5.0,0.7894736842105263,RF,R5_F5,5,5
number_credits,0.8333333333333334,1.0,6.0,0.736842105263158,RF,R5_F5,5,5
status,0.7583333333333333,4.0,7.0,0.6842105263157895,RF,R5_F5,5,5
property,0.5916666666666667,4.0,8.0,0.631578947368421,RF,R5_F5,5,5
credit_history,0.5733333333333334,5.0,9.0,0.5789473684210527,RF,R5_F5,5,5
telephone,0.5666666666666667,2.0,10.0,0.5263157894736843,RF,R5_F5,5,5
other_installment_plans,0.5444444444444444,3.0,11.0,0.4736842105263158,RF,R5_F5,5,5
employment_duration,0.5266666666666666,5.0,12.0,0.42105263157894735,RF,R5_F5,5,5
personal_status_sex,0.4666666666666667,4.0,13.0,0.368421052631579,RF,R5_F5,5,5
people_liable,0.44999999999999996,1.0,14.0,0.3157894736842105,RF,R5_F5,5,5
job,0.4291666666666667,4.0,15.0,0.26315789473684215,RF,R5_F5,5,5
housing,0.42777777777777776,3.0,16.0,0.21052631578947367,RF,R5_F5,5,5
savings,0.4,5.0,17.0,0.1578947368421053,RF,R5_F5,5,5
purpose,0.30333333333333334,10.0,18.0,0.10526315789473684,RF,R5_F5,5,5
other_debtors,0.2333333333333333,3.0,19.0,0.052631578947368474,RF,R5_F5,5,5
foreign_worker,0.09166666666666667,2.0,20.0,0.0,RF,R5_F5,5,5
foreign_worker,0.8416666666666667,2.0,1.0,1.0,RFE,R5_F5,5,5
status,0.7312500000000001,4.0,2.0,0.9473684210526316,RFE,R5_F5,5,5
credit_history,0.7216666666666667,5.0,3.0,0.8947368421052632,RFE,R5_F5,5,5
amount,0.6416666666666666,1.0,5.0,0.7894736842105263,RFE,R5_F5,5,5
duration,0.6416666666666666,1.0,5.0,0.7894736842105263,RFE,R5_F5,5,5
installment_rate,0.6416666666666666,1.0,5.0,0.7894736842105263,RFE,R5_F5,5,5
other_debtors,0.5750000000000001,3.0,7.0,0.6842105263157895,RFE,R5_F5,5,5
savings,0.5416666666666667,5.0,8.0,0.631578947368421,RFE,R5_F5,5,5
purpose,0.5316666666666666,10.0,9.0,0.5789473684210527,RFE,R5_F5,5,5
personal_status_sex,0.4916666666666667,4.0,10.0,0.5263157894736843,RFE,R5_F5,5,5
housing,0.4749999999999999,3.0,11.0,0.4736842105263158,RFE,R5_F5,5,5
employment_duration,0.4416666666666667,5.0,12.0,0.42105263157894735,RFE,R5_F5,5,5
property,0.3916666666666667,4.0,13.0,0.368421052631579,RFE,R5_F5,5,5
telephone,0.39166666666666666,2.0,14.0,0.3157894736842105,RFE,R5_F5,5,5
other_installment_plans,0.375,3.0,15.0,0.26315789473684215,RFE,R5_F5,5,5
age,0.2416666666666667,1.0,16.5,0.1842105263157895,RFE,R5_F5,5,5
number_credits,0.2416666666666667,1.0,16.5,0.1842105263157895,RFE,R5_F5,5,5
job,0.21666666666666665,4.0,18.0,0.10526315789473684,RFE,R5_F5,5,5
people_liable,0.14166666666666672,1.0,19.0,0.052631578947368474,RFE,R5_F5,5,5
present_residence,0.04166666666666663,1.0,20.0,0.0,RFE,R5_F5,5,5
age,0.32105263157894737,,16.0,0.21052631578947367,EqualConsensus,R5_F5,5,5
amount,0.8947368421052632,,2.0,0.9473684210526316,EqualConsensus,R5_F5,5,5
credit_history,0.7473684210526316,,4.0,0.8421052631578947,EqualConsensus,R5_F5,5,5
duration,0.9263157894736842,,1.0,1.0,EqualConsensus,R5_F5,5,5
employment_duration,0.4526315789473684,,11.0,0.4736842105263158,EqualConsensus,R5_F5,5,5
foreign_worker,0.5578947368421052,,7.0,0.6842105263157895,EqualConsensus,R5_F5,5,5
housing,0.4842105263157895,,9.0,0.5789473684210527,EqualConsensus,R5_F5,5,5
installment_rate,0.7368421052631579,,5.0,0.7894736842105263,EqualConsensus,R5_F5,5,5
job,0.16842105263157897,,18.5,0.07894736842105265,EqualConsensus,R5_F5,5,5
number_credits,0.4789473684210527,,10.0,0.5263157894736843,EqualConsensus,R5_F5,5,5
other_debtors,0.38947368421052636,,15.0,0.26315789473684215,EqualConsensus,R5_F5,5,5
other_installment_plans,0.4421052631578948,,12.0,0.42105263157894735,EqualConsensus,R5_F5,5,5
people_liable,0.13684210526315793,,20.0,0.0,EqualConsensus,R5_F5,5,5
personal_status_sex,0.5473684210526315,,8.0,0.631578947368421,EqualConsensus,R5_F5,5,5
present_residence,0.16842105263157897,,18.5,0.07894736842105265,EqualConsensus,R5_F5,5,5
property,0.42105263157894746,,13.0,0.368421052631579,EqualConsensus,R5_F5,5,5
purpose,0.4,,14.0,0.3157894736842105,EqualConsensus,R5_F5,5,5
savings,0.5578947368421053,,6.0,0.736842105263158,EqualConsensus,R5_F5,5,5
status,0.8736842105263157,,3.0,0.8947368421052632,EqualConsensus,R5_F5,5,5
telephone,0.2947368421052632,,17.0,0.1578947368421053,EqualConsensus,R5_F5,5,5
