dataset,run_id,repeat,fold,feature_regime,training_regime,ensemble_type,selected_source_features,feature_selection_runtime_seconds,lr_runtime_seconds,rf_runtime_seconds,xgb_runtime_seconds,accuracy,precision_adverse,recall_adverse,specificity,f1_adverse,balanced_accuracy,mcc,roc_auc,pr_auc,gmean,ks_statistic,tn,fp,fn,tp,cost_FN1_FP1_per100,cost_FN2_FP1_per100,cost_FN5_FP1_per100,cost_FN10_FP1_per100,reference_roc_auc,reference_pr_auc,reference_recall_adverse,reference_precision_adverse,reference_f1_adverse,reference_balanced_accuracy,reference_mcc,reference_gmean,reference_ks_statistic,reference_cost_FN2_FP1_per100,reference_cost_FN5_FP1_per100,reference_cost_FN10_FP1_per100,delta_roc_auc,delta_pr_auc,delta_recall_adverse,delta_precision_adverse,delta_f1_adverse,delta_balanced_accuracy,delta_mcc,delta_gmean,delta_ks_statistic,delta_cost_FN2_FP1_per100,delta_cost_FN5_FP1_per100,delta_cost_FN10_FP1_per100,reference_name
Australian Credit Approval,R1_F1,1,1,FrozenChi2Top75,Balanced,SoftVote,11,0.07443899998907,0.04310270003043115,0.5956629999564029,0.21413869998650625,0.8333333333333334,0.9142857142857143,0.7901234567901234,0.8947368421052632,0.847682119205298,0.8424301494476933,0.6744945610141342,0.9194282001299545,0.9491854996059536,0.8408047137128153,0.7303443794671864,51,6,17,64,16.666666666666668,28.985507246376812,65.94202898550725,127.53623188405797,0.9315572882824344,0.9483142081425484,0.8148148148148148,0.9166666666666666,0.8627450980392157,0.854775828460039,0.6994001801312533,0.8538412231252319,0.7270955165692008,26.08695652173913,58.69565217391305,113.04347826086956,-0.012129088152479928,0.0008712914634051439,-0.024691358024691357,-0.0023809523809523725,-0.015062978833917717,-0.012345679012345623,-0.024905619117119082,-0.01303650941241663,0.0032488628979856493,2.8985507246376834,7.246376811594203,14.492753623188406,AllFeatures_Balanced_XGB
Australian Credit Approval,R1_F2,1,2,FrozenChi2Top75,Balanced,SoftVote,11,0.03635700000450015,0.036704299971461296,0.5972345999907702,0.21321549999993294,0.8840579710144928,0.922077922077922,0.8765432098765432,0.8947368421052632,0.8987341772151899,0.8856400259909032,0.7646835652004254,0.9361056963396145,0.9477765973802801,0.8855933059671065,0.806367771280052,51,6,10,71,11.594202898550725,18.840579710144926,40.57971014492754,76.81159420289855,0.9378384232185402,0.9492987272455852,0.8395061728395061,0.918918918918919,0.8774193548387097,0.8671215074723846,0.7249597817163093,0.8666816612887889,0.7569850552306693,23.18840579710145,51.44927536231884,98.55072463768116,-0.0017327268789256722,-0.0015221298653050885,0.03703703703703709,0.003159003159003082,0.02131482237648019,0.0185185185185186,0.03972378348411609,0.01891164467831763,0.04938271604938271,-4.347826086956523,-10.869565217391305,-21.73913043478261,AllFeatures_Balanced_XGB
Australian Credit Approval,R1_F3,1,3,FrozenChi2Top75,Balanced,SoftVote,11,0.03892909997375682,0.03866419999394566,0.6457536999951117,0.20798579999245703,0.8840579710144928,0.9102564102564102,0.8875,0.8793103448275862,0.8987341772151899,0.883405172413793,0.7635263453909765,0.934051724137931,0.9342142620978742,0.8833956820329624,0.7935344827586207,51,7,9,71,11.594202898550725,18.115942028985508,37.68115942028985,70.28985507246377,0.9323275862068964,0.9423723558851604,0.875,0.9090909090909092,0.89171974522293,0.8771551724137931,0.7497194432170575,0.8771525247778392,0.7620689655172415,19.565217391304348,41.30434782608695,77.53623188405797,0.0017241379310346527,-0.008158093787286269,0.012499999999999956,0.0011655011655010705,0.0070144319922599285,0.006249999999999867,0.013806902173919,0.006243157255123144,0.03146551724137925,-1.44927536231884,-3.6231884057971016,-7.246376811594203,AllFeatures_Balanced_XGB
Australian Credit Approval,R1_F4,1,4,FrozenChi2Top75,Balanced,SoftVote,11,0.038479800045024604,0.03248380002332851,0.6054544000071473,0.21174030000111088,0.855072463768116,0.821917808219178,0.8955223880597015,0.8169014084507042,0.8571428571428571,0.8562118982552029,0.7133240796790038,0.9220096699600588,0.8932347246525048,0.8553090085490205,0.7456380071473617,58,13,7,60,14.492753623188406,19.565217391304348,34.78260869565217,60.14492753623188,0.9199075047298716,0.8808409271681843,0.9253731343283582,0.8051948051948052,0.8611111111111112,0.8570527643472776,0.7186520869021499,0.8543253290877888,0.7555181837292411,18.115942028985508,28.98550724637681,47.10144927536232,0.0021021652301872473,0.012393797484320457,-0.02985074626865669,0.016723003024372796,-0.003968253968254065,-0.0008408660920746769,-0.005328007223146081,0.000983679461231679,-0.00988017658187934,1.44927536231884,5.797101449275363,13.043478260869563,AllFeatures_Balanced_XGB
Australian Credit Approval,R1_F5,1,5,FrozenChi2Top75,Balanced,SoftVote,11,0.0372954000486061,0.039287100022193044,0.6220116000040434,0.20903099997667596,0.8985507246376812,0.9545454545454546,0.8513513513513513,0.953125,0.9,0.9022381756756757,0.803120872121694,0.9520692567567568,0.958538878507366,0.9008020075226058,0.8357263513513513,61,3,11,63,10.144927536231885,18.115942028985508,42.028985507246375,81.8840579710145,0.947212837837838,0.958572220076586,0.9054054054054054,0.943661971830986,0.9241379310344828,0.9214527027027026,0.8410428247619354,0.9213129585366568,0.856418918918919,13.043478260869565,28.26086956521739,53.6231884057971,0.004856418918918748,-3.3341569220080025e-05,-0.05405405405405406,0.010883482714468595,-0.024137931034482807,-0.019214527027026973,-0.03792195264024134,-0.020510951014051093,-0.020692567567567655,5.072463768115943,13.768115942028984,28.260869565217398,AllFeatures_Balanced_XGB
Australian Credit Approval,R2_F1,2,1,FrozenChi2Top75,Balanced,SoftVote,11,0.03913970000576228,0.033735300006810576,0.603899999987334,0.2091985999722965,0.8405797101449275,0.8591549295774648,0.8356164383561644,0.8461538461538461,0.8472222222222222,0.8408851422550052,0.6809098252468508,0.9106427818756586,0.9216611370875147,0.8408686361284067,0.7125395152792413,55,10,12,61,15.942028985507246,24.63768115942029,50.72463768115942,94.20289855072464,0.9017913593256058,0.8931556208387968,0.863013698630137,0.8513513513513513,0.8571428571428571,0.8468914646996839,0.694441827491691,0.8467379916799929,0.7262381454162276,22.463768115942027,44.20289855072464,80.43478260869566,0.008851422550052779,0.028505516248717888,-0.0273972602739726,0.007803578226113439,-0.009920634920634885,-0.006006322444678691,-0.013532002244840191,-0.005869355551586186,-0.013698630136986245,2.1739130434782616,6.521739130434781,13.768115942028984,AllFeatures_Balanced_XGB
Australian Credit Approval,R2_F2,2,2,FrozenChi2Top75,Balanced,SoftVote,11,0.03902510000625625,0.03756759996758774,0.6019586999900639,0.21029359998647124,0.8478260869565217,0.9342105263157895,0.8160919540229885,0.9019607843137255,0.8711656441717791,0.8590263691683571,0.6967843957280077,0.8992562542258282,0.9248015871917855,0.857952760309503,0.7363083164300204,46,5,16,71,15.217391304347826,26.81159420289855,61.594202898550726,119.56521739130434,0.914131169709263,0.9362510734184416,0.8045977011494253,0.945945945945946,0.8695652173913043,0.8630831643002028,0.7028699478477669,0.8610992968865379,0.737660581473969,27.536231884057973,64.4927536231884,126.08695652173913,-0.01487491548343478,-0.011449486226656092,0.011494252873563204,-0.011735419630156563,0.001600426780474784,-0.0040567951318457585,-0.006085552119759252,-0.0031465365770348974,-0.0013522650439485862,-0.7246376811594217,-2.89855072463768,-6.521739130434781,AllFeatures_Balanced_XGB
Australian Credit Approval,R2_F3,2,3,FrozenChi2Top75,Balanced,SoftVote,11,0.03905560000566766,0.037156499980483204,0.6043115999782458,0.2470218999660574,0.8695652173913043,0.8970588235294118,0.8472222222222222,0.8939393939393939,0.8714285714285714,0.8705808080808081,0.7405385293628164,0.9280303030303031,0.9293184325493824,0.870267384121294,0.7866161616161615,59,7,11,61,13.043478260869565,21.014492753623188,44.927536231884055,84.78260869565217,0.9337121212121212,0.9263617777804464,0.9027777777777778,0.9027777777777778,0.9027777777777778,0.8983585858585859,0.7967171717171717,0.898347716381925,0.7979797979797979,15.217391304347826,30.43478260869565,55.79710144927536,-0.005681818181818121,0.002956654768936029,-0.05555555555555558,-0.005718954248365993,-0.03134920634920635,-0.02777777777777779,-0.056178642354355324,-0.028080332260631002,-0.011363636363636354,5.797101449275361,14.492753623188406,28.985507246376812,AllFeatures_Balanced_XGB
Australian Credit Approval,R2_F4,2,4,FrozenChi2Top75,Balanced,SoftVote,11,0.03874230000656098,0.03587149997474626,0.6014374999795109,0.23078859999077395,0.8695652173913043,0.8904109589041096,0.8666666666666667,0.873015873015873,0.8783783783783784,0.8698412698412699,0.738122026257206,0.9244444444444444,0.9162742692012507,0.8698354767504926,0.7555555555555555,55,8,10,65,13.043478260869565,20.28985507246377,42.028985507246375,78.26086956521739,0.9341798941798942,0.9317438307134296,0.8933333333333333,0.881578947368421,0.8874172185430463,0.8752380952380951,0.7515107268324677,0.8750510189207745,0.7714285714285715,18.115942028985508,35.507246376811594,64.4927536231884,-0.00973544973544982,-0.015469561512178931,-0.026666666666666616,0.008832011535688578,-0.009038840164667938,-0.005396825396825289,-0.013388700575261647,-0.005215542170281973,-0.015873015873015928,2.1739130434782616,6.521739130434781,13.768115942028984,AllFeatures_Balanced_XGB
Australian Credit Approval,R2_F5,2,5,FrozenChi2Top75,Balanced,SoftVote,11,0.03534040000522509,0.028015099989715964,0.6133289999561384,0.2183406000258401,0.9130434782608695,0.9210526315789473,0.9210526315789473,0.9032258064516129,0.9210526315789473,0.9121392190152802,0.8242784380305602,0.9817487266553481,0.9864024278741753,0.9120956670998251,0.8624787775891342,56,6,6,70,8.695652173913043,13.043478260869565,26.08695652173913,47.82608695652174,0.9779286926994908,0.9819399542447872,0.9342105263157896,0.8987341772151899,0.9161290322580644,0.9025891341256368,0.8095713569330298,0.902035050648046,0.8624787775891342,13.043478260869565,23.91304347826087,42.028985507246375,0.0038200339558572827,0.0044624736293881195,-0.013157894736842257,0.022318454363757456,0.004923599320882932,0.009550084889643373,0.014707081097530383,0.010060616451779136,0.0,0.0,2.173913043478258,5.797101449275367,AllFeatures_Balanced_XGB
Australian Credit Approval,R3_F1,3,1,FrozenChi2Top75,Balanced,SoftVote,11,0.03959310002392158,0.0347745000035502,0.6050195999559946,0.20957730000372976,0.8260869565217391,0.8529411764705882,0.8055555555555556,0.8484848484848485,0.8285714285714286,0.827020202020202,0.6534905591310713,0.9126683501683501,0.9270485232449476,0.826741606248097,0.6994949494949495,56,10,14,58,17.391304347826086,27.536231884057973,57.971014492753625,108.69565217391305,0.9116161616161615,0.919713202908228,0.8472222222222222,0.8026315789473685,0.8243243243243243,0.8099747474747474,0.6225752987168809,0.809117863584606,0.7159090909090908,26.81159420289855,50.72463768115942,90.57971014492752,0.001052188552188582,0.007335320336719575,-0.04166666666666663,0.05030959752321973,0.004247104247104283,0.017045454545454586,0.03091526041419046,0.017623742663490982,-0.016414141414141326,0.7246376811594217,7.246376811594203,18.11594202898553,AllFeatures_Balanced_XGB
Australian Credit Approval,R3_F2,3,2,FrozenChi2Top75,Balanced,SoftVote,11,0.03864139999495819,0.03833449998637661,0.6128931000130251,0.21408860001247376,0.8623188405797102,0.9014084507042254,0.8421052631578947,0.8870967741935484,0.8707482993197279,0.8646010186757216,0.7257448096720611,0.9180814940577249,0.9150278353412443,0.8643083144797217,0.7453310696095076,55,7,12,64,13.768115942028986,22.463768115942027,48.55072463768116,92.02898550724638,0.9325127334465196,0.9404071893178632,0.881578947368421,0.8933333333333333,0.8874172185430463,0.8762733446519524,0.7515107268324677,0.8762572824960341,0.765704584040747,18.84057971014493,38.40579710144928,71.01449275362319,-0.014431239388794759,-0.025379353976618835,-0.03947368421052633,0.00807511737089206,-0.01666891922331848,-0.011672325976230802,-0.02576591716040655,-0.0119489680163124,-0.02037351443123947,3.623188405797098,10.144927536231876,21.014492753623188,AllFeatures_Balanced_XGB
Australian Credit Approval,R3_F3,3,3,FrozenChi2Top75,Balanced,SoftVote,11,0.04098389996215701,0.03830339998239651,0.6099263000069186,0.21035379997920245,0.8695652173913043,0.881578947368421,0.881578947368421,0.8548387096774194,0.881578947368421,0.8682088285229201,0.7364176570458404,0.9514006791171477,0.9672400062697093,0.8681058747913175,0.7716468590831919,53,9,9,67,13.043478260869565,19.565217391304348,39.130434782608695,71.73913043478261,0.9613752122241086,0.9735801121342216,0.8947368421052632,0.9066666666666666,0.9006622516556292,0.8909168081494058,0.7807573371829698,0.8909086184248647,0.7920203735144312,16.666666666666668,34.05797101449275,63.04347826086956,-0.009974533106960948,-0.00634010586451228,-0.013157894736842146,-0.025087719298245603,-0.01908330428720817,-0.02270797962648563,-0.04433968013712941,-0.022802743633547173,-0.02037351443123936,2.89855072463768,5.072463768115945,8.695652173913047,AllFeatures_Balanced_XGB
Australian Credit Approval,R3_F4,3,4,FrozenChi2Top75,Balanced,SoftVote,11,0.038679299992509186,0.03142020001541823,0.5994976999936625,0.21087020001141354,0.8913043478260869,0.8933333333333333,0.9054054054054054,0.875,0.8993288590604027,0.8902027027027026,0.7813132857250352,0.9353885135135135,0.9439048198838522,0.8900728788867402,0.8158783783783784,56,8,7,67,10.869565217391305,15.942028985507246,31.159420289855074,56.52173913043478,0.9286317567567568,0.9016660108671208,0.8783783783783784,0.8904109589041096,0.8843537414965986,0.8766891891891893,0.7526635602947612,0.8766875618377856,0.8053209459459459,18.84057971014493,38.40579710144928,71.01449275362319,0.006756756756756688,0.04223880901673138,0.027027027027026973,0.0029223744292237175,0.014975117563804097,0.013513513513513375,0.028649725430273998,0.013385317048954626,0.010557432432432456,-2.8985507246376834,-7.246376811594207,-14.492753623188406,AllFeatures_Balanced_XGB
Australian Credit Approval,R3_F5,3,5,FrozenChi2Top75,Balanced,SoftVote,11,0.038285199960228056,0.045434299972839653,0.6058470999705605,0.21083070000167936,0.855072463768116,0.9113924050632911,0.8470588235294118,0.8679245283018868,0.8780487804878049,0.8574916759156492,0.7029165611684973,0.9405105438401775,0.9532197915661125,0.8574282068230062,0.7786903440621532,46,7,13,72,14.492753623188406,23.91304347826087,52.17391304347826,99.27536231884058,0.925416204217536,0.922842384578042,0.9058823529411764,0.9058823529411764,0.9058823529411764,0.8774694783573807,0.7549389567147614,0.8770093465902512,0.7784683684794673,17.391304347826086,34.78260869565217,63.76811594202898,0.015094339622641506,0.030377406988070454,-0.05882352941176461,0.00551005212211475,-0.02783357245337148,-0.019977802441731418,-0.05202239554626409,-0.01958113976724496,0.0002219755826858849,6.521739130434785,17.391304347826086,35.5072463768116,AllFeatures_Balanced_XGB
Australian Credit Approval,R4_F1,4,1,FrozenChi2Top75,Balanced,SoftVote,11,0.03848799999104813,0.03152560000307858,0.6052254000096582,0.20753210003022105,0.8623188405797102,0.8873239436619719,0.8513513513513513,0.875,0.8689655172413793,0.8631756756756757,0.7247463219391427,0.9353885135135136,0.9360190652058926,0.8630946833531258,0.7753378378378378,56,8,11,63,13.768115942028986,21.73913043478261,45.65217391304348,85.5072463768116,0.9292652027027026,0.9316984323377122,0.8513513513513513,0.875,0.863013698630137,0.8553631756756757,0.7095288334807407,0.8553537674948112,0.7263513513513513,22.463768115942027,46.3768115942029,86.23188405797102,0.006123310810810967,0.004320632868180407,0.0,0.01232394366197187,0.005951818611242277,0.0078125,0.015217488458401984,0.007740915858314601,0.048986486486486513,-0.7246376811594182,-0.7246376811594217,-0.7246376811594217,AllFeatures_Balanced_XGB
Australian Credit Approval,R4_F2,4,2,FrozenChi2Top75,Balanced,SoftVote,11,0.03909220005152747,0.03515279997373,0.603951999975834,0.21190890000434592,0.8188405797101449,0.875,0.7671232876712328,0.8769230769230769,0.8175182481751825,0.8220231822971549,0.644658026978921,0.9140147523709167,0.9319164366691512,0.8201878527532606,0.7072708113804005,57,8,17,56,18.115942028985508,30.434782608695652,67.3913043478261,128.9855072463768,0.9192834562697576,0.9262045450771994,0.7945205479452054,0.8529411764705882,0.8226950354609929,0.8203371970495258,0.6396641316138837,0.819930861409727,0.6868282402528978,28.98550724637681,61.594202898550726,115.94202898550724,-0.005268703898840932,0.005711891591951845,-0.0273972602739726,0.022058823529411797,-0.005176787285810391,0.0016859852476290849,0.00499389536503736,0.00025699134353351916,0.020442571127502696,1.4492753623188435,5.797101449275367,13.043478260869577,AllFeatures_Balanced_XGB
Australian Credit Approval,R4_F3,4,3,FrozenChi2Top75,Balanced,SoftVote,11,0.03829480003332719,0.02733399998396635,0.6218421999947168,0.21059760003117844,0.8695652173913043,0.8955223880597015,0.8450704225352113,0.8955223880597015,0.8695652173913043,0.8702964052974564,0.7405928105949128,0.9194870716838344,0.8982153267591431,0.8699307345227857,0.7687618246794198,60,7,11,60,13.043478260869565,21.014492753623188,44.927536231884055,84.78260869565217,0.937775909186462,0.9177013691318237,0.8732394366197183,0.8985507246376812,0.8857142857142857,0.88438091233971,0.7684388154951274,0.8843107291159588,0.8250998528484339,18.115942028985508,37.68115942028985,70.28985507246377,-0.018288837502627664,-0.01948604237268059,-0.028169014084507005,-0.003028336577979629,-0.016149068322981353,-0.014084507042253502,-0.027846004900214605,-0.014379994593173073,-0.05633802816901412,2.89855072463768,7.246376811594203,14.492753623188406,AllFeatures_Balanced_XGB
Australian Credit Approval,R4_F4,4,4,FrozenChi2Top75,Balanced,SoftVote,11,0.037529799970798194,0.03281760000390932,0.6661127000115812,0.21191740001086146,0.8768115942028986,0.9294117647058824,0.8777777777777778,0.875,0.9028571428571428,0.8763888888888889,0.7371591589346116,0.9446759259259259,0.9743329005422932,0.8763877883423271,0.8138888888888889,42,6,11,79,12.318840579710145,20.28985507246377,44.20289855072464,84.05797101449275,0.9277777777777778,0.9520562898811218,0.8888888888888888,0.9411764705882352,0.9142857142857144,0.8923611111111112,0.7684408206606191,0.8923543557893895,0.7958333333333334,18.115942028985508,39.85507246376812,76.08695652173913,0.01689814814814805,0.02227661066117137,-0.011111111111111072,-0.011764705882352788,-0.011428571428571566,-0.015972222222222276,-0.03128166172600755,-0.015966567447062374,0.01805555555555549,2.1739130434782616,4.347826086956523,7.971014492753625,AllFeatures_Balanced_XGB
Australian Credit Approval,R4_F5,4,5,FrozenChi2Top75,Balanced,SoftVote,11,0.039567200001329184,0.03590680001070723,0.6085937999887392,0.21261959994444624,0.9130434782608695,0.9315068493150684,0.9066666666666666,0.9206349206349206,0.918918918918919,0.9136507936507936,0.825556223358918,0.9451851851851851,0.9398944422223259,0.9136240992382998,0.8673015873015872,58,5,7,68,8.695652173913043,13.768115942028986,28.985507246376812,54.34782608695652,0.939047619047619,0.9303117882371398,0.96,0.9230769230769232,0.9411764705882352,0.9323809523809524,0.8689094676683313,0.931971796017148,0.8647619047619047,8.695652173913043,15.217391304347826,26.08695652173913,0.006137566137566108,0.009582653985186096,-0.053333333333333344,0.008429926238145202,-0.0222575516693162,-0.01873015873015882,-0.04335324430941334,-0.018347696778848177,0.0025396825396825085,5.072463768115943,13.768115942028986,28.260869565217394,AllFeatures_Balanced_XGB
Australian Credit Approval,R5_F1,5,1,FrozenChi2Top75,Balanced,SoftVote,11,0.037390499957837164,0.02476189995650202,0.6094199000508524,0.21015399997122586,0.8333333333333334,0.8513513513513513,0.84,0.8253968253968254,0.8456375838926175,0.8326984126984127,0.6646236391557118,0.9316402116402116,0.950574465316831,0.8326663997864531,0.7257142857142858,52,11,12,63,16.666666666666668,25.36231884057971,51.44927536231884,94.92753623188406,0.9417989417989416,0.9587356594562988,0.8666666666666667,0.8552631578947368,0.8609271523178808,0.846031746031746,0.6930175061314634,0.845780063222062,0.7580952380952382,22.463768115942027,44.20289855072464,80.43478260869566,-0.010158730158730034,-0.008161194139467809,-0.026666666666666727,-0.003911806543385521,-0.0152895684252633,-0.013333333333333308,-0.028393866975751636,-0.013113663435608935,-0.0323809523809524,2.8985507246376834,7.246376811594203,14.492753623188406,AllFeatures_Balanced_XGB
Australian Credit Approval,R5_F2,5,2,FrozenChi2Top75,Balanced,SoftVote,11,0.03924760001245886,0.03652279998641461,0.6163283999776468,0.20868979999795556,0.8695652173913043,0.9066666666666666,0.8607594936708861,0.8813559322033898,0.8831168831168831,0.871057712937138,0.7370723235746327,0.9156833297575627,0.9272774075412258,0.8709968346367406,0.7590645784166488,52,7,11,68,13.043478260869565,21.014492753623188,44.927536231884055,84.78260869565217,0.9330615747693628,0.941242964624476,0.8734177215189873,0.8846153846153846,0.8789808917197452,0.8604376743188157,0.7194105450681291,0.8603397641408037,0.7545591074876636,21.014492753623188,42.7536231884058,78.98550724637681,-0.017378245011800075,-0.013965557083250202,-0.012658227848101222,0.02205128205128204,0.004135991397137828,0.01062003861832228,0.017661778506503634,0.010657070495936893,0.0045054709289851225,0.0,2.173913043478258,5.79710144927536,AllFeatures_Balanced_XGB
Australian Credit Approval,R5_F3,5,3,FrozenChi2Top75,Balanced,SoftVote,11,0.039451399992685765,0.04336609999882057,0.6133763000252657,0.21063549997052178,0.8985507246376812,0.9154929577464789,0.8904109589041096,0.9076923076923077,0.9027777777777778,0.8990516332982086,0.797095983990672,0.9498419388830347,0.9487942025157913,0.8990101101112221,0.8134878819810327,59,6,8,65,10.144927536231885,15.942028985507246,33.333333333333336,62.31884057971015,0.940990516332982,0.9307109225572012,0.8904109589041096,0.9027777777777778,0.896551724137931,0.8913593256059009,0.7821419414278569,0.8913588210957502,0.8014752370916755,16.666666666666668,34.05797101449275,63.04347826086956,0.008851422550052668,0.01808327995859005,0.0,0.012715179968701085,0.00622605363984674,0.007692307692307665,0.014954042562815184,0.007651289015471963,0.012012644889357271,-0.7246376811594217,-0.7246376811594146,-0.7246376811594146,AllFeatures_Balanced_XGB
Australian Credit Approval,R5_F4,5,4,FrozenChi2Top75,Balanced,SoftVote,11,0.03706989996135235,0.03470509999897331,0.6109733000048436,0.2071144999936223,0.8985507246376812,0.9230769230769231,0.9,0.896551724137931,0.9113924050632911,0.8982758620689655,0.7931403520418913,0.9437499999999999,0.9586518963581967,0.8982742074245136,0.8137931034482759,52,6,8,72,10.144927536231885,15.942028985507246,33.333333333333336,62.31884057971015,0.9213362068965518,0.9352990983477724,0.9,0.9113924050632912,0.9056603773584906,0.8896551724137931,0.7775527828800183,0.8895950260342217,0.7965517241379311,16.666666666666668,34.05797101449275,63.04347826086956,0.022413793103448043,0.023352798010424336,0.0,0.011684518013631906,0.005732027704800524,0.008620689655172376,0.015587569161872983,0.00867918139029189,0.017241379310344862,-0.7246376811594217,-0.7246376811594146,-0.7246376811594146,AllFeatures_Balanced_XGB
Australian Credit Approval,R5_F5,5,5,FrozenChi2Top75,Balanced,SoftVote,11,0.039143399975728244,0.03701679996447638,0.6043235000106506,0.21374760003527626,0.8478260869565217,0.9104477611940298,0.8026315789473685,0.9032258064516129,0.8531468531468531,0.8529286926994907,0.7025108373018846,0.9250848896434635,0.9197564748923204,0.8514443934739768,0.7699490662139219,56,6,15,61,15.217391304347826,26.08695652173913,58.69565217391305,113.04347826086956,0.9259337860780984,0.8958370226900417,0.881578947368421,0.9178082191780822,0.8993288590604027,0.8924023769100169,0.7820709557963443,0.8923367389543064,0.8213073005093379,17.391304347826086,36.95652173913044,69.56521739130434,-0.000848896434634927,0.023919452202278646,-0.07894736842105254,-0.007360457984052382,-0.046182005913549595,-0.039473684210526216,-0.07956011849445976,-0.040892345480329606,-0.05135823429541597,8.695652173913043,21.73913043478261,43.47826086956522,AllFeatures_Balanced_XGB
Taiwan Credit Card Default,R1_F1,1,1,FrozenChi2Top75,Balanced,SoftVote,18,0.10133780003525317,0.12629859999287874,3.9009108999744058,0.6784715999965556,0.8116352725454242,0.575197889182058,0.5026902382782475,0.8971902937420179,0.5365053322395406,0.6999402660101327,0.4204726056063696,0.784021869413743,0.5553924978590703,0.671571889332859,0.42467627318802803,4215,483,647,654,18.836472745457577,29.6216036006001,61.97699616602767,115.90265044174029,0.7919316738704125,0.5670629273226743,0.6249039200614912,0.4746059544658494,0.5394824153948241,0.7166665194177189,0.3953777194902531,0.7107675607494309,0.4420832257597963,31.271878646441078,55.6759459909985,96.34939156526087,-0.007909804456669556,-0.01167042946360397,-0.12221368178324366,0.10059193471620864,-0.0029770831552835553,-0.016726253407586156,0.025094886116116544,-0.039195671416571876,-0.017406952571768275,-1.6502750458409778,6.301050175029168,19.55325887647942,AllFeatures_Balanced_XGB
Taiwan Credit Card Default,R1_F2,1,2,FrozenChi2Top75,Balanced,SoftVote,18,0.0921416999772191,0.12122179998550564,3.9735044999979436,0.6852118999813683,0.8062364515591129,0.575993091537133,0.49850523168908817,0.8946125778063962,0.5344551282051282,0.6965589047477422,0.41463412316806814,0.7741464917861535,0.5545887351970623,0.6678091421741319,0.41635313107279703,4168,491,671,667,19.376354844088713,30.56528264132066,64.13206603301651,120.07670501917626,0.7761553173037959,0.549147981287746,0.6031390134529148,0.4705539358600583,0.5286603340976089,0.7041237029058951,0.3761338782898075,0.6968445174427322,0.4161187614116849,32.84975821243955,59.41303985325996,103.68517592129398,-0.0020088255176424763,0.005440753909316309,-0.1046337817638266,0.10543915567707468,0.005794794107519263,-0.007564798158152919,0.03850024487826065,-0.02903537526860034,0.00023436966111212154,-2.284475571118893,4.719026179756554,16.391529097882284,AllFeatures_Balanced_XGB
Taiwan Credit Card Default,R1_F3,1,3,FrozenChi2Top75,Balanced,SoftVote,18,0.09329180000349879,0.12147910002386197,4.085331699985545,0.7221036999835633,0.8027324225258248,0.5515202702702703,0.5,0.8869250425894378,0.5244979919678715,0.693462521294719,0.40119288524060703,0.7753743859424853,0.5354391469451536,0.6659298170939029,0.42229123348925546,4165,531,653,653,19.726757747417526,30.60646451182939,63.24558480506498,117.64411862712429,0.7816716550007696,0.5414232987700974,0.6271056661562021,0.4634974533106961,0.5330296127562643,0.7126158654460738,0.3849606285135471,0.7074668737848177,0.4350501290075161,32.02265911362879,56.36454515161613,96.93435521492836,-0.006297269058284316,-0.005984151824943829,-0.1271056661562021,0.0880228169595742,-0.008531620788392758,-0.019153344151354834,0.016232256727059913,-0.041537056690914786,-0.012758895518260649,-1.4161946017994005,6.881039653448852,20.709763412195926,AllFeatures_Balanced_XGB
Taiwan Credit Card Default,R1_F4,1,4,FrozenChi2Top75,Balanced,SoftVote,18,0.10321540001314133,0.12575780000770465,4.2712968999985605,0.7110904000001028,0.8098333333333333,0.5791245791245792,0.5176824680210684,0.8929565403553843,0.5466825586015097,0.7053195041882263,0.42791410000838875,0.7744813385957798,0.5785209743096404,0.6799028942773594,0.4356485166386131,4171,500,641,688,19.016666666666666,29.7,61.75,115.16666666666667,0.7805959445268414,0.5758950113082427,0.6290443942814146,0.468609865470852,0.5371024734982333,0.7130449973976116,0.3870980953524675,0.7080798450668364,0.4329059810472668,32.233333333333334,56.88333333333333,97.96666666666668,-0.006114605931061612,0.002625963001397724,-0.11136192626034613,0.11051471365372717,0.009580085103276459,-0.007725493209385315,0.04081600465592128,-0.028176950789477018,0.0027425355913462957,-2.533333333333335,4.866666666666667,17.19999999999999,AllFeatures_Balanced_XGB
Taiwan Credit Card Default,R1_F5,1,5,FrozenChi2Top75,Balanced,SoftVote,18,0.10400010005105287,0.12378610001178458,4.3216519999550655,0.717356099979952,0.80973008997001,0.5932203389830508,0.5139500734214391,0.896551724137931,0.5507474429583006,0.705250898779685,0.4326214021941957,0.7815474042989519,0.567036393365205,0.6788098588314754,0.4353549546812497,4160,480,662,700,19.026991002999,30.056647784071977,63.1456181272909,118.29390203265578,0.7861871170692187,0.5734194841757648,0.6541850220264317,0.4764705882352941,0.5513613861386139,0.7215968213580435,0.4008114379644229,0.7184411053836679,0.4469305407868753,32.005998000666445,55.54815061646118,94.78507164278574,-0.004639712770266868,-0.006383090810559877,-0.14023494860499264,0.11674975074775673,-0.00061394318031327,-0.01634592257835843,0.03180996422977278,-0.03963124655219252,-0.01157558610562559,-1.9493502165944676,7.597467510829723,23.50883038987004,AllFeatures_Balanced_XGB
Taiwan Credit Card Default,R2_F1,2,1,FrozenChi2Top75,Balanced,SoftVote,18,0.1024609999731183,0.13257150002755225,4.218110900023021,0.7211239000316709,0.8091743119266055,0.5723905723905723,0.5167173252279635,0.8914297926907458,0.5431309904153354,0.7040735589593548,0.4238146061699245,0.7795557626360035,0.5520579114128444,0.6786878650069413,0.4346694569475852,4171,508,636,680,19.08256880733945,29.691409507923268,61.517931609674726,114.56213511259382,0.7865841102098168,0.5503673677292771,0.6314589665653495,0.4762177650429799,0.5429598170532506,0.718059040880452,0.3973894926399632,0.7128177981214928,0.4434787847921678,31.426188490408677,55.696413678065056,96.14678899082568,-0.0070283475738133205,0.0016905436835673582,-0.11474164133738596,0.09617280734759243,0.00017117336208483103,-0.013985481921097276,0.026425113529961297,-0.03412993311455148,-0.008809327844582604,-1.734778982485409,5.8215179316096695,18.41534612176814,AllFeatures_Balanced_XGB
Taiwan Credit Card Default,R2_F2,2,2,FrozenChi2Top75,Balanced,SoftVote,18,0.10195240000030026,0.12744059995748103,4.325380900001619,0.7172730999882333,0.8145309115147475,0.5836177474402731,0.5225362872421696,0.8959931798806479,0.5513905683192262,0.7092647335614087,0.43599595185612056,0.7896726349223716,0.5893866525884842,0.6842433409315279,0.4364212087997254,4204,488,625,684,18.546908848525245,28.961839693384437,60.206632227962004,112.28128645225796,0.7953897439003502,0.5897200379178963,0.6409472880061116,0.4716132658797077,0.5433937823834197,0.7203031410192535,0.3984303577538608,0.7159184754947726,0.4482207902924015,31.328111981336445,54.82419596733877,93.98433594400932,-0.005717108977978613,-0.00033338532941207255,-0.11841100076394195,0.11200448156056536,0.007996785935806439,-0.01103840745784479,0.037565594102259736,-0.03167513456324467,-0.011799581492676126,-2.3662722879520075,5.382436260623237,18.296950508248642,AllFeatures_Balanced_XGB
Taiwan Credit Card Default,R2_F3,2,3,FrozenChi2Top75,Balanced,SoftVote,18,0.10255490004783496,0.1298895999789238,4.240484000009019,0.8450784000451677,0.8055648117294235,0.5671514114627887,0.5007552870090635,0.8918341171440787,0.5318892900120337,0.6962947020765711,0.41105224274833707,0.7724540466463191,0.5375409233613515,0.668274381743725,0.4116223784533633,4172,506,661,663,19.44351882705765,30.45651449516828,63.495501499500165,118.56047984005332,0.7796049742382225,0.5407087910160331,0.6216012084592145,0.4567147613762486,0.5265515035188739,0.7061618697276834,0.3730013491895574,0.7010806521529009,0.4218702572561155,33.005664778407194,58.04731756081306,99.7834055314895,-0.007150927591903389,-0.0031678676546815776,-0.12084592145015105,0.11043665008654008,0.005337786493159746,-0.009867167651112285,0.038050893558779664,-0.03280627040917594,-0.010247878802752186,-2.549150283238916,5.448183938687102,18.77707430856381,AllFeatures_Balanced_XGB
Taiwan Credit Card Default,R2_F4,2,4,FrozenChi2Top75,Balanced,SoftVote,18,0.10279440000886098,0.1278930000262335,4.288497200002894,0.7074161000200547,0.8102615358987173,0.5888795282224094,0.5177777777777778,0.8951214270363207,0.551044540796216,0.7064496024070492,0.43282153248338484,0.7758181499789064,0.5629812429840122,0.6807892356171177,0.43172147001934236,4165,488,651,699,18.97384641012827,29.818424121272695,62.35215725470598,116.57504581042812,0.7786407017376283,0.5663089606667343,0.6229629629629629,0.4659279778393352,0.533122028526149,0.7078923991689949,0.3785665150723915,0.7027792254093466,0.4236377964037539,33.0168249208729,58.45410628019324,100.8495752123938,-0.002822551758721925,-0.003327717682722109,-0.10518518518518516,0.1229515503830742,0.017922512270067026,-0.0014427967619456972,0.05425501741099337,-0.02198998979222888,0.008083673615588483,-3.198400799600204,3.898050974512742,15.72547059803432,AllFeatures_Balanced_XGB
Taiwan Credit Card Default,R2_F5,2,5,FrozenChi2Top75,Balanced,SoftVote,18,0.10258990002330393,0.12085659999866039,4.19510159996571,0.7237815000116825,0.8011335222537089,0.5614334470989761,0.49214659685863876,0.8897468897468898,0.5245117576723795,0.6909467433027643,0.40085899590111196,0.7667795480061748,0.5448342972606866,0.6617294793603277,0.4197353673793464,4148,514,679,658,19.886647774629104,31.205200866811136,65.16086014335723,121.75362560426738,0.7744321680372541,0.5508010232574176,0.6185489902767389,0.4805345729227193,0.540876389797253,0.7133928992567735,0.3926910223429816,0.7070601541873025,0.4303368439494093,31.90531755292549,57.4095682613769,99.91665277546258,-0.00765262003107936,-0.005966725996731093,-0.12640239341810017,0.08089887417625685,-0.0163646321248736,-0.022446155954009228,0.00816797355813037,-0.04533067482697484,-0.010601476570062884,-0.7001166861143524,7.751291881980329,21.836972828804804,AllFeatures_Balanced_XGB
Taiwan Credit Card Default,R3_F1,3,1,FrozenChi2Top75,Balanced,SoftVote,18,0.10328300000401214,0.12645589996827766,4.212325400032569,0.7218574000289664,0.7996332722120353,0.562012142237641,0.4817843866171004,0.8914911903738719,0.5188150520416333,0.6866377884954862,0.39509137461609795,0.7627394111153535,0.5346119128198248,0.655367481897618,0.4041676584718266,4149,505,697,648,20.036672778796465,31.65527587931322,66.51108518086347,124.60410068344724,0.7681348578110847,0.5411630909538454,0.6066914498141264,0.4636363636363636,0.5256038647342995,0.7019275899693751,0.3699235218074256,0.69543685491103,0.4107212407123105,33.37222870478413,59.82663777296216,103.91731955325888,-0.005395446695731221,-0.006551178134020619,-0.12490706319702599,0.09837577860127733,-0.006788812692666291,-0.01528980147388892,0.025167852808672342,-0.04006937301341207,-0.006553582240483857,-1.7169528254709086,6.684447407901317,20.686781130188365,AllFeatures_Balanced_XGB
Taiwan Credit Card Default,R3_F2,3,2,FrozenChi2Top75,Balanced,SoftVote,18,0.10563359997468069,0.12188769999193028,4.386351399996784,0.754386099986732,0.8080639786737754,0.5654362416107382,0.5152905198776758,0.8896463570515551,0.5392,0.7024684384646155,0.4190367162550604,0.7831624143776492,0.5646476679974118,0.6770718823229748,0.43739844866698196,4176,518,634,674,19.19360213262246,29.75674775074975,61.44618460513162,114.26191269576807,0.7885630396797786,0.5611048779232797,0.6460244648318043,0.4594888526373029,0.5370193835398792,0.717132385803205,0.3888982103097173,0.7135982919983217,0.4391180620976221,31.9893368877041,55.13162279240253,93.70209930023326,-0.005400625302129369,0.0035427900741321627,-0.1307339449541285,0.10594738897343536,0.002180616460120799,-0.014663947338589556,0.03013850594534312,-0.03652640967534693,-0.0017196134306401434,-2.232589136954349,6.314561812729089,20.559813395534817,AllFeatures_Balanced_XGB
Taiwan Credit Card Default,R3_F3,3,3,FrozenChi2Top75,Balanced,SoftVote,18,0.10514160001184791,0.1288529000012204,4.277808899991214,0.7207858999609016,0.8114685780963494,0.5807531380753138,0.5241691842900302,0.8928342245989305,0.5510123064708218,0.7085017044444804,0.43300105387292315,0.775162770408905,0.571979835627741,0.6841024683585369,0.4295857634457243,4174,501,630,694,18.853142190365062,29.354892482080345,60.86014335722621,113.36889481580263,0.7821959061020728,0.5746052723661015,0.629154078549849,0.4798387096774194,0.5444444444444444,0.7179994991679726,0.3987381273834773,0.7124814187336033,0.4383046028078905,31.421903650608435,55.97599599933322,96.89948324720788,-0.007033135693167769,-0.002625436738360465,-0.10498489425981872,0.10091442839789444,0.00656786202637738,-0.009497794723492214,0.034262926489445844,-0.028378950375066325,-0.00871883936216622,-2.06701116852809,4.884147357892985,16.46941156859475,AllFeatures_Balanced_XGB
Taiwan Credit Card Default,R3_F4,3,4,FrozenChi2Top75,Balanced,SoftVote,18,0.10515649995068088,0.14208709995727986,4.648826100048609,0.7267541000037454,0.8076666666666666,0.5794314381270903,0.515625,0.8919673539518901,0.5456692913385827,0.7037961769759451,0.42536823915991057,0.7785257405958518,0.5649295989712437,0.6781745106397344,0.4341556210112911,4153,503,651,693,19.233333333333334,30.083333333333332,62.63333333333333,116.88333333333334,0.787691940634716,0.5668133881697472,0.6398809523809523,0.4793756967670011,0.5481198215423837,0.7196397889052528,0.4000380300374948,0.7152062316366425,0.4448637702503681,31.7,55.9,96.23333333333332,-0.009166200038864258,-0.001883789198503516,-0.12425595238095233,0.10005574136008921,-0.002450530203801038,-0.01584361192930772,0.025330209122415792,-0.0370317209969081,-0.01070814923907698,-1.6166666666666671,6.733333333333334,20.65000000000002,AllFeatures_Balanced_XGB
Taiwan Credit Card Default,R3_F5,3,5,FrozenChi2Top75,Balanced,SoftVote,18,0.10534680000273511,0.1317022999865003,4.4418982999632135,0.7210344000486657,0.8083333333333333,0.5698560541913632,0.511787072243346,0.8915688367129135,0.5392628205128205,0.7016779544781298,0.4196649371492815,0.7834019258940638,0.5434592171045138,0.6754949331006915,0.4286822680588075,4177,508,642,673,19.166666666666668,29.866666666666667,61.96666666666667,115.46666666666667,0.7861838810863893,0.5488881740516272,0.626615969581749,0.4787914003486345,0.5428194993412385,0.717576928227374,0.3980145350650351,0.7117884179491141,0.4373548782417797,31.316666666666663,55.86666666666667,96.78333333333332,-0.0027819551923254915,-0.005428956947113317,-0.11482889733840307,0.09106465384272872,-0.003556678828418036,-0.015898973749244205,0.0216504020842464,-0.03629348484842254,-0.008672610182972218,-1.4499999999999957,6.100000000000001,18.68333333333335,AllFeatures_Balanced_XGB
Taiwan Credit Card Default,R4_F1,4,1,FrozenChi2Top75,Balanced,SoftVote,18,0.11119839997263625,0.13455750001594424,4.380045199999586,0.7359372000209987,0.8139379793264422,0.5919931856899489,0.5217717717717718,0.8973424774967853,0.5546687948922586,0.7095571246342786,0.43905528385661596,0.7825006210668448,0.5735376072287959,0.6842572428331095,0.4341347348205471,4187,479,637,695,18.606202067355785,29.226408802934312,61.08702900966989,114.18806268756252,0.7873118778873172,0.5704846715445108,0.6411411411411412,0.481941309255079,0.5502577319587629,0.7221993746854442,0.4048561143349192,0.7176360495200362,0.4462223689613317,31.24374791597199,55.151717239079694,94.99833277759254,-0.004811256820472343,0.0030529356842851074,-0.11936936936936937,0.11005187643486986,0.004411062933495691,-0.012642250051165593,0.03419916952169677,-0.03337880668692672,-0.01208763414078462,-2.0173391130376785,5.9353117705901965,19.189729909969984,AllFeatures_Balanced_XGB
Taiwan Credit Card Default,R4_F2,4,2,FrozenChi2Top75,Balanced,SoftVote,18,0.10667680000187829,0.13209910003934056,4.520801300008316,0.7202386999852024,0.8150616461179607,0.5823888404533566,0.5142417244033872,0.8981501169466298,0.5461978740801309,0.7061959206750086,0.43194236672534664,0.7849169047912515,0.5567875669478647,0.679607434414706,0.44231623239519036,4224,479,631,668,18.493835388203934,29.006997667444185,60.54648450516495,113.11229590136621,0.789623906382459,0.5606923410250946,0.6351039260969977,0.4658385093167702,0.5374592833876222,0.7169778614112461,0.3918381268533553,0.7122878017136066,0.4416770321860631,31.556147950683105,55.24825058313896,94.7350883038987,-0.004707001591207516,-0.003904774077229889,-0.1208622016936105,0.11655033113658642,0.008738590692508708,-0.010781940736237505,0.040104239871991354,-0.03268036729890067,0.0006392002091272775,-2.5491502832389195,5.298233922025986,18.377207597467503,AllFeatures_Balanced_XGB
Taiwan Credit Card Default,R4_F3,4,3,FrozenChi2Top75,Balanced,SoftVote,18,0.10829030000604689,0.13392469997052103,4.395360199967399,0.7382248999783769,0.8046666666666666,0.5793581960104076,0.4929889298892989,0.8955866523143164,0.532695374800638,0.6942877911018077,0.4123697976529521,0.7760687800634734,0.5593083281255641,0.6644654282561091,0.41958142509304536,4160,485,687,668,19.533333333333335,30.983333333333334,65.33333333333333,122.58333333333333,0.7794385900801958,0.5595627034246268,0.614760147601476,0.4859976662777129,0.5428478331704139,0.7125469198717822,0.3934738058823164,0.7058051148778388,0.4316358104377599,32.083333333333336,58.18333333333333,101.68333333333334,-0.00336981001672243,-0.0002543752990626924,-0.12177121771217714,0.09336052973269471,-0.010152458369775852,-0.018259128769974486,0.018895991770635723,-0.04133968662172971,-0.012054385344714535,-1.1000000000000014,7.149999999999999,20.89999999999999,AllFeatures_Balanced_XGB
Taiwan Credit Card Default,R4_F4,4,4,FrozenChi2Top75,Balanced,SoftVote,18,0.10817710001720116,0.13208400004077703,4.516215599956922,0.7717857999959961,0.8046705587989992,0.5630983463881636,0.49164133738601823,0.892712117973926,0.5249492900608519,0.6921767276799722,0.4041881137390139,0.7685741471789819,0.5489140370604475,0.6624908901874846,0.4080027426430322,4177,502,669,647,19.532944120100083,30.692243536280234,64.17014178482069,119.96663886572144,0.7712516670553485,0.5545787739645903,0.6086626139817629,0.4630057803468208,0.525935653315824,0.7050579579846836,0.3746524024407788,0.6984372998144432,0.4154832982653529,32.67723102585488,58.4487072560467,101.40116763969976,-0.002677519876366663,-0.00566473690414282,-0.11702127659574468,0.10009256604134276,-0.0009863632549721446,-0.012881230304711444,0.029535711298235123,-0.03594640962695861,-0.007480555622320695,-1.984987489574646,5.721434528773983,18.56547122602167,AllFeatures_Balanced_XGB
Taiwan Credit Card Default,R4_F5,4,5,FrozenChi2Top75,Balanced,SoftVote,18,0.11262830003397539,0.14849600003799424,4.6748969000182115,0.7560068999882787,0.8003330557868443,0.5524475524475524,0.532983508245877,0.8766859344894027,0.5425410148798169,0.7048347213676398,0.4150000775052261,0.7752297582743631,0.5539605901394313,0.6835635632433731,0.4276925442224295,4095,576,623,711,19.96669442131557,30.341382181515403,61.46544546211491,113.33888426311407,0.7843652836394904,0.5565477973531329,0.643928035982009,0.4578891257995736,0.535202492211838,0.7131008195324303,0.3822602201160557,0.7097379127774635,0.4347798804515532,32.75603663613655,56.48626144879268,96.03663613655289,-0.009135525365127295,-0.0025872072137015367,-0.11094452773613195,0.09455842664797881,0.007338522667978853,-0.008266098164790514,0.0327398573891704,-0.02617434953409037,-0.007087336229123664,-2.4146544546211466,4.979184013322225,17.30224812656118,AllFeatures_Balanced_XGB
Taiwan Credit Card Default,R5_F1,5,1,FrozenChi2Top75,Balanced,SoftVote,18,0.11084430001210421,0.13411199999973178,4.521106399944983,0.7377572000259534,0.8148024670778463,0.581024349286314,0.5306748466257669,0.893716719914803,0.5547094188376753,0.712195783270285,0.43881880339218243,0.785512505145142,0.5629840605298947,0.6886748022598703,0.44058537015621635,4196,499,612,692,18.51975329221537,28.721453575595934,59.326554425737626,110.33505584264044,0.7936690252650973,0.5677848702744251,0.6449386503067485,0.4762174405436014,0.5478827361563517,0.7239602729702006,0.4053573890558369,0.7196346711983258,0.449795174346812,30.85514252375396,54.00900150025005,92.59876646107683,-0.008156520119955268,-0.004800809744530454,-0.11426380368098155,0.10480690874271259,0.0068266826813235815,-0.011764489699915615,0.03346141433634553,-0.03095986893845548,-0.009209804190595638,-2.1336889481580243,5.3175529254875755,17.73628938156361,AllFeatures_Balanced_XGB
Taiwan Credit Card Default,R5_F2,5,2,FrozenChi2Top75,Balanced,SoftVote,18,0.1077876000199467,0.1373371999943629,4.413098299992271,0.7453867000294849,0.8074358119373124,0.5809443507588533,0.5115070527097253,0.8931412599440981,0.544018949861824,0.7023241563269117,0.4239645530897075,0.7771549955250661,0.5649465896159083,0.6759053584100781,0.44055153660147967,4154,497,658,689,19.256418806268755,30.226742247415807,63.137712570856955,117.9893297765922,0.7810082113081827,0.5688010277074268,0.6250927988121752,0.4797720797720797,0.5428755641521599,0.7143954641233528,0.3933031999883597,0.7087918686951342,0.4398134558317559,32.060686895631875,57.3191063687896,99.4164721573858,-0.0038532157831165925,-0.0038544380915185306,-0.11358574610244987,0.10117227098677362,0.001143385709664102,-0.012071307796441055,0.030661353101347766,-0.03288651028505607,0.000738080769723759,-1.8339446482160682,5.8186062020673575,18.572857619206403,AllFeatures_Balanced_XGB
Taiwan Credit Card Default,R5_F3,5,3,FrozenChi2Top75,Balanced,SoftVote,18,0.10899139998946339,0.13428669999120757,4.537986599956639,0.8356228999909945,0.806268756252084,0.567476948868399,0.5117157974300831,0.8896256684491979,0.5381558028616852,0.7006707329396404,0.4168865122921402,0.7729736743182122,0.5470452973333052,0.674711425977619,0.42676254340119885,4159,516,646,677,19.373124374791598,30.143381127042346,62.454151383794596,116.30543514504835,0.775476816989422,0.5454958944140065,0.6273620559334845,0.4565456545654565,0.5284941101560012,0.7080125787688814,0.3753230553619575,0.7034040836257197,0.4197305588902228,32.91097032344115,57.56918972990997,98.66622207402467,-0.002503142671209768,0.0015494029192987258,-0.11564625850340138,0.11093129430294246,0.009661692705683955,-0.007341845829240912,0.04156345693018271,-0.028692657648100695,0.00703198451097603,-2.767589196398802,4.8849616538846234,17.639213071023676,AllFeatures_Balanced_XGB
Taiwan Credit Card Default,R5_F4,5,4,FrozenChi2Top75,Balanced,SoftVote,18,0.1606508999830112,0.13936689996626228,4.68105509999441,0.7435260000056587,0.8063280599500416,0.58,0.4951744617668894,0.8963074280807214,0.5342410893071686,0.6957409449238054,0.415003422994212,0.7789211940852292,0.555083167390145,0.6662045844014706,0.41870760301584575,4175,483,680,667,19.367194004995838,30.691090757701915,64.66278101582014,121.28226477935054,0.7857196135489294,0.5631569730482291,0.6288047512991833,0.484,0.5469809493057798,0.7174723627685269,0.399253564381639,0.7119723632367861,0.4406788872621537,31.690258118234805,56.66944213155704,98.30141548709408,-0.006798419463700189,-0.008073805658084132,-0.13363028953229394,0.09599999999999997,-0.012739859998611158,-0.021731417844721435,0.015749858612572998,-0.045767778835315576,-0.021971284246307954,-0.9991673605328906,7.993338884263103,22.980849292256465,AllFeatures_Balanced_XGB
Taiwan Credit Card Default,R5_F5,5,5,FrozenChi2Top75,Balanced,SoftVote,18,0.10964469995815307,0.1452032999950461,4.744348700041883,0.7518857999821194,0.8046666666666666,0.5597326649958229,0.5095057034220533,0.887513340448239,0.5334394904458599,0.6985095219351461,0.4109846907479623,0.774811123600521,0.5501318490263489,0.6724530532472406,0.4221449411802898,4158,527,645,670,19.533333333333335,30.283333333333335,62.53333333333333,116.28333333333333,0.7826607853719703,0.5578366123822431,0.6304182509505704,0.4649467190128996,0.5351839896707553,0.713394824514773,0.3863261266578497,0.7085527954104818,0.4388343998928706,32.1,56.4,96.9,-0.007849661771449301,-0.007704763355894206,-0.1209125475285171,0.09478594598292328,-0.0017444992248953906,-0.014885302579626836,0.024658564090112578,-0.03609974216324119,-0.016689458712580818,-1.8166666666666664,6.133333333333333,19.383333333333326,AllFeatures_Balanced_XGB
Australian Credit Approval,R1_F1,1,1,FrozenChi2Top75,Balanced,SoftVote,11,0.07443899998907,0.04310270003043115,0.5956629999564029,0.21413869998650625,0.8333333333333334,0.9142857142857143,0.7901234567901234,0.8947368421052632,0.847682119205298,0.8424301494476933,0.6744945610141342,0.9194282001299545,0.9491854996059536,0.8408047137128153,0.7303443794671864,51,6,17,64,16.666666666666668,28.985507246376812,65.94202898550725,127.53623188405797,0.9287416071041802,0.9469172564880868,0.8148148148148148,0.9041095890410958,0.8571428571428571,0.8460038986354775,0.6826102681188947,0.8454287891696468,0.7322936972059779,,,,-0.009313406974225669,0.002268243117866775,-0.024691358024691357,0.010176125244618417,-0.009460737937559083,-0.003573749187784192,-0.008115707104760506,-0.004624075456831522,-0.0019493177387914784,,,,AllFeatures_Unweighted_XGB
Australian Credit Approval,R1_F2,1,2,FrozenChi2Top75,Balanced,SoftVote,11,0.03635700000450015,0.036704299971461296,0.5972345999907702,0.21321549999993294,0.8840579710144928,0.922077922077922,0.8765432098765432,0.8947368421052632,0.8987341772151899,0.8856400259909032,0.7646835652004254,0.9361056963396145,0.9477765973802801,0.8855933059671065,0.806367771280052,51,6,10,71,11.594202898550725,18.840579710144926,40.57971014492754,76.81159420289855,0.9369720597790772,0.9471047518813246,0.8395061728395061,0.9066666666666666,0.8717948717948718,0.8583495776478232,0.7084609602852625,0.8581427174680365,0.7569850552306693,,,,-0.0008663634394626696,0.0006718454989554923,0.03703703703703709,0.015411255411255431,0.026939305420318083,0.02729044834308003,0.056222604915162844,0.027450588499070006,0.04938271604938271,,,,AllFeatures_Unweighted_XGB
Australian Credit Approval,R1_F3,1,3,FrozenChi2Top75,Balanced,SoftVote,11,0.03892909997375682,0.03866419999394566,0.6457536999951117,0.20798579999245703,0.8840579710144928,0.9102564102564102,0.8875,0.8793103448275862,0.8987341772151899,0.883405172413793,0.7635263453909765,0.934051724137931,0.9342142620978742,0.8833956820329624,0.7935344827586207,51,7,9,71,11.594202898550725,18.115942028985508,37.68115942028985,70.28985507246377,0.934051724137931,0.9433906687929984,0.8625,0.9078947368421052,0.8846153846153846,0.8709051724137931,0.7361210464400549,0.8708646119884498,0.7698275862068966,,,,0.0,-0.009176406695124206,0.02499999999999991,0.0023616734143050433,0.014118792599805308,0.012499999999999956,0.027405298950921586,0.012531070044512593,0.023706896551724088,,,,AllFeatures_Unweighted_XGB
Australian Credit Approval,R1_F4,1,4,FrozenChi2Top75,Balanced,SoftVote,11,0.038479800045024604,0.03248380002332851,0.6054544000071473,0.21174030000111088,0.855072463768116,0.821917808219178,0.8955223880597015,0.8169014084507042,0.8571428571428571,0.8562118982552029,0.7133240796790038,0.9220096699600588,0.8932347246525048,0.8553090085490205,0.7456380071473617,58,13,7,60,14.492753623188406,19.565217391304348,34.78260869565217,60.14492753623188,0.9217994534370402,0.8816515481189896,0.9402985074626866,0.8076923076923077,0.8689655172413793,0.8645154509144419,0.7350038036331852,0.8611874901611184,0.7555181837292411,,,,0.00021021652301866922,0.01158317653351515,-0.04477611940298509,0.014225500526870327,-0.011822660098522175,-0.008303552659238989,-0.021679723954181385,-0.005878481612097919,-0.00988017658187934,,,,AllFeatures_Unweighted_XGB
Australian Credit Approval,R1_F5,1,5,FrozenChi2Top75,Balanced,SoftVote,11,0.0372954000486061,0.039287100022193044,0.6220116000040434,0.20903099997667596,0.8985507246376812,0.9545454545454546,0.8513513513513513,0.953125,0.9,0.9022381756756757,0.803120872121694,0.9520692567567568,0.958538878507366,0.9008020075226058,0.8357263513513513,61,3,11,63,10.144927536231885,18.115942028985508,42.028985507246375,81.8840579710145,0.9451013513513514,0.9548840161032204,0.8918918918918919,0.9565217391304348,0.9230769230769232,0.922508445945946,0.8427953808926898,0.9220002491645322,0.856418918918919,,,,0.006967905405405372,0.003654862404145587,-0.04054054054054057,-0.0019762845849802257,-0.023076923076923217,-0.020270270270270396,-0.039674508770995764,-0.021198241641926407,-0.020692567567567655,,,,AllFeatures_Unweighted_XGB
Australian Credit Approval,R2_F1,2,1,FrozenChi2Top75,Balanced,SoftVote,11,0.03913970000576228,0.033735300006810576,0.603899999987334,0.2091985999722965,0.8405797101449275,0.8591549295774648,0.8356164383561644,0.8461538461538461,0.8472222222222222,0.8408851422550052,0.6809098252468508,0.9106427818756586,0.9216611370875147,0.8408686361284067,0.7125395152792413,55,10,12,61,15.942028985507246,24.63768115942029,50.72463768115942,94.20289855072464,0.8998946259220232,0.886221752477256,0.863013698630137,0.8513513513513513,0.8571428571428571,0.8468914646996839,0.694441827491691,0.8467379916799929,0.7262381454162276,,,,0.01074815595363543,0.03543938461025875,-0.0273972602739726,0.007803578226113439,-0.009920634920634885,-0.006006322444678691,-0.013532002244840191,-0.005869355551586186,-0.013698630136986245,,,,AllFeatures_Unweighted_XGB
Australian Credit Approval,R2_F2,2,2,FrozenChi2Top75,Balanced,SoftVote,11,0.03902510000625625,0.03756759996758774,0.6019586999900639,0.21029359998647124,0.8478260869565217,0.9342105263157895,0.8160919540229885,0.9019607843137255,0.8711656441717791,0.8590263691683571,0.6967843957280077,0.8992562542258282,0.9248015871917855,0.857952760309503,0.7363083164300204,46,5,16,71,15.217391304347826,26.81159420289855,61.594202898550726,119.56521739130434,0.9168356997971604,0.9376983636499536,0.7931034482758621,0.9452054794520548,0.8625,0.8573360378634212,0.6910881071087144,0.8549264624833096,0.749154834347532,,,,-0.017579445571332175,-0.012896776458168113,0.02298850574712641,-0.010994953136265306,0.008665644171779063,0.0016903313049358992,0.005696288619293277,0.003026297826193347,-0.01284651791751168,,,,AllFeatures_Unweighted_XGB
Australian Credit Approval,R2_F3,2,3,FrozenChi2Top75,Balanced,SoftVote,11,0.03905560000566766,0.037156499980483204,0.6043115999782458,0.2470218999660574,0.8695652173913043,0.8970588235294118,0.8472222222222222,0.8939393939393939,0.8714285714285714,0.8705808080808081,0.7405385293628164,0.9280303030303031,0.9293184325493824,0.870267384121294,0.7866161616161615,59,7,11,61,13.043478260869565,21.014492753623188,44.927536231884055,84.78260869565217,0.9307659932659932,0.9242566475016016,0.9027777777777778,0.8783783783783784,0.8904109589041096,0.8832070707070707,0.7677076683116035,0.882990213519786,0.7840909090909091,,,,-0.0027356902356900914,0.005061785047780765,-0.05555555555555558,0.018680445151033398,-0.018982387475538154,-0.012626262626262652,-0.02716913894878714,-0.012722829398492008,0.002525252525252486,,,,AllFeatures_Unweighted_XGB
Australian Credit Approval,R2_F4,2,4,FrozenChi2Top75,Balanced,SoftVote,11,0.03874230000656098,0.03587149997474626,0.6014374999795109,0.23078859999077395,0.8695652173913043,0.8904109589041096,0.8666666666666667,0.873015873015873,0.8783783783783784,0.8698412698412699,0.738122026257206,0.9244444444444444,0.9162742692012507,0.8698354767504926,0.7555555555555555,55,8,10,65,13.043478260869565,20.28985507246377,42.028985507246375,78.26086956521739,0.926137566137566,0.9208141138139276,0.88,0.868421052631579,0.8741721854304636,0.8606349206349206,0.7222641164819655,0.8604170269802083,0.7447619047619047,,,,-0.0016931216931216353,-0.00453984461267698,-0.013333333333333308,0.021989906272530613,0.0042061929479148,0.009206349206349218,0.015857909775240486,0.009418449770284276,0.0107936507936508,,,,AllFeatures_Unweighted_XGB
Australian Credit Approval,R2_F5,2,5,FrozenChi2Top75,Balanced,SoftVote,11,0.03534040000522509,0.028015099989715964,0.6133289999561384,0.2183406000258401,0.9130434782608695,0.9210526315789473,0.9210526315789473,0.9032258064516129,0.9210526315789473,0.9121392190152802,0.8242784380305602,0.9817487266553481,0.9864024278741753,0.9120956670998251,0.8624787775891342,56,6,6,70,8.695652173913043,13.043478260869565,26.08695652173913,47.82608695652174,0.9785653650254668,0.9824965916378956,0.9342105263157896,0.8987341772151899,0.9161290322580644,0.9025891341256368,0.8095713569330298,0.902035050648046,0.8565365025466893,,,,0.0031833616298813094,0.003905836236279714,-0.013157894736842257,0.022318454363757456,0.004923599320882932,0.009550084889643373,0.014707081097530383,0.010060616451779136,0.005942275042444822,,,,AllFeatures_Unweighted_XGB
Australian Credit Approval,R3_F1,3,1,FrozenChi2Top75,Balanced,SoftVote,11,0.03959310002392158,0.0347745000035502,0.6050195999559946,0.20957730000372976,0.8260869565217391,0.8529411764705882,0.8055555555555556,0.8484848484848485,0.8285714285714286,0.827020202020202,0.6534905591310713,0.9126683501683501,0.9270485232449476,0.826741606248097,0.6994949494949495,56,10,14,58,17.391304347826086,27.536231884057973,57.971014492753625,108.69565217391305,0.9105639730639732,0.9167151334441678,0.8472222222222222,0.8026315789473685,0.8243243243243243,0.8099747474747474,0.6225752987168809,0.809117863584606,0.7007575757575757,,,,0.002104377104376942,0.010333389800779802,-0.04166666666666663,0.05030959752321973,0.004247104247104283,0.017045454545454586,0.03091526041419046,0.017623742663490982,-0.0012626262626261875,,,,AllFeatures_Unweighted_XGB
Australian Credit Approval,R3_F2,3,2,FrozenChi2Top75,Balanced,SoftVote,11,0.03864139999495819,0.03833449998637661,0.6128931000130251,0.21408860001247376,0.8623188405797102,0.9014084507042254,0.8421052631578947,0.8870967741935484,0.8707482993197279,0.8646010186757216,0.7257448096720611,0.9180814940577249,0.9150278353412443,0.8643083144797217,0.7453310696095076,55,7,12,64,13.768115942028986,22.463768115942027,48.55072463768116,92.02898550724638,0.9293293718166384,0.9355792333170568,0.881578947368421,0.8933333333333333,0.8874172185430463,0.8762733446519524,0.7515107268324677,0.8762572824960341,0.765704584040747,,,,-0.01124787775891356,-0.020551397975812513,-0.03947368421052633,0.00807511737089206,-0.01666891922331848,-0.011672325976230802,-0.02576591716040655,-0.0119489680163124,-0.02037351443123947,,,,AllFeatures_Unweighted_XGB
Australian Credit Approval,R3_F3,3,3,FrozenChi2Top75,Balanced,SoftVote,11,0.04098389996215701,0.03830339998239651,0.6099263000069186,0.21035379997920245,0.8695652173913043,0.881578947368421,0.881578947368421,0.8548387096774194,0.881578947368421,0.8682088285229201,0.7364176570458404,0.9514006791171477,0.9672400062697093,0.8681058747913175,0.7716468590831919,53,9,9,67,13.043478260869565,19.565217391304348,39.130434782608695,71.73913043478261,0.961799660441426,0.9740906255348892,0.9078947368421052,0.8961038961038961,0.9019607843137256,0.8894312393887946,0.7801051469274306,0.8892395790013391,0.8111205432937182,,,,-0.0103989813242783,-0.006850619265179936,-0.02631578947368418,-0.014524948735475052,-0.0203818369453046,-0.021222410865874508,-0.043687489881590214,-0.021133704210021587,-0.03947368421052633,,,,AllFeatures_Unweighted_XGB
Australian Credit Approval,R3_F4,3,4,FrozenChi2Top75,Balanced,SoftVote,11,0.038679299992509186,0.03142020001541823,0.5994976999936625,0.21087020001141354,0.8913043478260869,0.8933333333333333,0.9054054054054054,0.875,0.8993288590604027,0.8902027027027026,0.7813132857250352,0.9353885135135135,0.9439048198838522,0.8900728788867402,0.8158783783783784,56,8,7,67,10.869565217391305,15.942028985507246,31.159420289855074,56.52173913043478,0.928420608108108,0.9092611680835676,0.9054054054054054,0.8933333333333333,0.8993288590604027,0.8902027027027026,0.7813132857250352,0.8900728788867402,0.8074324324324325,,,,0.006967905405405483,0.034643651800284614,0.0,0.0,0.0,0.0,0.0,0.0,0.008445945945945943,,,,AllFeatures_Unweighted_XGB
Australian Credit Approval,R3_F5,3,5,FrozenChi2Top75,Balanced,SoftVote,11,0.038285199960228056,0.045434299972839653,0.6058470999705605,0.21083070000167936,0.855072463768116,0.9113924050632911,0.8470588235294118,0.8679245283018868,0.8780487804878049,0.8574916759156492,0.7029165611684973,0.9405105438401775,0.9532197915661125,0.8574282068230062,0.7786903440621532,46,7,13,72,14.492753623188406,23.91304347826087,52.17391304347826,99.27536231884058,0.925860155382908,0.9278972082706792,0.9058823529411764,0.9166666666666666,0.9112426035502958,0.8869034406215317,0.7711581666508851,0.8867003517950548,0.7784683684794673,,,,0.014650388457269514,0.025322583295433243,-0.05882352941176461,-0.0052742616033755185,-0.03319382306249097,-0.02941176470588247,-0.06824160548238778,-0.029272144972048553,0.0002219755826858849,,,,AllFeatures_Unweighted_XGB
Australian Credit Approval,R4_F1,4,1,FrozenChi2Top75,Balanced,SoftVote,11,0.03848799999104813,0.03152560000307858,0.6052254000096582,0.20753210003022105,0.8623188405797102,0.8873239436619719,0.8513513513513513,0.875,0.8689655172413793,0.8631756756756757,0.7247463219391427,0.9353885135135136,0.9360190652058926,0.8630946833531258,0.7753378378378378,56,8,11,63,13.768115942028986,21.73913043478261,45.65217391304348,85.5072463768116,0.9275760135135136,0.9310625099846452,0.8783783783783784,0.8666666666666667,0.87248322147651,0.8610641891891893,0.7229684624403735,0.8608900956316996,0.7356418918918919,,,,0.0078125,0.004956555221247383,-0.027027027027027084,0.020657276995305174,-0.0035177042351307586,0.0021114864864864025,0.0017778594987691854,0.0022045877214261766,0.03969594594594594,,,,AllFeatures_Unweighted_XGB
Australian Credit Approval,R4_F2,4,2,FrozenChi2Top75,Balanced,SoftVote,11,0.03909220005152747,0.03515279997373,0.603951999975834,0.21190890000434592,0.8188405797101449,0.875,0.7671232876712328,0.8769230769230769,0.8175182481751825,0.8220231822971549,0.644658026978921,0.9140147523709167,0.9319164366691512,0.8201878527532606,0.7072708113804005,57,8,17,56,18.115942028985508,30.434782608695652,67.3913043478261,128.9855072463768,0.9209694415173868,0.9316777725536864,0.8082191780821918,0.8428571428571429,0.8251748251748252,0.8194942044257113,0.6379808049517419,0.8194166369242709,0.6870389884088515,,,,-0.006954689146470128,0.00023866411546480393,-0.04109589041095896,0.03214285714285714,-0.007656576999642728,0.0025289778714435718,0.0066772220271791305,0.0007712158289896465,0.02023182297154902,,,,AllFeatures_Unweighted_XGB
Australian Credit Approval,R4_F3,4,3,FrozenChi2Top75,Balanced,SoftVote,11,0.03829480003332719,0.02733399998396635,0.6218421999947168,0.21059760003117844,0.8695652173913043,0.8955223880597015,0.8450704225352113,0.8955223880597015,0.8695652173913043,0.8702964052974564,0.7405928105949128,0.9194870716838344,0.8982153267591431,0.8699307345227857,0.7687618246794198,60,7,11,60,13.043478260869565,21.014492753623188,44.927536231884055,84.78260869565217,0.9373554761404248,0.9140967947129034,0.8732394366197183,0.8985507246376812,0.8857142857142857,0.88438091233971,0.7684388154951274,0.8843107291159588,0.8391843598906874,,,,-0.017868404456590437,-0.01588146795376033,-0.028169014084507005,-0.003028336577979629,-0.016149068322981353,-0.014084507042253502,-0.027846004900214605,-0.014379994593173073,-0.07042253521126762,,,,AllFeatures_Unweighted_XGB
Australian Credit Approval,R4_F4,4,4,FrozenChi2Top75,Balanced,SoftVote,11,0.037529799970798194,0.03281760000390932,0.6661127000115812,0.21191740001086146,0.8768115942028986,0.9294117647058824,0.8777777777777778,0.875,0.9028571428571428,0.8763888888888889,0.7371591589346116,0.9446759259259259,0.9743329005422932,0.8763877883423271,0.8138888888888889,42,6,11,79,12.318840579710145,20.28985507246377,44.20289855072464,84.05797101449275,0.929398148148148,0.9537115532534974,0.9,0.9418604651162792,0.9204545454545454,0.8979166666666667,0.7821915167482881,0.8979142498033985,0.8055555555555555,,,,0.015277777777777835,0.02062134728879572,-0.022222222222222254,-0.012448700410396807,-0.01759740259740261,-0.021527777777777812,-0.04503235781367654,-0.0215264614610714,0.008333333333333415,,,,AllFeatures_Unweighted_XGB
Australian Credit Approval,R4_F5,4,5,FrozenChi2Top75,Balanced,SoftVote,11,0.039567200001329184,0.03590680001070723,0.6085937999887392,0.21261959994444624,0.9130434782608695,0.9315068493150684,0.9066666666666666,0.9206349206349206,0.918918918918919,0.9136507936507936,0.825556223358918,0.9451851851851851,0.9398944422223259,0.9136240992382998,0.8673015873015872,58,5,7,68,8.695652173913043,13.768115942028986,28.985507246376812,54.34782608695652,0.9396825396825398,0.9321453060556004,0.96,0.9230769230769232,0.9411764705882352,0.9323809523809524,0.8689094676683313,0.931971796017148,0.8647619047619047,,,,0.0055026455026453425,0.007749136166725457,-0.053333333333333344,0.008429926238145202,-0.0222575516693162,-0.01873015873015882,-0.04335324430941334,-0.018347696778848177,0.0025396825396825085,,,,AllFeatures_Unweighted_XGB
Australian Credit Approval,R5_F1,5,1,FrozenChi2Top75,Balanced,SoftVote,11,0.037390499957837164,0.02476189995650202,0.6094199000508524,0.21015399997122586,0.8333333333333334,0.8513513513513513,0.84,0.8253968253968254,0.8456375838926175,0.8326984126984127,0.6646236391557118,0.9316402116402116,0.950574465316831,0.8326663997864531,0.7257142857142858,52,11,12,63,16.666666666666668,25.36231884057971,51.44927536231884,94.92753623188406,0.9373544973544972,0.9545037603642232,0.8533333333333334,0.8311688311688312,0.8421052631578947,0.8234920634920635,0.6489096792387729,0.8229511997978235,0.7549206349206349,,,,-0.005714285714285561,-0.003929295047392256,-0.01333333333333342,0.02018252018252009,0.0035323207347227603,0.009206349206349218,0.015713959916938913,0.009715199988629575,-0.029206349206349125,,,,AllFeatures_Unweighted_XGB
Australian Credit Approval,R5_F2,5,2,FrozenChi2Top75,Balanced,SoftVote,11,0.03924760001245886,0.03652279998641461,0.6163283999776468,0.20868979999795556,0.8695652173913043,0.9066666666666666,0.8607594936708861,0.8813559322033898,0.8831168831168831,0.871057712937138,0.7370723235746327,0.9156833297575627,0.9272774075412258,0.8709968346367406,0.7590645784166488,52,7,11,68,13.043478260869565,21.014492753623188,44.927536231884055,84.78260869565217,0.9341343059429308,0.9431835506223878,0.8860759493670886,0.8860759493670886,0.8860759493670886,0.8667667882428662,0.7335335764857327,0.8665516842621291,0.7461918043338339,,,,-0.018450976185368062,-0.015906143081162005,-0.025316455696202445,0.020590717299578065,-0.0029590662502054776,0.004290924694271725,0.0035387470889000072,0.004445150374611462,0.012872774082814842,,,,AllFeatures_Unweighted_XGB
Australian Credit Approval,R5_F3,5,3,FrozenChi2Top75,Balanced,SoftVote,11,0.039451399992685765,0.04336609999882057,0.6133763000252657,0.21063549997052178,0.8985507246376812,0.9154929577464789,0.8904109589041096,0.9076923076923077,0.9027777777777778,0.8990516332982086,0.797095983990672,0.9498419388830347,0.9487942025157913,0.8990101101112221,0.8134878819810327,59,6,8,65,10.144927536231885,15.942028985507246,33.333333333333336,62.31884057971015,0.9382507903055848,0.927839598869692,0.863013698630137,0.8873239436619719,0.875,0.8699683877766069,0.7390029046187614,0.8699405887929961,0.7673340358271865,,,,0.011591148577449917,0.020954603646099246,0.0273972602739726,0.028169014084507005,0.02777777777777779,0.029083245521601686,0.05809307937191066,0.029069521318226044,0.04615384615384621,,,,AllFeatures_Unweighted_XGB
Australian Credit Approval,R5_F4,5,4,FrozenChi2Top75,Balanced,SoftVote,11,0.03706989996135235,0.03470509999897331,0.6109733000048436,0.2071144999936223,0.8985507246376812,0.9230769230769231,0.9,0.896551724137931,0.9113924050632911,0.8982758620689655,0.7931403520418913,0.9437499999999999,0.9586518963581967,0.8982742074245136,0.8137931034482759,52,6,8,72,10.144927536231885,15.942028985507246,33.333333333333336,62.31884057971015,0.923060344827586,0.9385635397495186,0.9,0.9113924050632912,0.9056603773584906,0.8896551724137931,0.7775527828800183,0.8895950260342217,0.7965517241379311,,,,0.020689655172413834,0.020088356608678137,0.0,0.011684518013631906,0.005732027704800524,0.008620689655172376,0.015587569161872983,0.00867918139029189,0.017241379310344862,,,,AllFeatures_Unweighted_XGB
Australian Credit Approval,R5_F5,5,5,FrozenChi2Top75,Balanced,SoftVote,11,0.039143399975728244,0.03701679996447638,0.6043235000106506,0.21374760003527626,0.8478260869565217,0.9104477611940298,0.8026315789473685,0.9032258064516129,0.8531468531468531,0.8529286926994907,0.7025108373018846,0.9250848896434635,0.9197564748923204,0.8514443934739768,0.7699490662139219,56,6,15,61,15.217391304347826,26.08695652173913,58.69565217391305,113.04347826086956,0.9265704584040748,0.9051533102051724,0.881578947368421,0.9178082191780822,0.8993288590604027,0.8924023769100169,0.7820709557963443,0.8923367389543064,0.8374363327674024,,,,-0.0014855687606113444,0.014603164687147951,-0.07894736842105254,-0.007360457984052382,-0.046182005913549595,-0.039473684210526216,-0.07956011849445976,-0.040892345480329606,-0.06748726655348047,,,,AllFeatures_Unweighted_XGB
Taiwan Credit Card Default,R1_F1,1,1,FrozenChi2Top75,Balanced,SoftVote,18,0.10133780003525317,0.12629859999287874,3.9009108999744058,0.6784715999965556,0.8116352725454242,0.575197889182058,0.5026902382782475,0.8971902937420179,0.5365053322395406,0.6999402660101327,0.4204726056063696,0.784021869413743,0.5553924978590703,0.671571889332859,0.42467627318802803,4215,483,647,654,18.836472745457577,29.6216036006001,61.97699616602767,115.90265044174029,0.7918201736948589,0.5631620173631597,0.372021521906226,0.6865248226950355,0.4825523429710867,0.6624901138692475,0.4158776356073156,0.5954167851660787,0.4403096939872364,,,,-0.007798304281115942,-0.007769519504089439,0.13066871637202154,-0.1113269335129774,0.05395298926845388,0.03745015214088521,0.0045949699990540105,0.0761551041667804,-0.015633420799208375,,,,AllFeatures_Unweighted_XGB
Taiwan Credit Card Default,R1_F2,1,2,FrozenChi2Top75,Balanced,SoftVote,18,0.0921416999772191,0.12122179998550564,3.9735044999979436,0.6852118999813683,0.8062364515591129,0.575993091537133,0.49850523168908817,0.8946125778063962,0.5344551282051282,0.6965589047477422,0.41463412316806814,0.7741464917861535,0.5545887351970623,0.6678091421741319,0.41635313107279703,4168,491,671,667,19.376354844088713,30.56528264132066,64.13206603301651,120.07670501917626,0.7795171824563801,0.5529774668776057,0.3639760837070254,0.6625850340136055,0.4698504582730342,0.6553728883871036,0.3945123067889141,0.5870277038224817,0.4188484220232406,,,,-0.005370690670226663,0.0016112683194565713,0.13452914798206278,-0.0865919424764725,0.06460466993209402,0.041186016360638567,0.020121816379154056,0.08078143835165019,-0.0024952909504435405,,,,AllFeatures_Unweighted_XGB
Taiwan Credit Card Default,R1_F3,1,3,FrozenChi2Top75,Balanced,SoftVote,18,0.09329180000349879,0.12147910002386197,4.085331699985545,0.7221036999835633,0.8027324225258248,0.5515202702702703,0.5,0.8869250425894378,0.5244979919678715,0.693462521294719,0.40119288524060703,0.7753743859424853,0.5354391469451536,0.6659298170939029,0.42229123348925546,4165,531,653,653,19.726757747417526,30.60646451182939,63.24558480506498,117.64411862712429,0.7812585602813382,0.5439963994996716,0.3675344563552833,0.6382978723404256,0.466472303206997,0.6548064104604355,0.3858921969733155,0.5884269364710352,0.4342570393231605,,,,-0.00588417433885291,-0.008557252554518002,0.1324655436447167,-0.08677760207015528,0.058025688760874494,0.03865611083428344,0.015300688267291529,0.0775028806228677,-0.011965805833905052,,,,AllFeatures_Unweighted_XGB
Taiwan Credit Card Default,R1_F4,1,4,FrozenChi2Top75,Balanced,SoftVote,18,0.10321540001314133,0.12575780000770465,4.2712968999985605,0.7110904000001028,0.8098333333333333,0.5791245791245792,0.5176824680210684,0.8929565403553843,0.5466825586015097,0.7053195041882263,0.42791410000838875,0.7744813385957798,0.5785209743096404,0.6799028942773594,0.4356485166386131,4171,500,641,688,19.016666666666666,29.7,61.75,115.16666666666667,0.7802620881384087,0.5704539588907159,0.3867569601203913,0.6871657754010695,0.4949446316803081,0.6683303105033556,0.4232009039414193,0.6061203282283346,0.4335738549128599,,,,-0.00578074954262886,0.008067015418924517,0.13092550790067714,-0.10804119627649034,0.051737926921201605,0.03698919368487075,0.004713196066969461,0.07378256604902478,0.002074661725753213,,,,AllFeatures_Unweighted_XGB
Taiwan Credit Card Default,R1_F5,1,5,FrozenChi2Top75,Balanced,SoftVote,18,0.10400010005105287,0.12378610001178458,4.3216519999550655,0.717356099979952,0.80973008997001,0.5932203389830508,0.5139500734214391,0.896551724137931,0.5507474429583006,0.705250898779685,0.4326214021941957,0.7815474042989519,0.567036393365205,0.6788098588314754,0.4353549546812497,4160,480,662,700,19.026991002999,30.056647784071977,63.1456181272909,118.29390203265578,0.785511924654413,0.5724658794380455,0.3502202643171806,0.6708860759493671,0.4602026049204052,0.649894614917211,0.3885616094558854,0.5766786749055665,0.4526362094283255,,,,-0.003964520355461132,-0.00542948607284055,0.16372980910425844,-0.07766573696631629,0.09054483803789537,0.05535628386247404,0.04405979273831029,0.10213118392590892,-0.017281254747075814,,,,AllFeatures_Unweighted_XGB
Taiwan Credit Card Default,R2_F1,2,1,FrozenChi2Top75,Balanced,SoftVote,18,0.1024609999731183,0.13257150002755225,4.218110900023021,0.7211239000316709,0.8091743119266055,0.5723905723905723,0.5167173252279635,0.8914297926907458,0.5431309904153354,0.7040735589593548,0.4238146061699245,0.7795557626360035,0.5520579114128444,0.6786878650069413,0.4346694569475852,4171,508,636,680,19.08256880733945,29.691409507923268,61.517931609674726,114.56213511259382,0.7882423146556009,0.555910351450321,0.3624620060790273,0.6615811373092927,0.4683357879234168,0.6551570556148503,0.3948828725676545,0.5861402353525496,0.4498665381309882,,,,-0.008686552019597449,-0.0038524400374765344,0.15425531914893625,-0.08919056491872035,0.07479520249191862,0.04891650334450448,0.028931733602270027,0.09254762965439178,-0.015197081183403016,,,,AllFeatures_Unweighted_XGB
Taiwan Credit Card Default,R2_F2,2,2,FrozenChi2Top75,Balanced,SoftVote,18,0.10195240000030026,0.12744059995748103,4.325380900001619,0.7172730999882333,0.8145309115147475,0.5836177474402731,0.5225362872421696,0.8959931798806479,0.5513905683192262,0.7092647335614087,0.43599595185612056,0.7896726349223716,0.5893866525884842,0.6842433409315279,0.4364212087997254,4204,488,625,684,18.546908848525245,28.961839693384437,60.206632227962004,112.28128645225796,0.7949299459379195,0.5931033954253029,0.3919022154316272,0.7075862068965517,0.504424778761062,0.6733594623620198,0.4393442788464278,0.6117146260331139,0.445159486719589,,,,-0.0052573110155479386,-0.003716742836818665,0.13063407181054243,-0.12396845945627866,0.04696578955816422,0.03590527119938891,-0.0033483269903072377,0.07252871489841406,-0.00873827791986359,,,,AllFeatures_Unweighted_XGB
Taiwan Credit Card Default,R2_F3,2,3,FrozenChi2Top75,Balanced,SoftVote,18,0.10255490004783496,0.1298895999789238,4.240484000009019,0.8450784000451677,0.8055648117294235,0.5671514114627887,0.5007552870090635,0.8918341171440787,0.5318892900120337,0.6962947020765711,0.41105224274833707,0.7724540466463191,0.5375409233613515,0.668274381743725,0.4116223784533633,4172,506,661,663,19.44351882705765,30.45651449516828,63.495501499500165,118.56047984005332,0.7796517962204004,0.5434480969808699,0.3564954682779456,0.6492434662998624,0.4602632862018527,0.6509924968580836,0.3837788404483914,0.5805710388255613,0.4276865161732814,,,,-0.007197749574081258,-0.005907173619518424,0.14425981873111787,-0.08209205483707371,0.07162600381018097,0.04530220521848749,0.02727340229994568,0.08770334291816373,-0.016064137719918103,,,,AllFeatures_Unweighted_XGB
Taiwan Credit Card Default,R2_F4,2,4,FrozenChi2Top75,Balanced,SoftVote,18,0.10279440000886098,0.1278930000262335,4.288497200002894,0.7074161000200547,0.8102615358987173,0.5888795282224094,0.5177777777777778,0.8951214270363207,0.551044540796216,0.7064496024070492,0.43282153248338484,0.7758181499789064,0.5629812429840122,0.6807892356171177,0.43172147001934236,4165,488,651,699,18.97384641012827,29.818424121272695,62.35215725470598,116.57504581042812,0.7788249715436476,0.5694337392417754,0.3703703703703703,0.6858710562414266,0.481000481000481,0.6605774052582563,0.4105008070068286,0.593415861971444,0.4278859517157389,,,,-0.003006821564741191,-0.0064524962577632294,0.1474074074074075,-0.09699152801901723,0.07004405979573503,0.04587219714879298,0.022320725476556225,0.08737337364567366,0.003835518303603458,,,,AllFeatures_Unweighted_XGB
Taiwan Credit Card Default,R2_F5,2,5,FrozenChi2Top75,Balanced,SoftVote,18,0.10258990002330393,0.12085659999866039,4.19510159996571,0.7237815000116825,0.8011335222537089,0.5614334470989761,0.49214659685863876,0.8897468897468898,0.5245117576723795,0.6909467433027643,0.40085899590111196,0.7667795480061748,0.5448342972606866,0.6617294793603277,0.4197353673793464,4148,514,679,658,19.886647774629104,31.205200866811136,65.16086014335723,121.75362560426738,0.7743983966871026,0.5452465183012184,0.3664921465968586,0.6666666666666666,0.4729729729729729,0.6569697970221531,0.3984706339259005,0.5892639890598521,0.4255021663398627,,,,-0.007618848680927881,-0.00041222104053184605,0.12565445026178018,-0.1052332195676905,0.05153878469940654,0.03397694628061121,0.0023883619752114726,0.07246549030047555,-0.005766798960516295,,,,AllFeatures_Unweighted_XGB
Taiwan Credit Card Default,R3_F1,3,1,FrozenChi2Top75,Balanced,SoftVote,18,0.10328300000401214,0.12645589996827766,4.212325400032569,0.7218574000289664,0.7996332722120353,0.562012142237641,0.4817843866171004,0.8914911903738719,0.5188150520416333,0.6866377884954862,0.39509137461609795,0.7627394111153535,0.5346119128198248,0.655367481897618,0.4041676584718266,4149,505,697,648,20.036672778796465,31.65527587931322,66.51108518086347,124.60410068344724,0.7667620130902305,0.5441553358452116,0.3479553903345725,0.6545454545454545,0.4543689320388349,0.6474413823181242,0.3795677415904132,0.5740108745865635,0.4129724919843505,,,,-0.004022601974877027,-0.009543423025386799,0.13382899628252787,-0.09253331230781359,0.06444612000279837,0.039196406177361975,0.015523633025684769,0.08135660731105443,-0.008804833512523869,,,,AllFeatures_Unweighted_XGB
Taiwan Credit Card Default,R3_F2,3,2,FrozenChi2Top75,Balanced,SoftVote,18,0.10563359997468069,0.12188769999193028,4.386351399996784,0.754386099986732,0.8080639786737754,0.5654362416107382,0.5152905198776758,0.8896463570515551,0.5392,0.7024684384646155,0.4190367162550604,0.7831624143776492,0.5646476679974118,0.6770718823229748,0.43739844866698196,4176,518,634,674,19.19360213262246,29.75674775074975,61.44618460513162,114.26191269576807,0.7875711429386725,0.5602870955173527,0.360091743119266,0.6578212290502793,0.4654150197628458,0.653948726267771,0.3921583076737538,0.5842063077732894,0.4355960957380689,,,,-0.004408728561023256,0.004360572480059166,0.15519877675840982,-0.09238498743954104,0.07378498023715419,0.04851971219684448,0.02687840858130658,0.09286557454968536,0.0018023529289130646,,,,AllFeatures_Unweighted_XGB
Taiwan Credit Card Default,R3_F3,3,3,FrozenChi2Top75,Balanced,SoftVote,18,0.10514160001184791,0.1288529000012204,4.277808899991214,0.7207858999609016,0.8114685780963494,0.5807531380753138,0.5241691842900302,0.8928342245989305,0.5510123064708218,0.7085017044444804,0.43300105387292315,0.775162770408905,0.571979835627741,0.6841024683585369,0.4295857634457243,4174,501,630,694,18.853142190365062,29.354892482080345,60.86014335722621,113.36889481580263,0.7822669111588607,0.5724381324211698,0.3768882175226586,0.6892265193370166,0.4873046875,0.6643799376383347,0.4185362628050394,0.5989567700604503,0.4401634974231384,,,,-0.00710414074995569,-0.0004582967934287918,0.14728096676737162,-0.1084733812617028,0.06370761897082178,0.04412176680614566,0.014464791067883731,0.0851456982980866,-0.010577733977414072,,,,AllFeatures_Unweighted_XGB
Taiwan Credit Card Default,R3_F4,3,4,FrozenChi2Top75,Balanced,SoftVote,18,0.10515649995068088,0.14208709995727986,4.648826100048609,0.7267541000037454,0.8076666666666666,0.5794314381270903,0.515625,0.8919673539518901,0.5456692913385827,0.7037961769759451,0.42536823915991057,0.7785257405958518,0.5649295989712437,0.6781745106397344,0.4341556210112911,4153,503,651,693,19.233333333333334,30.083333333333332,62.63333333333333,116.88333333333334,0.7884808132875143,0.5671252125930782,0.3742559523809524,0.6815718157181572,0.4831892411143131,0.6618917218949435,0.411014511273142,0.5961260903610472,0.4532707412862052,,,,-0.009955072691662514,-0.0021956136218345135,0.14136904761904762,-0.10214037759106687,0.06248005022426956,0.0419044550810016,0.014353727886768586,0.0820484202786872,-0.019115120274914077,,,,AllFeatures_Unweighted_XGB
Taiwan Credit Card Default,R3_F5,3,5,FrozenChi2Top75,Balanced,SoftVote,18,0.10534680000273511,0.1317022999865003,4.4418982999632135,0.7210344000486657,0.8083333333333333,0.5698560541913632,0.511787072243346,0.8915688367129135,0.5392628205128205,0.7016779544781298,0.4196649371492815,0.7834019258940638,0.5434592171045138,0.6754949331006915,0.4286822680588075,4177,508,642,673,19.166666666666668,29.866666666666667,61.96666666666667,115.46666666666667,0.7875936063238796,0.552056450813601,0.3749049429657795,0.6547144754316069,0.4767891682785299,0.6597043391456432,0.3988516247421987,0.5950622816337588,0.4421310630561902,,,,-0.0041916804298158805,-0.00859723370908716,0.1368821292775665,-0.08485842124024368,0.06247365223429058,0.04197361533248656,0.020813312407082785,0.08043265146693268,-0.013448794997382718,,,,AllFeatures_Unweighted_XGB
Taiwan Credit Card Default,R4_F1,4,1,FrozenChi2Top75,Balanced,SoftVote,18,0.11119839997263625,0.13455750001594424,4.380045199999586,0.7359372000209987,0.8139379793264422,0.5919931856899489,0.5217717717717718,0.8973424774967853,0.5546687948922586,0.7095571246342786,0.43905528385661596,0.7825006210668448,0.5735376072287959,0.6842572428331095,0.4341347348205471,4187,479,637,695,18.606202067355785,29.226408802934312,61.08702900966989,114.18806268756252,0.7872589423971763,0.5718378725666694,0.3663663663663664,0.7011494252873564,0.4812623274161736,0.660894284769124,0.4176097323721819,0.5916371868990578,0.4437403541561278,,,,-0.004758321330331494,0.001699734662126473,0.15540540540540543,-0.1091562395974075,0.07340646747608504,0.04866283986515452,0.021445551484434056,0.09262005593405176,-0.009605619335580684,,,,AllFeatures_Unweighted_XGB
Taiwan Credit Card Default,R4_F2,4,2,FrozenChi2Top75,Balanced,SoftVote,18,0.10667680000187829,0.13209910003934056,4.520801300008316,0.7202386999852024,0.8150616461179607,0.5823888404533566,0.5142417244033872,0.8981501169466298,0.5461978740801309,0.7061959206750086,0.43194236672534664,0.7849169047912515,0.5567875669478647,0.679607434414706,0.44231623239519036,4224,479,631,668,18.493835388203934,29.006997667444185,60.54648450516495,113.11229590136621,0.789230155779884,0.5612352321858743,0.3610469591993841,0.672883787661406,0.469939879759519,0.656283632693462,0.4017690470324003,0.5861258509616157,0.4458412455843215,,,,-0.004313250988632444,-0.004447665238009657,0.1531947652040031,-0.0904949472080494,0.07625799432061187,0.049912287981546566,0.030173319692946343,0.09348158345309021,-0.003525013189131121,,,,AllFeatures_Unweighted_XGB
Taiwan Credit Card Default,R4_F3,4,3,FrozenChi2Top75,Balanced,SoftVote,18,0.10829030000604689,0.13392469997052103,4.395360199967399,0.7382248999783769,0.8046666666666666,0.5793581960104076,0.4929889298892989,0.8955866523143164,0.532695374800638,0.6942877911018077,0.4123697976529521,0.7760687800634734,0.5593083281255641,0.6644654282561091,0.41958142509304536,4160,485,687,668,19.533333333333335,30.983333333333334,65.33333333333333,122.58333333333333,0.7791599903081915,0.5620309588159844,0.3601476014760147,0.667578659370725,0.4678811121764142,0.6539166425033465,0.3935095674492129,0.58421462312812,0.4320401653962717,,,,-0.0030912102447181455,-0.0027226306904203357,0.13284132841328417,-0.08822046336031741,0.0648142626242238,0.04037114859846125,0.018860230203739226,0.0802508051279891,-0.012458740303226357,,,,AllFeatures_Unweighted_XGB
Taiwan Credit Card Default,R4_F4,4,4,FrozenChi2Top75,Balanced,SoftVote,18,0.10817710001720116,0.13208400004077703,4.516215599956922,0.7717857999959961,0.8046705587989992,0.5630983463881636,0.49164133738601823,0.892712117973926,0.5249492900608519,0.6921767276799722,0.4041881137390139,0.7685741471789819,0.5489140370604475,0.6624908901874846,0.4080027426430322,4177,502,669,647,19.532944120100083,30.692243536280234,64.17014178482069,119.96663886572144,0.7714208898194156,0.5520287810958993,0.3525835866261398,0.6507713884992987,0.4573681616559881,0.6496835436870815,0.3827935010659395,0.5777718602114423,0.4193776954652847,,,,-0.0028467426404337193,-0.0031147440354517553,0.13905775075987842,-0.08767304211113514,0.0675811284048638,0.042493183992890704,0.02139461267307441,0.0847190299760423,-0.011374952822252482,,,,AllFeatures_Unweighted_XGB
Taiwan Credit Card Default,R4_F5,4,5,FrozenChi2Top75,Balanced,SoftVote,18,0.11262830003397539,0.14849600003799424,4.6748969000182115,0.7560068999882787,0.8003330557868443,0.5524475524475524,0.532983508245877,0.8766859344894027,0.5425410148798169,0.7048347213676398,0.4150000775052261,0.7752297582743631,0.5539605901394313,0.6835635632433731,0.4276925442224295,4095,576,623,711,19.96669442131557,30.341382181515403,61.46544546211491,113.33888426311407,0.7862809122092776,0.55905982232178,0.389055472263868,0.6722797927461139,0.4928774928774929,0.6674457408418463,0.4159134182382904,0.6066157559188535,0.4364752434315919,,,,-0.011051153934914515,-0.005099232182348645,0.14392803598200904,-0.11983224029856154,0.04966352200232399,0.037388980525793536,-0.0009133407330643162,0.07694780732451956,-0.008782699209162359,,,,AllFeatures_Unweighted_XGB
Taiwan Credit Card Default,R5_F1,5,1,FrozenChi2Top75,Balanced,SoftVote,18,0.11084430001210421,0.13411199999973178,4.521106399944983,0.7377572000259534,0.8148024670778463,0.581024349286314,0.5306748466257669,0.893716719914803,0.5547094188376753,0.712195783270285,0.43881880339218243,0.785512505145142,0.5629840605298947,0.6886748022598703,0.44058537015621635,4196,499,612,692,18.51975329221537,28.721453575595934,59.326554425737626,110.33505584264044,0.7947165925112867,0.5687410695172419,0.3957055214723926,0.6907630522088354,0.5031691857630424,0.6732521217585605,0.4328550533292781,0.6133810431713665,0.4541809587277942,,,,-0.009204087366144642,-0.005757008987347212,0.13496932515337434,-0.10973870292252141,0.05154023307463296,0.03894366151172446,0.005963750062904338,0.07529375908850378,-0.013595588571577832,,,,AllFeatures_Unweighted_XGB
Taiwan Credit Card Default,R5_F2,5,2,FrozenChi2Top75,Balanced,SoftVote,18,0.1077876000199467,0.1373371999943629,4.413098299992271,0.7453867000294849,0.8074358119373124,0.5809443507588533,0.5115070527097253,0.8931412599440981,0.544018949861824,0.7023241563269117,0.4239645530897075,0.7771549955250661,0.5649465896159083,0.6759053584100781,0.44055153660147967,4154,497,658,689,19.256418806268755,30.226742247415807,63.137712570856955,117.9893297765922,0.7819386336279751,0.568579585984189,0.3659985152190051,0.6781292984869326,0.4754098360655737,0.6578433771536867,0.4036450342816515,0.5895629613767255,0.4384865385655981,,,,-0.004783638102909049,-0.0036329963682807387,0.14550853749072018,-0.09718494772807929,0.06860911379625029,0.044480779173225016,0.020319518808055992,0.08634239703335267,0.00206499803588156,,,,AllFeatures_Unweighted_XGB
Taiwan Credit Card Default,R5_F3,5,3,FrozenChi2Top75,Balanced,SoftVote,18,0.10899139998946339,0.13428669999120757,4.537986599956639,0.8356228999909945,0.806268756252084,0.567476948868399,0.5117157974300831,0.8896256684491979,0.5381558028616852,0.7006707329396404,0.4168865122921402,0.7729736743182122,0.5470452973333052,0.674711425977619,0.42676254340119885,4159,516,646,677,19.373124374791598,30.143381127042346,62.454151383794596,116.30543514504835,0.7752042231033828,0.5492351697681787,0.365079365079365,0.6491935483870968,0.467343976777939,0.6546252440370087,0.3890000180041463,0.5871093544725368,0.4258925388337153,,,,-0.002230548785170594,-0.002189872434873452,0.1466364323507181,-0.08171659951869781,0.0708118260837462,0.046045488902631715,0.02788649428799389,0.08760207150508226,0.0008700045674835399,,,,AllFeatures_Unweighted_XGB
Taiwan Credit Card Default,R5_F4,5,4,FrozenChi2Top75,Balanced,SoftVote,18,0.1606508999830112,0.13936689996626228,4.68105509999441,0.7435260000056587,0.8063280599500416,0.58,0.4951744617668894,0.8963074280807214,0.5342410893071686,0.6957409449238054,0.415003422994212,0.7789211940852292,0.555083167390145,0.6662045844014706,0.41870760301584575,4175,483,680,667,19.367194004995838,30.691090757701915,64.66278101582014,121.28226477935054,0.7856721184076186,0.5625099252494936,0.3489235337787676,0.6752873563218391,0.4601076847772883,0.6502024281173786,0.3914528925397763,0.5761894005931028,0.4389502553740433,,,,-0.00675092432238944,-0.007426757859348654,0.14625092798812178,-0.09528735632183916,0.07413340452988032,0.04553851680642684,0.023550530454435725,0.09001518380836782,-0.020242652358197555,,,,AllFeatures_Unweighted_XGB
Taiwan Credit Card Default,R5_F5,5,5,FrozenChi2Top75,Balanced,SoftVote,18,0.10964469995815307,0.1452032999950461,4.744348700041883,0.7518857999821194,0.8046666666666666,0.5597326649958229,0.5095057034220533,0.887513340448239,0.5334394904458599,0.6985095219351461,0.4109846907479623,0.774811123600521,0.5501318490263489,0.6724530532472406,0.4221449411802898,4158,527,645,670,19.533333333333335,30.283333333333335,62.53333333333333,116.28333333333333,0.7828737455920725,0.5516035902824951,0.3718631178707224,0.6763485477178424,0.479882237487733,0.6609582398318394,0.4090705249559485,0.5943818682125913,0.4391135855472728,,,,-0.0080626219915515,-0.0014717412561461307,0.13764258555133085,-0.1166158827220195,0.05355725295812691,0.037551282103306716,0.001914165792013811,0.07807118503464927,-0.016968644366983032,,,,AllFeatures_Unweighted_XGB
Australian Credit Approval,R1_F1,1,1,FrozenChi2Top75,Balanced,SoftVote,11,0.07443899998907,0.04310270003043115,0.5956629999564029,0.21413869998650625,0.8333333333333334,0.9142857142857143,0.7901234567901234,0.8947368421052632,0.847682119205298,0.8424301494476933,0.6744945610141342,0.9194282001299545,0.9491854996059536,0.8408047137128153,0.7303443794671864,51,6,17,64,16.666666666666668,28.985507246376812,65.94202898550725,127.53623188405797,0.9166125189517004,0.9490030610700748,0.8271604938271605,0.9178082191780822,0.8701298701298701,0.8609486679662118,0.7120939041127624,0.8602853992490769,0.7218973359324237,24.63768115942029,55.072463768115945,105.79710144927536,0.002815681178254148,0.00018243853587873726,-0.03703703703703709,-0.003522504892367939,-0.022447750924572074,-0.01851851851851849,-0.037599343098628224,-0.01948068553626159,0.008447043534762777,4.347826086956523,10.869565217391305,21.73913043478261,FrozenFS_Balanced_XGB
Australian Credit Approval,R1_F2,1,2,FrozenChi2Top75,Balanced,SoftVote,11,0.03635700000450015,0.036704299971461296,0.5972345999907702,0.21321549999993294,0.8840579710144928,0.922077922077922,0.8765432098765432,0.8947368421052632,0.8987341772151899,0.8856400259909032,0.7646835652004254,0.9361056963396145,0.9477765973802801,0.8855933059671065,0.806367771280052,51,6,10,71,11.594202898550725,18.840579710144926,40.57971014492754,76.81159420289855,0.9293913796837774,0.9400560244806402,0.8518518518518519,0.8846153846153846,0.8679245283018868,0.8469785575048733,0.6892704238533526,0.8469645375546981,0.7498375568551008,23.91304347826087,50.0,93.47826086956522,0.006714316655837105,0.007720572899639899,0.024691358024691357,0.03746253746253747,0.030809648913303067,0.038661468486029915,0.07541314134707278,0.038628768412408365,0.05653021442495121,-5.072463768115945,-9.420289855072461,-16.66666666666667,FrozenFS_Balanced_XGB
Australian Credit Approval,R1_F3,1,3,FrozenChi2Top75,Balanced,SoftVote,11,0.03892909997375682,0.03866419999394566,0.6457536999951117,0.20798579999245703,0.8840579710144928,0.9102564102564102,0.8875,0.8793103448275862,0.8987341772151899,0.883405172413793,0.7635263453909765,0.934051724137931,0.9342142620978742,0.8833956820329624,0.7935344827586207,51,7,9,71,11.594202898550725,18.115942028985508,37.68115942028985,70.28985507246377,0.9338362068965516,0.9435103513656452,0.9,0.9,0.9,0.8810344827586207,0.7620689655172413,0.8808303292720552,0.7793103448275862,17.391304347826086,34.78260869565217,63.76811594202898,0.00021551724137947037,-0.009296089267771035,-0.012500000000000067,0.01025641025641022,-0.0012658227848101333,0.0023706896551722867,0.0014573798737351762,0.0025653527609071913,0.014224137931034497,0.7246376811594217,2.89855072463768,6.5217391304347885,FrozenFS_Balanced_XGB
Australian Credit Approval,R1_F4,1,4,FrozenChi2Top75,Balanced,SoftVote,11,0.038479800045024604,0.03248380002332851,0.6054544000071473,0.21174030000111088,0.855072463768116,0.821917808219178,0.8955223880597015,0.8169014084507042,0.8571428571428571,0.8562118982552029,0.7133240796790038,0.9220096699600588,0.8932347246525048,0.8553090085490205,0.7456380071473617,58,13,7,60,14.492753623188406,19.565217391304348,34.78260869565217,60.14492753623188,0.9138112255623292,0.8698599587268862,0.8805970149253731,0.8082191780821918,0.8428571428571429,0.8417069581669119,0.6842775399930485,0.840808044033785,0.7298717679209585,21.73913043478261,39.130434782608695,68.1159420289855,0.008198444397729654,0.0233747659256186,0.014925373134328401,0.013698630136986245,0.014285714285714235,0.014504940088291063,0.029046539685955275,0.014500964515235526,0.01576623922640319,-2.1739130434782616,-4.347826086956523,-7.971014492753618,FrozenFS_Balanced_XGB
Australian Credit Approval,R1_F5,1,5,FrozenChi2Top75,Balanced,SoftVote,11,0.0372954000486061,0.039287100022193044,0.6220116000040434,0.20903099997667596,0.8985507246376812,0.9545454545454546,0.8513513513513513,0.953125,0.9,0.9022381756756757,0.803120872121694,0.9520692567567568,0.958538878507366,0.9008020075226058,0.8357263513513513,61,3,11,63,10.144927536231885,18.115942028985508,42.028985507246375,81.8840579710145,0.9404560810810813,0.9541454780078744,0.8513513513513513,0.9545454545454546,0.9,0.9022381756756755,0.803120872121694,0.9008020075226058,0.8158783783783784,18.115942028985508,42.028985507246375,81.8840579710145,0.011613175675675547,0.004393400499491551,0.0,0.0,0.0,1.1102230246251565e-16,0.0,0.0,0.019847972972972916,0.0,0.0,0.0,FrozenFS_Balanced_XGB
Australian Credit Approval,R2_F1,2,1,FrozenChi2Top75,Balanced,SoftVote,11,0.03913970000576228,0.033735300006810576,0.603899999987334,0.2091985999722965,0.8405797101449275,0.8591549295774648,0.8356164383561644,0.8461538461538461,0.8472222222222222,0.8408851422550052,0.6809098252468508,0.9106427818756586,0.9216611370875147,0.8408686361284067,0.7125395152792413,55,10,12,61,15.942028985507246,24.63768115942029,50.72463768115942,94.20289855072464,0.9034773445732348,0.8955867295758402,0.8356164383561644,0.8133333333333334,0.8243243243243243,0.8101159114857746,0.6215430967882567,0.8097144639758881,0.6680716543730242,27.536231884057973,53.6231884057971,97.10144927536231,0.007165437302423805,0.026074407511674558,0.0,0.0458215962441314,0.022897897897897868,0.03076923076923066,0.05936672845859414,0.03115417215251859,0.04446786090621713,-2.8985507246376834,-2.89855072463768,-2.8985507246376727,FrozenFS_Balanced_XGB
Australian Credit Approval,R2_F2,2,2,FrozenChi2Top75,Balanced,SoftVote,11,0.03902510000625625,0.03756759996758774,0.6019586999900639,0.21029359998647124,0.8478260869565217,0.9342105263157895,0.8160919540229885,0.9019607843137255,0.8711656441717791,0.8590263691683571,0.6967843957280077,0.8992562542258282,0.9248015871917855,0.857952760309503,0.7363083164300204,46,5,16,71,15.217391304347826,26.81159420289855,61.594202898550726,119.56521739130434,0.9012846517917512,0.9291403101379726,0.8275862068965517,0.935064935064935,0.8780487804878049,0.8647734956051386,0.7090677039927678,0.863973555301107,0.7295469912102772,25.36231884057971,57.971014492753625,112.31884057971014,-0.0020283975659229903,-0.00433872294618709,-0.011494252873563204,-0.0008544087491455521,-0.006883136316025773,-0.005747126436781547,-0.012283308264760096,-0.006020794991604017,0.006761325219743153,1.44927536231884,3.6231884057971016,7.246376811594203,FrozenFS_Balanced_XGB
Australian Credit Approval,R2_F3,2,3,FrozenChi2Top75,Balanced,SoftVote,11,0.03905560000566766,0.037156499980483204,0.6043115999782458,0.2470218999660574,0.8695652173913043,0.8970588235294118,0.8472222222222222,0.8939393939393939,0.8714285714285714,0.8705808080808081,0.7405385293628164,0.9280303030303031,0.9293184325493824,0.870267384121294,0.7866161616161615,59,7,11,61,13.043478260869565,21.014492753623188,44.927536231884055,84.78260869565217,0.9307659932659932,0.9083699364098504,0.875,0.8873239436619719,0.8811188811188811,0.8768939393939394,0.7533916279699863,0.876891894100632,0.8156565656565657,18.84057971014493,38.40579710144928,71.01449275362319,-0.0027356902356900914,0.02094849613953198,-0.02777777777777779,0.009734879867439927,-0.009690309690309706,-0.0063131313131313815,-0.012853098607169877,-0.006624509979337945,-0.0290404040404042,2.173913043478258,6.521739130434774,13.768115942028984,FrozenFS_Balanced_XGB
Australian Credit Approval,R2_F4,2,4,FrozenChi2Top75,Balanced,SoftVote,11,0.03874230000656098,0.03587149997474626,0.6014374999795109,0.23078859999077395,0.8695652173913043,0.8904109589041096,0.8666666666666667,0.873015873015873,0.8783783783783784,0.8698412698412699,0.738122026257206,0.9244444444444444,0.9162742692012507,0.8698354767504926,0.7555555555555555,55,8,10,65,13.043478260869565,20.28985507246377,42.028985507246375,78.26086956521739,0.9161904761904762,0.9046209880113604,0.8533333333333334,0.8767123287671232,0.8648648648648649,0.8552380952380952,0.7089772938899687,0.855235974119758,0.7346031746031746,22.463768115942027,46.3768115942029,86.23188405797102,0.00825396825396818,0.011653281189890285,0.013333333333333308,0.013698630136986356,0.013513513513513487,0.014603174603174618,0.029144732367237358,0.014599502630734507,0.020952380952380945,-2.173913043478258,-4.347826086956523,-7.971014492753625,FrozenFS_Balanced_XGB
Australian Credit Approval,R2_F5,2,5,FrozenChi2Top75,Balanced,SoftVote,11,0.03534040000522509,0.028015099989715964,0.6133289999561384,0.2183406000258401,0.9130434782608695,0.9210526315789473,0.9210526315789473,0.9032258064516129,0.9210526315789473,0.9121392190152802,0.8242784380305602,0.9817487266553481,0.9864024278741753,0.9120956670998251,0.8624787775891342,56,6,6,70,8.695652173913043,13.043478260869565,26.08695652173913,47.82608695652174,0.9781409168081494,0.9826520776896652,0.9342105263157896,0.9102564102564102,0.922077922077922,0.9106536502546688,0.8241104052471173,0.9103489135009686,0.8756366723259763,12.318840579710145,23.18840579710145,41.30434782608695,0.003607809847198662,0.0037503501845100873,-0.013157894736842257,0.010796221322537103,-0.001025290498974707,0.0014855687606113444,0.00016803278344290629,0.0017467535988565652,-0.013157894736842146,0.72463768115942,2.89855072463768,6.5217391304347885,FrozenFS_Balanced_XGB
Australian Credit Approval,R3_F1,3,1,FrozenChi2Top75,Balanced,SoftVote,11,0.03959310002392158,0.0347745000035502,0.6050195999559946,0.20957730000372976,0.8260869565217391,0.8529411764705882,0.8055555555555556,0.8484848484848485,0.8285714285714286,0.827020202020202,0.6534905591310713,0.9126683501683501,0.9270485232449476,0.826741606248097,0.6994949494949495,56,10,14,58,17.391304347826086,27.536231884057973,57.971014492753625,108.69565217391305,0.9154040404040404,0.934879673498654,0.8472222222222222,0.8243243243243243,0.8356164383561644,0.8251262626262625,0.6513499986498777,0.8248303570099235,0.6982323232323232,25.36231884057971,49.27536231884058,89.1304347826087,-0.0027356902356903134,-0.007831150253706398,-0.04166666666666663,0.02861685214626386,-0.007045009784735767,0.0018939393939394478,0.0021405604811935985,0.0019112492381735402,0.0012626262626262985,2.1739130434782616,8.695652173913047,19.565217391304344,FrozenFS_Balanced_XGB
Australian Credit Approval,R3_F2,3,2,FrozenChi2Top75,Balanced,SoftVote,11,0.03864139999495819,0.03833449998637661,0.6128931000130251,0.21408860001247376,0.8623188405797102,0.9014084507042254,0.8421052631578947,0.8870967741935484,0.8707482993197279,0.8646010186757216,0.7257448096720611,0.9180814940577249,0.9150278353412443,0.8643083144797217,0.7453310696095076,55,7,12,64,13.768115942028986,22.463768115942027,48.55072463768116,92.02898550724638,0.9151103565365024,0.9042372359313138,0.8552631578947368,0.9027777777777778,0.8783783783783784,0.8711799660441426,0.7392289188430581,0.8710345506666245,0.7584889643463497,21.014492753623188,44.927536231884055,84.78260869565217,0.0029711375212224667,0.010790599409930546,-0.013157894736842146,-0.0013693270735524177,-0.007630079058650541,-0.006578947368421018,-0.01348410917099696,-0.006726236186902823,-0.013157894736842146,1.44927536231884,3.6231884057971016,7.246376811594203,FrozenFS_Balanced_XGB
Australian Credit Approval,R3_F3,3,3,FrozenChi2Top75,Balanced,SoftVote,11,0.04098389996215701,0.03830339998239651,0.6099263000069186,0.21035379997920245,0.8695652173913043,0.881578947368421,0.881578947368421,0.8548387096774194,0.881578947368421,0.8682088285229201,0.7364176570458404,0.9514006791171477,0.9672400062697093,0.8681058747913175,0.7716468590831919,53,9,9,67,13.043478260869565,19.565217391304348,39.130434782608695,71.73913043478261,0.9390916808149404,0.9551656950821942,0.868421052631579,0.88,0.8741721854304636,0.8616298811544991,0.7222641164819655,0.8616031175014894,0.767402376910017,21.014492753623188,42.7536231884058,78.98550724637681,0.01230899830220722,0.012074311187515119,0.013157894736842035,0.0015789473684210131,0.007406761937957418,0.006578947368421018,0.014153540563874856,0.006502757289828076,0.004244482173174857,-1.44927536231884,-3.6231884057971016,-7.246376811594203,FrozenFS_Balanced_XGB
Australian Credit Approval,R3_F4,3,4,FrozenChi2Top75,Balanced,SoftVote,11,0.038679299992509186,0.03142020001541823,0.5994976999936625,0.21087020001141354,0.8913043478260869,0.8933333333333333,0.9054054054054054,0.875,0.8993288590604027,0.8902027027027026,0.7813132857250352,0.9353885135135135,0.9439048198838522,0.8900728788867402,0.8158783783783784,56,8,7,67,10.869565217391305,15.942028985507246,31.159420289855074,56.52173913043478,0.9339104729729728,0.9334488591949502,0.9054054054054054,0.9054054054054054,0.9054054054054054,0.8980152027027026,0.7960304054054054,0.8979847934064302,0.809543918918919,15.217391304347826,30.43478260869565,55.79710144927536,0.0014780405405406816,0.010455960688901977,0.0,-0.01207207207207206,-0.0060765463450026536,-0.0078125,-0.01471711968037015,-0.007911914519689978,0.0063344594594594295,0.72463768115942,0.7246376811594253,0.7246376811594217,FrozenFS_Balanced_XGB
Australian Credit Approval,R3_F5,3,5,FrozenChi2Top75,Balanced,SoftVote,11,0.038285199960228056,0.045434299972839653,0.6058470999705605,0.21083070000167936,0.855072463768116,0.9113924050632911,0.8470588235294118,0.8679245283018868,0.8780487804878049,0.8574916759156492,0.7029165611684973,0.9405105438401775,0.9532197915661125,0.8574282068230062,0.7786903440621532,46,7,13,72,14.492753623188406,23.91304347826087,52.17391304347826,99.27536231884058,0.920754716981132,0.9144337215519148,0.8588235294117647,0.8902439024390244,0.874251497005988,0.8445061043285238,0.6824539868586954,0.8443847296032333,0.7362930077691454,23.91304347826087,50.0,93.47826086956522,0.019755826859045533,0.03878607001419765,-0.0117647058823529,0.021148502624266707,0.003797283481816849,0.012985571587125433,0.020462574309801917,0.013043477219772948,0.04239733629300779,0.0,2.173913043478258,5.79710144927536,FrozenFS_Balanced_XGB
Australian Credit Approval,R4_F1,4,1,FrozenChi2Top75,Balanced,SoftVote,11,0.03848799999104813,0.03152560000307858,0.6052254000096582,0.20753210003022105,0.8623188405797102,0.8873239436619719,0.8513513513513513,0.875,0.8689655172413793,0.8631756756756757,0.7247463219391427,0.9353885135135136,0.9360190652058926,0.8630946833531258,0.7753378378378378,56,8,11,63,13.768115942028986,21.73913043478261,45.65217391304348,85.5072463768116,0.9360219594594594,0.9460268459842583,0.8783783783783784,0.8552631578947368,0.8666666666666667,0.8532516891891893,0.7083003377328887,0.8528816416095464,0.7461993243243243,21.014492753623188,40.57971014492754,73.18840579710145,-0.0006334459459458319,-0.010007780778365727,-0.027027027027027084,0.032060785767235034,0.0022988505747125743,0.009923986486486402,0.016445984206253983,0.010213041743579399,0.029138513513513487,0.7246376811594217,5.072463768115938,12.318840579710141,FrozenFS_Balanced_XGB
Australian Credit Approval,R4_F2,4,2,FrozenChi2Top75,Balanced,SoftVote,11,0.03909220005152747,0.03515279997373,0.603951999975834,0.21190890000434592,0.8188405797101449,0.875,0.7671232876712328,0.8769230769230769,0.8175182481751825,0.8220231822971549,0.644658026978921,0.9140147523709167,0.9319164366691512,0.8201878527532606,0.7072708113804005,57,8,17,56,18.115942028985508,30.434782608695652,67.3913043478261,128.9855072463768,0.9135932560590097,0.9322802552408476,0.7808219178082192,0.8636363636363636,0.8201438848920863,0.8211801896733404,0.6418870860183381,0.8201878527532606,0.7072708113804005,29.71014492753623,64.4927536231884,122.46376811594205,0.0004214963119070214,-0.00036381857169631715,-0.013698630136986356,0.011363636363636354,-0.0026256367169038564,0.0008429926238144869,0.002770940960582946,0.0,0.0,0.7246376811594217,2.898550724637687,6.521739130434767,FrozenFS_Balanced_XGB
Australian Credit Approval,R4_F3,4,3,FrozenChi2Top75,Balanced,SoftVote,11,0.03829480003332719,0.02733399998396635,0.6218421999947168,0.21059760003117844,0.8695652173913043,0.8955223880597015,0.8450704225352113,0.8955223880597015,0.8695652173913043,0.8702964052974564,0.7405928105949128,0.9194870716838344,0.8982153267591431,0.8699307345227857,0.7687618246794198,60,7,11,60,13.043478260869565,21.014492753623188,44.927536231884055,84.78260869565217,0.9224301030060964,0.9049805422215697,0.8309859154929577,0.8805970149253731,0.855072463768116,0.8557914652091654,0.7115829304183309,0.855431888947406,0.7389110784107631,23.18840579710145,49.27536231884058,92.7536231884058,-0.0029430313222620352,-0.006765215462426588,0.014084507042253502,0.014925373134328401,0.01449275362318836,0.014504940088291063,0.029009880176581904,0.014498845575379726,0.02985074626865669,-2.1739130434782616,-4.347826086956523,-7.971014492753625,FrozenFS_Balanced_XGB
Australian Credit Approval,R4_F4,4,4,FrozenChi2Top75,Balanced,SoftVote,11,0.037529799970798194,0.03281760000390932,0.6661127000115812,0.21191740001086146,0.8768115942028986,0.9294117647058824,0.8777777777777778,0.875,0.9028571428571428,0.8763888888888889,0.7371591589346116,0.9446759259259259,0.9743329005422932,0.8763877883423271,0.8138888888888889,42,6,11,79,12.318840579710145,20.28985507246377,44.20289855072464,84.05797101449275,0.913425925925926,0.9491096179462136,0.8555555555555555,0.8953488372093024,0.875,0.8340277777777778,0.6566040480906223,0.8337498958853842,0.7291666666666667,25.36231884057971,53.6231884057971,100.72463768115942,0.03124999999999989,0.025223282596079533,0.022222222222222254,0.03406292749658002,0.027857142857142803,0.04236111111111107,0.08055511084398925,0.04263789245694294,0.08472222222222214,-5.0724637681159415,-9.420289855072461,-16.66666666666667,FrozenFS_Balanced_XGB
Australian Credit Approval,R4_F5,4,5,FrozenChi2Top75,Balanced,SoftVote,11,0.039567200001329184,0.03590680001070723,0.6085937999887392,0.21261959994444624,0.9130434782608695,0.9315068493150684,0.9066666666666666,0.9206349206349206,0.918918918918919,0.9136507936507936,0.825556223358918,0.9451851851851851,0.9398944422223259,0.9136240992382998,0.8673015873015872,58,5,7,68,8.695652173913043,13.768115942028986,28.985507246376812,54.34782608695652,0.9415873015873016,0.9281223109958092,0.92,0.92,0.92,0.9123809523809524,0.8247619047619048,0.9123491395189413,0.8647619047619047,13.043478260869565,26.08695652173913,47.82608695652174,0.003597883597883489,0.011772131226516658,-0.01333333333333342,0.011506849315068401,-0.00108108108108107,0.0012698412698411987,0.0007943185970131772,0.0012749597193585371,0.0025396825396825085,0.7246376811594217,2.8985507246376834,6.521739130434781,FrozenFS_Balanced_XGB
Australian Credit Approval,R5_F1,5,1,FrozenChi2Top75,Balanced,SoftVote,11,0.037390499957837164,0.02476189995650202,0.6094199000508524,0.21015399997122586,0.8333333333333334,0.8513513513513513,0.84,0.8253968253968254,0.8456375838926175,0.8326984126984127,0.6646236391557118,0.9316402116402116,0.950574465316831,0.8326663997864531,0.7257142857142858,52,11,12,63,16.666666666666668,25.36231884057971,51.44927536231884,94.92753623188406,0.9365079365079364,0.9532275148279852,0.8533333333333334,0.8533333333333334,0.8533333333333334,0.8393650793650793,0.6787301587301587,0.8392488453007394,0.773968253968254,23.91304347826087,47.82608695652174,87.68115942028986,-0.004867724867724799,-0.002653049511154193,-0.01333333333333342,-0.0019819819819820728,-0.007695749440715938,-0.006666666666666599,-0.014106519574446974,-0.006582445514286328,-0.048253968253968216,1.44927536231884,3.6231884057971016,7.246376811594203,FrozenFS_Balanced_XGB
Australian Credit Approval,R5_F2,5,2,FrozenChi2Top75,Balanced,SoftVote,11,0.03924760001245886,0.03652279998641461,0.6163283999776468,0.20868979999795556,0.8695652173913043,0.9066666666666666,0.8607594936708861,0.8813559322033898,0.8831168831168831,0.871057712937138,0.7370723235746327,0.9156833297575627,0.9272774075412258,0.8709968346367406,0.7590645784166488,52,7,11,68,13.043478260869565,21.014492753623188,44.927536231884055,84.78260869565217,0.9225488092683972,0.9384627610206498,0.8734177215189873,0.8625,0.8679245283018868,0.8434885217764428,0.6885298702383348,0.8429573710285589,0.7464063505685474,22.463768115942027,44.20289855072464,80.43478260869566,-0.0068654795108344935,-0.011185353479424065,-0.012658227848101222,0.044166666666666576,0.015192354814996256,0.027569191160695117,0.04854245333629792,0.02803946360818166,0.012658227848101333,-1.44927536231884,0.7246376811594146,4.347826086956516,FrozenFS_Balanced_XGB
Australian Credit Approval,R5_F3,5,3,FrozenChi2Top75,Balanced,SoftVote,11,0.039451399992685765,0.04336609999882057,0.6133763000252657,0.21063549997052178,0.8985507246376812,0.9154929577464789,0.8904109589041096,0.9076923076923077,0.9027777777777778,0.8990516332982086,0.797095983990672,0.9498419388830347,0.9487942025157913,0.8990101101112221,0.8134878819810327,59,6,8,65,10.144927536231885,15.942028985507246,33.333333333333336,62.31884057971015,0.9289778714436248,0.9180318775227376,0.8767123287671232,0.8767123287671232,0.8767123287671232,0.8691253951527924,0.7382507903055848,0.8690922798747146,0.7877766069546891,19.565217391304348,39.130434782608695,71.73913043478261,0.02086406743940994,0.030762324993053647,0.013698630136986356,0.038780628979355636,0.02606544901065455,0.029926238145416173,0.05884519368508723,0.029917830236507514,0.025711275026343627,-3.6231884057971016,-5.79710144927536,-9.420289855072461,FrozenFS_Balanced_XGB
Australian Credit Approval,R5_F4,5,4,FrozenChi2Top75,Balanced,SoftVote,11,0.03706989996135235,0.03470509999897331,0.6109733000048436,0.2071144999936223,0.8985507246376812,0.9230769230769231,0.9,0.896551724137931,0.9113924050632911,0.8982758620689655,0.7931403520418913,0.9437499999999999,0.9586518963581967,0.8982742074245136,0.8137931034482759,52,6,8,72,10.144927536231885,15.942028985507246,33.333333333333336,62.31884057971015,0.9286637931034484,0.9455723726354976,0.9,0.9,0.9,0.8810344827586207,0.7620689655172413,0.8808303292720552,0.7870689655172414,17.391304347826086,34.78260869565217,63.76811594202898,0.01508620689655149,0.013079523722699049,0.0,0.023076923076923106,0.011392405063291089,0.01724137931034475,0.031071386524649913,0.017443878152458403,0.026724137931034564,-1.44927536231884,-1.4492753623188364,-1.4492753623188293,FrozenFS_Balanced_XGB
Australian Credit Approval,R5_F5,5,5,FrozenChi2Top75,Balanced,SoftVote,11,0.039143399975728244,0.03701679996447638,0.6043235000106506,0.21374760003527626,0.8478260869565217,0.9104477611940298,0.8026315789473685,0.9032258064516129,0.8531468531468531,0.8529286926994907,0.7025108373018846,0.9250848896434635,0.9197564748923204,0.8514443934739768,0.7699490662139219,56,6,15,61,15.217391304347826,26.08695652173913,58.69565217391305,113.04347826086956,0.9221137521222408,0.9098665722792916,0.7894736842105263,0.9090909090909092,0.8450704225352113,0.8463497453310695,0.6897779277026134,0.844436501516472,0.7860780984719864,27.536231884057973,62.31884057971015,120.28985507246377,0.0029711375212226887,0.0098899026130288,0.013157894736842146,0.0013568521031206426,0.008076430611641872,0.006578947368421129,0.012732909599271203,0.0070078919575048415,-0.016129032258064502,-1.4492753623188435,-3.6231884057971016,-7.246376811594203,FrozenFS_Balanced_XGB
Taiwan Credit Card Default,R1_F1,1,1,FrozenChi2Top75,Balanced,SoftVote,18,0.10133780003525317,0.12629859999287874,3.9009108999744058,0.6784715999965556,0.8116352725454242,0.575197889182058,0.5026902382782475,0.8971902937420179,0.5365053322395406,0.6999402660101327,0.4204726056063696,0.784021869413743,0.5553924978590703,0.671571889332859,0.42467627318802803,4215,483,647,654,18.836472745457577,29.6216036006001,61.97699616602767,115.90265044174029,0.7903269875581184,0.5593081201913271,0.6195234435049961,0.4746760895170789,0.5375125041680561,0.7148277072782536,0.3930627419944238,0.7084460095161254,0.4337232485473892,31.371895315885983,56.12602100350058,97.38289714952492,-0.006305118144375399,-0.003915622332256841,-0.11683320522674856,0.10052179966497915,-0.0010071719285155156,-0.014887441268120916,0.027409863611945806,-0.0368741201832663,-0.009046975359361165,-1.7502917152858828,5.850975162527085,18.51975329221537,FrozenFS_Balanced_XGB
Taiwan Credit Card Default,R1_F2,1,2,FrozenChi2Top75,Balanced,SoftVote,18,0.0921416999772191,0.12122179998550564,3.9735044999979436,0.6852118999813683,0.8062364515591129,0.575993091537133,0.49850523168908817,0.8946125778063962,0.5344551282051282,0.6965589047477422,0.41463412316806814,0.7741464917861535,0.5545887351970623,0.6678091421741319,0.41635313107279703,4168,491,671,667,19.376354844088713,30.56528264132066,64.13206603301651,120.07670501917626,0.7778131497902865,0.5502926475619305,0.6076233183856502,0.4693995381062356,0.529641693811075,0.7051853445330268,0.3769791091924658,0.6984039097815693,0.4231171261178277,32.8330832082708,59.09621477405369,102.8681007170252,-0.0036666580041330166,0.0042960876351317845,-0.10911808669656203,0.10659355343089738,0.00481343439405324,-0.008626439785284656,0.037655013975602336,-0.0305947676074374,-0.0067639950450306685,-2.2678005669501395,5.035851258962822,17.20860430215106,FrozenFS_Balanced_XGB
Taiwan Credit Card Default,R1_F3,1,3,FrozenChi2Top75,Balanced,SoftVote,18,0.09329180000349879,0.12147910002386197,4.085331699985545,0.7221036999835633,0.8027324225258248,0.5515202702702703,0.5,0.8869250425894378,0.5244979919678715,0.693462521294719,0.40119288524060703,0.7753743859424853,0.5354391469451536,0.6659298170939029,0.42229123348925546,4165,531,653,653,19.726757747417526,30.60646451182939,63.24558480506498,117.64411862712429,0.7837087573797779,0.5443705339256811,0.6385911179173047,0.4633333333333333,0.5370251126851255,0.7164420666247512,0.389801067078967,0.7121997364608434,0.4388782868219278,31.82272575808064,55.41486171276241,94.7350883038987,-0.008334371437292543,-0.008931386980527534,-0.13859111791730472,0.08818693693693697,-0.012527120717254037,-0.022979545330032214,0.011391818161640033,-0.04626991936694058,-0.016587053332672352,-1.2162612462512499,7.83072309230257,22.90903032322558,FrozenFS_Balanced_XGB
Taiwan Credit Card Default,R1_F4,1,4,FrozenChi2Top75,Balanced,SoftVote,18,0.10321540001314133,0.12575780000770465,4.2712968999985605,0.7110904000001028,0.8098333333333333,0.5791245791245792,0.5176824680210684,0.8929565403553843,0.5466825586015097,0.7053195041882263,0.42791410000838875,0.7744813385957798,0.5785209743096404,0.6799028942773594,0.4356485166386131,4171,500,641,688,19.016666666666666,29.7,61.75,115.16666666666667,0.7780654822456865,0.5719211805430129,0.6215199398043642,0.4685195689166194,0.5342820181112549,0.7104602482151772,0.3837179449589808,0.7048711838582711,0.4272488671032493,32.38333333333333,57.53333333333333,99.45,-0.003584143649906668,0.00659979376662756,-0.10383747178329572,0.11060501020795976,0.012400540490254852,-0.005140744026950861,0.04419615504940794,-0.024968289580911684,0.008399649535363818,-2.6833333333333336,4.216666666666669,15.716666666666669,FrozenFS_Balanced_XGB
Taiwan Credit Card Default,R1_F5,1,5,FrozenChi2Top75,Balanced,SoftVote,18,0.10400010005105287,0.12378610001178458,4.3216519999550655,0.717356099979952,0.80973008997001,0.5932203389830508,0.5139500734214391,0.896551724137931,0.5507474429583006,0.705250898779685,0.4326214021941957,0.7815474042989519,0.567036393365205,0.6788098588314754,0.4353549546812497,4160,480,662,700,19.026991002999,30.056647784071977,63.1456181272909,118.29390203265578,0.7856556028153324,0.5708490201406995,0.6534508076358296,0.4751735184196476,0.5502318392581144,0.7207986796799838,0.3991927835660575,0.7176454561686656,0.4480008481442098,32.10596467844052,55.69810063312229,95.01832722425858,-0.004108198516380557,-0.003812626775494543,-0.13950073421439058,0.11804682056340321,0.0005156037001862179,-0.015547780900298735,0.03342861862813823,-0.03883559733719022,-0.012645893462960134,-2.0493168943685447,7.447517494168615,23.275574808397195,FrozenFS_Balanced_XGB
Taiwan Credit Card Default,R2_F1,2,1,FrozenChi2Top75,Balanced,SoftVote,18,0.1024609999731183,0.13257150002755225,4.218110900023021,0.7211239000316709,0.8091743119266055,0.5723905723905723,0.5167173252279635,0.8914297926907458,0.5431309904153354,0.7040735589593548,0.4238146061699245,0.7795557626360035,0.5520579114128444,0.6786878650069413,0.4346694569475852,4171,508,636,680,19.08256880733945,29.691409507923268,61.517931609674726,114.56213511259382,0.7868519109180189,0.5524845515186885,0.6329787234042553,0.4790109258194364,0.5453355155482815,0.7196738028220251,0.4007394801926276,0.7144328839527627,0.4437168659554331,31.22602168473728,55.39616346955796,95.67973311092577,-0.007296148282015413,-0.0004266401058440339,-0.11626139817629177,0.09337964657113595,-0.0022045251329461113,-0.015600243862670338,0.023075125977296884,-0.03574501894582138,-0.009047409007847895,-1.5346121768140115,6.121768140116764,18.882402001668055,FrozenFS_Balanced_XGB
Taiwan Credit Card Default,R2_F2,2,2,FrozenChi2Top75,Balanced,SoftVote,18,0.10195240000030026,0.12744059995748103,4.325380900001619,0.7172730999882333,0.8145309115147475,0.5836177474402731,0.5225362872421696,0.8959931798806479,0.5513905683192262,0.7092647335614087,0.43599595185612056,0.7896726349223716,0.5893866525884842,0.6842433409315279,0.4364212087997254,4204,488,625,684,18.546908848525245,28.961839693384437,60.206632227962004,112.28128645225796,0.7954845039620125,0.5887894568074379,0.6394194041252865,0.4691704035874439,0.5412221144519883,0.7187932485247064,0.3953789207833777,0.7143973172891657,0.4472464875278175,31.511414764205966,55.10748208631895,94.43426095650725,-0.005811869039640927,0.0005971957810463335,-0.11688311688311692,0.11444734385282918,0.010168453867237859,-0.009528514963297652,0.04061703107274284,-0.030153976357637724,-0.01082527872809208,-2.549575070821529,5.099150141643051,17.847025495750714,FrozenFS_Balanced_XGB
Taiwan Credit Card Default,R2_F3,2,3,FrozenChi2Top75,Balanced,SoftVote,18,0.10255490004783496,0.1298895999789238,4.240484000009019,0.8450784000451677,0.8055648117294235,0.5671514114627887,0.5007552870090635,0.8918341171440787,0.5318892900120337,0.6962947020765711,0.41105224274833707,0.7724540466463191,0.5375409233613515,0.668274381743725,0.4116223784533633,4172,506,661,663,19.44351882705765,30.45651449516828,63.495501499500165,118.56047984005332,0.7779036410064983,0.5379592426082672,0.6238670694864048,0.456858407079646,0.5274584929757343,0.706974150390915,0.3741164281946844,0.7020724054002461,0.4203758287490846,32.95568143952016,57.84738420526491,99.33355548150617,-0.005449594360179222,-0.00041831924691571043,-0.12311178247734134,0.11029300438314271,0.004430797036299339,-0.010679448314343976,0.03693581455365269,-0.03379802365652107,-0.008753450295721277,-2.4991669443518845,5.648117294235256,19.22692435854715,FrozenFS_Balanced_XGB
Taiwan Credit Card Default,R2_F4,2,4,FrozenChi2Top75,Balanced,SoftVote,18,0.10279440000886098,0.1278930000262335,4.288497200002894,0.7074161000200547,0.8102615358987173,0.5888795282224094,0.5177777777777778,0.8951214270363207,0.551044540796216,0.7064496024070492,0.43282153248338484,0.7758181499789064,0.5629812429840122,0.6807892356171177,0.43172147001934236,4165,488,651,699,18.97384641012827,29.818424121272695,62.35215725470598,116.57504581042812,0.7769822734834555,0.5613075145106629,0.6192592592592593,0.4662576687116564,0.5319758192809417,0.7067927501970055,0.3772832482642594,0.701351466595243,0.4287871624041836,33.06679993336665,58.75395635515576,101.56588372480428,-0.001164123504549086,0.0016737284733493452,-0.1014814814814815,0.122621859510753,0.01906872151527428,-0.00034314778995625517,0.05553828421912543,-0.020562230978125262,0.002934307615158782,-3.2483758120939576,3.5982008995502213,15.009162085623842,FrozenFS_Balanced_XGB
Taiwan Credit Card Default,R2_F5,2,5,FrozenChi2Top75,Balanced,SoftVote,18,0.10258990002330393,0.12085659999866039,4.19510159996571,0.7237815000116825,0.8011335222537089,0.5614334470989761,0.49214659685863876,0.8897468897468898,0.5245117576723795,0.6909467433027643,0.40085899590111196,0.7667795480061748,0.5448342972606866,0.6617294793603277,0.4197353673793464,4148,514,679,658,19.886647774629104,31.205200866811136,65.16086014335723,121.75362560426738,0.774940422846182,0.5498222592447863,0.6185489902767389,0.4799767846778874,0.5405228758169934,0.7131783990422733,0.3921602251541205,0.7068724806195142,0.4320023089656597,31.938656442740456,57.44290715119187,99.94999166527757,-0.00816087484000727,-0.004987961984099787,-0.12640239341810017,0.08145666242108873,-0.01601111814461398,-0.022231655739509026,0.008698770746991435,-0.04514300125918658,-0.012266941586313307,-0.7334555759293195,7.717952992165358,21.80363393898982,FrozenFS_Balanced_XGB
Taiwan Credit Card Default,R3_F1,3,1,FrozenChi2Top75,Balanced,SoftVote,18,0.10328300000401214,0.12645589996827766,4.212325400032569,0.7218574000289664,0.7996332722120353,0.562012142237641,0.4817843866171004,0.8914911903738719,0.5188150520416333,0.6866377884954862,0.39509137461609795,0.7627394111153535,0.5346119128198248,0.655367481897618,0.4041676584718266,4149,505,697,648,20.036672778796465,31.65527587931322,66.51108518086347,124.60410068344724,0.7688142110635933,0.5433285768275871,0.6133828996282528,0.4700854700854701,0.532258064516129,0.7067773973861075,0.3791238832403884,0.7005795866598153,0.4173614095401805,32.838806467744625,58.84314052342057,102.18369728288047,-0.006074799948239784,-0.008716664007762276,-0.13159851301115238,0.09192667215217087,-0.013443012474495752,-0.020139608890621274,0.01596749137570952,-0.04521210476219739,-0.013193751068353854,-1.183530588431406,7.667944657442902,22.42040340056677,FrozenFS_Balanced_XGB
Taiwan Credit Card Default,R3_F2,3,2,FrozenChi2Top75,Balanced,SoftVote,18,0.10563359997468069,0.12188769999193028,4.386351399996784,0.754386099986732,0.8080639786737754,0.5654362416107382,0.5152905198776758,0.8896463570515551,0.5392,0.7024684384646155,0.4190367162550604,0.7831624143776492,0.5646476679974118,0.6770718823229748,0.43739844866698196,4176,518,634,674,19.19360213262246,29.75674775074975,61.44618460513162,114.26191269576807,0.785316247301194,0.5612591189131061,0.6529051987767585,0.4596340150699677,0.5394819962097284,0.7195075631719328,0.3920325889467709,0.7164183543981723,0.4410699324663276,31.856047984005333,54.54848383872043,92.3692102632456,-0.002153832923544763,0.0033885490843057475,-0.13761467889908263,0.10580222654077054,-0.0002819962097283524,-0.017039124707317277,0.027004127308289494,-0.03934647207519748,-0.0036714837993456206,-2.0993002332555832,6.897700766411191,21.89270243252247,FrozenFS_Balanced_XGB
Taiwan Credit Card Default,R3_F3,3,3,FrozenChi2Top75,Balanced,SoftVote,18,0.10514160001184791,0.1288529000012204,4.277808899991214,0.7207858999609016,0.8114685780963494,0.5807531380753138,0.5241691842900302,0.8928342245989305,0.5510123064708218,0.7085017044444804,0.43300105387292315,0.775162770408905,0.571979835627741,0.6841024683585369,0.4295857634457243,4174,501,630,694,18.853142190365062,29.354892482080345,60.86014335722621,113.36889481580263,0.7796793059437452,0.5705072184341266,0.6185800604229608,0.4758861127251598,0.5379310344827586,0.7128194419761862,0.390270091879527,0.7065624500521572,0.4371707837213435,31.87197866311052,57.12618769794966,99.21653608934822,-0.004516535534840216,0.0014726171936144672,-0.09441087613293053,0.10486702535015402,0.013081271988063192,-0.004317737531705834,0.042730961993396155,-0.02245998169362029,-0.007585020275619192,-2.5170861810301766,3.733955659276546,14.152358726454409,FrozenFS_Balanced_XGB
Taiwan Credit Card Default,R3_F4,3,4,FrozenChi2Top75,Balanced,SoftVote,18,0.10515649995068088,0.14208709995727986,4.648826100048609,0.7267541000037454,0.8076666666666666,0.5794314381270903,0.515625,0.8919673539518901,0.5456692913385827,0.7037961769759451,0.42536823915991057,0.7785257405958518,0.5649295989712437,0.6781745106397344,0.4341556210112911,4153,503,651,693,19.233333333333334,30.083333333333332,62.63333333333333,116.88333333333334,0.7879652055463509,0.5730110310323187,0.6443452380952381,0.4832589285714285,0.5522959183673469,0.7227310382916053,0.4057980812409431,0.7184676889308503,0.4514834928816887,31.366666666666667,55.266666666666666,95.1,-0.009439464950499077,-0.008081432061074922,-0.12872023809523814,0.09617250955566181,-0.006626627028764265,-0.018934861315660245,0.01957015791896749,-0.040293178291115894,-0.017327871870397582,-1.283333333333335,7.366666666666667,21.783333333333346,FrozenFS_Balanced_XGB
Taiwan Credit Card Default,R3_F5,3,5,FrozenChi2Top75,Balanced,SoftVote,18,0.10534680000273511,0.1317022999865003,4.4418982999632135,0.7210344000486657,0.8083333333333333,0.5698560541913632,0.511787072243346,0.8915688367129135,0.5392628205128205,0.7016779544781298,0.4196649371492815,0.7834019258940638,0.5434592171045138,0.6754949331006915,0.4286822680588075,4177,508,642,673,19.166666666666668,29.866666666666667,61.96666666666667,115.46666666666667,0.7879429130263644,0.5486776590611729,0.6319391634980989,0.4775862068965517,0.5440261865793781,0.718957842154599,0.3992351310408908,0.7136722835871336,0.4394098145119729,31.28333333333333,55.48333333333333,95.81666666666666,-0.004540987132300667,-0.005218441956659103,-0.1201520912547529,0.09226984729481152,-0.004763366066557584,-0.017279887676469263,0.02042980610839068,-0.03817735048644211,-0.010727546453165426,-1.4166666666666643,6.483333333333341,19.650000000000006,FrozenFS_Balanced_XGB
Taiwan Credit Card Default,R4_F1,4,1,FrozenChi2Top75,Balanced,SoftVote,18,0.11119839997263625,0.13455750001594424,4.380045199999586,0.7359372000209987,0.8139379793264422,0.5919931856899489,0.5217717717717718,0.8973424774967853,0.5546687948922586,0.7095571246342786,0.43905528385661596,0.7825006210668448,0.5735376072287959,0.6842572428331095,0.4341347348205471,4187,479,637,695,18.606202067355785,29.226408802934312,61.08702900966989,114.18806268756252,0.7846924560651523,0.5709297519544478,0.6298798798798799,0.478062678062678,0.5435698088759313,0.7167830603857179,0.3960999084939283,0.7114954623002774,0.4400725200125115,31.710570190063358,56.368789596532174,97.46582194064688,-0.0021918349983074403,0.0026078552743480365,-0.10810810810810811,0.11393050762727086,0.011098986016327306,-0.007225935751439372,0.042955375362687676,-0.027238219467167868,-0.0059377851919644176,-2.4841613871290456,4.7182394131377166,16.722240746915645,FrozenFS_Balanced_XGB
Taiwan Credit Card Default,R4_F2,4,2,FrozenChi2Top75,Balanced,SoftVote,18,0.10667680000187829,0.13209910003934056,4.520801300008316,0.7202386999852024,0.8150616461179607,0.5823888404533566,0.5142417244033872,0.8981501169466298,0.5461978740801309,0.7061959206750086,0.43194236672534664,0.7849169047912515,0.5567875669478647,0.679607434414706,0.44231623239519036,4224,479,631,668,18.493835388203934,29.006997667444185,60.54648450516495,113.11229590136621,0.7883767703022182,0.5572253462375587,0.642802155504234,0.467525195968645,0.5413290113452188,0.7202954005248152,0.3968592085576231,0.7161146982106876,0.449148554220792,31.30623125624792,54.49850049983339,93.15228257247584,-0.0034598655109666643,-0.000437779289694018,-0.1285604311008468,0.11486364448471159,0.0048688627349120495,-0.01409947984980664,0.03508315816772356,-0.03650726379598168,-0.006832321825601617,-2.299233588803734,6.047984005331557,19.96001332889037,FrozenFS_Balanced_XGB
Taiwan Credit Card Default,R4_F3,4,3,FrozenChi2Top75,Balanced,SoftVote,18,0.10829030000604689,0.13392469997052103,4.395360199967399,0.7382248999783769,0.8046666666666666,0.5793581960104076,0.4929889298892989,0.8955866523143164,0.532695374800638,0.6942877911018077,0.4123697976529521,0.7760687800634734,0.5593083281255641,0.6644654282561091,0.41958142509304536,4160,485,687,668,19.533333333333335,30.983333333333334,65.33333333333333,122.58333333333333,0.7799019697409031,0.5587052590086599,0.6132841328413284,0.4845481049562682,0.5413680781758957,0.7114859846122681,0.3914412761849181,0.7046763105202608,0.4304719990149309,32.2,58.4,102.06666666666666,-0.003833189677429738,0.0006030691169042202,-0.12029520295202956,0.0948100910541394,-0.008672703375257718,-0.01719819351046037,0.020928521468034034,-0.040210882264151704,-0.010890573921885527,-1.2166666666666686,6.93333333333333,20.516666666666666,FrozenFS_Balanced_XGB
Taiwan Credit Card Default,R4_F4,4,4,FrozenChi2Top75,Balanced,SoftVote,18,0.10817710001720116,0.13208400004077703,4.516215599956922,0.7717857999959961,0.8046705587989992,0.5630983463881636,0.49164133738601823,0.892712117973926,0.5249492900608519,0.6921767276799722,0.4041881137390139,0.7685741471789819,0.5489140370604475,0.6624908901874846,0.4080027426430322,4177,502,669,647,19.532944120100083,30.692243536280234,64.17014178482069,119.96663886572144,0.7706278814154428,0.5525415444169304,0.6109422492401215,0.4596912521440823,0.5246329526916803,0.7044880085696226,0.3724066339383577,0.6982496295236108,0.414700521180129,32.84403669724771,58.46538782318599,101.16763969974978,-0.0020537342364609357,-0.003627507356482873,-0.1193009118541033,0.10340709424408129,0.00031633736917158206,-0.012311280889650389,0.03178147980065621,-0.035758739336126166,-0.006697778537096799,-2.1517931609674754,5.704753961634694,18.79899916597165,FrozenFS_Balanced_XGB
Taiwan Credit Card Default,R4_F5,4,5,FrozenChi2Top75,Balanced,SoftVote,18,0.11262830003397539,0.14849600003799424,4.6748969000182115,0.7560068999882787,0.8003330557868443,0.5524475524475524,0.532983508245877,0.8766859344894027,0.5425410148798169,0.7048347213676398,0.4150000775052261,0.7752297582743631,0.5539605901394313,0.6835635632433731,0.4276925442224295,4095,576,623,711,19.96669442131557,30.341382181515403,61.46544546211491,113.33888426311407,0.7838450716838112,0.5543153724654842,0.6499250374812594,0.4539267015706806,0.5345252774352651,0.7133161903312955,0.3807965686656321,0.7104938769117553,0.4322031341426268,32.9225645295587,56.25312239800167,95.13738551207328,-0.0086153134094481,-0.00035478232605290483,-0.11694152923538237,0.09852085087687179,0.008015737444551752,-0.008481468963655647,0.034203508839594,-0.026930313668382166,-0.004510589920197261,-2.5811823480432956,5.212323064113235,18.201498751040788,FrozenFS_Balanced_XGB
Taiwan Credit Card Default,R5_F1,5,1,FrozenChi2Top75,Balanced,SoftVote,18,0.11084430001210421,0.13411199999973178,4.521106399944983,0.7377572000259534,0.8148024670778463,0.581024349286314,0.5306748466257669,0.893716719914803,0.5547094188376753,0.712195783270285,0.43881880339218243,0.785512505145142,0.5629840605298947,0.6886748022598703,0.44058537015621635,4196,499,612,692,18.51975329221537,28.721453575595934,59.326554425737626,110.33505584264044,0.7904818956336528,0.5664715210466881,0.6441717791411042,0.4791785510553337,0.549558390578999,0.724854792658944,0.407856873224233,0.7203504159576233,0.4519255898129455,30.688448074679112,53.892315385897646,92.56542757126188,-0.00496939048851075,-0.0034874605167933836,-0.11349693251533732,0.10184579823098028,0.0051510282586763045,-0.012659009388659048,0.03096193016794946,-0.03167561369775296,-0.011340219656729156,-1.966994499083178,5.43423903983998,17.769628271378565,FrozenFS_Balanced_XGB
Taiwan Credit Card Default,R5_F2,5,2,FrozenChi2Top75,Balanced,SoftVote,18,0.1077876000199467,0.1373371999943629,4.413098299992271,0.7453867000294849,0.8074358119373124,0.5809443507588533,0.5115070527097253,0.8931412599440981,0.544018949861824,0.7023241563269117,0.4239645530897075,0.7771549955250661,0.5649465896159083,0.6759053584100781,0.44055153660147967,4154,497,658,689,19.256418806268755,30.226742247415807,63.137712570856955,117.9893297765922,0.7818958555902834,0.5686142296932026,0.6362286562731997,0.4836343115124153,0.5495351074062199,0.7197483853286015,0.4019907415886384,0.7148861399143512,0.4415574589654067,31.593864621540515,56.10203401133711,96.94898299433144,-0.004740860065217345,-0.003667640077294365,-0.12472160356347439,0.097310039246438,-0.005516157544395939,-0.017424229001689828,0.021973811501069085,-0.03898078150427309,-0.0010059223639270476,-1.3671223741247083,7.0356785595198446,21.040346782260755,FrozenFS_Balanced_XGB
Taiwan Credit Card Default,R5_F3,5,3,FrozenChi2Top75,Balanced,SoftVote,18,0.10899139998946339,0.13428669999120757,4.537986599956639,0.8356228999909945,0.806268756252084,0.567476948868399,0.5117157974300831,0.8896256684491979,0.5381558028616852,0.7006707329396404,0.4168865122921402,0.7729736743182122,0.5470452973333052,0.674711425977619,0.42676254340119885,4159,516,646,677,19.373124374791598,30.143381127042346,62.454151383794596,116.30543514504835,0.7767227294958388,0.5504622608560594,0.6273620559334845,0.4573002754820937,0.5289993626513703,0.7083334343838545,0.3760775870043895,0.7036901947148854,0.4228383878804047,32.86095365121707,57.5191730576859,98.6162054018006,-0.0037490551776265812,-0.003416963522754224,-0.11564625850340138,0.11017667338630527,0.00915644021031492,-0.007662701444214104,0.04080892528775071,-0.028978768737266347,0.00392415552079417,-2.7175725241747273,4.934978326108698,17.68922974324775,FrozenFS_Balanced_XGB
Taiwan Credit Card Default,R5_F4,5,4,FrozenChi2Top75,Balanced,SoftVote,18,0.1606508999830112,0.13936689996626228,4.68105509999441,0.7435260000056587,0.8063280599500416,0.58,0.4951744617668894,0.8963074280807214,0.5342410893071686,0.6957409449238054,0.415003422994212,0.7789211940852292,0.555083167390145,0.6662045844014706,0.41870760301584575,4175,483,680,667,19.367194004995838,30.691090757701915,64.66278101582014,121.28226477935054,0.7861555169431745,0.5604571465028452,0.629547141796585,0.4807256235827664,0.5451623272259724,0.7164481093268026,0.396445877012456,0.7111582912406085,0.4388616402781748,31.873438800999168,56.80266444629476,98.35137385512073,-0.007234322857945341,-0.005373979112700211,-0.1343726800296956,0.09927437641723358,-0.010921237918803728,-0.020707164402997136,0.01855754598175602,-0.04495370683913791,-0.02015403726232906,-1.182348043297253,7.860116569525381,22.930890924229814,FrozenFS_Balanced_XGB
Taiwan Credit Card Default,R5_F5,5,5,FrozenChi2Top75,Balanced,SoftVote,18,0.10964469995815307,0.1452032999950461,4.744348700041883,0.7518857999821194,0.8046666666666666,0.5597326649958229,0.5095057034220533,0.887513340448239,0.5334394904458599,0.6985095219351461,0.4109846907479623,0.774811123600521,0.5501318490263489,0.6724530532472406,0.4221449411802898,4158,527,645,670,19.533333333333335,30.283333333333335,62.53333333333333,116.28333333333333,0.7836355815623846,0.5574295832704698,0.626615969581749,0.4549972390944229,0.527191298784389,0.7079718054952502,0.3748329202918045,0.7032818107551337,0.4358063717632928,32.81666666666667,57.36666666666667,98.28333333333332,-0.008824457961863597,-0.007297734244120835,-0.11711026615969578,0.10473542590139995,0.006248191661470948,-0.009462283560104034,0.036151770456157806,-0.030828757507893156,-0.01366143058300301,-2.533333333333335,5.166666666666664,18.000000000000014,FrozenFS_Balanced_XGB
