dataset,run_id,repeat,fold,model,train_records,test_records,original_predictors,transformed_features,runtime_seconds,accuracy,precision_adverse,recall_adverse,specificity,f1_adverse,balanced_accuracy,mcc,roc_auc,pr_auc,gmean,ks_statistic,tn,fp,fn,tp
Australian Credit Approval,R1_F1,1,1,LR,552,138,14,42,0.08612859999993816,0.8478260869565217,0.9285714285714286,0.8024691358024691,0.9122807017543859,0.8609271523178808,0.8573749187784275,0.7039317050432141,0.9194282001299545,0.9451472766613565,0.8556150456520223,0.7147498375568551,52,5,16,65
Australian Credit Approval,R1_F1,1,1,SVM,552,138,14,42,0.09148149995598942,0.8405797101449275,0.9402985074626866,0.7777777777777778,0.9298245614035088,0.8513513513513513,0.8538011695906433,0.6971121007998781,0.9287416071041802,0.9565666664012885,0.8504098312529189,0.7816764132553606,53,4,18,63
Australian Credit Approval,R1_F1,1,1,KNN,552,138,14,42,0.7839725000085309,0.7898550724637681,0.8333333333333334,0.8024691358024691,0.7719298245614035,0.8176100628930818,0.7871994801819363,0.5705197141258087,0.8861815031405675,0.9045463532528304,0.7870513701251914,0.6458739441195581,44,13,16,65
Australian Credit Approval,R1_F1,1,1,DT,552,138,14,42,0.0842986999778077,0.7898550724637681,0.8611111111111112,0.7654320987654321,0.8245614035087719,0.8104575163398693,0.794996751137102,0.581552530731848,0.794996751137102,0.7968032444683009,0.7944468299695642,0.589993502274204,47,10,19,62
Australian Credit Approval,R1_F1,1,1,RF,552,138,14,42,1.0995185999781825,0.855072463768116,0.9178082191780822,0.8271604938271605,0.8947368421052632,0.8701298701298701,0.8609486679662118,0.7120939041127624,0.9230019493177388,0.9507696532230097,0.8602853992490769,0.7446393762183235,51,6,14,67
Australian Credit Approval,R1_F1,1,1,XGB,552,138,14,42,0.5774468999588862,0.8405797101449275,0.9041095890410958,0.8148148148148148,0.8771929824561403,0.8571428571428571,0.8460038986354775,0.6826102681188947,0.9287416071041802,0.9469172564880869,0.8454287891696468,0.7322936972059779,50,7,15,66
Australian Credit Approval,R1_F2,1,2,LR,552,138,14,42,0.11104129999876022,0.8695652173913043,0.92,0.8518518518518519,0.8947368421052632,0.8846153846153846,0.8732943469785575,0.7380069296171955,0.9350227420402859,0.9411218426677157,0.8730310623726091,0.7803768680961662,51,6,12,69
Australian Credit Approval,R1_F2,1,2,SVM,552,138,14,42,0.08261260000290349,0.855072463768116,0.9295774647887324,0.8148148148148148,0.9122807017543859,0.868421052631579,0.8635477582846003,0.7163162909045578,0.9215941087286116,0.928700930376984,0.8621715786658298,0.7907732293697205,52,5,15,66
Australian Credit Approval,R1_F2,1,2,KNN,552,138,14,42,0.0749789999681525,0.8623188405797102,0.8875,0.8765432098765432,0.8421052631578947,0.8819875776397516,0.8593242365172189,0.7168651272549078,0.9053497942386832,0.9014989408509085,0.8591517039628986,0.718648473034438,48,9,10,71
Australian Credit Approval,R1_F2,1,2,DT,552,138,14,42,0.05950920004397631,0.855072463768116,0.8588235294117647,0.9012345679012346,0.7894736842105263,0.8795180722891566,0.8453541260558805,0.6992414815334496,0.8453541260558805,0.8319724669255786,0.8435051716847203,0.6907082521117609,45,12,8,73
Australian Credit Approval,R1_F2,1,2,RF,552,138,14,42,1.1573964999988675,0.8840579710144928,0.922077922077922,0.8765432098765432,0.8947368421052632,0.8987341772151899,0.8856400259909032,0.7646835652004254,0.9353476283300844,0.9407949450049808,0.8855933059671065,0.7979207277452891,51,6,10,71
Australian Credit Approval,R1_F2,1,2,XGB,552,138,14,42,0.5206338000134565,0.855072463768116,0.9066666666666666,0.8395061728395061,0.8771929824561403,0.8717948717948718,0.8583495776478232,0.7084609602852625,0.9369720597790773,0.9471047518813246,0.8581427174680365,0.7569850552306693,50,7,13,68
Australian Credit Approval,R1_F3,1,3,LR,552,138,14,42,0.11599489999935031,0.855072463768116,0.8947368421052632,0.85,0.8620689655172413,0.8717948717948718,0.8560344827586206,0.7066077679947536,0.9254310344827587,0.9199447021393272,0.8560132129176834,0.7560344827586206,50,8,12,68
Australian Credit Approval,R1_F3,1,3,SVM,552,138,14,42,0.08661599998595193,0.8478260869565217,0.9041095890410958,0.825,0.8793103448275862,0.8627450980392157,0.852155172413793,0.6964740653372284,0.9170258620689654,0.9461207639227106,0.8517223928503692,0.7306034482758621,51,7,14,66
Australian Credit Approval,R1_F3,1,3,KNN,552,138,14,42,0.06435270002111793,0.8478260869565217,0.8554216867469879,0.8875,0.7931034482758621,0.8711656441717791,0.840301724137931,0.686171608546814,0.8811422413793104,0.8702560205079178,0.8389751547839945,0.680603448275862,46,12,9,71
Australian Credit Approval,R1_F3,1,3,DT,552,138,14,42,0.06348830001661554,0.8043478260869565,0.8533333333333334,0.8,0.8103448275862069,0.8258064516129032,0.8051724137931034,0.6048300389582784,0.8051724137931034,0.798608695652174,0.8051557998728975,0.6103448275862069,47,11,16,64
Australian Credit Approval,R1_F3,1,3,RF,552,138,14,42,1.0798113000346348,0.8840579710144928,0.8902439024390244,0.9125,0.8448275862068966,0.9012345679012346,0.8786637931034482,0.7612754544142956,0.930926724137931,0.9329023318128877,0.8780120571004666,0.8012931034482758,49,9,7,73
Australian Credit Approval,R1_F3,1,3,XGB,552,138,14,42,0.5210971999913454,0.8695652173913043,0.9078947368421053,0.8625,0.8793103448275862,0.8846153846153846,0.8709051724137931,0.7361210464400549,0.934051724137931,0.9433906687929983,0.8708646119884498,0.7698275862068966,51,7,11,69
Australian Credit Approval,R1_F4,1,4,LR,552,138,14,42,0.0959953999845311,0.8768115942028986,0.8289473684210527,0.9402985074626866,0.8169014084507042,0.8811188811188811,0.8785999579566954,0.7608069861579639,0.9281059491276014,0.8871739339576376,0.876430930028353,0.7571999159133909,58,13,4,63
Australian Credit Approval,R1_F4,1,4,SVM,552,138,14,42,0.0770450999843888,0.8333333333333334,0.84375,0.8059701492537313,0.8591549295774648,0.8244274809160306,0.832562539415598,0.6665980705277463,0.9318898465419381,0.911550485350392,0.8321377451021125,0.7878915282741223,61,10,13,54
Australian Credit Approval,R1_F4,1,4,KNN,552,138,14,42,0.06207909999648109,0.8405797101449275,0.7647058823529411,0.9701492537313433,0.7183098591549296,0.8552631578947368,0.8442295564431365,0.7074525738295824,0.8866932940929156,0.8078634734520378,0.834786064693836,0.6884591128862729,51,20,2,65
Australian Credit Approval,R1_F4,1,4,DT,552,138,14,42,0.08152809995226562,0.8115942028985508,0.7469879518072289,0.9253731343283582,0.704225352112676,0.8266666666666667,0.8147992432205171,0.642702308854905,0.8147992432205171,0.7274744663273469,0.8072615569677517,0.6295984864410342,50,21,5,62
Australian Credit Approval,R1_F4,1,4,RF,552,138,14,42,1.090566199971363,0.8695652173913043,0.8181818181818182,0.9402985074626866,0.8028169014084507,0.875,0.8715577044355687,0.7478466668234028,0.9147571999159134,0.8515207570605628,0.8688426406203744,0.7431154088711374,57,14,4,63
Australian Credit Approval,R1_F4,1,4,XGB,552,138,14,42,0.4944277000031434,0.8623188405797102,0.8076923076923077,0.9402985074626866,0.7887323943661971,0.8689655172413793,0.8645154509144419,0.7350038036331852,0.9217994534370402,0.8816515481189896,0.8611874901611184,0.7555181837292411,56,15,4,63
Australian Credit Approval,R1_F5,1,5,LR,552,138,14,42,0.12612110003829002,0.8913043478260869,0.927536231884058,0.8648648648648649,0.921875,0.8951048951048951,0.8933699324324325,0.7846715615207802,0.9543918918918919,0.9653262890014012,0.8929150560368536,0.8179898648648649,59,5,10,64
Australian Credit Approval,R1_F5,1,5,SVM,552,138,14,42,0.08865630003856495,0.8768115942028986,0.9672131147540983,0.7972972972972973,0.96875,0.8740740740740741,0.8830236486486487,0.7692210342209089,0.934543918918919,0.9524674700516371,0.8788525227572352,0.7660472972972973,62,2,15,59
Australian Credit Approval,R1_F5,1,5,KNN,552,138,14,42,0.07624800002668053,0.855072463768116,0.8648648648648649,0.8648648648648649,0.84375,0.8648648648648649,0.8543074324324325,0.7086148648648649,0.9246199324324325,0.920121412932446,0.8542421961772492,0.7086148648648649,54,10,10,64
Australian Credit Approval,R1_F5,1,5,DT,552,138,14,42,0.06647299998439848,0.8188405797101449,0.8656716417910447,0.7837837837837838,0.859375,0.8226950354609929,0.8215793918918919,0.6417375862286712,0.8215793918918919,0.7944414239028126,0.8207095644557758,0.6431587837837838,55,9,16,58
Australian Credit Approval,R1_F5,1,5,RF,552,138,14,42,1.1014757999801077,0.8695652173913043,0.9375,0.8108108108108109,0.9375,0.8695652173913043,0.8741554054054055,0.7483108108108109,0.9482685810810811,0.9524092024307973,0.8718572905786447,0.7888513513513513,60,4,14,60
Australian Credit Approval,R1_F5,1,5,XGB,552,138,14,42,0.5001033999724314,0.9202898550724637,0.9565217391304348,0.8918918918918919,0.953125,0.9230769230769231,0.9225084459459459,0.8427953808926898,0.9451013513513514,0.9548840161032203,0.9220002491645322,0.856418918918919,61,3,8,66
Australian Credit Approval,R2_F1,2,1,LR,552,138,14,42,0.07168890000320971,0.8405797101449275,0.8591549295774648,0.8356164383561644,0.8461538461538461,0.8472222222222222,0.8408851422550052,0.6809098252468508,0.9064278187565858,0.9155725990132361,0.8408686361284067,0.7125395152792413,55,10,12,61
Australian Credit Approval,R2_F1,2,1,SVM,552,138,14,42,0.08015049999812618,0.8115942028985508,0.8507462686567164,0.7808219178082192,0.8461538461538461,0.8142857142857143,0.8134878819810327,0.626184460621138,0.9081138040042149,0.9252929706610269,0.8128317592925655,0.7091675447839831,55,10,16,57
Australian Credit Approval,R2_F1,2,1,KNN,552,138,14,42,0.06258569995407015,0.782608695652174,0.7866666666666666,0.8082191780821918,0.7538461538461538,0.7972972972972973,0.7810326659641729,0.5632536320537821,0.8599578503688092,0.8257562732277888,0.7805593628046236,0.5810326659641727,49,16,14,59
Australian Credit Approval,R2_F1,2,1,DT,552,138,14,42,0.07094830001005903,0.8043478260869565,0.8194444444444444,0.8082191780821918,0.8,0.8137931034482758,0.8041095890410959,0.6077710401079146,0.8041095890410961,0.763739990735226,0.8040990874673055,0.6082191780821917,52,13,14,59
Australian Credit Approval,R2_F1,2,1,RF,552,138,14,42,1.1385651000309736,0.8478260869565217,0.8421052631578947,0.8767123287671232,0.8153846153846154,0.8590604026845637,0.8460484720758693,0.6945162300798255,0.9024236037934669,0.8929041989386688,0.845492604932019,0.7228661749209694,53,12,9,64
Australian Credit Approval,R2_F1,2,1,XGB,552,138,14,42,0.5084977999795228,0.8478260869565217,0.8513513513513513,0.863013698630137,0.8307692307692308,0.8571428571428571,0.8468914646996839,0.694441827491691,0.8998946259220232,0.886221752477256,0.8467379916799929,0.7262381454162276,54,11,10,63
Australian Credit Approval,R2_F2,2,2,LR,552,138,14,42,0.12357289995998144,0.8333333333333334,0.9210526315789473,0.8045977011494253,0.8823529411764706,0.8588957055214724,0.843475321162948,0.6666035273631411,0.8864097363083164,0.9085053443060476,0.8425788675685038,0.7248140635564571,45,6,17,70
Australian Credit Approval,R2_F2,2,2,SVM,552,138,14,42,0.086234999995213,0.8115942028985508,0.9420289855072463,0.7471264367816092,0.9215686274509803,0.8333333333333334,0.8343475321162948,0.6455408670591645,0.9125535271579895,0.931143539317943,0.8297760450128512,0.7640297498309668,47,4,22,65
Australian Credit Approval,R2_F2,2,2,KNN,552,138,14,42,0.0694552999921143,0.8188405797101449,0.8604651162790697,0.8505747126436781,0.7647058823529411,0.8554913294797688,0.8076402974983097,0.6128681260833089,0.8751408609420779,0.8896001768276767,0.8064982865073448,0.6409736308316429,39,12,13,74
Australian Credit Approval,R2_F2,2,2,DT,552,138,14,42,0.05978429998503998,0.782608695652174,0.8904109589041096,0.7471264367816092,0.8431372549019608,0.8125,0.795131845841785,0.5707851632033185,0.7951318458417851,0.8246698568523958,0.7936813800088354,0.59026369168357,43,8,22,65
Australian Credit Approval,R2_F2,2,2,RF,552,138,14,42,1.1838627999532036,0.8478260869565217,0.9459459459459459,0.8045977011494253,0.9215686274509803,0.8695652173913043,0.8630831643002028,0.7028699478477669,0.9301329727293216,0.9326447481872354,0.8610992968865379,0.7951318458417851,47,4,17,70
Australian Credit Approval,R2_F2,2,2,XGB,552,138,14,42,0.5298257000395097,0.8405797101449275,0.9452054794520548,0.7931034482758621,0.9215686274509803,0.8625,0.8573360378634212,0.6910881071087144,0.9168356997971603,0.9376983636499537,0.8549264624833096,0.749154834347532,47,4,18,69
Australian Credit Approval,R2_F3,2,3,LR,552,138,14,42,0.11675909999758005,0.855072463768116,0.8611111111111112,0.8611111111111112,0.8484848484848485,0.8611111111111112,0.8547979797979799,0.7095959595959596,0.9313973063973064,0.9413901636629984,0.854774666587476,0.7853535353535354,56,10,10,62
Australian Credit Approval,R2_F3,2,3,SVM,552,138,14,42,0.09141829999862239,0.8913043478260869,0.9130434782608695,0.875,0.9090909090909091,0.8936170212765957,0.8920454545454546,0.7833494518006403,0.9244528619528619,0.9328293161826111,0.8918825850158447,0.7840909090909091,60,6,9,63
Australian Credit Approval,R2_F3,2,3,KNN,552,138,14,42,0.07769230002304539,0.855072463768116,0.8333333333333334,0.9027777777777778,0.803030303030303,0.8666666666666667,0.8529040404040404,0.7112166509433848,0.900462962962963,0.8812960087416609,0.8514446032819237,0.7058080808080809,53,13,7,65
Australian Credit Approval,R2_F3,2,3,DT,552,138,14,42,0.06453410000540316,0.8478260869565217,0.8311688311688312,0.8888888888888888,0.803030303030303,0.8590604026845637,0.8459595959595959,0.6959584509374038,0.8459595959595958,0.7967877533094925,0.8448696430838983,0.6919191919191918,53,13,8,64
Australian Credit Approval,R2_F3,2,3,RF,552,138,14,42,1.0978889999678358,0.8623188405797102,0.863013698630137,0.875,0.8484848484848485,0.8689655172413793,0.8617424242424243,0.7240183076545428,0.9223484848484848,0.8886854961778429,0.8616404368553291,0.7588383838383839,56,10,9,63
Australian Credit Approval,R2_F3,2,3,XGB,552,138,14,42,0.4956027999869548,0.8840579710144928,0.8783783783783784,0.9027777777777778,0.8636363636363636,0.8904109589041096,0.8832070707070707,0.7677076683116035,0.9307659932659933,0.9242566475016017,0.882990213519786,0.7840909090909091,57,9,7,65
Australian Credit Approval,R2_F4,2,4,LR,552,138,14,42,0.1046710999798961,0.855072463768116,0.8666666666666667,0.8666666666666667,0.8412698412698413,0.8666666666666667,0.853968253968254,0.707936507936508,0.9197883597883598,0.8961646772615433,0.8538738367584108,0.7422222222222223,53,10,10,65
Australian Credit Approval,R2_F4,2,4,SVM,552,138,14,42,0.07925279997289181,0.8768115942028986,0.9142857142857143,0.8533333333333334,0.9047619047619048,0.8827586206896552,0.8790476190476191,0.7553029809534813,0.9092063492063492,0.9153324807653744,0.8786714357844416,0.7580952380952382,57,6,11,64
Australian Credit Approval,R2_F4,2,4,KNN,552,138,14,42,0.07306669995887205,0.8478260869565217,0.8214285714285714,0.92,0.7619047619047619,0.8679245283018868,0.8409523809523809,0.6959661332669665,0.891005291005291,0.8580978943001394,0.8372289895556537,0.681904761904762,48,15,6,69
Australian Credit Approval,R2_F4,2,4,DT,552,138,14,42,0.08204519998980686,0.7681159420289855,0.7945205479452054,0.7733333333333333,0.7619047619047619,0.7837837837837838,0.7676190476190476,0.5341088996865447,0.7676190476190476,0.7376176295413936,0.7675977782708527,0.5352380952380953,48,15,17,58
Australian Credit Approval,R2_F4,2,4,RF,552,138,14,42,1.1565319999936037,0.8913043478260869,0.875,0.9333333333333333,0.8412698412698413,0.9032258064516129,0.8873015873015873,0.7816659401791309,0.924973544973545,0.9160957117338048,0.8861067572167505,0.8006349206349206,53,10,5,70
Australian Credit Approval,R2_F4,2,4,XGB,552,138,14,42,0.496942300000228,0.8623188405797102,0.868421052631579,0.88,0.8412698412698413,0.8741721854304636,0.8606349206349206,0.7222641164819655,0.9261375661375661,0.9208141138139275,0.8604170269802083,0.7447619047619047,53,10,9,66
Australian Credit Approval,R2_F5,2,5,LR,552,138,14,42,0.10475429997313768,0.9202898550724637,0.9452054794520548,0.9078947368421053,0.9354838709677419,0.9261744966442953,0.9216893039049237,0.8404407729406903,0.9664685908319185,0.9701667878883375,0.9215860691505119,0.8433786078098473,58,4,7,69
Australian Credit Approval,R2_F5,2,5,SVM,552,138,14,42,0.08420260000275448,0.8913043478260869,0.9552238805970149,0.8421052631578947,0.9516129032258065,0.8951048951048951,0.8968590831918506,0.7899550605860036,0.965195246179966,0.9743118265960228,0.8951861450533157,0.803904923599321,59,3,12,64
Australian Credit Approval,R2_F5,2,5,KNN,552,138,14,42,0.0743402999942191,0.8695652173913043,0.8625,0.9078947368421053,0.8225806451612904,0.8846153846153846,0.8652376910016979,0.7361210464400549,0.9411078098471987,0.9318420652620985,0.8641855346915492,0.7304753820033956,51,11,7,69
Australian Credit Approval,R2_F5,2,5,DT,552,138,14,42,0.06742699997266755,0.8333333333333334,0.8533333333333334,0.8421052631578947,0.8225806451612904,0.847682119205298,0.8323429541595926,0.6637708957809613,0.8323429541595925,0.8055530129672007,0.8322857025457899,0.664685908319185,51,11,12,64
Australian Credit Approval,R2_F5,2,5,RF,552,138,14,42,1.0868757999851368,0.8913043478260869,0.9178082191780822,0.881578947368421,0.9032258064516129,0.8993288590604027,0.8924023769100169,0.7820709557963443,0.9786714770797962,0.9837720581412505,0.8923367389543064,0.8374363327674024,56,6,9,67
Australian Credit Approval,R2_F5,2,5,XGB,552,138,14,42,0.5284426999860443,0.9057971014492754,0.8987341772151899,0.9342105263157895,0.8709677419354839,0.9161290322580645,0.9025891341256367,0.8095713569330298,0.9785653650254669,0.9824965916378956,0.9020350506480461,0.8565365025466893,54,8,5,71
Australian Credit Approval,R3_F1,3,1,LR,552,138,14,42,0.0973993000225164,0.8260869565217391,0.8636363636363636,0.7916666666666666,0.8636363636363636,0.8260869565217391,0.8276515151515151,0.6553030303030303,0.9074074074074074,0.9139175460774706,0.8268688657895648,0.6717171717171717,57,9,15,57
Australian Credit Approval,R3_F1,3,1,SVM,552,138,14,42,0.08454160002293065,0.8333333333333334,0.9016393442622951,0.7638888888888888,0.9090909090909091,0.8270676691729323,0.836489898989899,0.6769084933387522,0.8996212121212122,0.9077581252544925,0.8333333333333334,0.726010101010101,60,6,17,55
Australian Credit Approval,R3_F1,3,1,KNN,552,138,14,42,0.07196959998691455,0.782608695652174,0.7625,0.8472222222222222,0.7121212121212122,0.8026315789473685,0.7796717171717171,0.5660538783613636,0.8740530303030303,0.8471782658743635,0.7767399280485817,0.6590909090909091,47,19,11,61
Australian Credit Approval,R3_F1,3,1,DT,552,138,14,42,0.07092269998975098,0.8043478260869565,0.8260869565217391,0.7916666666666666,0.8181818181818182,0.8085106382978723,0.8049242424242424,0.6092717958449424,0.8049242424242423,0.7626811594202899,0.8048150549829897,0.6098484848484849,54,12,15,57
Australian Credit Approval,R3_F1,3,1,RF,552,138,14,42,1.0846800999715924,0.8333333333333334,0.855072463768116,0.8194444444444444,0.8484848484848485,0.8368794326241135,0.8339646464646464,0.6672976811635084,0.8947811447811448,0.8722344440229933,0.8338382308854609,0.6805555555555556,56,10,13,59
Australian Credit Approval,R3_F1,3,1,XGB,552,138,14,42,0.4937429999699816,0.8115942028985508,0.8026315789473685,0.8472222222222222,0.7727272727272727,0.8243243243243243,0.8099747474747474,0.6225752987168809,0.9105639730639731,0.9167151334441678,0.809117863584606,0.7007575757575757,51,15,11,61
Australian Credit Approval,R3_F2,3,2,LR,552,138,14,42,0.1080157000105828,0.8478260869565217,0.8985507246376812,0.8157894736842105,0.8870967741935484,0.8551724137931035,0.8514431239388794,0.699259856097678,0.9085314091680814,0.8917947847675999,0.8506963092234007,0.7219864176570459,55,7,14,62
Australian Credit Approval,R3_F2,3,2,SVM,552,138,14,42,0.0802471999777481,0.8188405797101449,0.9047619047619048,0.75,0.9032258064516129,0.8201438848920863,0.8266129032258065,0.6523265699916344,0.8966468590831919,0.915437220251988,0.8230548917531015,0.6795415959252971,56,6,19,57
Australian Credit Approval,R3_F2,3,2,KNN,552,138,14,42,0.05957679997663945,0.8115942028985508,0.8289473684210527,0.8289473684210527,0.7903225806451613,0.8289473684210527,0.809634974533107,0.6192699490662139,0.8769100169779287,0.8654406650864885,0.8094046104573049,0.6269100169779287,49,13,13,63
Australian Credit Approval,R3_F2,3,2,DT,552,138,14,42,0.06374429998686537,0.8478260869565217,0.8767123287671232,0.8421052631578947,0.8548387096774194,0.8590604026845637,0.8484719864176571,0.6945162300798255,0.8484719864176571,0.8252405880693395,0.8484480989255963,0.6969439728353141,53,9,12,64
Australian Credit Approval,R3_F2,3,2,RF,552,138,14,42,1.0974692000309005,0.8695652173913043,0.9142857142857143,0.8421052631578947,0.9032258064516129,0.8767123287671232,0.8726655348047538,0.7415635758808772,0.9251910016977928,0.9356233870453146,0.87213026861412,0.7627334465195247,56,6,12,64
Australian Credit Approval,R3_F2,3,2,XGB,552,138,14,42,0.4993244000361301,0.8768115942028986,0.8933333333333333,0.881578947368421,0.8709677419354839,0.8874172185430463,0.8762733446519524,0.7515107268324677,0.9293293718166384,0.9355792333170568,0.8762572824960341,0.765704584040747,54,8,9,67
Australian Credit Approval,R3_F3,3,3,LR,552,138,14,42,0.0995703000226058,0.8695652173913043,0.8717948717948718,0.8947368421052632,0.8387096774193549,0.8831168831168831,0.866723259762309,0.7359497572439373,0.9331494057724957,0.9336920460063228,0.8662704244156773,0.7848047538200339,52,10,8,68
Australian Credit Approval,R3_F3,3,3,SVM,552,138,14,42,0.08629749994724989,0.8695652173913043,0.9264705882352942,0.8289473684210527,0.9193548387096774,0.875,0.8741511035653651,0.7445196949191266,0.9547962648556876,0.9534394292352565,0.8729815428710669,0.8081494057724957,57,5,13,63
Australian Credit Approval,R3_F3,3,3,KNN,552,138,14,42,0.06111759995110333,0.8695652173913043,0.8625,0.9078947368421053,0.8225806451612904,0.8846153846153846,0.8652376910016979,0.7361210464400549,0.9185059422750426,0.8987586862607485,0.8641855346915492,0.7304753820033956,51,11,7,69
Australian Credit Approval,R3_F3,3,3,DT,552,138,14,42,0.08144859998719767,0.8405797101449275,0.8292682926829268,0.8947368421052632,0.7741935483870968,0.8607594936708861,0.8344651952461799,0.6776144025116877,0.83446519524618,0.7999479079458987,0.8322857025457899,0.6689303904923599,48,14,8,68
Australian Credit Approval,R3_F3,3,3,RF,552,138,14,42,1.0924219999578781,0.8913043478260869,0.8961038961038961,0.9078947368421053,0.8709677419354839,0.9019607843137255,0.8894312393887946,0.7801051469274306,0.9575551782682512,0.9701978418988795,0.8892395790013391,0.7831069609507639,54,8,7,69
Australian Credit Approval,R3_F3,3,3,XGB,552,138,14,42,0.5652563999756239,0.8913043478260869,0.8961038961038961,0.9078947368421053,0.8709677419354839,0.9019607843137255,0.8894312393887946,0.7801051469274306,0.9617996604414261,0.9740906255348891,0.8892395790013391,0.8111205432937182,54,8,7,69
Australian Credit Approval,R3_F4,3,4,LR,552,138,14,42,0.10738430003402755,0.8985507246376812,0.9166666666666666,0.8918918918918919,0.90625,0.9041095890410958,0.8990709459459459,0.796797085727035,0.9296875,0.9402486437495776,0.899042283225337,0.7981418918918919,58,6,8,66
Australian Credit Approval,R3_F4,3,4,SVM,552,138,14,42,0.10104430001229048,0.8695652173913043,0.8888888888888888,0.8648648648648649,0.875,0.8767123287671232,0.8699324324324325,0.7386182508961721,0.9320101351351351,0.9454730137884004,0.86991767240168,0.7711148648648649,56,8,10,64
Australian Credit Approval,R3_F4,3,4,KNN,552,138,14,42,0.06681879999814555,0.8478260869565217,0.8354430379746836,0.8918918918918919,0.796875,0.8627450980392157,0.8443834459459459,0.6942862404542155,0.8894636824324325,0.876678975176465,0.8430458773704734,0.6887668918918919,51,13,8,66
Australian Credit Approval,R3_F4,3,4,DT,552,138,14,42,0.04704970004968345,0.8188405797101449,0.8181818181818182,0.8513513513513513,0.78125,0.8344370860927153,0.8163006756756757,0.6352222212033746,0.8163006756756757,0.7762703414877328,0.815547817876575,0.6326013513513513,50,14,11,63
Australian Credit Approval,R3_F4,3,4,RF,552,138,14,42,1.1536399999749847,0.8985507246376812,0.9054054054054054,0.9054054054054054,0.890625,0.9054054054054054,0.8980152027027026,0.7960304054054054,0.9334881756756757,0.9171500352827306,0.8979847934064302,0.7960304054054054,57,7,7,67
Australian Credit Approval,R3_F4,3,4,XGB,552,138,14,42,0.5541021999670193,0.8913043478260869,0.8933333333333333,0.9054054054054054,0.875,0.8993288590604027,0.8902027027027026,0.7813132857250352,0.9284206081081081,0.9092611680835676,0.8900728788867402,0.8074324324324325,56,8,7,67
Australian Credit Approval,R3_F5,3,5,LR,552,138,14,42,0.12843570002587512,0.8840579710144928,0.948051948051948,0.8588235294117647,0.9245283018867925,0.9012345679012346,0.8916759156492786,0.767174184962543,0.9491675915649278,0.9665759902489308,0.8910705130726079,0.802219755826859,49,4,12,73
Australian Credit Approval,R3_F5,3,5,SVM,552,138,14,42,0.11146830004872754,0.8695652173913043,0.958904109589041,0.8235294117647058,0.9433962264150944,0.8860759493670886,0.8834628190899001,0.7472786004027243,0.9307436182019978,0.9450561256983353,0.8814275576589751,0.7904550499445061,50,3,15,70
Australian Credit Approval,R3_F5,3,5,KNN,552,138,14,42,0.07439189997967333,0.8623188405797102,0.875,0.9058823529411765,0.7924528301886793,0.8901734104046243,0.8491675915649279,0.7066184656077471,0.9320754716981132,0.9361047934585771,0.847271523424584,0.6983351831298557,42,11,8,77
Australian Credit Approval,R3_F5,3,5,DT,552,138,14,42,0.06191600003512576,0.7971014492753623,0.8701298701298701,0.788235294117647,0.8113207547169812,0.8271604938271605,0.799778024417314,0.587174121162887,0.799778024417314,0.8163018567110638,0.7996947253284162,0.5995560488346281,43,10,18,67
Australian Credit Approval,R3_F5,3,5,RF,552,138,14,42,1.1845597000210546,0.8333333333333334,0.8780487804878049,0.8470588235294118,0.8113207547169812,0.8622754491017964,0.8291897891231965,0.6521129268759313,0.9283018867924528,0.925449221834084,0.8289972279782125,0.7551609322974473,43,10,13,72
Australian Credit Approval,R3_F5,3,5,XGB,552,138,14,42,0.49952110002050176,0.8913043478260869,0.9166666666666666,0.9058823529411765,0.8679245283018868,0.9112426035502958,0.8869034406215317,0.7711581666508851,0.9258601553829079,0.9278972082706791,0.8867003517950548,0.7784683684794673,46,7,8,77
Australian Credit Approval,R4_F1,4,1,LR,552,138,14,42,0.09687020001001656,0.8768115942028986,0.88,0.8918918918918919,0.859375,0.8859060402684564,0.8756334459459459,0.7521408740827044,0.9343327702702703,0.9345776173263878,0.8754824924546434,0.7512668918918919,55,9,8,66
Australian Credit Approval,R4_F1,4,1,SVM,552,138,14,42,0.08894330001203343,0.8478260869565217,0.8955223880597015,0.8108108108108109,0.890625,0.851063829787234,0.8507179054054055,0.6998858376400675,0.9096283783783784,0.9128729109826306,0.8497813709292399,0.7191722972972973,57,7,14,60
Australian Credit Approval,R4_F1,4,1,KNN,552,138,14,42,0.059985100000631064,0.8115942028985508,0.8157894736842105,0.8378378378378378,0.78125,0.8266666666666667,0.8095439189189189,0.6206624597229019,0.875316722972973,0.8511159851594838,0.8090493253262194,0.6190878378378378,50,14,12,62
Australian Credit Approval,R4_F1,4,1,DT,552,138,14,42,0.05051410000305623,0.8043478260869565,0.8051948051948052,0.8378378378378378,0.765625,0.8211920529801324,0.8017314189189189,0.6059629867153687,0.8017314189189189,0.7615791963618052,0.8009179699535993,0.6034628378378378,49,15,12,62
Australian Credit Approval,R4_F1,4,1,RF,552,138,14,42,1.1471957000321709,0.8840579710144928,0.9027777777777778,0.8783783783783784,0.890625,0.8904109589041096,0.8845016891891893,0.7677076683116035,0.9344383445945946,0.9266235925091237,0.8844804934215583,0.809543918918919,57,7,9,65
Australian Credit Approval,R4_F1,4,1,XGB,552,138,14,42,0.4823170999879949,0.8623188405797102,0.8666666666666667,0.8783783783783784,0.84375,0.87248322147651,0.8610641891891893,0.7229684624403735,0.9275760135135136,0.9310625099846452,0.8608900956316996,0.7356418918918919,54,10,9,65
Australian Credit Approval,R4_F2,4,2,LR,552,138,14,42,0.11515409999992698,0.7898550724637681,0.8142857142857143,0.7808219178082192,0.8,0.7972027972027972,0.7904109589041096,0.5799060351078498,0.905163329820864,0.9311187761767203,0.7903527910032174,0.6781875658587987,52,13,16,57
Australian Credit Approval,R4_F2,4,2,SVM,552,138,14,42,0.08451399998739362,0.8260869565217391,0.8888888888888888,0.7671232876712328,0.8923076923076924,0.8235294117647058,0.8297154899894625,0.6608251273701853,0.9121180189673339,0.9244117313631551,0.827351201447975,0.7245521601685985,58,7,17,56
Australian Credit Approval,R4_F2,4,2,KNN,552,138,14,42,0.07521829998586327,0.7898550724637681,0.7894736842105263,0.821917808219178,0.7538461538461538,0.8053691275167785,0.7878819810326659,0.5777765957911338,0.8794520547945206,0.8772380580377306,0.7871464784293252,0.645732349841939,49,16,13,60
Australian Credit Approval,R4_F2,4,2,DT,552,138,14,42,0.04630280000856146,0.7681159420289855,0.7808219178082192,0.7808219178082192,0.7538461538461538,0.7808219178082192,0.7673340358271865,0.534668071654373,0.7673340358271865,0.7256248963152127,0.7672154844491238,0.534668071654373,49,16,16,57
Australian Credit Approval,R4_F2,4,2,RF,552,138,14,42,1.0989662000210956,0.8623188405797102,0.875,0.863013698630137,0.8615384615384616,0.8689655172413793,0.8622760800842992,0.7240183076545428,0.9181243414120126,0.9224900673501006,0.8622757645929902,0.7399367755532139,56,9,10,63
Australian Credit Approval,R4_F2,4,2,XGB,552,138,14,42,0.4870888000004925,0.8188405797101449,0.8428571428571429,0.8082191780821918,0.8307692307692308,0.8251748251748252,0.8194942044257113,0.6379808049517419,0.9209694415173867,0.9316777725536864,0.8194166369242709,0.6870389884088515,54,11,14,59
Australian Credit Approval,R4_F3,4,3,LR,552,138,14,42,0.09916849998990074,0.8695652173913043,0.8955223880597015,0.8450704225352113,0.8955223880597015,0.8695652173913043,0.8702964052974564,0.7405928105949128,0.908135379440824,0.8846967637990295,0.8699307345227857,0.7803237334454488,60,7,11,60
Australian Credit Approval,R4_F3,4,3,SVM,552,138,14,42,0.17580699996324256,0.8333333333333334,0.9,0.7605633802816901,0.9104477611940298,0.8244274809160306,0.83550557073786,0.6765086912333123,0.9287365986966576,0.9182064444843134,0.8321377451021125,0.733865881858314,61,6,17,54
Australian Credit Approval,R4_F3,4,3,KNN,552,138,14,42,0.07001339999260381,0.8478260869565217,0.8205128205128205,0.9014084507042254,0.7910447761194029,0.8590604026845637,0.8462266134118142,0.6981264501637001,0.8976245532898887,0.8604566914173777,0.8444255124517862,0.6924532268236283,53,14,7,64
Australian Credit Approval,R4_F3,4,3,DT,552,138,14,42,0.06515119998948649,0.7608695652173914,0.7435897435897436,0.8169014084507042,0.7014925373134329,0.7785234899328859,0.7591969728820686,0.5226411129640814,0.7591969728820686,0.7016424073986842,0.7570008201772317,0.5183939457641371,47,20,13,58
Australian Credit Approval,R4_F3,4,3,RF,552,138,14,42,1.1403164999792352,0.8840579710144928,0.8873239436619719,0.8873239436619719,0.8805970149253731,0.8873239436619719,0.8839604792936725,0.767920958587345,0.9274752995585454,0.9063815137843361,0.8839540802895489,0.767920958587345,59,8,8,63
Australian Credit Approval,R4_F3,4,3,XGB,552,138,14,42,0.5213166999747045,0.8840579710144928,0.8985507246376812,0.8732394366197183,0.8955223880597015,0.8857142857142857,0.88438091233971,0.7684388154951274,0.9373554761404247,0.9140967947129034,0.8843107291159588,0.8391843598906874,60,7,9,62
Australian Credit Approval,R4_F4,4,4,LR,552,138,14,42,0.12425090000033379,0.8840579710144928,0.9404761904761905,0.8777777777777778,0.8958333333333334,0.9080459770114943,0.8868055555555556,0.7549671397671291,0.9534722222222223,0.9772009495771452,0.8867596024811869,0.7958333333333334,43,5,11,79
Australian Credit Approval,R4_F4,4,4,SVM,552,138,14,42,0.10462929995264858,0.8913043478260869,0.9746835443037974,0.8555555555555555,0.9583333333333334,0.9112426035502958,0.9069444444444444,0.7835513108900654,0.9328703703703705,0.9656444544383354,0.9054873866638935,0.8250000000000001,46,2,13,77
Australian Credit Approval,R4_F4,4,4,KNN,552,138,14,42,0.09938879997935146,0.8405797101449275,0.8953488372093024,0.8555555555555555,0.8125,0.875,0.8340277777777778,0.6566040480906223,0.913888888888889,0.9371634584722786,0.8337498958853842,0.6930555555555555,39,9,13,77
Australian Credit Approval,R4_F4,4,4,DT,552,138,14,42,0.06916920002549887,0.8840579710144928,0.9512195121951219,0.8666666666666667,0.9166666666666666,0.9069767441860465,0.8916666666666666,0.7597794471834372,0.8916666666666666,0.9113467656415694,0.8913161304747291,0.7833333333333333,44,4,12,78
Australian Credit Approval,R4_F4,4,4,RF,552,138,14,42,1.163930899987463,0.8840579710144928,0.9302325581395349,0.8888888888888888,0.875,0.9090909090909091,0.8819444444444444,0.7507946495838717,0.9401620370370369,0.9729633249882434,0.8819171036881968,0.8138888888888889,42,6,10,80
Australian Credit Approval,R4_F4,4,4,XGB,552,138,14,42,0.538102800026536,0.8985507246376812,0.9418604651162791,0.9,0.8958333333333334,0.9204545454545454,0.8979166666666667,0.7821915167482881,0.9293981481481481,0.9537115532534974,0.8979142498033985,0.8055555555555555,43,5,9,81
Australian Credit Approval,R4_F5,4,5,LR,552,138,14,42,0.10954620002303272,0.8623188405797102,0.8888888888888888,0.8533333333333334,0.873015873015873,0.8707482993197279,0.8631746031746033,0.7242827748323657,0.9318518518518519,0.9065849019017382,0.8631184999601996,0.7746031746031746,55,8,11,64
Australian Credit Approval,R4_F5,4,5,SVM,552,138,14,42,0.08178109995787963,0.8478260869565217,0.8970588235294118,0.8133333333333334,0.8888888888888888,0.8531468531468531,0.8511111111111112,0.6996357595766752,0.932063492063492,0.9375491469037718,0.8502722875426217,0.7504761904761905,56,7,14,61
Australian Credit Approval,R4_F5,4,5,KNN,552,138,14,42,0.07538480003131554,0.8695652173913043,0.88,0.88,0.8571428571428571,0.88,0.8685714285714285,0.7371428571428571,0.9125925925925926,0.8796700042250223,0.8684962373468951,0.7371428571428571,54,9,9,66
Australian Credit Approval,R4_F5,4,5,DT,552,138,14,42,0.07085019996156916,0.8768115942028986,0.8625,0.92,0.8253968253968254,0.8903225806451613,0.8726984126984128,0.7521932899756555,0.8726984126984126,0.8369782608695653,0.8714155606626952,0.7453968253968255,52,11,6,69
Australian Credit Approval,R4_F5,4,5,RF,552,138,14,42,1.1555146000464447,0.8840579710144928,0.8933333333333333,0.8933333333333333,0.873015873015873,0.8933333333333333,0.8831746031746032,0.7663492063492063,0.9362962962962963,0.9149734632139748,0.8831161757629513,0.8063492063492064,55,8,8,67
Australian Credit Approval,R4_F5,4,5,XGB,552,138,14,42,0.485815400024876,0.9347826086956522,0.9230769230769231,0.96,0.9047619047619048,0.9411764705882353,0.9323809523809523,0.8689094676683313,0.9396825396825398,0.9321453060556003,0.931971796017148,0.8647619047619047,57,6,3,72
Australian Credit Approval,R5_F1,5,1,LR,552,138,14,42,0.08473340002819896,0.8333333333333334,0.8513513513513513,0.84,0.8253968253968254,0.8456375838926175,0.8326984126984127,0.6646236391557118,0.9164021164021163,0.918775886774825,0.8326663997864531,0.6704761904761904,52,11,12,63
Australian Credit Approval,R5_F1,5,1,SVM,552,138,14,42,0.0862046999973245,0.8333333333333334,0.8714285714285714,0.8133333333333334,0.8571428571428571,0.8413793103448276,0.8352380952380952,0.6680066565216719,0.9060317460317461,0.9111575386192999,0.834950811211569,0.6939682539682539,54,9,14,61
Australian Credit Approval,R5_F1,5,1,KNN,552,138,14,42,0.072267199982889,0.8043478260869565,0.8,0.8533333333333334,0.746031746031746,0.8258064516129032,0.7996825396825398,0.6048300389582784,0.871957671957672,0.8521004052308401,0.797880790979302,0.6063492063492063,47,16,11,64
Australian Credit Approval,R5_F1,5,1,DT,552,138,14,42,0.07646969996858388,0.782608695652174,0.7777777777777778,0.84,0.7142857142857143,0.8076923076923077,0.7771428571428571,0.5607311136255976,0.7771428571428571,0.7402898550724638,0.7745966692414834,0.5542857142857143,45,18,12,63
Australian Credit Approval,R5_F1,5,1,RF,552,138,14,42,1.1533653999795206,0.8405797101449275,0.8441558441558441,0.8666666666666667,0.8095238095238095,0.8552631578947368,0.8380952380952381,0.6782029522956753,0.9219047619047619,0.94100972220017,0.8376080835255243,0.7257142857142858,51,12,10,65
Australian Credit Approval,R5_F1,5,1,XGB,552,138,14,42,0.5236917000147514,0.8260869565217391,0.8311688311688312,0.8533333333333334,0.7936507936507936,0.8421052631578947,0.8234920634920635,0.6489096792387729,0.9373544973544973,0.9545037603642232,0.8229511997978235,0.7549206349206349,50,13,11,64
Australian Credit Approval,R5_F2,5,2,LR,552,138,14,42,0.10669539996888489,0.8623188405797102,0.8947368421052632,0.8607594936708861,0.864406779661017,0.8774193548387097,0.8625831366659515,0.7212312035934741,0.9006650933276121,0.8878988598158959,0.8625812089227879,0.7380390474147179,51,8,11,68
Australian Credit Approval,R5_F2,5,2,SVM,552,138,14,42,0.08786590001545846,0.8768115942028986,0.9305555555555556,0.8481012658227848,0.9152542372881356,0.8874172185430463,0.8816777515554601,0.756011107476102,0.9339197597082172,0.9433529221813282,0.8810381814619246,0.7968247157262389,54,5,12,67
Australian Credit Approval,R5_F2,5,2,KNN,552,138,14,42,0.0738005000166595,0.8333333333333334,0.8414634146341463,0.8734177215189873,0.7796610169491526,0.8571428571428571,0.8265393692340699,0.6579670675637798,0.8802832010298218,0.8698997225275944,0.8252089123251793,0.6530787384681399,46,13,10,69
Australian Credit Approval,R5_F2,5,2,DT,552,138,14,42,0.05691290000686422,0.8188405797101449,0.8214285714285714,0.8734177215189873,0.7457627118644068,0.8466257668711656,0.8095902166916971,0.6276539298303629,0.8095902166916971,0.7899140393636815,0.8070702377057596,0.6191804333833941,44,15,10,69
Australian Credit Approval,R5_F2,5,2,RF,552,138,14,42,1.110863599984441,0.8985507246376812,0.9113924050632911,0.9113924050632911,0.8813559322033898,0.9113924050632911,0.8963741686333404,0.7927483372666809,0.9332761210040764,0.9364226205970304,0.8962483488228284,0.8137738682686119,52,7,7,72
Australian Credit Approval,R5_F2,5,2,XGB,552,138,14,42,0.5016635000356473,0.8695652173913043,0.8860759493670886,0.8860759493670886,0.847457627118644,0.8860759493670886,0.8667667882428662,0.7335335764857327,0.9341343059429307,0.9431835506223878,0.8665516842621291,0.7461918043338339,50,9,9,70
Australian Credit Approval,R5_F3,5,3,LR,552,138,14,42,0.11268320004455745,0.8985507246376812,0.9154929577464789,0.8904109589041096,0.9076923076923077,0.9027777777777778,0.8990516332982086,0.797095983990672,0.963540569020021,0.9697593711991549,0.8990101101112221,0.828872497365648,59,6,8,65
Australian Credit Approval,R5_F3,5,3,SVM,552,138,14,42,0.0863851000322029,0.8913043478260869,0.953125,0.8356164383561644,0.9538461538461539,0.8905109489051095,0.8947312961011591,0.7902123589865963,0.951949420442571,0.9574073510011001,0.8927763022261787,0.8271865121180189,62,3,12,61
Australian Credit Approval,R5_F3,5,3,KNN,552,138,14,42,0.06932910002069548,0.8623188405797102,0.8375,0.9178082191780822,0.8,0.8758169934640523,0.8589041095890411,0.7258845368845166,0.921390937829294,0.8959465344626948,0.8568818911276314,0.7178082191780821,52,13,6,67
Australian Credit Approval,R5_F3,5,3,DT,552,138,14,42,0.07200129999546334,0.8405797101449275,0.84,0.863013698630137,0.8153846153846154,0.8513513513513513,0.8391991570073762,0.6798325615227314,0.8391991570073761,0.7973952749652571,0.8388611879978646,0.6783983140147524,53,12,10,63
Australian Credit Approval,R5_F3,5,3,RF,552,138,14,42,1.130051399988588,0.9130434782608695,0.9178082191780822,0.9178082191780822,0.9076923076923077,0.9178082191780822,0.9127502634351949,0.8255005268703899,0.9535300316122234,0.9328547180933786,0.9127362491348312,0.8408851422550052,59,6,6,67
Australian Credit Approval,R5_F3,5,3,XGB,552,138,14,42,0.5059475000016391,0.8695652173913043,0.8873239436619719,0.863013698630137,0.8769230769230769,0.875,0.8699683877766069,0.7390029046187614,0.9382507903055848,0.927839598869692,0.8699405887929961,0.7673340358271865,57,8,10,63
Australian Credit Approval,R5_F4,5,4,LR,552,138,14,42,0.11317540000891313,0.8840579710144928,0.9,0.9,0.8620689655172413,0.9,0.8810344827586207,0.7620689655172413,0.9379310344827587,0.9542445672055673,0.8808303292720552,0.7887931034482758,50,8,8,72
Australian Credit Approval,R5_F4,5,4,SVM,552,138,14,42,0.08429630001774058,0.8840579710144928,0.9324324324324325,0.8625,0.9137931034482759,0.8961038961038961,0.888146551724138,0.7683849878632619,0.9301724137931036,0.9424789602741618,0.8877761833503635,0.8043103448275862,53,5,11,69
Australian Credit Approval,R5_F4,5,4,KNN,552,138,14,42,0.07758420001482591,0.8768115942028986,0.8620689655172413,0.9375,0.7931034482758621,0.8982035928143712,0.865301724137931,0.7471296874116625,0.9268318965517242,0.9162184127092298,0.8622844558256983,0.7435344827586207,46,12,5,75
Australian Credit Approval,R5_F4,5,4,DT,552,138,14,42,0.06927300000097603,0.8405797101449275,0.8625,0.8625,0.8103448275862069,0.8625,0.8364224137931034,0.6728448275862069,0.8364224137931033,0.8236163949275364,0.8360157975738877,0.6728448275862069,47,11,11,69
Australian Credit Approval,R5_F4,5,4,RF,552,138,14,42,1.1586915000225417,0.8840579710144928,0.9,0.9,0.8620689655172413,0.9,0.8810344827586207,0.7620689655172413,0.9255387931034482,0.9247525404572704,0.8808303292720552,0.8012931034482758,50,8,8,72
Australian Credit Approval,R5_F4,5,4,XGB,552,138,14,42,0.49131720000877976,0.8913043478260869,0.9113924050632911,0.9,0.8793103448275862,0.9056603773584906,0.8896551724137931,0.7775527828800183,0.9230603448275861,0.9385635397495186,0.8895950260342217,0.7965517241379311,51,7,8,72
Australian Credit Approval,R5_F5,5,5,LR,552,138,14,42,0.10449930001050234,0.8623188405797102,0.9384615384615385,0.8026315789473685,0.9354838709677419,0.8652482269503546,0.8690577249575552,0.7355442899566484,0.932937181663837,0.9211556335974622,0.8665153757635434,0.7716468590831919,58,4,15,61
Australian Credit Approval,R5_F5,5,5,SVM,552,138,14,42,0.08030530001269653,0.8188405797101449,0.9473684210526315,0.7105263157894737,0.9516129032258065,0.8120300751879699,0.8310696095076401,0.6689166650096816,0.9000424448217317,0.9282369366248289,0.8222809800711417,0.6969439728353141,59,3,22,54
Australian Credit Approval,R5_F5,5,5,KNN,552,138,14,42,0.06023330002790317,0.8405797101449275,0.8970588235294118,0.8026315789473685,0.8870967741935484,0.8472222222222222,0.8448641765704584,0.6862419195936363,0.9017402376910016,0.9099504943608043,0.8438079666310841,0.6897283531409168,55,7,15,61
Australian Credit Approval,R5_F5,5,5,DT,552,138,14,42,0.0649124999763444,0.8115942028985508,0.8676470588235294,0.7763157894736842,0.8548387096774194,0.8194444444444444,0.8155772495755518,0.627964144268146,0.8155772495755518,0.7967565172522098,0.8146316884186935,0.6311544991511036,53,9,17,59
Australian Credit Approval,R5_F5,5,5,RF,552,138,14,42,1.0897735999897122,0.8623188405797102,0.9253731343283582,0.8157894736842105,0.9193548387096774,0.8671328671328671,0.8675721561969439,0.7316589117299243,0.9297538200339559,0.9303650383721125,0.8660254037844386,0.7848047538200339,57,5,14,62
Australian Credit Approval,R5_F5,5,5,XGB,552,138,14,42,0.48805949999950826,0.8913043478260869,0.9178082191780822,0.881578947368421,0.9032258064516129,0.8993288590604027,0.8924023769100169,0.7820709557963443,0.9265704584040747,0.9051533102051725,0.8923367389543064,0.8374363327674024,56,6,9,67
German Credit,R1_F1,1,1,LR,800,200,20,61,0.11621579999336973,0.755,0.6607142857142857,0.5522388059701493,0.8571428571428571,0.6016260162601627,0.7046908315565032,0.4303445905856841,0.828526540231175,0.6794747331021593,0.6880025784649456,0.5418022668611828,114,19,30,37
German Credit,R1_F1,1,1,SVM,800,200,20,61,0.25621620001038536,0.785,0.8333333333333334,0.44776119402985076,0.9548872180451128,0.5825242718446602,0.7013242060374818,0.49467053010514,0.8461452137807204,0.7412214575361619,0.6538818248855998,0.5286724273369992,127,6,37,30
German Credit,R1_F1,1,1,KNN,800,200,20,61,0.07025150000117719,0.69,0.5714285714285714,0.29850746268656714,0.8872180451127819,0.39215686274509803,0.5928627538996745,0.23070594293443766,0.720570081921221,0.5192179489392101,0.5146272510238383,0.3785209291886433,118,15,47,20
German Credit,R1_F1,1,1,DT,800,200,20,61,0.08917349996045232,0.705,0.5588235294117647,0.5671641791044776,0.7744360902255639,0.562962962962963,0.6708001346650208,0.34036116719676524,0.6708001346650206,0.46194468832309044,0.6627461123097314,0.3416002693300415,103,30,29,38
German Credit,R1_F1,1,1,RF,800,200,20,61,1.1557633999618702,0.765,0.7777777777777778,0.417910447761194,0.9398496240601504,0.5436893203883495,0.6788800359106721,0.43952331381694154,0.8180900011222085,0.7021628888894168,0.6267160259792048,0.4759286275389968,125,8,39,28
German Credit,R1_F1,1,1,XGB,800,200,20,61,0.5181153999874368,0.81,0.7959183673469388,0.582089552238806,0.924812030075188,0.6724137931034483,0.753450791156997,0.5562888497938473,0.8305465155425878,0.7029175365070379,0.7337052681366867,0.5278868813825608,123,10,28,39
German Credit,R1_F2,1,2,LR,800,200,20,61,0.15918870002496988,0.79,0.5882352941176471,0.4166666666666667,0.9078947368421053,0.4878048780487805,0.662280701754386,0.36901649783557855,0.7508223684210525,0.485690019770227,0.6150524153958024,0.4309210526315789,138,14,28,20
German Credit,R1_F2,1,2,SVM,800,200,20,61,0.17550670000491664,0.785,0.5714285714285714,0.4166666666666667,0.9013157894736842,0.4819277108433735,0.6589912280701754,0.3574123688791589,0.7628837719298246,0.5219721068590518,0.6128199128732968,0.4089912280701755,137,15,28,20
German Credit,R1_F2,1,2,KNN,800,200,20,61,0.07196420000400394,0.755,0.48148148148148145,0.2708333333333333,0.9078947368421053,0.3466666666666667,0.5893640350877193,0.2233727778455053,0.6720805921052632,0.3744149071554902,0.49587111016345453,0.24013157894736842,138,14,35,13
German Credit,R1_F2,1,2,DT,800,200,20,61,0.07263190002413467,0.655,0.3090909090909091,0.3541666666666667,0.75,0.3300970873786408,0.5520833333333334,0.09963360253669924,0.5520833333333334,0.2644696969696969,0.5153882032022076,0.10416666666666669,114,38,31,17
German Credit,R1_F2,1,2,RF,800,200,20,61,1.118019900051877,0.79,0.6,0.375,0.9210526315789473,0.46153846153846156,0.6480263157894737,0.35410026391408517,0.7741913377192983,0.5561967060674945,0.5877029324770341,0.45723684210526316,140,12,30,18
German Credit,R1_F2,1,2,XGB,800,200,20,61,0.47624579997500405,0.765,0.5128205128205128,0.4166666666666667,0.875,0.45977011494252873,0.6458333333333334,0.31440103672139846,0.7420504385964911,0.47602315017911606,0.60380736442456,0.43201754385964913,133,19,28,20
German Credit,R1_F3,1,3,LR,800,200,20,61,0.14425109996227548,0.75,0.6382978723404256,0.47619047619047616,0.8759124087591241,0.5454545454545454,0.6760514424748001,0.3857496115478564,0.7856563549994207,0.6679731587659403,0.6458336837206266,0.45881126173096975,120,17,33,30
German Credit,R1_F3,1,3,SVM,800,200,20,61,0.17251410003518686,0.765,0.8076923076923077,0.3333333333333333,0.9635036496350365,0.47191011235955055,0.648418491484185,0.41000322138783307,0.7926080407832232,0.6941006588804539,0.5667167574826766,0.5150040551500406,132,5,42,21
German Credit,R1_F3,1,3,KNN,800,200,20,61,0.0720183999510482,0.765,0.7352941176470589,0.3968253968253968,0.9343065693430657,0.5154639175257731,0.6655659830842312,0.4094851565421205,0.7269725408411539,0.5835801224565937,0.6088978363700573,0.39149577105781486,128,9,38,25
German Credit,R1_F3,1,3,DT,800,200,20,61,0.06921300000976771,0.665,0.46875,0.47619047619047616,0.7518248175182481,0.47244094488188976,0.6140076468543622,0.2270571041406971,0.6140076468543623,0.38821428571428573,0.5983408876767761,0.22801529370872434,103,34,33,30
German Credit,R1_F3,1,3,RF,800,200,20,61,1.102083599951584,0.775,0.8,0.38095238095238093,0.9562043795620438,0.5161290322580645,0.6685783802572124,0.43860880178059247,0.7865253157223959,0.6739616271810092,0.6035464647160604,0.44421272158498437,131,6,39,24
German Credit,R1_F3,1,3,XGB,800,200,20,61,0.47343529999488965,0.755,0.6521739130434783,0.47619047619047616,0.8832116788321168,0.5504587155963303,0.6797010775112965,0.39670891380520035,0.7814853435291392,0.6698895847519888,0.6485190744458142,0.4451396130228247,121,16,33,30
German Credit,R1_F4,1,4,LR,800,200,20,61,0.14421920001041144,0.73,0.6458333333333334,0.45588235294117646,0.8712121212121212,0.5344827586206896,0.6635472370766489,0.36280412531966827,0.7399732620320856,0.583966595583798,0.630214433132926,0.3952762923351159,115,17,37,31
German Credit,R1_F4,1,4,SVM,800,200,20,61,0.16670290002366528,0.735,0.7272727272727273,0.35294117647058826,0.9318181818181818,0.4752475247524752,0.642379679144385,0.36341614901704034,0.7721702317290554,0.6641831151903986,0.5734779902904675,0.4313725490196078,123,9,44,24
German Credit,R1_F4,1,4,KNN,800,200,20,61,0.05700919998344034,0.705,0.6551724137931034,0.27941176470588236,0.9242424242424242,0.3917525773195876,0.6018270944741533,0.2739918945100566,0.7063836898395721,0.5444187607623966,0.5081773379181903,0.3324420677361854,122,10,49,19
German Credit,R1_F4,1,4,DT,800,200,20,61,0.08763030002592131,0.71,0.6,0.4411764705882353,0.8484848484848485,0.5084745762711864,0.6448306595365418,0.31688471712175664,0.644830659536542,0.4547058823529412,0.6118264057738428,0.2896613190730838,112,20,38,30
German Credit,R1_F4,1,4,RF,800,200,20,61,1.096652400039602,0.73,0.7692307692307693,0.29411764705882354,0.9545454545454546,0.425531914893617,0.6243315508021391,0.3502607475045255,0.7628676470588235,0.6750207468210369,0.5298572101062741,0.4157754010695187,126,6,48,20
German Credit,R1_F4,1,4,XGB,800,200,20,61,0.47459180001169443,0.745,0.7297297297297297,0.39705882352941174,0.9242424242424242,0.5142857142857142,0.660650623885918,0.3919757230117758,0.7742869875222818,0.6871894209532132,0.6057875944798378,0.4211229946524064,122,10,41,27
German Credit,R1_F5,1,5,LR,800,200,20,61,0.146381999948062,0.735,0.5076923076923077,0.6111111111111112,0.7808219178082192,0.5546218487394958,0.6959665144596652,0.3715023874200174,0.78234398782344,0.5865279504307251,0.6907741669834574,0.4482496194824962,114,32,21,33
German Credit,R1_F5,1,5,SVM,800,200,20,61,0.16791139997076243,0.77,0.6,0.4444444444444444,0.8904109589041096,0.5106382978723404,0.667427701674277,0.37165555811971723,0.7763825469304921,0.5665334216558375,0.6290772639011698,0.4708269913749366,130,16,30,24
German Credit,R1_F5,1,5,KNN,800,200,20,61,0.07445159996859729,0.72,0.475,0.35185185185185186,0.8561643835616438,0.40425531914893614,0.6040081177067478,0.23087693761982436,0.6720573313039067,0.3934604284604285,0.5488561048633454,0.28437341451040077,125,21,35,19
German Credit,R1_F5,1,5,DT,800,200,20,61,0.0557989000226371,0.67,0.4166666666666667,0.5555555555555556,0.7123287671232876,0.47619047619047616,0.6339421613394216,0.2477703720798115,0.6339421613394216,0.3514814814814815,0.6290772639011698,0.26788432267884327,104,42,24,30
German Credit,R1_F5,1,5,RF,800,200,20,61,1.1026808000169694,0.765,0.5897435897435898,0.42592592592592593,0.8904109589041096,0.4946236559139785,0.6581684424150178,0.35446870596415236,0.7899543378995434,0.5851618235112307,0.615832048634873,0.4654997463216641,130,16,31,23
German Credit,R1_F5,1,5,XGB,800,200,20,61,0.47224929998628795,0.76,0.5576923076923077,0.5370370370370371,0.8424657534246576,0.5471698113207547,0.6897513952308474,0.3841101220961904,0.7954084221207509,0.5809594924991544,0.6726331184415121,0.5086250634195839,123,23,25,29
German Credit,R2_F1,2,1,LR,800,200,20,61,0.12630599999101833,0.79,0.7441860465116279,0.5079365079365079,0.9197080291970803,0.6037735849056604,0.7138222685667941,0.483536689607954,0.8039624608967675,0.7008862573308876,0.6834861261734088,0.5124551036959797,126,11,31,32
German Credit,R2_F1,2,1,SVM,800,200,20,61,0.1749219999765046,0.79,0.8387096774193549,0.4126984126984127,0.9635036496350365,0.5531914893617021,0.6881010311667246,0.48286700572510133,0.8190244467616731,0.7385378877670801,0.6305841948808321,0.5254315838257444,132,5,37,26
German Credit,R2_F1,2,1,KNN,800,200,20,61,0.06872469995869324,0.72,0.5945945945945946,0.3492063492063492,0.8905109489051095,0.44,0.6198586490557294,0.28677102467364807,0.7208898157803267,0.5302164263866391,0.5576487042892102,0.35754837214691226,122,15,41,22
German Credit,R2_F1,2,1,DT,800,200,20,61,0.08161620004102588,0.635,0.42424242424242425,0.4444444444444444,0.7226277372262774,0.43410852713178294,0.5835360908353608,0.16504802624971293,0.5835360908353608,0.36355218855218857,0.5667167574826766,0.1670721816707218,99,38,35,28
German Credit,R2_F1,2,1,RF,800,200,20,61,1.1925926000112668,0.78,0.7878787878787878,0.4126984126984127,0.948905109489051,0.5416666666666666,0.6808017610937318,0.45253065567869755,0.7959680222453945,0.7119463571741662,0.6257888082153155,0.4832580234040088,130,7,37,26
German Credit,R2_F1,2,1,XGB,800,200,20,61,0.5404556999565102,0.805,0.7608695652173914,0.5555555555555556,0.9197080291970803,0.6422018348623854,0.7376317923763179,0.5245970227043623,0.8097555323832696,0.7158187572378861,0.7148069005748959,0.5365542810798285,126,11,28,35
German Credit,R2_F2,2,2,LR,800,200,20,61,0.16748339997138828,0.76,0.4782608695652174,0.4782608695652174,0.8441558441558441,0.4782608695652174,0.6612083568605307,0.32241671372106157,0.7941840767927725,0.5316142364241315,0.6353949229215907,0.5059288537549407,130,24,24,22
German Credit,R2_F2,2,2,SVM,800,200,20,61,0.18578830000478774,0.75,0.4444444444444444,0.34782608695652173,0.8701298701298701,0.3902439024390244,0.6089779785431959,0.23874530803906677,0.7512704686617732,0.49642463705374423,0.5501398620998657,0.4059853190287973,134,20,30,16
German Credit,R2_F2,2,2,KNN,800,200,20,61,0.06718409998575225,0.76,0.4722222222222222,0.3695652173913043,0.8766233766233766,0.4146341463414634,0.6230942970073405,0.2696708660752153,0.689158667419537,0.38875727102435176,0.5691831943690163,0.3015245623941276,135,19,29,17
German Credit,R2_F2,2,2,DT,800,200,20,61,0.06758560001617298,0.665,0.3384615384615385,0.4782608695652174,0.7207792207792207,0.3963963963963964,0.5995200451722191,0.17883654616263367,0.599520045172219,0.2818729096989967,0.5871290291702582,0.1990400903444382,111,43,24,22
German Credit,R2_F2,2,2,RF,800,200,20,61,1.202013900037855,0.775,0.5151515151515151,0.3695652173913043,0.8961038961038961,0.43037974683544306,0.6328345567476001,0.30120705322537533,0.7902315076228119,0.5628907051323112,0.5754727023663513,0.5008469791078487,138,16,29,17
German Credit,R2_F2,2,2,XGB,800,200,20,61,0.46720680000726134,0.775,0.5121951219512195,0.45652173913043476,0.8701298701298701,0.4827586206896552,0.6633258046301524,0.3405129144675902,0.8027950310559008,0.5495064512871637,0.6302643902213004,0.5211744776962168,134,20,25,21
German Credit,R2_F3,2,3,LR,800,200,20,61,0.16487490001600236,0.75,0.6595744680851063,0.47692307692307695,0.8814814814814815,0.5535714285714286,0.6792022792022793,0.395915443681765,0.752022792022792,0.6199008679084743,0.6483817242943083,0.3971509971509972,119,16,34,31
German Credit,R2_F3,2,3,SVM,800,200,20,61,0.1778675999958068,0.75,0.7142857142857143,0.38461538461538464,0.9259259259259259,0.5,0.6552706552706553,0.38279561108483623,0.7683190883190884,0.6424047254461822,0.5967623950328608,0.4131054131054131,125,10,40,25
German Credit,R2_F3,2,3,KNN,800,200,20,61,0.07111520000034943,0.74,0.7241379310344828,0.3230769230769231,0.9407407407407408,0.44680851063829785,0.631908831908832,0.3509379854023846,0.7145299145299145,0.5412149625423126,0.551299940079467,0.34814814814814815,127,8,44,21
German Credit,R2_F3,2,3,DT,800,200,20,61,0.08035490004112944,0.645,0.45161290322580644,0.4307692307692308,0.7481481481481481,0.4409448818897638,0.5894586894586895,0.1811927022168365,0.5894586894586895,0.3795409429280397,0.5676963997412722,0.17891737891737897,101,34,37,28
German Credit,R2_F3,2,3,RF,800,200,20,61,1.197578799969051,0.73,0.6571428571428571,0.35384615384615387,0.9111111111111111,0.46,0.6324786324786325,0.32660542964119055,0.7609116809116808,0.6201653174506954,0.5677967615204955,0.38005698005698013,123,12,42,23
German Credit,R2_F3,2,3,XGB,800,200,20,61,0.517542899993714,0.725,0.6,0.46153846153846156,0.8518518518518519,0.5217391304347826,0.6566951566951567,0.3389834532487511,0.7603418803418803,0.6347435895073967,0.6270266287506402,0.4256410256410256,115,20,35,30
German Credit,R2_F4,2,4,LR,800,200,20,61,0.15587939997203648,0.77,0.625,0.5172413793103449,0.8732394366197183,0.5660377358490566,0.6952404079650316,0.41487327382900147,0.804638173870811,0.5750443269341857,0.6720681294819533,0.5262263234579893,124,18,28,30
German Credit,R2_F4,2,4,SVM,800,200,20,61,0.2708359000389464,0.76,0.631578947368421,0.41379310344827586,0.9014084507042254,0.5,0.6576007770762506,0.3645836710285026,0.8160514813016028,0.6620649700736495,0.6107344760953025,0.5099562894609033,128,14,34,24
German Credit,R2_F4,2,4,KNN,800,200,20,61,0.08988220000173897,0.74,0.6,0.3103448275862069,0.9154929577464789,0.4090909090909091,0.6129188926663429,0.2869919315388349,0.7222559494900438,0.47325716268464363,0.5330276767000167,0.3319572608062166,130,12,40,18
German Credit,R2_F4,2,4,DT,800,200,20,61,0.08955959999002516,0.725,0.5245901639344263,0.5517241379310345,0.795774647887324,0.5378151260504201,0.6737493929091792,0.3424830975866977,0.6737493929091792,0.4194290559638214,0.6626070340654454,0.3474987858183584,113,29,26,32
German Credit,R2_F4,2,4,RF,800,200,20,61,1.2280251000192948,0.77,0.6764705882352942,0.39655172413793105,0.9225352112676056,0.5,0.6595434677027683,0.3854550051474529,0.7969281204468188,0.6334802240938693,0.604841242481132,0.48324429334628466,131,11,35,23
German Credit,R2_F4,2,4,XGB,800,200,20,61,0.472590500023216,0.77,0.625,0.5172413793103449,0.8732394366197183,0.5660377358490566,0.6952404079650316,0.41487327382900147,0.8000242836328315,0.6199497186338137,0.6720681294819533,0.5152986886838271,124,18,28,30
German Credit,R2_F5,2,5,LR,800,200,20,61,0.15427880000788718,0.73,0.6521739130434783,0.4411764705882353,0.8787878787878788,0.5263157894736842,0.659982174688057,0.36016684982544495,0.7820855614973262,0.6517188548995794,0.6226560324604253,0.4959893048128342,116,16,38,30
German Credit,R2_F5,2,5,SVM,800,200,20,61,0.1721108999918215,0.715,0.7037037037037037,0.27941176470588236,0.9393939393939394,0.4,0.6094028520499108,0.30331586575580394,0.759024064171123,0.6140548125722068,0.5123257931824937,0.4073083778966132,124,8,49,19
German Credit,R2_F5,2,5,KNN,800,200,20,61,0.06894799997098744,0.68,0.5588235294117647,0.27941176470588236,0.8863636363636364,0.37254901960784315,0.5828877005347594,0.209058585066434,0.6784202317290553,0.46536036102144274,0.49765492844689746,0.28475935828876997,117,15,49,19
German Credit,R2_F5,2,5,DT,800,200,20,61,0.07846330001484603,0.635,0.463768115942029,0.47058823529411764,0.7196969696969697,0.46715328467153283,0.5951426024955437,0.18962092080840784,0.5951426024955437,0.39824381926683716,0.581962994456023,0.19028520499108736,95,37,36,32
German Credit,R2_F5,2,5,RF,800,200,20,61,1.1717551000183448,0.725,0.7241379310344828,0.3088235294117647,0.9393939393939394,0.4329896907216495,0.6241087344028521,0.3339463572037233,0.7671011586452763,0.6196789547739034,0.5386157738793562,0.44652406417112295,124,8,47,21
German Credit,R2_F5,2,5,XGB,800,200,20,61,0.47684759995900095,0.725,0.6382978723404256,0.4411764705882353,0.8712121212121212,0.5217391304347826,0.6561942959001783,0.3490132725484676,0.7781862745098038,0.6346753506296392,0.619966360998767,0.4353832442067736,115,17,38,30
German Credit,R3_F1,3,1,LR,800,200,20,61,0.1395815000287257,0.76,0.5714285714285714,0.4444444444444444,0.8767123287671232,0.5,0.6605783866057838,0.35005574122816596,0.8101217656012176,0.5517858075572504,0.6242194517126963,0.532724505327245,128,18,30,24
German Credit,R3_F1,3,1,SVM,800,200,20,61,0.18352250003954396,0.795,0.696969696969697,0.42592592592592593,0.9315068493150684,0.5287356321839081,0.6787163876204971,0.42751610080221775,0.8059360730593608,0.6634638501341484,0.6298832568824658,0.48579401319127347,136,10,31,23
German Credit,R3_F1,3,1,KNN,800,200,20,61,0.0707344000111334,0.75,0.5666666666666667,0.3148148148148148,0.910958904109589,0.40476190476190477,0.6128868594622019,0.2807124059251428,0.77720700152207,0.49940999322012514,0.5355215763171144,0.4599188229325215,133,13,37,17
German Credit,R3_F1,3,1,DT,800,200,20,61,0.07885749998968095,0.71,0.46551724137931033,0.5,0.7876712328767124,0.48214285714285715,0.6438356164383562,0.28145668837553656,0.6438356164383563,0.36775862068965515,0.6275632370035359,0.28767123287671237,115,31,27,27
German Credit,R3_F1,3,1,RF,800,200,20,61,1.1921755999792367,0.8,0.75,0.3888888888888889,0.952054794520548,0.5121951219512195,0.6704718417047184,0.4362271757693297,0.8024479959411467,0.6422173683401823,0.6084764015164724,0.48579401319127347,139,7,33,21
German Credit,R3_F1,3,1,XGB,800,200,20,61,0.5091304000234231,0.78,0.6190476190476191,0.48148148148148145,0.8904109589041096,0.5416666666666666,0.6859462201927955,0.40535680619312114,0.8012430238457635,0.6175357464600374,0.6547643756501244,0.4756468797564688,130,16,28,26
German Credit,R3_F2,3,2,LR,800,200,20,61,0.1534830000018701,0.74,0.64,0.48484848484848486,0.8656716417910447,0.5517241379310345,0.6752600633197647,0.38063322548660794,0.7797376752600634,0.6470518916008924,0.6478576879984433,0.5029398462234284,116,18,34,32
German Credit,R3_F2,3,2,SVM,800,200,20,61,0.20237810001708567,0.74,0.675,0.4090909090909091,0.9029850746268657,0.5094339622641509,0.6560379918588874,0.36685524117598534,0.7876526458616011,0.6934599062062237,0.6077853116640998,0.45884215287200364,121,13,39,27
German Credit,R3_F2,3,2,KNN,800,200,20,61,0.07960779999848455,0.725,0.6486486486486487,0.36363636363636365,0.9029850746268657,0.46601941747572817,0.6333107191316147,0.3228678261036999,0.6995137946630484,0.5554467522888575,0.5730254871776855,0.3220262324739937,121,13,42,24
German Credit,R3_F2,3,2,DT,800,200,20,61,0.08205009996891022,0.625,0.4383561643835616,0.48484848484848486,0.6940298507462687,0.460431654676259,0.5894391677973767,0.17471042559953343,0.5894391677973767,0.38253632212536326,0.5800856157274963,0.17887833559475352,93,41,34,32
German Credit,R3_F2,3,2,RF,800,200,20,61,1.157677099981811,0.78,0.7619047619047619,0.48484848484848486,0.9253731343283582,0.5925925925925926,0.7051108095884215,0.4735760411837162,0.7763455450022615,0.6735469067882055,0.6698251727865996,0.4559023066485753,124,10,34,32
German Credit,R3_F2,3,2,XGB,800,200,20,61,0.49218539998400956,0.765,0.6666666666666666,0.5757575757575758,0.8582089552238806,0.6178861788617886,0.7169832654907282,0.452038220783977,0.7990728177295342,0.6924571481464091,0.7029369157706425,0.48756218905472637,115,19,28,38
German Credit,R3_F3,3,3,LR,800,200,20,61,0.16092870000284165,0.785,0.5714285714285714,0.4897959183673469,0.8807947019867549,0.5274725274725275,0.6852953101770509,0.39131612845451413,0.7794296526557642,0.5639614411466461,0.6568178209767882,0.478578186241384,133,18,25,24
German Credit,R3_F3,3,3,SVM,800,200,20,61,0.17595000000437722,0.795,0.6176470588235294,0.42857142857142855,0.9139072847682119,0.5060240963855421,0.6712393566698203,0.39212686236417255,0.8086227868630896,0.5808177276970613,0.6258390772514513,0.5260170293282875,138,13,28,21
German Credit,R3_F3,3,3,KNN,800,200,20,61,0.07192750001559034,0.775,0.55,0.4489795918367347,0.8807947019867549,0.4943820224719101,0.6648871469117448,0.3545792570360052,0.7404378970131099,0.45474178516654107,0.6288551866606267,0.42127314501959723,133,18,27,22
German Credit,R3_F3,3,3,DT,800,200,20,61,0.07742070005042478,0.67,0.3559322033898305,0.42857142857142855,0.7483443708609272,0.3888888888888889,0.5884578997161779,0.1668466805672756,0.5884578997161779,0.29254237288135587,0.5663205947899603,0.1769157994323557,113,38,28,21
German Credit,R3_F3,3,3,RF,800,200,20,61,1.103099600004498,0.775,0.5625,0.3673469387755102,0.9072847682119205,0.4444444444444444,0.6373158534937153,0.32218666389390244,0.793620759562103,0.5562799360567575,0.5773112524455913,0.5233139613461278,137,14,31,18
German Credit,R3_F3,3,3,XGB,800,200,20,61,0.4820103999809362,0.775,0.55,0.4489795918367347,0.8807947019867549,0.4943820224719101,0.6648871469117448,0.3545792570360052,0.770509528314637,0.5528639169617,0.6288551866606267,0.5050682524665495,133,18,27,22
German Credit,R3_F4,3,4,LR,800,200,20,61,0.14342729997588322,0.695,0.5714285714285714,0.463768115942029,0.816793893129771,0.512,0.6402810045359,0.2970392204538952,0.7520743445071358,0.5638929361438911,0.6154697108142275,0.41387321606372385,107,24,37,32
German Credit,R3_F4,3,4,SVM,800,200,20,61,0.16472519998205826,0.705,0.6666666666666666,0.2898550724637681,0.9236641221374046,0.40404040404040403,0.6067595973005864,0.2842575625704319,0.7779621639561899,0.6331295671043095,0.5174250970472153,0.4275915477375816,121,10,49,20
German Credit,R3_F4,3,4,KNN,800,200,20,61,0.07321529998444021,0.715,0.6578947368421053,0.36231884057971014,0.9007633587786259,0.4672897196261682,0.631541099679168,0.31878828365800377,0.7153446177674521,0.5486451688450119,0.5712823608246251,0.3254784821329793,118,13,44,25
German Credit,R3_F4,3,4,DT,800,200,20,61,0.07731590000912547,0.705,0.5806451612903226,0.5217391304347826,0.8015267175572519,0.549618320610687,0.6616329239960173,0.33226502624604337,0.6616329239960174,0.46794530154277697,0.6466744564605643,0.3232658479920345,105,26,33,36
German Credit,R3_F4,3,4,RF,800,200,20,61,1.1167738999938592,0.72,0.696969696969697,0.3333333333333333,0.9236641221374046,0.45098039215686275,0.628498727735369,0.32913480579854587,0.7917358114835712,0.6468062414201252,0.5548765995358501,0.4917579378249806,121,10,46,23
German Credit,R3_F4,3,4,XGB,800,200,20,61,0.47787360002985224,0.685,0.5652173913043478,0.37681159420289856,0.8473282442748091,0.45217391304347826,0.6120699192388539,0.25318616557304763,0.7631375152118597,0.5685538680470902,0.565051419375559,0.43146365748423504,111,20,43,26
German Credit,R3_F5,3,5,LR,800,200,20,61,0.1408868000144139,0.77,0.6818181818181818,0.4838709677419355,0.8985507246376812,0.5660377358490566,0.6912108461898083,0.42696204471379057,0.7709209911173445,0.6620884088190985,0.659380473395787,0.41795231416549783,124,14,32,30
German Credit,R3_F5,3,5,SVM,800,200,20,61,0.16321460000472143,0.745,0.6896551724137931,0.3225806451612903,0.9347826086956522,0.43956043956043955,0.6286816269284713,0.33805306084781395,0.7829593267882188,0.6713729091015735,0.5491291077684715,0.46470313230481536,129,9,42,20
German Credit,R3_F5,3,5,KNN,800,200,20,61,0.06921009998768568,0.74,0.65625,0.3387096774193548,0.9202898550724637,0.44680851063829785,0.6294997662459093,0.3267418307451331,0.7111968209443666,0.5020306666686242,0.5583109169126993,0.3359046283309958,127,11,41,21
German Credit,R3_F5,3,5,DT,800,200,20,61,0.08018719998653978,0.66,0.45161290322580644,0.45161290322580644,0.7536231884057971,0.45161290322580644,0.6026180458158018,0.20523609163160356,0.6026180458158018,0.3739542143600416,0.5833917689291056,0.20523609163160353,104,34,34,28
German Credit,R3_F5,3,5,RF,800,200,20,61,1.2824922000290826,0.77,0.7666666666666667,0.3709677419354839,0.9492753623188406,0.5,0.6601215521271622,0.41479172795485486,0.7929523141654979,0.6620261479747673,0.5934227309721196,0.4441327723235156,131,7,39,23
German Credit,R3_F5,3,5,XGB,800,200,20,61,0.4858185999910347,0.73,0.5952380952380952,0.4032258064516129,0.8768115942028986,0.4807692307692308,0.6400187003272557,0.3179788520117877,0.7702197288452549,0.6594730988384339,0.5946032813385645,0.41070593735390365,121,17,37,25
German Credit,R4_F1,4,1,LR,800,200,20,61,0.13422939996235073,0.785,0.68,0.5573770491803278,0.8848920863309353,0.6126126126126126,0.7211345677556316,0.4702494739557202,0.8576483075834413,0.7059711569639554,0.7022951942895242,0.6198844203325864,123,16,27,34
German Credit,R4_F1,4,1,SVM,800,200,20,61,0.1818848000257276,0.785,0.7647058823529411,0.4262295081967213,0.9424460431654677,0.5473684210526316,0.6843377756810944,0.451880034779613,0.8478594173841255,0.7295621988880603,0.6337967446116801,0.5342611156976058,131,8,35,26
German Credit,R4_F1,4,1,KNN,800,200,20,61,0.06369270000141114,0.74,0.6216216216216216,0.3770491803278688,0.8992805755395683,0.46938775510204084,0.6381648779337186,0.32764632923537673,0.7670715886307347,0.559788689162912,0.5822997543293045,0.4171482486142234,125,14,38,23
German Credit,R4_F1,4,1,DT,800,200,20,61,0.08774290001019835,0.71,0.5238095238095238,0.5409836065573771,0.7841726618705036,0.532258064516129,0.6625781342139403,0.32228039715720347,0.6625781342139403,0.42337236533957845,0.6513252296529005,0.3251562684278807,109,30,28,33
German Credit,R4_F1,4,1,RF,800,200,20,61,1.1085073999711312,0.79,0.7714285714285715,0.4426229508196721,0.9424460431654677,0.5625,0.6925344969925699,0.4665894058545133,0.8265715296615167,0.7076009191231454,0.6458701484154716,0.48838306404057086,131,8,34,27
German Credit,R4_F1,4,1,XGB,800,200,20,61,0.47427250002510846,0.79,0.7021276595744681,0.5409836065573771,0.8992805755395683,0.6111111111111112,0.7201320910484728,0.4780694896171276,0.8307583441443567,0.6870645050839365,0.6974926874615887,0.509494044108975,125,14,28,33
German Credit,R4_F2,4,2,LR,800,200,20,61,0.15168239997001365,0.8,0.6521739130434783,0.5555555555555556,0.8904109589041096,0.6,0.7229832572298326,0.4704747090341772,0.7888127853881278,0.6539077839713735,0.7033297625912951,0.5050735667174023,130,16,24,30
German Credit,R4_F2,4,2,SVM,800,200,20,61,0.17951350001385435,0.79,0.7142857142857143,0.37037037037037035,0.9452054794520548,0.4878048780487805,0.6577879249112126,0.403769796619826,0.7757483510908169,0.660477988808093,0.591672294011441,0.49670218163368846,138,8,34,20
German Credit,R4_F2,4,2,KNN,800,200,20,61,0.061298999993596226,0.795,0.6857142857142857,0.4444444444444444,0.9246575342465754,0.5393258426966292,0.68455098934551,0.4312644768616442,0.7753678335870117,0.5325329239562817,0.6410607647560324,0.4337899543378995,135,11,30,24
German Credit,R4_F2,4,2,DT,800,200,20,61,0.08544629998505116,0.66,0.3870967741935484,0.4444444444444444,0.7397260273972602,0.41379310344827586,0.5920852359208524,0.17679009150855957,0.5920852359208524,0.32204301075268815,0.5733821790809959,0.1841704718417047,108,38,30,24
German Credit,R4_F2,4,2,RF,800,200,20,61,1.193726300029084,0.805,0.7777777777777778,0.3888888888888889,0.958904109589041,0.5185185185185185,0.673896499238965,0.45184471716744795,0.7989599188229326,0.6682506400500863,0.6106612430219159,0.5474378488077118,140,6,33,21
German Credit,R4_F2,4,2,XGB,800,200,20,61,0.5184257000219077,0.8,0.6944444444444444,0.46296296296296297,0.9246575342465754,0.5555555555555556,0.6938102486047691,0.4479266144617314,0.7539320142059869,0.6167948388519782,0.6542799032377671,0.4386098427194318,135,11,29,25
German Credit,R4_F3,4,3,LR,800,200,20,61,0.1344708999968134,0.73,0.58,0.46774193548387094,0.8478260869565217,0.5178571428571429,0.6577840112201964,0.3370526488229122,0.7369097709209911,0.5882058346640872,0.6297331298786496,0.407667134174848,117,21,33,29
German Credit,R4_F3,4,3,SVM,800,200,20,61,0.16898149996995926,0.74,0.6086956521739131,0.45161290322580644,0.8695652173913043,0.5185185185185185,0.6605890603085554,0.352973469813021,0.7431042543244507,0.5871800785620985,0.6266632846834626,0.4022907900888266,120,18,34,28
German Credit,R4_F3,4,3,KNN,800,200,20,61,0.06370500003686175,0.7,0.5263157894736842,0.3225806451612903,0.8695652173913043,0.4,0.5960729312762973,0.22652551147355068,0.6613487611033193,0.4392613706266175,0.529627141332376,0.22791023842917246,120,18,42,20
German Credit,R4_F3,4,3,DT,800,200,20,61,0.08073980000335723,0.71,0.5285714285714286,0.5967741935483871,0.7608695652173914,0.5606060606060606,0.6788218793828893,0.34678902314517834,0.6788218793828892,0.4404377880184332,0.6738451759700597,0.3576437587657784,105,33,25,37
German Credit,R4_F3,4,3,RF,800,200,20,61,1.1348730999743566,0.745,0.6410256410256411,0.4032258064516129,0.8985507246376812,0.49504950495049505,0.6508882655446471,0.3522699586811614,0.7538569424964936,0.604330047119567,0.601929265428846,0.39551192145862557,124,14,37,25
German Credit,R4_F3,4,3,XGB,800,200,20,61,0.46160070004407316,0.76,0.625,0.5645161290322581,0.8478260869565217,0.5932203389830508,0.70617110799439,0.4247348814202704,0.7751285647498831,0.6251813364716579,0.691817534253984,0.49883122954651704,117,21,27,35
German Credit,R4_F4,4,4,LR,800,200,20,61,0.14483060000929981,0.73,0.5932203389830508,0.5384615384615384,0.8222222222222222,0.5645161290322581,0.6803418803418804,0.3704371972428068,0.7964672364672365,0.6439230588293391,0.665383380266627,0.48262108262108266,111,24,30,35
German Credit,R4_F4,4,4,SVM,800,200,20,61,0.156585399992764,0.765,0.7142857142857143,0.46153846153846156,0.9111111111111111,0.5607476635514018,0.6863247863247863,0.42851990643561555,0.7992022792022792,0.667201159706039,0.6484695987575829,0.4626780626780627,123,12,35,30
German Credit,R4_F4,4,4,KNN,800,200,20,61,0.06992249999893829,0.745,0.675,0.4153846153846154,0.9037037037037037,0.5142857142857142,0.6595441595441596,0.37363235887853663,0.7139601139601139,0.5272343112178826,0.612686392361227,0.36524216524216524,122,13,38,27
German Credit,R4_F4,4,4,DT,800,200,20,61,0.07717999996384606,0.64,0.4492753623188406,0.47692307692307695,0.7185185185185186,0.4626865671641791,0.5977207977207978,0.19256633668409864,0.5977207977207978,0.38426978818283164,0.5853871049810225,0.19544159544159545,97,38,34,31
German Credit,R4_F4,4,4,RF,800,200,20,61,1.1106813999940641,0.76,0.717948717948718,0.4307692307692308,0.9185185185185185,0.5384615384615384,0.6746438746438747,0.4129159649782639,0.7916809116809117,0.6821315256669465,0.6290226670554215,0.45470085470085475,124,11,37,28
German Credit,R4_F4,4,4,XGB,800,200,20,61,0.4742176999570802,0.755,0.6481481481481481,0.5384615384615384,0.8592592592592593,0.5882352941176471,0.6988603988603989,0.41959331135788375,0.8011396011396013,0.6944713424677722,0.6802044271232456,0.45982905982905986,116,19,30,35
German Credit,R4_F5,4,5,LR,800,200,20,61,0.14876080001704395,0.71,0.5,0.3275862068965517,0.8661971830985915,0.3958333333333333,0.5968916949975716,0.22414311978485754,0.7480573093734824,0.49108808192795217,0.5326858827073846,0.43322000971345315,123,19,39,19
German Credit,R4_F5,4,5,SVM,800,200,20,61,0.1678593999822624,0.73,0.5769230769230769,0.25862068965517243,0.9225352112676056,0.35714285714285715,0.5905779504613891,0.2444271005149241,0.7404079650315687,0.5111497299674387,0.4884533678553239,0.4079650315687227,131,11,43,15
German Credit,R4_F5,4,5,KNN,800,200,20,61,0.0660787999513559,0.695,0.4482758620689655,0.22413793103448276,0.8873239436619719,0.2988505747126437,0.5557309373482273,0.1436439893585371,0.6556580864497329,0.39856035274909823,0.44596295013123266,0.26809130645944623,126,16,45,13
German Credit,R4_F5,4,5,DT,800,200,20,61,0.056987600051797926,0.685,0.45614035087719296,0.4482758620689655,0.7816901408450704,0.45217391304347826,0.6149830014570179,0.23116195519595978,0.614983001457018,0.36447670901391405,0.5919567735554134,0.22996600291403596,111,31,32,26
German Credit,R4_F5,4,5,RF,800,200,20,61,1.1163904999848455,0.735,0.6086956521739131,0.2413793103448276,0.9366197183098591,0.345679012345679,0.5889995143273433,0.2531775833817792,0.7690019426906265,0.5473938760254129,0.4754793598685441,0.4754735308402137,133,9,44,14
German Credit,R4_F5,4,5,XGB,800,200,20,61,0.47122359997592866,0.74,0.59375,0.3275862068965517,0.9084507042253521,0.4222222222222222,0.6180184555609519,0.29215172948250195,0.7850898494414764,0.5372123601255925,0.5455235286856877,0.47013113161729,129,13,39,19
German Credit,R5_F1,5,1,LR,800,200,20,61,0.12064859998645261,0.765,0.5818181818181818,0.5714285714285714,0.8402777777777778,0.5765765765765766,0.7058531746031746,0.4139972709562922,0.7958829365079365,0.5738577241979959,0.6929348671835832,0.4603174603174603,121,23,24,32
German Credit,R5_F1,5,1,SVM,800,200,20,61,0.25314650003565475,0.81,0.75,0.48214285714285715,0.9375,0.5869565217391305,0.7098214285714286,0.4904355242886883,0.8040674603174603,0.6559643783300579,0.6723160927505965,0.4712301587301587,135,9,29,27
German Credit,R5_F1,5,1,KNN,800,200,20,61,0.08790579997003078,0.755,0.6060606060606061,0.35714285714285715,0.9097222222222222,0.449438202247191,0.6334325396825397,0.32281358428144585,0.7093874007936507,0.47801743749447834,0.5700006961844816,0.306547619047619,131,13,36,20
German Credit,R5_F1,5,1,DT,800,200,20,61,0.07132039999123663,0.64,0.3787878787878788,0.44642857142857145,0.7152777777777778,0.4098360655737705,0.5808531746031746,0.15441090376309619,0.5808531746031745,0.3241017316017316,0.565084450775224,0.16170634920634924,103,41,31,25
German Credit,R5_F1,5,1,RF,800,200,20,61,1.1226445999927819,0.735,0.5333333333333333,0.42857142857142855,0.8541666666666666,0.4752475247524752,0.6413690476190476,0.3040097284669689,0.7702132936507937,0.6130680362653076,0.6050383695034791,0.4206349206349207,123,21,32,24
German Credit,R5_F1,5,1,XGB,800,200,20,61,0.4727875999524258,0.8,0.66,0.5892857142857143,0.8819444444444444,0.6226415094339622,0.7356150793650793,0.4886272748799577,0.8111359126984127,0.6539215584143447,0.7209141848408601,0.4890873015873015,127,17,23,33
German Credit,R5_F2,5,2,LR,800,200,20,61,0.15054040000541136,0.725,0.6470588235294118,0.4714285714285714,0.8615384615384616,0.5454545454545454,0.6664835164835166,0.36437092076944066,0.7892307692307693,0.6858856405469121,0.6373020054525532,0.5076923076923077,112,18,37,33
German Credit,R5_F2,5,2,SVM,800,200,20,61,0.1886477000080049,0.75,0.7941176470588235,0.38571428571428573,0.9461538461538461,0.5192307692307693,0.6659340659340659,0.42139826604460545,0.8027472527472528,0.7109603779835121,0.6041068241172707,0.4637362637362637,123,7,43,27
German Credit,R5_F2,5,2,KNN,800,200,20,61,0.059476799971889704,0.725,0.7272727272727273,0.34285714285714286,0.9307692307692308,0.46601941747572817,0.6368131868131868,0.35161180321173274,0.7117032967032968,0.570064935064935,0.564907850114405,0.3604395604395605,121,9,46,24
German Credit,R5_F2,5,2,DT,800,200,20,61,0.07973759999731556,0.705,0.5873015873015873,0.5285714285714286,0.8,0.556390977443609,0.6642857142857144,0.3373804660814817,0.6642857142857143,0.47543083900226757,0.6502746672423453,0.32857142857142857,104,26,33,37
German Credit,R5_F2,5,2,RF,800,200,20,61,1.0993489000247791,0.75,0.8125,0.37142857142857144,0.9538461538461539,0.5098039215686274,0.6626373626373627,0.4231958350563017,0.7861538461538461,0.6701801712664448,0.595219047314276,0.4450549450549451,124,6,44,26
German Credit,R5_F2,5,2,XGB,800,200,20,61,0.4698197999969125,0.79,0.8181818181818182,0.5142857142857142,0.9384615384615385,0.631578947368421,0.7263736263736263,0.5213001890835093,0.8090109890109891,0.7047748857845937,0.6947210682262073,0.5120879120879122,122,8,34,36
German Credit,R5_F3,5,3,LR,800,200,20,61,0.14000180002767593,0.73,0.5757575757575758,0.3220338983050847,0.900709219858156,0.41304347826086957,0.6113715590816203,0.2736683990915119,0.7932443803341748,0.5760340184909238,0.5385711664304482,0.5085947830268062,127,14,40,19
German Credit,R5_F3,5,3,SVM,800,200,20,61,0.16328619996784255,0.75,0.6956521739130435,0.2711864406779661,0.950354609929078,0.3902439024390244,0.610770525303522,0.31669355259643184,0.80213968025003,0.6417337853549944,0.5076645388921345,0.5006611371559081,134,7,43,16
German Credit,R5_F3,5,3,KNN,800,200,20,61,0.05763490003300831,0.72,0.5555555555555556,0.2542372881355932,0.9148936170212766,0.3488372093023256,0.584565452578435,0.22571145566713766,0.714388748647674,0.46310292454459506,0.48228629684457486,0.3717994951316264,129,12,44,15
German Credit,R5_F3,5,3,DT,800,200,20,61,0.08233740000287071,0.665,0.41304347826086957,0.3220338983050847,0.8085106382978723,0.3619047619047619,0.5652722683014785,0.14146694886621003,0.5652722683014786,0.3330140014738393,0.5102625134890826,0.13054453660295706,114,27,40,19
German Credit,R5_F3,5,3,RF,800,200,20,61,1.1010229000239633,0.755,0.7272727272727273,0.2711864406779661,0.9574468085106383,0.3950617283950617,0.6143166245943023,0.3332373014379451,0.8198701767039307,0.6690766104184865,0.5095552885982817,0.5354008895299915,135,6,43,16
German Credit,R5_F3,5,3,XGB,800,200,20,61,0.47610899998107925,0.76,0.6571428571428571,0.3898305084745763,0.9148936170212766,0.48936170212765956,0.6523620627479264,0.36573490225046007,0.8291862002644548,0.6643056771153628,0.5972046918130739,0.5637696838562327,129,12,36,23
German Credit,R5_F4,5,4,LR,800,200,20,61,0.14748580002924427,0.745,0.5660377358490566,0.5172413793103449,0.8380281690140845,0.5405405405405406,0.6776347741622146,0.3652746645917875,0.7376153472559496,0.5571448528033415,0.6583789532190165,0.40165128703254005,119,23,28,30
German Credit,R5_F4,5,4,SVM,800,200,20,61,0.17287429998395965,0.745,0.5777777777777777,0.4482758620689655,0.8661971830985915,0.5048543689320388,0.6572365225837785,0.3417192851135135,0.7578921806702282,0.5898250861385894,0.6231334439550092,0.4135502671199611,123,19,32,26
German Credit,R5_F4,5,4,KNN,800,200,20,61,0.07173060002969578,0.705,0.4888888888888889,0.3793103448275862,0.8380281690140845,0.42718446601941745,0.6086692569208354,0.23616892677729312,0.6670713938805245,0.43351115757861286,0.5638020519330903,0.3249150072850899,119,23,36,22
German Credit,R5_F4,5,4,DT,800,200,20,61,0.07501359999878332,0.645,0.4084507042253521,0.5,0.704225352112676,0.4496124031007752,0.602112676056338,0.19366172368940618,0.602112676056338,0.349225352112676,0.5933908290969266,0.20422535211267606,100,42,29,29
German Credit,R5_F4,5,4,RF,800,200,20,61,1.1104003000073135,0.755,0.6153846153846154,0.41379310344827586,0.8943661971830986,0.4948453608247423,0.6540796503156873,0.35292970023538445,0.7615954346770276,0.6019317467864617,0.6083441167231151,0.4079650315687227,127,15,34,24
German Credit,R5_F4,5,4,XGB,800,200,20,61,0.47456820000661537,0.75,0.5769230769230769,0.5172413793103449,0.8450704225352113,0.5454545454545454,0.6811559009227781,0.37480736852608354,0.7822972316658572,0.6525096827013921,0.66113946408189,0.4315201554152502,120,22,28,30
German Credit,R5_F5,5,5,LR,800,200,20,61,0.14748800004599616,0.79,0.6595744680851063,0.543859649122807,0.8881118881118881,0.5961538461538461,0.7159857686173476,0.4599026734031753,0.8349895718316771,0.6535628096868076,0.6949879278450275,0.502269660164397,127,16,26,31
German Credit,R5_F5,5,5,SVM,800,200,20,61,0.17417679994832724,0.765,0.6785714285714286,0.3333333333333333,0.9370629370629371,0.4470588235294118,0.6351981351981352,0.3517733255687274,0.8223530855109802,0.6569229931227725,0.5588866721924154,0.5270518954729481,134,9,38,19
German Credit,R5_F5,5,5,KNN,800,200,20,61,0.05733330000657588,0.77,0.6896551724137931,0.3508771929824561,0.9370629370629371,0.46511627906976744,0.6439700650226966,0.36915655875967435,0.7640166850693166,0.5270973651558901,0.5734056269383301,0.38437001594896336,134,9,37,20
German Credit,R5_F5,5,5,DT,800,200,20,61,0.06069259997457266,0.695,0.46,0.40350877192982454,0.8111888111888111,0.42990654205607476,0.6073487915593179,0.22382158682236544,0.6073487915593179,0.35561403508771927,0.5721204427443678,0.21469758311863574,116,27,34,23
German Credit,R5_F5,5,5,RF,800,200,20,61,1.1192189999856055,0.775,0.8,0.2807017543859649,0.972027972027972,0.4155844155844156,0.6263648632069685,0.380286162869749,0.8227211385106121,0.638566031141659,0.5223504159666031,0.5064409274935591,139,4,41,16
German Credit,R5_F5,5,5,XGB,800,200,20,61,0.47972220001975074,0.765,0.6470588235294118,0.38596491228070173,0.916083916083916,0.4835164835164835,0.6510244141823089,0.36298535176746166,0.8024782235308552,0.6103496393017911,0.5946227781653596,0.5166237271500429,131,12,35,22
Taiwan Credit Card Default,R1_F1,1,1,LR,24001,5999,23,29,0.45410969998920336,0.8139689948324721,0.7146171693735499,0.23674096848578016,0.9738186462324393,0.3556581986143187,0.6052798073591097,0.3360330419100575,0.7309402597929548,0.5003573346343797,0.4801486951336836,0.39306781403046875,4575,123,993,308
Taiwan Credit Card Default,R1_F1,1,1,SVM,24001,5999,23,29,101.64526130002923,0.8246374395732622,0.6936236391912908,0.34281322059953884,0.9580672626649638,0.4588477366255144,0.6504402416322513,0.4008329378555559,0.724652402497473,0.5057079730872129,0.5730952136121541,0.3675381186623644,4501,197,855,446
Taiwan Credit Card Default,R1_F1,1,1,KNN,24001,5999,23,29,1.7160600000061095,0.7912985497582931,0.5287896592244419,0.3458877786318217,0.9146445295870583,0.41821561338289964,0.63026615410944,0.30773202347263967,0.7003266308884445,0.3997368592321911,0.562462767280302,0.3109889599283257,4297,401,851,450
Taiwan Credit Card Default,R1_F1,1,1,DT,24001,5999,23,29,1.8921172000118531,0.732955492582097,0.3899049012435991,0.409684857801691,0.822477650063857,0.3995502248875562,0.616081253932774,0.22809654567517199,0.6159556014972273,0.2877594709116479,0.5804796629611413,0.23216250786554796,3864,834,768,533
Taiwan Credit Card Default,R1_F1,1,1,RF,24001,5999,23,29,7.86658480000915,0.8199699949991666,0.6491228070175439,0.3697156033820138,0.94465730097914,0.47110675808031344,0.6571864521805769,0.3937502721666493,0.77112408865172,0.5387712429897975,0.5909776171909791,0.41061645281211134,4438,260,820,481
Taiwan Credit Card Default,R1_F1,1,1,XGB,24001,5999,23,29,1.6164585999795236,0.8269711618603101,0.6865248226950355,0.372021521906226,0.952958705832269,0.48255234297108673,0.6624901138692475,0.41587763560731567,0.7918201736948589,0.5631620173631597,0.5954167851660787,0.4403096939872364,4477,221,817,484
Taiwan Credit Card Default,R1_F2,1,2,LR,24003,5997,23,29,0.38398669997695833,0.8089044522261131,0.7171945701357466,0.23692077727952168,0.9731702081991844,0.3561797752808989,0.605045492739353,0.3347562266340156,0.7246131617253327,0.5053059052787867,0.48017105509581137,0.38252353081022605,4534,125,1021,317
Taiwan Credit Card Default,R1_F2,1,2,SVM,24003,5997,23,29,100.63310790003743,0.8192429548107387,0.6862170087976539,0.34977578475336324,0.9540673964370037,0.4633663366336634,0.6519215905951834,0.39845573734701684,0.7232071041759508,0.5113800300009119,0.5776760963518839,0.35764425284203294,4445,214,870,468
Taiwan Credit Card Default,R1_F2,1,2,KNN,24003,5997,23,29,1.7415162000106648,0.7898949474737369,0.5434298440979956,0.36472346786248133,0.9119982828933247,0.4364937388193202,0.6383608753779031,0.32287694422353147,0.6999841347299904,0.42058676350691265,0.5767383951337745,0.3054871375812474,4249,410,850,488
Taiwan Credit Card Default,R1_F2,1,2,DT,24003,5997,23,29,1.7511630000080913,0.7283641820910455,0.39688164422395467,0.41853512705530643,0.8173427774200472,0.4074208803201164,0.6179389522376768,0.2315160695108884,0.6194536925012296,0.2964473837761975,0.5848817514636925,0.239503656070463,3808,851,778,560
Taiwan Credit Card Default,R1_F2,1,2,RF,24003,5997,23,29,7.7801615000353195,0.8147407036851759,0.6495388669301713,0.3684603886397608,0.9429062030478643,0.47019551740581783,0.6556832958438126,0.3898906224082417,0.7634606950367854,0.5364837910449208,0.5894264890771854,0.4046601543663501,4393,266,845,493
Taiwan Credit Card Default,R1_F2,1,2,XGB,24003,5997,23,29,1.7855329000158235,0.816741704185426,0.6625850340136055,0.3639760837070254,0.9467696930671818,0.46985045827303423,0.6553728883871036,0.39451230678891414,0.7795171824563801,0.5529774668776057,0.5870277038224817,0.4188484220232406,4411,248,851,487
Taiwan Credit Card Default,R1_F3,1,3,LR,23998,6002,23,29,0.4859551999834366,0.8113962012662446,0.6754032258064516,0.2565084226646248,0.9657155025553663,0.37180910099889014,0.6111119626099956,0.3330178443311861,0.7104828879160786,0.4762278421337143,0.4977089112154337,0.3559528033372379,4535,161,971,335
Taiwan Credit Card Default,R1_F3,1,3,SVM,23998,6002,23,29,102.53306360001443,0.8142285904698434,0.6406480117820325,0.3330781010719755,0.9480408858603067,0.43828715365239296,0.640559493466141,0.3661952371656804,0.6979364504279815,0.4739641949856567,0.5619356351050754,0.33357573876043217,4452,244,871,435
Taiwan Credit Card Default,R1_F3,1,3,KNN,23998,6002,23,29,1.606639500008896,0.7890703098967011,0.5238095238095238,0.33690658499234305,0.9148211243611585,0.41006523765144454,0.6258638546767508,0.29937671133449445,0.7055560791367845,0.39736336744571027,0.5551659759813937,0.32562299281784246,4296,400,866,440
Taiwan Credit Card Default,R1_F3,1,3,DT,23998,6002,23,29,1.7655671000247821,0.7184271909363545,0.37009472259810555,0.41883614088820825,0.8017461669505963,0.39295977011494254,0.6102911539194023,0.21125538767869237,0.6104744254665272,0.2815837963858483,0.5794827612082183,0.22113505743378092,3765,931,759,547
Taiwan Credit Card Default,R1_F3,1,3,RF,23998,6002,23,29,7.797169899975415,0.8167277574141952,0.6307106598984772,0.38055130168453294,0.9380323679727428,0.47468958930276983,0.6592918348286378,0.38923377732298714,0.7636759054657967,0.5279371654278666,0.5974691947324582,0.40642487431876473,4405,291,809,497
Taiwan Credit Card Default,R1_F3,1,3,XGB,23998,6002,23,29,1.6098277000128292,0.8170609796734422,0.6382978723404256,0.3675344563552833,0.9420783645655877,0.46647230320699706,0.6548064104604355,0.3858921969733155,0.7812585602813382,0.5439963994996716,0.5884269364710352,0.4342570393231605,4424,272,826,480
Taiwan Credit Card Default,R1_F4,1,4,LR,24000,6000,23,29,0.38677859999006614,0.8143333333333334,0.744874715261959,0.24604966139954854,0.9760222650396061,0.36990950226244346,0.6110359632195773,0.354121566311819,0.7340458126676631,0.5239641192882074,0.4900509645245232,0.39205452402388685,4559,112,1002,327
Taiwan Credit Card Default,R1_F4,1,4,SVM,24000,6000,23,29,106.80688950000331,0.824,0.7052631578947368,0.35289691497366443,0.9580389638193106,0.4704112337011033,0.6554679393964875,0.41130143773564576,0.7335863876158852,0.5375175148568727,0.5814542069298329,0.38508099299602316,4475,196,860,469
Taiwan Credit Card Default,R1_F4,1,4,KNN,24000,6000,23,29,1.6628191000199877,0.7978333333333333,0.5669745958429562,0.3694507148231753,0.9197174052665382,0.44738041002277906,0.6445840600448568,0.3416889683514795,0.7127305522008829,0.4335321488593679,0.5829153050066866,0.3388565825445221,4296,375,838,491
Taiwan Credit Card Default,R1_F4,1,4,DT,24000,6000,23,29,1.7712870999821462,0.7356666666666667,0.4043186895011169,0.40857787810383744,0.8287304645686149,0.406437125748503,0.6186541713362261,0.23642277204166798,0.6182110162459593,0.29619567223409066,0.5818942642211316,0.2373083426724523,3871,800,786,543
Taiwan Credit Card Default,R1_F4,1,4,RF,24000,6000,23,29,7.700853199989069,0.826,0.6872536136662286,0.3935289691497366,0.9490473132091629,0.5004784688995215,0.6712881411794498,0.4274725073822471,0.7677782755419469,0.5639400668403943,0.6111281460066531,0.42015306973096084,4433,238,806,523
Taiwan Credit Card Default,R1_F4,1,4,XGB,24000,6000,23,29,1.6173612999846227,0.8251666666666667,0.6871657754010695,0.3867569601203913,0.9499036608863198,0.4949446316803081,0.6683303105033556,0.4232009039414193,0.7802620881384087,0.5704539588907159,0.6061203282283346,0.43357385491285994,4437,234,815,514
Taiwan Credit Card Default,R1_F5,1,5,LR,23998,6002,23,29,0.4402348000439815,0.8068977007664112,0.7250554323725056,0.24008810572687225,0.9732758620689655,0.3607280750137893,0.6066819838979189,0.3389961286106639,0.7200034653653349,0.5157870814550756,0.4833962743689969,0.3784587194288318,4516,124,1035,327
Taiwan Credit Card Default,R1_F5,1,5,SVM,23998,6002,23,29,104.46632559999125,0.8138953682105965,0.7024793388429752,0.3120411160058737,0.9612068965517241,0.43213014743263856,0.6366240062787989,0.38014620522770015,0.7130198839181732,0.5099806345237858,0.5476641970336772,0.36734328320421283,4460,180,937,425
Taiwan Credit Card Default,R1_F5,1,5,KNN,23998,6002,23,29,1.6317679000203498,0.7905698100633123,0.5606936416184971,0.35609397944199705,0.9181034482758621,0.4355635383924562,0.6370987138589296,0.3270002493077452,0.7028475334194136,0.42182248579105763,0.5717788999569426,0.3096286520836498,4260,380,877,485
Taiwan Credit Card Default,R1_F5,1,5,DT,23998,6002,23,29,1.7834136000019498,0.7160946351216261,0.3807531380753138,0.4008810572687225,0.8086206896551724,0.3905579399141631,0.6047508734619474,0.2057773497015049,0.6058091548939187,0.2890466742343507,0.5693511368200902,0.21200757000354445,3752,888,816,546
Taiwan Credit Card Default,R1_F5,1,5,RF,23998,6002,23,29,7.70616770000197,0.8128957014328557,0.6558018252933507,0.36930983847283405,0.9431034482758621,0.47252231094410524,0.6562066433743481,0.3919412875426297,0.7769708276368423,0.5592363529215105,0.5901672492996637,0.4336529697706213,4376,264,859,503
Taiwan Credit Card Default,R1_F5,1,5,XGB,23998,6002,23,29,1.654999200021848,0.8135621459513496,0.6708860759493671,0.3502202643171806,0.9495689655172413,0.4602026049204052,0.649894614917211,0.3885616094558854,0.785511924654413,0.5724658794380455,0.5766786749055665,0.4526362094283255,4406,234,885,477
Taiwan Credit Card Default,R2_F1,2,1,LR,24005,5995,23,29,0.3909099000156857,0.810675562969141,0.7052154195011338,0.23632218844984804,0.9722162855310964,0.35401252134319866,0.6042692369904722,0.3306499230579425,0.7204447245696513,0.4938161394584982,0.47932898957114106,0.3792468904911098,4549,130,1005,311
Taiwan Credit Card Default,R2_F1,2,1,SVM,24005,5995,23,29,116.76836559997173,0.8206839032527106,0.6774668630338734,0.3495440729483283,0.953195127163924,0.46115288220551376,0.6513696000561261,0.39540827427184294,0.7226490053534158,0.4955996139270039,0.5772206744940601,0.3564976344541445,4460,219,856,460
Taiwan Credit Card Default,R2_F1,2,1,KNN,24005,5995,23,29,1.7017584000132047,0.7901584653878232,0.5328054298642534,0.35790273556231,0.9117332763410986,0.42818181818181816,0.6348180059517043,0.3147772154610282,0.7022706544341236,0.40963281695482223,0.571237108130824,0.3251038884857714,4266,413,845,471
Taiwan Credit Card Default,R2_F1,2,1,DT,24005,5995,23,29,2.0632852999842726,0.7276063386155129,0.39015939015939016,0.4278115501519757,0.8119256251335756,0.40811888365349763,0.6198685876427756,0.23211625711027453,0.6202918069548282,0.29259855585944816,0.5893650484177925,0.24082949036339696,3799,880,753,563
Taiwan Credit Card Default,R2_F1,2,1,RF,24005,5995,23,29,8.489529500016943,0.8158465387823186,0.6376623376623377,0.3731003039513678,0.9403718743321222,0.4707574304889741,0.656736089141745,0.38780638841948206,0.7661282123904842,0.53385338909274,0.5923284833102593,0.4251479968377105,4400,279,825,491
Taiwan Credit Card Default,R2_F1,2,1,XGB,24005,5995,23,29,1.9019613999989815,0.819349457881568,0.6615811373092927,0.36246200607902734,0.9478521051506732,0.4683357879234168,0.6551570556148503,0.3948828725676545,0.7882423146556009,0.555910351450321,0.5861402353525496,0.4498665381309882,4435,244,839,477
Taiwan Credit Card Default,R2_F2,2,2,LR,23999,6001,23,29,0.4539086999720894,0.8205299116813864,0.7710280373831776,0.25210084033613445,0.9791133844842285,0.3799654576856649,0.6156071124101814,0.3710196986209269,0.7344672465591677,0.5374330716005589,0.49682522783452804,0.3906317467698542,4594,98,979,330
Taiwan Credit Card Default,R2_F2,2,2,SVM,23999,6001,23,29,126.505481900007,0.8285285785702383,0.7140672782874617,0.3567608861726509,0.9601449275362319,0.4758023433520122,0.6584529068544414,0.41998624331545337,0.7299762383446753,0.5353218095459199,0.5852710100474837,0.37361189535102585,4505,187,842,467
Taiwan Credit Card Default,R2_F2,2,2,KNN,23999,6001,23,29,1.6291496999911033,0.7952007998666889,0.546189376443418,0.36134453781512604,0.9162404092071611,0.43494252873563216,0.6387924735111435,0.32622374298218315,0.7088261833447631,0.4226922791064564,0.5753941841837678,0.3390075397748032,4299,393,836,473
Taiwan Credit Card Default,R2_F2,2,2,DT,23999,6001,23,29,1.903879399993457,0.729878353607732,0.3912133891213389,0.42857142857142855,0.8139386189258312,0.4090411957710536,0.6212550237486298,0.2348488728856796,0.621433960703556,0.2922593675596046,0.5906190283782763,0.24306086070791955,3819,873,748,561
Taiwan Credit Card Default,R2_F2,2,2,RF,23999,6001,23,29,8.188045299961232,0.8248625229128479,0.6738544474393531,0.3819709702062643,0.9484228473998295,0.48756704046806437,0.6651969088030469,0.414502542763733,0.7799876518847484,0.5696101754422339,0.6018886900308899,0.41893081343209215,4450,242,809,500
Taiwan Credit Card Default,R2_F2,2,2,XGB,23999,6001,23,29,1.8120968000148423,0.832027995334111,0.7075862068965517,0.3919022154316272,0.9548167092924126,0.504424778761062,0.6733594623620198,0.43934427884642785,0.7949299459379195,0.5931033954253029,0.6117146260331139,0.44515948671958905,4480,212,796,513
Taiwan Credit Card Default,R2_F3,2,3,LR,23998,6002,23,29,0.4032997000031173,0.8083972009330224,0.6858974358974359,0.24244712990936557,0.9685763146643865,0.35825892857142855,0.605511722286876,0.3263339856264908,0.7243764280704565,0.4960330127014273,0.4845911138151122,0.38134373276466693,4531,147,1003,321
Taiwan Credit Card Default,R2_F3,2,3,SVM,23998,6002,23,29,111.98891800001729,0.8117294235254915,0.6492307692307693,0.3187311178247734,0.9512612227447628,0.4275582573454914,0.6349961702847681,0.36025566134695153,0.718243717135812,0.4906393480955501,0.5506328657724664,0.3566775896431067,4450,228,902,422
Taiwan Credit Card Default,R2_F3,2,3,KNN,23998,6002,23,29,1.6893707000417635,0.7882372542485838,0.532043530834341,0.3323262839879154,0.917272338606242,0.40911204091120407,0.6247993112970787,0.3002675177892763,0.6961866078797845,0.39715041272831575,0.5521174763525579,0.30284942438023843,4291,387,884,440
Taiwan Credit Card Default,R2_F3,2,3,DT,23998,6002,23,29,1.803055200027302,0.7172609130289903,0.37021572720946416,0.40181268882175225,0.8065412569474134,0.3853676204273814,0.6041769728845828,0.2024543234983988,0.6039851642127642,0.28071339145591456,0.5692789396242548,0.2083539457691657,3773,905,792,532
Taiwan Credit Card Default,R2_F3,2,3,RF,23998,6002,23,29,7.802338000037707,0.8080639786737754,0.6111111111111112,0.35725075528700906,0.9356562633604104,0.45090562440419446,0.6464535093237097,0.36238115918251373,0.7580073662279823,0.5179484369974866,0.5781556077515181,0.39996887145460713,4377,301,851,473
Taiwan Credit Card Default,R2_F3,2,3,XGB,23998,6002,23,29,1.5876751000178047,0.8155614795068311,0.6492434662998624,0.3564954682779456,0.9454895254382215,0.46026328620185275,0.6509924968580836,0.38377884044839145,0.7796517962204004,0.5434480969808699,0.5805710388255613,0.4276865161732814,4423,255,852,472
Taiwan Credit Card Default,R2_F4,2,4,LR,23997,6003,23,29,0.3629527000011876,0.8069298683991337,0.7126948775055679,0.23703703703703705,0.9722759509993553,0.3557531962201223,0.6046564940181962,0.33220294623595253,0.7342242758554816,0.5100010896791715,0.4800681312139503,0.38715524034672977,4524,129,1030,320
Taiwan Credit Card Default,R2_F4,2,4,SVM,23997,6003,23,29,93.56011879997095,0.8182575378977178,0.6953242835595776,0.3414814814814815,0.9565871480765098,0.4580228514654744,0.6490343147789956,0.3970290536825818,0.724661031114932,0.5298984050748914,0.5715389719794371,0.3712400601762304,4451,202,889,461
Taiwan Credit Card Default,R2_F4,2,4,KNN,23997,6003,23,29,1.5789347999962047,0.7946026986506747,0.5681024447031432,0.36148148148148146,0.9202664947345799,0.4418288818469896,0.6408739881080306,0.3359287344699948,0.7103727583160208,0.43453592513697337,0.5767662402346603,0.33672612651336054,4282,371,862,488
Taiwan Credit Card Default,R2_F4,2,4,DT,23997,6003,23,29,1.8039970999816433,0.7304680992836915,0.4057665260196906,0.4274074074074074,0.8183967332903503,0.4163059163059163,0.6229020703488789,0.2413752079580348,0.6238067833576108,0.3027329338821848,0.5914294767817377,0.24769252811806,3808,845,773,577
Taiwan Credit Card Default,R2_F4,2,4,RF,23997,6003,23,29,7.798033299972303,0.816591704147926,0.655819774718398,0.38814814814814813,0.9408983451536643,0.48766868310842254,0.6645232466509062,0.40443491724189495,0.7684559543424792,0.556956625903895,0.6043243750396404,0.4076982591876208,4378,275,826,524
Taiwan Credit Card Default,R2_F4,2,4,XGB,23997,6003,23,29,1.5957594999927096,0.8202565383974679,0.6858710562414266,0.37037037037037035,0.9507844401461423,0.481000481000481,0.6605774052582563,0.4105008070068286,0.7788249715436476,0.5694337392417754,0.593415861971444,0.42788595171573895,4424,229,850,500
Taiwan Credit Card Default,R2_F5,2,5,LR,24001,5999,23,29,0.3860355999786407,0.8061343557259544,0.6916299559471366,0.23485415108451757,0.96996996996997,0.350642099385818,0.6024120605272438,0.32229549602784563,0.7073257679091636,0.4887360402710378,0.47728552657164486,0.3548720747673627,4522,140,1023,314
Taiwan Credit Card Default,R2_F5,2,5,SVM,24001,5999,23,29,103.12507089995779,0.8186364394065677,0.6936236391912908,0.3335826477187734,0.9577434577434577,0.4505050505050505,0.6456630527311156,0.39192725942409257,0.7131597887020474,0.4965223827469154,0.565231455661657,0.35130755287823356,4465,197,891,446
Taiwan Credit Card Default,R2_F5,2,5,KNN,24001,5999,23,29,1.7212915000272915,0.7944657442907151,0.562200956937799,0.35153328347045626,0.9214929214929215,0.4325816843074091,0.6365131024816889,0.3280967809790364,0.70335021419539,0.4172561842707359,0.5691532591378091,0.3242389734536332,4296,366,867,470
Taiwan Credit Card Default,R2_F5,2,5,DT,24001,5999,23,29,1.7825260999961756,0.7261210201700283,0.388646288209607,0.3994016454749439,0.8198198198198198,0.3939505717447436,0.6096107326473819,0.21711292564915655,0.6105305005828566,0.28945590771528407,0.5722214475437005,0.22146529476372412,3822,840,803,534
Taiwan Credit Card Default,R2_F5,2,5,RF,24001,5999,23,29,7.733226899988949,0.8131355225870979,0.6381074168797954,0.37322363500373973,0.9392964392964392,0.4709768758848513,0.6562600371500895,0.3862922206787717,0.7551137524959514,0.5307761023444395,0.5920875200680105,0.3978945287845812,4379,283,838,499
Taiwan Credit Card Default,R2_F5,2,5,XGB,24001,5999,23,29,1.5898785999743268,0.8179696616102684,0.6666666666666666,0.36649214659685864,0.9474474474474475,0.47297297297297297,0.6569697970221531,0.39847063392590054,0.7743983966871026,0.5452465183012184,0.5892639890598521,0.4255021663398627,4417,245,847,490
Taiwan Credit Card Default,R3_F1,3,1,LR,24001,5999,23,29,0.38501170004019514,0.8044674112352058,0.6845493562231759,0.23717472118959107,0.9684142672969489,0.3522915516289343,0.60279449424327,0.320332415046908,0.7128714476734248,0.47796147338688433,0.4792529434882753,0.3612587325448948,4507,147,1026,319
Taiwan Credit Card Default,R3_F1,3,1,SVM,24001,5999,23,29,101.5603223000071,0.81080180030005,0.6605504587155964,0.32118959107806694,0.9522990975504942,0.432216108054027,0.6367443443142806,0.3659746225307168,0.7012319418240376,0.4838285525540472,0.5530538470404627,0.342776330230381,4432,222,913,432
Taiwan Credit Card Default,R3_F1,3,1,KNN,24001,5999,23,29,1.5842874000081792,0.7787964660776796,0.5099778270509978,0.3420074349442379,0.9050279329608939,0.40943480195816645,0.6235176839525659,0.2882523665062373,0.6853590387930276,0.3932595145826102,0.556350862230698,0.293789888539738,4212,442,885,460
Taiwan Credit Card Default,R3_F1,3,1,DT,24001,5999,23,29,1.8221243000007235,0.7206201033505584,0.379108838568298,0.3858736059479554,0.8173614095401804,0.38246131171702286,0.601617507744068,0.20196710809688792,0.6030465059436421,0.2846663223232627,0.5616032358008392,0.20652274974718954,3804,850,826,519
Taiwan Credit Card Default,R3_F1,3,1,RF,24001,5999,23,29,7.8560491999960504,0.8063010501750292,0.6189856957087126,0.35390334572490706,0.9370434035238504,0.4503311258278146,0.6454733746243787,0.3629725867509793,0.7519530707086521,0.5170693835856639,0.575866994710189,0.3841532167236722,4361,293,869,476
Taiwan Credit Card Default,R3_F1,3,1,XGB,24001,5999,23,29,1.5712130999891087,0.8126354392398734,0.6545454545454545,0.3479553903345725,0.946927374301676,0.45436893203883494,0.6474413823181242,0.3795677415904132,0.7667620130902305,0.5441553358452116,0.5740108745865635,0.4129724919843505,4407,247,877,468
Taiwan Credit Card Default,R3_F2,3,2,LR,23998,6002,23,29,0.424930100038182,0.81406197934022,0.7211981566820277,0.2392966360856269,0.9742224115892629,0.3593570608495982,0.6067595238374449,0.3403435780739485,0.7322800660352405,0.5143045924839805,0.48283345564753244,0.3841533013059811,4573,121,995,313
Taiwan Credit Card Default,R3_F2,3,2,SVM,23998,6002,23,29,106.43027750001056,0.8240586471176274,0.6981132075471698,0.3394495412844037,0.9590967192160205,0.4567901234567901,0.649273130250212,0.40043604041911934,0.7423457820446169,0.5263702991162472,0.5705829837852288,0.3849982865757444,4502,192,864,444
Taiwan Credit Card Default,R3_F2,3,2,KNN,23998,6002,23,29,1.640861699997913,0.795901366211263,0.5489964580873672,0.3555045871559633,0.9186195142735407,0.43155452436194897,0.637062050714752,0.32506229387889035,0.7126516673637633,0.41840191002560323,0.5714660542632665,0.3457944229669211,4312,382,843,465
Taiwan Credit Card Default,R3_F2,3,2,DT,23998,6002,23,29,1.8793029999942519,0.7210929690103299,0.36853448275862066,0.3922018348623853,0.8127396676608436,0.38,0.6024707512616144,0.20046347300899062,0.6028837972608665,0.27733896508626205,0.5645865645957474,0.2055307771388812,3815,879,795,513
Taiwan Credit Card Default,R3_F2,3,2,RF,23998,6002,23,29,7.794397600053344,0.8192269243585472,0.648074369189907,0.3730886850152905,0.9435449510012782,0.4735565259582727,0.6583168180082843,0.3946359888727741,0.7716280722739288,0.5436610970871438,0.5933177437274935,0.41973877772261814,4429,265,820,488
Taiwan Credit Card Default,R3_F2,3,2,XGB,23998,6002,23,29,1.605161199986469,0.8197267577474175,0.6578212290502793,0.36009174311926606,0.9478057094162761,0.4654150197628458,0.653948726267771,0.3921583076737538,0.7875711429386725,0.5602870955173527,0.5842063077732894,0.4355960957380689,4449,245,837,471
Taiwan Credit Card Default,R3_F3,3,3,LR,24001,5999,23,29,0.40783929999452084,0.8136356059343224,0.7299107142857143,0.24697885196374622,0.9741176470588235,0.3690744920993228,0.6105482495112848,0.348812504319944,0.7275158731440943,0.517968926175234,0.49049613469242953,0.3861691196665428,4554,121,997,327
Taiwan Credit Card Default,R3_F3,3,3,SVM,24001,5999,23,29,100.31048949999968,0.8254709118186364,0.7114503816793893,0.35196374622356497,0.959572192513369,0.470944921677615,0.655767969368467,0.414275337175643,0.7242425319482366,0.5210688741503579,0.581149398734065,0.3805053556715188,4486,189,858,466
Taiwan Credit Card Default,R3_F3,3,3,KNN,24001,5999,23,29,1.6994167999946512,0.7964660776796133,0.5591274397244547,0.3678247734138973,0.9178609625668449,0.4437357630979499,0.642842867990371,0.3363103797448244,0.7026038418663263,0.4243941746930194,0.5810438886879471,0.3146892418049341,4291,384,837,487
Taiwan Credit Card Default,R3_F3,3,3,DT,24001,5999,23,29,1.737668499990832,0.7219536589431572,0.38186813186813184,0.4199395770392749,0.8074866310160428,0.4,0.6137131040276589,0.22000029063733978,0.6137593906005138,0.2883266433754745,0.582319151577334,0.22796759132106567,3775,900,768,556
Taiwan Credit Card Default,R3_F3,3,3,RF,24001,5999,23,29,7.809099700010847,0.8229704950825137,0.6701298701298701,0.38972809667673713,0.945668449197861,0.49283667621776506,0.6676982729372991,0.41585191170342795,0.7665361810750118,0.5612316341313448,0.6070861263388615,0.42295668610756576,4421,254,808,516
Taiwan Credit Card Default,R3_F3,3,3,XGB,24001,5999,23,29,1.5821570999687538,0.8249708284714119,0.6892265193370166,0.3768882175226586,0.9518716577540107,0.4873046875,0.6643799376383347,0.41853626280503947,0.7822669111588607,0.5724381324211698,0.5989567700604503,0.44016349742313843,4450,225,825,499
Taiwan Credit Card Default,R3_F4,3,4,LR,24000,6000,23,29,0.40841099998215213,0.811,0.7333333333333333,0.24553571428571427,0.9742268041237113,0.36789297658862874,0.6098812592047128,0.3478620043936354,0.7199939146620847,0.5142782109730074,0.48908841146239,0.3794949680903289,4536,120,1014,330
Taiwan Credit Card Default,R3_F4,3,4,SVM,24000,6000,23,29,97.54661260003923,0.8161666666666667,0.680119581464873,0.3385416666666667,0.9540378006872853,0.4520615996025832,0.646289733676976,0.38755430457207757,0.7207609740631649,0.5111071991828646,0.5683146550175129,0.36159947226313205,4442,214,889,455
Taiwan Credit Card Default,R3_F4,3,4,KNN,24000,6000,23,29,1.848455500032287,0.796,0.573170731707317,0.34970238095238093,0.9248281786941581,0.4343807763401109,0.6372652798232695,0.3332153576599746,0.7037602210665194,0.42718674560632736,0.5686955389847903,0.3287309769268532,4306,350,874,470
Taiwan Credit Card Default,R3_F4,3,4,DT,24000,6000,23,29,1.806399799999781,0.7228333333333333,0.39007580978635426,0.4211309523809524,0.8099226804123711,0.40500894454382824,0.6155268163966617,0.22497136674327556,0.6150124071858124,0.29358638536468135,0.5840235523992124,0.23105363279332353,3771,885,778,566
Taiwan Credit Card Default,R3_F4,3,4,RF,24000,6000,23,29,7.785425400012173,0.817,0.6626984126984127,0.37276785714285715,0.9452319587628866,0.47714285714285715,0.6589999079528719,0.3995220463672214,0.7752913067879643,0.5534302057365603,0.5935925300835471,0.4228184830633285,4401,255,843,501
Taiwan Credit Card Default,R3_F4,3,4,XGB,24000,6000,23,29,1.5613293999922462,0.8206666666666667,0.6815718157181572,0.3742559523809524,0.9495274914089347,0.48318924111431316,0.6618917218949435,0.41101451127314204,0.7884808132875143,0.5671252125930782,0.5961260903610472,0.4532707412862052,4421,235,841,503
Taiwan Credit Card Default,R3_F5,3,5,LR,24000,6000,23,29,0.4319384999689646,0.81,0.6923076923076923,0.23954372623574144,0.9701173959445037,0.3559322033898305,0.6048305610901226,0.3276265634375136,0.7276514724202718,0.5001669153630723,0.48206382970583944,0.38481441052464993,4545,140,1000,315
Taiwan Credit Card Default,R3_F5,3,5,SVM,24000,6000,23,29,50.51881320000393,0.8186666666666667,0.669150521609538,0.3414448669201521,0.9526147278548559,0.4521651560926485,0.647029797387504,0.3859836496397549,0.7149150877933377,0.4942174592161623,0.5703204441176716,0.3590230125268331,4463,222,866,449
Taiwan Credit Card Default,R3_F5,3,5,KNN,24000,6000,23,29,0.9091294999816455,0.791,0.5352601156069364,0.3520912547528517,0.9141942369263607,0.42477064220183486,0.6331427458396062,0.3136078328034584,0.7032893588874776,0.41267829970425485,0.5673445125910959,0.3281851715084547,4283,402,852,463
Taiwan Credit Card Default,R3_F5,3,5,DT,24000,6000,23,29,0.7689201000030152,0.7266666666666667,0.389530931339225,0.4357414448669201,0.808324439701174,0.4113424264178033,0.622032942284047,0.23470225131722267,0.6222801514419859,0.29353130745973377,0.593481641903634,0.2448263408418584,3787,898,742,573
Taiwan Credit Card Default,R3_F5,3,5,RF,24000,6000,23,29,4.3139652000390925,0.817,0.6403622250970246,0.376425855513308,0.9406616862326574,0.47413793103448276,0.6585437708729827,0.3915442550151342,0.7727526163510273,0.5289220183791464,0.5950540983715001,0.4108322410735662,4407,278,820,495
Taiwan Credit Card Default,R3_F5,3,5,XGB,24000,6000,23,29,0.9109533000155352,0.8196666666666667,0.6547144754316069,0.3749049429657795,0.9445037353255069,0.47678916827852996,0.6597043391456432,0.3988516247421987,0.7875936063238796,0.552056450813601,0.5950622816337588,0.4421310630561902,4425,260,822,493
Taiwan Credit Card Default,R4_F1,4,1,LR,24002,5998,23,29,0.18877900001825765,0.8137712570856952,0.7707808564231738,0.22972972972972974,0.9804972138876983,0.3539618276460382,0.605113471808714,0.3514672119337827,0.7325501937857275,0.5228949731448311,0.47460442470248204,0.3845298363086619,4575,91,1026,306
Taiwan Credit Card Default,R4_F1,4,1,SVM,24002,5998,23,29,48.37716699996963,0.8226075358452818,0.7161290322580646,0.3333333333333333,0.962280325760823,0.45491803278688525,0.6478068295470781,0.4035921710292367,0.7199523516229475,0.5267557380675761,0.5663568738763051,0.3665784301232222,4490,176,888,444
Taiwan Credit Card Default,R4_F1,4,1,KNN,24002,5998,23,29,0.8104498999891803,0.7974324774924975,0.5692307692307692,0.3611111111111111,0.921988855550793,0.4418925126320625,0.641549983330952,0.3382251298330119,0.7095952574949576,0.4235026294699541,0.5770098959810036,0.33287316463484484,4302,364,851,481
Taiwan Credit Card Default,R4_F1,4,1,DT,24002,5998,23,29,0.7839002999826334,0.7180726908969657,0.3749128919860627,0.4039039039039039,0.8077582511787398,0.3888688109866281,0.6058310775413218,0.20621322219981345,0.6063653398361929,0.28386129763957857,0.5711888576133844,0.21316365658414524,3769,897,794,538
Taiwan Credit Card Default,R4_F1,4,1,RF,24002,5998,23,29,4.466865100024734,0.8224408136045348,0.6821282401091405,0.37537537537537535,0.9500642948992714,0.48426150121065376,0.6627198351373234,0.41299405092002883,0.7744296482509084,0.5541568035125265,0.5971856841289443,0.42494455449877655,4433,233,832,500
Taiwan Credit Card Default,R4_F1,4,1,XGB,24002,5998,23,29,0.842211999988649,0.8246082027342447,0.7011494252873564,0.3663663663663664,0.9554222031718816,0.4812623274161736,0.660894284769124,0.41760973237218196,0.7872589423971763,0.5718378725666694,0.5916371868990578,0.44374035415612784,4458,208,844,488
Taiwan Credit Card Default,R4_F2,4,2,LR,23998,6002,23,29,0.18417750002117828,0.8147284238587138,0.70917225950783,0.24403387220939185,0.9723580693174569,0.3631156930126002,0.6081959707634244,0.33941994225605643,0.7380821080086302,0.507446849847561,0.48712247415776994,0.40288355409066035,4573,130,982,317
Taiwan Credit Card Default,R4_F2,4,2,SVM,23998,6002,23,29,48.891974800033495,0.8245584805064978,0.694620253164557,0.33795227097767516,0.9589623644482246,0.4546866908337649,0.6484573177129499,0.39836207709426324,0.729092383172453,0.5114431033044056,0.5692833291493775,0.3810851082392661,4510,193,860,439
Taiwan Credit Card Default,R4_F2,4,2,KNN,23998,6002,23,29,0.9424402000149712,0.7925691436187937,0.5317647058823529,0.3479599692070824,0.9153731660642144,0.4206607724523034,0.6316665676356483,0.3110284992161976,0.7090072557817337,0.410992601181538,0.5643697535097832,0.3350725144401139,4305,398,847,452
Taiwan Credit Card Default,R4_F2,4,2,DT,23998,6002,23,29,0.861146200040821,0.7299233588803732,0.3843390804597701,0.41185527328714394,0.8177758877312353,0.39762170196952806,0.6148155805091896,0.22405405390568572,0.6155097797631996,0.2859712769158423,0.5803493014807416,0.231090108896472,3846,857,764,535
Taiwan Credit Card Default,R4_F2,4,2,RF,23998,6002,23,29,4.994395199988503,0.8183938687104299,0.6387782204515272,0.37028483448806776,0.9421645758026791,0.46881091617933723,0.6562247051453735,0.3884507817125235,0.771580782220642,0.5387786347004226,0.5906515504183627,0.43136323808186244,4431,272,818,481
Taiwan Credit Card Default,R4_F2,4,2,XGB,23998,6002,23,29,1.1424939000280574,0.8237254248583805,0.672883787661406,0.3610469591993841,0.9515203061875399,0.46993987975951906,0.656283632693462,0.4017690470324003,0.789230155779884,0.5612352321858743,0.5861258509616157,0.44584124558432153,4475,228,830,469
Taiwan Credit Card Default,R4_F3,4,3,LR,24000,6000,23,29,0.24095030000898987,0.8066666666666666,0.7231121281464531,0.23321033210332104,0.9739504843918192,0.35267857142857145,0.6035804082475701,0.3333303607811937,0.7121881640775505,0.5053776277135953,0.4765871545868673,0.3609579002140937,4524,121,1039,316
Taiwan Credit Card Default,R4_F3,4,3,SVM,24000,6000,23,29,50.51580079999985,0.8148333333333333,0.6837349397590361,0.33505535055350555,0.9547900968783638,0.4497275879148093,0.6449227237159347,0.3863109691829275,0.7181355979329438,0.518055204123012,0.5656036868820744,0.3594453425696797,4435,210,901,454
Taiwan Credit Card Default,R4_F3,4,3,KNN,24000,6000,23,29,0.9436333999619819,0.7916666666666666,0.5618374558303887,0.35202952029520296,0.919913885898816,0.43284936479128855,0.6359717030970095,0.3262431634668985,0.7016693742825479,0.4179917747286312,0.5690666428159854,0.3269658681516847,4273,372,878,477
Taiwan Credit Card Default,R4_F3,4,3,DT,24000,6000,23,29,0.8707156999735162,0.7221666666666666,0.3925619834710744,0.42066420664206644,0.8101184068891281,0.40612753829711434,0.6153913067655973,0.22530563711951634,0.6153161555296931,0.296092469582996,0.5837703460438444,0.23078261353119453,3763,882,785,570
Taiwan Credit Card Default,R4_F3,4,3,RF,24000,6000,23,29,5.511110899969935,0.8126666666666666,0.6562922868741543,0.35793357933579334,0.9453175457481162,0.46322827125119387,0.6516255625419548,0.38584116257047363,0.7629777684213872,0.5405222489143666,0.5816879685523423,0.398960911029993,4391,254,870,485
Taiwan Credit Card Default,R4_F3,4,3,XGB,24000,6000,23,29,1.1829491999815218,0.815,0.667578659370725,0.36014760147601477,0.9476856835306782,0.4678811121764142,0.6539166425033465,0.39350956744921295,0.7791599903081915,0.5620309588159844,0.58421462312812,0.43204016539627177,4402,243,867,488
Taiwan Credit Card Default,R4_F4,4,4,LR,24005,5995,23,29,0.26205429999390617,0.813511259382819,0.7097457627118644,0.25455927051671734,0.9707202393673862,0.37472035794183445,0.6126397549420517,0.3462323463788079,0.717870167488312,0.48920530805025286,0.497097410986192,0.36084285928656207,4542,137,981,335
Taiwan Credit Card Default,R4_F4,4,4,SVM,24005,5995,23,29,52.32045290002134,0.817347789824854,0.6651718983557549,0.33814589665653494,0.9521265227612737,0.44836272040302266,0.6451362097089044,0.381589661792821,0.7242348597594762,0.4991480627142618,0.5674131446922777,0.35773188877939394,4455,224,871,445
Taiwan Credit Card Default,R4_F4,4,4,KNN,24005,5995,23,29,0.8413115000003017,0.7889908256880734,0.5302491103202847,0.33966565349544076,0.915366531310109,0.4140805928670681,0.627516092402775,0.30366710152025184,0.7042680352165239,0.40574167506312087,0.5576007272639653,0.32087705462744687,4283,396,869,447
Taiwan Credit Card Default,R4_F4,4,4,DT,24005,5995,23,29,0.8268650999525562,0.7239366138448707,0.383184011026878,0.42249240121580545,0.8087198119256251,0.40187929165160824,0.6156061065707152,0.223440744839699,0.6156048885565785,0.2887885327604076,0.5845322704960368,0.2312122131414306,3784,895,760,556
Taiwan Credit Card Default,R4_F4,4,4,RF,24005,5995,23,29,4.789005199971143,0.813511259382819,0.6265984654731458,0.3723404255319149,0.9375935028852319,0.4671115347950429,0.6549669642085734,0.380913486330485,0.7577723106085458,0.5337437934671081,0.5908502042313651,0.3893136961304827,4387,292,826,490
Taiwan Credit Card Default,R4_F4,4,4,XGB,24005,5995,23,29,0.9913155999965966,0.8163469557964971,0.6507713884992987,0.3525835866261398,0.9467835007480231,0.45736816165598815,0.6496835436870815,0.3827935010659395,0.7714208898194156,0.5520287810958993,0.5777718602114423,0.4193776954652847,4430,249,852,464
Taiwan Credit Card Default,R4_F5,4,5,LR,23995,6005,23,29,0.17954340000869706,0.8053288925895088,0.6659959758551308,0.24812593703148425,0.9644615713979876,0.3615510649918078,0.606293754214736,0.3207343173092088,0.719395921820721,0.49879283967038085,0.4891910987885853,0.39103938717860076,4505,166,1003,331
Taiwan Credit Card Default,R4_F5,4,5,SVM,23995,6005,23,29,52.06864399998449,0.8168193172356369,0.6705539358600583,0.3448275862068966,0.9516163562406337,0.45544554455445546,0.6482219712237651,0.38738997328289004,0.7200725263572452,0.49854299140310604,0.5728381718404072,0.3818516239632271,4445,226,874,460
Taiwan Credit Card Default,R4_F5,4,5,KNN,23995,6005,23,29,0.9446609999868087,0.7895087427144046,0.5396825396825397,0.3568215892053973,0.913080710768572,0.4296028880866426,0.6349511499869847,0.3169516108554222,0.7046845876997275,0.41605070618781986,0.5707949809600953,0.3290769515691737,4265,406,858,476
Taiwan Credit Card Default,R4_F5,4,5,DT,23995,6005,23,29,0.8351136000128463,0.7197335553705245,0.38217420661715057,0.424287856071964,0.8041104688503532,0.40213143872113677,0.6141991624611586,0.2202606596333805,0.6147403177024204,0.29028607820364316,0.5841012813489953,0.2296834883778406,3756,915,768,566
Taiwan Credit Card Default,R4_F5,4,5,RF,23995,6005,23,29,4.809137499949429,0.8156536219816819,0.6424090338770388,0.383808095952024,0.938985228002569,0.4805255748474894,0.6613966619772965,0.39549659058579567,0.774880302302285,0.5433760572164259,0.6003250223726669,0.4108864000883309,4386,285,822,512
Taiwan Credit Card Default,R4_F5,4,5,XGB,23995,6005,23,29,0.9668328000116162,0.8221482098251457,0.6722797927461139,0.38905547226386805,0.9458360094198245,0.4928774928774929,0.6674457408418463,0.4159134182382904,0.7862809122092776,0.55905982232178,0.6066157559188535,0.43647524343159194,4418,253,815,519
Taiwan Credit Card Default,R5_F1,5,1,LR,24001,5999,23,29,0.22197359998244792,0.816136022670445,0.7268623024830699,0.2469325153374233,0.9742279020234291,0.3686319404693761,0.6105802086804262,0.34880364382182233,0.739638419020365,0.5159167455555417,0.4904778755036216,0.39440486224086446,4574,121,982,322
Taiwan Credit Card Default,R5_F1,5,1,SVM,24001,5999,23,29,51.02468360000057,0.8274712452075346,0.702865761689291,0.35736196319018404,0.9580404685835996,0.47381799694966953,0.6577012158868918,0.4149129183036067,0.7351694956780808,0.5302512634392641,0.5851215452097785,0.3842210745016562,4498,197,838,466
Taiwan Credit Card Default,R5_F1,5,1,KNN,24001,5999,23,29,0.8165847999625839,0.7976329388231372,0.5540865384615384,0.3535276073619632,0.9209797657082002,0.43164794007490637,0.6372536865350817,0.3275893044017835,0.7113452831298144,0.42612526562426145,0.5706064957565778,0.3415841810567305,4324,371,843,461
Taiwan Credit Card Default,R5_F1,5,1,DT,24001,5999,23,29,0.8019818000029773,0.7277879646607768,0.38488453463960814,0.4217791411042945,0.8127795527156549,0.40248810830589093,0.6172793469099747,0.22710877465204304,0.6180912176509405,0.2884107508572171,0.5855027426507425,0.2364333222263601,3816,879,754,550
Taiwan Credit Card Default,R5_F1,5,1,RF,24001,5999,23,29,4.895219300000463,0.8258043007167861,0.6684005201560468,0.3941717791411043,0.9456869009584664,0.49589966232513266,0.6699293400497853,0.4193155286624585,0.7749554904382028,0.547161378696597,0.6105432730456015,0.4339004423188746,4440,255,790,514
Taiwan Credit Card Default,R5_F1,5,1,XGB,24001,5999,23,29,0.9871386000304483,0.8301383563927321,0.6907630522088354,0.39570552147239263,0.9507987220447285,0.5031691857630424,0.6732521217585605,0.43285505332927815,0.7947165925112867,0.5687410695172419,0.6133810431713665,0.4541809587277942,4464,231,788,516
Taiwan Credit Card Default,R5_F2,5,2,LR,24002,5998,23,29,0.2020951999584213,0.808436145381794,0.726027397260274,0.23608017817371937,0.9741990969683939,0.3563025210084034,0.6051396375710566,0.3372709903364188,0.7237724738331692,0.510938208392726,0.47957178439622045,0.3896183768065141,4531,120,1029,318
Taiwan Credit Card Default,R5_F2,5,2,SVM,24002,5998,23,29,53.30424610001501,0.8181060353451151,0.693939393939394,0.340014847809948,0.9565684798967964,0.4564025909317389,0.6482916638533722,0.3954963218148522,0.7252757706950328,0.5196258552859091,0.5703047309219016,0.37033681479519936,4449,202,889,458
Taiwan Credit Card Default,R5_F2,5,2,KNN,24002,5998,23,29,0.9039906999678351,0.7875958652884295,0.5424912689173458,0.3459539717891611,0.91550204257149,0.4224841341795104,0.6307280071803256,0.31147250334451043,0.7073089150547887,0.4113925176496425,0.5627802127018119,0.34417070224777846,4258,393,881,466
Taiwan Credit Card Default,R5_F2,5,2,DT,24002,5998,23,29,0.8844180000014603,0.7235745248416139,0.3910301331464611,0.4142538975501114,0.8131584605461191,0.4023071377072819,0.6137061790481152,0.22287093340625594,0.6131960349866885,0.29335301557123394,0.580391300423325,0.2274123580962305,3782,869,789,558
Taiwan Credit Card Default,R5_F2,5,2,RF,24002,5998,23,29,4.972370400035288,0.8184394798266089,0.6653846153846154,0.38530066815144765,0.9438830359062568,0.48801128349788436,0.6645918520288522,0.4084096137539619,0.7720462922215641,0.556663172291719,0.6030578449796483,0.4196140814445952,4390,261,828,519
Taiwan Credit Card Default,R5_F2,5,2,XGB,24002,5998,23,29,1.021485399978701,0.8186062020673558,0.6781292984869326,0.36599851521900517,0.9496882390883681,0.47540983606557374,0.6578433771536867,0.40364503428165155,0.7819386336279751,0.568579585984189,0.5895629613767255,0.43848653856559816,4417,234,854,493
Taiwan Credit Card Default,R5_F3,5,3,LR,24002,5998,23,29,0.2385655000107363,0.8106035345115038,0.7054945054945055,0.24263038548752835,0.9713368983957219,0.3610798650168729,0.6069836419416251,0.3350734102918205,0.725102081236535,0.4963819174604337,0.48546456729200554,0.3720212933658312,4541,134,1002,321
Taiwan Credit Card Default,R5_F3,5,3,SVM,24002,5998,23,29,55.41839910001727,0.8146048682894298,0.6591251885369532,0.3303099017384732,0.9516577540106952,0.44008056394763345,0.6409838278745842,0.3728602163803391,0.7107535539468313,0.4870561741760341,0.5606620900470521,0.3600897328628421,4449,226,886,437
Taiwan Credit Card Default,R5_F3,5,3,KNN,24002,5998,23,29,0.892491299950052,0.7934311437145716,0.5490654205607477,0.35525321239606955,0.917433155080214,0.43139054612207434,0.6363431837381417,0.32324456975776933,0.6959147295281749,0.40496965927074086,0.5708949776455451,0.31096187970137557,4289,386,853,470
Taiwan Credit Card Default,R5_F3,5,3,DT,24002,5998,23,29,0.9293706000316888,0.7244081360453485,0.38493723849372385,0.41723356009070295,0.8113368983957219,0.40043525571273125,0.6142852292432124,0.22219968329506332,0.614711500761921,0.2894001323866265,0.5818221227751622,0.22944046305390844,3793,882,771,552
Taiwan Credit Card Default,R5_F3,5,3,RF,24002,5998,23,29,5.332815499976277,0.8147715905301767,0.6373056994818653,0.37188208616780044,0.9401069518716577,0.46968973747016707,0.655994519019729,0.3862928874702073,0.7652118625227868,0.533524385299469,0.5912773752503,0.40157848998185136,4395,280,831,492
Taiwan Credit Card Default,R5_F3,5,3,XGB,24002,5998,23,29,1.2168848000001162,0.8164388129376459,0.6491935483870968,0.36507936507936506,0.9441711229946524,0.46734397677793904,0.6546252440370087,0.3890000180041463,0.7752042231033828,0.5492351697681787,0.5871093544725368,0.42589253883371536,4414,261,840,483
Taiwan Credit Card Default,R5_F4,5,4,LR,23995,6005,23,29,0.220846000011079,0.8051623646960866,0.7034482758620689,0.22717149220489977,0.97230571060541,0.3434343434343434,0.5997386014051549,0.32099966823550097,0.7155869012862895,0.49736333058611465,0.4699788709692984,0.36953116557858173,4529,129,1041,306
Taiwan Credit Card Default,R5_F4,5,4,SVM,23995,6005,23,29,49.0284379000077,0.814654454621149,0.6863057324840764,0.31997030438010393,0.9577071704594247,0.43645569620253166,0.6388387374197643,0.3785073795518276,0.7179200602582652,0.5056410475668637,0.55356829284101,0.3478772062529107,4461,197,916,431
Taiwan Credit Card Default,R5_F4,5,4,KNN,23995,6005,23,29,0.9342272999929264,0.7868442964196503,0.5408038976857491,0.32962138084632514,0.9190639759553456,0.4095940959409594,0.6243426784008353,0.3019462766905325,0.6961254483748534,0.40773242500404017,0.5504027042452778,0.29934482205738117,4281,377,903,444
Taiwan Credit Card Default,R5_F4,5,4,DT,23995,6005,23,29,0.8798085000016727,0.7162364696086595,0.3762993762993763,0.40311804008908686,0.806784027479605,0.38924731182795697,0.6049510337843459,0.20492240794322483,0.6048793129333732,0.2854074559630725,0.5702886952524645,0.20990206756869184,3758,900,804,543
Taiwan Credit Card Default,R5_F4,5,4,RF,23995,6005,23,29,4.99745740002254,0.8118234804329725,0.6464237516869096,0.3556050482553823,0.9437526835551739,0.45881226053639845,0.6496788659052781,0.3796706058044731,0.7692988856492314,0.5440227416991295,0.5793127122520134,0.419254753418933,4396,262,868,479
Taiwan Credit Card Default,R5_F4,5,4,XGB,23995,6005,23,29,1.0165625999798067,0.8163197335553706,0.6752873563218391,0.3489235337787676,0.9514813224559897,0.4601076847772883,0.6502024281173786,0.39145289253977633,0.7856721184076186,0.5625099252494936,0.5761894005931028,0.4389502553740433,4432,226,877,470
Taiwan Credit Card Default,R5_F5,5,5,LR,24000,6000,23,29,0.2152438000193797,0.8135,0.7103004291845494,0.25171102661596956,0.9711846318036286,0.3717012914093206,0.6114478292097991,0.34451389894323853,0.7185242116454504,0.5055535109801468,0.49442682037379787,0.36935369332592083,4550,135,984,331
Taiwan Credit Card Default,R5_F5,5,5,SVM,24000,6000,23,29,46.15160099999048,0.8206666666666667,0.688783570300158,0.3315589353612167,0.9579509071504803,0.44763860369609854,0.6447549212558485,0.3898641976109493,0.7209193648526362,0.505712988595877,0.5635753568983699,0.3583704972182883,4488,197,879,436
Taiwan Credit Card Default,R5_F5,5,5,KNN,24000,6000,23,29,0.8614200000301935,0.7926666666666666,0.5405714285714286,0.3596958174904943,0.9141942369263607,0.4319634703196347,0.6369450272084275,0.3210280456915023,0.7085119161144499,0.42008246368356683,0.5734386134507563,0.33332170059773325,4283,402,842,473
Taiwan Credit Card Default,R5_F5,5,5,DT,24000,6000,23,29,0.9358168999897316,0.7268333333333333,0.3863955119214586,0.4190114068441065,0.8132337246531484,0.4020430499817585,0.6161225657486274,0.2257129359548708,0.6176065511238439,0.28987913148941935,0.5837415584485899,0.23583396569425114,3810,875,764,551
Taiwan Credit Card Default,R5_F5,5,5,RF,24000,6000,23,29,4.872471400012728,0.8175,0.6458885941644562,0.3703422053231939,0.9430096051227321,0.4707588206863219,0.656675905222963,0.39106600629453164,0.7626830228339778,0.5315476743803825,0.5909621449823219,0.4024566714414989,4418,267,828,487
Taiwan Credit Card Default,R5_F5,5,5,XGB,24000,6000,23,29,0.993119899998419,0.8233333333333334,0.6763485477178424,0.37186311787072246,0.9500533617929563,0.47988223748773307,0.6609582398318394,0.4090705249559485,0.7828737455920725,0.5516035902824951,0.5943818682125913,0.43911358554727287,4451,234,826,489
