run_id,inner_fold,outer_train_position,y_true,raw_oof_hybrid_probability
R1_F1,1,9,1,0.7612646248443765
R1_F1,1,11,1,0.6912623130383101
R1_F1,1,22,1,0.8332984316013702
R1_F1,1,38,0,0.26284559074894637
R1_F1,1,50,1,0.7578497691414094
R1_F1,1,53,0,0.24586611181894266
R1_F1,1,55,0,0.14518424187572446
R1_F1,1,70,0,0.12307076203646922
R1_F1,1,71,1,0.8972989187531825
R1_F1,1,75,0,0.22092093852497877
R1_F1,1,78,0,0.2524080988414028
R1_F1,1,79,1,0.6713062311955489
R1_F1,1,81,0,0.3996848671847925
R1_F1,1,88,0,0.23068347500339423
R1_F1,1,91,0,0.10738858458618661
R1_F1,1,102,0,0.4471317951535179
R1_F1,1,105,1,0.2401470507453074
R1_F1,1,109,0,0.6518832131766275
R1_F1,1,110,1,0.6311185350266912
R1_F1,1,115,0,0.011145210582892575
R1_F1,1,121,0,0.07281872871071227
R1_F1,1,124,0,0.23149047971455752
R1_F1,1,126,0,0.6366296871881342
R1_F1,1,127,0,0.07396336578100791
R1_F1,1,128,1,0.6909031500716716
R1_F1,1,131,1,0.4023370680908887
R1_F1,1,135,0,0.5844084147490024
R1_F1,1,138,0,0.5812572289352482
R1_F1,1,146,0,0.495049948154665
R1_F1,1,147,1,0.5611370526971149
R1_F1,1,158,0,0.06462501457685217
R1_F1,1,160,0,0.2460118616526746
R1_F1,1,161,1,0.5165160144388631
R1_F1,1,172,0,0.7882246825562705
R1_F1,1,176,0,0.38965147498678787
R1_F1,1,184,0,0.11340109148217492
R1_F1,1,187,1,0.7271581065670247
R1_F1,1,189,0,0.15691993836182036
R1_F1,1,192,0,0.3632611977177927
R1_F1,1,194,0,0.5036502060964071
R1_F1,1,195,1,0.13983416752446876
R1_F1,1,197,1,0.5664820714778157
R1_F1,1,198,0,0.28041254741895083
R1_F1,1,200,0,0.3095840646947167
R1_F1,1,205,0,0.5221041575124107
R1_F1,1,208,0,0.4006532530201221
R1_F1,1,211,0,0.36054924544082106
R1_F1,1,212,1,0.5026241750487961
R1_F1,1,227,0,0.5833098265640527
R1_F1,1,237,0,0.13938559740938325
R1_F1,1,240,1,0.3211257536589904
R1_F1,1,246,0,0.3253992588727089
R1_F1,1,250,0,0.33004753898489964
R1_F1,1,252,1,0.7544412673231627
R1_F1,1,257,0,0.055817785771679375
R1_F1,1,260,0,0.20213211644496087
R1_F1,1,269,0,0.4215023203182136
R1_F1,1,271,0,0.20935659879653845
R1_F1,1,272,0,0.20271121289013605
R1_F1,1,274,0,0.09726496866321499
R1_F1,1,275,1,0.14329164872814903
R1_F1,1,285,0,0.18379629731207733
R1_F1,1,290,0,0.5062524190685939
R1_F1,1,299,0,0.1671155580335362
R1_F1,1,302,0,0.5543983139513864
R1_F1,1,305,0,0.6258072641503944
R1_F1,1,308,0,0.32193610086645397
R1_F1,1,312,0,0.18127671562931813
R1_F1,1,317,0,0.29440582251472797
R1_F1,1,318,1,0.5417396136127229
R1_F1,1,321,1,0.3856297769037744
R1_F1,1,323,0,0.23145213143436125
R1_F1,1,325,1,0.08821802130493961
R1_F1,1,328,0,0.08584187166192277
R1_F1,1,331,0,0.05204217240251985
R1_F1,1,355,0,0.12309294953084733
R1_F1,1,364,0,0.6302108620136103
R1_F1,1,365,0,0.33346646500598537
R1_F1,1,376,1,0.6455444079110431
R1_F1,1,377,0,0.042986828221604025
R1_F1,1,379,0,0.22496072078416118
R1_F1,1,382,0,0.6943736022562224
R1_F1,1,392,0,0.13333063182072308
R1_F1,1,393,0,0.21445943689617816
R1_F1,1,395,0,0.14341488777460623
R1_F1,1,402,0,0.04563999044404519
R1_F1,1,407,0,0.08545661998832697
R1_F1,1,416,1,0.775305079334295
R1_F1,1,421,1,0.35525005430010187
R1_F1,1,428,0,0.10613745257258078
R1_F1,1,431,0,0.1754774588869937
R1_F1,1,434,0,0.04816333832333902
R1_F1,1,441,1,0.5589037291581607
R1_F1,1,442,1,0.3571055142705724
R1_F1,1,462,1,0.7287390335300947
R1_F1,1,469,0,0.3364440182561817
R1_F1,1,481,0,0.5334755498055096
R1_F1,1,483,0,0.4417151088332451
R1_F1,1,489,1,0.20098063041821881
R1_F1,1,495,1,0.4628442213547368
R1_F1,1,501,1,0.7252456231247408
R1_F1,1,504,0,0.38498497235031204
R1_F1,1,505,0,0.4706107213767865
R1_F1,1,515,1,0.7912305415274995
R1_F1,1,521,1,0.76194994888461
R1_F1,1,526,0,0.15435254296813727
R1_F1,1,531,0,0.29484537744997064
R1_F1,1,533,1,0.15667306759277555
R1_F1,1,534,0,0.4175055811465163
R1_F1,1,548,0,0.5356559399315148
R1_F1,1,551,0,0.06567963306653014
R1_F1,1,561,0,0.4437727963456671
R1_F1,1,564,1,0.7469077761088743
R1_F1,1,569,0,0.28376348539417984
R1_F1,1,576,1,0.34661552573644383
R1_F1,1,585,1,0.6826153195104138
R1_F1,1,589,0,0.5244750760688648
R1_F1,1,593,1,0.7568838172412473
R1_F1,1,594,0,0.07229826840205278
R1_F1,1,595,0,0.03207493853868689
R1_F1,1,597,0,0.23574966144776108
R1_F1,1,598,1,0.049004655752339456
R1_F1,1,604,1,0.6709972775152017
R1_F1,1,610,0,0.0467638441831378
R1_F1,1,617,0,0.4219906544836163
R1_F1,1,618,0,0.037989675618182
R1_F1,1,629,1,0.796372477828918
R1_F1,1,630,0,0.07123143321270835
R1_F1,1,635,1,0.2686448579992113
R1_F1,1,651,0,0.054048064775841474
R1_F1,1,653,1,0.7128891735250208
R1_F1,1,655,0,0.28752000456713395
R1_F1,1,657,0,0.35387039922243696
R1_F1,1,674,0,0.10866450484421457
R1_F1,1,678,1,0.3551896203645751
R1_F1,1,683,0,0.18891248342445097
R1_F1,1,684,0,0.0777479350976646
R1_F1,1,693,0,0.7400159631712598
R1_F1,1,695,0,0.29283365414404866
R1_F1,1,696,0,0.6589547489609618
R1_F1,1,703,1,0.4666845450047503
R1_F1,1,704,0,0.09951912611170706
R1_F1,1,723,0,0.1576201071400061
R1_F1,1,733,1,0.6243224718017708
R1_F1,1,736,1,0.878064051975163
R1_F1,1,740,0,0.7113836865183315
R1_F1,1,745,1,0.7504870623728346
R1_F1,1,752,0,0.1698240012995754
R1_F1,1,758,1,0.19524797781651737
R1_F1,1,765,0,0.2966012549427192
R1_F1,1,766,0,0.14184734732982104
R1_F1,1,768,0,0.04640691119474849
R1_F1,1,771,1,0.07219824774527317
R1_F1,1,776,0,0.37603709077522796
R1_F1,1,779,1,0.7597388117480185
R1_F1,1,780,1,0.8607368554403125
R1_F1,1,783,0,0.1583244592465535
R1_F1,1,790,0,0.14546200194605705
R1_F1,1,794,0,0.07299873578146802
R1_F1,1,796,0,0.41622392312439443
R1_F1,2,0,0,0.06334823274397228
R1_F1,2,16,0,0.16847594594261858
R1_F1,2,17,0,0.02577602473794896
R1_F1,2,23,0,0.4335797325927037
R1_F1,2,32,0,0.6540952334174581
R1_F1,2,33,0,0.29367287053065044
R1_F1,2,51,1,0.8630097827679596
R1_F1,2,54,0,0.2741021844511817
R1_F1,2,57,1,0.4847120781841627
R1_F1,2,58,0,0.2586506033920595
R1_F1,2,62,0,0.12973544673626944
R1_F1,2,68,1,0.10752935046812641
R1_F1,2,69,0,0.19940905712775034
R1_F1,2,72,0,0.07206802251944089
R1_F1,2,80,1,0.553137528209516
R1_F1,2,82,0,0.34235092578685716
R1_F1,2,86,0,0.41676061934963554
R1_F1,2,87,1,0.3317017920170655
R1_F1,2,90,1,0.3165307854266017
R1_F1,2,94,0,0.11425424028213672
R1_F1,2,98,1,0.5218851752719185
R1_F1,2,100,1,0.8035987267043834
R1_F1,2,107,0,0.12492246306052557
R1_F1,2,120,1,0.5056710218919144
R1_F1,2,123,0,0.02549880240110645
R1_F1,2,125,0,0.10069582001947115
R1_F1,2,130,0,0.26846174191542604
R1_F1,2,134,1,0.1450682273922366
R1_F1,2,140,1,0.6696130090709865
R1_F1,2,141,1,0.5184961018899862
R1_F1,2,144,0,0.10791398658399981
R1_F1,2,150,1,0.48235906439280685
R1_F1,2,163,0,0.06778944498762908
R1_F1,2,164,0,0.29571243584714474
R1_F1,2,170,0,0.7632245491859444
R1_F1,2,173,0,0.18557149344600213
R1_F1,2,174,0,0.35101380508911456
R1_F1,2,179,1,0.5037198360053208
R1_F1,2,190,0,0.4520423463321867
R1_F1,2,191,0,0.11269443960321689
R1_F1,2,202,1,0.6316299790898406
R1_F1,2,209,0,0.041089814246867064
R1_F1,2,214,0,0.06826241828795153
R1_F1,2,218,0,0.16146776872926263
R1_F1,2,219,1,0.20956712140721642
R1_F1,2,221,0,0.05736903783048524
R1_F1,2,225,0,0.9123785326926068
R1_F1,2,226,0,0.701043847722523
R1_F1,2,230,0,0.08686135854628912
R1_F1,2,236,0,0.07385424105950257
R1_F1,2,247,1,0.7011751863322511
R1_F1,2,253,1,0.7227014941106059
R1_F1,2,268,0,0.7140515187866511
R1_F1,2,282,1,0.18533603005508711
R1_F1,2,286,0,0.4557411368244589
R1_F1,2,296,0,0.3907843023229984
R1_F1,2,300,0,0.14748688513928526
R1_F1,2,304,0,0.1755338049795424
R1_F1,2,306,0,0.414827058681229
R1_F1,2,322,0,0.007111637190395914
R1_F1,2,324,0,0.12868708622897163
R1_F1,2,327,1,0.1985872984157846
R1_F1,2,334,0,0.20054807178381026
R1_F1,2,339,0,0.09811215511739918
R1_F1,2,346,0,0.1317778712830288
R1_F1,2,347,0,0.47356348376990054
R1_F1,2,348,0,0.5706248600638649
R1_F1,2,356,0,0.2973964630990176
R1_F1,2,358,1,0.7496397837178114
R1_F1,2,360,1,0.27258870849875977
R1_F1,2,366,0,0.27989584874655726
R1_F1,2,367,1,0.5771117093382584
R1_F1,2,371,1,0.4152127500759626
R1_F1,2,383,0,0.4836001294363526
R1_F1,2,384,0,0.14769918968720086
R1_F1,2,385,0,0.0753573929123869
R1_F1,2,390,1,0.8259093061017738
R1_F1,2,400,1,0.6677412270241967
R1_F1,2,405,1,0.5840715157709938
R1_F1,2,415,0,0.04843863115757328
R1_F1,2,418,0,0.6896522401172979
R1_F1,2,422,0,0.38465921058019187
R1_F1,2,426,1,0.4222497839966331
R1_F1,2,427,1,0.28535762064253484
R1_F1,2,433,0,0.09091002969257693
R1_F1,2,438,1,0.5655347055412504
R1_F1,2,444,1,0.6229949884139723
R1_F1,2,445,1,0.5423751800082064
R1_F1,2,448,1,0.6287185002061796
R1_F1,2,449,0,0.07525183145012201
R1_F1,2,452,0,0.0982225994453866
R1_F1,2,454,0,0.38300438130894143
R1_F1,2,455,0,0.25591054398717666
R1_F1,2,464,1,0.7604857745320396
R1_F1,2,467,1,0.48639780934047444
R1_F1,2,472,1,0.3604467657192448
R1_F1,2,477,0,0.16087854247139224
R1_F1,2,478,1,0.5932562682396673
R1_F1,2,480,1,0.21221203450871387
R1_F1,2,484,1,0.5529727063050345
R1_F1,2,485,0,0.0955016476835085
R1_F1,2,487,0,0.42047134914502554
R1_F1,2,488,0,0.3505665014477495
R1_F1,2,497,1,0.5551166970690055
R1_F1,2,506,0,0.2093241536156647
R1_F1,2,508,0,0.7077170535832072
R1_F1,2,524,0,0.5206974415343539
R1_F1,2,527,0,0.5171242081928261
R1_F1,2,549,0,0.18073240703471383
R1_F1,2,554,0,0.15359089363976716
R1_F1,2,556,1,0.11097920605092688
R1_F1,2,570,0,0.07299814406788693
R1_F1,2,582,0,0.06905677899677802
R1_F1,2,583,0,0.10093621135899707
R1_F1,2,587,1,0.6140438284120614
R1_F1,2,588,0,0.05129668962630907
R1_F1,2,591,0,0.57421595313577
R1_F1,2,592,0,0.5991450591161077
R1_F1,2,600,1,0.0870083533925386
R1_F1,2,601,0,0.11877486989717741
R1_F1,2,603,0,0.12326770180175521
R1_F1,2,605,0,0.5286303450569304
R1_F1,2,612,1,0.8402014641157344
R1_F1,2,613,0,0.030194500034440585
R1_F1,2,614,0,0.3123194568697114
R1_F1,2,619,0,0.6083295523804974
R1_F1,2,623,1,0.7672947084339988
R1_F1,2,632,0,0.3439792615489267
R1_F1,2,636,0,0.12354163238147232
R1_F1,2,639,0,0.6037711108638132
R1_F1,2,640,0,0.01576493527150754
R1_F1,2,642,1,0.7976693751672373
R1_F1,2,643,0,0.151362183897757
R1_F1,2,652,0,0.8956983909790832
R1_F1,2,654,0,0.12209091863214179
R1_F1,2,658,0,0.15468491698825132
R1_F1,2,670,0,0.25926511346302167
R1_F1,2,673,0,0.40261497139715136
R1_F1,2,675,1,0.19303502248711005
R1_F1,2,680,0,0.05744548621103651
R1_F1,2,682,0,0.5923921466581228
R1_F1,2,685,0,0.0758231837705906
R1_F1,2,687,0,0.05084414275898075
R1_F1,2,690,1,0.6369640690874433
R1_F1,2,691,1,0.16207471706601842
R1_F1,2,697,0,0.08734348027868039
R1_F1,2,722,0,0.21371372175165235
R1_F1,2,727,0,0.3188620247796959
R1_F1,2,734,0,0.27709404991447883
R1_F1,2,742,1,0.38012999181204776
R1_F1,2,743,0,0.0848922067254166
R1_F1,2,747,0,0.32027905521158917
R1_F1,2,757,0,0.08460220040111911
R1_F1,2,764,0,0.3374931122067053
R1_F1,2,770,0,0.09113351100883517
R1_F1,2,777,0,0.36679117136507866
R1_F1,2,788,0,0.20477474717778266
R1_F1,2,792,0,0.4568432506401013
R1_F1,2,795,0,0.1557651348059823
R1_F1,2,798,1,0.6908218573540267
R1_F1,3,3,1,0.6968596261161643
R1_F1,3,14,0,0.0915594314681234
R1_F1,3,19,0,0.26991900031401056
R1_F1,3,24,0,0.5214487073248225
R1_F1,3,26,0,0.5167185887207293
R1_F1,3,27,1,0.7102934025948896
R1_F1,3,28,0,0.6121926835543628
R1_F1,3,29,1,0.46336528631111645
R1_F1,3,36,0,0.10191902219838007
R1_F1,3,44,1,0.6298319395207433
R1_F1,3,59,0,0.18871136729837645
R1_F1,3,73,0,0.3782475755885186
R1_F1,3,93,0,0.08238675947843065
R1_F1,3,96,1,0.4146768197310265
R1_F1,3,101,0,0.5298121573371041
R1_F1,3,103,0,0.04297193127583507
R1_F1,3,111,0,0.292997938183335
R1_F1,3,119,0,0.4935443267528034
R1_F1,3,143,1,0.634000917236989
R1_F1,3,148,0,0.603194081094905
R1_F1,3,152,0,0.08309922734126561
R1_F1,3,154,1,0.3282012068042226
R1_F1,3,156,1,0.6807918841996226
R1_F1,3,157,1,0.631801008613223
R1_F1,3,159,0,0.7343267342085366
R1_F1,3,165,0,0.7611515956423084
R1_F1,3,167,1,0.4492256391676575
R1_F1,3,169,0,0.11287835481032216
R1_F1,3,171,0,0.3525349745608212
R1_F1,3,183,0,0.17688056030585622
R1_F1,3,185,0,0.47774058549305276
R1_F1,3,188,1,0.5409889312027997
R1_F1,3,196,0,0.2114082079948522
R1_F1,3,201,0,0.19470681548806193
R1_F1,3,210,1,0.23917773425245434
R1_F1,3,215,0,0.07703755968632826
R1_F1,3,220,0,0.277275650496125
R1_F1,3,235,1,0.7610661784448793
R1_F1,3,238,0,0.16385192439335958
R1_F1,3,241,1,0.4947103764170461
R1_F1,3,244,0,0.6273724749268897
R1_F1,3,249,0,0.591177095149716
R1_F1,3,258,0,0.42013385372442974
R1_F1,3,259,0,0.18623159151528926
R1_F1,3,265,0,0.5455790753082241
R1_F1,3,276,0,0.29995074015482154
R1_F1,3,283,1,0.6883328709588711
R1_F1,3,284,0,0.6302336773820444
R1_F1,3,291,0,0.26615240695624
R1_F1,3,295,0,0.3826692020866344
R1_F1,3,297,0,0.07558982674801902
R1_F1,3,301,0,0.22013189815615627
R1_F1,3,303,0,0.4777069633878157
R1_F1,3,307,0,0.18470391522037474
R1_F1,3,319,0,0.33687866604065636
R1_F1,3,326,0,0.596928000392516
R1_F1,3,333,0,0.2403497433488855
R1_F1,3,336,0,0.032901737472326734
R1_F1,3,337,0,0.26428624872700845
R1_F1,3,340,1,0.7448098519746206
R1_F1,3,341,0,0.30752856011303614
R1_F1,3,342,1,0.10782208787320151
R1_F1,3,343,0,0.22729220800849778
R1_F1,3,354,0,0.21863734584834135
R1_F1,3,361,0,0.6360625321878923
R1_F1,3,368,0,0.30308427590078757
R1_F1,3,387,0,0.23434301776717206
R1_F1,3,394,1,0.8010514726792431
R1_F1,3,398,0,0.4152949526522449
R1_F1,3,399,0,0.16694771670928113
R1_F1,3,409,0,0.05908002937737025
R1_F1,3,411,0,0.06255942658439001
R1_F1,3,413,0,0.28122559128035
R1_F1,3,417,0,0.5451124253134177
R1_F1,3,420,0,0.17896811867496099
R1_F1,3,423,0,0.23745369612240355
R1_F1,3,424,0,0.5623064712086212
R1_F1,3,425,0,0.23942837103449688
R1_F1,3,429,1,0.7215777969608604
R1_F1,3,435,0,0.2583273850311116
R1_F1,3,456,0,0.19628940266903747
R1_F1,3,461,0,0.3640150263571758
R1_F1,3,465,0,0.2838867082969704
R1_F1,3,466,0,0.6239946577043689
R1_F1,3,468,1,0.1636963010256072
R1_F1,3,470,0,0.4227131709112555
R1_F1,3,475,1,0.27625557531003153
R1_F1,3,479,1,0.7942744422010927
R1_F1,3,482,0,0.5343907292550567
R1_F1,3,491,0,0.5184772947827919
R1_F1,3,493,0,0.2664554556516359
R1_F1,3,494,0,0.22217180308497433
R1_F1,3,503,1,0.7591067202007921
R1_F1,3,512,0,0.784186130159546
R1_F1,3,514,1,0.566445173852631
R1_F1,3,516,1,0.3534079907087658
R1_F1,3,525,0,0.4619914225807979
R1_F1,3,528,0,0.5559579301825196
R1_F1,3,529,0,0.4344458738320253
R1_F1,3,530,1,0.4496139224002244
R1_F1,3,532,0,0.4144195761916321
R1_F1,3,535,0,0.11912273444136016
R1_F1,3,536,0,0.6660116616207312
R1_F1,3,541,0,0.25539580039582405
R1_F1,3,543,0,0.14574197582097756
R1_F1,3,552,0,0.12227876585380372
R1_F1,3,555,0,0.45964582005537485
R1_F1,3,558,0,0.4992787497830648
R1_F1,3,559,0,0.7078670185606105
R1_F1,3,565,0,0.04208519361068933
R1_F1,3,575,0,0.4677513857403068
R1_F1,3,578,1,0.7329272589801277
R1_F1,3,580,0,0.48428097815352955
R1_F1,3,581,1,0.6721493070267135
R1_F1,3,596,0,0.5019551025067809
R1_F1,3,606,1,0.30195513526801704
R1_F1,3,607,0,0.1546449862164642
R1_F1,3,608,0,0.5189165138792798
R1_F1,3,611,0,0.16377171771517193
R1_F1,3,615,0,0.2771733855547684
R1_F1,3,616,0,0.10154157444042544
R1_F1,3,622,0,0.46206403729588913
R1_F1,3,624,0,0.26280093729652226
R1_F1,3,625,0,0.46692510169255347
R1_F1,3,627,0,0.02177121850767222
R1_F1,3,646,1,0.6458183908856879
R1_F1,3,647,0,0.48352900641301666
R1_F1,3,648,0,0.3497452609236471
R1_F1,3,649,1,0.7172619949039202
R1_F1,3,660,1,0.6522151752951376
R1_F1,3,663,0,0.6353396453556887
R1_F1,3,668,1,0.781569700933426
R1_F1,3,672,1,0.3961309297220086
R1_F1,3,679,0,0.009142863534342157
R1_F1,3,686,1,0.4471144846805835
R1_F1,3,692,0,0.30070020914779066
R1_F1,3,694,0,0.23547533186201433
R1_F1,3,705,0,0.3522098885843418
R1_F1,3,706,0,0.16560763696940306
R1_F1,3,718,0,0.7037629360722946
R1_F1,3,719,0,0.17925373840316397
R1_F1,3,720,1,0.3778332680817968
R1_F1,3,724,0,0.13188366022158807
R1_F1,3,729,0,0.10000686597550591
R1_F1,3,738,1,0.6321352766046511
R1_F1,3,741,0,0.5641746899302625
R1_F1,3,744,0,0.5812402827481378
R1_F1,3,746,1,0.5127350578747799
R1_F1,3,748,1,0.8656402716873725
R1_F1,3,749,0,0.09366148711373608
R1_F1,3,751,0,0.08253615470277495
R1_F1,3,753,0,0.040810055295038665
R1_F1,3,755,0,0.760895630064612
R1_F1,3,759,1,0.05308771703045464
R1_F1,3,761,1,0.5851675581124467
R1_F1,3,767,1,0.46104110933429676
R1_F1,3,778,0,0.32117573574686936
R1_F1,3,785,1,0.6503765034879779
R1_F1,3,787,1,0.4630147997734639
R1_F1,3,789,0,0.823353437931242
R1_F1,4,2,0,0.43009277167943955
R1_F1,4,4,0,0.1314959593088484
R1_F1,4,5,0,0.4520952184539448
R1_F1,4,6,0,0.044553075349150435
R1_F1,4,7,1,0.7184879070193051
R1_F1,4,8,1,0.7585437224535571
R1_F1,4,10,0,0.7327639349644764
R1_F1,4,12,0,0.05322287870912203
R1_F1,4,13,1,0.7305741838367615
R1_F1,4,15,0,0.142847420528017
R1_F1,4,18,0,0.3523151008212051
R1_F1,4,21,0,0.09879027041569984
R1_F1,4,25,0,0.455299727938028
R1_F1,4,34,1,0.5508929601324525
R1_F1,4,41,0,0.16991459963738084
R1_F1,4,42,0,0.23877613290153854
R1_F1,4,43,0,0.05169039000706685
R1_F1,4,45,0,0.2190566179727619
R1_F1,4,46,1,0.1682185958851585
R1_F1,4,48,1,0.8068619571767286
R1_F1,4,49,0,0.05568813435628737
R1_F1,4,56,0,0.502917681595372
R1_F1,4,63,0,0.29078594828030496
R1_F1,4,65,1,0.814406591852033
R1_F1,4,67,0,0.13838643834753614
R1_F1,4,83,0,0.1645606780032894
R1_F1,4,84,0,0.40693576351538363
R1_F1,4,89,0,0.05633974969708639
R1_F1,4,92,0,0.24835058030976734
R1_F1,4,95,0,0.35953762091227687
R1_F1,4,104,0,0.12764861987834084
R1_F1,4,106,0,0.12669819020144601
R1_F1,4,108,0,0.7331294959153191
R1_F1,4,113,0,0.09538751108952799
R1_F1,4,118,0,0.21195018571063748
R1_F1,4,122,0,0.5237588331787771
R1_F1,4,136,0,0.13439698245094664
R1_F1,4,139,1,0.6049832326080072
R1_F1,4,145,1,0.35044424845014244
R1_F1,4,153,1,0.5532254952441803
R1_F1,4,162,0,0.6860138211396706
R1_F1,4,168,0,0.04795839979585029
R1_F1,4,177,0,0.13716929766791972
R1_F1,4,178,0,0.6113040669087663
R1_F1,4,199,0,0.14329151326455838
R1_F1,4,204,0,0.06367046767641325
R1_F1,4,217,1,0.7682717440429769
R1_F1,4,228,0,0.14852654226855388
R1_F1,4,243,1,0.28394731846332605
R1_F1,4,245,0,0.476378372324763
R1_F1,4,248,0,0.05968323796203077
R1_F1,4,255,0,0.18692653245178778
R1_F1,4,256,0,0.0558490312956989
R1_F1,4,262,1,0.5714477249237447
R1_F1,4,263,1,0.8137917326099444
R1_F1,4,264,1,0.2651203696698134
R1_F1,4,266,0,0.7318176776702657
R1_F1,4,277,1,0.21875788408362676
R1_F1,4,281,0,0.05607241162389564
R1_F1,4,287,0,0.2051347631860413
R1_F1,4,292,0,0.17939134555480782
R1_F1,4,294,0,0.20468429639660202
R1_F1,4,311,0,0.20314246240285372
R1_F1,4,314,0,0.6491641297056646
R1_F1,4,329,1,0.6339431475136167
R1_F1,4,338,1,0.3491665378535696
R1_F1,4,344,0,0.06404206919538191
R1_F1,4,345,1,0.450714258443398
R1_F1,4,349,1,0.37391792691726744
R1_F1,4,352,0,0.07920748548168054
R1_F1,4,357,0,0.06269701436571873
R1_F1,4,362,0,0.4370546447212309
R1_F1,4,363,0,0.23122601205068508
R1_F1,4,372,1,0.4141036271839589
R1_F1,4,373,1,0.6537343784648102
R1_F1,4,378,0,0.3812055583756247
R1_F1,4,380,0,0.4671172420223855
R1_F1,4,386,0,0.12000951385719123
R1_F1,4,388,0,0.061612829555007985
R1_F1,4,389,0,0.20957957273185737
R1_F1,4,396,0,0.2444745413536882
R1_F1,4,406,0,0.244239386879578
R1_F1,4,410,1,0.4690605009494138
R1_F1,4,412,0,0.2080760620107287
R1_F1,4,414,0,0.3910426480799074
R1_F1,4,430,0,0.2037360123056636
R1_F1,4,436,1,0.20568171953651157
R1_F1,4,437,0,0.5501976046810682
R1_F1,4,447,0,0.48511758644363695
R1_F1,4,451,0,0.1473759801459202
R1_F1,4,457,0,0.2262655240230519
R1_F1,4,460,0,0.36392051231367506
R1_F1,4,471,1,0.709596179917484
R1_F1,4,473,1,0.6500689129493735
R1_F1,4,474,1,0.47416671221324114
R1_F1,4,486,1,0.6341517049562008
R1_F1,4,490,0,0.5950527696522091
R1_F1,4,492,0,0.25418147269559715
R1_F1,4,496,0,0.7226164483439685
R1_F1,4,498,0,0.07222703973856075
R1_F1,4,500,0,0.4338298562792004
R1_F1,4,502,0,0.3077948282363807
R1_F1,4,507,1,0.7381300614051409
R1_F1,4,513,1,0.18861869944983298
R1_F1,4,517,1,0.6990390367365503
R1_F1,4,518,1,0.4455888187213124
R1_F1,4,520,0,0.42183557327611193
R1_F1,4,522,0,0.2959233966257624
R1_F1,4,537,0,0.19696644682804018
R1_F1,4,538,0,0.14080783811183403
R1_F1,4,545,0,0.2648918328920768
R1_F1,4,546,0,0.28997537687805885
R1_F1,4,547,0,0.43666555804488016
R1_F1,4,553,0,0.09481200116534323
R1_F1,4,562,0,0.26533799631946103
R1_F1,4,566,0,0.37506140420838013
R1_F1,4,571,0,0.3779507935455147
R1_F1,4,577,0,0.06967304803403007
R1_F1,4,579,1,0.8308410394159788
R1_F1,4,584,0,0.5519673942871447
R1_F1,4,590,0,0.6857599949867262
R1_F1,4,599,0,0.02984175498066909
R1_F1,4,602,1,0.5601434464965449
R1_F1,4,609,1,0.6119366711612299
R1_F1,4,620,1,0.12999497670613952
R1_F1,4,621,0,0.05881830380446437
R1_F1,4,626,0,0.12127358784649639
R1_F1,4,628,1,0.8031064302562717
R1_F1,4,633,0,0.20732665135391426
R1_F1,4,637,0,0.278711090754184
R1_F1,4,645,0,0.6675555700992128
R1_F1,4,650,0,0.7114247331962114
R1_F1,4,666,0,0.2247497414535349
R1_F1,4,667,1,0.23506985078294088
R1_F1,4,669,0,0.319687248091784
R1_F1,4,677,1,0.5584472681669563
R1_F1,4,688,0,0.05663702910796789
R1_F1,4,689,1,0.2483203112744898
R1_F1,4,702,0,0.2575311404184731
R1_F1,4,707,0,0.09101777164771259
R1_F1,4,708,1,0.6640425562058511
R1_F1,4,711,0,0.2743494119016396
R1_F1,4,714,0,0.6050202189947123
R1_F1,4,715,0,0.26947519763000644
R1_F1,4,716,0,0.1358133515272382
R1_F1,4,721,1,0.6383674069661521
R1_F1,4,726,0,0.16317653920988381
R1_F1,4,730,0,0.0849325687546167
R1_F1,4,735,0,0.42689822550897244
R1_F1,4,750,0,0.1512940222153318
R1_F1,4,754,0,0.40122329412936547
R1_F1,4,756,1,0.6051299050854828
R1_F1,4,762,1,0.6385579289492568
R1_F1,4,763,0,0.5423211632345812
R1_F1,4,769,0,0.4686415908799281
R1_F1,4,774,0,0.3010098175535891
R1_F1,4,781,0,0.20077685433707662
R1_F1,4,786,1,0.3618861604258053
R1_F1,4,793,0,0.47180870141807957
R1_F1,4,797,0,0.14927130913007305
R1_F1,5,1,1,0.6906556865277068
R1_F1,5,20,0,0.3714265241131876
R1_F1,5,30,0,0.3178898430816362
R1_F1,5,31,0,0.43345923118525126
R1_F1,5,35,0,0.11367557032116488
R1_F1,5,37,0,0.29954260976640723
R1_F1,5,39,0,0.29167175014053986
R1_F1,5,40,0,0.3677883152164902
R1_F1,5,47,0,0.4875949890011961
R1_F1,5,52,0,0.2828343242187207
R1_F1,5,60,0,0.6497543286801548
R1_F1,5,61,1,0.06844674157278251
R1_F1,5,64,0,0.07085108432610299
R1_F1,5,66,0,0.052015259585729355
R1_F1,5,74,0,0.25278814892320567
R1_F1,5,76,0,0.5756211491988419
R1_F1,5,77,0,0.18610348714871672
R1_F1,5,85,0,0.6906339855278247
R1_F1,5,97,0,0.18463002898789313
R1_F1,5,99,0,0.4582185730219279
R1_F1,5,112,0,0.5814442283306599
R1_F1,5,114,0,0.4031538589097412
R1_F1,5,116,0,0.24154818392756047
R1_F1,5,117,0,0.40521367788074975
R1_F1,5,129,0,0.24440122421653818
R1_F1,5,132,1,0.5594038185652587
R1_F1,5,133,0,0.04352168224461831
R1_F1,5,137,0,0.0841776389838077
R1_F1,5,142,0,0.015670521846422366
R1_F1,5,149,1,0.038638095169147714
R1_F1,5,151,1,0.521706067484471
R1_F1,5,155,0,0.04685184408315323
R1_F1,5,166,0,0.011285256794639605
R1_F1,5,175,0,0.7737287401797426
R1_F1,5,180,1,0.09305230077038079
R1_F1,5,181,0,0.825658350966043
R1_F1,5,182,1,0.4531402739207418
R1_F1,5,186,0,0.011858732309173411
R1_F1,5,193,0,0.4042273354120143
R1_F1,5,203,0,0.09242077053789899
R1_F1,5,206,0,0.5656190497009325
R1_F1,5,207,0,0.6653000506039217
R1_F1,5,213,0,0.07217816574271685
R1_F1,5,216,0,0.8060534191523735
R1_F1,5,222,0,0.08908492619649155
R1_F1,5,223,0,0.35839611699042234
R1_F1,5,224,0,0.41343110890261386
R1_F1,5,229,1,0.727724914809296
R1_F1,5,231,1,0.5692430152761352
R1_F1,5,232,0,0.4046598712423195
R1_F1,5,233,0,0.3424384488619132
R1_F1,5,234,0,0.3175602394542082
R1_F1,5,239,0,0.0698724908043956
R1_F1,5,242,0,0.05713692641259208
R1_F1,5,251,0,0.24033995654010365
R1_F1,5,254,0,0.34159595369594736
R1_F1,5,261,1,0.19577803007053862
R1_F1,5,267,0,0.5354855626618588
R1_F1,5,270,0,0.5034202324613367
R1_F1,5,273,0,0.46611687001941265
R1_F1,5,278,1,0.6196832466714022
R1_F1,5,279,0,0.2851863017727296
R1_F1,5,280,1,0.6598461135394654
R1_F1,5,288,1,0.6341922340038669
R1_F1,5,289,0,0.02154455585891642
R1_F1,5,293,0,0.07307882154758986
R1_F1,5,298,1,0.8877152216647609
R1_F1,5,309,0,0.311680295993833
R1_F1,5,310,0,0.7964381596304854
R1_F1,5,313,0,0.7647302413785421
R1_F1,5,315,1,0.3594255656029375
R1_F1,5,316,0,0.12570181746015807
R1_F1,5,320,0,0.25665546961228086
R1_F1,5,330,0,0.3080427101412589
R1_F1,5,332,0,0.1045871279142014
R1_F1,5,335,0,0.10138596806328348
R1_F1,5,350,1,0.519053782473787
R1_F1,5,351,0,0.1379411296837624
R1_F1,5,353,0,0.17404928215107393
R1_F1,5,359,0,0.1764753484925791
R1_F1,5,369,0,0.4780349030073608
R1_F1,5,370,0,0.04513734737647948
R1_F1,5,374,0,0.04630850120388332
R1_F1,5,375,1,0.5025097830310947
R1_F1,5,381,0,0.3773740415262241
R1_F1,5,391,0,0.06453672396761821
R1_F1,5,397,1,0.6661151432727808
R1_F1,5,401,1,0.04579298719604361
R1_F1,5,403,0,0.1968609949392057
R1_F1,5,404,0,0.1474572270273826
R1_F1,5,408,1,0.3724706389357131
R1_F1,5,419,0,0.14850988407916776
R1_F1,5,432,1,0.7795519862835248
R1_F1,5,439,1,0.4672362693486644
R1_F1,5,440,1,0.30962371843257247
R1_F1,5,443,0,0.5039937685383604
R1_F1,5,446,0,0.4129808607595192
R1_F1,5,450,1,0.7416995087570207
R1_F1,5,453,0,0.8009054900953106
R1_F1,5,458,1,0.6871269823971115
R1_F1,5,459,1,0.4238960685106035
R1_F1,5,463,0,0.18600573579283627
R1_F1,5,476,0,0.2877342596247476
R1_F1,5,499,0,0.1125986430332254
R1_F1,5,509,1,0.18373782517251866
R1_F1,5,510,0,0.05763686449846358
R1_F1,5,511,1,0.4066534766824394
R1_F1,5,519,0,0.01940679238873941
R1_F1,5,523,0,0.6939874944824685
R1_F1,5,539,0,0.1642492861666743
R1_F1,5,540,0,0.38418750647427213
R1_F1,5,542,0,0.3694221039969796
R1_F1,5,544,0,0.8235887970288877
R1_F1,5,550,0,0.08700200179950209
R1_F1,5,557,1,0.5737211375937773
R1_F1,5,560,0,0.24112228299750504
R1_F1,5,563,0,0.4975943433697656
R1_F1,5,567,0,0.030694831410245454
R1_F1,5,568,0,0.025154927827644502
R1_F1,5,572,1,0.2399883205162264
R1_F1,5,573,1,0.7550762868339906
R1_F1,5,574,1,0.6635865313349653
R1_F1,5,586,0,0.6242193627061922
R1_F1,5,631,0,0.04302782050078815
R1_F1,5,634,0,0.31138028030230763
R1_F1,5,638,0,0.3716779516764837
R1_F1,5,641,0,0.4740527397134459
R1_F1,5,644,0,0.02685826679146783
R1_F1,5,656,1,0.592585561908389
R1_F1,5,659,0,0.6552025023117333
R1_F1,5,661,1,0.4168803246172752
R1_F1,5,662,1,0.5824065256233109
R1_F1,5,664,0,0.24034569823833243
R1_F1,5,665,1,0.8018875887799548
R1_F1,5,671,0,0.21141449700506695
R1_F1,5,676,0,0.27980030288216656
R1_F1,5,681,1,0.9264435909913368
R1_F1,5,698,0,0.16193357453555401
R1_F1,5,699,0,0.5849667007524902
R1_F1,5,700,0,0.1570438212848756
R1_F1,5,701,0,0.9015707826003773
R1_F1,5,709,0,0.2845969255756071
R1_F1,5,710,1,0.8212414416622553
R1_F1,5,712,0,0.3033709754171823
R1_F1,5,713,0,0.03777751737082976
R1_F1,5,717,0,0.12380538721805971
R1_F1,5,725,0,0.36099792497048355
R1_F1,5,728,0,0.2631717098663835
R1_F1,5,731,1,0.6114306650506115
R1_F1,5,732,1,0.5049390105189902
R1_F1,5,737,0,0.73952685872552
R1_F1,5,739,0,0.04747090137568281
R1_F1,5,760,0,0.44419323442456365
R1_F1,5,772,0,0.3815422232320566
R1_F1,5,773,1,0.30177473185146364
R1_F1,5,775,0,0.1717455329913827
R1_F1,5,782,0,0.27483956191729964
R1_F1,5,784,0,0.26966729295955966
R1_F1,5,791,0,0.6220260990491798
R1_F1,5,799,0,0.21369333903275514
R1_F2,1,6,1,0.5023330855043285
R1_F2,1,14,0,0.06658624675566749
R1_F2,1,18,0,0.03709840187494342
R1_F2,1,28,1,0.6301878173014765
R1_F2,1,36,0,0.2274943569559881
R1_F2,1,38,0,0.18449690628162752
R1_F2,1,43,1,0.17650307861991696
R1_F2,1,60,0,0.6854097079816048
R1_F2,1,67,0,0.29720560597793283
R1_F2,1,68,0,0.6675076739934619
R1_F2,1,70,0,0.06089555542393904
R1_F2,1,75,0,0.04332685838538844
R1_F2,1,76,0,0.20389899651780877
R1_F2,1,77,1,0.8957031644965913
R1_F2,1,80,0,0.13406590154894235
R1_F2,1,88,0,0.17613684174678093
R1_F2,1,101,0,0.5882677308489166
R1_F2,1,110,1,0.2905739873537255
R1_F2,1,112,0,0.20598120790624827
R1_F2,1,113,0,0.0853961941038458
R1_F2,1,118,0,0.3028742716295973
R1_F2,1,145,0,0.7162418055702086
R1_F2,1,155,0,0.06696710713052456
R1_F2,1,159,1,0.6451192627476089
R1_F2,1,160,0,0.2943365556530671
R1_F2,1,166,0,0.6458749357467021
R1_F2,1,169,0,0.08100247614592249
R1_F2,1,170,1,0.37749323250739497
R1_F2,1,175,0,0.7504973885346801
R1_F2,1,179,0,0.09370834900655516
R1_F2,1,181,0,0.6551007185201633
R1_F2,1,185,1,0.32412680476370187
R1_F2,1,190,1,0.5774878801100727
R1_F2,1,191,0,0.06730005014305539
R1_F2,1,197,1,0.14376032521139467
R1_F2,1,198,0,0.2514193539995413
R1_F2,1,199,1,0.8159047420984559
R1_F2,1,201,0,0.10000374104518393
R1_F2,1,202,0,0.38806592781125787
R1_F2,1,207,0,0.7253135925105124
R1_F2,1,212,1,0.511070358299374
R1_F2,1,214,0,0.09670097659362986
R1_F2,1,216,1,0.6265412240466423
R1_F2,1,243,0,0.43395899166299934
R1_F2,1,246,0,0.4357259857951575
R1_F2,1,250,0,0.22814351955331535
R1_F2,1,256,0,0.06233955026472974
R1_F2,1,257,0,0.053737826212255334
R1_F2,1,260,0,0.130786954165214
R1_F2,1,275,0,0.0405499436878386
R1_F2,1,276,1,0.3389415571974406
R1_F2,1,280,0,0.26303870835134974
R1_F2,1,286,0,0.08602685196588739
R1_F2,1,291,0,0.47851134209934854
R1_F2,1,294,1,0.8335706480693686
R1_F2,1,296,0,0.20837674430546685
R1_F2,1,298,1,0.8677838214275991
R1_F2,1,308,0,0.2581828784817927
R1_F2,1,310,0,0.3205536033782751
R1_F2,1,313,0,0.09573981228006452
R1_F2,1,315,0,0.6962253799948085
R1_F2,1,322,1,0.37750016720702484
R1_F2,1,323,0,0.006645242702376636
R1_F2,1,326,1,0.09957454469690093
R1_F2,1,327,0,0.4951747684116832
R1_F2,1,329,1,0.08368786553445223
R1_F2,1,331,0,0.04939848129130536
R1_F2,1,340,1,0.17436589779949818
R1_F2,1,366,1,0.3326226721278334
R1_F2,1,371,0,0.18649980312820788
R1_F2,1,375,1,0.4043740917236464
R1_F2,1,379,1,0.6540421068740416
R1_F2,1,380,0,0.1278044680929955
R1_F2,1,385,1,0.24873872264883268
R1_F2,1,386,0,0.050114851038237714
R1_F2,1,391,0,0.038324255421831176
R1_F2,1,394,0,0.08428506440244944
R1_F2,1,395,0,0.3760381466656053
R1_F2,1,399,0,0.13535192539983054
R1_F2,1,406,0,0.11018440666062523
R1_F2,1,407,0,0.4014750363555229
R1_F2,1,408,0,0.18800907198782138
R1_F2,1,409,0,0.11151562012311668
R1_F2,1,418,0,0.020148667676868317
R1_F2,1,420,0,0.7010744023828414
R1_F2,1,421,1,0.4543559334168738
R1_F2,1,423,0,0.06340538231919444
R1_F2,1,427,0,0.35019530680028793
R1_F2,1,431,0,0.44889508911396275
R1_F2,1,433,1,0.3179798064239414
R1_F2,1,446,0,0.3104922171576623
R1_F2,1,457,1,0.698202559974126
R1_F2,1,462,0,0.42540881223457205
R1_F2,1,463,1,0.5224343060034465
R1_F2,1,475,0,0.10118042377225685
R1_F2,1,482,1,0.3001491566571516
R1_F2,1,487,0,0.24515983542678474
R1_F2,1,493,1,0.4566052842879236
R1_F2,1,499,1,0.6991248978924219
R1_F2,1,510,1,0.8066313553535616
R1_F2,1,529,0,0.0679358487229897
R1_F2,1,531,0,0.08896146540213312
R1_F2,1,534,1,0.6607477655504305
R1_F2,1,535,0,0.8243363942727099
R1_F2,1,542,0,0.04478531271755948
R1_F2,1,546,0,0.663319722038663
R1_F2,1,547,0,0.20579234528423315
R1_F2,1,549,0,0.05726707329261959
R1_F2,1,554,1,0.47958354812059145
R1_F2,1,562,0,0.14275028299224865
R1_F2,1,563,1,0.8117457405045393
R1_F2,1,565,1,0.8314449936901642
R1_F2,1,573,0,0.31877047142732057
R1_F2,1,577,1,0.7173971744279314
R1_F2,1,594,1,0.7244079919622619
R1_F2,1,596,0,0.15544225716716387
R1_F2,1,606,0,0.07782446290149896
R1_F2,1,615,0,0.32333805417703076
R1_F2,1,619,0,0.4889250945794572
R1_F2,1,623,1,0.7540990432356175
R1_F2,1,627,1,0.7278600600058844
R1_F2,1,635,0,0.36040633655956694
R1_F2,1,644,1,0.27159472224436654
R1_F2,1,647,0,0.8409252490166081
R1_F2,1,648,0,0.10983302629483936
R1_F2,1,651,1,0.610688528083909
R1_F2,1,652,0,0.22268719063866602
R1_F2,1,654,0,0.4833457113017899
R1_F2,1,661,0,0.24599327280691355
R1_F2,1,666,1,0.7799773780456946
R1_F2,1,670,1,0.6018123814505415
R1_F2,1,678,0,0.0713003921676663
R1_F2,1,689,0,0.7393210909926085
R1_F2,1,691,0,0.04639269343516155
R1_F2,1,696,0,0.8171798131907217
R1_F2,1,699,0,0.06947371036537253
R1_F2,1,714,0,0.8112406628810005
R1_F2,1,720,0,0.08280639699959873
R1_F2,1,721,0,0.06319257366305868
R1_F2,1,726,0,0.583405590003143
R1_F2,1,729,1,0.7113053714148835
R1_F2,1,730,1,0.7793977646385879
R1_F2,1,736,0,0.47170656953369344
R1_F2,1,738,1,0.8263864572649823
R1_F2,1,739,1,0.759728302620239
R1_F2,1,742,0,0.06349407616237092
R1_F2,1,744,0,0.08447991997802817
R1_F2,1,747,1,0.6932289409122058
R1_F2,1,748,1,0.2719554319236189
R1_F2,1,751,0,0.02256281532062844
R1_F2,1,753,0,0.059549367247315875
R1_F2,1,766,0,0.5493353570017698
R1_F2,1,770,0,0.5065853670501104
R1_F2,1,773,0,0.23790357549637572
R1_F2,1,774,0,0.30819855570512034
R1_F2,1,776,0,0.10992102040600066
R1_F2,1,778,0,0.2924126405578724
R1_F2,1,783,0,0.23860668821063394
R1_F2,1,784,1,0.4004780234566967
R1_F2,1,791,0,0.22035270449675717
R1_F2,2,0,1,0.762092482754439
R1_F2,2,1,0,0.08617092224178809
R1_F2,2,2,1,0.7436079309066669
R1_F2,2,3,0,0.24064996303563257
R1_F2,2,4,0,0.341082077613827
R1_F2,2,12,0,0.7791079438199642
R1_F2,2,17,0,0.20105440332426827
R1_F2,2,20,0,0.1579378467785432
R1_F2,2,30,1,0.5036001773456686
R1_F2,2,31,0,0.29225721568266116
R1_F2,2,35,1,0.7643620373195278
R1_F2,2,42,0,0.2219425287714031
R1_F2,2,45,0,0.5973329763371498
R1_F2,2,46,1,0.7331849594347841
R1_F2,2,49,1,0.8037934930295115
R1_F2,2,56,0,0.21752645376884702
R1_F2,2,57,0,0.4445259521546783
R1_F2,2,61,1,0.7106351114980134
R1_F2,2,62,0,0.33522111189755055
R1_F2,2,65,0,0.17432382016566708
R1_F2,2,72,1,0.6638359342110493
R1_F2,2,73,0,0.4637821941903768
R1_F2,2,83,0,0.1793228107045112
R1_F2,2,86,1,0.6208589703316405
R1_F2,2,92,1,0.5145422542236515
R1_F2,2,93,0,0.3852303187348289
R1_F2,2,94,1,0.3850121487666283
R1_F2,2,95,0,0.2656976901570602
R1_F2,2,98,1,0.5421191039175701
R1_F2,2,102,1,0.5592349393660575
R1_F2,2,106,0,0.37754365743020424
R1_F2,2,115,0,0.6988388607371832
R1_F2,2,119,0,0.04678505049199629
R1_F2,2,133,0,0.30350422058181337
R1_F2,2,134,0,0.0501403112867961
R1_F2,2,140,1,0.5089890544274186
R1_F2,2,143,1,0.21475634345536646
R1_F2,2,147,1,0.5522974067602656
R1_F2,2,150,0,0.04479000682936621
R1_F2,2,151,1,0.4126321663605374
R1_F2,2,152,0,0.3818432202935267
R1_F2,2,158,0,0.32228719586929966
R1_F2,2,168,0,0.01717101933733195
R1_F2,2,172,0,0.03633283429140803
R1_F2,2,180,0,0.06612187941768521
R1_F2,2,182,1,0.45695792018234166
R1_F2,2,184,1,0.09913656785286606
R1_F2,2,187,0,0.010734488647063715
R1_F2,2,188,1,0.7060694130339248
R1_F2,2,204,1,0.6938633643572379
R1_F2,2,205,0,0.0746746028459998
R1_F2,2,208,0,0.4723580366356379
R1_F2,2,220,1,0.08644743611304306
R1_F2,2,223,0,0.22086367052177822
R1_F2,2,225,0,0.47782726030992767
R1_F2,2,226,0,0.8065580483153404
R1_F2,2,236,0,0.05651517405637937
R1_F2,2,238,0,0.3352773997759195
R1_F2,2,240,0,0.11098849459256067
R1_F2,2,244,0,0.45376155659924117
R1_F2,2,249,0,0.2614768253902826
R1_F2,2,251,0,0.4120940123185652
R1_F2,2,255,0,0.09235108744716432
R1_F2,2,270,0,0.6847792221482373
R1_F2,2,271,0,0.5748686193921624
R1_F2,2,277,0,0.14827609682177018
R1_F2,2,290,1,0.757386192817609
R1_F2,2,307,0,0.42858327086337084
R1_F2,2,309,0,0.13165924277665836
R1_F2,2,319,0,0.48805701829394255
R1_F2,2,321,0,0.3629827241146463
R1_F2,2,330,1,0.7513961893863961
R1_F2,2,332,1,0.6727105313955368
R1_F2,2,336,0,0.12686475382167914
R1_F2,2,337,0,0.25273262724268686
R1_F2,2,339,0,0.15645751300390645
R1_F2,2,341,0,0.3980352839282368
R1_F2,2,345,0,0.3801989749805245
R1_F2,2,354,0,0.3646446314975243
R1_F2,2,356,1,0.6050757042046305
R1_F2,2,358,0,0.06948200814616491
R1_F2,2,361,0,0.06460636960658951
R1_F2,2,374,0,0.06364103410269092
R1_F2,2,378,1,0.4762789462626176
R1_F2,2,388,0,0.08618232890873284
R1_F2,2,389,0,0.19926237578913786
R1_F2,2,396,0,0.23719738319815953
R1_F2,2,400,1,0.6514813367823605
R1_F2,2,401,1,0.8634933344043838
R1_F2,2,410,1,0.23990516896358027
R1_F2,2,412,0,0.22326181120482733
R1_F2,2,426,0,0.28457592151311895
R1_F2,2,428,1,0.9029249258419444
R1_F2,2,436,0,0.1023890048191254
R1_F2,2,440,0,0.1654452803277926
R1_F2,2,441,1,0.3741621233769967
R1_F2,2,445,1,0.5374939748297942
R1_F2,2,449,0,0.028929367164609657
R1_F2,2,468,1,0.7200891676523863
R1_F2,2,473,1,0.5388044111937932
R1_F2,2,480,0,0.5914379141768901
R1_F2,2,488,0,0.2597560061115672
R1_F2,2,491,0,0.06000049879510965
R1_F2,2,494,0,0.09891058119857861
R1_F2,2,495,0,0.45447471945757956
R1_F2,2,496,1,0.7911381508906864
R1_F2,2,500,0,0.3825963527949174
R1_F2,2,503,1,0.866438123670965
R1_F2,2,508,1,0.15283777941412036
R1_F2,2,509,1,0.6361706822574776
R1_F2,2,517,0,0.15283561015583538
R1_F2,2,518,0,0.7097894678231803
R1_F2,2,525,0,0.5868870716926443
R1_F2,2,536,0,0.18224292394454444
R1_F2,2,538,0,0.2188870403978103
R1_F2,2,539,0,0.10277622713056504
R1_F2,2,543,0,0.812433263183561
R1_F2,2,559,1,0.8042873361758599
R1_F2,2,572,1,0.791113828186225
R1_F2,2,582,1,0.642284690522181
R1_F2,2,584,0,0.04847223241399969
R1_F2,2,587,0,0.5711655963322069
R1_F2,2,588,0,0.804012041007108
R1_F2,2,589,0,0.43732652472986827
R1_F2,2,595,0,0.3699116927249115
R1_F2,2,600,0,0.14406435584877494
R1_F2,2,607,0,0.21764953231718365
R1_F2,2,614,0,0.24249261713413114
R1_F2,2,616,1,0.8034010428061995
R1_F2,2,618,0,0.03091063876476749
R1_F2,2,624,0,0.2621230890551181
R1_F2,2,633,0,0.1361962286631909
R1_F2,2,642,1,0.7526743695758621
R1_F2,2,655,0,0.08015493393744623
R1_F2,2,656,0,0.6975052156537164
R1_F2,2,662,1,0.8567482218252426
R1_F2,2,663,1,0.8553070245711872
R1_F2,2,673,0,0.39508084634773527
R1_F2,2,675,0,0.16240548428459164
R1_F2,2,681,0,0.01791361057281132
R1_F2,2,683,1,0.5019114131473488
R1_F2,2,684,0,0.1146765014992669
R1_F2,2,690,0,0.1197235956819596
R1_F2,2,692,0,0.3761397053798825
R1_F2,2,701,0,0.48228990414177314
R1_F2,2,702,0,0.05320131091653294
R1_F2,2,703,1,0.21177473736005914
R1_F2,2,708,0,0.6040208486956598
R1_F2,2,715,0,0.011880337270498897
R1_F2,2,728,0,0.03607890386365634
R1_F2,2,737,1,0.44314943054972317
R1_F2,2,740,0,0.6585486650678568
R1_F2,2,743,0,0.717705953066888
R1_F2,2,763,0,0.1765104134616222
R1_F2,2,765,1,0.7279110603902534
R1_F2,2,767,0,0.04406672613605563
R1_F2,2,775,1,0.8181846438476962
R1_F2,2,785,0,0.06811151842102076
R1_F2,2,797,0,0.11443608816855537
R1_F2,2,798,1,0.7421447468569887
R1_F2,3,8,1,0.8246305380176487
R1_F2,3,10,1,0.5096110585997166
R1_F2,3,13,0,0.05492112876134483
R1_F2,3,15,0,0.24960322469588903
R1_F2,3,24,0,0.6245665778464781
R1_F2,3,33,0,0.48352020575624427
R1_F2,3,37,0,0.07356060824706297
R1_F2,3,48,0,0.15016337639120705
R1_F2,3,50,1,0.8898487804630181
R1_F2,3,63,1,0.7690485106093553
R1_F2,3,66,0,0.11833197665428968
R1_F2,3,81,0,0.13329623574127758
R1_F2,3,89,0,0.2481910305200187
R1_F2,3,96,1,0.4801508761853155
R1_F2,3,100,0,0.5357735788261537
R1_F2,3,108,0,0.013648482536245428
R1_F2,3,111,0,0.17454243574510456
R1_F2,3,114,0,0.9033418928597822
R1_F2,3,117,0,0.42051509494537215
R1_F2,3,127,1,0.3796728009985441
R1_F2,3,130,0,0.00695408995686939
R1_F2,3,131,0,0.02145079006499262
R1_F2,3,132,0,0.5676764945750098
R1_F2,3,135,1,0.6820742246433985
R1_F2,3,141,0,0.07840172799117023
R1_F2,3,148,1,0.5093123404727692
R1_F2,3,154,0,0.6678626793402938
R1_F2,3,157,0,0.018353607394345484
R1_F2,3,171,1,0.1961428998654099
R1_F2,3,173,0,0.6721040724268436
R1_F2,3,183,1,0.6870569441146843
R1_F2,3,193,0,0.04089392960228733
R1_F2,3,194,1,0.7818981361082836
R1_F2,3,195,0,0.08326730261422849
R1_F2,3,211,0,0.03165835166942337
R1_F2,3,213,0,0.02252400469549591
R1_F2,3,218,0,0.03941435107251954
R1_F2,3,219,0,0.30340143170309397
R1_F2,3,221,0,0.05930191411019642
R1_F2,3,230,0,0.4549389052683795
R1_F2,3,232,1,0.8759505759230007
R1_F2,3,242,1,0.2979378996523565
R1_F2,3,247,1,0.8299172777244923
R1_F2,3,252,0,0.35366481737778904
R1_F2,3,253,0,0.3463058242036987
R1_F2,3,261,1,0.17328211873179722
R1_F2,3,269,0,0.8236078990936898
R1_F2,3,272,0,0.27785993035297774
R1_F2,3,274,0,0.5957296806068365
R1_F2,3,278,1,0.196346927969417
R1_F2,3,282,0,0.005826780914195264
R1_F2,3,283,1,0.16697748802918125
R1_F2,3,293,0,0.3173001516315499
R1_F2,3,299,0,0.04304823727125543
R1_F2,3,301,0,0.20631757067225923
R1_F2,3,302,0,0.6912794407711088
R1_F2,3,314,0,0.7846037023499007
R1_F2,3,318,0,0.020037458562091992
R1_F2,3,335,1,0.6408485383226202
R1_F2,3,338,0,0.2809377809600544
R1_F2,3,342,0,0.21591372818472876
R1_F2,3,349,0,0.10597882817697941
R1_F2,3,360,0,0.07747507934561788
R1_F2,3,365,0,0.29496868103216106
R1_F2,3,370,0,0.6239670489592548
R1_F2,3,372,0,0.629827786982163
R1_F2,3,382,0,0.8495969629254434
R1_F2,3,384,0,0.0367097035133299
R1_F2,3,387,0,0.18857437841865013
R1_F2,3,397,1,0.8454364733070047
R1_F2,3,402,1,0.07778078855531843
R1_F2,3,404,1,0.725430150457834
R1_F2,3,405,0,0.10743461841234077
R1_F2,3,417,0,0.16926681574933258
R1_F2,3,425,1,0.6878678924536602
R1_F2,3,432,1,0.3283805159795185
R1_F2,3,448,0,0.26508402751481575
R1_F2,3,451,1,0.7961607850468183
R1_F2,3,452,1,0.8079289668482287
R1_F2,3,465,0,0.16450259672860043
R1_F2,3,467,0,0.09756798704435415
R1_F2,3,472,0,0.24350142937802424
R1_F2,3,483,0,0.533125016733107
R1_F2,3,486,1,0.6067700770812762
R1_F2,3,489,1,0.26153887940884907
R1_F2,3,497,0,0.4720268290950595
R1_F2,3,502,1,0.733998368518257
R1_F2,3,512,1,0.34013862045503895
R1_F2,3,513,1,0.6307666106334059
R1_F2,3,516,1,0.7424823235425909
R1_F2,3,519,0,0.4161579864938378
R1_F2,3,521,0,0.05094256125156483
R1_F2,3,523,0,0.252784951844104
R1_F2,3,524,0,0.5735715564189833
R1_F2,3,526,1,0.6429251197778889
R1_F2,3,530,0,0.44082816781118056
R1_F2,3,533,0,0.08168250996550334
R1_F2,3,537,0,0.04875009826031016
R1_F2,3,541,0,0.264990279373397
R1_F2,3,544,0,0.2424245096324579
R1_F2,3,552,0,0.07381973895319907
R1_F2,3,553,0,0.5616384149184819
R1_F2,3,555,0,0.3539301435497925
R1_F2,3,568,0,0.164622430935192
R1_F2,3,570,1,0.43520368952711896
R1_F2,3,578,1,0.9102945193981639
R1_F2,3,579,0,0.17995576998995885
R1_F2,3,583,0,0.6093106074456026
R1_F2,3,590,0,0.41788127233813194
R1_F2,3,591,1,0.7196422057276247
R1_F2,3,597,1,0.04494897856603491
R1_F2,3,602,0,0.03737513662034913
R1_F2,3,604,0,0.47265338619041736
R1_F2,3,605,1,0.18070584784850854
R1_F2,3,608,1,0.7023887208580221
R1_F2,3,610,0,0.22867885451602224
R1_F2,3,611,0,0.019391551724068864
R1_F2,3,613,1,0.8652144641293549
R1_F2,3,628,1,0.28807562209503174
R1_F2,3,630,0,0.19900196893238062
R1_F2,3,632,1,0.1181825200390899
R1_F2,3,634,0,0.04418371380593936
R1_F2,3,636,0,0.38949738982800935
R1_F2,3,640,0,0.10080813622872904
R1_F2,3,641,0,0.010003549471573963
R1_F2,3,646,1,0.7618625913380135
R1_F2,3,657,1,0.5216466919557213
R1_F2,3,659,1,0.3310611122199247
R1_F2,3,660,0,0.3592022538364365
R1_F2,3,664,0,0.23339571171511853
R1_F2,3,672,0,0.2872193159529071
R1_F2,3,674,0,0.35423581957019973
R1_F2,3,680,0,0.23285490467848483
R1_F2,3,694,0,0.3111888170243686
R1_F2,3,700,0,0.07704683116556495
R1_F2,3,707,0,0.4394520021201191
R1_F2,3,709,0,0.018051765652756683
R1_F2,3,711,0,0.37325602496078547
R1_F2,3,713,0,0.09197514521593368
R1_F2,3,725,0,0.2911307770724741
R1_F2,3,732,1,0.7393670676752274
R1_F2,3,735,0,0.1547415062720782
R1_F2,3,745,0,0.04106935166055047
R1_F2,3,750,1,0.9024946213824615
R1_F2,3,755,0,0.541320050696538
R1_F2,3,758,1,0.1395784277902224
R1_F2,3,768,0,0.6230272767144256
R1_F2,3,769,1,0.11839810203698801
R1_F2,3,772,0,0.09385907813475457
R1_F2,3,777,0,0.13296791137332897
R1_F2,3,779,1,0.10290208163906667
R1_F2,3,780,1,0.7805672823239801
R1_F2,3,782,1,0.5571003777163963
R1_F2,3,787,0,0.7422253352433025
R1_F2,3,789,0,0.5976943278733006
R1_F2,3,790,0,0.10023785053905095
R1_F2,3,794,0,0.028496795894080638
R1_F2,3,795,0,0.08493228143748961
R1_F2,3,796,0,0.47113571756311917
R1_F2,3,799,0,0.500096148875138
R1_F2,4,5,0,0.041537138109848604
R1_F2,4,7,1,0.7543000664129887
R1_F2,4,9,0,0.4206703773550033
R1_F2,4,11,0,0.7928623828857638
R1_F2,4,21,0,0.2682862339361159
R1_F2,4,23,1,0.88981455704314
R1_F2,4,25,0,0.5138687304582205
R1_F2,4,27,0,0.5264779871346218
R1_F2,4,34,0,0.2791479540642912
R1_F2,4,39,0,0.22130681734323795
R1_F2,4,52,0,0.16223744469520257
R1_F2,4,53,0,0.19588527954064638
R1_F2,4,54,0,0.5706114000898262
R1_F2,4,55,1,0.402742986623738
R1_F2,4,58,0,0.02363662722326168
R1_F2,4,69,0,0.35839093280135365
R1_F2,4,78,0,0.04361841990601653
R1_F2,4,79,0,0.25123413550961865
R1_F2,4,85,1,0.5870309871682795
R1_F2,4,87,0,0.5698916279967975
R1_F2,4,91,0,0.6109130993937025
R1_F2,4,97,0,0.3170771857603674
R1_F2,4,99,1,0.4338241836066974
R1_F2,4,103,0,0.16919428607216713
R1_F2,4,104,1,0.4145181343268369
R1_F2,4,105,1,0.8558788871782399
R1_F2,4,107,0,0.3235422774918971
R1_F2,4,109,0,0.09347798853760227
R1_F2,4,121,0,0.030746968359724527
R1_F2,4,125,0,0.4936887325106596
R1_F2,4,128,0,0.06613782749421428
R1_F2,4,136,0,0.2239899072574828
R1_F2,4,137,1,0.4114420583129749
R1_F2,4,139,0,0.2052689938986815
R1_F2,4,146,1,0.2514509182868274
R1_F2,4,153,1,0.24155988511476298
R1_F2,4,156,1,0.29262336575820586
R1_F2,4,161,1,0.43766223694098155
R1_F2,4,163,0,0.7058526704178455
R1_F2,4,165,0,0.19207984935979616
R1_F2,4,167,0,0.02206806144195056
R1_F2,4,176,0,0.2197738401259196
R1_F2,4,186,0,0.298775331952102
R1_F2,4,189,1,0.5266022107573064
R1_F2,4,192,1,0.783825238934755
R1_F2,4,206,0,0.07801243059972642
R1_F2,4,209,0,0.03427807335892007
R1_F2,4,215,0,0.7831557687308471
R1_F2,4,217,1,0.8420198024232852
R1_F2,4,222,0,0.10854249279054444
R1_F2,4,229,0,0.5509090723911281
R1_F2,4,233,0,0.2976187867199507
R1_F2,4,239,1,0.4789661869354041
R1_F2,4,241,1,0.6304436044828783
R1_F2,4,245,0,0.24850088079862276
R1_F2,4,258,0,0.5500740759868415
R1_F2,4,262,1,0.8760313158127455
R1_F2,4,273,0,0.05745581985149673
R1_F2,4,279,0,0.025382444763740592
R1_F2,4,285,1,0.7534747069962195
R1_F2,4,295,1,0.7072688110368874
R1_F2,4,300,1,0.735446300628543
R1_F2,4,303,0,0.08832452171896628
R1_F2,4,304,0,0.07226921816208771
R1_F2,4,305,0,0.1071729234708808
R1_F2,4,306,0,0.6914683510369133
R1_F2,4,316,0,0.6857161490845795
R1_F2,4,320,1,0.3371067031326267
R1_F2,4,324,0,0.493074621177233
R1_F2,4,325,0,0.10874364630693549
R1_F2,4,328,0,0.05558560830411279
R1_F2,4,333,0,0.6433646537679981
R1_F2,4,334,0,0.2897006593376016
R1_F2,4,343,1,0.40203922077140003
R1_F2,4,344,1,0.7205109603707904
R1_F2,4,347,0,0.47147248594227814
R1_F2,4,350,0,0.10725740964911566
R1_F2,4,352,1,0.29799049036980285
R1_F2,4,357,1,0.8820796333391051
R1_F2,4,362,0,0.20465288939996373
R1_F2,4,373,1,0.656565727867075
R1_F2,4,383,0,0.594099529368199
R1_F2,4,390,0,0.05123574503875872
R1_F2,4,392,0,0.13661820931346866
R1_F2,4,393,1,0.3580468471942906
R1_F2,4,398,0,0.6341043215899852
R1_F2,4,403,1,0.6131485389981289
R1_F2,4,411,0,0.42425829397036074
R1_F2,4,415,0,0.045533354241237854
R1_F2,4,416,0,0.31978023030816055
R1_F2,4,419,1,0.7822799976036512
R1_F2,4,429,0,0.4838051425598182
R1_F2,4,430,1,0.3333595971556976
R1_F2,4,435,1,0.7132453062723126
R1_F2,4,437,1,0.46859762660162446
R1_F2,4,438,0,0.07513639263549605
R1_F2,4,439,0,0.041883690878303466
R1_F2,4,443,1,0.7119622099395162
R1_F2,4,444,1,0.4812236767870243
R1_F2,4,450,0,0.4770529392468728
R1_F2,4,454,0,0.09810321155859264
R1_F2,4,456,0,0.23781671527224402
R1_F2,4,461,1,0.7600530749651497
R1_F2,4,466,0,0.5690565575331209
R1_F2,4,469,1,0.8323506895739606
R1_F2,4,474,0,0.4914912605896748
R1_F2,4,476,1,0.6627278241978447
R1_F2,4,477,0,0.15770580182202698
R1_F2,4,478,0,0.09588179334586346
R1_F2,4,484,0,0.4474381461368974
R1_F2,4,485,0,0.21734676298415934
R1_F2,4,492,0,0.2516795904829034
R1_F2,4,498,1,0.2483846791326226
R1_F2,4,504,0,0.5642989689870904
R1_F2,4,505,1,0.19269449456686147
R1_F2,4,506,0,0.3561161649612939
R1_F2,4,511,0,0.9133617845083467
R1_F2,4,520,1,0.6425601018586399
R1_F2,4,522,0,0.5650223730491656
R1_F2,4,528,0,0.053012001848949476
R1_F2,4,532,1,0.23338288782865443
R1_F2,4,545,0,0.32099593044554964
R1_F2,4,548,0,0.13239387040178166
R1_F2,4,550,0,0.13527986322444494
R1_F2,4,557,0,0.6000843815791556
R1_F2,4,560,1,0.6060555508859556
R1_F2,4,564,0,0.03937088791252017
R1_F2,4,569,0,0.5485154435525231
R1_F2,4,571,1,0.39955209535757663
R1_F2,4,581,0,0.051452513209665506
R1_F2,4,585,1,0.6805713723321727
R1_F2,4,599,1,0.11989256631910931
R1_F2,4,601,1,0.3654116663133566
R1_F2,4,612,0,0.41690878824154004
R1_F2,4,637,0,0.5970245414034155
R1_F2,4,638,0,0.015060894693646744
R1_F2,4,645,1,0.81711217381518
R1_F2,4,649,0,0.02110610496041163
R1_F2,4,650,0,0.8200224412859819
R1_F2,4,667,0,0.09093643825711266
R1_F2,4,668,0,0.09246320343777016
R1_F2,4,669,0,0.15630849080957077
R1_F2,4,671,1,0.29516812158705974
R1_F2,4,677,1,0.5409287197535598
R1_F2,4,685,1,0.7357845257463222
R1_F2,4,686,0,0.3223365094642402
R1_F2,4,688,0,0.10209372850492356
R1_F2,4,718,0,0.07541310362207519
R1_F2,4,719,0,0.12048264964850887
R1_F2,4,722,0,0.48362254251992454
R1_F2,4,724,0,0.08788902744819856
R1_F2,4,741,1,0.8306512470014179
R1_F2,4,746,0,0.6611363535287768
R1_F2,4,760,1,0.40204850630143657
R1_F2,4,761,0,0.49066152343838026
R1_F2,4,762,0,0.41801534363628984
R1_F2,4,764,0,0.1446436265257425
R1_F2,4,781,1,0.5482156438049222
R1_F2,4,788,0,0.11542749887370303
R1_F2,4,793,0,0.8228221211292891
R1_F2,5,16,0,0.19130229567674928
R1_F2,5,19,0,0.21900563614664922
R1_F2,5,22,0,0.07906428835975837
R1_F2,5,26,0,0.10989483685736974
R1_F2,5,29,0,0.5855064849702316
R1_F2,5,32,0,0.33832703551603016
R1_F2,5,40,0,0.12155636552367373
R1_F2,5,41,1,0.8144267481753262
R1_F2,5,44,0,0.47403665917643223
R1_F2,5,47,0,0.31751280868578574
R1_F2,5,51,0,0.2936344900417242
R1_F2,5,59,0,0.39650525451742724
R1_F2,5,64,0,0.31540515108613615
R1_F2,5,71,0,0.5481252965450868
R1_F2,5,74,1,0.4956843661238078
R1_F2,5,82,0,0.10169349122380228
R1_F2,5,84,0,0.11581589412618719
R1_F2,5,90,0,0.5294029692796963
R1_F2,5,116,1,0.4240759434692214
R1_F2,5,120,0,0.5302399750967813
R1_F2,5,122,0,0.07792218622074885
R1_F2,5,123,0,0.05614595369727285
R1_F2,5,124,0,0.6450527331923036
R1_F2,5,126,0,0.33725319698877726
R1_F2,5,129,0,0.8145848589303731
R1_F2,5,138,1,0.7914538730664061
R1_F2,5,142,1,0.7020144589134595
R1_F2,5,144,0,0.4421811316237562
R1_F2,5,149,0,0.03393304741294401
R1_F2,5,162,0,0.08651050313941332
R1_F2,5,164,0,0.0468708606538924
R1_F2,5,174,0,0.38893644439717984
R1_F2,5,177,0,0.2767418371069178
R1_F2,5,178,0,0.16436343952088647
R1_F2,5,196,0,0.02171489600673192
R1_F2,5,200,0,0.10185441953956158
R1_F2,5,203,0,0.07826148026960282
R1_F2,5,210,1,0.3826997764801255
R1_F2,5,224,0,0.029331424229077762
R1_F2,5,227,0,0.1654621175622375
R1_F2,5,228,1,0.745473179446919
R1_F2,5,231,0,0.4981576513316302
R1_F2,5,234,0,0.15379602352175567
R1_F2,5,235,0,0.08184087259264654
R1_F2,5,237,1,0.5904454718858748
R1_F2,5,248,0,0.18164793759252215
R1_F2,5,254,0,0.1875932937451488
R1_F2,5,259,0,0.2551184798491724
R1_F2,5,263,1,0.4679359986716971
R1_F2,5,264,1,0.1604100656660838
R1_F2,5,265,0,0.2587858052469603
R1_F2,5,266,1,0.6682698373712924
R1_F2,5,267,0,0.626648088085511
R1_F2,5,268,0,0.6108299911415348
R1_F2,5,281,1,0.701067460950299
R1_F2,5,284,0,0.10584279720428526
R1_F2,5,287,0,0.33162096142710495
R1_F2,5,288,0,0.05504737230217185
R1_F2,5,289,0,0.6219184633956796
R1_F2,5,292,0,0.0769379750786718
R1_F2,5,297,0,0.1017015160326435
R1_F2,5,311,0,0.6717396279538134
R1_F2,5,312,0,0.11059499220423703
R1_F2,5,317,1,0.4273987588151122
R1_F2,5,346,0,0.239094571756627
R1_F2,5,348,1,0.1819981135987944
R1_F2,5,351,0,0.7803602166253016
R1_F2,5,353,0,0.18929942400227665
R1_F2,5,355,1,0.3024374630592665
R1_F2,5,359,1,0.26477787435384154
R1_F2,5,363,0,0.0781739035084678
R1_F2,5,364,0,0.31725095073968385
R1_F2,5,367,0,0.48439584025877513
R1_F2,5,368,0,0.33545374994362437
R1_F2,5,369,0,0.6125186752666293
R1_F2,5,376,1,0.6966638308741623
R1_F2,5,377,0,0.13059220672724978
R1_F2,5,381,0,0.2849338979260468
R1_F2,5,413,1,0.4135608958916177
R1_F2,5,414,1,0.8692769633107278
R1_F2,5,422,0,0.10756474308648428
R1_F2,5,424,0,0.15265472551076714
R1_F2,5,434,0,0.07762263886337638
R1_F2,5,442,0,0.6988428304931551
R1_F2,5,447,0,0.39256900559180147
R1_F2,5,453,0,0.14526928758256116
R1_F2,5,455,0,0.4112906093212409
R1_F2,5,458,0,0.4040171649166413
R1_F2,5,459,1,0.3068865092189727
R1_F2,5,460,0,0.23774528905194625
R1_F2,5,464,1,0.20806092010509822
R1_F2,5,470,1,0.12368797881572456
R1_F2,5,471,0,0.13503386963310146
R1_F2,5,479,1,0.2607959214571928
R1_F2,5,481,0,0.36851835003143507
R1_F2,5,490,0,0.7959793106429046
R1_F2,5,501,0,0.14893176633469968
R1_F2,5,507,0,0.5997221935769368
R1_F2,5,514,1,0.4707513352807167
R1_F2,5,515,0,0.58192866974793
R1_F2,5,527,0,0.24614704658004846
R1_F2,5,540,0,0.4377139425467728
R1_F2,5,551,0,0.13101019225881114
R1_F2,5,556,0,0.4687145723013708
R1_F2,5,558,0,0.2828845623037107
R1_F2,5,561,0,0.18463278572964684
R1_F2,5,566,0,0.020842237303789323
R1_F2,5,567,0,0.23816512265301823
R1_F2,5,574,1,0.3284904743309095
R1_F2,5,575,0,0.06263663920997312
R1_F2,5,576,0,0.0669020344369577
R1_F2,5,580,0,0.17224605933243087
R1_F2,5,586,0,0.6110660231809736
R1_F2,5,592,0,0.023285467319879145
R1_F2,5,593,0,0.3203512018487001
R1_F2,5,598,1,0.770288917567203
R1_F2,5,603,1,0.5481151122604231
R1_F2,5,609,0,0.06564643153190199
R1_F2,5,617,0,0.17351544129378862
R1_F2,5,620,1,0.2530094312731686
R1_F2,5,621,0,0.04396642296707956
R1_F2,5,622,0,0.3620737175956858
R1_F2,5,625,0,0.040546638308115605
R1_F2,5,626,1,0.8362770068467165
R1_F2,5,629,0,0.459843124937475
R1_F2,5,631,0,0.32162121044084585
R1_F2,5,639,0,0.44747730038633377
R1_F2,5,643,0,0.4613766878619874
R1_F2,5,653,1,0.6796310606533144
R1_F2,5,658,1,0.23013023718080747
R1_F2,5,665,1,0.3020826305331103
R1_F2,5,676,1,0.3813854069384712
R1_F2,5,679,1,0.8450544236796244
R1_F2,5,682,0,0.11103253515679466
R1_F2,5,687,0,0.08138168317197336
R1_F2,5,693,0,0.15972517151955967
R1_F2,5,695,0,0.2573176008697912
R1_F2,5,697,1,0.7206345371763253
R1_F2,5,698,0,0.029884354037226418
R1_F2,5,704,1,0.8311528460154033
R1_F2,5,705,0,0.15987589033096952
R1_F2,5,706,1,0.8935661594058502
R1_F2,5,710,0,0.4880953635650241
R1_F2,5,712,0,0.044842254133268644
R1_F2,5,716,1,0.46673405937537576
R1_F2,5,717,1,0.4020781752405533
R1_F2,5,723,0,0.22092071880989364
R1_F2,5,727,1,0.5386269409822898
R1_F2,5,731,0,0.052709432006003754
R1_F2,5,733,1,0.39398526969377
R1_F2,5,734,1,0.6023046180124425
R1_F2,5,749,0,0.5896402841421345
R1_F2,5,752,0,0.1611928642252937
R1_F2,5,754,0,0.01751931058646766
R1_F2,5,756,1,0.7524463566159131
R1_F2,5,757,0,0.29080531285400274
R1_F2,5,759,0,0.3107214836181332
R1_F2,5,771,1,0.3011310619317356
R1_F2,5,786,0,0.3460408034960832
R1_F2,5,792,0,0.30010274723325836
R1_F3,1,10,1,0.6685954299527506
R1_F3,1,13,1,0.6800921714544068
R1_F3,1,18,0,0.23342105442921116
R1_F3,1,21,1,0.7870575126925118
R1_F3,1,27,0,0.5376068558330446
R1_F3,1,28,0,0.5374452003770255
R1_F3,1,34,0,0.1183663170896111
R1_F3,1,35,0,0.11343229942011442
R1_F3,1,39,0,0.03587041768821065
R1_F3,1,45,1,0.8885534280740274
R1_F3,1,49,1,0.38396374504492453
R1_F3,1,51,0,0.018979535475857515
R1_F3,1,60,0,0.09852094926618582
R1_F3,1,61,0,0.25059891895163017
R1_F3,1,69,1,0.11879856632770526
R1_F3,1,72,1,0.8701632157496716
R1_F3,1,73,0,0.031223719886175675
R1_F3,1,79,0,0.14008215493982246
R1_F3,1,80,0,0.1352387294645868
R1_F3,1,82,1,0.3817886793624685
R1_F3,1,91,1,0.48495372284507804
R1_F3,1,98,0,0.6519410338286202
R1_F3,1,103,0,0.390759452882011
R1_F3,1,104,0,0.4314044967487503
R1_F3,1,106,0,0.020872344656063965
R1_F3,1,111,0,0.07934265919871836
R1_F3,1,116,0,0.32050634013663
R1_F3,1,119,0,0.24697638980867334
R1_F3,1,124,0,0.011826390107722419
R1_F3,1,127,0,0.061895489312678305
R1_F3,1,128,0,0.5344157678338904
R1_F3,1,130,1,0.7117277438500702
R1_F3,1,135,1,0.31178629074486897
R1_F3,1,139,0,0.10040051207408973
R1_F3,1,140,0,0.46135121266050083
R1_F3,1,144,1,0.6171460330049002
R1_F3,1,146,0,0.38668121597393607
R1_F3,1,153,1,0.5588950098901875
R1_F3,1,172,0,0.7365749171415104
R1_F3,1,178,0,0.702828423246962
R1_F3,1,183,0,0.05961076534766696
R1_F3,1,189,0,0.11855346845060655
R1_F3,1,194,1,0.149979217661564
R1_F3,1,206,0,0.29742233565224924
R1_F3,1,207,1,0.3844589639082074
R1_F3,1,209,0,0.07115091973063935
R1_F3,1,211,1,0.4406540509201203
R1_F3,1,213,0,0.07641357096208876
R1_F3,1,216,0,0.16953434226488215
R1_F3,1,220,0,0.8874761427231226
R1_F3,1,238,0,0.44817040309355766
R1_F3,1,245,0,0.41859489882248074
R1_F3,1,248,1,0.6736077682095617
R1_F3,1,256,1,0.67997151854637
R1_F3,1,260,1,0.7342095369125556
R1_F3,1,268,0,0.06229672468006564
R1_F3,1,269,1,0.2656769548235442
R1_F3,1,270,0,0.23325674075470249
R1_F3,1,273,0,0.20933558230355773
R1_F3,1,276,1,0.26571742733774534
R1_F3,1,280,0,0.12534137486732808
R1_F3,1,282,1,0.4912565629883325
R1_F3,1,285,0,0.7501485785954894
R1_F3,1,286,1,0.6641944279897456
R1_F3,1,287,0,0.3893703301114207
R1_F3,1,291,1,0.5295230399598744
R1_F3,1,303,0,0.28826807947630745
R1_F3,1,304,0,0.25501690730038457
R1_F3,1,306,0,0.559236712129806
R1_F3,1,308,0,0.2306838014190332
R1_F3,1,309,0,0.056227578131160964
R1_F3,1,315,0,0.33553451597029055
R1_F3,1,319,0,0.0077819940061056745
R1_F3,1,320,1,0.1484301560219419
R1_F3,1,323,1,0.12383908650893334
R1_F3,1,324,0,0.0772208984135193
R1_F3,1,329,0,0.36569731689227786
R1_F3,1,348,0,0.07380567726685752
R1_F3,1,349,1,0.8232768981568391
R1_F3,1,351,0,0.08973863202543571
R1_F3,1,366,0,0.5550984439356951
R1_F3,1,367,0,0.04709487949153964
R1_F3,1,368,1,0.5748892440736204
R1_F3,1,369,1,0.6029890634565428
R1_F3,1,373,0,0.25604396589140893
R1_F3,1,379,1,0.17528855974394694
R1_F3,1,385,0,0.028165239652858266
R1_F3,1,388,1,0.4932824508374443
R1_F3,1,393,1,0.4193961626335816
R1_F3,1,394,1,0.8896151891775004
R1_F3,1,396,1,0.22205129092127496
R1_F3,1,401,0,0.20201526795095237
R1_F3,1,405,0,0.10015478164050878
R1_F3,1,408,0,0.22935821775960266
R1_F3,1,415,0,0.4372663015237495
R1_F3,1,416,0,0.49595731893036277
R1_F3,1,429,1,0.1566742511334217
R1_F3,1,465,0,0.3001965231275334
R1_F3,1,466,1,0.7117516225644464
R1_F3,1,471,1,0.5384495966431867
R1_F3,1,481,0,0.4893194635938052
R1_F3,1,482,0,0.2514779105645065
R1_F3,1,487,0,0.2569699603544032
R1_F3,1,494,1,0.10672335436291758
R1_F3,1,497,0,0.2691076919119069
R1_F3,1,507,1,0.36562604091629386
R1_F3,1,523,0,0.8251382333430716
R1_F3,1,526,0,0.8294048964369232
R1_F3,1,530,1,0.7414533298941764
R1_F3,1,535,0,0.22278555807600345
R1_F3,1,546,1,0.6284453577513698
R1_F3,1,551,0,0.16554136732182298
R1_F3,1,558,0,0.2695699681241695
R1_F3,1,568,0,0.4191207251727153
R1_F3,1,570,0,0.23878684103392564
R1_F3,1,579,0,0.43589002877043304
R1_F3,1,594,0,0.47309641638381333
R1_F3,1,601,0,0.04860644474073852
R1_F3,1,602,0,0.2936934970787838
R1_F3,1,604,0,0.4640046182881164
R1_F3,1,609,0,0.17464581079921335
R1_F3,1,613,0,0.09100432368354557
R1_F3,1,615,0,0.01273328103885698
R1_F3,1,616,0,0.4529024479147849
R1_F3,1,618,0,0.020166005633987658
R1_F3,1,624,0,0.437393380957463
R1_F3,1,627,1,0.7872751435629138
R1_F3,1,628,0,0.18013204946052222
R1_F3,1,634,0,0.0755935855800971
R1_F3,1,635,0,0.039825039278086435
R1_F3,1,640,0,0.14307679811926755
R1_F3,1,641,0,0.31723878943455414
R1_F3,1,656,1,0.7077739021760846
R1_F3,1,658,0,0.30424264585352945
R1_F3,1,661,0,0.570487371357937
R1_F3,1,674,0,0.1850970866635251
R1_F3,1,678,1,0.44517203546390954
R1_F3,1,684,0,0.047233299830687914
R1_F3,1,693,0,0.4778979895780677
R1_F3,1,694,0,0.6435283496747036
R1_F3,1,697,0,0.02663647796157777
R1_F3,1,704,1,0.6647176859333395
R1_F3,1,706,0,0.07793089033115656
R1_F3,1,717,0,0.6980267080684005
R1_F3,1,732,1,0.6272303082406111
R1_F3,1,734,0,0.021249908050845968
R1_F3,1,736,0,0.13418590729998744
R1_F3,1,740,1,0.6493692883634057
R1_F3,1,742,0,0.5996543802351265
R1_F3,1,748,1,0.4257848587781483
R1_F3,1,749,1,0.3147433998984656
R1_F3,1,754,0,0.20285739073733358
R1_F3,1,771,1,0.11069747842946802
R1_F3,1,773,0,0.3112475953240001
R1_F3,1,781,0,0.24868345478589257
R1_F3,1,783,1,0.22063384050116217
R1_F3,1,784,1,0.6338520152428238
R1_F3,1,791,0,0.16450439731981784
R1_F3,1,793,0,0.12828740768403915
R1_F3,1,795,0,0.07738116275485979
R1_F3,2,3,0,0.1566117475423369
R1_F3,2,5,1,0.49665417039961296
R1_F3,2,7,1,0.8179946503346079
R1_F3,2,8,0,0.420857489063055
R1_F3,2,9,1,0.42155055716253936
R1_F3,2,25,0,0.3251826882654196
R1_F3,2,40,0,0.16100483668984908
R1_F3,2,41,0,0.4607372946567751
R1_F3,2,42,0,0.5137583108796024
R1_F3,2,47,0,0.28288534547994343
R1_F3,2,57,0,0.06846353676458519
R1_F3,2,62,0,0.5103995086840957
R1_F3,2,63,0,0.21324279675758087
R1_F3,2,66,1,0.6674506259096303
R1_F3,2,67,0,0.04433046295107739
R1_F3,2,70,0,0.19362859584848488
R1_F3,2,75,0,0.40073217190303095
R1_F3,2,76,0,0.24220478848662227
R1_F3,2,83,0,0.4429171784614851
R1_F3,2,88,0,0.026896345981255138
R1_F3,2,90,0,0.1600243255057112
R1_F3,2,95,0,0.19156199353480644
R1_F3,2,99,1,0.6090455295396997
R1_F3,2,105,0,0.37194677058581
R1_F3,2,141,1,0.4850501523622374
R1_F3,2,147,1,0.5057062560093056
R1_F3,2,149,1,0.10870881102936607
R1_F3,2,150,1,0.46980576989322015
R1_F3,2,154,0,0.05064779526759098
R1_F3,2,157,1,0.7189296846220529
R1_F3,2,158,0,0.09671199859240952
R1_F3,2,160,0,0.23689682184279018
R1_F3,2,161,0,0.09395335237180352
R1_F3,2,164,0,0.2944766169082991
R1_F3,2,166,0,0.09509524287451815
R1_F3,2,167,1,0.593163201670719
R1_F3,2,169,0,0.060379379170235004
R1_F3,2,175,1,0.38825582996991703
R1_F3,2,179,1,0.41556284090728574
R1_F3,2,181,0,0.06760825734061406
R1_F3,2,186,0,0.039062571723429466
R1_F3,2,191,0,0.06265313255189724
R1_F3,2,199,1,0.6644529276718845
R1_F3,2,202,0,0.564965533312009
R1_F3,2,204,1,0.5236120675290766
R1_F3,2,205,0,0.05360277301179512
R1_F3,2,227,0,0.1199905200252942
R1_F3,2,228,0,0.03719546228215239
R1_F3,2,230,0,0.11030960283272806
R1_F3,2,232,1,0.17493923436380845
R1_F3,2,235,0,0.07188997629930378
R1_F3,2,243,0,0.07586693602404332
R1_F3,2,244,1,0.8492836923085284
R1_F3,2,247,1,0.5188088945721737
R1_F3,2,257,1,0.8199859427496348
R1_F3,2,261,0,0.5877741861390232
R1_F3,2,264,0,0.4069667540872888
R1_F3,2,271,0,0.009553420250496275
R1_F3,2,277,0,0.24382874859397594
R1_F3,2,284,0,0.02935949451374409
R1_F3,2,288,0,0.12868318865016734
R1_F3,2,289,0,0.1573725438632456
R1_F3,2,292,1,0.6048626993846399
R1_F3,2,298,0,0.28078923758234675
R1_F3,2,299,0,0.5427418576808615
R1_F3,2,300,0,0.15773111067628656
R1_F3,2,301,0,0.27677678490685714
R1_F3,2,305,0,0.29869595401365323
R1_F3,2,311,0,0.5149834362407025
R1_F3,2,313,0,0.03195657019302863
R1_F3,2,316,1,0.462462368901648
R1_F3,2,317,0,0.5949559673284935
R1_F3,2,327,1,0.5514555438508537
R1_F3,2,331,0,0.20369853206894192
R1_F3,2,335,0,0.4111415067839375
R1_F3,2,336,0,0.10866455458857628
R1_F3,2,343,0,0.15694808452565195
R1_F3,2,344,0,0.47367591706178036
R1_F3,2,357,0,0.3127493241614567
R1_F3,2,358,1,0.2713821262635297
R1_F3,2,380,0,0.09815252913997198
R1_F3,2,382,0,0.07058375379838047
R1_F3,2,383,0,0.08973935450661119
R1_F3,2,386,0,0.22946199768818387
R1_F3,2,390,0,0.5966525385393813
R1_F3,2,391,0,0.23839384453853954
R1_F3,2,392,0,0.3471105522901579
R1_F3,2,419,0,0.12268823212383007
R1_F3,2,421,1,0.39886671086637876
R1_F3,2,425,0,0.2335571524175665
R1_F3,2,427,0,0.5898579931211617
R1_F3,2,430,0,0.07067709511613074
R1_F3,2,434,0,0.02177519799696212
R1_F3,2,436,0,0.14064655892801295
R1_F3,2,441,1,0.6108744720581042
R1_F3,2,442,1,0.3183274751021706
R1_F3,2,447,1,0.3590692514385032
R1_F3,2,453,1,0.8097627803211784
R1_F3,2,457,0,0.4235230004769619
R1_F3,2,461,1,0.6468612982900682
R1_F3,2,467,0,0.12579392073720327
R1_F3,2,470,0,0.46408334599983275
R1_F3,2,476,1,0.3966195076254942
R1_F3,2,491,1,0.22056418746269227
R1_F3,2,499,0,0.22592753381134514
R1_F3,2,500,0,0.2377404342485218
R1_F3,2,501,1,0.48370596778403546
R1_F3,2,502,1,0.3195383016279512
R1_F3,2,506,0,0.1464829503192265
R1_F3,2,510,0,0.5295807029875729
R1_F3,2,512,0,0.31843274606105293
R1_F3,2,515,0,0.4134837232659316
R1_F3,2,521,0,0.33823626158408776
R1_F3,2,540,0,0.0798029878174386
R1_F3,2,545,0,0.12347825603829105
R1_F3,2,557,0,0.5739328938019402
R1_F3,2,564,1,0.4719275475519567
R1_F3,2,569,0,0.17911284775718336
R1_F3,2,572,0,0.01892313642692377
R1_F3,2,583,0,0.15103359970179747
R1_F3,2,588,0,0.6262522656187414
R1_F3,2,589,1,0.722601756765972
R1_F3,2,591,0,0.09335308365131784
R1_F3,2,608,1,0.051861509775289784
R1_F3,2,614,0,0.27620311368923317
R1_F3,2,619,0,0.1812390140036844
R1_F3,2,623,0,0.7178633636633216
R1_F3,2,629,0,0.18984740020492305
R1_F3,2,638,0,0.35833596454898853
R1_F3,2,639,1,0.09521641760350123
R1_F3,2,647,0,0.017295603770787277
R1_F3,2,649,0,0.3804577840658144
R1_F3,2,653,0,0.7347030748378343
R1_F3,2,657,0,0.3100413626365079
R1_F3,2,671,1,0.5095697129229927
R1_F3,2,675,0,0.12777492787504494
R1_F3,2,681,1,0.8026363654974861
R1_F3,2,682,0,0.5746347865661259
R1_F3,2,687,0,0.10282784709197745
R1_F3,2,698,0,0.2858405614353688
R1_F3,2,705,0,0.036061879675861636
R1_F3,2,712,0,0.30319421580943234
R1_F3,2,715,0,0.06179317804951106
R1_F3,2,723,0,0.10448286974448505
R1_F3,2,724,0,0.14811327334841573
R1_F3,2,728,0,0.06544295961856576
R1_F3,2,730,0,0.3928704874358382
R1_F3,2,737,0,0.30891748701848554
R1_F3,2,741,1,0.7676421428614467
R1_F3,2,744,0,0.46315833477925267
R1_F3,2,745,1,0.4588516257035953
R1_F3,2,746,0,0.0618409199782518
R1_F3,2,747,0,0.7387226985051959
R1_F3,2,767,1,0.7598324140444418
R1_F3,2,770,0,0.14441581955552843
R1_F3,2,772,0,0.5980522026151913
R1_F3,2,774,0,0.3440615291457108
R1_F3,2,775,0,0.18377435081272908
R1_F3,2,780,0,0.3082317704639151
R1_F3,2,797,0,0.39487466797657
R1_F3,3,1,0,0.03043672291141694
R1_F3,3,4,0,0.09160555284090204
R1_F3,3,11,0,0.02285780776217893
R1_F3,3,12,0,0.6857735060200064
R1_F3,3,23,0,0.08903742372558798
R1_F3,3,26,0,0.37767180274044326
R1_F3,3,31,0,0.1537046244210121
R1_F3,3,33,0,0.2710378587127082
R1_F3,3,36,0,0.40170113113872424
R1_F3,3,48,0,0.37423821405991037
R1_F3,3,64,0,0.45470190453463194
R1_F3,3,68,0,0.11994297805097265
R1_F3,3,71,0,0.31676737128025045
R1_F3,3,74,0,0.443394694726077
R1_F3,3,77,0,0.6571534972816568
R1_F3,3,85,0,0.1998638101226161
R1_F3,3,89,1,0.3805853255569445
R1_F3,3,93,0,0.10407060054882666
R1_F3,3,108,1,0.1254234542144931
R1_F3,3,112,0,0.8059593704740121
R1_F3,3,114,1,0.5167274850622153
R1_F3,3,123,0,0.4288988256634741
R1_F3,3,131,0,0.35608917994988726
R1_F3,3,132,1,0.515664024198055
R1_F3,3,133,1,0.9100402057517515
R1_F3,3,134,0,0.13741427233899647
R1_F3,3,142,1,0.6484946982898742
R1_F3,3,156,0,0.4088628440873385
R1_F3,3,162,0,0.6489956225866756
R1_F3,3,165,0,0.017559428493272106
R1_F3,3,170,0,0.770921954431345
R1_F3,3,173,0,0.1321177535536701
R1_F3,3,174,0,0.07689961952845592
R1_F3,3,177,1,0.08968560462118273
R1_F3,3,180,0,0.1215138147334006
R1_F3,3,182,1,0.5134821669835423
R1_F3,3,188,0,0.06409865483650505
R1_F3,3,196,0,0.21860422763910523
R1_F3,3,197,1,0.7255810689125924
R1_F3,3,198,0,0.14122355084101337
R1_F3,3,203,0,0.700330995441019
R1_F3,3,208,0,0.04647518328016284
R1_F3,3,212,1,0.8189536286245157
R1_F3,3,214,0,0.08400667740492214
R1_F3,3,215,0,0.425876062659669
R1_F3,3,221,0,0.5224585153852078
R1_F3,3,224,0,0.037086017161064626
R1_F3,3,225,1,0.47097930055925713
R1_F3,3,240,0,0.4302689174774657
R1_F3,3,241,0,0.3692642270723366
R1_F3,3,252,0,0.08087914713381283
R1_F3,3,254,0,0.6853882106702299
R1_F3,3,265,0,0.5392939905657853
R1_F3,3,266,0,0.0748526582478999
R1_F3,3,267,0,0.20856102758107362
R1_F3,3,278,1,0.7274290794085084
R1_F3,3,294,1,0.8718407585586291
R1_F3,3,310,0,0.5856563223071963
R1_F3,3,314,0,0.09495761306368578
R1_F3,3,321,0,0.6383706289455082
R1_F3,3,322,0,0.032528086595983094
R1_F3,3,325,1,0.7162959287453877
R1_F3,3,342,1,0.17592516179374754
R1_F3,3,346,0,0.5377646992529388
R1_F3,3,359,0,0.40224399944344036
R1_F3,3,363,0,0.39853265021898626
R1_F3,3,364,0,0.3023885377371416
R1_F3,3,371,0,0.10337298936216434
R1_F3,3,376,0,0.46125628804878754
R1_F3,3,377,0,0.1644196499182129
R1_F3,3,378,0,0.04891435161725092
R1_F3,3,387,1,0.40008631843176207
R1_F3,3,407,0,0.055858133888836425
R1_F3,3,413,0,0.14743731345322433
R1_F3,3,417,1,0.5598028436571285
R1_F3,3,423,0,0.31895191407859347
R1_F3,3,424,1,0.8192248342950746
R1_F3,3,435,0,0.07886027678980592
R1_F3,3,437,1,0.32049728118634274
R1_F3,3,439,0,0.20932255033029099
R1_F3,3,443,1,0.47615888819946744
R1_F3,3,444,1,0.2753150156747879
R1_F3,3,445,1,0.512408436817886
R1_F3,3,449,0,0.5345243736731096
R1_F3,3,455,0,0.10227687463575658
R1_F3,3,460,0,0.10918103029556503
R1_F3,3,464,0,0.3828813137332139
R1_F3,3,468,1,0.7039876280862783
R1_F3,3,475,1,0.7668446064656796
R1_F3,3,485,1,0.3450214813621802
R1_F3,3,492,0,0.5155198406501219
R1_F3,3,493,0,0.2824099923144134
R1_F3,3,495,0,0.6707652533308838
R1_F3,3,496,0,0.47538758168603495
R1_F3,3,498,1,0.6172684139524168
R1_F3,3,505,0,0.07568124621119937
R1_F3,3,508,0,0.10039356173943882
R1_F3,3,511,1,0.675997270484254
R1_F3,3,516,0,0.10587151257668287
R1_F3,3,518,0,0.14731676032396387
R1_F3,3,519,1,0.7743528681240752
R1_F3,3,522,1,0.4467893298470273
R1_F3,3,524,1,0.1240563927873672
R1_F3,3,528,1,0.5165135208873929
R1_F3,3,532,0,0.5091341245551931
R1_F3,3,541,0,0.3723368008741221
R1_F3,3,542,0,0.07449329386265292
R1_F3,3,543,1,0.38564777493648705
R1_F3,3,544,0,0.2084111087062269
R1_F3,3,547,0,0.5678762645878243
R1_F3,3,548,0,0.14392893691841332
R1_F3,3,549,0,0.11051541051709197
R1_F3,3,566,1,0.6851720938120885
R1_F3,3,575,0,0.17368082372638316
R1_F3,3,576,0,0.6253751758479553
R1_F3,3,578,1,0.6159345819346319
R1_F3,3,584,0,0.5187385493003057
R1_F3,3,590,0,0.7144239617958328
R1_F3,3,595,0,0.06236865308525835
R1_F3,3,596,0,0.4881855509695045
R1_F3,3,600,0,0.06725988167998655
R1_F3,3,603,1,0.7062884292392168
R1_F3,3,606,1,0.7750747693437251
R1_F3,3,620,0,0.35526070028314954
R1_F3,3,622,0,0.14924731969824484
R1_F3,3,633,1,0.4269454855957335
R1_F3,3,636,0,0.6586562656842171
R1_F3,3,644,0,0.08681154984875976
R1_F3,3,645,0,0.45497235955227106
R1_F3,3,650,1,0.4121893793404659
R1_F3,3,651,1,0.6790086995554471
R1_F3,3,652,1,0.6598388386581738
R1_F3,3,664,1,0.8748765861505391
R1_F3,3,667,0,0.17412092145020183
R1_F3,3,668,0,0.11161675756282541
R1_F3,3,673,0,0.24305466789030558
R1_F3,3,685,0,0.11104889544037323
R1_F3,3,691,0,0.18958812312150908
R1_F3,3,692,1,0.1675312765181598
R1_F3,3,695,0,0.7546055811066273
R1_F3,3,707,0,0.2372502024166154
R1_F3,3,709,1,0.588400879797102
R1_F3,3,714,0,0.7107336902593069
R1_F3,3,718,0,0.016351825966493216
R1_F3,3,719,0,0.13550863924792378
R1_F3,3,722,0,0.05186098504123959
R1_F3,3,726,0,0.22515312981545724
R1_F3,3,738,1,0.6458156430773307
R1_F3,3,743,1,0.5211201721424186
R1_F3,3,751,0,0.026632157941981472
R1_F3,3,755,0,0.02040175014876311
R1_F3,3,766,0,0.33120133000730867
R1_F3,3,769,0,0.04637251094975029
R1_F3,3,776,0,0.2505603757827338
R1_F3,3,779,1,0.8398013935737122
R1_F3,3,782,0,0.23274703568009247
R1_F3,3,787,0,0.525143925902018
R1_F3,3,788,0,0.4913372620200933
R1_F3,3,792,0,0.032036040995944766
R1_F3,3,798,1,0.8120704541415243
R1_F3,4,0,0,0.054377447507733594
R1_F3,4,2,0,0.6359478637421712
R1_F3,4,14,0,0.13102460428936644
R1_F3,4,15,0,0.11252153923801948
R1_F3,4,16,0,0.19345500045706773
R1_F3,4,17,0,0.1120704574441323
R1_F3,4,19,0,0.4568328885043589
R1_F3,4,24,0,0.46195195258972205
R1_F3,4,29,0,0.3664857343608954
R1_F3,4,30,1,0.6000194973410685
R1_F3,4,37,0,0.21925597260721666
R1_F3,4,50,0,0.19206499348304495
R1_F3,4,53,0,0.4557530742217743
R1_F3,4,54,1,0.6095425490618035
R1_F3,4,55,1,0.7002258040497246
R1_F3,4,58,0,0.678617218095754
R1_F3,4,59,1,0.14686672655723118
R1_F3,4,81,1,0.27146511129285544
R1_F3,4,84,0,0.3421723505087284
R1_F3,4,86,0,0.7372640340766522
R1_F3,4,87,0,0.45311066280207585
R1_F3,4,92,1,0.7125289752789232
R1_F3,4,97,0,0.5173524666481863
R1_F3,4,101,0,0.5598630454511837
R1_F3,4,102,1,0.7787270478459111
R1_F3,4,110,0,0.2985942142274092
R1_F3,4,117,0,0.6158474796065658
R1_F3,4,121,1,0.48562765847442396
R1_F3,4,129,0,0.2953980635711702
R1_F3,4,143,0,0.024618650926823197
R1_F3,4,148,0,0.5584617555470178
R1_F3,4,155,1,0.5780071863267789
R1_F3,4,163,0,0.04321165461657565
R1_F3,4,168,0,0.02462348522999003
R1_F3,4,171,0,0.10546916816135911
R1_F3,4,187,1,0.8068393768801467
R1_F3,4,190,0,0.1104948593494578
R1_F3,4,193,0,0.574420858045012
R1_F3,4,201,0,0.33071773557894174
R1_F3,4,218,0,0.2642366706311334
R1_F3,4,222,0,0.459416182769687
R1_F3,4,229,0,0.1231066897017538
R1_F3,4,231,1,0.49181180773429695
R1_F3,4,234,0,0.06172163496050026
R1_F3,4,236,1,0.7618173574937708
R1_F3,4,237,1,0.20518999056207898
R1_F3,4,239,0,0.418691321487092
R1_F3,4,242,1,0.5779671832424959
R1_F3,4,246,0,0.4335097639194607
R1_F3,4,253,0,0.07320925543576412
R1_F3,4,258,1,0.16237785802594626
R1_F3,4,259,0,0.5636402730399757
R1_F3,4,263,0,0.7330107780931675
R1_F3,4,272,1,0.668764255029743
R1_F3,4,290,0,0.3021611427532778
R1_F3,4,295,0,0.04901251910096343
R1_F3,4,297,1,0.5843784961167889
R1_F3,4,326,0,0.04153521218750178
R1_F3,4,332,0,0.13516622962988875
R1_F3,4,333,0,0.11918844016809617
R1_F3,4,337,0,0.031644988248112876
R1_F3,4,339,0,0.02877843447085553
R1_F3,4,340,0,0.31851272590262497
R1_F3,4,341,0,0.45740600038836865
R1_F3,4,345,0,0.3195487081858993
R1_F3,4,347,1,0.34714287946774913
R1_F3,4,350,0,0.09938873072491329
R1_F3,4,353,0,0.060175071987287276
R1_F3,4,354,0,0.07046836566982924
R1_F3,4,355,1,0.4397571518394834
R1_F3,4,370,1,0.35284981494651824
R1_F3,4,374,0,0.17909097806988247
R1_F3,4,381,0,0.20535089466480094
R1_F3,4,395,0,0.06546989316427589
R1_F3,4,399,1,0.5665799884775109
R1_F3,4,400,0,0.12508122619592266
R1_F3,4,402,0,0.5034689472752815
R1_F3,4,406,0,0.4776893033532262
R1_F3,4,410,1,0.8761524998182836
R1_F3,4,414,0,0.008597519947907252
R1_F3,4,433,1,0.6321426788569969
R1_F3,4,438,0,0.462068196604884
R1_F3,4,440,1,0.5605825112730328
R1_F3,4,448,0,0.44764555853622934
R1_F3,4,450,1,0.45834613607018637
R1_F3,4,451,0,0.032912896062425596
R1_F3,4,469,0,0.23875345536499812
R1_F3,4,472,0,0.15734258767990114
R1_F3,4,473,0,0.6251376690343534
R1_F3,4,474,0,0.23274298927158346
R1_F3,4,478,1,0.8482494281058482
R1_F3,4,479,1,0.4674724501952685
R1_F3,4,480,1,0.2791055355528123
R1_F3,4,483,1,0.3639651679669216
R1_F3,4,484,1,0.7227492123694833
R1_F3,4,489,0,0.10912423865699872
R1_F3,4,509,0,0.0266374910438552
R1_F3,4,514,1,0.8078820810850824
R1_F3,4,517,0,0.6580974393030576
R1_F3,4,520,0,0.050002971477565016
R1_F3,4,527,1,0.3515052006125967
R1_F3,4,533,0,0.5548681063755304
R1_F3,4,537,0,0.5159833810610963
R1_F3,4,539,0,0.21306029521464023
R1_F3,4,550,0,0.0965216347936252
R1_F3,4,552,0,0.5496659210720628
R1_F3,4,556,0,0.35328700405341396
R1_F3,4,560,0,0.03532766126556532
R1_F3,4,561,0,0.1542947227688977
R1_F3,4,562,0,0.0983730223835765
R1_F3,4,563,1,0.13710728210678721
R1_F3,4,565,0,0.6401908555227473
R1_F3,4,573,0,0.03983149797920127
R1_F3,4,574,0,0.1950197159308713
R1_F3,4,577,1,0.51638448052745
R1_F3,4,580,1,0.552029843910486
R1_F3,4,585,1,0.7421832398382784
R1_F3,4,597,0,0.553401577384612
R1_F3,4,598,0,0.756877190852889
R1_F3,4,599,1,0.5978018316944321
R1_F3,4,605,1,0.11800746770016272
R1_F3,4,617,1,0.775143175339379
R1_F3,4,621,1,0.7933796301614159
R1_F3,4,631,0,0.031139930935083677
R1_F3,4,632,1,0.7128679345140672
R1_F3,4,637,0,0.20748680168482728
R1_F3,4,642,0,0.11018805674284322
R1_F3,4,643,0,0.36649053340891874
R1_F3,4,646,1,0.7835945385731158
R1_F3,4,654,0,0.05478872853446056
R1_F3,4,659,1,0.5856493279714813
R1_F3,4,660,0,0.23779416000500306
R1_F3,4,662,1,0.5244344969152852
R1_F3,4,677,0,0.11278265602327349
R1_F3,4,679,0,0.007403792328202268
R1_F3,4,680,0,0.11514774039549945
R1_F3,4,683,0,0.19572399644125113
R1_F3,4,686,1,0.6529651873609122
R1_F3,4,689,1,0.23851047720601729
R1_F3,4,690,1,0.5677385835699097
R1_F3,4,696,0,0.18722401139816344
R1_F3,4,699,0,0.09938369700726407
R1_F3,4,702,0,0.8122275480834041
R1_F3,4,708,1,0.3034288964388216
R1_F3,4,713,0,0.3444505426036195
R1_F3,4,721,0,0.11365412368927308
R1_F3,4,725,0,0.5327652144177358
R1_F3,4,727,0,0.4270161139172846
R1_F3,4,731,0,0.08557481450124767
R1_F3,4,733,1,0.5487166452255225
R1_F3,4,739,0,0.5041407244313709
R1_F3,4,750,0,0.4400364315387207
R1_F3,4,753,0,0.03424188293555611
R1_F3,4,756,0,0.5352969307537149
R1_F3,4,763,1,0.316679447479331
R1_F3,4,764,1,0.617381278623938
R1_F3,4,765,0,0.7011523296455495
R1_F3,4,789,0,0.776339052960612
R1_F3,4,794,0,0.7514195855098561
R1_F3,4,799,0,0.33305630232346484
R1_F3,5,6,1,0.8100997449616779
R1_F3,5,20,0,0.1920017142471762
R1_F3,5,22,0,0.30398889372317456
R1_F3,5,32,0,0.163996849989562
R1_F3,5,38,0,0.235315992596394
R1_F3,5,43,0,0.05837999798608273
R1_F3,5,44,1,0.6580514728846859
R1_F3,5,46,0,0.20069667056660578
R1_F3,5,52,0,0.4153768885652635
R1_F3,5,56,0,0.13996078737250053
R1_F3,5,65,0,0.6326859286707012
R1_F3,5,78,0,0.16380763480602825
R1_F3,5,94,0,0.1852087132853116
R1_F3,5,96,1,0.2553194885165277
R1_F3,5,100,0,0.26663466158719834
R1_F3,5,107,0,0.21941093337461667
R1_F3,5,109,0,0.19873208488419633
R1_F3,5,113,0,0.7147414080860122
R1_F3,5,115,0,0.6771547103309551
R1_F3,5,118,0,0.028745397581617305
R1_F3,5,120,0,0.38903577374642273
R1_F3,5,122,0,0.7777652020534066
R1_F3,5,125,0,0.013491341806680131
R1_F3,5,126,0,0.17700101739312898
R1_F3,5,136,0,0.2257783726586727
R1_F3,5,137,1,0.4642913742328174
R1_F3,5,138,0,0.150767625783525
R1_F3,5,145,0,0.06097660788502013
R1_F3,5,151,1,0.6548686641823495
R1_F3,5,152,0,0.04819963323962481
R1_F3,5,159,0,0.737689351763798
R1_F3,5,176,1,0.5957754359496628
R1_F3,5,184,0,0.3912902666794585
R1_F3,5,185,1,0.8196969458136761
R1_F3,5,192,0,0.4466103175777086
R1_F3,5,195,0,0.12943106888383385
R1_F3,5,200,0,0.0758041672504504
R1_F3,5,210,0,0.7432327371877707
R1_F3,5,217,0,0.06516958021958329
R1_F3,5,219,0,0.008226476365842743
R1_F3,5,223,1,0.651204528675219
R1_F3,5,226,0,0.4320493761718705
R1_F3,5,233,0,0.1997997364989068
R1_F3,5,249,0,0.4177483535402256
R1_F3,5,250,0,0.528076132029623
R1_F3,5,251,0,0.05952069601533524
R1_F3,5,255,0,0.3435366509951912
R1_F3,5,262,0,0.7214592638452749
R1_F3,5,274,1,0.710385109400081
R1_F3,5,275,0,0.007876523009490525
R1_F3,5,279,0,0.3931429670527706
R1_F3,5,281,0,0.13253845115114843
R1_F3,5,283,0,0.07097139494141702
R1_F3,5,293,0,0.09917290695281866
R1_F3,5,296,0,0.45852297287620564
R1_F3,5,302,0,0.4345935562735454
R1_F3,5,307,0,0.7346465027388586
R1_F3,5,312,0,0.37221416623291614
R1_F3,5,318,0,0.2784474887620408
R1_F3,5,328,0,0.6296212751733877
R1_F3,5,330,1,0.6325874066616656
R1_F3,5,334,1,0.1577322847530229
R1_F3,5,338,0,0.17900000712976424
R1_F3,5,352,1,0.20384012627404857
R1_F3,5,356,0,0.23295472882498483
R1_F3,5,360,0,0.48692342882036116
R1_F3,5,361,0,0.5240983369249457
R1_F3,5,362,0,0.3726108700802408
R1_F3,5,365,0,0.41570623532219214
R1_F3,5,372,0,0.44163471312332464
R1_F3,5,375,0,0.779399323454291
R1_F3,5,384,1,0.6998518556670584
R1_F3,5,389,0,0.035418763318914415
R1_F3,5,397,0,0.21381709142791208
R1_F3,5,398,0,0.1605390115825246
R1_F3,5,403,0,0.09555238235473835
R1_F3,5,404,0,0.17145222256456885
R1_F3,5,409,1,0.5134376848999694
R1_F3,5,411,0,0.09107689589300992
R1_F3,5,412,0,0.510250399984277
R1_F3,5,418,0,0.13393878142731833
R1_F3,5,420,0,0.19931778780688006
R1_F3,5,422,0,0.26063069821459595
R1_F3,5,426,1,0.198928885871558
R1_F3,5,428,1,0.3479429929596081
R1_F3,5,431,1,0.8025969282226831
R1_F3,5,432,0,0.24929284263878818
R1_F3,5,446,0,0.32149769585991445
R1_F3,5,452,0,0.41156111741051654
R1_F3,5,454,1,0.7128676740680042
R1_F3,5,456,0,0.689538171867392
R1_F3,5,458,0,0.26653135402586986
R1_F3,5,459,0,0.14060985415067148
R1_F3,5,462,0,0.35558593008363676
R1_F3,5,463,1,0.6194550979403505
R1_F3,5,477,1,0.5598339143986529
R1_F3,5,486,0,0.5496454844178545
R1_F3,5,488,1,0.5855778311180762
R1_F3,5,490,1,0.752064857079378
R1_F3,5,503,0,0.6675026104867633
R1_F3,5,504,1,0.45465139426647005
R1_F3,5,513,1,0.2857195826661788
R1_F3,5,525,1,0.7721970582005905
R1_F3,5,529,0,0.037331655494481975
R1_F3,5,531,0,0.7277451022476226
R1_F3,5,534,1,0.7760456636085581
R1_F3,5,536,0,0.6774974861054407
R1_F3,5,538,0,0.44984982612304475
R1_F3,5,553,0,0.4000561695832749
R1_F3,5,554,0,0.05953653639170498
R1_F3,5,555,0,0.37142601370133327
R1_F3,5,559,0,0.18676780965269243
R1_F3,5,567,1,0.5319512158773702
R1_F3,5,571,1,0.8827322120726361
R1_F3,5,581,0,0.19010744773347824
R1_F3,5,582,0,0.050589755730440715
R1_F3,5,586,0,0.27018004155766334
R1_F3,5,587,0,0.09389150543801443
R1_F3,5,592,1,0.8052266264320127
R1_F3,5,593,0,0.726047593111812
R1_F3,5,607,0,0.039838365784283285
R1_F3,5,610,1,0.2915780154373218
R1_F3,5,611,1,0.47026554422485284
R1_F3,5,612,0,0.4642783357689026
R1_F3,5,625,1,0.2427683776237238
R1_F3,5,626,0,0.040106524334645725
R1_F3,5,630,0,0.09729378450274197
R1_F3,5,648,0,0.6067815424609551
R1_F3,5,655,0,0.8569815748107236
R1_F3,5,663,1,0.5118715984052084
R1_F3,5,665,0,0.15855537484651175
R1_F3,5,666,1,0.21017666561031514
R1_F3,5,669,0,0.12666084124763663
R1_F3,5,670,0,0.04724120377058074
R1_F3,5,672,0,0.22328247564999906
R1_F3,5,676,1,0.10830825099286068
R1_F3,5,688,0,0.045159381854534664
R1_F3,5,700,0,0.27725594216792243
R1_F3,5,701,0,0.39296608255563265
R1_F3,5,703,0,0.2760966106722611
R1_F3,5,710,0,0.22231816847270217
R1_F3,5,711,1,0.8800664339676083
R1_F3,5,716,0,0.04889007520283654
R1_F3,5,720,1,0.4507817962977274
R1_F3,5,729,1,0.4466573427647116
R1_F3,5,735,1,0.5053956246417587
R1_F3,5,752,0,0.062468021820173324
R1_F3,5,757,0,0.7464776289424834
R1_F3,5,758,1,0.6990973094211613
R1_F3,5,759,0,0.2495678413041225
R1_F3,5,760,1,0.09815470014462664
R1_F3,5,761,0,0.4686387822114689
R1_F3,5,762,1,0.6740291967871946
R1_F3,5,768,0,0.48785861083933507
R1_F3,5,777,0,0.3911069761208113
R1_F3,5,778,1,0.8282095831966406
R1_F3,5,785,1,0.12313425090524122
R1_F3,5,786,1,0.6687458950928514
R1_F3,5,790,0,0.751489189955706
R1_F3,5,796,0,0.08246056275278175
R1_F4,1,4,1,0.693831010322004
R1_F4,1,18,0,0.05272995616979292
R1_F4,1,33,1,0.22990156384726676
R1_F4,1,35,0,0.17122628437636242
R1_F4,1,37,0,0.44205193476865595
R1_F4,1,39,0,0.36687970113838325
R1_F4,1,40,1,0.5785416199302572
R1_F4,1,43,0,0.39627242285089176
R1_F4,1,47,0,0.04813114177467485
R1_F4,1,48,1,0.533501034887809
R1_F4,1,53,0,0.5117405720019645
R1_F4,1,66,0,0.23841735431465502
R1_F4,1,74,0,0.4658051362933231
R1_F4,1,80,0,0.23668646289654172
R1_F4,1,81,0,0.1288764073945121
R1_F4,1,82,1,0.9018143233571835
R1_F4,1,83,0,0.03190383588961746
R1_F4,1,85,0,0.1314123422158734
R1_F4,1,86,0,0.08872298609483009
R1_F4,1,89,0,0.07106421094617657
R1_F4,1,90,0,0.1186938155479033
R1_F4,1,91,0,0.2929403919080292
R1_F4,1,93,0,0.4539770067147247
R1_F4,1,102,0,0.32104517868002763
R1_F4,1,110,0,0.17219119238656022
R1_F4,1,112,1,0.14413647112118566
R1_F4,1,114,0,0.2839442291312614
R1_F4,1,116,1,0.5120286761595345
R1_F4,1,118,0,0.5257739890447525
R1_F4,1,119,0,0.5748162453415914
R1_F4,1,123,0,0.09673689240913969
R1_F4,1,126,0,0.0552754643625832
R1_F4,1,127,0,0.7454454980237003
R1_F4,1,133,0,0.6761905584825684
R1_F4,1,141,1,0.606031680253144
R1_F4,1,142,1,0.6139378470277533
R1_F4,1,144,0,0.6566313105634641
R1_F4,1,149,1,0.4206255575605895
R1_F4,1,151,0,0.3067432081287905
R1_F4,1,178,0,0.7361097263339172
R1_F4,1,180,0,0.061994007049581266
R1_F4,1,186,0,0.08077148949472455
R1_F4,1,187,0,0.3128835482749011
R1_F4,1,197,0,0.2336628280356526
R1_F4,1,202,1,0.3013258980232559
R1_F4,1,205,0,0.16473517366032928
R1_F4,1,206,0,0.10197895129736508
R1_F4,1,209,1,0.8052197776621229
R1_F4,1,213,0,0.5311336987617882
R1_F4,1,215,0,0.02555710975680922
R1_F4,1,217,0,0.32607030547679733
R1_F4,1,218,1,0.5715686133261404
R1_F4,1,222,1,0.342994269953556
R1_F4,1,227,0,0.28189267912032445
R1_F4,1,231,0,0.5823116230603471
R1_F4,1,233,0,0.6701327930503131
R1_F4,1,237,1,0.7247342423527604
R1_F4,1,242,0,0.14000372301096464
R1_F4,1,247,1,0.045561235289307916
R1_F4,1,250,0,0.07668316608291705
R1_F4,1,256,1,0.5084643208956855
R1_F4,1,259,0,0.2918218875891446
R1_F4,1,267,0,0.1391389015707143
R1_F4,1,268,0,0.09342802432518738
R1_F4,1,273,1,0.860705680966729
R1_F4,1,277,1,0.4921125239037532
R1_F4,1,279,0,0.6044160969871609
R1_F4,1,282,0,0.5681347696876554
R1_F4,1,306,1,0.7879242820954788
R1_F4,1,307,1,0.8119576355016105
R1_F4,1,309,0,0.0567695489961881
R1_F4,1,319,0,0.37801991329134516
R1_F4,1,322,1,0.540134344403474
R1_F4,1,324,0,0.15992738135240028
R1_F4,1,325,0,0.22119137485606852
R1_F4,1,326,0,0.21023638047840107
R1_F4,1,331,0,0.6096712583519357
R1_F4,1,341,1,0.45974158355647443
R1_F4,1,360,0,0.1295604246195969
R1_F4,1,368,0,0.03641326858499729
R1_F4,1,372,1,0.2726880663739734
R1_F4,1,377,0,0.5835124539567144
R1_F4,1,384,1,0.4466835445205075
R1_F4,1,388,1,0.8322470001908465
R1_F4,1,392,0,0.3396614442301187
R1_F4,1,396,0,0.031990098315028644
R1_F4,1,399,0,0.4602412978792501
R1_F4,1,406,0,0.11941755711149976
R1_F4,1,408,1,0.8172751921542841
R1_F4,1,412,0,0.23655632655941813
R1_F4,1,413,1,0.2548867018723035
R1_F4,1,422,0,0.46074555249469124
R1_F4,1,425,0,0.055891670794592306
R1_F4,1,428,0,0.03229845932650591
R1_F4,1,446,0,0.04164361062306825
R1_F4,1,447,1,0.4755640998265014
R1_F4,1,455,1,0.35856747347546775
R1_F4,1,459,1,0.1394738747525477
R1_F4,1,469,1,0.8266550645673493
R1_F4,1,470,0,0.058987233785113884
R1_F4,1,471,0,0.6898323614107977
R1_F4,1,477,1,0.668055289002148
R1_F4,1,478,0,0.19093691617325295
R1_F4,1,486,1,0.4842894309907347
R1_F4,1,487,1,0.7237407925138714
R1_F4,1,498,1,0.6562340312982768
R1_F4,1,504,0,0.1552813831440639
R1_F4,1,506,1,0.16385506726228408
R1_F4,1,507,1,0.2831798957305442
R1_F4,1,517,0,0.32207873600306786
R1_F4,1,521,0,0.3540156028346009
R1_F4,1,528,0,0.8457549237267076
R1_F4,1,530,0,0.006208143521555101
R1_F4,1,536,0,0.07162727439287393
R1_F4,1,548,1,0.7397286656829746
R1_F4,1,552,0,0.15269385326212762
R1_F4,1,555,0,0.04165073619616859
R1_F4,1,559,0,0.6112920024648044
R1_F4,1,579,1,0.8612815720895451
R1_F4,1,584,0,0.07820137054361427
R1_F4,1,588,0,0.10284002743216686
R1_F4,1,601,0,0.37953394962512066
R1_F4,1,607,0,0.36396835416265866
R1_F4,1,625,0,0.40346957881495255
R1_F4,1,626,0,0.017269206683436556
R1_F4,1,634,0,0.05461232235159297
R1_F4,1,636,0,0.17510324300277125
R1_F4,1,637,1,0.3525503368039275
R1_F4,1,640,0,0.17531445503053847
R1_F4,1,644,1,0.8188901778086649
R1_F4,1,671,0,0.2176229458729925
R1_F4,1,672,0,0.21682053627276932
R1_F4,1,674,1,0.6281437454668436
R1_F4,1,680,1,0.3195662016670676
R1_F4,1,686,0,0.3222201958562143
R1_F4,1,687,0,0.30995167063996726
R1_F4,1,694,0,0.7427211223642022
R1_F4,1,695,0,0.06066434741746533
R1_F4,1,696,0,0.2856688686852237
R1_F4,1,700,0,0.3444775415486301
R1_F4,1,701,0,0.8162963664369327
R1_F4,1,704,0,0.042885058106684186
R1_F4,1,705,0,0.04988142493436613
R1_F4,1,706,0,0.3112462146564865
R1_F4,1,715,0,0.45119640659093063
R1_F4,1,720,0,0.013460734350840874
R1_F4,1,725,0,0.055474211112615364
R1_F4,1,732,0,0.36991843393206275
R1_F4,1,733,1,0.7634801162024892
R1_F4,1,734,1,0.6960549603070468
R1_F4,1,755,0,0.05077648217585279
R1_F4,1,756,0,0.8558543782123434
R1_F4,1,759,0,0.4505694682607719
R1_F4,1,765,0,0.0588047438878485
R1_F4,1,769,0,0.2534170165569421
R1_F4,1,772,1,0.16123651704193856
R1_F4,1,781,0,0.10747085477853587
R1_F4,1,782,0,0.1464631163611112
R1_F4,1,783,1,0.11433580064732922
R1_F4,1,793,0,0.21826871528361144
R1_F4,2,1,1,0.7698020430391223
R1_F4,2,5,0,0.2977133216894471
R1_F4,2,10,0,0.3418628229077529
R1_F4,2,13,1,0.6588569368416176
R1_F4,2,14,0,0.05100193650563284
R1_F4,2,15,0,0.6494968807280375
R1_F4,2,17,0,0.07405549700806179
R1_F4,2,34,0,0.12352280863812844
R1_F4,2,36,0,0.12064008370997041
R1_F4,2,54,1,0.9008091053248091
R1_F4,2,55,0,0.24754117562880676
R1_F4,2,57,1,0.20743214393691645
R1_F4,2,61,0,0.6495669011654629
R1_F4,2,62,1,0.40722703468107374
R1_F4,2,73,0,0.05866242390776283
R1_F4,2,75,1,0.8417105482205677
R1_F4,2,76,0,0.2593212855351146
R1_F4,2,77,1,0.4948848443761434
R1_F4,2,95,0,0.29210748637199124
R1_F4,2,99,1,0.5172873769422086
R1_F4,2,106,0,0.08953664176378107
R1_F4,2,109,1,0.6800850486415131
R1_F4,2,113,0,0.0593743672063064
R1_F4,2,117,0,0.25202384867616584
R1_F4,2,120,0,0.045814554950944074
R1_F4,2,122,0,0.02678756671122227
R1_F4,2,125,0,0.3429975360155552
R1_F4,2,135,0,0.04510790202987541
R1_F4,2,137,0,0.22272929836063826
R1_F4,2,140,0,0.11794153377941557
R1_F4,2,154,1,0.5331760176726117
R1_F4,2,157,1,0.20090119312459268
R1_F4,2,163,0,0.1372199886033304
R1_F4,2,168,0,0.029858896343387602
R1_F4,2,171,1,0.23100424443118514
R1_F4,2,173,0,0.11153069689842675
R1_F4,2,176,0,0.8340549690017788
R1_F4,2,193,1,0.7564537080814088
R1_F4,2,195,1,0.6896094513052389
R1_F4,2,196,0,0.09837404935719885
R1_F4,2,199,0,0.03466959315459462
R1_F4,2,212,0,0.6662235314094621
R1_F4,2,220,0,0.04178287340203663
R1_F4,2,225,0,0.3151577511587451
R1_F4,2,232,0,0.8931521657460278
R1_F4,2,234,0,0.5498591851859623
R1_F4,2,241,0,0.43395447369233725
R1_F4,2,257,0,0.0988875062134042
R1_F4,2,258,1,0.7785821469769875
R1_F4,2,260,0,0.12179805026588437
R1_F4,2,263,1,0.8564569106749801
R1_F4,2,266,0,0.07756869576297724
R1_F4,2,280,0,0.6276527333289376
R1_F4,2,281,0,0.6760677775834609
R1_F4,2,283,0,0.6361856166444063
R1_F4,2,287,0,0.6365520793903287
R1_F4,2,291,0,0.05280431722007322
R1_F4,2,301,1,0.7157925694387651
R1_F4,2,302,0,0.48781944210846423
R1_F4,2,313,0,0.3892771067265172
R1_F4,2,316,0,0.2473701177927131
R1_F4,2,318,0,0.23640578067846948
R1_F4,2,320,0,0.7017493311789057
R1_F4,2,329,0,0.3044185816621221
R1_F4,2,337,0,0.18394122255319445
R1_F4,2,339,0,0.09542833594587986
R1_F4,2,349,0,0.15625298435469964
R1_F4,2,351,1,0.15522221860038782
R1_F4,2,354,0,0.7457842668622806
R1_F4,2,357,0,0.6437218993905068
R1_F4,2,362,0,0.03616516668525962
R1_F4,2,371,0,0.473151286818589
R1_F4,2,374,0,0.3281910787994371
R1_F4,2,376,0,0.6855433815065824
R1_F4,2,379,0,0.0760569607145385
R1_F4,2,405,0,0.12354663897794234
R1_F4,2,407,1,0.4117039454387353
R1_F4,2,414,1,0.9099427090502547
R1_F4,2,415,1,0.03918644392285339
R1_F4,2,417,1,0.6012338516161334
R1_F4,2,419,0,0.1700030968595132
R1_F4,2,421,0,0.23295303081522636
R1_F4,2,424,0,0.18448345189286086
R1_F4,2,429,0,0.13693492658207881
R1_F4,2,445,1,0.4806258674839203
R1_F4,2,451,0,0.07203891975869849
R1_F4,2,452,1,0.31385872939213844
R1_F4,2,460,0,0.27385012497650557
R1_F4,2,465,0,0.4912626250585976
R1_F4,2,467,0,0.036947322326826744
R1_F4,2,479,1,0.7507316730845414
R1_F4,2,492,1,0.27630298118694996
R1_F4,2,495,0,0.2800868957253792
R1_F4,2,511,1,0.31481182501030175
R1_F4,2,512,0,0.14189133559034475
R1_F4,2,514,0,0.6108217982298342
R1_F4,2,526,1,0.1898469017450922
R1_F4,2,542,0,0.1949361314184855
R1_F4,2,543,0,0.18043395328904913
R1_F4,2,544,0,0.15884620481843434
R1_F4,2,545,0,0.5877385158683375
R1_F4,2,550,0,0.25434646020871526
R1_F4,2,553,0,0.4602952356572114
R1_F4,2,554,0,0.37577753636732686
R1_F4,2,556,0,0.5434438397670581
R1_F4,2,561,0,0.36866820863986965
R1_F4,2,566,0,0.2016203798762559
R1_F4,2,572,1,0.5854421283060071
R1_F4,2,574,0,0.35511020600924087
R1_F4,2,575,0,0.20144643633063922
R1_F4,2,576,1,0.6204957655203792
R1_F4,2,578,0,0.15227242170537272
R1_F4,2,582,1,0.6391900638257814
R1_F4,2,586,1,0.7495693558732422
R1_F4,2,592,0,0.13305532704153622
R1_F4,2,596,0,0.0772282373246455
R1_F4,2,600,0,0.05307695909680662
R1_F4,2,605,0,0.06468340518696815
R1_F4,2,608,1,0.8454527013965759
R1_F4,2,609,0,0.5462191628418913
R1_F4,2,611,1,0.7983383490065686
R1_F4,2,614,0,0.2729805206387043
R1_F4,2,615,1,0.16326189396217283
R1_F4,2,619,0,0.22051222696923864
R1_F4,2,620,0,0.2819224490382232
R1_F4,2,623,0,0.21468927728904905
R1_F4,2,632,1,0.5839471424511199
R1_F4,2,635,0,0.04505358270093779
R1_F4,2,646,0,0.027283203559871006
R1_F4,2,651,1,0.48873978209896474
R1_F4,2,654,0,0.053297331602290304
R1_F4,2,655,0,0.904920090072363
R1_F4,2,656,1,0.5146073143483295
R1_F4,2,657,0,0.090730010739965
R1_F4,2,658,0,0.23277108273255268
R1_F4,2,660,0,0.2473884055154122
R1_F4,2,664,0,0.38861223709508735
R1_F4,2,677,0,0.17007332874064315
R1_F4,2,679,0,0.10316550274242253
R1_F4,2,681,0,0.3426587601078612
R1_F4,2,684,1,0.3499076687846696
R1_F4,2,688,0,0.0401989742718556
R1_F4,2,691,0,0.17062960037760563
R1_F4,2,713,0,0.14964015599586855
R1_F4,2,724,0,0.07419014828706286
R1_F4,2,730,0,0.3932058483458644
R1_F4,2,737,1,0.5891644749156787
R1_F4,2,738,0,0.13506980645973646
R1_F4,2,744,0,0.05427260679265928
R1_F4,2,747,1,0.4563962710923892
R1_F4,2,748,0,0.0791514532891867
R1_F4,2,750,1,0.5417155541516254
R1_F4,2,764,0,0.181773269797017
R1_F4,2,774,0,0.35842452611827574
R1_F4,2,778,1,0.8869066452021442
R1_F4,2,784,1,0.7560831858040036
R1_F4,2,789,0,0.469878746647494
R1_F4,2,791,0,0.3411524700554501
R1_F4,2,794,0,0.5879555058825878
R1_F4,2,798,1,0.6952881557288476
R1_F4,3,0,0,0.08313242372670746
R1_F4,3,2,0,0.03271188935090217
R1_F4,3,3,0,0.6434826081750207
R1_F4,3,8,0,0.02424724868504285
R1_F4,3,9,1,0.8219582689132418
R1_F4,3,22,0,0.21357848817372962
R1_F4,3,23,0,0.11316538864324754
R1_F4,3,28,0,0.5023781133068446
R1_F4,3,29,0,0.047967724894585
R1_F4,3,41,0,0.1740767607662633
R1_F4,3,45,0,0.2513882680082493
R1_F4,3,50,0,0.6499129406750587
R1_F4,3,51,0,0.6592702133551299
R1_F4,3,56,0,0.4334287566466948
R1_F4,3,64,1,0.7383592059264256
R1_F4,3,87,0,0.6196088633599769
R1_F4,3,100,0,0.10199502697277067
R1_F4,3,108,0,0.7461930392569526
R1_F4,3,115,0,0.6726009440767875
R1_F4,3,129,0,0.019921792322133525
R1_F4,3,130,0,0.03536626521319492
R1_F4,3,131,0,0.4055326984053223
R1_F4,3,132,0,0.018936642905829793
R1_F4,3,134,0,0.26838614859134735
R1_F4,3,150,1,0.5570592138956848
R1_F4,3,153,1,0.06876706711673349
R1_F4,3,159,0,0.21464380416541565
R1_F4,3,160,1,0.48472410846329744
R1_F4,3,161,0,0.0429842735633044
R1_F4,3,164,1,0.3043449182431635
R1_F4,3,165,0,0.06482054250991966
R1_F4,3,166,0,0.720648780975036
R1_F4,3,167,0,0.00720871796776769
R1_F4,3,170,1,0.6327904528234635
R1_F4,3,172,0,0.03633724429980909
R1_F4,3,181,0,0.08153452546876262
R1_F4,3,182,0,0.48731089357439067
R1_F4,3,183,1,0.4912732192338092
R1_F4,3,185,0,0.10287895207816704
R1_F4,3,188,0,0.007379230670476685
R1_F4,3,192,0,0.6639942046961257
R1_F4,3,207,0,0.41185712714556083
R1_F4,3,208,0,0.051797326342709026
R1_F4,3,219,0,0.09643575036810359
R1_F4,3,224,0,0.16601313007997395
R1_F4,3,230,0,0.0370766745517938
R1_F4,3,235,0,0.18627334459669953
R1_F4,3,251,0,0.2040871850705477
R1_F4,3,252,1,0.40890421486688927
R1_F4,3,254,0,0.328757141100126
R1_F4,3,255,0,0.41563038034268157
R1_F4,3,261,0,0.5461504429722762
R1_F4,3,264,0,0.44268452766904076
R1_F4,3,275,1,0.7639692781315701
R1_F4,3,278,0,0.716233498981708
R1_F4,3,284,0,0.31422972463291843
R1_F4,3,285,0,0.07359832287373638
R1_F4,3,286,0,0.18720595329710413
R1_F4,3,289,0,0.04439081742686645
R1_F4,3,294,1,0.642291042813818
R1_F4,3,299,0,0.019225777289710606
R1_F4,3,300,0,0.030795787423945824
R1_F4,3,321,0,0.657782963915685
R1_F4,3,327,1,0.5342571071748354
R1_F4,3,328,0,0.007943830089721122
R1_F4,3,330,0,0.12426949540385897
R1_F4,3,332,0,0.037724476554970125
R1_F4,3,335,1,0.37060436715412876
R1_F4,3,342,0,0.35746925150091347
R1_F4,3,350,0,0.4664298381605961
R1_F4,3,352,0,0.05377375017743577
R1_F4,3,358,0,0.3849052405356191
R1_F4,3,375,0,0.7662497237577462
R1_F4,3,381,1,0.646112857468279
R1_F4,3,383,0,0.4682314079473735
R1_F4,3,393,0,0.7269792331780335
R1_F4,3,394,0,0.5009411022253063
R1_F4,3,403,1,0.8058927491778024
R1_F4,3,416,0,0.03540712291837465
R1_F4,3,432,0,0.10391598758048064
R1_F4,3,434,0,0.470490548434967
R1_F4,3,435,0,0.2906034651290759
R1_F4,3,437,0,0.2146956317387443
R1_F4,3,438,0,0.5489623612642763
R1_F4,3,442,0,0.4959008976215111
R1_F4,3,444,1,0.32952289408872987
R1_F4,3,448,0,0.1869400202170298
R1_F4,3,449,0,0.11951852579448369
R1_F4,3,450,0,0.07401411104472978
R1_F4,3,453,0,0.3819399602813873
R1_F4,3,488,1,0.8214772803065241
R1_F4,3,490,1,0.5188016423847264
R1_F4,3,494,0,0.4147300117516053
R1_F4,3,497,0,0.09369766828246624
R1_F4,3,500,0,0.4975076630812141
R1_F4,3,503,1,0.7307900161461655
R1_F4,3,505,0,0.1811791383972227
R1_F4,3,509,1,0.5275528600071296
R1_F4,3,510,0,0.09921074322885735
R1_F4,3,523,0,0.04241815876185522
R1_F4,3,525,1,0.31142026940673667
R1_F4,3,532,0,0.17762383846772867
R1_F4,3,533,0,0.2938350051912697
R1_F4,3,534,0,0.2867819899352955
R1_F4,3,535,1,0.670030649544159
R1_F4,3,538,0,0.23466891050993355
R1_F4,3,539,0,0.22403046767222393
R1_F4,3,541,1,0.3838637064287988
R1_F4,3,547,0,0.11836920987338502
R1_F4,3,549,0,0.6795771354788679
R1_F4,3,563,0,0.1445595215607883
R1_F4,3,564,0,0.26433530424527346
R1_F4,3,567,1,0.21925626849955418
R1_F4,3,569,0,0.470484926019532
R1_F4,3,580,0,0.07935403316399313
R1_F4,3,593,0,0.05412232052602445
R1_F4,3,594,0,0.7940443370802749
R1_F4,3,603,0,0.7850532880121986
R1_F4,3,604,1,0.5248582794347348
R1_F4,3,613,1,0.31888537727303495
R1_F4,3,617,0,0.29281528328158685
R1_F4,3,622,0,0.02323758524371168
R1_F4,3,624,1,0.8531454868934909
R1_F4,3,627,0,0.027992244946107605
R1_F4,3,631,0,0.033356778134926525
R1_F4,3,633,1,0.4939778634117565
R1_F4,3,641,0,0.12470871510878839
R1_F4,3,642,0,0.34943984778548404
R1_F4,3,643,0,0.6677585531482672
R1_F4,3,647,0,0.74163446599634
R1_F4,3,650,0,0.1663812775623288
R1_F4,3,652,1,0.7756300069295848
R1_F4,3,667,1,0.8979390901542154
R1_F4,3,669,1,0.6970496693249201
R1_F4,3,670,0,0.21972589146298857
R1_F4,3,682,0,0.23607482903665114
R1_F4,3,689,0,0.03287056004304114
R1_F4,3,693,0,0.4296068849448769
R1_F4,3,699,0,0.15640442223114334
R1_F4,3,702,0,0.23622801675635619
R1_F4,3,708,0,0.17909104062545858
R1_F4,3,709,1,0.26581460540714025
R1_F4,3,716,0,0.025621233153890168
R1_F4,3,726,0,0.3045837578816913
R1_F4,3,728,0,0.14534962366761164
R1_F4,3,729,0,0.42276915305018276
R1_F4,3,742,0,0.5608390915110576
R1_F4,3,743,1,0.6204583975648267
R1_F4,3,746,0,0.5359090401294879
R1_F4,3,757,1,0.12300525066165847
R1_F4,3,763,0,0.24302396824601522
R1_F4,3,766,1,0.7558430875555328
R1_F4,3,770,0,0.424238247806444
R1_F4,3,773,0,0.23728771643074234
R1_F4,3,777,1,0.9313538335437168
R1_F4,3,779,0,0.17250895871937724
R1_F4,3,780,0,0.3140980782847919
R1_F4,3,785,1,0.43163386168451146
R1_F4,3,787,1,0.6241280174416494
R1_F4,3,792,0,0.09422747073031525
R1_F4,4,7,0,0.5628460394323046
R1_F4,4,12,0,0.8916448821026672
R1_F4,4,19,0,0.20632029027226176
R1_F4,4,30,0,0.4297568820311119
R1_F4,4,32,0,0.532901130917408
R1_F4,4,42,0,0.4027809255807704
R1_F4,4,44,0,0.3826370724122004
R1_F4,4,49,1,0.2133379085199074
R1_F4,4,60,0,0.2410598040731892
R1_F4,4,65,0,0.2382929659378803
R1_F4,4,68,1,0.08210717498854528
R1_F4,4,70,0,0.49113492589496216
R1_F4,4,71,0,0.16193196997315362
R1_F4,4,78,0,0.10930026634171132
R1_F4,4,79,1,0.09287262749701636
R1_F4,4,84,0,0.3045395576633512
R1_F4,4,94,1,0.35289974017408293
R1_F4,4,97,1,0.5338613768960127
R1_F4,4,98,0,0.14235664826966535
R1_F4,4,103,1,0.4825531803111256
R1_F4,4,104,0,0.6520025273138913
R1_F4,4,105,0,0.4201237521023289
R1_F4,4,111,0,0.3565148033079104
R1_F4,4,124,0,0.05530605381955334
R1_F4,4,143,1,0.10599240461065063
R1_F4,4,145,0,0.10891498994073325
R1_F4,4,152,0,0.7668343106839801
R1_F4,4,174,0,0.7426347060689794
R1_F4,4,177,0,0.29860672904841196
R1_F4,4,184,0,0.7162290235286856
R1_F4,4,190,1,0.5617359452509648
R1_F4,4,191,1,0.47357866194763426
R1_F4,4,194,0,0.03499190636151049
R1_F4,4,201,0,0.4093540425390089
R1_F4,4,204,0,0.22175112461834992
R1_F4,4,210,0,0.030840579984801303
R1_F4,4,211,0,0.34710740203799517
R1_F4,4,214,0,0.15634509224923748
R1_F4,4,216,0,0.04224835490561271
R1_F4,4,223,0,0.07396372309880545
R1_F4,4,228,0,0.03947442123338166
R1_F4,4,238,0,0.4566078407401948
R1_F4,4,239,0,0.25165070203172474
R1_F4,4,243,0,0.1055120782404785
R1_F4,4,248,0,0.2642556858379767
R1_F4,4,249,1,0.40355185090573337
R1_F4,4,253,0,0.38812681169631896
R1_F4,4,269,0,0.36770194699750075
R1_F4,4,271,0,0.2977527310826356
R1_F4,4,276,1,0.20830770645146934
R1_F4,4,290,1,0.8067544816897669
R1_F4,4,298,1,0.6600233289237846
R1_F4,4,303,0,0.20002830688937676
R1_F4,4,304,0,0.042897409426032616
R1_F4,4,305,0,0.5100949435115006
R1_F4,4,310,0,0.31548498695254473
R1_F4,4,312,0,0.3976675657392483
R1_F4,4,315,0,0.11862212151582434
R1_F4,4,333,0,0.14639553988397228
R1_F4,4,336,0,0.6131940242054916
R1_F4,4,340,0,0.2031079137938925
R1_F4,4,343,0,0.06741797619227503
R1_F4,4,344,0,0.02164980014001962
R1_F4,4,346,0,0.05066365468498485
R1_F4,4,347,1,0.5928990490780985
R1_F4,4,348,0,0.20586432513578323
R1_F4,4,353,0,0.03283816987802133
R1_F4,4,365,0,0.1288001826337658
R1_F4,4,366,0,0.11727186250565184
R1_F4,4,367,0,0.19955175894241642
R1_F4,4,369,1,0.7298602120142879
R1_F4,4,373,0,0.5121904626331327
R1_F4,4,389,0,0.11801612139694001
R1_F4,4,390,0,0.2392530481008127
R1_F4,4,391,0,0.2736027661034535
R1_F4,4,395,0,0.09402199290334677
R1_F4,4,397,1,0.270153794059563
R1_F4,4,400,0,0.15029413476151487
R1_F4,4,402,0,0.060156821576413506
R1_F4,4,404,0,0.09789860871048939
R1_F4,4,409,0,0.054819485959990755
R1_F4,4,410,1,0.7876457569876557
R1_F4,4,418,0,0.3964324575786873
R1_F4,4,431,1,0.8762789272729689
R1_F4,4,433,0,0.248992581067234
R1_F4,4,436,1,0.8249284349509379
R1_F4,4,443,1,0.7770999751545248
R1_F4,4,456,1,0.5941013767142936
R1_F4,4,457,1,0.45761244101769166
R1_F4,4,461,1,0.4844947289068102
R1_F4,4,463,1,0.6195102202930499
R1_F4,4,472,0,0.11629972407566987
R1_F4,4,473,0,0.15379983181139914
R1_F4,4,474,1,0.5764268631593704
R1_F4,4,483,0,0.638086529486738
R1_F4,4,485,1,0.7478481387590962
R1_F4,4,489,1,0.5456104595192016
R1_F4,4,491,1,0.7655620472171168
R1_F4,4,499,1,0.30838367602140515
R1_F4,4,501,0,0.6268890879508691
R1_F4,4,502,0,0.4644945710390404
R1_F4,4,515,1,0.3713462370120964
R1_F4,4,516,0,0.08315875967473875
R1_F4,4,520,1,0.7675755529155571
R1_F4,4,522,1,0.22125108542646174
R1_F4,4,524,0,0.5290442272502697
R1_F4,4,537,0,0.27078205694023466
R1_F4,4,546,0,0.11213853354909413
R1_F4,4,551,0,0.061370213690798626
R1_F4,4,557,0,0.0740848316812839
R1_F4,4,562,0,0.09234389016310562
R1_F4,4,565,0,0.0872251390510531
R1_F4,4,577,0,0.015096078858032061
R1_F4,4,581,0,0.016979055847392815
R1_F4,4,589,0,0.4239032450776506
R1_F4,4,591,0,0.05485336159689611
R1_F4,4,595,0,0.6390072400024981
R1_F4,4,597,1,0.8033395995511672
R1_F4,4,599,0,0.3878068833845543
R1_F4,4,602,0,0.4733888107284196
R1_F4,4,606,0,0.025157921426703932
R1_F4,4,610,0,0.07503220024763287
R1_F4,4,616,0,0.11969418028914476
R1_F4,4,618,1,0.7985259254869671
R1_F4,4,629,0,0.32109045088399174
R1_F4,4,638,0,0.20569661096851152
R1_F4,4,639,0,0.15162155316075981
R1_F4,4,645,0,0.1422557327751425
R1_F4,4,648,1,0.7598276479747774
R1_F4,4,659,1,0.7629923832524034
R1_F4,4,663,1,0.5333944436692568
R1_F4,4,666,1,0.8681166683250799
R1_F4,4,676,1,0.23255433084663504
R1_F4,4,678,0,0.211040357092525
R1_F4,4,683,1,0.3331525671750799
R1_F4,4,685,0,0.009865953128669445
R1_F4,4,690,1,0.1528255041633898
R1_F4,4,697,0,0.694868965961119
R1_F4,4,698,0,0.10876394196206818
R1_F4,4,707,0,0.2649101606757133
R1_F4,4,710,1,0.6483775645093114
R1_F4,4,711,0,0.12011720940570669
R1_F4,4,719,0,0.057977804822553186
R1_F4,4,721,0,0.1428833084615674
R1_F4,4,723,0,0.058111515998982455
R1_F4,4,727,0,0.5108238406773365
R1_F4,4,731,1,0.5309287706842186
R1_F4,4,740,0,0.4546422657524622
R1_F4,4,741,1,0.7558948968660438
R1_F4,4,749,0,0.019611164381569676
R1_F4,4,752,0,0.46290353656188227
R1_F4,4,753,1,0.7720228290464051
R1_F4,4,754,0,0.08254128483009832
R1_F4,4,762,1,0.5323777933032422
R1_F4,4,768,0,0.733714950284989
R1_F4,4,771,0,0.515019853409432
R1_F4,4,786,0,0.4031657923759713
R1_F4,4,788,0,0.10165526351063264
R1_F4,4,795,0,0.7714829195243779
R1_F4,4,796,0,0.6340104292103044
R1_F4,5,6,0,0.1188019238537958
R1_F4,5,11,1,0.316993988429829
R1_F4,5,16,1,0.6870197901356748
R1_F4,5,20,0,0.1530514407590939
R1_F4,5,21,0,0.0370564538539847
R1_F4,5,24,0,0.1722722723499085
R1_F4,5,25,0,0.069657549428152
R1_F4,5,26,0,0.2833865225243983
R1_F4,5,27,0,0.5360676415485411
R1_F4,5,31,1,0.6212273026139409
R1_F4,5,38,0,0.36320215211933543
R1_F4,5,46,0,0.1188189543706985
R1_F4,5,52,1,0.7892048140994549
R1_F4,5,58,0,0.5458574011863765
R1_F4,5,59,0,0.047804514024992896
R1_F4,5,63,0,0.16225044577408274
R1_F4,5,67,0,0.7405708060321882
R1_F4,5,69,0,0.15171312342769697
R1_F4,5,72,0,0.19058263753346985
R1_F4,5,88,0,0.07155324660324384
R1_F4,5,92,0,0.6170121295432754
R1_F4,5,96,0,0.046537521549920614
R1_F4,5,101,0,0.1491411571838488
R1_F4,5,107,1,0.3508994378341231
R1_F4,5,121,0,0.4664678248537167
R1_F4,5,128,0,0.35695255827246664
R1_F4,5,136,1,0.6885269065207269
R1_F4,5,138,0,0.21028136107893322
R1_F4,5,139,1,0.8231347958666868
R1_F4,5,146,0,0.06971522818579184
R1_F4,5,147,1,0.5676004914623971
R1_F4,5,148,1,0.7170102250800019
R1_F4,5,155,1,0.37516576299931675
R1_F4,5,156,1,0.5766074321756373
R1_F4,5,158,1,0.5930704736150191
R1_F4,5,162,0,0.6789148362411698
R1_F4,5,169,0,0.15145571155399581
R1_F4,5,175,0,0.2644491343877617
R1_F4,5,179,0,0.1796249643026617
R1_F4,5,189,1,0.6571331150745682
R1_F4,5,198,0,0.10786552846791529
R1_F4,5,200,0,0.36920826333432805
R1_F4,5,203,0,0.058915959885402686
R1_F4,5,221,0,0.04741992948845348
R1_F4,5,226,1,0.37258191357668896
R1_F4,5,229,0,0.06661058428137948
R1_F4,5,236,0,0.07976417635967811
R1_F4,5,240,1,0.8096162811614543
R1_F4,5,244,0,0.04604960639089709
R1_F4,5,245,0,0.17940202103925898
R1_F4,5,246,1,0.5753810133330838
R1_F4,5,262,1,0.4924498755264164
R1_F4,5,265,0,0.1030307177180194
R1_F4,5,270,0,0.14976378856049685
R1_F4,5,272,1,0.1195777380602178
R1_F4,5,274,1,0.4988608244747795
R1_F4,5,288,1,0.35004981838751115
R1_F4,5,292,0,0.02498646636072302
R1_F4,5,293,0,0.1312592872764945
R1_F4,5,295,0,0.5898364890383814
R1_F4,5,296,0,0.31373778736544994
R1_F4,5,297,0,0.26375596622227065
R1_F4,5,308,0,0.19748832941367755
R1_F4,5,311,1,0.5800321449185827
R1_F4,5,314,0,0.2230641743981382
R1_F4,5,317,0,0.4176751527962317
R1_F4,5,323,0,0.025704601154578233
R1_F4,5,334,0,0.05631212312080119
R1_F4,5,338,1,0.6770697488119642
R1_F4,5,345,1,0.2741452866144142
R1_F4,5,355,1,0.2836663682466
R1_F4,5,356,0,0.122734279515477
R1_F4,5,359,1,0.5648121122734956
R1_F4,5,361,1,0.843720724196468
R1_F4,5,363,0,0.17454080396978044
R1_F4,5,364,1,0.2805180532815791
R1_F4,5,370,0,0.22534597692241534
R1_F4,5,378,0,0.38292990896771223
R1_F4,5,380,0,0.37174191195459244
R1_F4,5,382,0,0.19425148372504494
R1_F4,5,385,1,0.387642745443973
R1_F4,5,386,0,0.15179669487001415
R1_F4,5,387,1,0.2519936606995949
R1_F4,5,398,0,0.08916783246567535
R1_F4,5,401,0,0.3328496928740945
R1_F4,5,411,0,0.754713821594128
R1_F4,5,420,0,0.21916968435828343
R1_F4,5,423,0,0.2755240897901237
R1_F4,5,426,1,0.5175568016291007
R1_F4,5,427,0,0.5206374763424682
R1_F4,5,430,1,0.548438357928947
R1_F4,5,439,1,0.534542931577551
R1_F4,5,440,0,0.11411837659397585
R1_F4,5,441,0,0.15478455532396562
R1_F4,5,454,0,0.3975930936610505
R1_F4,5,458,1,0.5699442912624831
R1_F4,5,462,0,0.21305536011109297
R1_F4,5,464,0,0.3787039040692936
R1_F4,5,466,1,0.5331410571513598
R1_F4,5,468,0,0.2565975095322668
R1_F4,5,475,0,0.30497297806640505
R1_F4,5,476,0,0.33422898838170334
R1_F4,5,480,0,0.2487003286100292
R1_F4,5,481,1,0.1504537732063169
R1_F4,5,482,0,0.10714118296668075
R1_F4,5,484,0,0.14308879716441966
R1_F4,5,493,0,0.3357120768197539
R1_F4,5,496,0,0.1737994465886904
R1_F4,5,508,0,0.6699707550143396
R1_F4,5,513,0,0.07597801618499726
R1_F4,5,518,0,0.18374779288894472
R1_F4,5,519,1,0.6874712781865092
R1_F4,5,527,1,0.5504570897913214
R1_F4,5,529,1,0.35892308363647035
R1_F4,5,531,0,0.6467284865661006
R1_F4,5,540,0,0.5776277989695286
R1_F4,5,558,0,0.30586990829845045
R1_F4,5,560,0,0.35018360146306654
R1_F4,5,568,0,0.3253509815554007
R1_F4,5,570,0,0.7393107791288283
R1_F4,5,571,0,0.24271898246991216
R1_F4,5,573,1,0.778200166896157
R1_F4,5,583,1,0.5108705364243852
R1_F4,5,585,0,0.06497450006540778
R1_F4,5,587,1,0.880501692557308
R1_F4,5,590,1,0.6140638336698144
R1_F4,5,598,0,0.6400441150083559
R1_F4,5,612,0,0.045033168433337094
R1_F4,5,621,0,0.01198202175368973
R1_F4,5,628,0,0.5436271397801083
R1_F4,5,630,0,0.04244943660172943
R1_F4,5,649,0,0.26836662222620805
R1_F4,5,653,0,0.10916871838716569
R1_F4,5,661,0,0.1221223162222214
R1_F4,5,662,1,0.6589573269770911
R1_F4,5,665,0,0.12539203493602422
R1_F4,5,668,1,0.21206474536294576
R1_F4,5,673,0,0.0961982011096512
R1_F4,5,675,0,0.12183790364327944
R1_F4,5,692,1,0.2004897375001811
R1_F4,5,703,1,0.686260254801744
R1_F4,5,712,1,0.8034802171896284
R1_F4,5,714,0,0.3396467294786503
R1_F4,5,717,0,0.4219926483151755
R1_F4,5,718,0,0.18287041424557673
R1_F4,5,722,1,0.5511743904474004
R1_F4,5,735,1,0.6174002387949385
R1_F4,5,736,1,0.6558196431358448
R1_F4,5,739,1,0.7186900170326593
R1_F4,5,745,0,0.6132156240791674
R1_F4,5,751,1,0.13408552748028055
R1_F4,5,758,1,0.062331456161333565
R1_F4,5,760,1,0.5326119645630404
R1_F4,5,761,1,0.3234356633855937
R1_F4,5,767,0,0.3941562355769175
R1_F4,5,775,0,0.2022251356100572
R1_F4,5,776,0,0.5760390118427978
R1_F4,5,790,0,0.143148435693661
R1_F4,5,797,0,0.07391600625496728
R1_F4,5,799,0,0.22548218762635827
R1_F5,1,1,1,0.581153733798034
R1_F5,1,4,1,0.8020165796522312
R1_F5,1,5,0,0.4396646534557258
R1_F5,1,13,0,0.8076714786178885
R1_F5,1,14,1,0.7923469648565459
R1_F5,1,15,0,0.05397053337086511
R1_F5,1,20,0,0.091578468322085
R1_F5,1,29,1,0.6334806148791262
R1_F5,1,30,0,0.6104708527043298
R1_F5,1,33,0,0.16224011909148442
R1_F5,1,39,0,0.21982065585013424
R1_F5,1,40,0,0.43777812494896745
R1_F5,1,43,1,0.7038123519318479
R1_F5,1,48,1,0.8151439608127514
R1_F5,1,59,0,0.039184713447535345
R1_F5,1,64,0,0.22978644972581105
R1_F5,1,72,0,0.40256007317370446
R1_F5,1,73,1,0.5045854164097276
R1_F5,1,78,0,0.5124819626329263
R1_F5,1,82,0,0.702452481187164
R1_F5,1,83,0,0.08683114268779561
R1_F5,1,86,0,0.5611300629817119
R1_F5,1,88,0,0.5127465189463762
R1_F5,1,94,1,0.49864453115424895
R1_F5,1,108,0,0.4066097077434216
R1_F5,1,117,0,0.7015540777036371
R1_F5,1,118,0,0.24555927990855442
R1_F5,1,121,0,0.1449974533952945
R1_F5,1,123,0,0.6857333871403775
R1_F5,1,125,0,0.606254673430427
R1_F5,1,130,0,0.05197847153378531
R1_F5,1,133,0,0.2358081144209314
R1_F5,1,134,0,0.08526637357734805
R1_F5,1,136,0,0.202605216601198
R1_F5,1,150,1,0.6212190125202338
R1_F5,1,151,0,0.07921373678561403
R1_F5,1,153,1,0.502883564441727
R1_F5,1,155,1,0.7368237987816094
R1_F5,1,156,1,0.6631178062885815
R1_F5,1,157,0,0.06159786252696253
R1_F5,1,165,1,0.4986821139724307
R1_F5,1,170,0,0.7523289126505919
R1_F5,1,174,1,0.7824773573598596
R1_F5,1,180,0,0.24076068000018527
R1_F5,1,188,0,0.7788603951998532
R1_F5,1,190,0,0.15475621636364978
R1_F5,1,200,0,0.11246580794943646
R1_F5,1,202,0,0.11752146829027703
R1_F5,1,222,0,0.47791171521095405
R1_F5,1,224,0,0.08790297070095071
R1_F5,1,226,1,0.5031524417455916
R1_F5,1,232,0,0.32495286034734466
R1_F5,1,236,0,0.5470668855062347
R1_F5,1,238,0,0.5933554399168613
R1_F5,1,243,0,0.23485047614052268
R1_F5,1,245,0,0.6278278849207627
R1_F5,1,249,0,0.08490681017164342
R1_F5,1,251,1,0.30112421042075804
R1_F5,1,263,0,0.26083682288688037
R1_F5,1,265,0,0.33088805398551313
R1_F5,1,271,0,0.2485557854894468
R1_F5,1,272,0,0.15871701531622523
R1_F5,1,280,0,0.4747944057954376
R1_F5,1,284,0,0.12277005390016889
R1_F5,1,289,0,0.1588335822882995
R1_F5,1,291,0,0.036787814320073636
R1_F5,1,297,0,0.10281819105592567
R1_F5,1,302,0,0.047300387313821635
R1_F5,1,306,0,0.09853601353926682
R1_F5,1,310,1,0.7761686999349369
R1_F5,1,312,1,0.8697881409846463
R1_F5,1,316,0,0.378148730476277
R1_F5,1,321,0,0.1920279510631271
R1_F5,1,325,1,0.36051097015706945
R1_F5,1,327,0,0.08995987483540069
R1_F5,1,333,0,0.18186608779810345
R1_F5,1,334,1,0.05133708821552516
R1_F5,1,337,0,0.0777282486123907
R1_F5,1,343,0,0.22062601710721952
R1_F5,1,350,0,0.22193388110811885
R1_F5,1,361,0,0.5331114180831499
R1_F5,1,365,1,0.8772523046093704
R1_F5,1,369,0,0.09829290562641997
R1_F5,1,371,0,0.27760425776348746
R1_F5,1,391,0,0.15701243867688428
R1_F5,1,395,0,0.05813792372344303
R1_F5,1,401,0,0.09262091716331498
R1_F5,1,407,1,0.07976291576777943
R1_F5,1,409,1,0.6610848950594477
R1_F5,1,410,0,0.2049335197085663
R1_F5,1,411,0,0.25049254558186046
R1_F5,1,414,0,0.17155780607929028
R1_F5,1,426,1,0.8896046208615037
R1_F5,1,428,1,0.4525084360962563
R1_F5,1,432,0,0.3439109950810572
R1_F5,1,434,0,0.3641971977873521
R1_F5,1,449,1,0.5850797605558863
R1_F5,1,450,0,0.4267523804979712
R1_F5,1,453,1,0.8614142573243521
R1_F5,1,456,0,0.13255558990090832
R1_F5,1,457,0,0.8070241157772332
R1_F5,1,488,1,0.24583604914082188
R1_F5,1,491,0,0.1714578010349185
R1_F5,1,501,1,0.8471963188040407
R1_F5,1,509,1,0.6542858654874678
R1_F5,1,519,0,0.8535516250805522
R1_F5,1,530,0,0.2290006749408253
R1_F5,1,532,0,0.3528865693409458
R1_F5,1,539,0,0.2684621830237571
R1_F5,1,541,1,0.39733986882323385
R1_F5,1,542,0,0.19676848834112182
R1_F5,1,546,0,0.4228928990941337
R1_F5,1,547,0,0.27451633076045723
R1_F5,1,549,0,0.5580822637047067
R1_F5,1,550,0,0.05190928237751221
R1_F5,1,557,0,0.14252831905981933
R1_F5,1,561,1,0.3233339458675412
R1_F5,1,563,0,0.6370077511474999
R1_F5,1,574,1,0.8231335459459691
R1_F5,1,575,0,0.04282718579971823
R1_F5,1,577,0,0.16295156076008013
R1_F5,1,579,1,0.3954367855246714
R1_F5,1,586,0,0.193962575727858
R1_F5,1,595,0,0.7559156776077063
R1_F5,1,597,0,0.05423173312764234
R1_F5,1,601,0,0.07424603298778087
R1_F5,1,617,0,0.038415543248363396
R1_F5,1,618,0,0.24558391895629783
R1_F5,1,622,0,0.3810537945509916
R1_F5,1,627,0,0.5121955987181863
R1_F5,1,639,0,0.42499366605563327
R1_F5,1,641,0,0.2259629002872464
R1_F5,1,642,0,0.3322051792322224
R1_F5,1,653,0,0.09538152748914001
R1_F5,1,658,0,0.04479434812780681
R1_F5,1,660,0,0.07201384418638702
R1_F5,1,664,1,0.3179893474051359
R1_F5,1,685,1,0.8418342543535169
R1_F5,1,686,0,0.6360951449839437
R1_F5,1,701,0,0.1905990769142765
R1_F5,1,702,0,0.1829502307158466
R1_F5,1,709,0,0.3713046396078707
R1_F5,1,714,0,0.1205109195158031
R1_F5,1,726,0,0.12031597569257378
R1_F5,1,733,1,0.7369873226909229
R1_F5,1,735,1,0.5199525425169859
R1_F5,1,738,0,0.3520842107985065
R1_F5,1,741,1,0.8331373362575364
R1_F5,1,747,0,0.07970777568689337
R1_F5,1,756,0,0.7620247687603632
R1_F5,1,757,1,0.6005527915725889
R1_F5,1,766,0,0.08493939748835584
R1_F5,1,770,0,0.17773847759789096
R1_F5,1,773,0,0.47363631451600413
R1_F5,1,777,0,0.16840832324401375
R1_F5,1,781,0,0.40230656620245164
R1_F5,1,791,0,0.44731981650388075
R1_F5,1,793,0,0.09965940904871479
R1_F5,1,794,0,0.3635347395089399
R1_F5,1,795,0,0.4772648844260971
R1_F5,2,0,0,0.07004225527830822
R1_F5,2,8,0,0.024795489091651777
R1_F5,2,9,1,0.7884207686532619
R1_F5,2,10,1,0.8873271850134778
R1_F5,2,11,0,0.4241751657853447
R1_F5,2,12,1,0.378883319452534
R1_F5,2,19,0,0.16898750028035314
R1_F5,2,23,0,0.26369380852908425
R1_F5,2,24,1,0.8040253853308847
R1_F5,2,25,0,0.37841047169793446
R1_F5,2,32,0,0.3380135059977389
R1_F5,2,46,0,0.48388510041475435
R1_F5,2,50,0,0.06410616081549665
R1_F5,2,51,1,0.8120480958974013
R1_F5,2,53,0,0.22094472542700352
R1_F5,2,56,1,0.4659055455609094
R1_F5,2,60,0,0.2486498541129382
R1_F5,2,66,1,0.09464347560231057
R1_F5,2,70,0,0.523251601655809
R1_F5,2,74,0,0.02650746775256219
R1_F5,2,85,1,0.6138097389772724
R1_F5,2,87,0,0.1318464495722386
R1_F5,2,90,0,0.5160881898980311
R1_F5,2,92,0,0.3016370070173584
R1_F5,2,98,1,0.5681928691398027
R1_F5,2,103,0,0.4358006710606476
R1_F5,2,104,0,0.5187947947130666
R1_F5,2,109,0,0.4340776504028492
R1_F5,2,110,0,0.39559644289798657
R1_F5,2,111,0,0.04015991845348802
R1_F5,2,124,0,0.3289200668436513
R1_F5,2,128,0,0.8363061268137034
R1_F5,2,131,0,0.3862305450922007
R1_F5,2,143,0,0.5648732620078184
R1_F5,2,154,1,0.16886267054721163
R1_F5,2,160,0,0.03450596816649128
R1_F5,2,162,0,0.32533158846554305
R1_F5,2,163,0,0.05549892387154969
R1_F5,2,177,0,0.4930640417814562
R1_F5,2,179,0,0.11498950864961255
R1_F5,2,181,0,0.7890427801265046
R1_F5,2,183,0,0.10507047602592819
R1_F5,2,185,1,0.5815510500042911
R1_F5,2,196,1,0.6649639857202266
R1_F5,2,197,0,0.0742079465236697
R1_F5,2,210,1,0.6731933327855383
R1_F5,2,219,0,0.053648426698313205
R1_F5,2,220,1,0.42660103889848583
R1_F5,2,221,0,0.09540671333945892
R1_F5,2,225,0,0.8424757867567424
R1_F5,2,234,0,0.36894154696406706
R1_F5,2,237,0,0.858368822003059
R1_F5,2,240,1,0.6895835562741155
R1_F5,2,241,0,0.020190585359050762
R1_F5,2,253,1,0.35397315048926203
R1_F5,2,255,0,0.1298214560471339
R1_F5,2,257,1,0.23201866442705074
R1_F5,2,261,0,0.06504150780221442
R1_F5,2,264,0,0.3464085309741658
R1_F5,2,266,0,0.3771549908071783
R1_F5,2,275,1,0.832335171918269
R1_F5,2,282,0,0.6855704169989313
R1_F5,2,283,0,0.240755154341858
R1_F5,2,287,0,0.03885888050833076
R1_F5,2,288,1,0.289322390604345
R1_F5,2,303,0,0.6711356046986664
R1_F5,2,304,1,0.8034994000784564
R1_F5,2,317,0,0.3533393384370833
R1_F5,2,320,0,0.7413012894704742
R1_F5,2,324,0,0.5155887623767702
R1_F5,2,338,1,0.6567682789394045
R1_F5,2,342,1,0.5035260681166869
R1_F5,2,351,1,0.3713963785888315
R1_F5,2,370,1,0.6896897136231375
R1_F5,2,373,0,0.35673482243056903
R1_F5,2,374,0,0.6871653492614634
R1_F5,2,386,1,0.7958801569674261
R1_F5,2,393,1,0.2520387707625001
R1_F5,2,397,0,0.10266785592867549
R1_F5,2,398,0,0.20701090614866527
R1_F5,2,399,1,0.3207569502371556
R1_F5,2,406,1,0.9019781469722489
R1_F5,2,415,0,0.5254358327097303
R1_F5,2,421,0,0.17795045903977047
R1_F5,2,425,0,0.009987658003918848
R1_F5,2,436,0,0.2819679153836258
R1_F5,2,446,0,0.4516240328566395
R1_F5,2,447,1,0.6937852670381947
R1_F5,2,470,1,0.4842792016420101
R1_F5,2,472,0,0.18530387122070965
R1_F5,2,473,1,0.6591606229231262
R1_F5,2,482,0,0.5881801877940729
R1_F5,2,487,1,0.6897761128822517
R1_F5,2,490,1,0.1700363640392237
R1_F5,2,502,0,0.27494602722367634
R1_F5,2,503,1,0.43973783895630153
R1_F5,2,511,0,0.5874576847668466
R1_F5,2,512,1,0.2353291636177084
R1_F5,2,515,1,0.47823453385101705
R1_F5,2,516,0,0.6580824065538466
R1_F5,2,536,1,0.6632435327607644
R1_F5,2,545,0,0.13241079102150957
R1_F5,2,551,0,0.6169745963158576
R1_F5,2,555,0,0.362522060158126
R1_F5,2,559,0,0.5849907242314853
R1_F5,2,571,1,0.7469866364054797
R1_F5,2,580,1,0.6668947746495651
R1_F5,2,583,0,0.1318815072690668
R1_F5,2,584,1,0.7679578135927468
R1_F5,2,592,0,0.6943282959488185
R1_F5,2,593,1,0.6892248446054211
R1_F5,2,594,0,0.05906250239571367
R1_F5,2,599,0,0.5024501022159128
R1_F5,2,600,0,0.5205475926205798
R1_F5,2,615,0,0.2622439851835278
R1_F5,2,619,0,0.3140310938851169
R1_F5,2,621,0,0.01261467368984017
R1_F5,2,625,0,0.31873214101062314
R1_F5,2,630,1,0.7717271366816231
R1_F5,2,635,1,0.7819663770049683
R1_F5,2,636,1,0.33890041148484246
R1_F5,2,645,0,0.5516675824859686
R1_F5,2,648,1,0.8054467318038842
R1_F5,2,649,0,0.0766146285831328
R1_F5,2,651,1,0.7337842456080104
R1_F5,2,659,0,0.03682479780435588
R1_F5,2,662,0,0.5614978004890802
R1_F5,2,665,0,0.6286278570969257
R1_F5,2,670,1,0.8340632350963801
R1_F5,2,673,0,0.13015116585515832
R1_F5,2,677,0,0.40780765292772164
R1_F5,2,688,1,0.6086268633395665
R1_F5,2,691,1,0.16539093936258403
R1_F5,2,693,0,0.36428701295138133
R1_F5,2,695,0,0.227706935936366
R1_F5,2,696,0,0.7210762462082241
R1_F5,2,698,0,0.15649075286684536
R1_F5,2,699,0,0.13663043744861725
R1_F5,2,700,0,0.04174096666154955
R1_F5,2,704,0,0.2798013921933858
R1_F5,2,705,0,0.032978877482763284
R1_F5,2,708,1,0.4452019681855967
R1_F5,2,720,0,0.0758576801989297
R1_F5,2,722,0,0.09414991007138625
R1_F5,2,723,0,0.5789010699781441
R1_F5,2,728,0,0.4087738392356028
R1_F5,2,737,0,0.23886509495043687
R1_F5,2,743,0,0.0686077155805191
R1_F5,2,746,1,0.6207498204900564
R1_F5,2,755,0,0.5192623715124202
R1_F5,2,765,0,0.22144802149424114
R1_F5,2,768,0,0.04272786135305406
R1_F5,2,771,1,0.11593859406273971
R1_F5,2,774,1,0.1945209666483574
R1_F5,2,778,0,0.2273630295173469
R1_F5,2,779,1,0.9061990367139062
R1_F5,2,782,1,0.1438707947994471
R1_F5,2,786,1,0.5578668906546157
R1_F5,2,792,0,0.24497565919582517
R1_F5,2,797,0,0.08260598297715134
R1_F5,3,2,0,0.06617696136298434
R1_F5,3,22,0,0.022867026305872645
R1_F5,3,27,0,0.5456372482007416
R1_F5,3,34,0,0.3680657248671913
R1_F5,3,41,0,0.1775024388941073
R1_F5,3,44,0,0.21071316467838527
R1_F5,3,45,1,0.12317836257930398
R1_F5,3,49,0,0.33941993889527594
R1_F5,3,54,0,0.34047049538722485
R1_F5,3,58,0,0.5214914940592547
R1_F5,3,67,0,0.30668104006323144
R1_F5,3,69,0,0.08751321948320234
R1_F5,3,75,0,0.10748463265203557
R1_F5,3,80,0,0.17573621856699617
R1_F5,3,81,0,0.22068010965649257
R1_F5,3,95,0,0.19763766703051378
R1_F5,3,97,0,0.24490915634841706
R1_F5,3,99,0,0.11500143570308823
R1_F5,3,113,0,0.25664959798865183
R1_F5,3,120,0,0.03956458725395733
R1_F5,3,126,1,0.451427731058454
R1_F5,3,127,0,0.07295166500098722
R1_F5,3,137,1,0.34962203958120835
R1_F5,3,142,1,0.2461944192296778
R1_F5,3,146,0,0.4821380902409204
R1_F5,3,147,1,0.44658699360696813
R1_F5,3,149,0,0.04298670571004006
R1_F5,3,166,0,0.07079102211540288
R1_F5,3,169,0,0.26551343220620066
R1_F5,3,173,0,0.05367995003185664
R1_F5,3,176,0,0.11715590617828747
R1_F5,3,192,0,0.17817103897747363
R1_F5,3,194,1,0.6991881878423896
R1_F5,3,195,1,0.4962766684477433
R1_F5,3,198,0,0.3879566440145655
R1_F5,3,208,0,0.24474814791582958
R1_F5,3,209,0,0.16648198381170973
R1_F5,3,213,0,0.051956805458967546
R1_F5,3,214,0,0.09197103486948156
R1_F5,3,216,0,0.2333279552748949
R1_F5,3,218,0,0.31791358796239527
R1_F5,3,233,0,0.041120697594520535
R1_F5,3,239,0,0.1618167397465987
R1_F5,3,242,1,0.545819630785158
R1_F5,3,247,0,0.18408613958488987
R1_F5,3,248,0,0.14959368947255844
R1_F5,3,252,0,0.6991814110380212
R1_F5,3,258,0,0.3893115651535366
R1_F5,3,273,0,0.18445520566687668
R1_F5,3,277,1,0.87548592437264
R1_F5,3,278,0,0.1964343356073981
R1_F5,3,279,1,0.5320382455887048
R1_F5,3,281,0,0.3120637383993025
R1_F5,3,292,1,0.8332344832925934
R1_F5,3,308,0,0.5014882376520543
R1_F5,3,309,1,0.828926470984832
R1_F5,3,314,0,0.4464083643916654
R1_F5,3,318,0,0.24220134837139504
R1_F5,3,319,0,0.22988000320721003
R1_F5,3,328,0,0.2598960917893269
R1_F5,3,329,1,0.4883796630179405
R1_F5,3,331,1,0.3676161340896396
R1_F5,3,336,1,0.16216920512349053
R1_F5,3,340,1,0.5738521854210631
R1_F5,3,344,0,0.3571632035376697
R1_F5,3,346,1,0.20682951190037346
R1_F5,3,355,0,0.14582938709334406
R1_F5,3,356,0,0.39783666844655735
R1_F5,3,357,0,0.1421076688647034
R1_F5,3,358,0,0.8249040284359594
R1_F5,3,360,0,0.21674913060429266
R1_F5,3,376,0,0.34336729134264865
R1_F5,3,378,1,0.824664895395245
R1_F5,3,380,0,0.3255912054909873
R1_F5,3,387,0,0.11661718108611974
R1_F5,3,389,0,0.19391988549772954
R1_F5,3,392,0,0.08463442783623536
R1_F5,3,394,0,0.1757783734737551
R1_F5,3,396,1,0.8341837150895479
R1_F5,3,404,1,0.8606002018294929
R1_F5,3,405,0,0.11961918945187229
R1_F5,3,417,0,0.23177505125683226
R1_F5,3,418,1,0.30829235495244856
R1_F5,3,419,0,0.60361375984876
R1_F5,3,427,0,0.515296812970945
R1_F5,3,431,1,0.24991289331431274
R1_F5,3,433,1,0.8437621604491472
R1_F5,3,437,1,0.1183114947117076
R1_F5,3,442,0,0.2958520303240389
R1_F5,3,444,1,0.3321098667314718
R1_F5,3,448,0,0.39819401243024144
R1_F5,3,455,0,0.1393899874853711
R1_F5,3,467,1,0.6292035303865174
R1_F5,3,468,0,0.22798293819550763
R1_F5,3,475,1,0.8524599902194465
R1_F5,3,478,0,0.15051268829701506
R1_F5,3,480,1,0.8282515937275395
R1_F5,3,484,1,0.73204601559176
R1_F5,3,489,0,0.2923965245326324
R1_F5,3,493,1,0.48399783317393613
R1_F5,3,494,1,0.3266235558371902
R1_F5,3,497,0,0.0979657739824475
R1_F5,3,498,1,0.530598305817356
R1_F5,3,504,1,0.7195878250871709
R1_F5,3,514,0,0.3539309714342984
R1_F5,3,517,1,0.6627035699742009
R1_F5,3,521,1,0.6782243218450054
R1_F5,3,522,1,0.409015694313225
R1_F5,3,524,0,0.3873752554851255
R1_F5,3,525,1,0.8585460905427652
R1_F5,3,526,0,0.19116749063636998
R1_F5,3,527,0,0.8706575489401448
R1_F5,3,535,0,0.41726579448893997
R1_F5,3,538,0,0.20829851514092035
R1_F5,3,544,1,0.6971579071611441
R1_F5,3,556,0,0.1001210337002313
R1_F5,3,560,1,0.2054311273474502
R1_F5,3,562,0,0.3623348464995513
R1_F5,3,567,1,0.7733617404693764
R1_F5,3,568,0,0.37250166173121896
R1_F5,3,570,0,0.31448401167196266
R1_F5,3,572,0,0.01982497547733689
R1_F5,3,573,0,0.1570836960971684
R1_F5,3,576,0,0.15942741106616062
R1_F5,3,578,0,0.5030977168490443
R1_F5,3,581,1,0.6397692997390855
R1_F5,3,582,0,0.2916601017107
R1_F5,3,587,0,0.3505385535076801
R1_F5,3,591,0,0.043560830151375594
R1_F5,3,603,0,0.3948661587015172
R1_F5,3,604,0,0.14225858172013853
R1_F5,3,608,1,0.047762744845164386
R1_F5,3,609,0,0.13516431145558222
R1_F5,3,610,0,0.0916573587497107
R1_F5,3,611,1,0.5073441013049511
R1_F5,3,613,1,0.1894510921752229
R1_F5,3,623,1,0.7465941041003665
R1_F5,3,628,1,0.18183909182184796
R1_F5,3,629,0,0.4858737324479381
R1_F5,3,643,0,0.27888357520570045
R1_F5,3,654,1,0.5198512535463168
R1_F5,3,657,0,0.7179249242095548
R1_F5,3,667,1,0.8750656590930074
R1_F5,3,671,0,0.07907074953698877
R1_F5,3,676,1,0.2811982060025115
R1_F5,3,681,0,0.45424856618348236
R1_F5,3,729,1,0.5322337618412196
R1_F5,3,730,0,0.1603570688152227
R1_F5,3,731,0,0.058189498497080196
R1_F5,3,736,1,0.7973948547512327
R1_F5,3,748,0,0.047643189149954586
R1_F5,3,749,0,0.6780463100407522
R1_F5,3,751,0,0.02894311948077245
R1_F5,3,759,1,0.3689492612814829
R1_F5,3,760,1,0.07658084678108427
R1_F5,3,767,0,0.44897067389470924
R1_F5,3,775,0,0.3901940623059265
R1_F5,3,776,0,0.14171474725655267
R1_F5,3,789,0,0.6300259495393592
R1_F5,3,796,0,0.8771219864491361
R1_F5,4,3,0,0.6349805868767165
R1_F5,4,17,1,0.7568082595936668
R1_F5,4,18,0,0.09795993522883407
R1_F5,4,21,0,0.07980486368050392
R1_F5,4,28,0,0.10590970770114101
R1_F5,4,36,0,0.42388762189087464
R1_F5,4,38,0,0.2472114436941609
R1_F5,4,47,0,0.6142745183028823
R1_F5,4,61,0,0.5631339571456073
R1_F5,4,62,0,0.12356576186476732
R1_F5,4,63,1,0.805878814141467
R1_F5,4,65,0,0.6787349732777551
R1_F5,4,71,1,0.8056819862763561
R1_F5,4,76,1,0.1123766297939512
R1_F5,4,84,1,0.6537064326623837
R1_F5,4,89,0,0.6194319797979215
R1_F5,4,91,1,0.6780645777867923
R1_F5,4,96,1,0.4148327045919862
R1_F5,4,105,1,0.4445907119777774
R1_F5,4,107,0,0.6552512825281077
R1_F5,4,116,0,0.3851152729889626
R1_F5,4,135,0,0.5462283781786383
R1_F5,4,139,0,0.2451806717350208
R1_F5,4,145,0,0.1352015120518326
R1_F5,4,152,1,0.3683877733789684
R1_F5,4,159,1,0.2977374352085873
R1_F5,4,167,0,0.5945611135200526
R1_F5,4,175,1,0.26603545277158785
R1_F5,4,182,0,0.17925050486444646
R1_F5,4,184,0,0.5199523271578556
R1_F5,4,186,1,0.6938622130037638
R1_F5,4,189,1,0.3626063815753642
R1_F5,4,193,0,0.007979739814407014
R1_F5,4,201,1,0.7624077671693059
R1_F5,4,203,0,0.2720385182811813
R1_F5,4,205,0,0.02035892644861328
R1_F5,4,211,0,0.21526924622346985
R1_F5,4,223,0,0.11795899967563504
R1_F5,4,229,0,0.07754163903299537
R1_F5,4,246,1,0.799204433786478
R1_F5,4,259,0,0.6338794397388249
R1_F5,4,262,1,0.8044287077811546
R1_F5,4,267,1,0.7541363329472685
R1_F5,4,269,0,0.18174684962822843
R1_F5,4,270,0,0.5673925331137755
R1_F5,4,285,0,0.21300592578057861
R1_F5,4,293,1,0.8051360721110771
R1_F5,4,294,1,0.2564979920220701
R1_F5,4,296,0,0.634191746391367
R1_F5,4,298,0,0.43663192690984415
R1_F5,4,311,0,0.1586183912531274
R1_F5,4,315,1,0.6944471473952323
R1_F5,4,323,0,0.6249265928139175
R1_F5,4,330,0,0.4235958055776916
R1_F5,4,332,0,0.31077049853148536
R1_F5,4,335,0,0.054410706857352165
R1_F5,4,339,0,0.057115576755128246
R1_F5,4,341,0,0.6453755595895251
R1_F5,4,347,0,0.2913745507144548
R1_F5,4,348,0,0.0901609824944407
R1_F5,4,349,0,0.04020251512861034
R1_F5,4,352,0,0.025673697352779135
R1_F5,4,354,0,0.3291377513918819
R1_F5,4,363,1,0.5986233977551209
R1_F5,4,367,1,0.3748348618627026
R1_F5,4,368,0,0.3127650020754447
R1_F5,4,379,0,0.3284194590303812
R1_F5,4,383,1,0.5663867194158013
R1_F5,4,384,1,0.5508042798211937
R1_F5,4,390,0,0.2419532581837109
R1_F5,4,402,0,0.2275522393623127
R1_F5,4,403,0,0.24213861046188548
R1_F5,4,408,0,0.06304944040326789
R1_F5,4,412,1,0.5890206336174346
R1_F5,4,413,0,0.10115838211944156
R1_F5,4,420,0,0.08976871817277472
R1_F5,4,422,1,0.8761354088627499
R1_F5,4,423,0,0.3083107132683977
R1_F5,4,424,0,0.42643469716292
R1_F5,4,435,1,0.2304169994837824
R1_F5,4,438,0,0.21388570076798707
R1_F5,4,439,0,0.2534098778241925
R1_F5,4,440,1,0.6543727032060416
R1_F5,4,451,1,0.32911439749590304
R1_F5,4,452,0,0.40400935836351826
R1_F5,4,458,0,0.5343183022342547
R1_F5,4,461,0,0.28924504009129265
R1_F5,4,464,0,0.26841504687945467
R1_F5,4,465,0,0.27847524804064216
R1_F5,4,466,0,0.22518887121231232
R1_F5,4,469,0,0.4864092106147937
R1_F5,4,471,1,0.13919756018339804
R1_F5,4,481,1,0.4007039139085134
R1_F5,4,483,0,0.7681750065093843
R1_F5,4,485,0,0.1796174811622174
R1_F5,4,492,1,0.7429223322136237
R1_F5,4,495,1,0.42712899402977994
R1_F5,4,496,0,0.06384354583795945
R1_F5,4,499,0,0.11551588955758119
R1_F5,4,500,0,0.04783950705152637
R1_F5,4,506,0,0.13490247133150254
R1_F5,4,513,0,0.08188655659083476
R1_F5,4,518,1,0.64929926119562
R1_F5,4,520,1,0.38870681192129203
R1_F5,4,523,0,0.026542523225642805
R1_F5,4,529,1,0.6402237764957912
R1_F5,4,531,0,0.7463220271908764
R1_F5,4,534,0,0.6082749923166998
R1_F5,4,558,0,0.11881542319144561
R1_F5,4,564,0,0.742155071345608
R1_F5,4,585,1,0.8482788900215533
R1_F5,4,588,1,0.5244855743877866
R1_F5,4,596,0,0.6057293994193625
R1_F5,4,602,1,0.687051623941537
R1_F5,4,606,1,0.8036046072068368
R1_F5,4,612,0,0.5130097711386804
R1_F5,4,616,1,0.6963372318420978
R1_F5,4,626,0,0.057368974787345456
R1_F5,4,631,0,0.21798193390247775
R1_F5,4,632,0,0.4133298846943632
R1_F5,4,638,0,0.0426728150237006
R1_F5,4,640,0,0.40871150543975493
R1_F5,4,644,0,0.2504100638928899
R1_F5,4,646,0,0.03720895685703227
R1_F5,4,647,0,0.4961799261748738
R1_F5,4,650,0,0.7637475062414607
R1_F5,4,652,0,0.34526576853730634
R1_F5,4,655,1,0.7128291305139575
R1_F5,4,656,1,0.7612869612856704
R1_F5,4,672,0,0.15722741649535396
R1_F5,4,675,0,0.17719650631679384
R1_F5,4,679,1,0.14348576058896095
R1_F5,4,684,0,0.10194725400893705
R1_F5,4,689,0,0.051699568117657885
R1_F5,4,690,0,0.06246050670637878
R1_F5,4,694,1,0.17876754281689253
R1_F5,4,697,0,0.17307536971349113
R1_F5,4,703,0,0.5015208652023241
R1_F5,4,707,0,0.09933929944988218
R1_F5,4,711,0,0.34409438348923627
R1_F5,4,713,0,0.07360903069548828
R1_F5,4,716,0,0.021263722398904655
R1_F5,4,721,0,0.15673050604262637
R1_F5,4,724,0,0.2265746731706285
R1_F5,4,725,0,0.5083061403711012
R1_F5,4,734,0,0.06261358176471077
R1_F5,4,740,0,0.44882047671399
R1_F5,4,742,1,0.7950814662704694
R1_F5,4,754,0,0.019531094106500353
R1_F5,4,758,0,0.2766094383155561
R1_F5,4,761,1,0.4906199872076182
R1_F5,4,762,1,0.3662722899422928
R1_F5,4,764,0,0.6458749507736639
R1_F5,4,772,0,0.49706805474484755
R1_F5,4,780,0,0.12280308015256286
R1_F5,4,784,1,0.6723482805396376
R1_F5,4,785,0,0.5350195280538327
R1_F5,4,787,0,0.07013434817690598
R1_F5,4,790,0,0.047693257548159944
R1_F5,4,798,0,0.12031517710256771
R1_F5,5,6,0,0.1724773040874812
R1_F5,5,7,0,0.5727885495745172
R1_F5,5,16,0,0.7241542546788334
R1_F5,5,26,0,0.67005978364603
R1_F5,5,31,1,0.44271923046756645
R1_F5,5,35,0,0.5483000030866384
R1_F5,5,37,0,0.17232282211011443
R1_F5,5,42,0,0.044134377216104574
R1_F5,5,52,0,0.31660032275876
R1_F5,5,55,0,0.5217121193053038
R1_F5,5,57,0,0.2258324665685326
R1_F5,5,68,0,0.4262015692727024
R1_F5,5,77,0,0.4595618243919344
R1_F5,5,79,0,0.4491687282882782
R1_F5,5,93,0,0.06351723596976651
R1_F5,5,100,0,0.23533132164563675
R1_F5,5,101,0,0.5259224291663659
R1_F5,5,102,1,0.4306901065220094
R1_F5,5,106,1,0.36688768386144993
R1_F5,5,112,0,0.11301303096254621
R1_F5,5,114,0,0.04388867843022113
R1_F5,5,115,0,0.882497761272152
R1_F5,5,119,0,0.11040680439068078
R1_F5,5,122,0,0.024055147669421795
R1_F5,5,129,0,0.3632293013747732
R1_F5,5,132,0,0.11293739948181837
R1_F5,5,138,1,0.8818239521195222
R1_F5,5,140,0,0.029865002162307756
R1_F5,5,141,1,0.5556169723296179
R1_F5,5,144,0,0.1630367175055182
R1_F5,5,148,1,0.7023368670926926
R1_F5,5,158,1,0.4458391376089213
R1_F5,5,161,1,0.8023355320301334
R1_F5,5,164,0,0.7430775496054657
R1_F5,5,168,0,0.05739780533157732
R1_F5,5,171,0,0.011928766670051156
R1_F5,5,172,0,0.0102627474350898
R1_F5,5,178,0,0.7733611261066402
R1_F5,5,187,1,0.06484834498564314
R1_F5,5,191,0,0.0693000768476784
R1_F5,5,199,1,0.8259778727026359
R1_F5,5,204,0,0.16332322638850144
R1_F5,5,206,0,0.27455731205142136
R1_F5,5,207,0,0.42039849813062863
R1_F5,5,212,0,0.2230436403351476
R1_F5,5,215,0,0.06248297535692851
R1_F5,5,217,0,0.5496193716937502
R1_F5,5,227,1,0.7415046794228569
R1_F5,5,228,0,0.03254338141066666
R1_F5,5,230,0,0.445766456524243
R1_F5,5,231,1,0.13861032154259897
R1_F5,5,235,0,0.04401905519471716
R1_F5,5,244,0,0.500891395265026
R1_F5,5,250,1,0.6805630330024046
R1_F5,5,254,0,0.1044529670759914
R1_F5,5,256,1,0.6475042131553791
R1_F5,5,260,1,0.5657908324513142
R1_F5,5,268,1,0.8551537255574931
R1_F5,5,274,1,0.1036555725610057
R1_F5,5,276,1,0.36418689596064285
R1_F5,5,286,0,0.4545980796526426
R1_F5,5,290,1,0.31533084128662625
R1_F5,5,295,0,0.07584596948710981
R1_F5,5,299,0,0.10334909002449215
R1_F5,5,300,1,0.4727292811228136
R1_F5,5,301,0,0.051237448420875055
R1_F5,5,305,0,0.22641927442505247
R1_F5,5,307,0,0.11406517382790572
R1_F5,5,313,0,0.112624519416766
R1_F5,5,322,0,0.1414830412034843
R1_F5,5,326,0,0.0773679014388317
R1_F5,5,345,0,0.17344619644322937
R1_F5,5,353,1,0.8252640227503568
R1_F5,5,359,1,0.31918001263687895
R1_F5,5,362,1,0.43573937988971956
R1_F5,5,364,0,0.14883365171675506
R1_F5,5,366,0,0.15480762634835832
R1_F5,5,372,0,0.4505965773302423
R1_F5,5,375,0,0.39596710017079584
R1_F5,5,377,0,0.2715776605032095
R1_F5,5,381,0,0.09809527188307006
R1_F5,5,382,1,0.5936250593319575
R1_F5,5,385,0,0.1279561573091255
R1_F5,5,388,0,0.542535855847436
R1_F5,5,400,1,0.8115233533451479
R1_F5,5,416,0,0.2667714983974166
R1_F5,5,429,0,0.1313125539599458
R1_F5,5,430,0,0.18423647739933222
R1_F5,5,441,0,0.1400011000399295
R1_F5,5,443,0,0.6345976070381805
R1_F5,5,445,1,0.5074556256543549
R1_F5,5,454,1,0.8068268217660491
R1_F5,5,459,0,0.22788258464676492
R1_F5,5,460,0,0.22703444561239852
R1_F5,5,462,0,0.44064736710716773
R1_F5,5,463,1,0.29064903410921217
R1_F5,5,474,1,0.4776088995785059
R1_F5,5,476,1,0.3424265774595136
R1_F5,5,477,1,0.21129289997203538
R1_F5,5,479,0,0.11785093088468335
R1_F5,5,486,0,0.09163577599805044
R1_F5,5,505,0,0.22560346426981734
R1_F5,5,507,0,0.3234917651650135
R1_F5,5,508,0,0.18346590483283584
R1_F5,5,510,1,0.6199668563134906
R1_F5,5,528,0,0.4145419317188203
R1_F5,5,533,0,0.5831016909418313
R1_F5,5,537,0,0.2386866957022984
R1_F5,5,540,0,0.053129938725336945
R1_F5,5,543,0,0.1801201644573379
R1_F5,5,548,0,0.3178304700773577
R1_F5,5,552,0,0.203663882940764
R1_F5,5,553,0,0.34854663672125374
R1_F5,5,554,0,0.3483918935074932
R1_F5,5,565,0,0.24057713423981797
R1_F5,5,566,1,0.5668222150116222
R1_F5,5,569,0,0.18220927196926404
R1_F5,5,589,0,0.08084686782013911
R1_F5,5,590,0,0.12886963185702746
R1_F5,5,598,0,0.6425205764625658
R1_F5,5,605,1,0.14967920634048704
R1_F5,5,607,0,0.023105710861682758
R1_F5,5,614,0,0.10069385805177555
R1_F5,5,620,1,0.7974429028199689
R1_F5,5,624,0,0.15550378083161587
R1_F5,5,633,0,0.1810742697946677
R1_F5,5,634,1,0.7217884046762383
R1_F5,5,637,0,0.08899747684021049
R1_F5,5,661,0,0.22502000969059496
R1_F5,5,663,1,0.3618136126833187
R1_F5,5,666,0,0.3145395138670628
R1_F5,5,668,1,0.8577061295981198
R1_F5,5,669,0,0.44467478707190455
R1_F5,5,674,1,0.8039596595597218
R1_F5,5,678,0,0.17887522832152347
R1_F5,5,680,0,0.4060526262039013
R1_F5,5,682,1,0.3966020468201072
R1_F5,5,683,0,0.010172453636533867
R1_F5,5,687,0,0.12965164175916508
R1_F5,5,692,1,0.7661298856598872
R1_F5,5,706,0,0.1966070617731138
R1_F5,5,710,0,0.607760422385895
R1_F5,5,712,0,0.43409369679097837
R1_F5,5,715,0,0.7844003510300294
R1_F5,5,717,0,0.1731839280015445
R1_F5,5,718,1,0.6188134128732153
R1_F5,5,719,1,0.32716302094708966
R1_F5,5,727,0,0.18855427070163477
R1_F5,5,732,1,0.8577731481769298
R1_F5,5,739,1,0.5960522082790024
R1_F5,5,744,0,0.7441900127668265
R1_F5,5,745,0,0.5433560454099443
R1_F5,5,750,1,0.8242363894613192
R1_F5,5,752,0,0.16096457281373464
R1_F5,5,753,0,0.042355877050663314
R1_F5,5,763,1,0.7220393192372541
R1_F5,5,769,0,0.5217897764558302
R1_F5,5,783,1,0.4353837925356617
R1_F5,5,788,0,0.49917910145306427
R1_F5,5,799,0,0.14897483700039332
R2_F1,1,8,1,0.7065731903253188
R2_F1,1,10,1,0.8454864527132745
R2_F1,1,22,0,0.20905005243763797
R2_F1,1,31,1,0.6353287765296955
R2_F1,1,41,0,0.15606213413044331
R2_F1,1,42,0,0.20767066765128694
R2_F1,1,43,0,0.3757466937107891
R2_F1,1,48,0,0.6048726758925579
R2_F1,1,52,1,0.7983138508986861
R2_F1,1,77,0,0.057343466277796205
R2_F1,1,78,0,0.3581682101557246
R2_F1,1,82,0,0.27743707372854737
R2_F1,1,85,0,0.439589905727413
R2_F1,1,87,0,0.29287471930481007
R2_F1,1,88,0,0.4672344405849876
R2_F1,1,101,0,0.3962917527326099
R2_F1,1,104,1,0.43539926293708137
R2_F1,1,110,0,0.02261726167128276
R2_F1,1,112,1,0.16962644848162914
R2_F1,1,125,0,0.288432961096182
R2_F1,1,132,0,0.5342547820802975
R2_F1,1,134,0,0.09462292597331902
R2_F1,1,135,1,0.7204846892392215
R2_F1,1,142,1,0.14975317518882886
R2_F1,1,153,0,0.5627476890139534
R2_F1,1,156,0,0.08421760004589961
R2_F1,1,160,0,0.12426873343135682
R2_F1,1,162,0,0.244404962982987
R2_F1,1,163,1,0.4719270279487244
R2_F1,1,167,0,0.7511411072301902
R2_F1,1,175,0,0.7916665523602852
R2_F1,1,176,0,0.20658763152855628
R2_F1,1,178,0,0.2109321130814359
R2_F1,1,188,0,0.3010812769393881
R2_F1,1,194,0,0.41908224749183054
R2_F1,1,196,0,0.10270615711405606
R2_F1,1,200,1,0.21056862553514563
R2_F1,1,204,0,0.15710670024680784
R2_F1,1,207,1,0.6954877357580149
R2_F1,1,214,1,0.3856133476766051
R2_F1,1,218,0,0.03050216844998875
R2_F1,1,224,0,0.23494048339329687
R2_F1,1,230,0,0.4420537653100037
R2_F1,1,238,0,0.19416392506026778
R2_F1,1,239,0,0.07375417623094123
R2_F1,1,244,1,0.1174358272722955
R2_F1,1,253,0,0.04068740397293472
R2_F1,1,264,0,0.17760140803158495
R2_F1,1,271,0,0.7225852550821042
R2_F1,1,273,0,0.05445013524482201
R2_F1,1,274,1,0.2507932069103976
R2_F1,1,275,0,0.34340064418123156
R2_F1,1,280,1,0.23814867993148023
R2_F1,1,294,1,0.7380712341145874
R2_F1,1,296,1,0.8900562237735644
R2_F1,1,305,0,0.25973565133443455
R2_F1,1,309,0,0.1496922904305811
R2_F1,1,315,1,0.6262179119073968
R2_F1,1,319,0,0.006047337252317713
R2_F1,1,322,1,0.0650489502900207
R2_F1,1,323,0,0.5919020289036684
R2_F1,1,325,0,0.06349581107985357
R2_F1,1,336,0,0.26999082031223726
R2_F1,1,362,0,0.5365106838625722
R2_F1,1,366,0,0.2936173561637279
R2_F1,1,376,0,0.15242131410689677
R2_F1,1,384,0,0.10572011521870978
R2_F1,1,391,0,0.11049526011472477
R2_F1,1,395,0,0.3454951739655834
R2_F1,1,401,1,0.8373168210295322
R2_F1,1,404,0,0.19075167784915203
R2_F1,1,410,0,0.10134089721863764
R2_F1,1,421,0,0.35998910448364513
R2_F1,1,422,1,0.5360164335530229
R2_F1,1,426,1,0.46798929327476796
R2_F1,1,427,0,0.5007787609114152
R2_F1,1,429,0,0.39360427125031267
R2_F1,1,431,0,0.35893207576340164
R2_F1,1,433,1,0.23313889070248717
R2_F1,1,439,0,0.06130008068312568
R2_F1,1,440,0,0.0841718700941907
R2_F1,1,448,1,0.54976613347561
R2_F1,1,453,0,0.4859801952927721
R2_F1,1,458,0,0.10145359219387069
R2_F1,1,466,1,0.8378617964961572
R2_F1,1,467,0,0.11955394789690504
R2_F1,1,471,1,0.6343048679518982
R2_F1,1,481,1,0.33097443247667563
R2_F1,1,484,0,0.17933449001373547
R2_F1,1,491,0,0.6653540179670473
R2_F1,1,502,0,0.13251759333094512
R2_F1,1,513,0,0.321827865310292
R2_F1,1,516,1,0.12843724145866545
R2_F1,1,518,1,0.5840410437537157
R2_F1,1,524,1,0.6601692332944463
R2_F1,1,525,0,0.2706983058116256
R2_F1,1,531,0,0.14821347917411518
R2_F1,1,538,1,0.23232830608569147
R2_F1,1,540,1,0.6687534656451793
R2_F1,1,541,0,0.7506575779408021
R2_F1,1,542,0,0.2347813888495871
R2_F1,1,546,0,0.24133661134495066
R2_F1,1,547,0,0.49857745674012105
R2_F1,1,553,0,0.20700350429386563
R2_F1,1,561,1,0.4963241285752529
R2_F1,1,567,0,0.3582789010793201
R2_F1,1,569,0,0.1338349481916103
R2_F1,1,570,1,0.7679657352631013
R2_F1,1,572,0,0.040133269709800246
R2_F1,1,584,0,0.6666812015738136
R2_F1,1,589,0,0.5662343895346852
R2_F1,1,597,0,0.04736200437311011
R2_F1,1,599,1,0.8029276609912587
R2_F1,1,600,0,0.1537419731617599
R2_F1,1,604,0,0.10116998979808041
R2_F1,1,614,0,0.030641378595695202
R2_F1,1,619,0,0.6418647919262299
R2_F1,1,622,1,0.5934437773761468
R2_F1,1,627,1,0.7884829192908424
R2_F1,1,629,0,0.36680605704939023
R2_F1,1,630,0,0.24908676164881005
R2_F1,1,634,0,0.28201806491679154
R2_F1,1,639,1,0.7622551955452193
R2_F1,1,645,0,0.1300693328234899
R2_F1,1,650,0,0.08273758880896247
R2_F1,1,652,1,0.6758561549116323
R2_F1,1,655,0,0.2689544267181843
R2_F1,1,660,0,0.5034183546101364
R2_F1,1,671,0,0.45361205392857884
R2_F1,1,676,1,0.510562578130091
R2_F1,1,679,0,0.5327165430194208
R2_F1,1,680,0,0.19462582384523652
R2_F1,1,681,0,0.04959818795700247
R2_F1,1,684,0,0.04232451621360787
R2_F1,1,687,0,0.22005537398443042
R2_F1,1,688,0,0.29164257586627235
R2_F1,1,689,0,0.7923413340446966
R2_F1,1,691,0,0.278201044783897
R2_F1,1,695,0,0.23847325892046511
R2_F1,1,702,0,0.12454300600904226
R2_F1,1,712,0,0.7248601064331869
R2_F1,1,718,0,0.08456042806309262
R2_F1,1,719,0,0.09154461050165537
R2_F1,1,730,0,0.22151793873204895
R2_F1,1,733,1,0.7625680313075188
R2_F1,1,740,1,0.5315133065760026
R2_F1,1,741,0,0.0517469210872765
R2_F1,1,745,1,0.1969859262178292
R2_F1,1,748,0,0.033885995157176184
R2_F1,1,751,0,0.14308755638224044
R2_F1,1,754,0,0.7584262360227702
R2_F1,1,758,0,0.4360400816492153
R2_F1,1,771,0,0.21955575440747657
R2_F1,1,772,0,0.2199121302561486
R2_F1,1,779,0,0.21647883015190703
R2_F1,1,783,1,0.5538637023627493
R2_F1,1,788,0,0.7124501263209327
R2_F1,1,789,0,0.10212384026289599
R2_F1,1,794,0,0.08245816927245152
R2_F1,1,795,0,0.1590355415478009
R2_F1,2,0,0,0.07913986404565009
R2_F1,2,1,1,0.7165842649767588
R2_F1,2,2,0,0.07174317687454844
R2_F1,2,3,0,0.6389967031531242
R2_F1,2,13,0,0.5767438444761194
R2_F1,2,25,1,0.7781715161471086
R2_F1,2,26,0,0.35424675912513987
R2_F1,2,35,0,0.41883958667879995
R2_F1,2,45,0,0.09407348887503993
R2_F1,2,46,0,0.027461515229711086
R2_F1,2,47,1,0.7393169516970709
R2_F1,2,49,0,0.5602859667625717
R2_F1,2,51,0,0.06472671585120365
R2_F1,2,53,1,0.8263527782419905
R2_F1,2,56,0,0.4021550846039738
R2_F1,2,64,0,0.619339656048263
R2_F1,2,68,0,0.24521406105501128
R2_F1,2,72,1,0.743183454767942
R2_F1,2,76,1,0.864265220745844
R2_F1,2,84,1,0.5432470933773154
R2_F1,2,94,1,0.35914754472993327
R2_F1,2,97,0,0.07989592874268979
R2_F1,2,99,0,0.31656335684705733
R2_F1,2,102,1,0.5815390838616876
R2_F1,2,115,0,0.21180349604231105
R2_F1,2,117,1,0.5849881425778783
R2_F1,2,127,0,0.8093685940735189
R2_F1,2,130,0,0.09014596631607337
R2_F1,2,133,0,0.20678732554640908
R2_F1,2,138,1,0.5130398791465697
R2_F1,2,139,1,0.5180730430858311
R2_F1,2,140,0,0.08369056376656332
R2_F1,2,146,0,0.4409645737042169
R2_F1,2,150,0,0.0451415018005541
R2_F1,2,154,1,0.0816906586195103
R2_F1,2,165,0,0.6059094260108785
R2_F1,2,171,0,0.047785035365155326
R2_F1,2,172,0,0.06839140383642539
R2_F1,2,179,0,0.10590069514537115
R2_F1,2,181,0,0.6200519897311049
R2_F1,2,182,1,0.474405129551607
R2_F1,2,184,1,0.08674891154858778
R2_F1,2,185,0,0.7605632262550248
R2_F1,2,189,0,0.009644757724496947
R2_F1,2,193,0,0.06337004038216895
R2_F1,2,195,1,0.7504863428350473
R2_F1,2,202,1,0.77619033828618
R2_F1,2,203,0,0.21152730571349587
R2_F1,2,208,0,0.11901574154123525
R2_F1,2,210,0,0.29727915122390747
R2_F1,2,212,0,0.2572748647543745
R2_F1,2,215,0,0.21754882707694245
R2_F1,2,233,0,0.05310768369978042
R2_F1,2,234,1,0.3698447536920513
R2_F1,2,282,1,0.6526087929008776
R2_F1,2,298,0,0.2519427155499541
R2_F1,2,301,0,0.6473200306100807
R2_F1,2,306,0,0.19362748232876262
R2_F1,2,318,1,0.5177742067021204
R2_F1,2,320,0,0.5157849878783262
R2_F1,2,321,0,0.2095904845311082
R2_F1,2,324,1,0.07942010518594682
R2_F1,2,326,1,0.6566202604348255
R2_F1,2,335,0,0.02537910101799869
R2_F1,2,341,0,0.3417816534160291
R2_F1,2,345,0,0.7304801320880833
R2_F1,2,348,0,0.5847760757353869
R2_F1,2,349,1,0.41145370484959165
R2_F1,2,357,0,0.2597307554064769
R2_F1,2,358,1,0.36434023188305725
R2_F1,2,369,1,0.6598780693563974
R2_F1,2,370,1,0.5020771966415513
R2_F1,2,375,0,0.5111768411119423
R2_F1,2,380,0,0.5108834083038
R2_F1,2,383,1,0.28264183715884056
R2_F1,2,387,0,0.11532461776208046
R2_F1,2,388,1,0.6691222728573581
R2_F1,2,396,0,0.34023628949344203
R2_F1,2,398,0,0.5010112305401139
R2_F1,2,400,1,0.5676237486933561
R2_F1,2,412,0,0.3128136893582997
R2_F1,2,416,0,0.058350179766146974
R2_F1,2,420,1,0.748832899641028
R2_F1,2,432,1,0.46223156567691953
R2_F1,2,434,0,0.060881019260200446
R2_F1,2,437,0,0.2981700086903462
R2_F1,2,445,1,0.5361279385177352
R2_F1,2,455,0,0.0572449294757702
R2_F1,2,456,1,0.7491246412580007
R2_F1,2,460,0,0.3675278663487043
R2_F1,2,462,0,0.14074329860032206
R2_F1,2,482,0,0.5188169272874293
R2_F1,2,489,0,0.4209061026970748
R2_F1,2,494,0,0.14860233382683788
R2_F1,2,495,0,0.20723419882720076
R2_F1,2,503,0,0.594887960712161
R2_F1,2,505,0,0.34755443912995987
R2_F1,2,506,1,0.24833517923584367
R2_F1,2,508,0,0.35625001492600433
R2_F1,2,510,0,0.14460297320443008
R2_F1,2,515,0,0.7075338831365546
R2_F1,2,519,1,0.30084308768764756
R2_F1,2,520,1,0.6884828608118386
R2_F1,2,529,0,0.11103772051994211
R2_F1,2,536,0,0.3824855125898849
R2_F1,2,552,0,0.43817952492929974
R2_F1,2,559,0,0.6236800464518222
R2_F1,2,560,1,0.14109009041651535
R2_F1,2,563,0,0.5108354924634574
R2_F1,2,573,0,0.13199532488301277
R2_F1,2,578,0,0.4288411684601486
R2_F1,2,580,1,0.7682411164126531
R2_F1,2,583,0,0.06351407290968464
R2_F1,2,585,1,0.41385628578594247
R2_F1,2,586,0,0.6351289368240288
R2_F1,2,590,0,0.055080437423630724
R2_F1,2,594,0,0.6081390911960414
R2_F1,2,598,0,0.3488758993570415
R2_F1,2,606,0,0.1120393255164401
R2_F1,2,607,1,0.6707482389485658
R2_F1,2,615,0,0.20485715012661534
R2_F1,2,618,0,0.032559184316467676
R2_F1,2,623,0,0.19198219427156774
R2_F1,2,633,0,0.22421846208571347
R2_F1,2,635,0,0.19509799344283918
R2_F1,2,641,0,0.01350408271626881
R2_F1,2,643,1,0.815306512842135
R2_F1,2,649,0,0.07444639580634814
R2_F1,2,653,0,0.1401589895644386
R2_F1,2,657,0,0.7408126992246175
R2_F1,2,662,1,0.8772380365067218
R2_F1,2,669,0,0.16770262088790475
R2_F1,2,670,1,0.4211762484116129
R2_F1,2,672,0,0.09382508777778004
R2_F1,2,696,0,0.87643444317232
R2_F1,2,703,1,0.4340780616033933
R2_F1,2,708,0,0.04505031761344236
R2_F1,2,713,0,0.017838554819429284
R2_F1,2,717,0,0.11730036865741338
R2_F1,2,723,0,0.213709584292148
R2_F1,2,725,0,0.06776512185581453
R2_F1,2,729,1,0.682091637990808
R2_F1,2,735,0,0.6635500386769368
R2_F1,2,737,0,0.0474698156569
R2_F1,2,739,0,0.6593705023061402
R2_F1,2,742,0,0.03595927752658881
R2_F1,2,743,0,0.7491404238112608
R2_F1,2,746,0,0.44132025322861707
R2_F1,2,750,0,0.06340193739281104
R2_F1,2,756,1,0.22093891288509773
R2_F1,2,760,1,0.6657579165650439
R2_F1,2,761,0,0.3508477927986428
R2_F1,2,770,0,0.35499585417680785
R2_F1,2,774,1,0.8366300979932174
R2_F1,2,775,1,0.8884652488997075
R2_F1,2,785,1,0.4720383849092406
R2_F1,2,787,0,0.5117058596483998
R2_F1,2,793,0,0.7234180820167248
R2_F1,2,796,0,0.4699887174443205
R2_F1,2,798,1,0.8090021834813891
R2_F1,3,4,0,0.2157060358290728
R2_F1,3,7,0,0.049576518522322255
R2_F1,3,9,1,0.8109510560736451
R2_F1,3,12,0,0.7393821880659255
R2_F1,3,15,0,0.2111436904147603
R2_F1,3,19,0,0.10294870256043404
R2_F1,3,23,0,0.34453095371424486
R2_F1,3,27,0,0.7058649333861626
R2_F1,3,33,1,0.5303888805702212
R2_F1,3,37,1,0.53883211922249
R2_F1,3,38,0,0.10667667423515385
R2_F1,3,55,0,0.1304477315181982
R2_F1,3,57,0,0.4710916734813066
R2_F1,3,60,1,0.6242703875995862
R2_F1,3,62,1,0.6864838780419179
R2_F1,3,65,1,0.08389903084525392
R2_F1,3,69,0,0.08064742367914364
R2_F1,3,70,1,0.8031044744745165
R2_F1,3,79,0,0.13972563833292406
R2_F1,3,83,1,0.4908195292689344
R2_F1,3,91,1,0.6270302237017117
R2_F1,3,105,0,0.6593579018893527
R2_F1,3,108,0,0.3143721882987909
R2_F1,3,119,0,0.0508227005211269
R2_F1,3,121,0,0.022934830457812888
R2_F1,3,128,0,0.4552274750105681
R2_F1,3,131,0,0.20436212449049984
R2_F1,3,137,0,0.2445841251851709
R2_F1,3,143,0,0.5913408107573771
R2_F1,3,145,0,0.09051188405546395
R2_F1,3,149,1,0.43041519904665065
R2_F1,3,151,0,0.05290164013897061
R2_F1,3,159,1,0.6894704898005081
R2_F1,3,161,0,0.6745802474142547
R2_F1,3,168,0,0.04393481506520097
R2_F1,3,169,0,0.014076294055155229
R2_F1,3,170,1,0.6399132158818243
R2_F1,3,177,0,0.7307967803481054
R2_F1,3,180,0,0.07625216425629912
R2_F1,3,183,1,0.5748486809435281
R2_F1,3,186,1,0.3895456400875541
R2_F1,3,190,1,0.5959479259505579
R2_F1,3,199,0,0.47602372697960055
R2_F1,3,205,0,0.6392406265623861
R2_F1,3,216,1,0.31241312501420593
R2_F1,3,220,1,0.8259981279696526
R2_F1,3,223,1,0.1567554056165628
R2_F1,3,228,0,0.867002603269451
R2_F1,3,237,0,0.28680412518167187
R2_F1,3,242,0,0.13822589359030926
R2_F1,3,249,0,0.4259387877256852
R2_F1,3,250,0,0.25759090559405334
R2_F1,3,259,0,0.4229801774557798
R2_F1,3,261,0,0.11546563764116553
R2_F1,3,263,0,0.24985562117499494
R2_F1,3,267,1,0.22088986020704585
R2_F1,3,269,1,0.596643806445759
R2_F1,3,270,0,0.5362680573078059
R2_F1,3,272,0,0.14989953221924643
R2_F1,3,276,1,0.28204395021487266
R2_F1,3,277,0,0.04047715380595308
R2_F1,3,278,1,0.6127183303944149
R2_F1,3,283,0,0.5464259723996231
R2_F1,3,290,0,0.11365843503194815
R2_F1,3,293,0,0.33092816091595895
R2_F1,3,295,0,0.2738071980820846
R2_F1,3,297,0,0.04462872804672533
R2_F1,3,299,1,0.5640761092324719
R2_F1,3,300,0,0.22116286706236354
R2_F1,3,303,0,0.12435101082585615
R2_F1,3,314,0,0.4241418768086909
R2_F1,3,328,0,0.38568150985176985
R2_F1,3,329,0,0.15851011899791126
R2_F1,3,330,0,0.11091764960872989
R2_F1,3,331,0,0.3374084917112606
R2_F1,3,338,0,0.042067922845807244
R2_F1,3,347,0,0.11838075325143645
R2_F1,3,350,1,0.7302131428331551
R2_F1,3,356,0,0.17385867708253724
R2_F1,3,359,0,0.4065714852519377
R2_F1,3,360,0,0.17826635517849357
R2_F1,3,363,0,0.6290139850267219
R2_F1,3,364,0,0.3250726048928108
R2_F1,3,372,1,0.48343177230854745
R2_F1,3,373,1,0.8048930143250793
R2_F1,3,374,0,0.1514249206485809
R2_F1,3,377,0,0.31295254201824135
R2_F1,3,382,0,0.07085394422919086
R2_F1,3,397,1,0.7592000127877379
R2_F1,3,399,0,0.1542911176842154
R2_F1,3,402,0,0.07363176018493023
R2_F1,3,405,1,0.6473600994175265
R2_F1,3,407,0,0.5584613305159978
R2_F1,3,417,0,0.34996135457511784
R2_F1,3,419,0,0.015576359078784574
R2_F1,3,436,0,0.12275953039304253
R2_F1,3,438,1,0.7227863877393684
R2_F1,3,449,1,0.48415508999503026
R2_F1,3,451,1,0.5633882610234288
R2_F1,3,454,1,0.6560629967591111
R2_F1,3,457,0,0.11645938476920624
R2_F1,3,470,0,0.28976498441613663
R2_F1,3,472,0,0.18107045494165439
R2_F1,3,474,1,0.7348394041385036
R2_F1,3,477,0,0.21693855834334222
R2_F1,3,478,0,0.15699269264332835
R2_F1,3,479,1,0.5225823288708625
R2_F1,3,480,1,0.7782078986019343
R2_F1,3,483,0,0.8049561080170519
R2_F1,3,490,1,0.25946945142333183
R2_F1,3,492,0,0.6323892358605867
R2_F1,3,496,1,0.39477964862382153
R2_F1,3,497,1,0.3194662499568836
R2_F1,3,500,0,0.029314538439622992
R2_F1,3,511,1,0.2020511926309899
R2_F1,3,526,0,0.8464729085690007
R2_F1,3,527,0,0.5135699246813793
R2_F1,3,530,0,0.5510859059084909
R2_F1,3,532,0,0.6992023534560481
R2_F1,3,534,0,0.11832572829225708
R2_F1,3,543,0,0.2843671590079073
R2_F1,3,544,0,0.054994600320405006
R2_F1,3,545,0,0.21642959678166104
R2_F1,3,551,0,0.4607212289032943
R2_F1,3,555,0,0.056129399752196135
R2_F1,3,562,0,0.23462380682714978
R2_F1,3,588,0,0.65454340152733
R2_F1,3,591,0,0.8079131101239422
R2_F1,3,608,0,0.5277237357227473
R2_F1,3,612,0,0.3252400610237745
R2_F1,3,624,0,0.27762787300751374
R2_F1,3,628,0,0.03694974079147642
R2_F1,3,631,1,0.13812113471917523
R2_F1,3,637,0,0.013852287418023218
R2_F1,3,647,1,0.6415551317863156
R2_F1,3,648,0,0.7560483386314668
R2_F1,3,659,1,0.3592181917730404
R2_F1,3,674,0,0.19326422333267956
R2_F1,3,682,0,0.1047199920981939
R2_F1,3,692,0,0.6439384753184617
R2_F1,3,697,0,0.33763785121898726
R2_F1,3,698,1,0.5963508954570697
R2_F1,3,699,0,0.06930842674355474
R2_F1,3,707,0,0.30205524915193516
R2_F1,3,722,0,0.6771000173120894
R2_F1,3,724,0,0.34592301971359535
R2_F1,3,731,1,0.5889286805441676
R2_F1,3,736,1,0.48591163678559895
R2_F1,3,749,0,0.07326553889993115
R2_F1,3,752,0,0.025619411876077705
R2_F1,3,753,0,0.36610015500346416
R2_F1,3,759,1,0.5960324962880337
R2_F1,3,763,1,0.7224184433577766
R2_F1,3,766,1,0.1499976160347855
R2_F1,3,768,0,0.5376902654105459
R2_F1,3,778,0,0.11294155820547384
R2_F1,3,780,1,0.157619398238623
R2_F1,3,781,1,0.7897064209418115
R2_F1,3,786,0,0.07468057384709938
R2_F1,3,791,0,0.31164642457244635
R2_F1,4,6,0,0.4879699695031139
R2_F1,4,11,1,0.34450849229163966
R2_F1,4,16,0,0.10224108632512165
R2_F1,4,17,0,0.20013325751642022
R2_F1,4,18,0,0.1576453797179603
R2_F1,4,20,0,0.03329781776992088
R2_F1,4,21,0,0.27955739420125786
R2_F1,4,28,0,0.3629237878379305
R2_F1,4,29,0,0.03890749435103224
R2_F1,4,50,1,0.8423709225022938
R2_F1,4,54,0,0.4270500096544556
R2_F1,4,58,0,0.03069357296251601
R2_F1,4,59,0,0.37163228970310014
R2_F1,4,61,0,0.17836893983784874
R2_F1,4,73,0,0.035771279202186694
R2_F1,4,75,0,0.24274990032433563
R2_F1,4,86,0,0.45157900365384407
R2_F1,4,95,1,0.35199871243218167
R2_F1,4,96,0,0.23067148942936241
R2_F1,4,106,1,0.8285971117350924
R2_F1,4,109,0,0.4848706506919447
R2_F1,4,114,0,0.3185822579913172
R2_F1,4,116,0,0.822243005279104
R2_F1,4,120,0,0.4959626502082833
R2_F1,4,122,0,0.10554829099992412
R2_F1,4,124,0,0.7630142484252039
R2_F1,4,129,0,0.00813291535733921
R2_F1,4,136,0,0.3154730130542451
R2_F1,4,152,1,0.41281915472010455
R2_F1,4,158,1,0.4064396735317491
R2_F1,4,164,0,0.08749952486798333
R2_F1,4,173,0,0.6940248981318872
R2_F1,4,174,0,0.6356051786515313
R2_F1,4,191,1,0.3659415349795518
R2_F1,4,192,1,0.4227094191023392
R2_F1,4,197,1,0.6421180768326771
R2_F1,4,198,0,0.11913683466644143
R2_F1,4,201,0,0.09920871446945496
R2_F1,4,209,0,0.04692128180504513
R2_F1,4,211,0,0.43158093309605555
R2_F1,4,213,0,0.04888837564925156
R2_F1,4,217,0,0.07605521298781154
R2_F1,4,222,0,0.13680490514620944
R2_F1,4,225,0,0.18054067310075272
R2_F1,4,240,0,0.23149630131796772
R2_F1,4,243,1,0.7077391811390049
R2_F1,4,248,1,0.37861093040086985
R2_F1,4,252,1,0.5994707895049635
R2_F1,4,254,0,0.24306971337461905
R2_F1,4,255,0,0.3123157065392509
R2_F1,4,262,0,0.6505932026830529
R2_F1,4,266,1,0.8088692550638116
R2_F1,4,268,0,0.45481649159206655
R2_F1,4,284,0,0.10193857304937053
R2_F1,4,288,0,0.09492216801820928
R2_F1,4,289,0,0.046074309303522167
R2_F1,4,291,0,0.1396179882348926
R2_F1,4,302,0,0.24849567060324826
R2_F1,4,304,0,0.6566397500546722
R2_F1,4,307,0,0.42269591659427497
R2_F1,4,310,0,0.4924016057668692
R2_F1,4,312,1,0.45888792228074254
R2_F1,4,327,0,0.5433961689267213
R2_F1,4,332,0,0.09717185368388521
R2_F1,4,334,0,0.13587580874597385
R2_F1,4,337,1,0.3417983088825987
R2_F1,4,339,1,0.8108140019325671
R2_F1,4,340,0,0.3556835890010226
R2_F1,4,344,0,0.07571730576817208
R2_F1,4,346,1,0.5405402835087657
R2_F1,4,354,0,0.07997367689641044
R2_F1,4,355,0,0.11298691141372301
R2_F1,4,365,0,0.25922055447486697
R2_F1,4,368,0,0.3213759121417652
R2_F1,4,378,0,0.4113276193797372
R2_F1,4,379,0,0.7954829214598748
R2_F1,4,385,0,0.3406151383911073
R2_F1,4,389,0,0.06681063094004308
R2_F1,4,390,0,0.107722466617187
R2_F1,4,392,1,0.3093107543416949
R2_F1,4,394,0,0.0908183384024213
R2_F1,4,403,0,0.19519802262881022
R2_F1,4,406,0,0.12658845964543006
R2_F1,4,408,0,0.12137986911265271
R2_F1,4,413,0,0.03910204412958953
R2_F1,4,414,0,0.17473179575332018
R2_F1,4,415,1,0.5889045252698981
R2_F1,4,424,0,0.14004552309866125
R2_F1,4,425,0,0.1460759636874507
R2_F1,4,428,0,0.420979439556967
R2_F1,4,435,1,0.7476474596458716
R2_F1,4,441,0,0.1722997454755892
R2_F1,4,442,1,0.426624020809179
R2_F1,4,443,0,0.40968113464505906
R2_F1,4,447,1,0.34010117251859234
R2_F1,4,450,0,0.4655087071378892
R2_F1,4,452,1,0.38111326306187676
R2_F1,4,463,1,0.8073245537027921
R2_F1,4,465,0,0.35098358278367403
R2_F1,4,469,0,0.2513776019600557
R2_F1,4,473,0,0.4348906004275146
R2_F1,4,475,1,0.5671559010319879
R2_F1,4,485,1,0.6128229532156475
R2_F1,4,486,0,0.10230154563476457
R2_F1,4,493,0,0.24177746178433157
R2_F1,4,498,0,0.7375800121895497
R2_F1,4,499,1,0.3612184282292044
R2_F1,4,501,1,0.35339441550857614
R2_F1,4,504,1,0.7769928496476196
R2_F1,4,507,1,0.8401433423497187
R2_F1,4,512,0,0.0638849168454365
R2_F1,4,514,1,0.3378210410182336
R2_F1,4,517,1,0.5141825342143481
R2_F1,4,521,1,0.3750012796700273
R2_F1,4,533,1,0.5954289740657183
R2_F1,4,539,0,0.23636248284575476
R2_F1,4,548,0,0.24643184064865797
R2_F1,4,549,0,0.575814085759355
R2_F1,4,557,0,0.1078072240736937
R2_F1,4,558,0,0.15640735046525497
R2_F1,4,564,0,0.7202302073665678
R2_F1,4,581,1,0.8504845773290506
R2_F1,4,593,0,0.5403024648520028
R2_F1,4,595,1,0.5062174716253285
R2_F1,4,596,0,0.04357267744545004
R2_F1,4,601,1,0.11954489640705941
R2_F1,4,602,1,0.6543005832398701
R2_F1,4,603,0,0.06098565314945187
R2_F1,4,609,0,0.1302786523864511
R2_F1,4,611,0,0.015405663507886358
R2_F1,4,617,0,0.18295571015912437
R2_F1,4,625,0,0.12632877002530665
R2_F1,4,636,0,0.45642022989931713
R2_F1,4,638,0,0.38905361981198344
R2_F1,4,642,0,0.7081008550137198
R2_F1,4,644,0,0.3475359395097289
R2_F1,4,646,1,0.6986468857160228
R2_F1,4,651,0,0.8731976481183085
R2_F1,4,658,1,0.6631770072414728
R2_F1,4,663,0,0.2972872662062956
R2_F1,4,665,1,0.7837007020272381
R2_F1,4,666,0,0.23705429190787744
R2_F1,4,683,1,0.5916210739986772
R2_F1,4,686,1,0.6593803003272233
R2_F1,4,701,0,0.22325279028625197
R2_F1,4,704,1,0.634492893326163
R2_F1,4,709,0,0.32480906794228726
R2_F1,4,714,0,0.10715869685293038
R2_F1,4,720,0,0.416504328116325
R2_F1,4,721,0,0.2478050246927881
R2_F1,4,728,1,0.41108413834243634
R2_F1,4,738,0,0.5732954376472773
R2_F1,4,744,1,0.5843518647555977
R2_F1,4,765,0,0.5966149819660691
R2_F1,4,767,0,0.5914139768523232
R2_F1,4,769,1,0.3629539649920664
R2_F1,4,777,0,0.24977805562014346
R2_F1,4,782,1,0.3599062801115047
R2_F1,4,797,0,0.1830983713625065
R2_F1,4,799,0,0.2818489584689596
R2_F1,5,5,0,0.1377959362051365
R2_F1,5,14,1,0.8530541060193627
R2_F1,5,24,0,0.08838689922717374
R2_F1,5,30,0,0.426132413018157
R2_F1,5,32,0,0.4425919749924618
R2_F1,5,34,0,0.35548679786417664
R2_F1,5,36,0,0.3936312900143266
R2_F1,5,39,0,0.16824031219793664
R2_F1,5,40,0,0.506519842025355
R2_F1,5,44,0,0.25566507841426284
R2_F1,5,63,0,0.3671883487635808
R2_F1,5,66,0,0.126384027102508
R2_F1,5,67,0,0.21456768704948226
R2_F1,5,71,0,0.4106806970802199
R2_F1,5,74,0,0.3453745314702919
R2_F1,5,80,0,0.7298886426330333
R2_F1,5,81,0,0.16037458571235277
R2_F1,5,89,0,0.55024666995688
R2_F1,5,90,0,0.6287966970369999
R2_F1,5,92,0,0.2600650919600122
R2_F1,5,93,0,0.027242788843449366
R2_F1,5,98,0,0.16707645579174346
R2_F1,5,100,1,0.24597602419791612
R2_F1,5,103,0,0.26530203737263286
R2_F1,5,107,0,0.2962518247392428
R2_F1,5,111,0,0.1491529811047566
R2_F1,5,113,0,0.09973931524090378
R2_F1,5,118,0,0.5428099147468125
R2_F1,5,123,0,0.04575020055369963
R2_F1,5,126,0,0.4491202766467743
R2_F1,5,141,1,0.6697910332137323
R2_F1,5,144,0,0.11648440373695286
R2_F1,5,147,1,0.5169695135303888
R2_F1,5,148,1,0.4989360606613579
R2_F1,5,155,1,0.6445161254787121
R2_F1,5,157,1,0.45174549273021025
R2_F1,5,166,0,0.051563109454266474
R2_F1,5,187,0,0.14005705590690068
R2_F1,5,206,0,0.06781805301640341
R2_F1,5,219,0,0.740237670276362
R2_F1,5,221,0,0.0501002917594555
R2_F1,5,226,0,0.011278584759245132
R2_F1,5,227,0,0.4432861057346133
R2_F1,5,229,0,0.7383315671637266
R2_F1,5,231,0,0.1871790558513791
R2_F1,5,232,1,0.5510152140303181
R2_F1,5,235,0,0.4468670009065539
R2_F1,5,236,0,0.3063529846073311
R2_F1,5,241,0,0.15604582675592635
R2_F1,5,245,0,0.392599397690304
R2_F1,5,246,0,0.11053080395385446
R2_F1,5,247,0,0.08284400328298587
R2_F1,5,251,0,0.36163126268433016
R2_F1,5,256,1,0.8134751727911866
R2_F1,5,257,1,0.6558313269623535
R2_F1,5,258,0,0.42996597415560883
R2_F1,5,260,0,0.12828962674324937
R2_F1,5,265,1,0.1522788011291966
R2_F1,5,279,1,0.6710715692099348
R2_F1,5,281,0,0.15444419895307362
R2_F1,5,285,0,0.36697739827498105
R2_F1,5,286,0,0.21266572472717993
R2_F1,5,287,1,0.6959340288483983
R2_F1,5,292,0,0.1543858131171322
R2_F1,5,308,0,0.7397434819398967
R2_F1,5,311,0,0.5370250301099068
R2_F1,5,313,0,0.11675315695406603
R2_F1,5,316,0,0.4157367540050371
R2_F1,5,317,0,0.20802350524314406
R2_F1,5,333,0,0.46098711386580943
R2_F1,5,342,1,0.10737248338733578
R2_F1,5,343,0,0.22653714591300741
R2_F1,5,351,0,0.06790857838836037
R2_F1,5,352,0,0.07303158767677738
R2_F1,5,353,1,0.26550477887499385
R2_F1,5,361,0,0.2233618243589326
R2_F1,5,367,0,0.28466705040153123
R2_F1,5,371,0,0.0626049049315119
R2_F1,5,381,0,0.17353549652950975
R2_F1,5,386,0,0.04388351856569506
R2_F1,5,393,1,0.8168510990876977
R2_F1,5,409,0,0.24708644531000593
R2_F1,5,411,1,0.34109347833265186
R2_F1,5,418,0,0.14187182844353555
R2_F1,5,423,0,0.11609891795158245
R2_F1,5,430,1,0.38566086984801634
R2_F1,5,444,0,0.536304514853445
R2_F1,5,446,1,0.5622628485016444
R2_F1,5,459,0,0.6880872581614286
R2_F1,5,461,0,0.34781865641076815
R2_F1,5,464,1,0.3238986898739468
R2_F1,5,468,1,0.616869435117494
R2_F1,5,476,1,0.2900480137929
R2_F1,5,487,1,0.6456140036971013
R2_F1,5,488,0,0.49412457729645914
R2_F1,5,509,0,0.2954842037268852
R2_F1,5,522,0,0.041769467826983854
R2_F1,5,523,0,0.6374536115739539
R2_F1,5,528,1,0.5867078389040474
R2_F1,5,535,0,0.1278629819417879
R2_F1,5,537,0,0.10640081048258702
R2_F1,5,550,0,0.2626402422710798
R2_F1,5,554,0,0.168779334190683
R2_F1,5,556,0,0.12081819894757952
R2_F1,5,565,0,0.27146352277484787
R2_F1,5,566,1,0.7065392829109584
R2_F1,5,568,0,0.24256663776482945
R2_F1,5,571,1,0.8869969242334479
R2_F1,5,574,0,0.1301597198919537
R2_F1,5,575,0,0.383533382648338
R2_F1,5,576,1,0.4585182884246766
R2_F1,5,577,1,0.6305414961857515
R2_F1,5,579,0,0.07139430893313749
R2_F1,5,582,0,0.18445745240664072
R2_F1,5,587,1,0.6525066002663419
R2_F1,5,592,0,0.6201790185992601
R2_F1,5,605,1,0.3773155646019429
R2_F1,5,610,0,0.1781437836885246
R2_F1,5,613,1,0.8322851953096227
R2_F1,5,616,0,0.2592448513307236
R2_F1,5,620,1,0.29986477451165044
R2_F1,5,621,0,0.033535187928338976
R2_F1,5,626,0,0.026170244327320125
R2_F1,5,632,0,0.19103614847927122
R2_F1,5,640,0,0.13493128190271794
R2_F1,5,654,1,0.5440968411136187
R2_F1,5,656,0,0.1809287980146003
R2_F1,5,661,0,0.3271249791791386
R2_F1,5,664,1,0.3072556234340907
R2_F1,5,667,0,0.2763492781345181
R2_F1,5,668,0,0.176881637117183
R2_F1,5,673,0,0.2936017767814311
R2_F1,5,675,1,0.3446491454865918
R2_F1,5,677,0,0.011457016446747015
R2_F1,5,678,1,0.8809454212838955
R2_F1,5,685,0,0.041646369972885816
R2_F1,5,690,0,0.13588018698205317
R2_F1,5,693,0,0.15868174440306726
R2_F1,5,694,0,0.4967160159524286
R2_F1,5,700,0,0.19577682132490815
R2_F1,5,705,0,0.21284379800130013
R2_F1,5,706,1,0.8627861536928556
R2_F1,5,710,0,0.02882433490627054
R2_F1,5,711,0,0.1121069055144515
R2_F1,5,715,1,0.6742248871066675
R2_F1,5,716,1,0.362778207816066
R2_F1,5,726,0,0.06775963055174387
R2_F1,5,727,1,0.6283671248892223
R2_F1,5,732,0,0.5448939609948941
R2_F1,5,734,1,0.7905506646360023
R2_F1,5,747,1,0.8757073547082728
R2_F1,5,755,1,0.6985355079108401
R2_F1,5,757,1,0.04188438249476453
R2_F1,5,762,0,0.13314038598861416
R2_F1,5,764,0,0.041529376063491365
R2_F1,5,773,0,0.3597112167654666
R2_F1,5,776,0,0.13196262798067301
R2_F1,5,784,0,0.4210362440468112
R2_F1,5,790,0,0.6738420960910876
R2_F1,5,792,0,0.419119915727243
R2_F2,1,10,1,0.6522307498805059
R2_F2,1,11,0,0.03542441435812063
R2_F2,1,12,0,0.8276036140886299
R2_F2,1,17,0,0.18622786668581548
R2_F2,1,18,0,0.2880830777608685
R2_F2,1,20,1,0.8926270429340253
R2_F2,1,22,0,0.3589863096756349
R2_F2,1,24,0,0.7251361447311808
R2_F2,1,28,0,0.4808089900534682
R2_F2,1,32,0,0.11840315388197313
R2_F2,1,34,0,0.48911308952176263
R2_F2,1,38,0,0.5145814773048578
R2_F2,1,50,0,0.619978316668597
R2_F2,1,59,0,0.5764356643209587
R2_F2,1,62,0,0.045831148528191236
R2_F2,1,65,0,0.16553938851076042
R2_F2,1,69,0,0.14510873860812104
R2_F2,1,75,1,0.298439940866304
R2_F2,1,77,0,0.3963281176950347
R2_F2,1,79,0,0.3783473750450028
R2_F2,1,80,0,0.4277935579414207
R2_F2,1,87,1,0.5318713104846414
R2_F2,1,91,0,0.5570241587801791
R2_F2,1,101,0,0.6745169054587891
R2_F2,1,104,0,0.4306635416693074
R2_F2,1,109,0,0.5530670914731753
R2_F2,1,114,0,0.7809793341331992
R2_F2,1,120,0,0.7190004728016931
R2_F2,1,143,1,0.40912154753504737
R2_F2,1,145,1,0.06521931886792541
R2_F2,1,148,0,0.07174276447936372
R2_F2,1,162,0,0.08929557259083754
R2_F2,1,165,0,0.049592455720309035
R2_F2,1,168,0,0.8454982279824451
R2_F2,1,170,0,0.5641525536172026
R2_F2,1,178,0,0.8302212674675502
R2_F2,1,182,0,0.012106566072084601
R2_F2,1,184,0,0.0717738076203023
R2_F2,1,197,0,0.1261133944548449
R2_F2,1,200,1,0.654932308897494
R2_F2,1,208,1,0.40343607871100223
R2_F2,1,212,0,0.13329697081445882
R2_F2,1,219,0,0.12376528208445191
R2_F2,1,220,0,0.05802871320073564
R2_F2,1,225,0,0.6351517697371692
R2_F2,1,226,0,0.48310903715470305
R2_F2,1,229,0,0.04585272068857177
R2_F2,1,250,0,0.5611906288564023
R2_F2,1,252,0,0.2696955606158915
R2_F2,1,270,0,0.7454419385795421
R2_F2,1,273,0,0.5275391346546235
R2_F2,1,278,0,0.0771716630394686
R2_F2,1,280,0,0.17739677375537558
R2_F2,1,282,0,0.23603133743924334
R2_F2,1,285,1,0.18771429877396462
R2_F2,1,288,0,0.14422891405493218
R2_F2,1,292,0,0.6357579412619445
R2_F2,1,297,0,0.5903337024719332
R2_F2,1,298,1,0.7707011123158519
R2_F2,1,302,0,0.27202654669519755
R2_F2,1,305,0,0.5669900615435957
R2_F2,1,306,0,0.40991417100026856
R2_F2,1,307,0,0.2131860785612222
R2_F2,1,309,0,0.3556331125372825
R2_F2,1,310,0,0.20484326839529607
R2_F2,1,312,0,0.6217383071548473
R2_F2,1,319,0,0.3125136651439995
R2_F2,1,320,1,0.5135006129029349
R2_F2,1,321,0,0.009433449302426863
R2_F2,1,322,0,0.2494810162146436
R2_F2,1,327,1,0.3898873716610172
R2_F2,1,334,1,0.3186599937441424
R2_F2,1,339,1,0.45504920467723786
R2_F2,1,351,1,0.8321846082309694
R2_F2,1,356,0,0.04423978604428208
R2_F2,1,367,0,0.5061530417926782
R2_F2,1,369,0,0.04597683789226032
R2_F2,1,390,0,0.1310273339075646
R2_F2,1,391,0,0.15324941714414125
R2_F2,1,393,1,0.7146926261372486
R2_F2,1,395,0,0.4086252323477655
R2_F2,1,399,0,0.14025764826964937
R2_F2,1,401,1,0.1188050672151289
R2_F2,1,406,0,0.40592469584930724
R2_F2,1,408,0,0.09611591113909701
R2_F2,1,413,0,0.06899061864552813
R2_F2,1,419,0,0.35784760344017874
R2_F2,1,420,0,0.6614266240346394
R2_F2,1,421,1,0.5056440402080986
R2_F2,1,425,0,0.33978707802656
R2_F2,1,427,0,0.45775493359187464
R2_F2,1,429,1,0.26311143989271774
R2_F2,1,431,1,0.7827959359353027
R2_F2,1,454,0,0.14757533977985102
R2_F2,1,458,0,0.23773852481234184
R2_F2,1,459,1,0.775520528028407
R2_F2,1,464,1,0.7296356751897134
R2_F2,1,467,1,0.15737084522409045
R2_F2,1,479,1,0.2734428473956115
R2_F2,1,480,0,0.08519611724598401
R2_F2,1,484,1,0.5958146005533557
R2_F2,1,485,1,0.42609487642735644
R2_F2,1,500,0,0.5594444818962158
R2_F2,1,501,1,0.8015574151485314
R2_F2,1,512,0,0.8119494784325902
R2_F2,1,515,1,0.7816945017976323
R2_F2,1,516,0,0.8826100540157021
R2_F2,1,521,1,0.7951836140810844
R2_F2,1,524,0,0.5302112315450613
R2_F2,1,529,0,0.23981834808829003
R2_F2,1,538,0,0.6679825946497502
R2_F2,1,543,0,0.39538818031266737
R2_F2,1,545,0,0.06808769397124083
R2_F2,1,550,0,0.342708973560621
R2_F2,1,552,0,0.20615231344321172
R2_F2,1,554,0,0.0840266728097911
R2_F2,1,566,0,0.34320440251108364
R2_F2,1,568,0,0.4172866503936456
R2_F2,1,569,1,0.8245114800993533
R2_F2,1,575,0,0.16940183215516766
R2_F2,1,579,1,0.7321088678403979
R2_F2,1,584,1,0.7323873368322319
R2_F2,1,586,0,0.22939670485303978
R2_F2,1,605,1,0.8402194232138456
R2_F2,1,616,0,0.08797840674876316
R2_F2,1,618,0,0.08787192972065146
R2_F2,1,622,1,0.7927437002134704
R2_F2,1,626,0,0.4502897161256815
R2_F2,1,631,1,0.7288680681337626
R2_F2,1,645,0,0.6476850071300536
R2_F2,1,650,0,0.24364058871527536
R2_F2,1,655,0,0.07634571109579878
R2_F2,1,656,0,0.07955569985675097
R2_F2,1,658,1,0.636945924931914
R2_F2,1,662,0,0.2472362961984036
R2_F2,1,676,1,0.6243786546854687
R2_F2,1,680,1,0.19595739920370106
R2_F2,1,686,0,0.10431309685157016
R2_F2,1,692,0,0.04345158247373824
R2_F2,1,698,0,0.7121200157997873
R2_F2,1,703,0,0.3493869789516051
R2_F2,1,706,1,0.6412438195830819
R2_F2,1,708,0,0.05094032392169113
R2_F2,1,709,0,0.20931506734581928
R2_F2,1,712,1,0.5099424317037328
R2_F2,1,726,0,0.14555606804519525
R2_F2,1,727,0,0.11043871753671082
R2_F2,1,738,1,0.5909047776190465
R2_F2,1,743,0,0.2729390981141213
R2_F2,1,744,0,0.19552072212980878
R2_F2,1,751,0,0.5548970769525147
R2_F2,1,753,1,0.20489200606304134
R2_F2,1,757,0,0.21239688566585394
R2_F2,1,763,0,0.45412911088565017
R2_F2,1,775,0,0.1454548347668149
R2_F2,1,777,0,0.19637524868271736
R2_F2,1,787,0,0.373176320253166
R2_F2,1,788,1,0.4080925631577545
R2_F2,1,791,0,0.19917911298605642
R2_F2,1,795,0,0.05906123090885823
R2_F2,2,0,1,0.6979409583895845
R2_F2,2,2,1,0.7742465835937494
R2_F2,2,9,0,0.3719647960786052
R2_F2,2,13,1,0.5956570917829587
R2_F2,2,16,0,0.277035122289345
R2_F2,2,26,0,0.3324944572696205
R2_F2,2,37,1,0.1398958743591748
R2_F2,2,39,0,0.3563278908919385
R2_F2,2,42,1,0.8871614632778386
R2_F2,2,47,0,0.2857037979043215
R2_F2,2,48,0,0.6217511610045786
R2_F2,2,52,0,0.2527550964614293
R2_F2,2,54,0,0.26992608772139187
R2_F2,2,58,0,0.1596607871566355
R2_F2,2,64,1,0.16073273920777395
R2_F2,2,66,1,0.9188093795782589
R2_F2,2,67,0,0.050543492857259405
R2_F2,2,76,1,0.5660798688149344
R2_F2,2,85,1,0.3489796021091048
R2_F2,2,97,1,0.115418097274956
R2_F2,2,99,0,0.11063709875388077
R2_F2,2,102,1,0.5132242757201798
R2_F2,2,103,0,0.2333779743933193
R2_F2,2,105,0,0.05504032459403374
R2_F2,2,110,0,0.2988479348234177
R2_F2,2,111,0,0.21409419706577362
R2_F2,2,112,1,0.5571181542023288
R2_F2,2,113,0,0.06964430735265068
R2_F2,2,117,0,0.03510108095871263
R2_F2,2,122,1,0.7638896692677858
R2_F2,2,123,0,0.3992749157468216
R2_F2,2,125,1,0.4209595559783778
R2_F2,2,127,0,0.16377523552089515
R2_F2,2,128,1,0.5708551812179518
R2_F2,2,134,0,0.47735243975981523
R2_F2,2,144,0,0.7232752359304282
R2_F2,2,151,0,0.056712151096319996
R2_F2,2,155,0,0.07509062225213571
R2_F2,2,171,0,0.5652049447360897
R2_F2,2,175,1,0.5184459616835407
R2_F2,2,176,1,0.46704485496885834
R2_F2,2,177,1,0.04590229324695418
R2_F2,2,181,0,0.43671139412110477
R2_F2,2,188,0,0.16907093080523597
R2_F2,2,189,0,0.22642794392454832
R2_F2,2,193,0,0.561108152246563
R2_F2,2,201,0,0.11146669742704533
R2_F2,2,203,0,0.337595456326147
R2_F2,2,204,0,0.616802696304953
R2_F2,2,205,0,0.4518218217295324
R2_F2,2,207,0,0.05004195484434789
R2_F2,2,210,1,0.28845590922598197
R2_F2,2,224,0,0.8803334537314124
R2_F2,2,236,0,0.10164457659650328
R2_F2,2,245,0,0.34020794590664355
R2_F2,2,248,1,0.7082383058002552
R2_F2,2,251,0,0.4551238826906634
R2_F2,2,267,1,0.6027108103687544
R2_F2,2,274,0,0.5438488606382643
R2_F2,2,293,1,0.6482545966388852
R2_F2,2,294,0,0.31458882138200217
R2_F2,2,299,0,0.05862550154373133
R2_F2,2,303,0,0.6671592167404605
R2_F2,2,317,0,0.4287300121600304
R2_F2,2,330,1,0.6699501265975991
R2_F2,2,332,0,0.2497763143283208
R2_F2,2,344,1,0.6320012525562098
R2_F2,2,353,0,0.17335260563893795
R2_F2,2,358,0,0.17901989172965604
R2_F2,2,359,0,0.29036999650669637
R2_F2,2,360,1,0.21552388708705048
R2_F2,2,363,0,0.7706974549690715
R2_F2,2,364,0,0.5854251390691854
R2_F2,2,365,0,0.18978258634732026
R2_F2,2,370,1,0.4711077093368589
R2_F2,2,371,1,0.4648569884106201
R2_F2,2,379,0,0.7699480798707742
R2_F2,2,382,0,0.0661348297345314
R2_F2,2,383,1,0.17231160690366187
R2_F2,2,387,0,0.05596150089554234
R2_F2,2,400,1,0.5213881157694141
R2_F2,2,405,0,0.17243821319353647
R2_F2,2,411,0,0.1977512825489135
R2_F2,2,417,0,0.009908516551856785
R2_F2,2,423,1,0.6744120797195489
R2_F2,2,424,0,0.28139904079797146
R2_F2,2,426,1,0.8334128650770869
R2_F2,2,428,1,0.34918777215575453
R2_F2,2,437,1,0.53111133904475
R2_F2,2,443,1,0.33998218800023655
R2_F2,2,446,1,0.5106065513569102
R2_F2,2,448,0,0.2687724010038282
R2_F2,2,452,1,0.681061466024226
R2_F2,2,455,0,0.24378780685314413
R2_F2,2,469,0,0.4186656244952631
R2_F2,2,471,1,0.6912680264458598
R2_F2,2,476,0,0.18750616731279868
R2_F2,2,477,1,0.4225325473967132
R2_F2,2,481,1,0.4354941086665855
R2_F2,2,486,0,0.5119597467495655
R2_F2,2,488,1,0.1642100963686907
R2_F2,2,491,1,0.5676553192488256
R2_F2,2,495,1,0.3512442127421209
R2_F2,2,509,0,0.5095164964356877
R2_F2,2,510,0,0.2491366184206548
R2_F2,2,511,1,0.47977332221333896
R2_F2,2,514,1,0.7575669151731826
R2_F2,2,517,1,0.2507023282234207
R2_F2,2,522,0,0.1868771629837942
R2_F2,2,532,0,0.7043781018543168
R2_F2,2,534,0,0.551840640218147
R2_F2,2,536,0,0.17619291254981606
R2_F2,2,537,0,0.1277620231278275
R2_F2,2,539,0,0.26551106533002256
R2_F2,2,540,0,0.31124626723662224
R2_F2,2,542,0,0.1662638344736222
R2_F2,2,549,0,0.37363227146561284
R2_F2,2,572,0,0.09807764214173076
R2_F2,2,580,0,0.13782255792037681
R2_F2,2,582,0,0.1836273840638216
R2_F2,2,597,0,0.0382132900717764
R2_F2,2,600,0,0.44054422177675945
R2_F2,2,609,1,0.09693925228841345
R2_F2,2,610,0,0.2096928072233882
R2_F2,2,612,0,0.17729990540755622
R2_F2,2,617,1,0.657674664274014
R2_F2,2,638,0,0.1837437340531954
R2_F2,2,641,0,0.1971084630746082
R2_F2,2,652,1,0.78165482424698
R2_F2,2,653,1,0.7542559769961789
R2_F2,2,654,0,0.777693737218364
R2_F2,2,670,0,0.35752406103544687
R2_F2,2,679,0,0.11981765819678412
R2_F2,2,684,1,0.3849419404288166
R2_F2,2,688,0,0.5292725942368222
R2_F2,2,689,0,0.03455443924554082
R2_F2,2,690,0,0.10230213462476156
R2_F2,2,691,1,0.5110745409962085
R2_F2,2,693,0,0.05017856586911059
R2_F2,2,695,1,0.6300690419940237
R2_F2,2,696,1,0.22027394543007772
R2_F2,2,704,0,0.8033227561374642
R2_F2,2,717,0,0.6417857070245491
R2_F2,2,718,0,0.030583469883898446
R2_F2,2,724,1,0.605936562296731
R2_F2,2,732,0,0.4062956050022768
R2_F2,2,733,0,0.3393859886945838
R2_F2,2,737,1,0.6989149608329371
R2_F2,2,742,1,0.5245571286467464
R2_F2,2,745,1,0.472647382136096
R2_F2,2,746,1,0.7958895213349363
R2_F2,2,759,0,0.5080512748101147
R2_F2,2,762,1,0.2516701563374747
R2_F2,2,780,1,0.8230977257080738
R2_F2,2,783,1,0.31054438327931744
R2_F2,2,784,1,0.7782040755032159
R2_F2,2,786,1,0.7038900400109765
R2_F2,2,792,0,0.09343956249194718
R2_F2,2,793,0,0.3993923648801618
R2_F2,2,798,1,0.747106499245791
R2_F2,3,1,0,0.6620738716996079
R2_F2,3,3,0,0.3612603656654789
R2_F2,3,5,0,0.06815927907992461
R2_F2,3,8,1,0.8525070056056799
R2_F2,3,30,1,0.6340447745809449
R2_F2,3,33,0,0.22663793100225024
R2_F2,3,36,0,0.2433604495224484
R2_F2,3,40,0,0.06512263551817453
R2_F2,3,41,1,0.737448735302532
R2_F2,3,44,0,0.11071915477700922
R2_F2,3,51,1,0.7005028636501255
R2_F2,3,55,1,0.09190843963327233
R2_F2,3,60,1,0.7560482614187679
R2_F2,3,61,0,0.49761438504268374
R2_F2,3,68,0,0.42227448506593124
R2_F2,3,70,0,0.35084447682337067
R2_F2,3,84,0,0.05416470408702619
R2_F2,3,86,0,0.14803070663446957
R2_F2,3,90,0,0.4572127858167998
R2_F2,3,92,1,0.4949236390920145
R2_F2,3,94,0,0.5861592080914274
R2_F2,3,119,0,0.06937813267721599
R2_F2,3,121,0,0.3632405658075113
R2_F2,3,131,0,0.655870835306851
R2_F2,3,136,1,0.6498478235606614
R2_F2,3,137,1,0.7725349261335803
R2_F2,3,139,1,0.6188893732261996
R2_F2,3,140,0,0.09329709313588719
R2_F2,3,141,1,0.4700473352529378
R2_F2,3,146,1,0.4616579076554072
R2_F2,3,147,1,0.4676532286858372
R2_F2,3,161,0,0.8004906709548907
R2_F2,3,163,1,0.6429109314643574
R2_F2,3,166,0,0.06799368498549471
R2_F2,3,169,0,0.3184164620734975
R2_F2,3,172,0,0.33984739742342834
R2_F2,3,173,0,0.11831440903610367
R2_F2,3,187,1,0.7656759350032026
R2_F2,3,191,0,0.055416975140613924
R2_F2,3,194,1,0.2571993150892248
R2_F2,3,196,1,0.7391045946096555
R2_F2,3,198,0,0.11761617636724986
R2_F2,3,202,0,0.09359771647047573
R2_F2,3,209,0,0.1292301688882399
R2_F2,3,211,0,0.08590600602253223
R2_F2,3,216,0,0.09350129988669759
R2_F2,3,222,0,0.37415398277932993
R2_F2,3,247,0,0.4665323762532525
R2_F2,3,249,1,0.8794077436327875
R2_F2,3,258,0,0.07170714446225464
R2_F2,3,262,1,0.7846181690954159
R2_F2,3,275,0,0.09673867462724915
R2_F2,3,276,0,0.15995042503358317
R2_F2,3,279,1,0.22991627359440334
R2_F2,3,281,0,0.0330116654999391
R2_F2,3,286,1,0.6739274530781681
R2_F2,3,287,0,0.657739804081486
R2_F2,3,289,0,0.584024109812772
R2_F2,3,295,0,0.05063768019184406
R2_F2,3,300,0,0.13767374167737337
R2_F2,3,301,0,0.4145587921696399
R2_F2,3,304,0,0.10008310165677826
R2_F2,3,308,0,0.4537776912963334
R2_F2,3,313,0,0.6937943749672345
R2_F2,3,333,0,0.1718718673642465
R2_F2,3,337,1,0.4391749834930283
R2_F2,3,340,0,0.3291487344066704
R2_F2,3,342,1,0.12754686795361406
R2_F2,3,343,0,0.0564951002349954
R2_F2,3,352,0,0.07056558169324283
R2_F2,3,354,0,0.10570992006819274
R2_F2,3,362,0,0.2647810241674015
R2_F2,3,366,1,0.7057445163312437
R2_F2,3,368,0,0.5187862031243492
R2_F2,3,375,1,0.4940663202008821
R2_F2,3,377,0,0.15915301784732452
R2_F2,3,381,0,0.18773348786413704
R2_F2,3,384,0,0.41606399698259344
R2_F2,3,386,0,0.28484401098094697
R2_F2,3,388,1,0.6674943372332391
R2_F2,3,389,0,0.07391158457842945
R2_F2,3,398,0,0.5517519003797938
R2_F2,3,430,0,0.09106345445397808
R2_F2,3,432,0,0.29409023576655274
R2_F2,3,433,1,0.6255324485520614
R2_F2,3,436,0,0.10883394929458469
R2_F2,3,441,1,0.6166680844303394
R2_F2,3,442,1,0.5497317196959789
R2_F2,3,444,1,0.4897298293032956
R2_F2,3,450,0,0.03919876825679624
R2_F2,3,457,0,0.164221310648769
R2_F2,3,468,0,0.10336843041052242
R2_F2,3,470,1,0.7494790384352825
R2_F2,3,474,1,0.3060094890882997
R2_F2,3,475,0,0.23678079465498436
R2_F2,3,478,1,0.6891507525699788
R2_F2,3,487,0,0.26001116346222536
R2_F2,3,496,0,0.07334358869823746
R2_F2,3,497,0,0.24268755428804303
R2_F2,3,498,0,0.2530998250536853
R2_F2,3,519,0,0.027477850479823162
R2_F2,3,520,0,0.6173522478680044
R2_F2,3,527,0,0.24605871480731678
R2_F2,3,531,0,0.5603203041699544
R2_F2,3,533,0,0.3107281007001664
R2_F2,3,535,1,0.23705061118973425
R2_F2,3,544,0,0.5577950733360967
R2_F2,3,551,0,0.38104375597061263
R2_F2,3,553,0,0.11471207834363649
R2_F2,3,558,1,0.3047089344507236
R2_F2,3,561,0,0.5237612346832471
R2_F2,3,564,1,0.6247254446183184
R2_F2,3,565,1,0.5762405516040966
R2_F2,3,590,0,0.12294189399298182
R2_F2,3,592,0,0.6959263317356411
R2_F2,3,593,0,0.0984936922934813
R2_F2,3,598,0,0.7194135509471278
R2_F2,3,602,1,0.7239424015132222
R2_F2,3,613,1,0.6218947977662206
R2_F2,3,614,0,0.6018000818690055
R2_F2,3,615,1,0.16848266839082046
R2_F2,3,619,0,0.1977108200088059
R2_F2,3,627,0,0.34747058116571156
R2_F2,3,629,0,0.07440321138179594
R2_F2,3,632,0,0.18630636424030744
R2_F2,3,634,0,0.04226903119989986
R2_F2,3,635,1,0.7207058465308552
R2_F2,3,642,0,0.2825979712392165
R2_F2,3,646,0,0.10814641001500735
R2_F2,3,649,1,0.4902472547532361
R2_F2,3,651,1,0.3133031857054424
R2_F2,3,660,0,0.506839354863459
R2_F2,3,666,0,0.5704547683912777
R2_F2,3,668,1,0.8669151350179906
R2_F2,3,674,0,0.13582238306176664
R2_F2,3,681,0,0.43352581352249486
R2_F2,3,685,0,0.008409777372982269
R2_F2,3,699,0,0.20807320556746456
R2_F2,3,700,0,0.060816799956760925
R2_F2,3,701,0,0.17884089756328383
R2_F2,3,705,0,0.2394483780030768
R2_F2,3,707,0,0.060231989759395
R2_F2,3,710,0,0.45661161187478
R2_F2,3,711,0,0.1442940131006213
R2_F2,3,728,0,0.08327692182239085
R2_F2,3,730,0,0.1963067924449574
R2_F2,3,731,0,0.10609566829916933
R2_F2,3,734,1,0.47282675993295104
R2_F2,3,736,0,0.10653061700753168
R2_F2,3,747,1,0.8222459153443906
R2_F2,3,748,0,0.5478397898772617
R2_F2,3,752,1,0.6664553338252027
R2_F2,3,755,0,0.043931952868688375
R2_F2,3,770,0,0.08938838076102247
R2_F2,3,772,0,0.5602438607410475
R2_F2,3,773,0,0.03961194071361746
R2_F2,3,776,1,0.08893467596667072
R2_F2,3,781,0,0.19754771026918436
R2_F2,3,782,0,0.11783677834041666
R2_F2,3,799,0,0.2925118189118419
R2_F2,4,7,1,0.8103542193828454
R2_F2,4,15,0,0.12057925670341853
R2_F2,4,19,0,0.10556291792575195
R2_F2,4,21,0,0.31971372311069357
R2_F2,4,31,0,0.15761165905758498
R2_F2,4,45,0,0.3800702916123835
R2_F2,4,46,1,0.3112854145554318
R2_F2,4,49,0,0.043405466393927505
R2_F2,4,63,0,0.10074318595557503
R2_F2,4,73,0,0.2298718745625472
R2_F2,4,74,0,0.09332365355153664
R2_F2,4,82,0,0.5469817182453551
R2_F2,4,83,1,0.3079481592897194
R2_F2,4,88,0,0.21217952431610299
R2_F2,4,89,1,0.4914892677937428
R2_F2,4,95,0,0.2729875521530064
R2_F2,4,96,0,0.031191770708548904
R2_F2,4,106,0,0.49958998974950536
R2_F2,4,108,0,0.05402419834124759
R2_F2,4,115,0,0.3734751163862949
R2_F2,4,116,0,0.016366378364583115
R2_F2,4,118,0,0.3169245034780871
R2_F2,4,129,0,0.07017239536863978
R2_F2,4,130,1,0.2044529363967805
R2_F2,4,142,0,0.5144619688080017
R2_F2,4,150,1,0.1531239622407376
R2_F2,4,152,1,0.7534871177035282
R2_F2,4,153,0,0.3578030591660772
R2_F2,4,157,0,0.07313634775132659
R2_F2,4,158,0,0.6371287588952003
R2_F2,4,164,1,0.42684605257641756
R2_F2,4,167,0,0.3790384557309208
R2_F2,4,174,0,0.4748551351212959
R2_F2,4,179,1,0.46860397007744714
R2_F2,4,183,1,0.6757189419745754
R2_F2,4,185,0,0.3529079698663253
R2_F2,4,186,1,0.7899575602200692
R2_F2,4,213,0,0.8194566430704757
R2_F2,4,215,1,0.8346562064100022
R2_F2,4,217,0,0.4685448289646173
R2_F2,4,218,1,0.10889885858079672
R2_F2,4,228,1,0.6642433050244847
R2_F2,4,232,0,0.48407782320660164
R2_F2,4,237,0,0.10460059666744657
R2_F2,4,238,1,0.3081940088563484
R2_F2,4,241,0,0.09073272214132934
R2_F2,4,242,1,0.6076681704314241
R2_F2,4,244,0,0.4782335711972298
R2_F2,4,246,0,0.23430003890262416
R2_F2,4,254,1,0.793113938631301
R2_F2,4,256,0,0.255534453382068
R2_F2,4,257,0,0.03276594509437384
R2_F2,4,259,0,0.108109334250018
R2_F2,4,260,0,0.2516269646510434
R2_F2,4,264,1,0.8484500367581091
R2_F2,4,265,1,0.21925911005634724
R2_F2,4,266,0,0.2661825657012454
R2_F2,4,269,0,0.6716284817665494
R2_F2,4,272,0,0.3329129619713223
R2_F2,4,311,0,0.6135174041125634
R2_F2,4,316,0,0.14573522013046894
R2_F2,4,323,0,0.06005022931981147
R2_F2,4,324,1,0.08572625699420121
R2_F2,4,325,1,0.8219825538060183
R2_F2,4,329,0,0.3749481590447404
R2_F2,4,331,0,0.2559074817041602
R2_F2,4,335,0,0.3186962796243926
R2_F2,4,336,0,0.1455172353940956
R2_F2,4,341,0,0.4477365210185702
R2_F2,4,345,0,0.18924909107387763
R2_F2,4,346,0,0.47059507187940847
R2_F2,4,347,0,0.5502989078463216
R2_F2,4,348,1,0.3515028334491948
R2_F2,4,349,1,0.5814240797868362
R2_F2,4,357,1,0.5275316671888535
R2_F2,4,374,1,0.40199324613581283
R2_F2,4,376,0,0.43253846866735435
R2_F2,4,378,0,0.2676380730418995
R2_F2,4,380,0,0.5483237130743651
R2_F2,4,385,0,0.12944290059029498
R2_F2,4,392,1,0.4330706539031481
R2_F2,4,404,0,0.13922773507155425
R2_F2,4,407,0,0.2581477182690641
R2_F2,4,410,0,0.3350942765789439
R2_F2,4,418,1,0.8295807980306269
R2_F2,4,438,0,0.43255683781857995
R2_F2,4,439,0,0.4182099051414549
R2_F2,4,440,1,0.40430613252362985
R2_F2,4,445,0,0.36484124279914826
R2_F2,4,447,0,0.4295546332168331
R2_F2,4,456,0,0.343116816590228
R2_F2,4,465,0,0.1889952488538412
R2_F2,4,466,0,0.3312436157463908
R2_F2,4,472,1,0.5187133934681135
R2_F2,4,473,1,0.8309734892568229
R2_F2,4,482,0,0.2486773350352701
R2_F2,4,483,0,0.15594882399276577
R2_F2,4,489,0,0.628501598584424
R2_F2,4,490,0,0.18589480441216968
R2_F2,4,492,0,0.19795686759940812
R2_F2,4,494,0,0.7638112145214938
R2_F2,4,503,1,0.4281726638940779
R2_F2,4,504,1,0.7160348229430055
R2_F2,4,505,0,0.2291228050618708
R2_F2,4,506,0,0.4216709043304954
R2_F2,4,508,1,0.7546015909292807
R2_F2,4,525,0,0.4169938794682035
R2_F2,4,526,1,0.7497366014137924
R2_F2,4,546,0,0.7908026704175338
R2_F2,4,548,0,0.28954167082426885
R2_F2,4,555,0,0.0564820680378473
R2_F2,4,556,0,0.14072042278005745
R2_F2,4,557,0,0.13025097797006055
R2_F2,4,559,1,0.5225124963222059
R2_F2,4,567,0,0.25031561286695075
R2_F2,4,574,0,0.17971430019395274
R2_F2,4,576,0,0.494466868571094
R2_F2,4,578,1,0.552021206163764
R2_F2,4,583,0,0.11178816335577753
R2_F2,4,596,0,0.5426007555432725
R2_F2,4,601,0,0.6805698556148232
R2_F2,4,607,1,0.1229244018594529
R2_F2,4,608,1,0.7185036904607376
R2_F2,4,611,1,0.40367070069281336
R2_F2,4,621,0,0.30053586107713465
R2_F2,4,623,0,0.277936049302342
R2_F2,4,625,0,0.15084875040942378
R2_F2,4,637,0,0.0675195826132291
R2_F2,4,643,0,0.35349325594410247
R2_F2,4,644,0,0.04143664727312613
R2_F2,4,647,0,0.024460655672805087
R2_F2,4,648,0,0.7802349728563841
R2_F2,4,657,0,0.8897311243318904
R2_F2,4,661,1,0.7706189868484369
R2_F2,4,664,1,0.2763784403234637
R2_F2,4,667,0,0.2903517148017094
R2_F2,4,671,1,0.25062171561243435
R2_F2,4,677,0,0.11729598500320564
R2_F2,4,687,1,0.8724540041432577
R2_F2,4,697,0,0.6158676134476134
R2_F2,4,714,1,0.90726016266997
R2_F2,4,719,0,0.44315833129845955
R2_F2,4,720,0,0.25010518361663736
R2_F2,4,721,0,0.048045992213629575
R2_F2,4,725,0,0.11078782547109174
R2_F2,4,729,0,0.40429582751382814
R2_F2,4,735,0,0.3274945632336033
R2_F2,4,739,0,0.04377415750013186
R2_F2,4,741,1,0.5220732877914492
R2_F2,4,749,1,0.6880059331757153
R2_F2,4,750,0,0.031857377498667565
R2_F2,4,758,0,0.025676695467409125
R2_F2,4,760,1,0.6258207802146988
R2_F2,4,764,1,0.528509126203435
R2_F2,4,765,1,0.39061151894745966
R2_F2,4,774,0,0.7054101847894119
R2_F2,4,778,0,0.19707952242468704
R2_F2,4,789,0,0.12361370754886135
R2_F2,4,794,0,0.4228651408011285
R2_F2,4,797,0,0.1887064611446567
R2_F2,5,4,0,0.12868662081481386
R2_F2,5,6,1,0.8107885166583241
R2_F2,5,14,0,0.1450733196488707
R2_F2,5,23,0,0.6081522236390143
R2_F2,5,25,1,0.3851283401593151
R2_F2,5,27,0,0.2382364487884651
R2_F2,5,29,0,0.44373098838535047
R2_F2,5,35,0,0.14607012835563274
R2_F2,5,43,0,0.32395607810011956
R2_F2,5,53,0,0.19177431864438912
R2_F2,5,56,0,0.30389693469228773
R2_F2,5,57,0,0.17001385095972457
R2_F2,5,71,0,0.6505917617751634
R2_F2,5,72,0,0.09750077309841815
R2_F2,5,78,0,0.5024467614240671
R2_F2,5,81,0,0.6970825080096313
R2_F2,5,93,0,0.18575571041743646
R2_F2,5,98,0,0.06988530888039864
R2_F2,5,100,0,0.8842749685913347
R2_F2,5,107,0,0.1887714231927192
R2_F2,5,124,0,0.2813974912831049
R2_F2,5,126,1,0.8602353597879118
R2_F2,5,132,0,0.13141062124837577
R2_F2,5,133,0,0.33759435771361246
R2_F2,5,135,1,0.4682688387289835
R2_F2,5,138,0,0.02547374103966736
R2_F2,5,149,1,0.5253159852363845
R2_F2,5,154,1,0.6857958159850291
R2_F2,5,156,0,0.23481081932709533
R2_F2,5,159,0,0.03208075787575639
R2_F2,5,160,0,0.23494708736649828
R2_F2,5,180,0,0.11603870591474662
R2_F2,5,190,0,0.13741653496291747
R2_F2,5,192,0,0.4265639766243452
R2_F2,5,195,0,0.26110119915944585
R2_F2,5,199,0,0.04917950912159086
R2_F2,5,206,0,0.24645607203963008
R2_F2,5,214,1,0.5433442000982492
R2_F2,5,221,0,0.12645658366358006
R2_F2,5,223,0,0.054658714602362234
R2_F2,5,227,0,0.1635782584228939
R2_F2,5,230,0,0.5378578328514014
R2_F2,5,231,0,0.47141868892158834
R2_F2,5,233,1,0.7803169608157425
R2_F2,5,234,0,0.09358769014414194
R2_F2,5,235,0,0.2420710489077715
R2_F2,5,239,0,0.3835338969844762
R2_F2,5,240,1,0.25934405610019695
R2_F2,5,243,1,0.3068925020795594
R2_F2,5,253,0,0.37373122016731064
R2_F2,5,255,0,0.3530060299203104
R2_F2,5,261,1,0.07028828268108248
R2_F2,5,263,1,0.19886345937529984
R2_F2,5,268,0,0.7659658715416131
R2_F2,5,271,0,0.38777454524691607
R2_F2,5,277,0,0.57027601379122
R2_F2,5,283,1,0.6367779369159444
R2_F2,5,284,0,0.0357668859124908
R2_F2,5,290,0,0.29364263535749474
R2_F2,5,291,1,0.7535304704229432
R2_F2,5,296,0,0.1258927304984299
R2_F2,5,314,1,0.32424518490836207
R2_F2,5,315,0,0.042175549019742964
R2_F2,5,318,1,0.5525453638288094
R2_F2,5,326,0,0.05842852447235511
R2_F2,5,328,0,0.4344300090653736
R2_F2,5,338,0,0.038062008185528635
R2_F2,5,350,0,0.14113465787854962
R2_F2,5,355,0,0.27754419575592476
R2_F2,5,361,0,0.6264573984383638
R2_F2,5,372,1,0.6371175571090896
R2_F2,5,373,0,0.14888948306582553
R2_F2,5,394,0,0.06793573335690527
R2_F2,5,396,0,0.20793769105281057
R2_F2,5,397,1,0.907096257863377
R2_F2,5,402,1,0.5439892610995058
R2_F2,5,403,0,0.06088686344870654
R2_F2,5,409,1,0.3066657762064207
R2_F2,5,412,1,0.9089839390691737
R2_F2,5,414,0,0.34327535915562307
R2_F2,5,415,0,0.40058023577408736
R2_F2,5,416,0,0.08709800746585904
R2_F2,5,422,0,0.10230520681793591
R2_F2,5,434,0,0.054948470676777716
R2_F2,5,435,0,0.04191829931653252
R2_F2,5,449,1,0.4894021658605742
R2_F2,5,451,0,0.4466129882101251
R2_F2,5,453,1,0.7827211291194055
R2_F2,5,460,0,0.34301885869490617
R2_F2,5,461,1,0.26678038559689843
R2_F2,5,462,0,0.3707098794727983
R2_F2,5,463,0,0.41126500062360605
R2_F2,5,493,1,0.4795491863477254
R2_F2,5,499,0,0.03270326716117882
R2_F2,5,502,0,0.47456572546454207
R2_F2,5,507,1,0.6860893912684528
R2_F2,5,513,1,0.18130986164849858
R2_F2,5,518,1,0.19845315197983285
R2_F2,5,523,0,0.7406823651212413
R2_F2,5,528,0,0.5389742949325308
R2_F2,5,530,0,0.64272309804575
R2_F2,5,541,0,0.2012888345811559
R2_F2,5,547,0,0.1281117717325121
R2_F2,5,560,0,0.5950216451732566
R2_F2,5,562,0,0.8630135877219209
R2_F2,5,563,0,0.16149147569586483
R2_F2,5,570,0,0.020731808402968597
R2_F2,5,571,0,0.15105986761573695
R2_F2,5,573,0,0.053990959391035875
R2_F2,5,577,1,0.5445807239152178
R2_F2,5,581,1,0.29617022033704415
R2_F2,5,585,1,0.929705145519954
R2_F2,5,587,0,0.4198577022091247
R2_F2,5,588,1,0.4584568686575561
R2_F2,5,589,0,0.08258060607735972
R2_F2,5,591,0,0.045724698733766174
R2_F2,5,594,1,0.8229553554447372
R2_F2,5,595,0,0.571386502334303
R2_F2,5,599,0,0.3632082112149952
R2_F2,5,603,0,0.034113420632076036
R2_F2,5,604,0,0.5391419171392465
R2_F2,5,606,0,0.16230541447475547
R2_F2,5,620,0,0.013764687246420172
R2_F2,5,624,1,0.7718083529466669
R2_F2,5,628,1,0.10677652599433844
R2_F2,5,630,0,0.3237053238216398
R2_F2,5,633,0,0.07292040031226188
R2_F2,5,636,1,0.6628371914605963
R2_F2,5,639,0,0.46462133131348
R2_F2,5,640,1,0.2382073154539209
R2_F2,5,659,0,0.12828794131072693
R2_F2,5,663,1,0.3809225491560235
R2_F2,5,665,1,0.5430983161995234
R2_F2,5,669,1,0.8349121315662319
R2_F2,5,672,1,0.734650025089003
R2_F2,5,673,0,0.18282185920043106
R2_F2,5,675,0,0.34081966966593136
R2_F2,5,678,0,0.45054693082707575
R2_F2,5,682,0,0.19758062423628944
R2_F2,5,683,1,0.3393690784434817
R2_F2,5,694,1,0.2960569930565414
R2_F2,5,702,0,0.48479775590569707
R2_F2,5,713,0,0.5060351192360698
R2_F2,5,715,0,0.1822765949270179
R2_F2,5,716,0,0.26163907909545864
R2_F2,5,722,0,0.09972173772913036
R2_F2,5,723,1,0.5417212886996657
R2_F2,5,740,1,0.42894411193249243
R2_F2,5,754,1,0.8231433142654253
R2_F2,5,756,0,0.2599359761364824
R2_F2,5,761,0,0.32248183614032694
R2_F2,5,766,1,0.6615887029500165
R2_F2,5,767,0,0.5616347386181918
R2_F2,5,768,0,0.26460708867940747
R2_F2,5,769,0,0.23552812834562264
R2_F2,5,771,1,0.7227552810762895
R2_F2,5,779,1,0.7333567899863421
R2_F2,5,785,1,0.2707291923459101
R2_F2,5,790,0,0.6394108364120724
R2_F2,5,796,0,0.7563252812003922
R2_F3,1,8,1,0.5641226234073687
R2_F3,1,9,1,0.8472979972507174
R2_F3,1,13,1,0.7185178573225359
R2_F3,1,15,1,0.7565514369567299
R2_F3,1,17,0,0.10148880448727278
R2_F3,1,24,1,0.8631975718264177
R2_F3,1,36,0,0.6058058382506278
R2_F3,1,38,0,0.18010134241355527
R2_F3,1,41,0,0.28102501260931234
R2_F3,1,42,0,0.3833156776299111
R2_F3,1,48,1,0.2084645832904185
R2_F3,1,53,1,0.732224052219317
R2_F3,1,59,1,0.23474288790463668
R2_F3,1,68,0,0.15772025394249548
R2_F3,1,74,0,0.5550602562301405
R2_F3,1,81,0,0.35151234978230317
R2_F3,1,89,0,0.2366569799131691
R2_F3,1,91,1,0.43147429738209625
R2_F3,1,95,0,0.4621861863715066
R2_F3,1,101,1,0.6284990518649612
R2_F3,1,103,0,0.3556662198895532
R2_F3,1,112,0,0.056989938243023446
R2_F3,1,115,0,0.4415854966154
R2_F3,1,118,0,0.666447260262543
R2_F3,1,121,0,0.3927423110361577
R2_F3,1,123,0,0.2700180822539173
R2_F3,1,127,0,0.8057258688950752
R2_F3,1,130,0,0.25866911401925147
R2_F3,1,135,1,0.7131969155503
R2_F3,1,148,1,0.3950972991540577
R2_F3,1,151,1,0.5905378884028455
R2_F3,1,165,0,0.7256417063365092
R2_F3,1,166,0,0.017731164159009424
R2_F3,1,168,0,0.0748562371521394
R2_F3,1,174,0,0.8187082878201745
R2_F3,1,179,0,0.08546209890546236
R2_F3,1,180,0,0.06347722515605257
R2_F3,1,196,0,0.18223342458768074
R2_F3,1,203,0,0.1119428431346577
R2_F3,1,207,0,0.5544778903459976
R2_F3,1,208,0,0.6773318675188819
R2_F3,1,210,1,0.31089390828978664
R2_F3,1,213,1,0.5845364442899159
R2_F3,1,218,1,0.41167858255942297
R2_F3,1,222,0,0.2461893727411305
R2_F3,1,230,1,0.5584938223905287
R2_F3,1,243,0,0.15839241272631452
R2_F3,1,248,0,0.4083545463325908
R2_F3,1,256,1,0.6515507584670909
R2_F3,1,265,0,0.23753688640670179
R2_F3,1,270,1,0.6513924017438427
R2_F3,1,273,0,0.6444591025218217
R2_F3,1,274,0,0.7629765441082572
R2_F3,1,277,0,0.11671830191681638
R2_F3,1,281,1,0.10891688170384795
R2_F3,1,287,1,0.19746213759070078
R2_F3,1,291,0,0.13039726873632382
R2_F3,1,294,0,0.7492345753945271
R2_F3,1,300,1,0.8169442285370794
R2_F3,1,304,1,0.816367151582399
R2_F3,1,311,0,0.0866094493162028
R2_F3,1,312,0,0.3744106868048555
R2_F3,1,314,0,0.25862752113735515
R2_F3,1,316,0,0.2444456429833728
R2_F3,1,321,0,0.6919447617410066
R2_F3,1,325,0,0.00993482626657305
R2_F3,1,328,1,0.10880225742387306
R2_F3,1,330,0,0.035657502129243346
R2_F3,1,335,0,0.3194711559779512
R2_F3,1,359,1,0.7870484778203352
R2_F3,1,360,0,0.25077798197981016
R2_F3,1,370,0,0.5780847059546287
R2_F3,1,378,1,0.4175002695134417
R2_F3,1,398,1,0.6892753302957132
R2_F3,1,399,0,0.06232209555732906
R2_F3,1,405,1,0.0656304872262745
R2_F3,1,407,1,0.4375913081433552
R2_F3,1,414,0,0.0638756253233697
R2_F3,1,421,0,0.025355436299941955
R2_F3,1,429,0,0.40235064337869964
R2_F3,1,430,1,0.8423760971413735
R2_F3,1,435,1,0.31074842418575543
R2_F3,1,436,1,0.7312171326846549
R2_F3,1,447,1,0.3097697867301371
R2_F3,1,454,1,0.8109064452228377
R2_F3,1,464,0,0.3581813421495652
R2_F3,1,465,1,0.5821918819797829
R2_F3,1,466,0,0.1742078495440532
R2_F3,1,471,0,0.7116452408791286
R2_F3,1,478,0,0.2973640092278466
R2_F3,1,482,1,0.17767767959723368
R2_F3,1,485,0,0.1260983184829065
R2_F3,1,488,1,0.6745180385306423
R2_F3,1,491,0,0.473596122106001
R2_F3,1,492,1,0.16339098637254967
R2_F3,1,498,1,0.2515439337330385
R2_F3,1,500,0,0.04607331976064083
R2_F3,1,501,0,0.19232832796641
R2_F3,1,502,1,0.38755122075604365
R2_F3,1,511,0,0.40106854054077257
R2_F3,1,530,0,0.10398485748171186
R2_F3,1,532,0,0.29081836499780755
R2_F3,1,546,0,0.38391408635677654
R2_F3,1,548,0,0.08510130548081751
R2_F3,1,551,0,0.6155056397697759
R2_F3,1,553,0,0.21288179357462778
R2_F3,1,555,0,0.04097373576428899
R2_F3,1,556,0,0.024312693659956443
R2_F3,1,559,1,0.4947191060726697
R2_F3,1,564,1,0.5877274684151127
R2_F3,1,566,0,0.20943533627954494
R2_F3,1,567,1,0.8404340697669607
R2_F3,1,574,1,0.3772206240709011
R2_F3,1,575,1,0.7957234930431861
R2_F3,1,576,0,0.4314715647561713
R2_F3,1,578,0,0.1506855477568863
R2_F3,1,591,0,0.4578386551959939
R2_F3,1,613,0,0.021256421251176133
R2_F3,1,617,0,0.4646095544397644
R2_F3,1,621,0,0.006516250485316199
R2_F3,1,630,1,0.7286917912179461
R2_F3,1,632,0,0.017246398876379413
R2_F3,1,635,0,0.10316639660714634
R2_F3,1,637,0,0.18586213032957075
R2_F3,1,640,0,0.1378242574991598
R2_F3,1,643,0,0.4953662572252617
R2_F3,1,651,1,0.736356218966792
R2_F3,1,652,1,0.7261088222772575
R2_F3,1,655,0,0.1185493653632177
R2_F3,1,663,1,0.48730534138136133
R2_F3,1,671,1,0.6551508946358705
R2_F3,1,673,1,0.22120529496286592
R2_F3,1,674,0,0.3071293077014951
R2_F3,1,675,0,0.13142105545761748
R2_F3,1,677,0,0.2169173862754623
R2_F3,1,680,0,0.07875927948179479
R2_F3,1,688,0,0.06166891840129011
R2_F3,1,690,0,0.3023938790554032
R2_F3,1,693,0,0.14727196182881688
R2_F3,1,696,0,0.05544425552067672
R2_F3,1,701,0,0.7955549608519018
R2_F3,1,711,0,0.15504001809498408
R2_F3,1,723,0,0.1266063164452926
R2_F3,1,727,0,0.11537794257411538
R2_F3,1,728,0,0.44288342255160734
R2_F3,1,732,1,0.7652418917838736
R2_F3,1,746,0,0.0908347894784729
R2_F3,1,757,0,0.10690778539205281
R2_F3,1,769,1,0.05202637163204154
R2_F3,1,771,0,0.41545918798968456
R2_F3,1,772,1,0.1554406424100295
R2_F3,1,775,0,0.32027484162387565
R2_F3,1,777,0,0.30556200721868626
R2_F3,1,778,1,0.8665320141706041
R2_F3,1,780,0,0.4493724619405722
R2_F3,1,782,0,0.22810926777838228
R2_F3,1,784,1,0.7625682342350633
R2_F3,1,787,0,0.5142188279479627
R2_F3,1,791,0,0.2248990588334865
R2_F3,1,798,0,0.10331583788309112
R2_F3,2,1,1,0.6860992007154362
R2_F3,2,2,0,0.058051938951517786
R2_F3,2,5,0,0.1843646277580034
R2_F3,2,10,0,0.3556172019545139
R2_F3,2,11,1,0.5756888441902274
R2_F3,2,12,0,0.7503500609865763
R2_F3,2,32,0,0.3428676068376037
R2_F3,2,33,0,0.35532170334764773
R2_F3,2,34,0,0.5059847550209555
R2_F3,2,47,0,0.18085794606255534
R2_F3,2,51,1,0.7656758842741906
R2_F3,2,52,0,0.5603779921720302
R2_F3,2,54,1,0.8801108268807397
R2_F3,2,60,0,0.2810332627286727
R2_F3,2,63,0,0.6679005034800672
R2_F3,2,71,0,0.2284458518511816
R2_F3,2,75,1,0.6464464408559181
R2_F3,2,76,0,0.4387100131310578
R2_F3,2,82,0,0.12909583644351416
R2_F3,2,83,1,0.8733338322354318
R2_F3,2,93,0,0.3808305026068071
R2_F3,2,94,0,0.3214713329333602
R2_F3,2,97,0,0.41422397410351275
R2_F3,2,104,0,0.6537303099040094
R2_F3,2,108,0,0.5357152967754127
R2_F3,2,109,1,0.8017436499714967
R2_F3,2,110,0,0.3718709255842998
R2_F3,2,117,0,0.8067137795275005
R2_F3,2,126,0,0.05338414014301285
R2_F3,2,134,0,0.029011915915799342
R2_F3,2,140,1,0.5241895696590139
R2_F3,2,143,1,0.13387658167190922
R2_F3,2,146,0,0.3827049196554369
R2_F3,2,149,0,0.0839566254007514
R2_F3,2,154,0,0.109380555558657
R2_F3,2,162,1,0.6409894666888847
R2_F3,2,177,0,0.7791359893893168
R2_F3,2,178,0,0.23872645314481122
R2_F3,2,182,1,0.5429016984489649
R2_F3,2,183,1,0.48704123543067795
R2_F3,2,189,0,0.27233419351941146
R2_F3,2,193,0,0.2588497343679524
R2_F3,2,197,0,0.15474311139559943
R2_F3,2,200,1,0.24721120515773853
R2_F3,2,204,0,0.30718346219017795
R2_F3,2,209,0,0.03539909711875428
R2_F3,2,212,0,0.19279348038190466
R2_F3,2,214,0,0.08889902322285421
R2_F3,2,215,0,0.1299464214164049
R2_F3,2,219,0,0.06178817856002972
R2_F3,2,221,0,0.43288694217846785
R2_F3,2,225,0,0.3372235000598809
R2_F3,2,229,1,0.6807026363136851
R2_F3,2,239,1,0.4987340291327826
R2_F3,2,240,0,0.3891977465207092
R2_F3,2,250,0,0.09120836639510199
R2_F3,2,252,0,0.29405612072045145
R2_F3,2,254,0,0.18173698993058363
R2_F3,2,261,0,0.033256493460396025
R2_F3,2,262,0,0.07007060236938092
R2_F3,2,269,0,0.26874450982055625
R2_F3,2,275,0,0.4717542260791299
R2_F3,2,285,0,0.10217983233343951
R2_F3,2,293,0,0.052758047586724754
R2_F3,2,296,0,0.41510477235169135
R2_F3,2,301,1,0.49999952915406026
R2_F3,2,305,0,0.08236581527377172
R2_F3,2,313,0,0.4201908638362455
R2_F3,2,318,0,0.25568274030095894
R2_F3,2,326,0,0.452224714886714
R2_F3,2,329,0,0.624518336123526
R2_F3,2,331,1,0.08474039510189947
R2_F3,2,334,1,0.6018650347541081
R2_F3,2,338,0,0.12481199906864586
R2_F3,2,347,0,0.26458929413186694
R2_F3,2,349,0,0.5746380823063468
R2_F3,2,356,0,0.49772918896208157
R2_F3,2,357,1,0.6426116289322813
R2_F3,2,367,1,0.2230579417530489
R2_F3,2,371,0,0.363342563241778
R2_F3,2,372,0,0.30575392831093473
R2_F3,2,374,1,0.6338323564005411
R2_F3,2,376,0,0.5214376250363957
R2_F3,2,382,1,0.6365756604920977
R2_F3,2,388,1,0.26350091822812927
R2_F3,2,391,0,0.2240733160374854
R2_F3,2,392,0,0.1267036122375132
R2_F3,2,394,0,0.08107911506649332
R2_F3,2,396,0,0.2570471104013768
R2_F3,2,400,0,0.24421267201913444
R2_F3,2,402,0,0.48377682729477955
R2_F3,2,408,0,0.19585217549123424
R2_F3,2,424,1,0.4312554334241708
R2_F3,2,425,0,0.08133258050942094
R2_F3,2,426,0,0.14120188324067737
R2_F3,2,428,0,0.28680685673734346
R2_F3,2,433,0,0.37211996787614504
R2_F3,2,448,0,0.27553928710988657
R2_F3,2,449,1,0.4773070578938969
R2_F3,2,469,1,0.5467389529306863
R2_F3,2,490,0,0.4957755784165135
R2_F3,2,503,0,0.07762890269141515
R2_F3,2,509,0,0.18096983012514176
R2_F3,2,516,1,0.09607998435545641
R2_F3,2,518,0,0.5253371288431957
R2_F3,2,523,1,0.7874893879730629
R2_F3,2,528,0,0.44765628510135796
R2_F3,2,535,0,0.4306339596025901
R2_F3,2,539,0,0.1881426518350564
R2_F3,2,542,0,0.07373237381609722
R2_F3,2,543,1,0.7488512611948047
R2_F3,2,544,0,0.20581737975663028
R2_F3,2,552,0,0.415434204396679
R2_F3,2,563,0,0.2639321777474215
R2_F3,2,568,0,0.027372115271313762
R2_F3,2,580,1,0.8229119881286101
R2_F3,2,581,0,0.1826232828594139
R2_F3,2,582,0,0.4212275911756788
R2_F3,2,585,0,0.7864794444818658
R2_F3,2,586,1,0.6419653107860674
R2_F3,2,588,0,0.09816426570819876
R2_F3,2,590,0,0.5488259841843119
R2_F3,2,595,0,0.05431887722058646
R2_F3,2,597,1,0.7694900686821645
R2_F3,2,598,0,0.6041656786185766
R2_F3,2,599,0,0.22019712095115676
R2_F3,2,603,0,0.10987428954268186
R2_F3,2,606,0,0.6774025490633786
R2_F3,2,607,1,0.22071856282697933
R2_F3,2,609,0,0.21126919756895032
R2_F3,2,612,0,0.18095522848080095
R2_F3,2,626,0,0.18835552513853757
R2_F3,2,631,1,0.5512878551561489
R2_F3,2,639,0,0.2142984298208025
R2_F3,2,644,1,0.873482258153036
R2_F3,2,648,0,0.5255630526326259
R2_F3,2,649,0,0.18887035463584004
R2_F3,2,656,0,0.3863882743417728
R2_F3,2,658,0,0.3010983907742359
R2_F3,2,678,1,0.5382935293987986
R2_F3,2,681,0,0.38489199595462625
R2_F3,2,691,0,0.6387183839462608
R2_F3,2,694,0,0.8192996084618479
R2_F3,2,697,0,0.424747970169193
R2_F3,2,700,0,0.23446543780855045
R2_F3,2,704,0,0.051507786642289
R2_F3,2,715,0,0.5681023209526076
R2_F3,2,719,0,0.0247449005537287
R2_F3,2,724,0,0.07725665299040867
R2_F3,2,730,0,0.4456532004432965
R2_F3,2,736,1,0.48151429072973745
R2_F3,2,742,0,0.06218028939768225
R2_F3,2,745,1,0.417461383694035
R2_F3,2,754,0,0.03313376701025157
R2_F3,2,764,0,0.217604130278052
R2_F3,2,770,0,0.461837148952303
R2_F3,2,779,0,0.10725900895712337
R2_F3,2,790,0,0.7045782019937775
R2_F3,2,792,0,0.4429755132709907
R2_F3,2,793,0,0.2752265046049293
R2_F3,3,3,0,0.59440369817107
R2_F3,3,4,1,0.7386376020573128
R2_F3,3,7,0,0.017648090175287207
R2_F3,3,16,0,0.1421334112122925
R2_F3,3,21,0,0.017394443103770175
R2_F3,3,26,0,0.5345116857271944
R2_F3,3,27,0,0.05553910962411868
R2_F3,3,30,0,0.4891280417091575
R2_F3,3,31,1,0.43255505271157185
R2_F3,3,49,0,0.4023500401263558
R2_F3,3,56,0,0.16915304134634357
R2_F3,3,57,0,0.10849822885239609
R2_F3,3,64,1,0.6795335332337427
R2_F3,3,72,0,0.5362793021541483
R2_F3,3,78,0,0.027644215569861838
R2_F3,3,86,0,0.49057788627602245
R2_F3,3,87,0,0.23933994638361544
R2_F3,3,98,0,0.07663711759295412
R2_F3,3,102,0,0.10697429316944344
R2_F3,3,116,0,0.06767923180338449
R2_F3,3,120,0,0.6677394462386522
R2_F3,3,128,0,0.4199690464892533
R2_F3,3,137,1,0.4396302505977578
R2_F3,3,141,0,0.091898085746775
R2_F3,3,150,0,0.36347392533338807
R2_F3,3,153,1,0.6415528458505274
R2_F3,3,155,1,0.279143828373754
R2_F3,3,156,0,0.02279692480392805
R2_F3,3,158,0,0.25006862763439824
R2_F3,3,161,0,0.7694241758180724
R2_F3,3,170,0,0.045464802393824826
R2_F3,3,173,0,0.6154737704703314
R2_F3,3,175,0,0.06948722446652984
R2_F3,3,185,0,0.7328740238369265
R2_F3,3,187,0,0.06582257718376179
R2_F3,3,190,0,0.007814619259767836
R2_F3,3,191,1,0.5732018606418872
R2_F3,3,192,1,0.41171803291616677
R2_F3,3,198,0,0.02809424528994205
R2_F3,3,206,0,0.1082853406757842
R2_F3,3,211,0,0.08454225951003923
R2_F3,3,231,0,0.3508858526750251
R2_F3,3,237,0,0.0744883053120925
R2_F3,3,241,1,0.517809121218214
R2_F3,3,247,0,0.33904322389604197
R2_F3,3,249,1,0.5792434060314223
R2_F3,3,253,0,0.2671491621824174
R2_F3,3,263,0,0.6963366127776139
R2_F3,3,267,1,0.8482799946030433
R2_F3,3,280,0,0.03446240396739874
R2_F3,3,283,1,0.2375457189224277
R2_F3,3,284,1,0.8130892702856548
R2_F3,3,286,0,0.007290629807251728
R2_F3,3,289,1,0.7907037677551267
R2_F3,3,292,0,0.03582608114290427
R2_F3,3,295,1,0.6969878930655075
R2_F3,3,302,0,0.1889130663352726
R2_F3,3,303,0,0.051528591884981
R2_F3,3,308,0,0.3624912810724686
R2_F3,3,309,0,0.33209803845659125
R2_F3,3,310,0,0.08251187567193911
R2_F3,3,322,0,0.031975866430518765
R2_F3,3,323,1,0.24199704073494757
R2_F3,3,327,0,0.13928473691581422
R2_F3,3,339,0,0.18428635412361297
R2_F3,3,350,1,0.14736254792084608
R2_F3,3,351,0,0.0892287676043693
R2_F3,3,362,0,0.23880943772206917
R2_F3,3,363,0,0.2834721655756092
R2_F3,3,369,0,0.5330506620887591
R2_F3,3,373,0,0.2783464085199195
R2_F3,3,387,0,0.046472193411475786
R2_F3,3,389,0,0.0375130351666251
R2_F3,3,397,1,0.3052092564889649
R2_F3,3,403,1,0.5402540921391356
R2_F3,3,409,0,0.28368712415456593
R2_F3,3,412,0,0.22631444996183167
R2_F3,3,416,1,0.49839071551241987
R2_F3,3,423,0,0.581120984835155
R2_F3,3,431,0,0.22978718376721932
R2_F3,3,437,0,0.16217805326223791
R2_F3,3,440,0,0.08938623012436657
R2_F3,3,441,0,0.1941140519636214
R2_F3,3,442,1,0.5965081925822426
R2_F3,3,451,0,0.4521658786035676
R2_F3,3,457,0,0.1283965834857739
R2_F3,3,458,0,0.7565100444220857
R2_F3,3,474,1,0.5275719875566304
R2_F3,3,483,0,0.5450970315067907
R2_F3,3,486,1,0.5921009573671887
R2_F3,3,489,1,0.2808448442681771
R2_F3,3,496,1,0.6111235078493845
R2_F3,3,499,1,0.4365799050957133
R2_F3,3,506,0,0.3175167550049666
R2_F3,3,507,1,0.1663453679023509
R2_F3,3,512,0,0.09814919196203319
R2_F3,3,513,1,0.6492602084810319
R2_F3,3,515,0,0.6419967519048299
R2_F3,3,517,0,0.0747072486246053
R2_F3,3,519,1,0.22512512184581968
R2_F3,3,520,0,0.7849908481970624
R2_F3,3,521,1,0.12523710473410138
R2_F3,3,524,0,0.9244763527386178
R2_F3,3,529,0,0.5517844327043019
R2_F3,3,541,0,0.22906992314592498
R2_F3,3,561,1,0.740294372422102
R2_F3,3,571,0,0.19780095548533208
R2_F3,3,572,0,0.5771507585424299
R2_F3,3,594,1,0.7027643486088602
R2_F3,3,600,1,0.7611352988391187
R2_F3,3,601,0,0.04192570694075423
R2_F3,3,605,1,0.6894241593053262
R2_F3,3,608,0,0.2603335800673335
R2_F3,3,615,0,0.0202322548270865
R2_F3,3,616,0,0.2425213610840299
R2_F3,3,618,1,0.7305023219871711
R2_F3,3,622,0,0.40113494739910305
R2_F3,3,634,0,0.4200678143511018
R2_F3,3,636,0,0.2420071080424416
R2_F3,3,638,0,0.10729311381474675
R2_F3,3,642,0,0.04595576369673179
R2_F3,3,645,0,0.0669709034807045
R2_F3,3,650,1,0.6503743738924271
R2_F3,3,653,0,0.7797539896588456
R2_F3,3,661,1,0.6081863314205211
R2_F3,3,667,1,0.7565597839434016
R2_F3,3,668,0,0.2563905588689755
R2_F3,3,682,0,0.21773208303696134
R2_F3,3,685,0,0.07094105402013608
R2_F3,3,686,0,0.03915781204479917
R2_F3,3,687,1,0.16911919088259272
R2_F3,3,689,1,0.1306293226732095
R2_F3,3,695,0,0.10274596033902544
R2_F3,3,702,0,0.31205799048540167
R2_F3,3,703,0,0.03955286501346226
R2_F3,3,705,0,0.21301587520433973
R2_F3,3,707,1,0.3994784871898817
R2_F3,3,708,1,0.62616040347211
R2_F3,3,710,1,0.8736822175237658
R2_F3,3,714,0,0.0402144920983571
R2_F3,3,718,0,0.7297237107092273
R2_F3,3,725,0,0.1841678412867652
R2_F3,3,726,0,0.36802477405641243
R2_F3,3,735,1,0.5145725901701687
R2_F3,3,739,1,0.7377087440721652
R2_F3,3,740,0,0.6972003170819425
R2_F3,3,744,0,0.4564431703791774
R2_F3,3,748,1,0.37980129389945655
R2_F3,3,763,0,0.2371820335527869
R2_F3,3,765,1,0.6952202196419695
R2_F3,3,768,0,0.2423053848728677
R2_F3,3,776,0,0.5250455846630531
R2_F3,3,781,0,0.09595992766610208
R2_F3,3,783,1,0.18118246100701377
R2_F3,3,786,1,0.505207075140425
R2_F3,3,788,1,0.3676826737460079
R2_F3,3,789,0,0.5771923454082455
R2_F3,3,794,0,0.05280854520327155
R2_F3,3,795,0,0.31451872958351035
R2_F3,3,797,0,0.07306604809576622
R2_F3,4,18,0,0.15910579722564575
R2_F3,4,20,0,0.17879071809423133
R2_F3,4,28,0,0.35882476841486194
R2_F3,4,35,0,0.44841872046883485
R2_F3,4,37,1,0.687140512335714
R2_F3,4,40,0,0.2607234716079086
R2_F3,4,45,0,0.037020370045400985
R2_F3,4,50,0,0.6136577086553041
R2_F3,4,58,0,0.3089981614456679
R2_F3,4,65,0,0.26452072461863035
R2_F3,4,66,1,0.7357749184341901
R2_F3,4,69,0,0.4898392870890513
R2_F3,4,70,0,0.09442465161003227
R2_F3,4,77,1,0.5431655744717508
R2_F3,4,79,0,0.18614852713273303
R2_F3,4,80,1,0.0878637620129349
R2_F3,4,84,0,0.028087189698200538
R2_F3,4,85,0,0.4604180656772295
R2_F3,4,92,0,0.34154720439164304
R2_F3,4,99,1,0.42326833304303557
R2_F3,4,105,1,0.3620069086707875
R2_F3,4,111,0,0.488230246150456
R2_F3,4,119,0,0.24469556055076366
R2_F3,4,122,0,0.01609765444073934
R2_F3,4,125,1,0.5751634439447926
R2_F3,4,129,0,0.006691938889921118
R2_F3,4,131,0,0.06105218315509411
R2_F3,4,136,0,0.2810491583840461
R2_F3,4,139,0,0.18891634511510813
R2_F3,4,142,1,0.6212462473092683
R2_F3,4,152,0,0.6771675189873737
R2_F3,4,159,1,0.593315861208767
R2_F3,4,163,0,0.05843680985237199
R2_F3,4,169,1,0.41386921077490624
R2_F3,4,184,1,0.0899420349497186
R2_F3,4,186,1,0.36526020484300564
R2_F3,4,188,0,0.10716910995089297
R2_F3,4,195,0,0.02687655342270137
R2_F3,4,199,0,0.43440554740229986
R2_F3,4,201,0,0.1437504964977205
R2_F3,4,202,0,0.19864955194107883
R2_F3,4,205,1,0.6600330502511417
R2_F3,4,220,0,0.07949674572176868
R2_F3,4,223,0,0.05826079408919493
R2_F3,4,227,0,0.5337629457711931
R2_F3,4,238,1,0.6463005671925663
R2_F3,4,245,1,0.34594636117684363
R2_F3,4,251,1,0.7770738949762835
R2_F3,4,255,0,0.47593675213587777
R2_F3,4,257,0,0.20971355685139978
R2_F3,4,264,0,0.25022391849193126
R2_F3,4,266,1,0.21621442348387473
R2_F3,4,278,0,0.1230995587942601
R2_F3,4,282,0,0.2187586324019699
R2_F3,4,290,0,0.45127753203023696
R2_F3,4,299,0,0.17685880125290487
R2_F3,4,315,0,0.30795443092024477
R2_F3,4,324,0,0.3658687709046995
R2_F3,4,333,0,0.05423743026955419
R2_F3,4,336,1,0.5573455834634026
R2_F3,4,340,0,0.11162701825611514
R2_F3,4,342,0,0.08737775719916445
R2_F3,4,343,0,0.016690732800165056
R2_F3,4,348,0,0.21241348583797115
R2_F3,4,353,0,0.730675719909291
R2_F3,4,354,1,0.46341279847332
R2_F3,4,355,0,0.47806522272568963
R2_F3,4,365,1,0.5441226923608922
R2_F3,4,375,0,0.3453743604859934
R2_F3,4,381,1,0.37643271785019766
R2_F3,4,383,0,0.10517990270492268
R2_F3,4,385,0,0.2542606038229311
R2_F3,4,390,0,0.41825314452724305
R2_F3,4,404,1,0.828611779255743
R2_F3,4,406,0,0.04678779704091853
R2_F3,4,410,1,0.6707927119480573
R2_F3,4,415,0,0.032861799569621326
R2_F3,4,417,1,0.8412034529539628
R2_F3,4,418,0,0.23458273712805555
R2_F3,4,419,0,0.38104920199294834
R2_F3,4,422,0,0.36420120989180366
R2_F3,4,432,1,0.332753644034147
R2_F3,4,434,1,0.4823832341252053
R2_F3,4,446,1,0.47287850255745
R2_F3,4,452,1,0.5306542830492628
R2_F3,4,460,0,0.2872829561521729
R2_F3,4,461,1,0.7120281758716791
R2_F3,4,463,0,0.3450324168115832
R2_F3,4,467,1,0.7569533160007494
R2_F3,4,468,0,0.2818234436264132
R2_F3,4,472,0,0.17837230997430983
R2_F3,4,479,0,0.08297379227900033
R2_F3,4,481,1,0.6667512098698577
R2_F3,4,487,0,0.1359153998648817
R2_F3,4,493,0,0.663172775604724
R2_F3,4,494,0,0.49661035520343105
R2_F3,4,497,0,0.14251396118901052
R2_F3,4,508,1,0.698744447430392
R2_F3,4,510,0,0.07440420474357178
R2_F3,4,522,1,0.5699279786002494
R2_F3,4,525,1,0.3706391928137835
R2_F3,4,526,1,0.7090132312263139
R2_F3,4,533,0,0.5331119060319176
R2_F3,4,538,0,0.1414188998206868
R2_F3,4,540,0,0.10249104975707261
R2_F3,4,545,0,0.11308325275607685
R2_F3,4,557,0,0.10471543890992319
R2_F3,4,558,0,0.4368665446261368
R2_F3,4,560,0,0.6504326946708969
R2_F3,4,562,1,0.6932367520337007
R2_F3,4,565,0,0.027374327087766204
R2_F3,4,569,0,0.02454401484876022
R2_F3,4,570,0,0.13712252831615737
R2_F3,4,573,1,0.28820450820144566
R2_F3,4,592,0,0.4071878574330827
R2_F3,4,593,0,0.7405221698058173
R2_F3,4,602,1,0.10716710572933137
R2_F3,4,611,0,0.03160819438570965
R2_F3,4,614,0,0.312951260904377
R2_F3,4,619,0,0.12931061803181362
R2_F3,4,620,0,0.45461651406642406
R2_F3,4,624,0,0.4178736703752928
R2_F3,4,625,1,0.8294465027326471
R2_F3,4,627,0,0.27989408943439414
R2_F3,4,628,0,0.038728486173788663
R2_F3,4,629,1,0.7966950864263502
R2_F3,4,633,0,0.036396412992306636
R2_F3,4,641,0,0.3009447503088702
R2_F3,4,646,0,0.008595885615636768
R2_F3,4,647,0,0.7483587978041899
R2_F3,4,654,0,0.8556779266665794
R2_F3,4,657,1,0.6881966480747153
R2_F3,4,659,0,0.10716580278283923
R2_F3,4,660,0,0.6799041907433874
R2_F3,4,662,1,0.37287911681564023
R2_F3,4,664,0,0.46102087426365607
R2_F3,4,665,1,0.9082618429949836
R2_F3,4,669,0,0.2875242988970052
R2_F3,4,683,0,0.12046758185269557
R2_F3,4,684,1,0.7633037895700353
R2_F3,4,712,0,0.3531048393850538
R2_F3,4,713,0,0.6569472071343759
R2_F3,4,720,0,0.17178384501392163
R2_F3,4,722,0,0.07108789604440141
R2_F3,4,729,1,0.4699904915018225
R2_F3,4,733,1,0.874067743832645
R2_F3,4,737,0,0.26388890367852674
R2_F3,4,738,0,0.3811487015352695
R2_F3,4,741,1,0.7393755487574142
R2_F3,4,747,0,0.03328022864804204
R2_F3,4,750,1,0.8053423677514124
R2_F3,4,752,0,0.05307670618187374
R2_F3,4,753,0,0.07197769885007466
R2_F3,4,755,0,0.7964465434153226
R2_F3,4,756,1,0.4111486306292164
R2_F3,4,760,1,0.2233624010873112
R2_F3,4,761,0,0.6573846912071136
R2_F3,4,762,0,0.37612953491143264
R2_F3,4,773,0,0.32159619640378106
R2_F3,4,774,0,0.16902452363950712
R2_F3,5,0,0,0.05132481772121029
R2_F3,5,6,0,0.531031955377649
R2_F3,5,14,0,0.025934194876673713
R2_F3,5,19,0,0.07277439199246177
R2_F3,5,22,0,0.25448621901065677
R2_F3,5,23,0,0.09203677920287567
R2_F3,5,25,0,0.6392231206363331
R2_F3,5,29,1,0.7247742387493731
R2_F3,5,39,0,0.11844711346078031
R2_F3,5,43,0,0.20279298072955784
R2_F3,5,44,0,0.17633453958029652
R2_F3,5,46,1,0.8205643017015345
R2_F3,5,55,0,0.1990639470223404
R2_F3,5,61,0,0.2247363849078349
R2_F3,5,62,0,0.21369272244276052
R2_F3,5,67,0,0.26333049974887635
R2_F3,5,73,0,0.2696254676807461
R2_F3,5,88,0,0.15720887027568992
R2_F3,5,90,0,0.048156750272045745
R2_F3,5,96,0,0.6954972163798169
R2_F3,5,100,0,0.18420251646629923
R2_F3,5,106,0,0.39060686866109623
R2_F3,5,107,1,0.366426249436953
R2_F3,5,113,0,0.1151299144183648
R2_F3,5,114,0,0.12998300757736955
R2_F3,5,124,0,0.5506729846184305
R2_F3,5,132,0,0.43043185640417
R2_F3,5,133,0,0.36079467577759167
R2_F3,5,138,1,0.8705568757467889
R2_F3,5,144,0,0.11460360717211537
R2_F3,5,145,0,0.14139750785839636
R2_F3,5,147,0,0.02300686195077002
R2_F3,5,157,1,0.6974684434222885
R2_F3,5,160,0,0.0713345248152802
R2_F3,5,164,0,0.2880444241608807
R2_F3,5,167,0,0.013217211810988325
R2_F3,5,171,0,0.07866033201452934
R2_F3,5,172,0,0.6684893673659585
R2_F3,5,176,0,0.2580129735199008
R2_F3,5,181,0,0.5864129259178736
R2_F3,5,194,1,0.7610038882573202
R2_F3,5,216,0,0.044510295853745156
R2_F3,5,217,0,0.8050784766786512
R2_F3,5,224,0,0.08158419956399315
R2_F3,5,226,0,0.019121617767371837
R2_F3,5,228,0,0.8501491105343754
R2_F3,5,232,0,0.4101756824764213
R2_F3,5,233,0,0.3997701923966483
R2_F3,5,234,1,0.8237828139744986
R2_F3,5,235,0,0.19499816449871699
R2_F3,5,236,0,0.16584493968293212
R2_F3,5,242,0,0.03592092157200973
R2_F3,5,244,1,0.7907998079949478
R2_F3,5,246,0,0.5999974893921752
R2_F3,5,258,0,0.38555320612593125
R2_F3,5,259,0,0.1201037210681336
R2_F3,5,260,0,0.05533425708471176
R2_F3,5,268,1,0.5050874722037174
R2_F3,5,271,0,0.8197602730168666
R2_F3,5,272,0,0.5892805009982423
R2_F3,5,276,0,0.4648194042769264
R2_F3,5,279,0,0.3963908925915609
R2_F3,5,288,0,0.1952521357891427
R2_F3,5,297,0,0.22135543913551767
R2_F3,5,298,0,0.05950379390741647
R2_F3,5,306,0,0.41423704795441446
R2_F3,5,307,1,0.7658732283487432
R2_F3,5,317,0,0.7611264535219416
R2_F3,5,319,0,0.11583455299403876
R2_F3,5,320,0,0.82245879085715
R2_F3,5,332,0,0.11764429744847445
R2_F3,5,337,0,0.11975860016981665
R2_F3,5,341,1,0.2022338919009483
R2_F3,5,344,0,0.28327011338834757
R2_F3,5,345,1,0.22397407344749845
R2_F3,5,346,1,0.6637551922904797
R2_F3,5,352,0,0.04746779982620536
R2_F3,5,358,0,0.0742196007257118
R2_F3,5,361,1,0.11465680648845143
R2_F3,5,364,0,0.10522864328274323
R2_F3,5,366,0,0.1580781288015536
R2_F3,5,368,0,0.29405658817781816
R2_F3,5,377,0,0.1437544336693878
R2_F3,5,379,1,0.7505788923649418
R2_F3,5,380,0,0.11466244107976319
R2_F3,5,384,0,0.5798310024785452
R2_F3,5,386,0,0.8114411178360537
R2_F3,5,393,1,0.5589573508200479
R2_F3,5,395,0,0.22177719432188195
R2_F3,5,401,1,0.7971072298366378
R2_F3,5,411,0,0.15979147814795358
R2_F3,5,413,0,0.17735769293941991
R2_F3,5,420,0,0.27538072843715716
R2_F3,5,427,0,0.1131310832147614
R2_F3,5,438,0,0.14975039784526498
R2_F3,5,439,1,0.74796017539656
R2_F3,5,443,0,0.3859570752550341
R2_F3,5,444,1,0.5413446615017751
R2_F3,5,445,1,0.274997375422029
R2_F3,5,450,0,0.3880488659519222
R2_F3,5,453,0,0.3977703140437565
R2_F3,5,455,1,0.7441618355068439
R2_F3,5,456,0,0.06863733424660055
R2_F3,5,459,0,0.1870862518331664
R2_F3,5,462,0,0.2039549163836729
R2_F3,5,470,1,0.11670438382343529
R2_F3,5,473,1,0.4810530328909022
R2_F3,5,475,1,0.8101801160309456
R2_F3,5,476,1,0.39365540980123787
R2_F3,5,477,1,0.1587760127441196
R2_F3,5,480,1,0.7203351831537391
R2_F3,5,484,0,0.5381165026956055
R2_F3,5,495,0,0.16089744491233476
R2_F3,5,504,0,0.029657124659658324
R2_F3,5,505,0,0.4177818064651408
R2_F3,5,514,1,0.8538499269043767
R2_F3,5,527,0,0.03350609412871223
R2_F3,5,531,0,0.6753733082497609
R2_F3,5,534,0,0.4596176765820205
R2_F3,5,536,1,0.48559883408145926
R2_F3,5,537,0,0.1967586431277617
R2_F3,5,547,0,0.45627883691872256
R2_F3,5,549,0,0.14723419013429498
R2_F3,5,550,0,0.2854414726584051
R2_F3,5,554,0,0.16038398788028552
R2_F3,5,577,1,0.44910655257637927
R2_F3,5,579,0,0.026476061959588865
R2_F3,5,583,1,0.6717115598928239
R2_F3,5,584,0,0.04949763061331184
R2_F3,5,587,0,0.7544019501663554
R2_F3,5,589,1,0.8248396344634058
R2_F3,5,596,0,0.03305039294685227
R2_F3,5,604,1,0.44413706795307856
R2_F3,5,610,1,0.6390318779916219
R2_F3,5,623,0,0.022300761667296606
R2_F3,5,666,1,0.2803735754913271
R2_F3,5,670,0,0.07541611593994056
R2_F3,5,672,0,0.2025908363742495
R2_F3,5,676,1,0.07170826388637998
R2_F3,5,679,0,0.022081346026984083
R2_F3,5,692,0,0.11676154612566858
R2_F3,5,698,0,0.13645194330332264
R2_F3,5,699,0,0.3494624855205801
R2_F3,5,706,0,0.3014446254791608
R2_F3,5,709,0,0.2848314968155998
R2_F3,5,716,0,0.05457427540878771
R2_F3,5,717,0,0.12763909246636182
R2_F3,5,721,1,0.34545900399481005
R2_F3,5,731,0,0.036947848755838654
R2_F3,5,734,1,0.5830202041916234
R2_F3,5,743,0,0.7519561771197604
R2_F3,5,749,0,0.3832945511389718
R2_F3,5,751,0,0.056040391931862464
R2_F3,5,758,1,0.07492366125061245
R2_F3,5,759,1,0.6949286825212705
R2_F3,5,766,0,0.6229952964629849
R2_F3,5,767,0,0.032554814237011766
R2_F3,5,785,1,0.1957728344563645
R2_F3,5,796,0,0.8883696237055903
R2_F3,5,799,0,0.13267064248405652
R2_F4,1,11,0,0.6951509219090056
R2_F4,1,12,1,0.6066397708316479
R2_F4,1,15,1,0.8539722901003447
R2_F4,1,17,0,0.09897560888264838
R2_F4,1,43,0,0.25091408587295744
R2_F4,1,44,0,0.35264970448929284
R2_F4,1,47,0,0.03307264874050681
R2_F4,1,48,1,0.6896011027892425
R2_F4,1,56,0,0.18156456255121836
R2_F4,1,72,0,0.09161094622066622
R2_F4,1,74,1,0.47679811482046786
R2_F4,1,81,0,0.5275374155417677
R2_F4,1,92,1,0.675040009700339
R2_F4,1,93,0,0.38131367308832326
R2_F4,1,103,1,0.3622178947300594
R2_F4,1,104,0,0.46855525014309807
R2_F4,1,109,0,0.2731150023842827
R2_F4,1,115,0,0.2584314162643215
R2_F4,1,121,0,0.306990936450346
R2_F4,1,122,0,0.07529132510500103
R2_F4,1,127,0,0.6180245622756679
R2_F4,1,128,0,0.40320478943000754
R2_F4,1,129,1,0.4511116953979144
R2_F4,1,130,0,0.10408786748954267
R2_F4,1,136,0,0.2921827372802082
R2_F4,1,137,0,0.047170258924800916
R2_F4,1,142,1,0.41464522743924154
R2_F4,1,143,1,0.6516460430620566
R2_F4,1,146,1,0.5421817438049853
R2_F4,1,152,1,0.4834822711960034
R2_F4,1,154,1,0.1046633828769119
R2_F4,1,156,1,0.41407982883324806
R2_F4,1,169,0,0.31900180819725543
R2_F4,1,173,1,0.7309112433026956
R2_F4,1,178,0,0.39395643461163843
R2_F4,1,179,0,0.18625193376221394
R2_F4,1,181,0,0.09747150607298538
R2_F4,1,183,0,0.1973352762596153
R2_F4,1,192,0,0.09783788881945403
R2_F4,1,193,0,0.25722129123584686
R2_F4,1,200,0,0.24617524421455783
R2_F4,1,201,1,0.661759952857402
R2_F4,1,204,0,0.06812204736583012
R2_F4,1,208,0,0.24880144098538295
R2_F4,1,209,0,0.6990708422483186
R2_F4,1,210,0,0.5796058499868457
R2_F4,1,226,0,0.6659863559488783
R2_F4,1,236,0,0.2982581291423883
R2_F4,1,238,0,0.0921490162147615
R2_F4,1,240,1,0.31874443561055904
R2_F4,1,244,1,0.27082380472748335
R2_F4,1,248,1,0.5412585781688969
R2_F4,1,251,0,0.2605064125688262
R2_F4,1,253,0,0.14308305614145503
R2_F4,1,255,1,0.7787166828686208
R2_F4,1,256,1,0.792310548734127
R2_F4,1,260,0,0.0629192011563597
R2_F4,1,261,0,0.11671050000660481
R2_F4,1,262,0,0.06157862105111512
R2_F4,1,269,1,0.1506525436112345
R2_F4,1,270,0,0.41641242081819874
R2_F4,1,272,0,0.7281509538329892
R2_F4,1,275,0,0.62952710919504
R2_F4,1,276,0,0.27042148916524017
R2_F4,1,278,0,0.43925598152776296
R2_F4,1,285,1,0.8062949557749196
R2_F4,1,294,0,0.5400593182167676
R2_F4,1,296,0,0.29156786355751474
R2_F4,1,301,1,0.7258619646951013
R2_F4,1,312,0,0.10916912544344463
R2_F4,1,316,0,0.1592228520603319
R2_F4,1,317,0,0.07589016420904754
R2_F4,1,323,0,0.1482524047644416
R2_F4,1,327,0,0.31610553738807706
R2_F4,1,328,1,0.42435325390635575
R2_F4,1,329,0,0.011075864607347894
R2_F4,1,333,0,0.062489890114141196
R2_F4,1,343,0,0.4068915376120314
R2_F4,1,350,0,0.16730644187972618
R2_F4,1,361,0,0.1709656740649296
R2_F4,1,362,1,0.7983126163200369
R2_F4,1,376,0,0.3014777261664487
R2_F4,1,378,0,0.5922170193482189
R2_F4,1,381,1,0.802197116715894
R2_F4,1,383,0,0.0374058060266588
R2_F4,1,398,0,0.07095851808655747
R2_F4,1,401,1,0.2926571157368199
R2_F4,1,406,0,0.15697548802954037
R2_F4,1,415,0,0.5574913205194961
R2_F4,1,424,0,0.07396911992608862
R2_F4,1,437,1,0.4464476279442513
R2_F4,1,440,0,0.07366071749556537
R2_F4,1,447,0,0.28084624986447787
R2_F4,1,455,1,0.8302850745291561
R2_F4,1,456,0,0.1750158390226866
R2_F4,1,457,0,0.12972514450558756
R2_F4,1,458,0,0.7416988274207101
R2_F4,1,467,1,0.7886827395391528
R2_F4,1,477,1,0.32344358909653254
R2_F4,1,488,0,0.10391457307726948
R2_F4,1,498,1,0.31566365050779416
R2_F4,1,499,1,0.2337471839045905
R2_F4,1,507,1,0.7659774363303974
R2_F4,1,513,1,0.5253445035770631
R2_F4,1,524,0,0.01990384095925586
R2_F4,1,526,1,0.764464103188265
R2_F4,1,531,0,0.14482755966043012
R2_F4,1,534,0,0.5787887355126596
R2_F4,1,538,0,0.11553769246616606
R2_F4,1,543,1,0.6772296733407016
R2_F4,1,544,0,0.8363020080361411
R2_F4,1,545,0,0.312538421605194
R2_F4,1,549,0,0.4026523806161543
R2_F4,1,555,0,0.4514974488408592
R2_F4,1,577,0,0.11507143744287372
R2_F4,1,581,0,0.14671462065004773
R2_F4,1,582,0,0.5635169221085099
R2_F4,1,593,0,0.6169185552077725
R2_F4,1,601,0,0.24450304678940948
R2_F4,1,609,1,0.5955917268129737
R2_F4,1,620,0,0.4754445914263628
R2_F4,1,627,1,0.8302179978889336
R2_F4,1,632,1,0.7119459018982867
R2_F4,1,635,0,0.044692027750796594
R2_F4,1,637,0,0.11249790761067181
R2_F4,1,645,1,0.7245328494345733
R2_F4,1,651,0,0.13534954188384027
R2_F4,1,654,0,0.0487046378178296
R2_F4,1,656,0,0.8572208299108673
R2_F4,1,660,0,0.25635439626164896
R2_F4,1,666,0,0.16165609620544252
R2_F4,1,678,0,0.28761504608738586
R2_F4,1,681,1,0.2787360472729346
R2_F4,1,695,0,0.1922665207271859
R2_F4,1,696,1,0.13261494077723124
R2_F4,1,698,0,0.19345034092481872
R2_F4,1,699,0,0.21555038608539934
R2_F4,1,702,0,0.18548712612609183
R2_F4,1,705,0,0.41350892768709674
R2_F4,1,717,0,0.8041041601383156
R2_F4,1,718,0,0.014783932748264506
R2_F4,1,726,0,0.13537873043135962
R2_F4,1,730,0,0.2813928146841877
R2_F4,1,732,1,0.7408961808486146
R2_F4,1,733,1,0.670352419751139
R2_F4,1,736,1,0.474004364548668
R2_F4,1,738,0,0.22738292295764798
R2_F4,1,742,1,0.7838832623147399
R2_F4,1,753,1,0.2574465718105972
R2_F4,1,755,0,0.03795440437392551
R2_F4,1,763,0,0.4827128330634096
R2_F4,1,773,0,0.4043168976456273
R2_F4,1,774,1,0.35296615087122674
R2_F4,1,775,0,0.2941402495016843
R2_F4,1,777,0,0.3206333310203034
R2_F4,1,782,0,0.32311347480282365
R2_F4,1,786,1,0.6238868358642534
R2_F4,1,791,0,0.46185085615392096
R2_F4,1,793,0,0.29370026968577806
R2_F4,1,796,0,0.07372522593761809
R2_F4,2,0,0,0.09239648947930111
R2_F4,2,1,1,0.7800127581201618
R2_F4,2,2,0,0.023938554954063024
R2_F4,2,9,0,0.5114469745258675
R2_F4,2,21,0,0.32457505482459903
R2_F4,2,22,0,0.09333552662621296
R2_F4,2,25,1,0.8526022669305879
R2_F4,2,30,1,0.6541119629788699
R2_F4,2,31,0,0.666219010432393
R2_F4,2,33,0,0.39095421879803727
R2_F4,2,35,0,0.12504408496454686
R2_F4,2,51,0,0.47045458643851307
R2_F4,2,55,1,0.8781466821897452
R2_F4,2,59,1,0.5491716471591243
R2_F4,2,63,0,0.4734242757465843
R2_F4,2,64,1,0.7340937836444693
R2_F4,2,73,0,0.46364916353334373
R2_F4,2,76,1,0.08436985026394565
R2_F4,2,80,0,0.39460534507186495
R2_F4,2,83,0,0.1804971483034482
R2_F4,2,85,0,0.17571326441068638
R2_F4,2,89,0,0.5886905927295444
R2_F4,2,106,1,0.3133242490791364
R2_F4,2,110,0,0.4088091945219778
R2_F4,2,111,0,0.019033724485421944
R2_F4,2,118,1,0.5507500146136048
R2_F4,2,120,0,0.5540838801654966
R2_F4,2,126,0,0.053547776940665114
R2_F4,2,134,0,0.042299138568996336
R2_F4,2,135,0,0.03826611948405399
R2_F4,2,139,1,0.34674194775435696
R2_F4,2,145,0,0.42144753582862265
R2_F4,2,147,1,0.6009714066376051
R2_F4,2,149,1,0.6985132049571917
R2_F4,2,151,1,0.6643643210393668
R2_F4,2,155,1,0.5660526512538745
R2_F4,2,161,0,0.2582682452409282
R2_F4,2,162,1,0.4663656510692616
R2_F4,2,163,0,0.038739850835975365
R2_F4,2,166,1,0.43588151706563466
R2_F4,2,180,0,0.05906744849861545
R2_F4,2,185,0,0.20691560841277648
R2_F4,2,188,1,0.6156780079180194
R2_F4,2,190,0,0.039903857601745696
R2_F4,2,203,0,0.4279033960240945
R2_F4,2,206,0,0.11791358328542999
R2_F4,2,213,0,0.3496247400540072
R2_F4,2,214,0,0.09129003102189591
R2_F4,2,227,0,0.6454593751324024
R2_F4,2,228,0,0.16038331992203672
R2_F4,2,231,1,0.7226989928142237
R2_F4,2,232,0,0.5225307163356396
R2_F4,2,235,0,0.2851501475072718
R2_F4,2,237,0,0.09670542794989108
R2_F4,2,252,0,0.5404612445523082
R2_F4,2,257,0,0.44888138989921494
R2_F4,2,265,0,0.5036112328769019
R2_F4,2,268,1,0.7508740453139636
R2_F4,2,273,0,0.42659317417631737
R2_F4,2,279,0,0.5744096819795627
R2_F4,2,280,1,0.2639255267037595
R2_F4,2,282,0,0.020319371181096835
R2_F4,2,283,1,0.6215783454133151
R2_F4,2,287,0,0.10667907649463128
R2_F4,2,288,0,0.6643644139765673
R2_F4,2,302,1,0.697481132145716
R2_F4,2,305,1,0.8547011805047243
R2_F4,2,308,0,0.6152706697613657
R2_F4,2,314,0,0.44370900032347
R2_F4,2,324,0,0.2675844915289787
R2_F4,2,331,1,0.17604195975811635
R2_F4,2,332,0,0.6899527187664288
R2_F4,2,334,1,0.13410463791046504
R2_F4,2,335,0,0.08747601769773222
R2_F4,2,336,1,0.624811512550466
R2_F4,2,341,0,0.15031913398753707
R2_F4,2,346,0,0.08476908799540665
R2_F4,2,347,0,0.023983922521323937
R2_F4,2,351,0,0.41550865968982037
R2_F4,2,352,1,0.22579735208388252
R2_F4,2,353,0,0.05644375332641651
R2_F4,2,379,0,0.19581087939911504
R2_F4,2,387,0,0.11326279355798041
R2_F4,2,394,1,0.29599909885320536
R2_F4,2,395,0,0.10561190527718094
R2_F4,2,404,0,0.1746997003951171
R2_F4,2,407,1,0.5606857926219334
R2_F4,2,414,0,0.22809047347337094
R2_F4,2,422,1,0.5481278613390451
R2_F4,2,445,1,0.5042362805105008
R2_F4,2,446,1,0.2769766108136688
R2_F4,2,451,0,0.4184206584288946
R2_F4,2,452,0,0.5026684603076244
R2_F4,2,454,0,0.3321920447933644
R2_F4,2,466,0,0.25448626330556234
R2_F4,2,468,1,0.7736321428012257
R2_F4,2,482,0,0.11661024521788275
R2_F4,2,487,0,0.40814217215737725
R2_F4,2,491,0,0.10014583558958813
R2_F4,2,494,0,0.541217949318949
R2_F4,2,503,0,0.19074863537469702
R2_F4,2,505,0,0.12388392662630425
R2_F4,2,511,0,0.5244927200084035
R2_F4,2,514,1,0.7537487099991932
R2_F4,2,518,1,0.16535659707611183
R2_F4,2,520,0,0.8744605383177647
R2_F4,2,521,1,0.3831132435588573
R2_F4,2,530,1,0.5260130646030229
R2_F4,2,541,1,0.12306414695713301
R2_F4,2,542,0,0.09036186386689164
R2_F4,2,551,0,0.6922528715982791
R2_F4,2,552,0,0.1640014535277989
R2_F4,2,556,0,0.6225379553224413
R2_F4,2,558,0,0.09964817870942534
R2_F4,2,563,0,0.4871857378765769
R2_F4,2,567,0,0.4672020921588655
R2_F4,2,575,0,0.416195727225871
R2_F4,2,579,1,0.7268676628995858
R2_F4,2,585,0,0.14305086091027455
R2_F4,2,586,0,0.03219310063451287
R2_F4,2,588,1,0.7713846563856768
R2_F4,2,594,0,0.05577980491615448
R2_F4,2,603,0,0.37902828290675156
R2_F4,2,605,1,0.03951428845597069
R2_F4,2,610,0,0.10866277662183858
R2_F4,2,611,1,0.1893620562890291
R2_F4,2,614,0,0.08129311146651169
R2_F4,2,616,0,0.020516965955681792
R2_F4,2,618,1,0.8385927764284146
R2_F4,2,624,1,0.20210244199107505
R2_F4,2,640,0,0.18557829120071864
R2_F4,2,641,0,0.3323969907386845
R2_F4,2,642,0,0.0858749251368316
R2_F4,2,646,0,0.11695432184337497
R2_F4,2,677,1,0.19075820943257984
R2_F4,2,679,0,0.23430630368278046
R2_F4,2,682,0,0.2939740719315369
R2_F4,2,684,1,0.5167415035318211
R2_F4,2,685,0,0.012282228716395146
R2_F4,2,688,0,0.39199692802665603
R2_F4,2,689,0,0.1632295409212637
R2_F4,2,690,0,0.050715042792452154
R2_F4,2,692,0,0.156345542512478
R2_F4,2,697,0,0.4946248890152933
R2_F4,2,700,0,0.15182432429054435
R2_F4,2,719,0,0.13364853493109563
R2_F4,2,722,0,0.09287768699197668
R2_F4,2,724,0,0.6810834155140785
R2_F4,2,734,0,0.07843423457557268
R2_F4,2,740,0,0.441535068736763
R2_F4,2,745,0,0.0707492178816763
R2_F4,2,752,1,0.6662547004170845
R2_F4,2,756,0,0.06498766563526558
R2_F4,2,758,0,0.3428127723544538
R2_F4,2,761,1,0.2074900526784044
R2_F4,2,769,0,0.6302914944829946
R2_F4,2,788,0,0.3496679937929281
R2_F4,2,790,0,0.07182333236924467
R2_F4,2,792,0,0.05987347373274878
R2_F4,2,795,0,0.6839619079807306
R2_F4,3,4,1,0.741744428921138
R2_F4,3,13,0,0.03659983444790176
R2_F4,3,16,0,0.10651980029780139
R2_F4,3,18,0,0.19604165894229408
R2_F4,3,28,0,0.08157409270464697
R2_F4,3,32,1,0.44457980970346983
R2_F4,3,37,0,0.5442634538127394
R2_F4,3,53,0,0.39372532297836504
R2_F4,3,54,0,0.05373755665570807
R2_F4,3,57,0,0.3912349808117126
R2_F4,3,60,0,0.1574715088683092
R2_F4,3,61,0,0.05302671248908736
R2_F4,3,66,0,0.18035522999597234
R2_F4,3,70,0,0.3543581231887824
R2_F4,3,71,0,0.18374157540303382
R2_F4,3,75,0,0.17096892297647734
R2_F4,3,84,0,0.6449348967857956
R2_F4,3,91,0,0.6122526345381316
R2_F4,3,95,1,0.4525082750436514
R2_F4,3,96,0,0.40106097450305533
R2_F4,3,100,0,0.09747725700919846
R2_F4,3,102,0,0.42360238520940136
R2_F4,3,108,1,0.7729820030527034
R2_F4,3,119,0,0.27402480056302
R2_F4,3,125,0,0.17722738553321785
R2_F4,3,131,0,0.6510440064945242
R2_F4,3,133,0,0.01577525772613153
R2_F4,3,138,0,0.18460875731989632
R2_F4,3,157,1,0.5496268789728059
R2_F4,3,165,0,0.1282983385191986
R2_F4,3,168,0,0.7082786437550976
R2_F4,3,171,0,0.018722833535026587
R2_F4,3,174,1,0.21297874050836518
R2_F4,3,175,0,0.10752026968265345
R2_F4,3,177,0,0.35906428649497024
R2_F4,3,182,1,0.26236134475940825
R2_F4,3,184,0,0.05049114165951632
R2_F4,3,195,0,0.0556240374368721
R2_F4,3,197,0,0.2747314711550096
R2_F4,3,218,0,0.05350332095734179
R2_F4,3,221,0,0.055978475660832694
R2_F4,3,224,0,0.6776042859226887
R2_F4,3,229,1,0.6626043564905073
R2_F4,3,242,0,0.12883069698232688
R2_F4,3,243,1,0.7341426674956608
R2_F4,3,246,0,0.5202361924298048
R2_F4,3,254,0,0.3658957955520768
R2_F4,3,267,1,0.5654976736809113
R2_F4,3,271,0,0.6334102763246797
R2_F4,3,274,0,0.5177223588448451
R2_F4,3,291,1,0.6576696923909782
R2_F4,3,293,0,0.022642684895602064
R2_F4,3,300,0,0.7094031025902757
R2_F4,3,304,0,0.08204927627415871
R2_F4,3,311,0,0.2861618639365445
R2_F4,3,318,0,0.5351757572676399
R2_F4,3,319,0,0.5361131172859598
R2_F4,3,321,1,0.40523679393103434
R2_F4,3,325,1,0.4630017609935466
R2_F4,3,326,0,0.22964190187863087
R2_F4,3,337,0,0.05402902152332969
R2_F4,3,342,0,0.1391402146260344
R2_F4,3,344,1,0.33320186219585407
R2_F4,3,348,0,0.041371842466192736
R2_F4,3,349,0,0.3733087690449406
R2_F4,3,355,0,0.7373542850859396
R2_F4,3,357,0,0.13403309805653826
R2_F4,3,358,0,0.6202649252825662
R2_F4,3,367,0,0.10828514477395051
R2_F4,3,368,0,0.16569227838890574
R2_F4,3,370,1,0.6119883626911041
R2_F4,3,377,0,0.5065960528486446
R2_F4,3,382,0,0.26997296819260613
R2_F4,3,386,1,0.43432229524704047
R2_F4,3,391,0,0.6580858953826904
R2_F4,3,392,0,0.06196099446376823
R2_F4,3,393,0,0.0678049791083094
R2_F4,3,396,0,0.6042860546687773
R2_F4,3,402,1,0.8256102199628111
R2_F4,3,409,1,0.08082619226300253
R2_F4,3,418,1,0.5096822540654402
R2_F4,3,421,0,0.30032164054086524
R2_F4,3,429,0,0.49130006028454226
R2_F4,3,430,0,0.12286488389225596
R2_F4,3,432,1,0.3879962170068514
R2_F4,3,436,0,0.33000368820956655
R2_F4,3,438,0,0.06708002404361561
R2_F4,3,439,0,0.14057447462285588
R2_F4,3,442,0,0.5013597563890954
R2_F4,3,448,1,0.6159570254219876
R2_F4,3,453,0,0.041060848180807526
R2_F4,3,460,0,0.19155896493312294
R2_F4,3,471,1,0.3564134081592781
R2_F4,3,475,0,0.28578675704859446
R2_F4,3,481,0,0.21101809241816968
R2_F4,3,483,1,0.6120355952017172
R2_F4,3,484,1,0.7432737009131815
R2_F4,3,485,1,0.26798742154947325
R2_F4,3,496,0,0.15455427557681314
R2_F4,3,500,0,0.7832902599997608
R2_F4,3,501,1,0.5734341968392239
R2_F4,3,504,1,0.42341470778020324
R2_F4,3,508,1,0.5448218906987489
R2_F4,3,509,0,0.31997863699198786
R2_F4,3,512,0,0.20487050894513611
R2_F4,3,517,0,0.03941434379406284
R2_F4,3,536,0,0.13386704366356086
R2_F4,3,546,0,0.12456477147607181
R2_F4,3,550,0,0.10480054186642758
R2_F4,3,560,0,0.2586417781519427
R2_F4,3,561,1,0.1476059383332395
R2_F4,3,569,0,0.36501218585228656
R2_F4,3,570,0,0.01769965419702874
R2_F4,3,574,1,0.7118519435086915
R2_F4,3,587,0,0.5369799660471035
R2_F4,3,590,0,0.08511651537024308
R2_F4,3,595,0,0.5590937185351617
R2_F4,3,596,0,0.5683112198967639
R2_F4,3,599,0,0.05883146837796835
R2_F4,3,602,1,0.7188498302894267
R2_F4,3,604,0,0.15064090572493757
R2_F4,3,607,1,0.11277511799027412
R2_F4,3,615,0,0.28176449832731937
R2_F4,3,619,0,0.0220773198589921
R2_F4,3,623,0,0.03301227786440573
R2_F4,3,628,0,0.3733525477794301
R2_F4,3,630,0,0.026708804517877983
R2_F4,3,638,0,0.3109588641893169
R2_F4,3,644,0,0.44668026557606905
R2_F4,3,647,0,0.028333618482345595
R2_F4,3,650,0,0.43235887291414904
R2_F4,3,657,1,0.6366978881289984
R2_F4,3,661,0,0.2105635931040325
R2_F4,3,662,0,0.7284903278546895
R2_F4,3,665,0,0.5446137571279485
R2_F4,3,668,1,0.8323318917607399
R2_F4,3,671,1,0.7694696686515697
R2_F4,3,673,0,0.14070040151532692
R2_F4,3,675,1,0.4882144671192768
R2_F4,3,680,0,0.1163038238319835
R2_F4,3,704,0,0.5842053938003674
R2_F4,3,706,1,0.7007429088030043
R2_F4,3,711,1,0.6785709156481959
R2_F4,3,712,1,0.8641612116378186
R2_F4,3,729,1,0.6522491182116826
R2_F4,3,741,1,0.8352196487514721
R2_F4,3,743,0,0.6259698200241182
R2_F4,3,744,1,0.7179839937330442
R2_F4,3,747,0,0.7261186774874991
R2_F4,3,749,0,0.08445558786489239
R2_F4,3,750,0,0.0679342207038373
R2_F4,3,751,0,0.7600830989910969
R2_F4,3,760,0,0.13565714883049623
R2_F4,3,772,0,0.4625315713938229
R2_F4,3,776,0,0.15970174868390186
R2_F4,3,779,1,0.8933642077580904
R2_F4,3,781,0,0.0628929078797034
R2_F4,3,785,0,0.3117461107088106
R2_F4,3,787,0,0.040150953684964796
R2_F4,3,797,0,0.6049649241236932
R2_F4,4,3,0,0.5498911130710943
R2_F4,4,5,0,0.06398853321444216
R2_F4,4,7,1,0.8240510928074481
R2_F4,4,8,1,0.7038546072196658
R2_F4,4,10,1,0.40410305841729893
R2_F4,4,20,0,0.06567092280768122
R2_F4,4,26,0,0.4685940951427299
R2_F4,4,27,0,0.723246756423519
R2_F4,4,36,0,0.47276587054892644
R2_F4,4,38,0,0.2520381139026349
R2_F4,4,40,0,0.18689052339929438
R2_F4,4,41,0,0.07809753298613208
R2_F4,4,42,0,0.15408597718317438
R2_F4,4,45,0,0.22498143715227772
R2_F4,4,46,0,0.19009629801290173
R2_F4,4,49,0,0.2498855808921608
R2_F4,4,50,1,0.28888659363668223
R2_F4,4,62,0,0.46726031393366757
R2_F4,4,65,0,0.1548403239661867
R2_F4,4,69,0,0.18022253333302563
R2_F4,4,77,0,0.3763912681134347
R2_F4,4,78,0,0.23982626200376025
R2_F4,4,82,0,0.14925522522654658
R2_F4,4,86,0,0.10852256152663264
R2_F4,4,87,1,0.45199005263793807
R2_F4,4,88,1,0.455994809140968
R2_F4,4,97,1,0.37296344599497266
R2_F4,4,105,0,0.5197107917347792
R2_F4,4,107,0,0.5475238000838418
R2_F4,4,113,1,0.16004167318822096
R2_F4,4,141,0,0.21807352106469804
R2_F4,4,144,0,0.5120296297804608
R2_F4,4,153,0,0.7069496031252817
R2_F4,4,187,1,0.37637354107366505
R2_F4,4,189,0,0.09582583213105311
R2_F4,4,194,0,0.07582620285677745
R2_F4,4,205,1,0.8035781576627002
R2_F4,4,212,0,0.07323636919482324
R2_F4,4,215,0,0.057621417972897264
R2_F4,4,216,1,0.2908751909986785
R2_F4,4,220,1,0.1608849973196499
R2_F4,4,222,0,0.053606514757223805
R2_F4,4,223,0,0.04451060410600526
R2_F4,4,225,0,0.8534179694491181
R2_F4,4,230,0,0.07525453123402807
R2_F4,4,234,1,0.8365401824420248
R2_F4,4,239,1,0.6300190136436333
R2_F4,4,241,1,0.3914399178968951
R2_F4,4,249,0,0.10777369350306165
R2_F4,4,250,1,0.7695748031712034
R2_F4,4,258,0,0.4043817577185238
R2_F4,4,263,0,0.623074472148568
R2_F4,4,266,1,0.8183432847664237
R2_F4,4,284,0,0.2132722378102667
R2_F4,4,286,0,0.012058110665262906
R2_F4,4,289,0,0.5876055094914937
R2_F4,4,290,0,0.20906570897640941
R2_F4,4,299,0,0.22471736276372226
R2_F4,4,306,0,0.3431299477555371
R2_F4,4,309,0,0.17245580413758685
R2_F4,4,310,0,0.1602063453575465
R2_F4,4,315,0,0.5537250723526076
R2_F4,4,338,1,0.525615350950011
R2_F4,4,345,0,0.4335057031365956
R2_F4,4,354,0,0.06335441389353298
R2_F4,4,356,1,0.23389837352397916
R2_F4,4,363,0,0.11403079776831189
R2_F4,4,366,0,0.2790963967184113
R2_F4,4,372,0,0.28397423237362635
R2_F4,4,373,1,0.31393331813720854
R2_F4,4,375,0,0.2766276929795664
R2_F4,4,384,1,0.5152294992462053
R2_F4,4,385,1,0.42158790155973264
R2_F4,4,388,0,0.1242453391253288
R2_F4,4,389,0,0.3434016182375137
R2_F4,4,390,0,0.2998177413108938
R2_F4,4,400,0,0.2072211428541806
R2_F4,4,408,1,0.7835573337702003
R2_F4,4,410,0,0.08170624223815505
R2_F4,4,411,1,0.37107437668642346
R2_F4,4,412,0,0.25582219961419095
R2_F4,4,413,1,0.5432016764279322
R2_F4,4,416,0,0.2596476216577622
R2_F4,4,423,1,0.9041360757092208
R2_F4,4,428,0,0.300673715762059
R2_F4,4,433,0,0.4857536572872856
R2_F4,4,434,1,0.8354431316077903
R2_F4,4,441,0,0.10716235444926005
R2_F4,4,444,1,0.5492432573878451
R2_F4,4,450,1,0.5668826597762139
R2_F4,4,461,0,0.15096844093931228
R2_F4,4,462,1,0.6253472065941295
R2_F4,4,470,0,0.5544981519352102
R2_F4,4,476,1,0.720704083572989
R2_F4,4,478,1,0.6233938799215902
R2_F4,4,479,1,0.6904459922338955
R2_F4,4,486,0,0.4093591175395974
R2_F4,4,489,1,0.3528532488549292
R2_F4,4,490,0,0.19031807492502087
R2_F4,4,493,0,0.6117206554952338
R2_F4,4,495,1,0.5757229833831562
R2_F4,4,497,0,0.16699389353824468
R2_F4,4,502,0,0.045555770248266236
R2_F4,4,516,1,0.15366720347175852
R2_F4,4,519,1,0.734917019495274
R2_F4,4,522,1,0.5113974773091137
R2_F4,4,529,0,0.5498215865808583
R2_F4,4,532,0,0.33292441650971855
R2_F4,4,535,1,0.5187409554714254
R2_F4,4,547,0,0.2725969176737273
R2_F4,4,548,0,0.2206813353772077
R2_F4,4,554,0,0.47769493204907026
R2_F4,4,559,0,0.09765562781894725
R2_F4,4,564,0,0.629285121126763
R2_F4,4,566,1,0.5014619990846049
R2_F4,4,568,0,0.1911001266889363
R2_F4,4,572,1,0.7479460567819656
R2_F4,4,580,1,0.8351005970375135
R2_F4,4,584,0,0.15827917588713458
R2_F4,4,589,0,0.6610094362278479
R2_F4,4,597,0,0.4769566627614219
R2_F4,4,600,0,0.013055820724902993
R2_F4,4,608,0,0.22947262036493457
R2_F4,4,617,0,0.2820656933235299
R2_F4,4,621,1,0.7705980337760213
R2_F4,4,622,0,0.582422424381002
R2_F4,4,626,0,0.5301853478753124
R2_F4,4,634,0,0.0883433411119046
R2_F4,4,636,0,0.5057952110951053
R2_F4,4,639,1,0.2559670379315967
R2_F4,4,643,0,0.4608006375350849
R2_F4,4,648,0,0.7525943751307881
R2_F4,4,649,1,0.4926388087357761
R2_F4,4,653,1,0.6576331444635115
R2_F4,4,655,0,0.06407821126707287
R2_F4,4,658,0,0.2605982621930703
R2_F4,4,659,0,0.42420009608203585
R2_F4,4,667,1,0.8021102611268658
R2_F4,4,691,0,0.14178434975477935
R2_F4,4,693,1,0.22781334454302551
R2_F4,4,694,1,0.6876942019213123
R2_F4,4,701,0,0.041653973526182546
R2_F4,4,703,0,0.12442236213957153
R2_F4,4,709,0,0.3908007878364788
R2_F4,4,710,0,0.060582172134166175
R2_F4,4,723,0,0.08809879753673604
R2_F4,4,725,0,0.46500367420425565
R2_F4,4,728,0,0.27480691108370914
R2_F4,4,739,1,0.5245047215825743
R2_F4,4,746,0,0.5880286420174209
R2_F4,4,748,1,0.295805017229614
R2_F4,4,754,0,0.4207340935622362
R2_F4,4,757,0,0.02293437806731551
R2_F4,4,759,0,0.7641873663040256
R2_F4,4,764,1,0.5089523891183518
R2_F4,4,768,0,0.33402192242492856
R2_F4,4,778,0,0.2679930901142307
R2_F4,4,783,1,0.6919807333912598
R2_F4,4,784,1,0.24555344858880127
R2_F4,4,789,0,0.8461869017033096
R2_F4,5,6,0,0.5679092477517766
R2_F4,5,14,0,0.778596266823782
R2_F4,5,19,0,0.146590712245351
R2_F4,5,23,0,0.2685654847758418
R2_F4,5,24,0,0.18392517561719687
R2_F4,5,29,0,0.5581006170243803
R2_F4,5,34,0,0.24979681361858863
R2_F4,5,39,1,0.46981339984905485
R2_F4,5,52,1,0.757128128112631
R2_F4,5,58,0,0.6147704935047212
R2_F4,5,67,0,0.7274859895955362
R2_F4,5,68,1,0.05804475392533684
R2_F4,5,79,1,0.8948537060513901
R2_F4,5,90,0,0.4915885095290311
R2_F4,5,94,0,0.030979105969057844
R2_F4,5,98,0,0.28817888412563214
R2_F4,5,99,1,0.6571576367984474
R2_F4,5,101,0,0.14809996463752992
R2_F4,5,112,0,0.16103776029702607
R2_F4,5,114,0,0.1886136985817757
R2_F4,5,116,0,0.8287629658712916
R2_F4,5,117,0,0.7167240976760575
R2_F4,5,123,0,0.7213016256779019
R2_F4,5,124,0,0.02370297718501804
R2_F4,5,132,0,0.36934966405421027
R2_F4,5,140,1,0.8125918483148326
R2_F4,5,148,1,0.6925303766723091
R2_F4,5,150,0,0.0992094248386368
R2_F4,5,158,1,0.20312327168967811
R2_F4,5,159,0,0.032598742077338844
R2_F4,5,160,1,0.7598399357044706
R2_F4,5,164,0,0.874958687793023
R2_F4,5,167,0,0.06478936904144754
R2_F4,5,170,0,0.031187184513957678
R2_F4,5,172,0,0.03481588624713091
R2_F4,5,176,0,0.700986516665974
R2_F4,5,186,1,0.6837800588699995
R2_F4,5,191,1,0.6553852746197483
R2_F4,5,196,0,0.5086504193050375
R2_F4,5,198,1,0.08832827065775774
R2_F4,5,199,0,0.15546727450169892
R2_F4,5,202,0,0.1328889839525019
R2_F4,5,207,0,0.024299727413643443
R2_F4,5,211,0,0.1353644536692161
R2_F4,5,217,1,0.7720159383784376
R2_F4,5,219,0,0.24250532936756594
R2_F4,5,233,0,0.2046878249804688
R2_F4,5,245,0,0.5845441930282945
R2_F4,5,247,0,0.4474433230407591
R2_F4,5,259,0,0.15562780452095804
R2_F4,5,264,0,0.3052015906609456
R2_F4,5,277,0,0.07063136368745808
R2_F4,5,281,1,0.2584838115721748
R2_F4,5,292,0,0.02880623257565083
R2_F4,5,295,1,0.5504932728164349
R2_F4,5,297,0,0.2257661632918028
R2_F4,5,298,0,0.04574607394902545
R2_F4,5,303,0,0.07027736934714283
R2_F4,5,307,1,0.761563817665281
R2_F4,5,313,0,0.43123470848612616
R2_F4,5,320,0,0.5892170422571578
R2_F4,5,322,0,0.04870431139210433
R2_F4,5,330,0,0.09594431922058373
R2_F4,5,339,0,0.5808679509696602
R2_F4,5,340,1,0.7707446118444503
R2_F4,5,359,1,0.26259009846566905
R2_F4,5,360,1,0.7378543450275691
R2_F4,5,364,0,0.10473699140143343
R2_F4,5,365,1,0.4636834888034018
R2_F4,5,369,0,0.032566897027049485
R2_F4,5,371,0,0.19424158905892577
R2_F4,5,374,0,0.3826806957981621
R2_F4,5,380,0,0.37899083412574536
R2_F4,5,397,0,0.04829670064182976
R2_F4,5,399,0,0.06223069736956416
R2_F4,5,403,0,0.04663431309674835
R2_F4,5,405,0,0.3018802166184085
R2_F4,5,417,0,0.23464660880154006
R2_F4,5,419,0,0.4418546392373139
R2_F4,5,420,0,0.044786866775546295
R2_F4,5,425,0,0.4742710131858641
R2_F4,5,426,0,0.12465056942220361
R2_F4,5,427,1,0.866652174528487
R2_F4,5,431,0,0.11216337497746699
R2_F4,5,435,1,0.31482624204215476
R2_F4,5,443,0,0.38536148515467605
R2_F4,5,449,0,0.47783220127455356
R2_F4,5,459,0,0.3486851400787234
R2_F4,5,463,0,0.31975193712563876
R2_F4,5,464,1,0.6293403802149514
R2_F4,5,465,0,0.3138985337137136
R2_F4,5,469,0,0.2563370358923416
R2_F4,5,472,1,0.21661385408492292
R2_F4,5,473,0,0.14088450432818478
R2_F4,5,474,0,0.5175102628063181
R2_F4,5,480,1,0.35163796746876447
R2_F4,5,492,1,0.189474824398658
R2_F4,5,506,0,0.03380712906482772
R2_F4,5,510,0,0.08065154654634164
R2_F4,5,515,0,0.3812023746606161
R2_F4,5,523,1,0.3781299548310361
R2_F4,5,525,0,0.43420728481174553
R2_F4,5,527,0,0.26830752959908005
R2_F4,5,528,0,0.7434704373915326
R2_F4,5,533,0,0.5920645554900068
R2_F4,5,537,0,0.15645272206182662
R2_F4,5,539,0,0.38551133898540907
R2_F4,5,540,0,0.14327106318564298
R2_F4,5,553,0,0.356040180553872
R2_F4,5,557,0,0.08399933670500874
R2_F4,5,562,0,0.2749176629381222
R2_F4,5,565,0,0.16337474084059614
R2_F4,5,571,0,0.32472525611385505
R2_F4,5,573,0,0.02084347483579706
R2_F4,5,576,1,0.44794373027671797
R2_F4,5,578,0,0.08246265187578204
R2_F4,5,583,1,0.563238609619734
R2_F4,5,591,1,0.7772418205803673
R2_F4,5,592,0,0.6493104098627397
R2_F4,5,598,1,0.6256532835330969
R2_F4,5,606,0,0.03183610908421456
R2_F4,5,612,0,0.28309432675309254
R2_F4,5,613,1,0.6616587382921134
R2_F4,5,625,0,0.057841499194407925
R2_F4,5,629,0,0.02488579543550652
R2_F4,5,631,1,0.6285453638968862
R2_F4,5,633,1,0.3454926104682839
R2_F4,5,652,1,0.5928158241301624
R2_F4,5,663,1,0.41496715582727806
R2_F4,5,664,1,0.4643390235283506
R2_F4,5,669,0,0.2068158590705358
R2_F4,5,670,1,0.2393455846568471
R2_F4,5,672,0,0.11746216872220061
R2_F4,5,674,0,0.05319990603865841
R2_F4,5,676,0,0.14851183604031784
R2_F4,5,683,1,0.3565498201051778
R2_F4,5,686,0,0.11526974157394332
R2_F4,5,687,1,0.8320459740551561
R2_F4,5,707,0,0.04006142529111943
R2_F4,5,708,0,0.08234609212109865
R2_F4,5,713,0,0.27261008290988825
R2_F4,5,714,0,0.5974614479814261
R2_F4,5,715,0,0.661016106955019
R2_F4,5,716,0,0.37458244315119177
R2_F4,5,720,1,0.42073793754167266
R2_F4,5,721,1,0.566753455486619
R2_F4,5,727,0,0.30363592873811435
R2_F4,5,731,0,0.09108188722181843
R2_F4,5,735,1,0.731746366148342
R2_F4,5,737,0,0.19854159700762766
R2_F4,5,762,1,0.02552973412554033
R2_F4,5,765,1,0.3341663847314014
R2_F4,5,766,1,0.6625274716996858
R2_F4,5,767,0,0.802088045893966
R2_F4,5,770,0,0.5824936836160794
R2_F4,5,771,0,0.3515348475892084
R2_F4,5,780,0,0.2923531841173206
R2_F4,5,794,0,0.5009932526032039
R2_F4,5,798,1,0.8361605198742441
R2_F4,5,799,0,0.2746576259336636
R2_F5,1,0,0,0.07701828486508516
R2_F5,1,6,0,0.055595840914002805
R2_F5,1,9,0,0.295135842519907
R2_F5,1,35,0,0.18341174032532492
R2_F5,1,42,0,0.5897628793976086
R2_F5,1,54,0,0.026501471938846832
R2_F5,1,56,0,0.5686843947710484
R2_F5,1,63,0,0.20827473312002198
R2_F5,1,64,0,0.3605778614483183
R2_F5,1,65,0,0.41426011734478685
R2_F5,1,68,0,0.4946923031763249
R2_F5,1,79,0,0.12677622255052823
R2_F5,1,83,0,0.07064584705422382
R2_F5,1,85,0,0.38875920504178113
R2_F5,1,113,0,0.24547274481862824
R2_F5,1,118,0,0.6855085779661284
R2_F5,1,123,0,0.09425983714233167
R2_F5,1,128,0,0.0665963576403187
R2_F5,1,133,0,0.10247231785451111
R2_F5,1,136,0,0.23973534596582768
R2_F5,1,142,0,0.6326358814535825
R2_F5,1,144,0,0.07050353716862602
R2_F5,1,152,1,0.3968979474491177
R2_F5,1,154,1,0.13518221646440107
R2_F5,1,155,1,0.5725210370176467
R2_F5,1,157,0,0.05613833237154476
R2_F5,1,163,0,0.2763023831921778
R2_F5,1,164,1,0.4667957744912436
R2_F5,1,173,1,0.7125777595427017
R2_F5,1,194,0,0.4919445903391249
R2_F5,1,196,0,0.061232387527042666
R2_F5,1,199,0,0.3031260973401937
R2_F5,1,205,0,0.25305792095346596
R2_F5,1,206,1,0.6846700058970953
R2_F5,1,207,0,0.19623416835729027
R2_F5,1,216,1,0.34239120132585743
R2_F5,1,218,0,0.3964535780171123
R2_F5,1,221,0,0.06163193742648015
R2_F5,1,222,0,0.0995644363790374
R2_F5,1,223,0,0.7524824155549666
R2_F5,1,234,0,0.4599065927104184
R2_F5,1,240,0,0.483301940146232
R2_F5,1,244,0,0.056964838758880636
R2_F5,1,251,1,0.4464034430506363
R2_F5,1,257,0,0.5235650426419887
R2_F5,1,259,1,0.424602959721707
R2_F5,1,271,1,0.6598227160069187
R2_F5,1,272,0,0.6320958189340913
R2_F5,1,273,0,0.4673568956480689
R2_F5,1,276,0,0.6381282696646399
R2_F5,1,278,0,0.07079411879719168
R2_F5,1,281,0,0.06690367581434473
R2_F5,1,289,1,0.3014804147433771
R2_F5,1,297,0,0.03130231017793079
R2_F5,1,299,1,0.710769136017945
R2_F5,1,311,0,0.3334849479108488
R2_F5,1,316,0,0.2623340282156722
R2_F5,1,317,0,0.16942235741242265
R2_F5,1,322,0,0.5195090988625571
R2_F5,1,327,0,0.3228900461880859
R2_F5,1,338,1,0.5293952000018354
R2_F5,1,344,1,0.2254653599772607
R2_F5,1,350,0,0.09578580386783801
R2_F5,1,353,0,0.22259916126371496
R2_F5,1,359,1,0.41364949668166656
R2_F5,1,360,0,0.1601803968866271
R2_F5,1,361,1,0.8180031764816266
R2_F5,1,378,0,0.07476872843535336
R2_F5,1,384,0,0.17562917395783975
R2_F5,1,388,0,0.31891758016567806
R2_F5,1,392,0,0.09661198782130564
R2_F5,1,398,0,0.1632159422218864
R2_F5,1,401,0,0.19084512863711015
R2_F5,1,407,0,0.21198644353649565
R2_F5,1,413,0,0.1326153261120616
R2_F5,1,427,1,0.49763440973217604
R2_F5,1,434,0,0.469987615918698
R2_F5,1,438,0,0.12733031199239833
R2_F5,1,439,1,0.7200913532794236
R2_F5,1,450,1,0.4653556729390907
R2_F5,1,455,0,0.4389183573775158
R2_F5,1,459,1,0.8318159610037851
R2_F5,1,461,0,0.1383448743662231
R2_F5,1,469,0,0.2192466721992793
R2_F5,1,473,0,0.3764289563968643
R2_F5,1,477,0,0.5814548969851256
R2_F5,1,481,1,0.7845342633776339
R2_F5,1,495,0,0.2657298464399666
R2_F5,1,506,1,0.6728138645148031
R2_F5,1,507,0,0.3854067661964955
R2_F5,1,510,0,0.4980107301200771
R2_F5,1,517,0,0.2246231312556106
R2_F5,1,519,0,0.7257090797107649
R2_F5,1,524,0,0.5925600086790582
R2_F5,1,527,0,0.7850382130125716
R2_F5,1,534,0,0.40601638881280816
R2_F5,1,538,0,0.2067989475033946
R2_F5,1,548,0,0.18640288878319602
R2_F5,1,549,0,0.2520871215331134
R2_F5,1,550,0,0.4929775912649507
R2_F5,1,552,0,0.09857672833136494
R2_F5,1,555,0,0.42627289559038656
R2_F5,1,564,0,0.36663413578202
R2_F5,1,572,0,0.040020384889506544
R2_F5,1,573,0,0.24593219984637127
R2_F5,1,574,1,0.8165719778575585
R2_F5,1,575,0,0.07644259813198698
R2_F5,1,580,1,0.22520333689312164
R2_F5,1,583,1,0.5617156900622522
R2_F5,1,584,0,0.1703282979281986
R2_F5,1,586,0,0.23542323982679406
R2_F5,1,587,0,0.5351842610161023
R2_F5,1,590,0,0.10749464337108039
R2_F5,1,591,0,0.07462373891852121
R2_F5,1,596,0,0.05833475453071618
R2_F5,1,603,1,0.07148710387816873
R2_F5,1,610,1,0.21245526098498013
R2_F5,1,614,0,0.09696393593134538
R2_F5,1,618,0,0.2711952155226668
R2_F5,1,619,0,0.3783813574761754
R2_F5,1,621,0,0.11744836308903339
R2_F5,1,627,0,0.4537716981618707
R2_F5,1,633,0,0.07551204203323518
R2_F5,1,634,0,0.06532914070664159
R2_F5,1,640,0,0.22581842995511323
R2_F5,1,649,1,0.3997170463132778
R2_F5,1,653,0,0.05478659210046941
R2_F5,1,654,1,0.46513568857513626
R2_F5,1,672,0,0.27953916377423627
R2_F5,1,673,0,0.16779463989117874
R2_F5,1,677,1,0.4210186645889062
R2_F5,1,682,1,0.5952976252137095
R2_F5,1,688,0,0.36456081760987474
R2_F5,1,690,0,0.18560042459827206
R2_F5,1,692,0,0.6607618683543123
R2_F5,1,694,0,0.03759925049361177
R2_F5,1,699,1,0.4276490179820775
R2_F5,1,708,0,0.48174340517250225
R2_F5,1,713,0,0.10889728093256494
R2_F5,1,714,0,0.8321348962464955
R2_F5,1,719,0,0.10534123726709038
R2_F5,1,721,0,0.08634540805688849
R2_F5,1,732,1,0.6594116620652467
R2_F5,1,737,1,0.7494002364730236
R2_F5,1,741,1,0.3780634821446851
R2_F5,1,742,0,0.13108428855065427
R2_F5,1,750,0,0.1674745055134886
R2_F5,1,757,0,0.2042453384889793
R2_F5,1,762,0,0.1502533606344061
R2_F5,1,763,0,0.08114341466365625
R2_F5,1,764,1,0.7835183033525283
R2_F5,1,770,0,0.35241132662277086
R2_F5,1,771,0,0.4428201414690521
R2_F5,1,773,0,0.25198954443535354
R2_F5,1,775,0,0.3102807023713174
R2_F5,1,776,0,0.32918184556982477
R2_F5,1,781,0,0.5052452623817466
R2_F5,1,782,0,0.22406237711445295
R2_F5,1,790,0,0.12064953537632662
R2_F5,1,792,0,0.4674233937025137
R2_F5,2,12,1,0.6154455652050482
R2_F5,2,16,0,0.2992164961749753
R2_F5,2,28,0,0.21484890249862407
R2_F5,2,33,0,0.15184498799022123
R2_F5,2,37,0,0.21227296743548738
R2_F5,2,38,0,0.04185917852990248
R2_F5,2,43,0,0.43866461725921796
R2_F5,2,45,0,0.26314015464276697
R2_F5,2,46,0,0.05605256119511932
R2_F5,2,47,1,0.7449455761377356
R2_F5,2,49,0,0.2526088845231271
R2_F5,2,51,1,0.5503284036182696
R2_F5,2,52,0,0.1646886644156009
R2_F5,2,59,1,0.7477543250637836
R2_F5,2,66,0,0.2767356290678847
R2_F5,2,76,0,0.05193306944246293
R2_F5,2,87,0,0.348001059905988
R2_F5,2,93,0,0.3334610398045166
R2_F5,2,102,0,0.47687545738357445
R2_F5,2,107,1,0.8070681476168181
R2_F5,2,108,0,0.40750017434052066
R2_F5,2,109,0,0.45424011100754896
R2_F5,2,119,0,0.36013268223693556
R2_F5,2,129,0,0.10225555907162924
R2_F5,2,132,0,0.7209111465837749
R2_F5,2,149,1,0.6797569063864839
R2_F5,2,151,0,0.39112890372786663
R2_F5,2,178,0,0.267630616771238
R2_F5,2,181,0,0.19118494825890897
R2_F5,2,185,1,0.030659451976113878
R2_F5,2,188,0,0.07602597824141394
R2_F5,2,191,1,0.41430125661979633
R2_F5,2,193,0,0.07566712381517539
R2_F5,2,198,0,0.0886697209777882
R2_F5,2,213,0,0.588884432172147
R2_F5,2,217,0,0.07400340713163105
R2_F5,2,224,1,0.5172751904973071
R2_F5,2,230,0,0.2170599503484789
R2_F5,2,233,0,0.1214087166071976
R2_F5,2,236,0,0.7431816726456598
R2_F5,2,238,0,0.06926673249349558
R2_F5,2,239,1,0.5516396068862073
R2_F5,2,243,0,0.14334879695415684
R2_F5,2,246,1,0.41215661490328315
R2_F5,2,247,0,0.4333360372633728
R2_F5,2,254,0,0.32720908333856763
R2_F5,2,255,0,0.080190465484985
R2_F5,2,258,0,0.4972957662856417
R2_F5,2,263,0,0.16165386883902985
R2_F5,2,265,0,0.32050077370530955
R2_F5,2,268,1,0.42525631650547857
R2_F5,2,277,0,0.3288002296652406
R2_F5,2,286,0,0.3065626088686262
R2_F5,2,300,0,0.4856609894952147
R2_F5,2,304,1,0.7207709489453517
R2_F5,2,312,0,0.4539690245781649
R2_F5,2,320,0,0.06539393873550975
R2_F5,2,325,0,0.16666405435488593
R2_F5,2,326,0,0.22497345328893859
R2_F5,2,331,0,0.14027978604056343
R2_F5,2,332,1,0.07651326587704965
R2_F5,2,347,0,0.03442627739832498
R2_F5,2,357,0,0.6071452778816369
R2_F5,2,358,0,0.5205662630791482
R2_F5,2,371,0,0.44756988175712237
R2_F5,2,375,0,0.32775274096789464
R2_F5,2,376,1,0.6409218161140829
R2_F5,2,379,1,0.5022310612258923
R2_F5,2,383,1,0.8163452698361908
R2_F5,2,386,0,0.1437656133312694
R2_F5,2,390,0,0.5342801179973202
R2_F5,2,391,0,0.12750305791806305
R2_F5,2,399,0,0.1524458702079985
R2_F5,2,400,1,0.8417524487753694
R2_F5,2,402,1,0.8814166698008968
R2_F5,2,405,1,0.7093952921233876
R2_F5,2,414,0,0.13135311649320705
R2_F5,2,420,1,0.9129072025999262
R2_F5,2,421,0,0.07220646534985341
R2_F5,2,424,0,0.012141513101433304
R2_F5,2,426,0,0.6116055515839919
R2_F5,2,429,0,0.08987004103380418
R2_F5,2,436,0,0.3929674558913409
R2_F5,2,441,0,0.19241129723982933
R2_F5,2,442,1,0.5126561296373808
R2_F5,2,443,0,0.07543284073658617
R2_F5,2,451,0,0.4892665787002319
R2_F5,2,471,1,0.7910092336494929
R2_F5,2,472,0,0.34759311516809693
R2_F5,2,474,1,0.5178085083589007
R2_F5,2,482,1,0.7544952863039577
R2_F5,2,485,0,0.3172343431817068
R2_F5,2,486,0,0.6870675947040411
R2_F5,2,496,1,0.6885261284173664
R2_F5,2,501,0,0.7015690503828655
R2_F5,2,502,0,0.10354461023629613
R2_F5,2,503,1,0.38076771396296144
R2_F5,2,508,1,0.7794975622903685
R2_F5,2,514,0,0.5603577990910836
R2_F5,2,518,1,0.32098988129023426
R2_F5,2,522,1,0.7790730433659835
R2_F5,2,525,1,0.7048323905326882
R2_F5,2,530,1,0.6391221737152867
R2_F5,2,536,0,0.13212487074255894
R2_F5,2,537,0,0.3084320437521771
R2_F5,2,542,0,0.18136524600578915
R2_F5,2,543,0,0.09766490654873226
R2_F5,2,546,0,0.22033266545863908
R2_F5,2,547,0,0.11233009827089983
R2_F5,2,551,0,0.6117289061303262
R2_F5,2,556,0,0.5639115551150437
R2_F5,2,558,0,0.0534418492028158
R2_F5,2,563,1,0.5258254422486592
R2_F5,2,565,0,0.5724326993316603
R2_F5,2,581,1,0.6824924380570135
R2_F5,2,582,1,0.5573237213488762
R2_F5,2,588,1,0.6129509368283729
R2_F5,2,592,0,0.6540356629434325
R2_F5,2,594,0,0.13762957811223028
R2_F5,2,602,0,0.09113134216032581
R2_F5,2,607,0,0.1859757711257939
R2_F5,2,615,0,0.2489162342502409
R2_F5,2,616,1,0.7909496651524502
R2_F5,2,617,0,0.021485746633883338
R2_F5,2,620,1,0.8009331951159187
R2_F5,2,622,0,0.32372929845761417
R2_F5,2,624,0,0.5895191742856879
R2_F5,2,639,0,0.19395603775794243
R2_F5,2,641,0,0.3178639341734742
R2_F5,2,643,0,0.6336325277725723
R2_F5,2,645,0,0.5347248417225648
R2_F5,2,647,1,0.7147334361204546
R2_F5,2,651,0,0.7820382517224589
R2_F5,2,652,0,0.1098523544596187
R2_F5,2,658,0,0.5194385015883364
R2_F5,2,666,0,0.23342173714113476
R2_F5,2,668,1,0.6896147906228877
R2_F5,2,675,0,0.2798725084324401
R2_F5,2,678,0,0.12101465343753892
R2_F5,2,681,0,0.10047158484306697
R2_F5,2,696,0,0.18837965802330556
R2_F5,2,702,0,0.06654832222424852
R2_F5,2,704,1,0.8722430627680756
R2_F5,2,725,0,0.15031828431658165
R2_F5,2,726,0,0.5294774394699563
R2_F5,2,735,1,0.5841625230537695
R2_F5,2,736,0,0.5009300813003196
R2_F5,2,738,0,0.06227423073554166
R2_F5,2,739,0,0.6485025764841212
R2_F5,2,740,0,0.5545132619664517
R2_F5,2,747,0,0.06656010507221355
R2_F5,2,752,0,0.8026177999448804
R2_F5,2,759,1,0.6703737698231538
R2_F5,2,765,0,0.4645094538487655
R2_F5,2,766,0,0.03538013791088327
R2_F5,2,769,1,0.1263436828952316
R2_F5,2,783,1,0.35870157634389255
R2_F5,2,786,0,0.5104315592776693
R2_F5,2,788,0,0.12883587874163993
R2_F5,2,789,0,0.47795771691461103
R2_F5,3,2,1,0.7729987028554671
R2_F5,3,3,0,0.3778823328951047
R2_F5,3,10,1,0.568717805572465
R2_F5,3,13,0,0.040181350992922894
R2_F5,3,15,0,0.0982489359729339
R2_F5,3,20,0,0.14117659029290905
R2_F5,3,21,0,0.23415741073264504
R2_F5,3,22,0,0.18602161525064295
R2_F5,3,29,0,0.2838015691956384
R2_F5,3,30,0,0.3136005213646873
R2_F5,3,34,0,0.275777332656095
R2_F5,3,39,1,0.7247761373456542
R2_F5,3,40,0,0.19956008105629433
R2_F5,3,41,1,0.13686854189054792
R2_F5,3,60,0,0.13570963894073093
R2_F5,3,70,0,0.6155587904152264
R2_F5,3,71,1,0.5731485349417894
R2_F5,3,73,0,0.13856815460631564
R2_F5,3,75,0,0.19006296640265133
R2_F5,3,78,0,0.29802373883141203
R2_F5,3,80,0,0.49076287346712083
R2_F5,3,81,0,0.6867144565626223
R2_F5,3,84,1,0.18190872180561468
R2_F5,3,89,1,0.5649708600039222
R2_F5,3,92,1,0.4989450577256376
R2_F5,3,95,0,0.17631220286003613
R2_F5,3,101,0,0.39470827428439925
R2_F5,3,105,1,0.4229382262643208
R2_F5,3,106,0,0.4489730838709394
R2_F5,3,114,0,0.078569298309541
R2_F5,3,115,0,0.6036052496217453
R2_F5,3,116,1,0.5001217328248045
R2_F5,3,125,0,0.4117420049759266
R2_F5,3,141,1,0.12392957380539742
R2_F5,3,146,1,0.24081612274185882
R2_F5,3,153,0,0.3551038119366323
R2_F5,3,156,1,0.28254881028098916
R2_F5,3,159,0,0.04715548148289236
R2_F5,3,161,0,0.10805942803457691
R2_F5,3,165,0,0.09363480643077537
R2_F5,3,170,0,0.036021713751607606
R2_F5,3,175,0,0.041860498467674555
R2_F5,3,177,0,0.8165056610029563
R2_F5,3,184,1,0.561539430989976
R2_F5,3,186,0,0.7506811001709285
R2_F5,3,190,1,0.7025110320419466
R2_F5,3,201,0,0.0678329979418062
R2_F5,3,203,0,0.11913850954573484
R2_F5,3,204,0,0.13100596366599382
R2_F5,3,209,0,0.21734176633144187
R2_F5,3,211,0,0.08696277869634801
R2_F5,3,227,0,0.09170449417950179
R2_F5,3,231,0,0.08090875218272202
R2_F5,3,250,0,0.10247265182493907
R2_F5,3,252,0,0.4959695877772432
R2_F5,3,256,1,0.8536312988670289
R2_F5,3,262,0,0.0487764124951637
R2_F5,3,264,0,0.33485302353763463
R2_F5,3,267,1,0.7594609408840042
R2_F5,3,274,0,0.6202676545691528
R2_F5,3,275,0,0.6319899019649468
R2_F5,3,283,1,0.18764683758432765
R2_F5,3,284,0,0.017430021190019022
R2_F5,3,292,0,0.06414045955145055
R2_F5,3,295,1,0.673319814812228
R2_F5,3,298,0,0.7632491651618519
R2_F5,3,305,0,0.15993208487928443
R2_F5,3,306,0,0.09497630571267729
R2_F5,3,310,0,0.43067808649974193
R2_F5,3,315,0,0.1746251708275616
R2_F5,3,319,0,0.16083639089931964
R2_F5,3,329,1,0.4202405666877653
R2_F5,3,334,0,0.040311728314969895
R2_F5,3,335,0,0.11980213851254623
R2_F5,3,337,0,0.056193660460712815
R2_F5,3,339,0,0.680026446336691
R2_F5,3,340,0,0.24812074863763978
R2_F5,3,341,1,0.5602779818335749
R2_F5,3,348,0,0.25429578898605193
R2_F5,3,351,1,0.4490838441256068
R2_F5,3,355,0,0.694009903379805
R2_F5,3,356,0,0.20787715679087218
R2_F5,3,368,1,0.6357469912386012
R2_F5,3,369,0,0.2684469326393945
R2_F5,3,380,1,0.6401318299891312
R2_F5,3,387,0,0.23111929183931798
R2_F5,3,389,0,0.7355396898842695
R2_F5,3,393,0,0.08366363548681433
R2_F5,3,397,0,0.13451565591814685
R2_F5,3,404,0,0.03306700329081755
R2_F5,3,417,0,0.06488555469556151
R2_F5,3,430,0,0.21835805626089963
R2_F5,3,431,1,0.3419455547561272
R2_F5,3,433,1,0.8841254736978738
R2_F5,3,437,1,0.08556968345809861
R2_F5,3,448,1,0.6595528973338828
R2_F5,3,449,1,0.39183199470927305
R2_F5,3,453,1,0.48895482022532716
R2_F5,3,470,0,0.16891835461539806
R2_F5,3,480,1,0.4882258411376305
R2_F5,3,483,1,0.191018748374718
R2_F5,3,487,0,0.1739520975029131
R2_F5,3,492,0,0.47225081594744817
R2_F5,3,498,0,0.10512815514694929
R2_F5,3,499,1,0.2742730036227967
R2_F5,3,500,1,0.11034978739627228
R2_F5,3,512,1,0.706368715470754
R2_F5,3,515,1,0.27680634550124755
R2_F5,3,526,0,0.15380341050035937
R2_F5,3,531,0,0.17710185688043267
R2_F5,3,532,0,0.10755662329082956
R2_F5,3,535,1,0.4710533604840054
R2_F5,3,539,0,0.6472327501173059
R2_F5,3,541,1,0.19327660109226732
R2_F5,3,545,0,0.7324092333062593
R2_F5,3,553,0,0.7137023737325175
R2_F5,3,557,0,0.20641998939711495
R2_F5,3,567,1,0.7256641117363064
R2_F5,3,593,1,0.716761803864299
R2_F5,3,599,0,0.032988635091593645
R2_F5,3,600,0,0.24696471567847908
R2_F5,3,606,1,0.03492908433101826
R2_F5,3,609,0,0.5015421087709732
R2_F5,3,611,0,0.3063923563663729
R2_F5,3,623,0,0.05358791212277014
R2_F5,3,628,0,0.14511470360493137
R2_F5,3,631,1,0.7612287225200814
R2_F5,3,632,1,0.2447007004702668
R2_F5,3,637,1,0.1325867431452428
R2_F5,3,638,0,0.19355628859981755
R2_F5,3,642,0,0.22446641629280104
R2_F5,3,644,0,0.05400734547417743
R2_F5,3,660,1,0.17572756078698706
R2_F5,3,662,1,0.8873353989018155
R2_F5,3,663,1,0.8565560410677158
R2_F5,3,670,1,0.37936584011893126
R2_F5,3,671,0,0.17921037229009587
R2_F5,3,680,0,0.3378499418638563
R2_F5,3,683,0,0.05131333653214571
R2_F5,3,685,1,0.6174984237032746
R2_F5,3,687,1,0.110507838145299
R2_F5,3,689,0,0.6909226527305949
R2_F5,3,693,0,0.21266602404832527
R2_F5,3,701,0,0.2244791255796961
R2_F5,3,703,1,0.2763664454497645
R2_F5,3,715,0,0.03391978331248443
R2_F5,3,716,0,0.08443928142374797
R2_F5,3,722,0,0.4985341454480337
R2_F5,3,723,0,0.24314376727136724
R2_F5,3,730,1,0.362770875411412
R2_F5,3,731,0,0.031364609471177175
R2_F5,3,733,0,0.17974994489926033
R2_F5,3,743,0,0.6660859596683929
R2_F5,3,744,1,0.4466609427603769
R2_F5,3,768,0,0.20791674090704626
R2_F5,3,772,1,0.27194936790159524
R2_F5,3,778,1,0.8930582862162838
R2_F5,3,779,1,0.8489765009794582
R2_F5,3,791,0,0.3168817881020224
R2_F5,3,794,0,0.11003443109667632
R2_F5,4,1,0,0.0764188757404586
R2_F5,4,11,0,0.7920430642904731
R2_F5,4,14,0,0.8054695329542195
R2_F5,4,18,0,0.0956774230105759
R2_F5,4,19,0,0.01859345572008562
R2_F5,4,27,0,0.3332648165449978
R2_F5,4,36,0,0.3392385202742023
R2_F5,4,50,0,0.3401553856792752
R2_F5,4,53,0,0.5498657562080879
R2_F5,4,55,0,0.29869233769937487
R2_F5,4,57,1,0.6373518118283686
R2_F5,4,61,0,0.5806899706310255
R2_F5,4,62,1,0.13882412847128092
R2_F5,4,67,0,0.0431048234722107
R2_F5,4,69,1,0.8585165887646022
R2_F5,4,72,0,0.0347630003099815
R2_F5,4,74,1,0.08802455293370463
R2_F5,4,77,0,0.45327765971781747
R2_F5,4,88,0,0.503081176690462
R2_F5,4,90,0,0.2790695384142395
R2_F5,4,94,1,0.34911502003622125
R2_F5,4,99,0,0.33227704453180523
R2_F5,4,100,1,0.26933289605332045
R2_F5,4,110,0,0.43514227811549183
R2_F5,4,112,1,0.24330235755671872
R2_F5,4,126,0,0.23227945505075917
R2_F5,4,130,0,0.32654284667272904
R2_F5,4,131,0,0.08727453366816679
R2_F5,4,134,1,0.7309361720458742
R2_F5,4,135,0,0.29071258269400496
R2_F5,4,137,1,0.865099215989782
R2_F5,4,138,0,0.10970756067467141
R2_F5,4,150,1,0.4833502077266109
R2_F5,4,166,0,0.5860373183270369
R2_F5,4,171,0,0.018721308302037904
R2_F5,4,176,0,0.8194363568451523
R2_F5,4,182,0,0.657299418670397
R2_F5,4,183,1,0.6107379112100276
R2_F5,4,189,0,0.007917503129239865
R2_F5,4,192,1,0.5231328646538481
R2_F5,4,208,0,0.12868249490625588
R2_F5,4,210,0,0.0665880881748312
R2_F5,4,214,0,0.2686507537432411
R2_F5,4,219,1,0.6168299143944166
R2_F5,4,220,0,0.07958673666837766
R2_F5,4,225,1,0.8700186853868245
R2_F5,4,226,0,0.08413186225298984
R2_F5,4,228,0,0.3701827540570057
R2_F5,4,235,0,0.8678816631345242
R2_F5,4,237,0,0.14350619135849485
R2_F5,4,241,1,0.7734728643586627
R2_F5,4,242,0,0.12220741260632839
R2_F5,4,245,0,0.08301968195307968
R2_F5,4,249,0,0.06523877461478896
R2_F5,4,253,0,0.4488619718779881
R2_F5,4,261,0,0.43678660021529264
R2_F5,4,269,1,0.8040511255251461
R2_F5,4,270,1,0.12086972546510683
R2_F5,4,282,0,0.204605248776956
R2_F5,4,285,1,0.7395525646720326
R2_F5,4,290,0,0.08765759292315839
R2_F5,4,291,1,0.6204421064560002
R2_F5,4,296,0,0.07334688910628077
R2_F5,4,301,0,0.2010198073709271
R2_F5,4,302,0,0.6082501693378125
R2_F5,4,307,1,0.903106920020455
R2_F5,4,308,0,0.08347326624510369
R2_F5,4,313,0,0.09393740090346799
R2_F5,4,321,0,0.6250441540644504
R2_F5,4,323,1,0.41979828986122597
R2_F5,4,328,0,0.31053455458779383
R2_F5,4,333,0,0.6193623924887665
R2_F5,4,342,0,0.22770576887701247
R2_F5,4,343,0,0.06806683894986278
R2_F5,4,352,0,0.20041978918342465
R2_F5,4,354,0,0.08829170586405476
R2_F5,4,365,0,0.07560289945994632
R2_F5,4,366,0,0.32084015460427834
R2_F5,4,373,0,0.347416019732041
R2_F5,4,374,0,0.15711024931126213
R2_F5,4,381,1,0.6532817800035984
R2_F5,4,382,0,0.058839905715335816
R2_F5,4,385,0,0.44974432499129513
R2_F5,4,403,1,0.06497171078023019
R2_F5,4,408,1,0.5598157276251466
R2_F5,4,410,0,0.21319105048770817
R2_F5,4,411,0,0.31883053633107433
R2_F5,4,416,0,0.4591751684884368
R2_F5,4,422,0,0.20287010196855096
R2_F5,4,425,1,0.716857504181179
R2_F5,4,432,0,0.16369836706007682
R2_F5,4,435,1,0.3180401539499827
R2_F5,4,444,0,0.19926379957920962
R2_F5,4,445,1,0.4705090861632571
R2_F5,4,446,0,0.3580343386342515
R2_F5,4,447,1,0.5565764413092181
R2_F5,4,454,0,0.4928094212680978
R2_F5,4,460,1,0.6448432008837052
R2_F5,4,466,0,0.18087605079331995
R2_F5,4,475,1,0.11476868413900541
R2_F5,4,476,0,0.1465364635939511
R2_F5,4,489,1,0.6414079953921087
R2_F5,4,493,1,0.1411299754776634
R2_F5,4,494,0,0.745554151110742
R2_F5,4,497,0,0.19765583627456018
R2_F5,4,505,0,0.5770117955330335
R2_F5,4,509,0,0.10935404231021455
R2_F5,4,511,0,0.18996944748196012
R2_F5,4,513,1,0.7933189029891136
R2_F5,4,516,0,0.022934462796103703
R2_F5,4,520,1,0.7678148274787703
R2_F5,4,521,0,0.9175899370504955
R2_F5,4,528,0,0.2205959573252878
R2_F5,4,529,0,0.23462383955233876
R2_F5,4,540,0,0.07617149475262491
R2_F5,4,544,1,0.6464135868825209
R2_F5,4,559,0,0.08527692347593478
R2_F5,4,560,0,0.10921364631194692
R2_F5,4,561,0,0.48167421032361607
R2_F5,4,566,0,0.2839046460653333
R2_F5,4,569,0,0.29115270686931627
R2_F5,4,570,0,0.14850909254531167
R2_F5,4,579,0,0.4958860748727274
R2_F5,4,589,0,0.07425072329573512
R2_F5,4,595,0,0.8099698573078996
R2_F5,4,598,0,0.4040162657671325
R2_F5,4,604,1,0.7654549905984291
R2_F5,4,608,1,0.3406977330189571
R2_F5,4,612,0,0.17276893985738806
R2_F5,4,626,0,0.5646347175829295
R2_F5,4,630,1,0.8414942937016875
R2_F5,4,650,1,0.7938095065586862
R2_F5,4,655,0,0.24766042528062093
R2_F5,4,661,0,0.21484595027763365
R2_F5,4,664,0,0.2915544591082503
R2_F5,4,665,0,0.11982731349431741
R2_F5,4,667,0,0.04589757048213871
R2_F5,4,676,0,0.2402607484985687
R2_F5,4,684,1,0.16012828499384082
R2_F5,4,686,0,0.17175511661406992
R2_F5,4,691,0,0.228787387210268
R2_F5,4,697,0,0.815411007921725
R2_F5,4,710,0,0.2770301396708294
R2_F5,4,718,0,0.08521921231291289
R2_F5,4,728,0,0.2577327973013135
R2_F5,4,729,1,0.7792218626122122
R2_F5,4,734,0,0.3204522326078199
R2_F5,4,745,0,0.36226385322751736
R2_F5,4,748,0,0.11815940567201301
R2_F5,4,749,0,0.0650638334956245
R2_F5,4,751,0,0.2803686766707134
R2_F5,4,753,1,0.5874858184331196
R2_F5,4,755,1,0.12186833484209773
R2_F5,4,758,1,0.3176835868010704
R2_F5,4,767,0,0.5709664790505632
R2_F5,4,777,0,0.5343349669385244
R2_F5,4,780,0,0.10916832451242409
R2_F5,4,784,1,0.6572009017542988
R2_F5,4,785,0,0.04622131792477783
R2_F5,4,787,0,0.7974485378296269
R2_F5,5,4,0,0.1783089374879666
R2_F5,5,5,0,0.6465471507864694
R2_F5,5,7,1,0.7252243374157249
R2_F5,5,8,1,0.8580987337548072
R2_F5,5,17,0,0.18579803204867248
R2_F5,5,23,0,0.6537798001591187
R2_F5,5,24,0,0.5841741061021811
R2_F5,5,25,0,0.12554311371172164
R2_F5,5,26,1,0.6075275027937694
R2_F5,5,31,0,0.3880021185737208
R2_F5,5,32,0,0.3790085274906332
R2_F5,5,44,1,0.83082386576754
R2_F5,5,48,0,0.22780734342209008
R2_F5,5,58,0,0.19836750836523098
R2_F5,5,82,0,0.10600881598096723
R2_F5,5,86,0,0.1663056038064544
R2_F5,5,91,0,0.045665423312790034
R2_F5,5,96,1,0.5242779466674186
R2_F5,5,97,0,0.09220097124948055
R2_F5,5,98,0,0.21631346823998235
R2_F5,5,103,1,0.47666238255643606
R2_F5,5,104,0,0.12858317662682697
R2_F5,5,111,0,0.13123990034271849
R2_F5,5,117,0,0.2613353199029387
R2_F5,5,120,0,0.04718377612978971
R2_F5,5,121,0,0.5580557082076317
R2_F5,5,122,0,0.02861024794039485
R2_F5,5,124,0,0.04640145500162162
R2_F5,5,127,1,0.4763206215718931
R2_F5,5,139,0,0.058163524933281086
R2_F5,5,140,1,0.5495345290325219
R2_F5,5,143,0,0.17061972010326665
R2_F5,5,145,1,0.35112451199564854
R2_F5,5,147,1,0.5971000088861154
R2_F5,5,148,0,0.04655477463961033
R2_F5,5,158,1,0.6306360029548959
R2_F5,5,160,1,0.6615189088589373
R2_F5,5,162,0,0.8258684034077451
R2_F5,5,167,0,0.05393843135274678
R2_F5,5,168,0,0.14449036515520294
R2_F5,5,169,0,0.6866430015520341
R2_F5,5,172,0,0.0794771548827445
R2_F5,5,174,1,0.16383283623136638
R2_F5,5,179,0,0.28289110119716926
R2_F5,5,180,0,0.8096266226019226
R2_F5,5,187,0,0.12671533978947547
R2_F5,5,195,1,0.82091724034
R2_F5,5,197,1,0.8042776962176236
R2_F5,5,200,0,0.15555592096938417
R2_F5,5,202,0,0.4022510295463421
R2_F5,5,212,0,0.3375870871207141
R2_F5,5,215,0,0.03512145714508901
R2_F5,5,229,1,0.18660655117192196
R2_F5,5,232,0,0.11033376738811897
R2_F5,5,248,1,0.3617331255192398
R2_F5,5,260,1,0.6966580660713707
R2_F5,5,266,1,0.142161761511932
R2_F5,5,279,0,0.19364454743591844
R2_F5,5,280,0,0.4326608836815147
R2_F5,5,287,1,0.7118327247297563
R2_F5,5,288,0,0.014952840103469006
R2_F5,5,293,0,0.23897921410405476
R2_F5,5,294,0,0.18591363552491166
R2_F5,5,303,1,0.7688551198254535
R2_F5,5,309,1,0.6337363189232265
R2_F5,5,314,0,0.2759783457794062
R2_F5,5,318,0,0.609155587992463
R2_F5,5,324,0,0.03085220380036842
R2_F5,5,330,0,0.5213689782831571
R2_F5,5,336,1,0.6522806874094855
R2_F5,5,345,0,0.46390265895146393
R2_F5,5,346,0,0.0729210161901453
R2_F5,5,349,1,0.3233230713391635
R2_F5,5,362,0,0.07468244515955845
R2_F5,5,363,0,0.09150977108274168
R2_F5,5,364,1,0.3297133051415609
R2_F5,5,367,0,0.12166206426499522
R2_F5,5,370,0,0.5389855889712375
R2_F5,5,372,0,0.4084309764453069
R2_F5,5,377,0,0.38195706560968373
R2_F5,5,394,0,0.2165676406425409
R2_F5,5,395,0,0.03715241955106628
R2_F5,5,396,1,0.6197954797957643
R2_F5,5,406,0,0.17535290190078454
R2_F5,5,409,0,0.22138622586585144
R2_F5,5,412,0,0.24946652081503976
R2_F5,5,415,1,0.31896632310413725
R2_F5,5,418,0,0.19402941379771424
R2_F5,5,419,1,0.4026068375900515
R2_F5,5,423,0,0.511133831472287
R2_F5,5,428,0,0.12886702882991644
R2_F5,5,440,0,0.13629353806711667
R2_F5,5,452,0,0.20797996190655263
R2_F5,5,456,1,0.36232238276047246
R2_F5,5,457,0,0.024347496456429005
R2_F5,5,458,0,0.39932918250472915
R2_F5,5,462,0,0.7799263154223413
R2_F5,5,463,0,0.37852319876613144
R2_F5,5,464,0,0.1282845355279332
R2_F5,5,465,0,0.16531189982699035
R2_F5,5,467,0,0.3065557471231887
R2_F5,5,468,1,0.26303140560057003
R2_F5,5,478,0,0.2616783757770655
R2_F5,5,479,1,0.7166172325014367
R2_F5,5,484,1,0.16328398699282856
R2_F5,5,488,0,0.13804217771996818
R2_F5,5,490,1,0.1503079843381393
R2_F5,5,491,0,0.4473183969864285
R2_F5,5,504,0,0.09388636518909717
R2_F5,5,523,1,0.32855852869095287
R2_F5,5,533,0,0.5349478304433654
R2_F5,5,554,0,0.10732260010537431
R2_F5,5,562,1,0.17956263361765812
R2_F5,5,568,1,0.7006849338293929
R2_F5,5,571,1,0.7845696161678625
R2_F5,5,576,0,0.03138451284271448
R2_F5,5,577,0,0.2063455757982442
R2_F5,5,578,0,0.11375870787579657
R2_F5,5,585,1,0.8467298108157756
R2_F5,5,597,0,0.647207036456456
R2_F5,5,601,0,0.31557488564875175
R2_F5,5,605,0,0.039150187294138536
R2_F5,5,613,1,0.6160130239542908
R2_F5,5,625,1,0.24047730241126533
R2_F5,5,629,0,0.10667775257197377
R2_F5,5,635,0,0.246769057221537
R2_F5,5,636,0,0.26330550969408756
R2_F5,5,646,1,0.7784222018964395
R2_F5,5,648,0,0.3120602435152269
R2_F5,5,656,1,0.6607641427827052
R2_F5,5,657,0,0.07858093916942052
R2_F5,5,659,1,0.38739960513865074
R2_F5,5,669,0,0.23446283235531584
R2_F5,5,674,1,0.2776701398694846
R2_F5,5,679,1,0.8000684411331492
R2_F5,5,695,0,0.3283619344698929
R2_F5,5,698,0,0.20661253755325557
R2_F5,5,700,0,0.02910975023479918
R2_F5,5,705,0,0.13637612220414821
R2_F5,5,706,0,0.22287190740797416
R2_F5,5,707,0,0.5118589916000482
R2_F5,5,709,0,0.03999994193293429
R2_F5,5,711,0,0.36548138716978684
R2_F5,5,712,0,0.06865268439323922
R2_F5,5,717,1,0.6623442284157307
R2_F5,5,720,0,0.10794263267139521
R2_F5,5,724,0,0.3972328506040148
R2_F5,5,727,1,0.37255971189140097
R2_F5,5,746,1,0.8674296134502145
R2_F5,5,754,0,0.19458139237481
R2_F5,5,756,1,0.09671078272369364
R2_F5,5,760,0,0.4320761878041896
R2_F5,5,761,0,0.35978406761141296
R2_F5,5,774,0,0.1434729589577535
R2_F5,5,793,0,0.8567195972721885
R2_F5,5,795,0,0.0685221211542772
R2_F5,5,796,0,0.5417998000879733
R2_F5,5,797,0,0.1740444740735901
R2_F5,5,798,1,0.7973363456350709
R2_F5,5,799,0,0.48748924035564506
R3_F1,1,2,0,0.05558017140529118
R3_F1,1,3,1,0.7053395390923445
R3_F1,1,17,0,0.15726245119309754
R3_F1,1,20,1,0.7891476825030227
R3_F1,1,29,0,0.3740071116227131
R3_F1,1,31,0,0.14915807270507087
R3_F1,1,34,0,0.1432210316714396
R3_F1,1,36,0,0.12243826929975189
R3_F1,1,43,0,0.42232461936059235
R3_F1,1,46,1,0.8376866488197791
R3_F1,1,53,1,0.45136660174543913
R3_F1,1,54,0,0.2218222062540226
R3_F1,1,66,0,0.09147448570512036
R3_F1,1,67,1,0.731795344705762
R3_F1,1,69,1,0.12587332189590641
R3_F1,1,70,0,0.6145925102116726
R3_F1,1,71,0,0.2310514765642211
R3_F1,1,72,1,0.9011367054163335
R3_F1,1,75,0,0.13301832142210743
R3_F1,1,79,0,0.1721604741665329
R3_F1,1,81,1,0.6163933818474826
R3_F1,1,82,0,0.2657394336003469
R3_F1,1,89,0,0.2639090957612216
R3_F1,1,97,1,0.709997741138388
R3_F1,1,98,0,0.29818877947007527
R3_F1,1,100,0,0.03489170383346053
R3_F1,1,101,1,0.12861123414170664
R3_F1,1,105,0,0.646082374685729
R3_F1,1,106,1,0.5970105168767678
R3_F1,1,115,0,0.3405064260955835
R3_F1,1,121,0,0.24863377147879506
R3_F1,1,123,0,0.5527899290068193
R3_F1,1,132,0,0.4608656304175958
R3_F1,1,140,0,0.47683810844823693
R3_F1,1,141,1,0.24961514194591916
R3_F1,1,144,1,0.47496655598306586
R3_F1,1,148,0,0.05769528795232342
R3_F1,1,153,0,0.19616258480592288
R3_F1,1,154,1,0.3173689740332571
R3_F1,1,159,0,0.13135279722030366
R3_F1,1,162,0,0.09151818748664294
R3_F1,1,166,0,0.10515488861623333
R3_F1,1,169,0,0.22421785782064693
R3_F1,1,173,1,0.703204387377566
R3_F1,1,177,0,0.17306878764242448
R3_F1,1,184,0,0.07193555794822287
R3_F1,1,198,0,0.3684035000384133
R3_F1,1,204,0,0.5385297241316853
R3_F1,1,209,1,0.36902938947226466
R3_F1,1,212,0,0.04079206632253803
R3_F1,1,218,0,0.16632315022945612
R3_F1,1,233,0,0.15649764776645078
R3_F1,1,236,0,0.0707872820759851
R3_F1,1,241,0,0.19021498229075062
R3_F1,1,246,0,0.3238744009901993
R3_F1,1,251,0,0.23310406589326674
R3_F1,1,255,0,0.28333765211704975
R3_F1,1,257,0,0.08086531689754466
R3_F1,1,259,0,0.05448230175609095
R3_F1,1,264,1,0.685427372417791
R3_F1,1,272,0,0.5239112896150403
R3_F1,1,276,0,0.067346576590774
R3_F1,1,277,1,0.5118714702681522
R3_F1,1,281,1,0.2717515709134167
R3_F1,1,283,0,0.17761075175653476
R3_F1,1,285,0,0.5740278029695635
R3_F1,1,287,0,0.31469102301649077
R3_F1,1,291,0,0.1919637340806667
R3_F1,1,292,1,0.8447652575989739
R3_F1,1,301,0,0.1401261494242699
R3_F1,1,306,0,0.6966536420758388
R3_F1,1,312,1,0.4973544937076751
R3_F1,1,315,0,0.007719971344429328
R3_F1,1,318,1,0.14423557834736545
R3_F1,1,320,1,0.15067017412816933
R3_F1,1,321,0,0.057221997581142096
R3_F1,1,324,1,0.435066995342754
R3_F1,1,328,0,0.16194705436749052
R3_F1,1,333,0,0.02592342035545629
R3_F1,1,373,0,0.18287907918736823
R3_F1,1,375,0,0.31923999151061283
R3_F1,1,379,0,0.030139265210231535
R3_F1,1,380,0,0.060140604328502635
R3_F1,1,392,0,0.35103535666210917
R3_F1,1,396,0,0.18594295787470927
R3_F1,1,397,1,0.6009589687048501
R3_F1,1,398,1,0.8201558296790586
R3_F1,1,406,0,0.2465910209275292
R3_F1,1,420,0,0.290940314987513
R3_F1,1,426,0,0.3829656335506854
R3_F1,1,427,0,0.5042965933348792
R3_F1,1,430,0,0.08893149448688531
R3_F1,1,435,0,0.04952799482716961
R3_F1,1,444,1,0.3796455868800032
R3_F1,1,445,0,0.34900155510781244
R3_F1,1,446,1,0.7431751182239231
R3_F1,1,447,1,0.5631432107290412
R3_F1,1,450,0,0.05300208222215416
R3_F1,1,454,0,0.11867989756070146
R3_F1,1,456,0,0.37351078009476146
R3_F1,1,463,0,0.22754239940099427
R3_F1,1,464,1,0.7443080713820627
R3_F1,1,481,0,0.14320549353366738
R3_F1,1,484,1,0.264509482931561
R3_F1,1,485,0,0.46522043053792866
R3_F1,1,491,1,0.44475547973685375
R3_F1,1,495,1,0.23593121891660948
R3_F1,1,501,1,0.4671379550466082
R3_F1,1,506,1,0.5417287415519572
R3_F1,1,507,0,0.09151557930759889
R3_F1,1,511,0,0.2948789886538071
R3_F1,1,512,0,0.5381788730448315
R3_F1,1,516,1,0.17058720582910059
R3_F1,1,520,0,0.6655222435918537
R3_F1,1,521,1,0.13153448112422667
R3_F1,1,525,1,0.2521356622004067
R3_F1,1,530,1,0.755454318259413
R3_F1,1,534,0,0.11424666438035032
R3_F1,1,550,0,0.23532416285743954
R3_F1,1,551,0,0.33032388619512365
R3_F1,1,568,0,0.38703165824142555
R3_F1,1,588,0,0.47724292625512876
R3_F1,1,591,0,0.06171294621569759
R3_F1,1,595,0,0.5882544014077011
R3_F1,1,604,1,0.7331000508679133
R3_F1,1,605,0,0.2718554085874268
R3_F1,1,609,0,0.15037796638674014
R3_F1,1,617,0,0.08594481106126843
R3_F1,1,618,0,0.024282909196360405
R3_F1,1,620,1,0.7367735243189322
R3_F1,1,622,0,0.4942925145681283
R3_F1,1,627,1,0.5932595226052922
R3_F1,1,633,1,0.6444482388778342
R3_F1,1,638,1,0.27671853598125623
R3_F1,1,640,0,0.1602206475019374
R3_F1,1,645,1,0.735458286325141
R3_F1,1,659,0,0.2864571566656118
R3_F1,1,676,1,0.27945178512326063
R3_F1,1,682,0,0.08775689717286596
R3_F1,1,693,0,0.721010630734788
R3_F1,1,702,0,0.8444769060370175
R3_F1,1,704,1,0.6272449333378501
R3_F1,1,705,0,0.046201574342172556
R3_F1,1,718,0,0.013622439498450371
R3_F1,1,723,0,0.17738810853671602
R3_F1,1,724,0,0.2242747267646675
R3_F1,1,739,1,0.8247451379279602
R3_F1,1,744,0,0.08743537010668878
R3_F1,1,746,1,0.6218269338511403
R3_F1,1,747,1,0.3168559937684594
R3_F1,1,753,0,0.3993868778545788
R3_F1,1,765,0,0.3006887416043324
R3_F1,1,772,1,0.08555640019122213
R3_F1,1,774,0,0.3774539264598216
R3_F1,1,782,0,0.10379763533308296
R3_F1,1,786,1,0.7653009012120428
R3_F1,1,789,1,0.4148100358215376
R3_F1,1,792,0,0.06026597692482836
R3_F1,1,794,0,0.32922577482641846
R3_F1,1,796,0,0.054980407569725186
R3_F1,2,0,0,0.707166645716268
R3_F1,2,7,1,0.573928948833562
R3_F1,2,9,0,0.6748163933348641
R3_F1,2,15,0,0.0731913346475751
R3_F1,2,22,0,0.6301729222817178
R3_F1,2,26,1,0.7071748492016502
R3_F1,2,45,0,0.6695312743597311
R3_F1,2,49,1,0.8462970953410623
R3_F1,2,51,0,0.24135835495664384
R3_F1,2,56,0,0.041117131860658816
R3_F1,2,58,1,0.7278402520108608
R3_F1,2,61,0,0.687636419537251
R3_F1,2,68,0,0.03600320317547786
R3_F1,2,76,0,0.36950756736127893
R3_F1,2,80,1,0.4201738459935262
R3_F1,2,83,0,0.2932577893874242
R3_F1,2,85,0,0.5766323900669102
R3_F1,2,87,0,0.4409306338181471
R3_F1,2,90,1,0.4714067185885939
R3_F1,2,96,0,0.41811744218247165
R3_F1,2,109,0,0.4513487452833911
R3_F1,2,118,0,0.36147986082098443
R3_F1,2,138,0,0.08920634679680339
R3_F1,2,139,1,0.3786292830149149
R3_F1,2,150,1,0.5814412856397836
R3_F1,2,151,0,0.146831766581662
R3_F1,2,161,0,0.03620803987025486
R3_F1,2,168,0,0.7957846552509981
R3_F1,2,170,0,0.09016338151405612
R3_F1,2,171,0,0.07862617726268227
R3_F1,2,178,0,0.11957718912525328
R3_F1,2,179,0,0.45933128886338875
R3_F1,2,180,0,0.013247957461797482
R3_F1,2,186,0,0.056514125076439235
R3_F1,2,195,1,0.8637607493098091
R3_F1,2,200,1,0.6704513945314586
R3_F1,2,203,0,0.44050253925269667
R3_F1,2,206,1,0.4312924361101964
R3_F1,2,207,0,0.11533213578699568
R3_F1,2,210,0,0.1299054588735666
R3_F1,2,211,0,0.08243652428323792
R3_F1,2,221,0,0.31647315093896
R3_F1,2,224,0,0.7268528625675544
R3_F1,2,225,0,0.4409464642411122
R3_F1,2,229,1,0.6268379169401423
R3_F1,2,232,1,0.7033196219477
R3_F1,2,238,1,0.4579147925836861
R3_F1,2,244,0,0.5167285750911913
R3_F1,2,265,1,0.7499541311232155
R3_F1,2,278,0,0.3149161421747688
R3_F1,2,294,0,0.2924436895605657
R3_F1,2,296,0,0.44315865449120356
R3_F1,2,298,0,0.18331445719088527
R3_F1,2,300,0,0.349871440249198
R3_F1,2,311,0,0.4706291851554612
R3_F1,2,313,0,0.3484563890954843
R3_F1,2,317,0,0.18496047551700587
R3_F1,2,322,1,0.7568028657257391
R3_F1,2,329,0,0.16242328017083799
R3_F1,2,341,0,0.6300584541176478
R3_F1,2,342,1,0.4324382871882105
R3_F1,2,345,0,0.4265822885572197
R3_F1,2,356,1,0.30358729566464066
R3_F1,2,360,0,0.4798787620378004
R3_F1,2,361,0,0.5219097116725985
R3_F1,2,362,0,0.2899554031931481
R3_F1,2,365,0,0.44894928895024483
R3_F1,2,367,1,0.5502593461586578
R3_F1,2,370,1,0.46415213169448366
R3_F1,2,371,0,0.2056655320424937
R3_F1,2,372,0,0.37480876360341425
R3_F1,2,374,0,0.2650361627196685
R3_F1,2,376,0,0.8053131296304207
R3_F1,2,383,0,0.3758323921921312
R3_F1,2,384,0,0.1155570417401915
R3_F1,2,385,1,0.7646809281389407
R3_F1,2,393,0,0.38782831330191975
R3_F1,2,395,0,0.6149078037065175
R3_F1,2,400,0,0.07654515381317424
R3_F1,2,401,1,0.5435254463451952
R3_F1,2,402,0,0.33465795172592533
R3_F1,2,412,0,0.08506079013301898
R3_F1,2,414,1,0.8560246707478658
R3_F1,2,415,0,0.12115614030514366
R3_F1,2,419,1,0.7292838617230087
R3_F1,2,421,1,0.5396484941534352
R3_F1,2,425,0,0.2734683263485149
R3_F1,2,429,1,0.45850663719625495
R3_F1,2,434,0,0.0576206400404771
R3_F1,2,439,0,0.4170636133778601
R3_F1,2,443,1,0.5647076444934539
R3_F1,2,459,0,0.20575077089870727
R3_F1,2,466,1,0.5997195114118617
R3_F1,2,468,0,0.5579603052069152
R3_F1,2,487,0,0.17458975532948826
R3_F1,2,493,0,0.37468850257946995
R3_F1,2,500,0,0.17695833136493763
R3_F1,2,504,1,0.48286164191279907
R3_F1,2,505,0,0.07467722043575183
R3_F1,2,519,1,0.4241600821234122
R3_F1,2,522,1,0.7667274843314557
R3_F1,2,524,0,0.8895158007567437
R3_F1,2,533,0,0.5534039667899466
R3_F1,2,536,0,0.3245412343590006
R3_F1,2,538,1,0.5735365105706187
R3_F1,2,543,1,0.3517753983136405
R3_F1,2,544,0,0.25940326703942795
R3_F1,2,547,0,0.29543332088347724
R3_F1,2,553,0,0.1815305252159681
R3_F1,2,557,0,0.1651475642284229
R3_F1,2,560,0,0.08880722174156581
R3_F1,2,564,1,0.5265873309673418
R3_F1,2,566,0,0.7126011370277449
R3_F1,2,575,0,0.09205523327486924
R3_F1,2,578,0,0.14598499464179746
R3_F1,2,579,0,0.4038204097692711
R3_F1,2,582,1,0.7117356290410898
R3_F1,2,586,1,0.6806977618662372
R3_F1,2,593,0,0.6060532891542824
R3_F1,2,596,0,0.07880888995710318
R3_F1,2,599,0,0.5852843614444806
R3_F1,2,602,0,0.02891797053051819
R3_F1,2,611,0,0.11918289193825737
R3_F1,2,612,1,0.5458278686860091
R3_F1,2,615,0,0.43316709526944436
R3_F1,2,628,0,0.3064953349083052
R3_F1,2,636,0,0.10405048555890728
R3_F1,2,637,0,0.19293744355392128
R3_F1,2,641,0,0.26629922027535824
R3_F1,2,644,0,0.5483536955041468
R3_F1,2,650,0,0.4182083462192605
R3_F1,2,651,0,0.23731925327628192
R3_F1,2,652,1,0.5004880221257287
R3_F1,2,654,0,0.7652629818144835
R3_F1,2,658,0,0.2115158229523295
R3_F1,2,670,1,0.7072238922783786
R3_F1,2,672,0,0.20139793362069391
R3_F1,2,674,0,0.10807160102227938
R3_F1,2,688,0,0.05521575875855466
R3_F1,2,691,1,0.2429042651032728
R3_F1,2,695,0,0.2506056830680727
R3_F1,2,696,0,0.6666428921189778
R3_F1,2,708,0,0.07437054940308234
R3_F1,2,709,1,0.7597555869158253
R3_F1,2,727,0,0.38668022323332013
R3_F1,2,734,1,0.6048192330620573
R3_F1,2,735,0,0.16747337767478018
R3_F1,2,737,0,0.3929125717283246
R3_F1,2,738,1,0.7224199428470207
R3_F1,2,742,0,0.06244793544483463
R3_F1,2,748,0,0.33789349953338704
R3_F1,2,760,1,0.5283161215120239
R3_F1,2,764,0,0.21816946393944023
R3_F1,2,768,0,0.6684197437478517
R3_F1,2,769,0,0.08438268566151798
R3_F1,2,771,0,0.27793932449459974
R3_F1,2,773,0,0.611770904628454
R3_F1,2,778,0,0.5526783843621818
R3_F1,2,781,1,0.902415910362345
R3_F1,2,790,0,0.09871269520490385
R3_F1,3,4,1,0.650522824444855
R3_F1,3,6,0,0.3271657081323461
R3_F1,3,11,0,0.09466703711892659
R3_F1,3,16,0,0.3726047368056184
R3_F1,3,21,0,0.35454006033698454
R3_F1,3,24,0,0.09674714041852679
R3_F1,3,28,1,0.3448170566516051
R3_F1,3,48,1,0.8901920514732473
R3_F1,3,55,0,0.5514045565510509
R3_F1,3,65,0,0.30038470051031213
R3_F1,3,86,1,0.4834759558401935
R3_F1,3,91,0,0.30468542634025986
R3_F1,3,92,0,0.4783633927388466
R3_F1,3,99,0,0.24723787900514602
R3_F1,3,104,0,0.8246280491563529
R3_F1,3,110,0,0.13875802928208303
R3_F1,3,112,0,0.02627834340609921
R3_F1,3,117,1,0.6176782728566523
R3_F1,3,119,0,0.029038012495901225
R3_F1,3,120,0,0.06542522160494364
R3_F1,3,122,0,0.1031562808351511
R3_F1,3,128,0,0.018297062227831673
R3_F1,3,129,1,0.20135861158682977
R3_F1,3,134,1,0.696932084657316
R3_F1,3,135,1,0.5841145164238165
R3_F1,3,145,0,0.04226467021879295
R3_F1,3,155,0,0.6864619042509547
R3_F1,3,157,0,0.24374614280489437
R3_F1,3,158,0,0.027245076233163402
R3_F1,3,164,0,0.24475006824178733
R3_F1,3,172,0,0.5203560691856722
R3_F1,3,174,1,0.023106421408847156
R3_F1,3,175,0,0.7436593876183014
R3_F1,3,176,1,0.30636982099015436
R3_F1,3,181,1,0.5768328490913096
R3_F1,3,183,1,0.5564519311070073
R3_F1,3,196,0,0.25093603492780997
R3_F1,3,197,0,0.09628592801173556
R3_F1,3,201,0,0.10290218169939909
R3_F1,3,202,0,0.05840842620372207
R3_F1,3,205,0,0.034025514758041525
R3_F1,3,214,1,0.8607467596455988
R3_F1,3,216,0,0.11361819616614999
R3_F1,3,217,0,0.46394759833795657
R3_F1,3,219,0,0.049907081043418546
R3_F1,3,222,0,0.43714332404958284
R3_F1,3,228,0,0.055468903387535906
R3_F1,3,234,0,0.2235362731460451
R3_F1,3,240,0,0.055039188586621914
R3_F1,3,242,1,0.703530483279229
R3_F1,3,245,0,0.4211711361293664
R3_F1,3,262,0,0.2919951633921877
R3_F1,3,274,0,0.1816646457563589
R3_F1,3,279,0,0.044727694989206646
R3_F1,3,293,0,0.10267569105319689
R3_F1,3,302,0,0.4556150465539603
R3_F1,3,303,0,0.3456124874437915
R3_F1,3,326,0,0.29740648947397724
R3_F1,3,332,0,0.38985857840551824
R3_F1,3,336,0,0.04647729642790029
R3_F1,3,340,0,0.12465870229701305
R3_F1,3,343,0,0.21049963993253218
R3_F1,3,344,0,0.6391657387757539
R3_F1,3,352,0,0.2302281700897121
R3_F1,3,355,0,0.2841102405510488
R3_F1,3,364,0,0.35999403417634807
R3_F1,3,377,0,0.47520628810805915
R3_F1,3,378,0,0.13138396867317126
R3_F1,3,381,0,0.38225732105974436
R3_F1,3,387,0,0.11888414007150568
R3_F1,3,394,1,0.7526036606637803
R3_F1,3,404,1,0.5564115988420646
R3_F1,3,413,1,0.5039938657652405
R3_F1,3,416,0,0.25047960131142427
R3_F1,3,417,0,0.5267688407926674
R3_F1,3,423,0,0.07381598875453514
R3_F1,3,424,1,0.4018818198742597
R3_F1,3,433,0,0.16870693354149088
R3_F1,3,437,1,0.3481850442865324
R3_F1,3,440,1,0.4306471961929373
R3_F1,3,449,1,0.5447594996276383
R3_F1,3,453,0,0.11340245928577249
R3_F1,3,457,0,0.2903181489180923
R3_F1,3,460,1,0.610472630633857
R3_F1,3,469,1,0.5810779012667976
R3_F1,3,471,0,0.28899805782041676
R3_F1,3,477,1,0.5755684687790018
R3_F1,3,480,0,0.27984063329769654
R3_F1,3,482,1,0.5251571517806078
R3_F1,3,483,1,0.7974297954944559
R3_F1,3,490,0,0.20173895882590123
R3_F1,3,496,0,0.6127185358802151
R3_F1,3,497,0,0.6708562726732413
R3_F1,3,499,1,0.7779755150384657
R3_F1,3,502,1,0.28464892560371546
R3_F1,3,503,0,0.5816388747551766
R3_F1,3,508,0,0.4643945274284728
R3_F1,3,510,1,0.714299897026955
R3_F1,3,514,1,0.5923368495471126
R3_F1,3,515,1,0.7352789394200693
R3_F1,3,523,1,0.6520673032923615
R3_F1,3,532,0,0.6044139932801983
R3_F1,3,535,0,0.380030544731232
R3_F1,3,541,0,0.14958534050874686
R3_F1,3,542,0,0.6268243507329494
R3_F1,3,546,0,0.6951760739928711
R3_F1,3,552,0,0.4831086686877988
R3_F1,3,562,0,0.07605368514518338
R3_F1,3,563,0,0.40347618486892545
R3_F1,3,567,0,0.6728834649618776
R3_F1,3,569,0,0.2539110959736831
R3_F1,3,571,1,0.7814539864486812
R3_F1,3,572,0,0.03590273593902985
R3_F1,3,577,0,0.19383574077846147
R3_F1,3,583,0,0.5047506354523458
R3_F1,3,584,1,0.37430961492950393
R3_F1,3,589,1,0.55003062272461
R3_F1,3,598,0,0.5691552004991998
R3_F1,3,600,1,0.7204865179887522
R3_F1,3,603,0,0.4337318941672372
R3_F1,3,607,1,0.6550345719663551
R3_F1,3,608,1,0.2181812020517441
R3_F1,3,614,0,0.18525022915453548
R3_F1,3,621,0,0.2985134366202506
R3_F1,3,623,0,0.5320186019218306
R3_F1,3,629,0,0.36940185729221103
R3_F1,3,631,0,0.047533525557730195
R3_F1,3,642,0,0.603897874435091
R3_F1,3,643,0,0.02626092774108917
R3_F1,3,648,0,0.7689206023371903
R3_F1,3,655,0,0.11904937395353869
R3_F1,3,657,1,0.628451457066021
R3_F1,3,661,0,0.34450411269904874
R3_F1,3,662,0,0.5660537770786682
R3_F1,3,663,1,0.7278949755281515
R3_F1,3,665,0,0.6799020532501897
R3_F1,3,667,1,0.8818285320802882
R3_F1,3,671,0,0.10588376622721839
R3_F1,3,678,0,0.23559764430932784
R3_F1,3,680,1,0.41472615216324105
R3_F1,3,692,0,0.3032253459868819
R3_F1,3,697,0,0.24690989372290648
R3_F1,3,698,0,0.4116059519665767
R3_F1,3,701,0,0.3169455616661764
R3_F1,3,712,0,0.3805557457404836
R3_F1,3,716,0,0.09997036215895554
R3_F1,3,725,0,0.4958891253145519
R3_F1,3,736,1,0.4533204201306835
R3_F1,3,741,1,0.7015444632124898
R3_F1,3,745,0,0.5918850549910858
R3_F1,3,749,1,0.8807671865395336
R3_F1,3,750,0,0.07204821582746258
R3_F1,3,752,0,0.04346964250035797
R3_F1,3,757,1,0.3032437336507004
R3_F1,3,758,1,0.07351537494971035
R3_F1,3,759,0,0.4175705042029622
R3_F1,3,767,1,0.5563069749376638
R3_F1,3,784,0,0.1022239495823893
R3_F1,3,791,0,0.4832518526153151
R3_F1,3,799,1,0.8372027628461073
R3_F1,4,5,1,0.8590103418928322
R3_F1,4,12,0,0.22719232882261473
R3_F1,4,13,0,0.2096300581158701
R3_F1,4,14,0,0.19477740614064917
R3_F1,4,18,0,0.35464129368386055
R3_F1,4,23,0,0.39733135201768227
R3_F1,4,25,0,0.5066062344626451
R3_F1,4,27,0,0.5462036735707182
R3_F1,4,32,0,0.3878901702320343
R3_F1,4,35,0,0.1381904830888331
R3_F1,4,38,0,0.4956791110280607
R3_F1,4,39,0,0.1876020755941851
R3_F1,4,40,0,0.12524904722759997
R3_F1,4,47,0,0.09977155540770959
R3_F1,4,52,0,0.15057001115736388
R3_F1,4,59,0,0.3792695715643557
R3_F1,4,60,0,0.17330764244050392
R3_F1,4,74,0,0.3124741719579618
R3_F1,4,78,0,0.10314448333916691
R3_F1,4,84,0,0.2588212757548156
R3_F1,4,88,0,0.05428692175849872
R3_F1,4,93,1,0.32818713508394953
R3_F1,4,95,1,0.4631590754336363
R3_F1,4,102,0,0.23356350068544476
R3_F1,4,103,0,0.09427046338411584
R3_F1,4,107,0,0.435438598471495
R3_F1,4,114,0,0.7079034841348021
R3_F1,4,116,0,0.3462137410860113
R3_F1,4,133,1,0.6418596607278256
R3_F1,4,142,0,0.44846308234249205
R3_F1,4,143,1,0.059342805515041536
R3_F1,4,147,1,0.20042040078481782
R3_F1,4,149,1,0.7491195023287821
R3_F1,4,152,0,0.7114492334860477
R3_F1,4,156,0,0.08081586563977673
R3_F1,4,160,1,0.2521995472250467
R3_F1,4,163,0,0.5897222380462606
R3_F1,4,165,0,0.7601517090103621
R3_F1,4,182,1,0.38175669912247184
R3_F1,4,185,1,0.7479840034117761
R3_F1,4,190,0,0.04394432792443278
R3_F1,4,191,0,0.6001455364511563
R3_F1,4,199,0,0.07048235992488404
R3_F1,4,208,0,0.5008475211893976
R3_F1,4,213,0,0.7525914994876047
R3_F1,4,230,0,0.4453069103385663
R3_F1,4,243,1,0.22348600544375716
R3_F1,4,247,0,0.4703848081060544
R3_F1,4,250,0,0.2978734196508312
R3_F1,4,252,0,0.3775559952435414
R3_F1,4,253,1,0.6950564275549679
R3_F1,4,260,0,0.6100066223397387
R3_F1,4,261,0,0.2031399149670272
R3_F1,4,263,1,0.14810644892865116
R3_F1,4,266,1,0.22920670119309272
R3_F1,4,267,0,0.49216174475210245
R3_F1,4,269,0,0.3777898808047555
R3_F1,4,282,1,0.6493208152484066
R3_F1,4,289,0,0.22536440675386746
R3_F1,4,295,1,0.7207659982205844
R3_F1,4,297,0,0.7026101649447741
R3_F1,4,299,0,0.5900258724732518
R3_F1,4,305,0,0.08063711167864927
R3_F1,4,316,0,0.425847291746752
R3_F1,4,319,0,0.5457754053421522
R3_F1,4,327,1,0.4186379065495212
R3_F1,4,330,0,0.08302015375402245
R3_F1,4,335,1,0.3437979270709525
R3_F1,4,337,1,0.68925845390108
R3_F1,4,339,1,0.09933168567041462
R3_F1,4,347,1,0.5067630584262789
R3_F1,4,348,0,0.08054603300572455
R3_F1,4,350,0,0.1521821073372811
R3_F1,4,351,0,0.09854984247486143
R3_F1,4,357,0,0.24921609829651312
R3_F1,4,358,0,0.4236189030287029
R3_F1,4,368,0,0.08967163545774766
R3_F1,4,369,1,0.23962971754519824
R3_F1,4,382,0,0.09094991750777087
R3_F1,4,386,0,0.04750961654771796
R3_F1,4,388,0,0.46324201051264796
R3_F1,4,389,1,0.27369401898111606
R3_F1,4,390,1,0.8390913946978106
R3_F1,4,407,0,0.3830361475220623
R3_F1,4,409,0,0.1547245522514673
R3_F1,4,422,0,0.0750839841509998
R3_F1,4,428,0,0.21835578867342287
R3_F1,4,432,0,0.1502232692714008
R3_F1,4,436,0,0.2971839233855724
R3_F1,4,438,0,0.5420209263268393
R3_F1,4,452,1,0.7402749671203939
R3_F1,4,458,0,0.14177128058974472
R3_F1,4,462,0,0.46552225786930673
R3_F1,4,467,0,0.265881244196647
R3_F1,4,473,0,0.2134707465282372
R3_F1,4,476,1,0.6703558728930618
R3_F1,4,478,1,0.3024297191178784
R3_F1,4,489,0,0.27256600528564
R3_F1,4,492,1,0.4411863005676808
R3_F1,4,494,0,0.7015929572599807
R3_F1,4,517,0,0.040926679680113744
R3_F1,4,518,0,0.38255334105038696
R3_F1,4,526,1,0.6674180716482497
R3_F1,4,527,1,0.46816318001464
R3_F1,4,539,0,0.26665206702090494
R3_F1,4,540,0,0.1256624574183055
R3_F1,4,548,0,0.11495734196861913
R3_F1,4,554,0,0.13318626815011916
R3_F1,4,558,0,0.11736263384233837
R3_F1,4,565,0,0.5377668311605087
R3_F1,4,576,0,0.03408099031668513
R3_F1,4,580,1,0.43558601430863014
R3_F1,4,597,0,0.612782088307643
R3_F1,4,601,0,0.06432695953693851
R3_F1,4,606,1,0.060494189436079183
R3_F1,4,610,1,0.47969900726636916
R3_F1,4,613,0,0.6045285441716142
R3_F1,4,616,1,0.64651801898292
R3_F1,4,619,0,0.264715627111122
R3_F1,4,625,0,0.01987316619301289
R3_F1,4,626,0,0.3458977019407783
R3_F1,4,630,0,0.10515795641684896
R3_F1,4,632,1,0.8342186683055185
R3_F1,4,634,1,0.24386334129463394
R3_F1,4,635,0,0.06906684564738076
R3_F1,4,646,0,0.08160197678611802
R3_F1,4,656,0,0.8625775111568452
R3_F1,4,660,1,0.6233983605373247
R3_F1,4,668,0,0.2618411193068161
R3_F1,4,673,0,0.29099067338044043
R3_F1,4,675,0,0.22767997308069324
R3_F1,4,677,0,0.4322010925404253
R3_F1,4,681,0,0.018053768574689103
R3_F1,4,684,0,0.3690838928102298
R3_F1,4,686,0,0.1635577810920352
R3_F1,4,687,1,0.5648622250031263
R3_F1,4,689,1,0.1486201750219596
R3_F1,4,690,1,0.6085389679281382
R3_F1,4,699,0,0.19016119119859823
R3_F1,4,700,0,0.33911015031029673
R3_F1,4,703,0,0.40293648875972893
R3_F1,4,707,0,0.25988357762646597
R3_F1,4,710,0,0.17443564054029367
R3_F1,4,713,0,0.6889927650481104
R3_F1,4,717,0,0.7710736898860361
R3_F1,4,719,0,0.19297877803712268
R3_F1,4,720,1,0.44522794344769157
R3_F1,4,722,0,0.13301401236288854
R3_F1,4,726,0,0.11507308186478765
R3_F1,4,730,0,0.03712668599298214
R3_F1,4,740,0,0.6440854659963927
R3_F1,4,743,0,0.7496340668359239
R3_F1,4,751,0,0.22085279125646076
R3_F1,4,754,0,0.6283956868094619
R3_F1,4,766,0,0.0982856747436337
R3_F1,4,775,1,0.35145893108357384
R3_F1,4,779,0,0.2584481930386122
R3_F1,4,785,0,0.16338527795410734
R3_F1,4,795,0,0.730507944968017
R3_F1,4,798,0,0.5733771419533772
R3_F1,5,1,0,0.43120231845698953
R3_F1,5,8,0,0.7654646777290751
R3_F1,5,10,1,0.7698699933527152
R3_F1,5,19,0,0.05631076979006722
R3_F1,5,30,0,0.2602461868875941
R3_F1,5,33,1,0.6393467496141162
R3_F1,5,37,0,0.26114194104289506
R3_F1,5,41,0,0.04462607386398127
R3_F1,5,42,1,0.7920736923140953
R3_F1,5,44,1,0.12135254563686369
R3_F1,5,50,0,0.21037145766045914
R3_F1,5,57,0,0.4426114898977511
R3_F1,5,62,1,0.047294902189667365
R3_F1,5,63,0,0.17422076016222274
R3_F1,5,64,0,0.20345121086681991
R3_F1,5,73,0,0.06763335035539302
R3_F1,5,77,0,0.538867708393746
R3_F1,5,94,0,0.18051984346931368
R3_F1,5,108,0,0.5880283661929283
R3_F1,5,111,0,0.4650966843683506
R3_F1,5,113,0,0.1547400277605143
R3_F1,5,124,0,0.266117236319183
R3_F1,5,125,0,0.20267974465905894
R3_F1,5,126,0,0.1357238179693332
R3_F1,5,127,1,0.38764835412370263
R3_F1,5,130,0,0.14029693318281145
R3_F1,5,131,0,0.07914045407384919
R3_F1,5,136,0,0.04491021116725872
R3_F1,5,137,1,0.7402134503028389
R3_F1,5,146,1,0.5111346542985797
R3_F1,5,167,0,0.21157975039868107
R3_F1,5,187,1,0.7243976868413652
R3_F1,5,188,0,0.15341927258259172
R3_F1,5,189,0,0.1930420476486169
R3_F1,5,192,1,0.17436360077849802
R3_F1,5,193,0,0.12554516892942091
R3_F1,5,194,0,0.20375789198114766
R3_F1,5,215,0,0.05655116063879845
R3_F1,5,220,0,0.10045265716215329
R3_F1,5,223,0,0.8748000857315025
R3_F1,5,226,0,0.07995066940441002
R3_F1,5,227,1,0.5985893591666268
R3_F1,5,231,0,0.489832760166284
R3_F1,5,235,0,0.06747322799655019
R3_F1,5,237,1,0.4833613162433219
R3_F1,5,239,1,0.4646887245397657
R3_F1,5,248,0,0.05764342141465776
R3_F1,5,249,0,0.2059934556307966
R3_F1,5,254,0,0.34300303518182834
R3_F1,5,256,0,0.21310780525597506
R3_F1,5,258,0,0.03319799175791271
R3_F1,5,268,1,0.6306665057116198
R3_F1,5,270,0,0.716705961773858
R3_F1,5,271,0,0.4218415714726618
R3_F1,5,273,0,0.16652818516935294
R3_F1,5,275,0,0.30667395897829136
R3_F1,5,280,1,0.7069240755939692
R3_F1,5,284,1,0.6083824634842901
R3_F1,5,286,1,0.6888424379512222
R3_F1,5,288,0,0.07253136643264589
R3_F1,5,290,1,0.797000650081961
R3_F1,5,304,0,0.7801585391144107
R3_F1,5,307,0,0.6295656875037704
R3_F1,5,308,1,0.3722567226536782
R3_F1,5,309,0,0.047640929441172625
R3_F1,5,310,0,0.11578029323908316
R3_F1,5,314,0,0.199126716431837
R3_F1,5,323,0,0.05716793192756234
R3_F1,5,325,0,0.6804511942588786
R3_F1,5,331,1,0.16792064561002987
R3_F1,5,334,0,0.13356210291286294
R3_F1,5,338,0,0.43013530932504346
R3_F1,5,346,1,0.3886298098482827
R3_F1,5,349,0,0.13263140846947089
R3_F1,5,353,0,0.05958439129554472
R3_F1,5,354,0,0.1871985064302212
R3_F1,5,359,0,0.6143565912557256
R3_F1,5,363,1,0.5669289108069016
R3_F1,5,366,0,0.03836249519388973
R3_F1,5,391,0,0.05825985736553715
R3_F1,5,399,1,0.06324730596034407
R3_F1,5,403,0,0.19996654349797846
R3_F1,5,405,0,0.1764846318570442
R3_F1,5,408,0,0.12082382014251065
R3_F1,5,410,0,0.09844826450059714
R3_F1,5,411,1,0.2982151194734293
R3_F1,5,418,0,0.4614537985647822
R3_F1,5,431,1,0.615882224853657
R3_F1,5,441,1,0.60674512408677
R3_F1,5,442,1,0.2867304998917614
R3_F1,5,448,0,0.3734580184488428
R3_F1,5,451,0,0.1292297278430756
R3_F1,5,455,0,0.7681976737462906
R3_F1,5,461,1,0.29320519054348193
R3_F1,5,465,0,0.13382499248490817
R3_F1,5,470,1,0.21785237097887264
R3_F1,5,472,0,0.39867631347208826
R3_F1,5,474,1,0.7142366898477883
R3_F1,5,475,1,0.6990183631476611
R3_F1,5,479,1,0.18390166736844274
R3_F1,5,486,0,0.7791098375819464
R3_F1,5,488,1,0.6590926311217117
R3_F1,5,498,0,0.28605723852189674
R3_F1,5,509,1,0.29692252348032205
R3_F1,5,513,0,0.14556069210513894
R3_F1,5,528,0,0.024413176747303224
R3_F1,5,529,0,0.5810731461437466
R3_F1,5,531,0,0.747079859365681
R3_F1,5,537,0,0.39785014703833865
R3_F1,5,545,1,0.7019518693514367
R3_F1,5,549,0,0.12423373851332387
R3_F1,5,555,0,0.319239084172212
R3_F1,5,556,0,0.37938299038794704
R3_F1,5,559,0,0.04410138717294624
R3_F1,5,561,0,0.1216903704806911
R3_F1,5,570,0,0.3473205101972105
R3_F1,5,573,0,0.33773998520463433
R3_F1,5,574,1,0.8217764194361674
R3_F1,5,581,1,0.5360735117666059
R3_F1,5,585,0,0.0805425184175891
R3_F1,5,587,1,0.8713971632687766
R3_F1,5,590,0,0.06628034810895475
R3_F1,5,592,1,0.6103159550755793
R3_F1,5,594,1,0.7795780665958215
R3_F1,5,624,1,0.23432963221282602
R3_F1,5,639,0,0.16505210121303907
R3_F1,5,647,0,0.021297608809894158
R3_F1,5,649,1,0.5161715075217684
R3_F1,5,653,1,0.8030818629605925
R3_F1,5,664,1,0.5310852371607515
R3_F1,5,666,0,0.3269585795247363
R3_F1,5,669,1,0.2692708948611502
R3_F1,5,679,1,0.4014416968394036
R3_F1,5,683,1,0.8945865460508414
R3_F1,5,685,0,0.07448042978335795
R3_F1,5,694,0,0.18313341253408363
R3_F1,5,706,0,0.2029043610132083
R3_F1,5,711,1,0.8607003553207776
R3_F1,5,714,0,0.035950339084227984
R3_F1,5,715,0,0.07101586365309082
R3_F1,5,721,1,0.46299019241905165
R3_F1,5,728,1,0.5200709186117013
R3_F1,5,729,0,0.13668232858871912
R3_F1,5,731,1,0.8366351070438302
R3_F1,5,732,0,0.06334946164267909
R3_F1,5,733,1,0.6238276657650522
R3_F1,5,755,1,0.7654423170130825
R3_F1,5,756,0,0.09366662675120925
R3_F1,5,761,1,0.30460866373066114
R3_F1,5,762,1,0.575527887233079
R3_F1,5,763,0,0.5140095679204503
R3_F1,5,770,0,0.5020558477745501
R3_F1,5,776,0,0.20484303337586982
R3_F1,5,777,0,0.3357933689941974
R3_F1,5,780,1,0.8203464483624116
R3_F1,5,783,0,0.3606681342235394
R3_F1,5,787,1,0.19621125063678843
R3_F1,5,788,0,0.5557960634180913
R3_F1,5,793,0,0.4853515040041041
R3_F1,5,797,0,0.10370159494712394
R3_F2,1,1,1,0.804306940120127
R3_F2,1,3,0,0.6704370489943359
R3_F2,1,13,0,0.8558768899014874
R3_F2,1,14,1,0.7314637076187772
R3_F2,1,16,1,0.5035544273072664
R3_F2,1,22,0,0.26353743619790304
R3_F2,1,23,0,0.5369223518142902
R3_F2,1,38,0,0.14061965544479993
R3_F2,1,39,0,0.20221040715395766
R3_F2,1,40,0,0.23477524986454665
R3_F2,1,43,0,0.5320909502312493
R3_F2,1,64,0,0.0698582390433748
R3_F2,1,71,0,0.2731191909452322
R3_F2,1,73,1,0.8844327543226044
R3_F2,1,74,0,0.43888161088201577
R3_F2,1,76,0,0.07486417864626539
R3_F2,1,79,0,0.14203260560778497
R3_F2,1,109,0,0.12131128835512672
R3_F2,1,111,0,0.6367449065951313
R3_F2,1,114,0,0.4290002166627191
R3_F2,1,115,0,0.05228306058877377
R3_F2,1,118,0,0.49394431897824836
R3_F2,1,119,0,0.3018386952934507
R3_F2,1,122,0,0.8581109657714787
R3_F2,1,124,0,0.061260411022209166
R3_F2,1,125,0,0.184524617859842
R3_F2,1,128,0,0.07175756093637341
R3_F2,1,129,1,0.7787295382310772
R3_F2,1,130,0,0.5097419040834743
R3_F2,1,135,1,0.37601307661132705
R3_F2,1,138,1,0.08112172250928008
R3_F2,1,141,0,0.534561010052504
R3_F2,1,145,1,0.2835960144375607
R3_F2,1,146,0,0.3844216547040449
R3_F2,1,149,1,0.7572088561994194
R3_F2,1,154,0,0.05810612278807772
R3_F2,1,162,0,0.7727306342993575
R3_F2,1,165,1,0.7710669476861999
R3_F2,1,169,0,0.846897800507139
R3_F2,1,174,1,0.632220424312247
R3_F2,1,177,1,0.43039122637621974
R3_F2,1,178,0,0.14659678368702347
R3_F2,1,180,0,0.015919054833999795
R3_F2,1,186,0,0.1842960799195814
R3_F2,1,192,0,0.24752133926902217
R3_F2,1,197,1,0.7407138672737833
R3_F2,1,200,0,0.6364455954674708
R3_F2,1,201,0,0.6031408141114766
R3_F2,1,202,0,0.2753829384785364
R3_F2,1,203,0,0.03011774977322927
R3_F2,1,208,0,0.048647880663903936
R3_F2,1,209,0,0.07859830583473419
R3_F2,1,211,1,0.5620985681669673
R3_F2,1,216,0,0.22208483879515906
R3_F2,1,222,0,0.6698069902027678
R3_F2,1,234,1,0.14388137291276562
R3_F2,1,238,0,0.08489204245150724
R3_F2,1,242,0,0.37453944030562564
R3_F2,1,247,0,0.2853267072544979
R3_F2,1,254,0,0.11549533914768868
R3_F2,1,265,0,0.7408040343321982
R3_F2,1,268,0,0.5925727945331425
R3_F2,1,269,0,0.23667121375935665
R3_F2,1,272,0,0.07126141714474966
R3_F2,1,284,0,0.10774672636086917
R3_F2,1,290,0,0.7618779926624569
R3_F2,1,305,0,0.19492278214883826
R3_F2,1,306,0,0.16000772709031325
R3_F2,1,307,0,0.5876393085354638
R3_F2,1,315,0,0.10067272827288672
R3_F2,1,320,0,0.4414561244555549
R3_F2,1,327,1,0.4642172875636028
R3_F2,1,331,0,0.0887240157823979
R3_F2,1,348,1,0.810287086264793
R3_F2,1,359,1,0.1939781162203015
R3_F2,1,363,0,0.5567736507012646
R3_F2,1,379,0,0.5483336387634233
R3_F2,1,388,0,0.06527798225268043
R3_F2,1,389,0,0.15165702735334333
R3_F2,1,392,1,0.7657541291835953
R3_F2,1,393,0,0.2440770069478859
R3_F2,1,399,1,0.9001915190802628
R3_F2,1,400,1,0.3888795733572487
R3_F2,1,412,0,0.6131573473352177
R3_F2,1,413,1,0.4986536864565099
R3_F2,1,417,1,0.5428529515660151
R3_F2,1,421,0,0.381985543574723
R3_F2,1,427,1,0.583155245657264
R3_F2,1,432,0,0.0428562529801138
R3_F2,1,438,1,0.5515322152083644
R3_F2,1,439,1,0.367911576322332
R3_F2,1,441,1,0.5754976671933368
R3_F2,1,443,1,0.4368476290207626
R3_F2,1,447,0,0.08796532233050919
R3_F2,1,451,0,0.06458712530681755
R3_F2,1,455,1,0.6716518965835373
R3_F2,1,458,1,0.7097752511043883
R3_F2,1,474,1,0.2617408067112479
R3_F2,1,475,0,0.40050741021907627
R3_F2,1,476,0,0.6362571218096827
R3_F2,1,484,0,0.345665933406595
R3_F2,1,486,0,0.2731041637143603
R3_F2,1,490,1,0.27104572973037866
R3_F2,1,498,1,0.7292651121634486
R3_F2,1,500,1,0.601607875693039
R3_F2,1,503,0,0.576235831227019
R3_F2,1,508,1,0.1306664306847838
R3_F2,1,510,1,0.8119175361516245
R3_F2,1,512,1,0.2608959505577854
R3_F2,1,513,1,0.6193280891317671
R3_F2,1,515,0,0.017367810815986182
R3_F2,1,531,0,0.10181766312219688
R3_F2,1,534,0,0.16690856076152258
R3_F2,1,546,0,0.4993317570912863
R3_F2,1,547,0,0.5285413087893659
R3_F2,1,548,0,0.2628946032129437
R3_F2,1,549,0,0.04022884696024767
R3_F2,1,559,1,0.7398942202334166
R3_F2,1,579,0,0.07338888195080857
R3_F2,1,587,0,0.6567603788843182
R3_F2,1,591,0,0.046611316853640485
R3_F2,1,592,0,0.03885410524165537
R3_F2,1,606,0,0.02523839154135341
R3_F2,1,608,0,0.022535393713252028
R3_F2,1,613,0,0.3224435399318646
R3_F2,1,619,0,0.1089274615705133
R3_F2,1,623,0,0.03761987028797673
R3_F2,1,635,0,0.018596800527089636
R3_F2,1,637,0,0.17239436507046924
R3_F2,1,639,1,0.8543880219334249
R3_F2,1,669,1,0.4502056043255638
R3_F2,1,673,0,0.023465743306696093
R3_F2,1,681,0,0.43470777420101747
R3_F2,1,684,0,0.1668432989792056
R3_F2,1,690,0,0.32330707865115604
R3_F2,1,693,1,0.5225052372144593
R3_F2,1,695,0,0.05381710660775026
R3_F2,1,701,0,0.25211192473328636
R3_F2,1,703,0,0.6886752822830866
R3_F2,1,715,0,0.07593910060282166
R3_F2,1,716,0,0.08404369942694194
R3_F2,1,724,0,0.2986546485284362
R3_F2,1,725,0,0.10431596176035463
R3_F2,1,731,0,0.14548889048121091
R3_F2,1,735,1,0.7712602481551588
R3_F2,1,739,0,0.060674682387225766
R3_F2,1,746,1,0.3370375961179885
R3_F2,1,749,0,0.024550146714971993
R3_F2,1,752,0,0.07268287395420522
R3_F2,1,756,0,0.39253298331359066
R3_F2,1,765,0,0.08349544657277701
R3_F2,1,770,0,0.4074197239565591
R3_F2,1,771,1,0.29656041010888234
R3_F2,1,772,0,0.2592514003169952
R3_F2,1,774,0,0.28877700746760143
R3_F2,1,780,0,0.16997117854729382
R3_F2,1,782,1,0.7781299235070263
R3_F2,1,785,1,0.6036016910534917
R3_F2,1,788,0,0.8076214750651891
R3_F2,1,796,0,0.10726066086054269
R3_F2,2,4,1,0.7094457971102521
R3_F2,2,5,0,0.256534558134422
R3_F2,2,10,1,0.7787112136372083
R3_F2,2,11,1,0.7970341945901183
R3_F2,2,12,1,0.29185787112706923
R3_F2,2,21,0,0.02902506718208292
R3_F2,2,35,1,0.5044501278223571
R3_F2,2,42,0,0.033332228850563084
R3_F2,2,44,0,0.5433326934423649
R3_F2,2,46,0,0.3662484646785294
R3_F2,2,47,0,0.040178674221811574
R3_F2,2,48,1,0.8622543403847498
R3_F2,2,51,0,0.3719712530705182
R3_F2,2,52,0,0.4036611292512234
R3_F2,2,57,1,0.7493423012969287
R3_F2,2,75,0,0.4390530863004141
R3_F2,2,80,0,0.06425595763654021
R3_F2,2,84,0,0.31302572042974525
R3_F2,2,89,1,0.24586958583008414
R3_F2,2,94,0,0.2721654553857826
R3_F2,2,116,0,0.36846881912107904
R3_F2,2,132,1,0.4243686084880299
R3_F2,2,142,1,0.5620162558935536
R3_F2,2,147,0,0.7117780337424566
R3_F2,2,167,0,0.06010848874731617
R3_F2,2,171,0,0.07661445317237227
R3_F2,2,173,1,0.5131277916336963
R3_F2,2,179,0,0.4004047875404706
R3_F2,2,181,1,0.6981620929069888
R3_F2,2,183,1,0.6749708262127304
R3_F2,2,184,0,0.06057800407698429
R3_F2,2,185,0,0.0650355476410974
R3_F2,2,194,0,0.1413948600922538
R3_F2,2,196,0,0.2998862292821747
R3_F2,2,205,0,0.38345413812374796
R3_F2,2,207,0,0.06426493123370089
R3_F2,2,213,0,0.11346278117741608
R3_F2,2,214,0,0.2518076410949966
R3_F2,2,219,0,0.3139510501918396
R3_F2,2,226,1,0.6788025363518835
R3_F2,2,235,0,0.3912570068943213
R3_F2,2,240,1,0.3261407168802688
R3_F2,2,241,0,0.2988818749980865
R3_F2,2,245,1,0.7463113481091148
R3_F2,2,249,0,0.38136423683311843
R3_F2,2,255,0,0.07799010526869515
R3_F2,2,257,0,0.389463769580031
R3_F2,2,259,1,0.7858177335560477
R3_F2,2,261,1,0.1548022715588471
R3_F2,2,262,1,0.5257067372123756
R3_F2,2,267,0,0.5201958045708223
R3_F2,2,273,1,0.30027020701962365
R3_F2,2,275,0,0.021022224594373366
R3_F2,2,280,1,0.2920117772809046
R3_F2,2,282,1,0.7270826362071903
R3_F2,2,293,0,0.5385903154332378
R3_F2,2,294,1,0.5887570244086912
R3_F2,2,302,0,0.22088112713719477
R3_F2,2,303,0,0.4693206185127879
R3_F2,2,304,0,0.3704051577315808
R3_F2,2,309,0,0.12643781607803836
R3_F2,2,322,0,0.6786829441820946
R3_F2,2,323,0,0.04448007081324856
R3_F2,2,325,0,0.11470557331325341
R3_F2,2,333,0,0.07666130100320584
R3_F2,2,338,0,0.32056688837790714
R3_F2,2,339,1,0.16044076259694026
R3_F2,2,353,0,0.12920844047182936
R3_F2,2,356,1,0.5060510536935571
R3_F2,2,362,0,0.6076271569549733
R3_F2,2,364,0,0.3392191168946604
R3_F2,2,369,1,0.699566267706441
R3_F2,2,371,1,0.4281203485412026
R3_F2,2,372,1,0.7658953435552722
R3_F2,2,380,0,0.07211814110371688
R3_F2,2,383,0,0.4357723819294345
R3_F2,2,385,0,0.13094808928392876
R3_F2,2,386,0,0.07316420837192754
R3_F2,2,391,1,0.21045507995474724
R3_F2,2,396,0,0.5652542486818911
R3_F2,2,402,0,0.2083703446179872
R3_F2,2,411,1,0.7730912986486018
R3_F2,2,418,0,0.3863782206094965
R3_F2,2,424,1,0.23268493856441638
R3_F2,2,429,0,0.4041897602089292
R3_F2,2,431,0,0.06995491451308583
R3_F2,2,435,0,0.5348084695666238
R3_F2,2,446,1,0.3899175269578885
R3_F2,2,453,0,0.5446859095263247
R3_F2,2,454,0,0.2663440429488841
R3_F2,2,462,1,0.5130064459939124
R3_F2,2,463,0,0.16874663316716487
R3_F2,2,466,1,0.7530743699302076
R3_F2,2,467,1,0.775274218036623
R3_F2,2,470,0,0.1736827753888948
R3_F2,2,472,1,0.6580013817213206
R3_F2,2,481,1,0.6076508263558161
R3_F2,2,492,1,0.6099824700833937
R3_F2,2,495,1,0.3902047131021484
R3_F2,2,501,0,0.3974266563739346
R3_F2,2,509,1,0.668208133095706
R3_F2,2,527,1,0.536863331689052
R3_F2,2,533,0,0.19942719628518338
R3_F2,2,536,0,0.7384138166906161
R3_F2,2,537,0,0.2412006016573819
R3_F2,2,541,0,0.05518646010359011
R3_F2,2,554,1,0.39391276420436366
R3_F2,2,555,0,0.5822257036413079
R3_F2,2,558,1,0.5343590829777575
R3_F2,2,561,1,0.7332844934076336
R3_F2,2,566,0,0.11358229706524237
R3_F2,2,569,0,0.5478396145758981
R3_F2,2,570,1,0.4422735021075775
R3_F2,2,573,1,0.793312984599624
R3_F2,2,585,0,0.64732027769996
R3_F2,2,586,0,0.04012216256044256
R3_F2,2,590,1,0.6664324093968056
R3_F2,2,593,1,0.7768727273871011
R3_F2,2,595,0,0.13901147495539598
R3_F2,2,601,1,0.5449463071107129
R3_F2,2,602,1,0.12665428303916404
R3_F2,2,605,0,0.30334126376636966
R3_F2,2,614,0,0.023863803918220086
R3_F2,2,620,0,0.3080531384658594
R3_F2,2,621,0,0.11441734015378095
R3_F2,2,628,0,0.1313207611256951
R3_F2,2,629,0,0.13970817280494383
R3_F2,2,636,0,0.8024709508882969
R3_F2,2,641,0,0.7459344100374024
R3_F2,2,643,0,0.07878289864082379
R3_F2,2,645,0,0.13313960980352546
R3_F2,2,660,0,0.15522758750113289
R3_F2,2,662,1,0.4407972105245619
R3_F2,2,670,0,0.11251386162361095
R3_F2,2,674,0,0.14085707875642908
R3_F2,2,677,0,0.04297329685342288
R3_F2,2,680,0,0.1788039268194771
R3_F2,2,685,0,0.7260479979949195
R3_F2,2,691,0,0.8610186393991173
R3_F2,2,696,0,0.22541869849040697
R3_F2,2,697,0,0.22069214419448757
R3_F2,2,711,0,0.0958992091318052
R3_F2,2,714,0,0.10471090719455982
R3_F2,2,719,0,0.29461658110682926
R3_F2,2,720,0,0.08685307583353692
R3_F2,2,732,0,0.18940337382271036
R3_F2,2,733,1,0.6862739299437303
R3_F2,2,734,0,0.418124217454632
R3_F2,2,737,0,0.5049263800423637
R3_F2,2,741,0,0.6465393296568595
R3_F2,2,747,0,0.5876293379058343
R3_F2,2,760,0,0.20845972132007443
R3_F2,2,762,0,0.18207447146940225
R3_F2,2,763,1,0.6945908318919022
R3_F2,2,769,0,0.5206335324483522
R3_F2,2,775,0,0.37067141412572097
R3_F2,2,778,0,0.15031066038128932
R3_F2,2,781,1,0.16270352081057013
R3_F2,2,789,0,0.4205338799063778
R3_F2,2,792,0,0.5052188273228193
R3_F2,3,0,0,0.03637029034296579
R3_F2,3,2,0,0.057179151065234246
R3_F2,3,8,0,0.018507306283617443
R3_F2,3,9,1,0.5983413982514802
R3_F2,3,18,0,0.07421798714023431
R3_F2,3,20,0,0.14151125442630677
R3_F2,3,26,0,0.1845357059815941
R3_F2,3,27,0,0.6009529656710625
R3_F2,3,30,1,0.21419627722403933
R3_F2,3,37,0,0.32287666090909356
R3_F2,3,49,1,0.8609646567730532
R3_F2,3,53,0,0.24487171981176872
R3_F2,3,54,0,0.5253502808206871
R3_F2,3,59,0,0.3138508217103824
R3_F2,3,60,0,0.6498997247207398
R3_F2,3,61,0,0.2297718320207304
R3_F2,3,65,0,0.5049602862450203
R3_F2,3,66,1,0.7062327078987863
R3_F2,3,82,0,0.40192532085828075
R3_F2,3,85,0,0.3839102831266858
R3_F2,3,90,0,0.1964879544816082
R3_F2,3,92,0,0.06662790066470926
R3_F2,3,95,1,0.3007390384283132
R3_F2,3,96,0,0.5263976538060072
R3_F2,3,97,1,0.4995883685805964
R3_F2,3,99,1,0.4690059513427168
R3_F2,3,101,1,0.6454927162747567
R3_F2,3,104,0,0.34173441180974223
R3_F2,3,106,1,0.09695861491818665
R3_F2,3,121,0,0.06328074980517852
R3_F2,3,123,0,0.016934132163591017
R3_F2,3,126,0,0.03142821008743737
R3_F2,3,127,0,0.6062983787050445
R3_F2,3,148,1,0.02924853594756884
R3_F2,3,151,0,0.06918661353742195
R3_F2,3,152,1,0.5370701691701355
R3_F2,3,156,1,0.45579137658988
R3_F2,3,158,1,0.3356029321046436
R3_F2,3,159,0,0.11043787839242741
R3_F2,3,160,0,0.6379749354556573
R3_F2,3,163,0,0.013363215502541452
R3_F2,3,166,1,0.15884942333445146
R3_F2,3,168,0,0.6717408262883104
R3_F2,3,182,0,0.28278020493234945
R3_F2,3,188,0,0.02839063569493862
R3_F2,3,191,0,0.08079477236400745
R3_F2,3,193,1,0.7413547962175496
R3_F2,3,198,0,0.10081303511925603
R3_F2,3,199,0,0.47164472314593353
R3_F2,3,212,1,0.7990427948574502
R3_F2,3,215,1,0.10296030721682303
R3_F2,3,217,0,0.04756711731666902
R3_F2,3,224,1,0.5346934028236502
R3_F2,3,225,0,0.046049457810731026
R3_F2,3,229,0,0.11089323725870509
R3_F2,3,230,0,0.08267556404586299
R3_F2,3,231,0,0.07380495742212075
R3_F2,3,243,1,0.7323429009116214
R3_F2,3,244,0,0.07667868596125477
R3_F2,3,248,0,0.3422951736809041
R3_F2,3,260,1,0.5402986724451829
R3_F2,3,263,0,0.6093685075846822
R3_F2,3,270,0,0.0639883735818901
R3_F2,3,297,0,0.18038861356537353
R3_F2,3,298,0,0.3536108379578377
R3_F2,3,301,0,0.18756217245280413
R3_F2,3,318,1,0.5144413572774866
R3_F2,3,319,0,0.005344599299130952
R3_F2,3,324,1,0.059536259870695545
R3_F2,3,340,0,0.057401671427153834
R3_F2,3,342,1,0.4066384274899881
R3_F2,3,343,0,0.12324352930740544
R3_F2,3,344,0,0.4734820606285779
R3_F2,3,346,1,0.6827448871615397
R3_F2,3,351,1,0.06518936955803567
R3_F2,3,354,0,0.2974088293412782
R3_F2,3,366,0,0.3215492501615782
R3_F2,3,375,0,0.1815589826288256
R3_F2,3,382,1,0.2134731097473086
R3_F2,3,394,0,0.19460766821278067
R3_F2,3,398,1,0.5735448810120566
R3_F2,3,407,0,0.10017266449897998
R3_F2,3,408,1,0.9050692705083287
R3_F2,3,410,0,0.018297734888360593
R3_F2,3,416,0,0.12048831823659938
R3_F2,3,420,1,0.8510893580207787
R3_F2,3,423,0,0.2150935875129478
R3_F2,3,425,1,0.18732416335794425
R3_F2,3,426,0,0.07614906159326375
R3_F2,3,428,0,0.1647056686135022
R3_F2,3,434,1,0.47287094396000984
R3_F2,3,442,0,0.33747419951394314
R3_F2,3,460,0,0.3263100644383274
R3_F2,3,464,0,0.3969164848516613
R3_F2,3,465,0,0.1806672973485257
R3_F2,3,471,0,0.10224732571240418
R3_F2,3,489,0,0.26829924970278923
R3_F2,3,493,0,0.03847095148650689
R3_F2,3,494,0,0.06389728984505598
R3_F2,3,499,0,0.3294099109875715
R3_F2,3,504,0,0.14662836158435247
R3_F2,3,506,0,0.27098134532618756
R3_F2,3,507,0,0.7183265857066091
R3_F2,3,517,1,0.7909983347726103
R3_F2,3,518,0,0.09716603713781441
R3_F2,3,525,0,0.3499526156335166
R3_F2,3,529,0,0.07306445776543923
R3_F2,3,535,1,0.7310776226624262
R3_F2,3,539,0,0.22966457011858163
R3_F2,3,540,0,0.46724289292861926
R3_F2,3,550,0,0.16082696506630992
R3_F2,3,553,1,0.12172155365861041
R3_F2,3,560,0,0.2949239970402446
R3_F2,3,562,0,0.014079322378344609
R3_F2,3,571,0,0.16698512796369888
R3_F2,3,574,1,0.8323135436645085
R3_F2,3,575,0,0.10396683559006988
R3_F2,3,580,0,0.7054683807046797
R3_F2,3,582,0,0.13501275068179072
R3_F2,3,584,0,0.85791229022097
R3_F2,3,589,0,0.4561898941278197
R3_F2,3,596,1,0.03395346412892742
R3_F2,3,598,1,0.08657031271692021
R3_F2,3,610,0,0.34549456377279236
R3_F2,3,622,0,0.04070498268241837
R3_F2,3,630,0,0.20995418133814736
R3_F2,3,632,0,0.02823139617613528
R3_F2,3,633,0,0.4473492070169611
R3_F2,3,648,0,0.3083766462472693
R3_F2,3,650,0,0.5908656368789105
R3_F2,3,651,1,0.6909501144630913
R3_F2,3,654,0,0.405817197681641
R3_F2,3,656,1,0.8414957248121295
R3_F2,3,663,0,0.18785051358717006
R3_F2,3,666,0,0.3782196474053186
R3_F2,3,668,1,0.2493023610087635
R3_F2,3,671,0,0.4695057711219613
R3_F2,3,672,0,0.18931320715037345
R3_F2,3,675,1,0.5693972995537652
R3_F2,3,676,0,0.0641857499000086
R3_F2,3,679,1,0.6281368906457581
R3_F2,3,686,0,0.10987080795201637
R3_F2,3,687,0,0.05821742038560849
R3_F2,3,692,0,0.35147292140371605
R3_F2,3,694,0,0.0505852631538198
R3_F2,3,698,0,0.07059828592937643
R3_F2,3,726,1,0.6286743598567924
R3_F2,3,730,1,0.4854772985228691
R3_F2,3,738,1,0.564289205561476
R3_F2,3,740,0,0.7268619475593239
R3_F2,3,742,1,0.4830045807108101
R3_F2,3,743,0,0.16035929896123496
R3_F2,3,744,0,0.01312889628931066
R3_F2,3,758,1,0.5264249245301047
R3_F2,3,764,0,0.5030634548673233
R3_F2,3,767,0,0.18790007090588742
R3_F2,3,768,1,0.11188799499624213
R3_F2,3,776,0,0.45054124338603113
R3_F2,3,777,1,0.8673428358439076
R3_F2,3,791,0,0.06327144760898296
R3_F2,4,15,0,0.018197009958127366
R3_F2,4,17,0,0.06119402985043023
R3_F2,4,19,0,0.20233450292773203
R3_F2,4,24,0,0.10907793217690025
R3_F2,4,25,1,0.8527064708376377
R3_F2,4,28,0,0.5673178833212696
R3_F2,4,32,0,0.619418436008634
R3_F2,4,50,0,0.1172218166853715
R3_F2,4,56,0,0.4741891287809645
R3_F2,4,62,0,0.24525203224644862
R3_F2,4,63,0,0.22300781049549923
R3_F2,4,67,0,0.4734481128110437
R3_F2,4,72,0,0.24452632027823207
R3_F2,4,83,0,0.3428972917565713
R3_F2,4,91,1,0.6037245256221632
R3_F2,4,93,0,0.12487066148528635
R3_F2,4,100,0,0.5093030583077666
R3_F2,4,102,0,0.2614172524349759
R3_F2,4,107,0,0.10788485706955946
R3_F2,4,108,0,0.3079042701191773
R3_F2,4,110,0,0.8933443511282313
R3_F2,4,112,1,0.43872360551869555
R3_F2,4,113,0,0.24733581380712924
R3_F2,4,134,0,0.2665732825382862
R3_F2,4,136,0,0.11824889373121429
R3_F2,4,140,0,0.13680566940440927
R3_F2,4,143,1,0.5132698953245505
R3_F2,4,144,0,0.058436453342115974
R3_F2,4,155,0,0.31336523838731034
R3_F2,4,164,0,0.010105834187217715
R3_F2,4,172,0,0.08458367214073342
R3_F2,4,187,0,0.1195493572701231
R3_F2,4,190,1,0.23027608513272538
R3_F2,4,204,1,0.3783278275346462
R3_F2,4,206,1,0.5000967418087664
R3_F2,4,210,0,0.7617168002044498
R3_F2,4,218,0,0.0973529373098731
R3_F2,4,221,0,0.6821585144881276
R3_F2,4,223,0,0.6296525524769309
R3_F2,4,228,0,0.22568857313997662
R3_F2,4,246,0,0.20425363725463375
R3_F2,4,250,1,0.7823797032301232
R3_F2,4,251,0,0.39651988520880277
R3_F2,4,252,0,0.3293926348423208
R3_F2,4,253,0,0.13286444660986327
R3_F2,4,258,1,0.09060288691776934
R3_F2,4,264,0,0.7061126512587833
R3_F2,4,271,0,0.4349967786837134
R3_F2,4,274,1,0.3558938928802786
R3_F2,4,276,1,0.7541778806259537
R3_F2,4,279,0,0.012972426840746438
R3_F2,4,281,0,0.1110690444898819
R3_F2,4,283,0,0.711857778962075
R3_F2,4,287,1,0.6676494124312651
R3_F2,4,289,0,0.020922615625857954
R3_F2,4,292,0,0.043495140737695386
R3_F2,4,295,0,0.1361076001250312
R3_F2,4,300,0,0.17623906660587654
R3_F2,4,308,0,0.7496509429038228
R3_F2,4,310,0,0.7811546455772072
R3_F2,4,311,0,0.7284682992225529
R3_F2,4,312,0,0.5488140530988894
R3_F2,4,313,1,0.5484256401676507
R3_F2,4,314,0,0.06577740829077357
R3_F2,4,317,0,0.21962616535885537
R3_F2,4,326,0,0.04777537944113309
R3_F2,4,328,0,0.49145177334285123
R3_F2,4,330,1,0.49945044160213464
R3_F2,4,332,0,0.21861271533539284
R3_F2,4,334,0,0.08616806383014264
R3_F2,4,335,1,0.6769657944693375
R3_F2,4,336,0,0.3956794336195218
R3_F2,4,345,1,0.20642001216990122
R3_F2,4,349,0,0.08844027772368175
R3_F2,4,357,0,0.22412809413715337
R3_F2,4,360,0,0.6808222448041698
R3_F2,4,373,0,0.1636625918010697
R3_F2,4,376,0,0.2850169093072476
R3_F2,4,377,0,0.19302620519614008
R3_F2,4,378,0,0.8363645303314448
R3_F2,4,381,0,0.14657323142788614
R3_F2,4,387,1,0.7466613954842994
R3_F2,4,390,0,0.2992547595857319
R3_F2,4,397,0,0.14408040852913204
R3_F2,4,403,0,0.19960676897024998
R3_F2,4,405,0,0.4548078258210408
R3_F2,4,406,0,0.0740643379316258
R3_F2,4,409,0,0.1096687920088119
R3_F2,4,415,0,0.09189665017051933
R3_F2,4,430,1,0.6987262442447228
R3_F2,4,440,0,0.48413082058943036
R3_F2,4,445,0,0.5567424658442498
R3_F2,4,456,0,0.23252859507820722
R3_F2,4,457,1,0.29815576951189154
R3_F2,4,459,1,0.555253450524548
R3_F2,4,468,1,0.5423287424659927
R3_F2,4,477,0,0.11966663895591535
R3_F2,4,478,1,0.8140460515984588
R3_F2,4,479,0,0.153693304738674
R3_F2,4,480,0,0.12114031435894813
R3_F2,4,487,1,0.6192665344350353
R3_F2,4,491,1,0.2929034375568034
R3_F2,4,497,0,0.479761381673328
R3_F2,4,502,0,0.16467169847441776
R3_F2,4,511,0,0.9298072418669289
R3_F2,4,516,0,0.5880265609498502
R3_F2,4,519,0,0.35835834748041284
R3_F2,4,521,1,0.6728410413454645
R3_F2,4,530,0,0.11113005564104568
R3_F2,4,551,0,0.07892904225780226
R3_F2,4,552,0,0.43539581822994283
R3_F2,4,556,0,0.7500132391459666
R3_F2,4,565,0,0.28521207873269144
R3_F2,4,572,0,0.0921519312145642
R3_F2,4,576,1,0.49428641386895095
R3_F2,4,577,0,0.2592355909175862
R3_F2,4,578,0,0.09417691618655182
R3_F2,4,581,0,0.664296101129249
R3_F2,4,597,0,0.033937606695464646
R3_F2,4,599,0,0.0858675713636451
R3_F2,4,600,1,0.24935211841532853
R3_F2,4,603,0,0.13848745781853808
R3_F2,4,604,1,0.6986716903936876
R3_F2,4,607,0,0.25904814299653384
R3_F2,4,612,0,0.26902741328094915
R3_F2,4,617,0,0.05327420880715936
R3_F2,4,624,0,0.4748785073558821
R3_F2,4,625,0,0.21946003731318367
R3_F2,4,627,1,0.22670366251968596
R3_F2,4,634,0,0.20333842636415458
R3_F2,4,640,1,0.9205072521970082
R3_F2,4,642,0,0.08256937448517847
R3_F2,4,652,1,0.2203457295246076
R3_F2,4,657,1,0.27659129502641333
R3_F2,4,658,1,0.8222146129819293
R3_F2,4,665,1,0.1373244872890686
R3_F2,4,678,1,0.16378530694039833
R3_F2,4,688,0,0.11261717940895144
R3_F2,4,689,0,0.4521766248317736
R3_F2,4,700,0,0.24231747126672012
R3_F2,4,702,0,0.3410015289177484
R3_F2,4,704,0,0.04355247957318555
R3_F2,4,706,0,0.36022587395623135
R3_F2,4,707,0,0.038292405972767125
R3_F2,4,708,0,0.03947629304735098
R3_F2,4,709,0,0.8411432798269444
R3_F2,4,710,0,0.01664708227100082
R3_F2,4,713,1,0.5128182406492526
R3_F2,4,717,0,0.5663006298956573
R3_F2,4,718,0,0.19245087488995283
R3_F2,4,729,1,0.3857124183561038
R3_F2,4,750,0,0.05982524706036982
R3_F2,4,754,0,0.14191173776051283
R3_F2,4,755,1,0.05534322140200581
R3_F2,4,757,1,0.5600761551715213
R3_F2,4,766,0,0.5802833706710385
R3_F2,4,773,0,0.1066181860528308
R3_F2,4,783,1,0.38570925491724534
R3_F2,4,793,0,0.33912110427442516
R3_F2,4,797,0,0.09078381690370796
R3_F2,5,6,0,0.11791611807233464
R3_F2,5,7,0,0.6092063936737947
R3_F2,5,29,0,0.39194704700375294
R3_F2,5,31,0,0.3759062237854845
R3_F2,5,33,0,0.5285262571027077
R3_F2,5,34,0,0.40262603168455735
R3_F2,5,36,0,0.16675986553982394
R3_F2,5,41,0,0.19465914509822582
R3_F2,5,45,1,0.6703607268825932
R3_F2,5,55,0,0.021356151776106346
R3_F2,5,58,0,0.2225337839649831
R3_F2,5,68,1,0.578022572528457
R3_F2,5,69,0,0.04940699694238857
R3_F2,5,70,0,0.17725303700020953
R3_F2,5,77,0,0.2633575351449449
R3_F2,5,78,0,0.12727508403392415
R3_F2,5,81,1,0.3521405556283157
R3_F2,5,86,0,0.38473059724013314
R3_F2,5,87,0,0.41134804743057535
R3_F2,5,88,0,0.06027369507601752
R3_F2,5,98,0,0.20384274053868393
R3_F2,5,103,0,0.48616550509968265
R3_F2,5,105,0,0.14318326799109538
R3_F2,5,117,0,0.10578344782143316
R3_F2,5,120,1,0.7602259804203216
R3_F2,5,131,0,0.18120075321624016
R3_F2,5,133,1,0.8261190872853361
R3_F2,5,137,1,0.5319519379507621
R3_F2,5,139,0,0.7113797981201607
R3_F2,5,150,1,0.48503399701039984
R3_F2,5,153,1,0.2487312136866827
R3_F2,5,157,0,0.2542773934614074
R3_F2,5,161,0,0.04153630547211328
R3_F2,5,170,0,0.23971570956371
R3_F2,5,175,1,0.04387408810050005
R3_F2,5,176,0,0.5748218895106002
R3_F2,5,189,0,0.6509035279956098
R3_F2,5,195,0,0.06684046095392096
R3_F2,5,220,0,0.030160279910617992
R3_F2,5,227,0,0.34440057054380135
R3_F2,5,232,0,0.2010233440467869
R3_F2,5,233,1,0.7034369108108329
R3_F2,5,236,1,0.49966270588976897
R3_F2,5,237,0,0.08065833745892316
R3_F2,5,239,1,0.48836079242460256
R3_F2,5,256,0,0.6227508634686879
R3_F2,5,266,0,0.46274821002119965
R3_F2,5,277,0,0.1472045138436923
R3_F2,5,278,1,0.6475432209156932
R3_F2,5,285,0,0.5307854334531722
R3_F2,5,286,0,0.23980239525781322
R3_F2,5,288,0,0.05191561629878582
R3_F2,5,291,0,0.2907182657925873
R3_F2,5,296,0,0.08949314632364547
R3_F2,5,299,0,0.4656941565022635
R3_F2,5,316,0,0.5107987190807712
R3_F2,5,321,0,0.11488083958990152
R3_F2,5,329,0,0.20839085111573571
R3_F2,5,337,0,0.27379748159035266
R3_F2,5,341,0,0.0481931199606333
R3_F2,5,347,0,0.09130931243969637
R3_F2,5,350,0,0.14520530048802613
R3_F2,5,352,0,0.20472073396887192
R3_F2,5,355,0,0.06922111994571133
R3_F2,5,358,0,0.2679989398192603
R3_F2,5,361,0,0.32175047167246607
R3_F2,5,365,0,0.22607214941706252
R3_F2,5,367,0,0.5606802295850807
R3_F2,5,368,1,0.3527653199272194
R3_F2,5,370,0,0.0561908551321361
R3_F2,5,374,0,0.47234694601441446
R3_F2,5,384,0,0.16828306460511233
R3_F2,5,395,1,0.7684442916719209
R3_F2,5,401,0,0.2435145190971456
R3_F2,5,404,1,0.2564438722644236
R3_F2,5,414,0,0.1369451634200066
R3_F2,5,419,0,0.24957401861862194
R3_F2,5,422,1,0.4869274267354173
R3_F2,5,433,0,0.11808350997285964
R3_F2,5,436,1,0.5201881079339993
R3_F2,5,437,1,0.5821956668821581
R3_F2,5,444,0,0.3440750523890153
R3_F2,5,448,1,0.855208264877763
R3_F2,5,449,1,0.6398917154484202
R3_F2,5,450,0,0.11509352006681228
R3_F2,5,452,0,0.7578393049546154
R3_F2,5,461,0,0.24233152902654853
R3_F2,5,469,1,0.2589021142266486
R3_F2,5,473,1,0.7326918792378495
R3_F2,5,482,1,0.4690018517579259
R3_F2,5,483,0,0.3883927435659449
R3_F2,5,485,0,0.6959911259373731
R3_F2,5,488,0,0.32957657542245045
R3_F2,5,496,0,0.05248464997014168
R3_F2,5,505,0,0.5847275136948339
R3_F2,5,514,1,0.4448596331352725
R3_F2,5,520,0,0.5836649699824965
R3_F2,5,522,0,0.17957179936299003
R3_F2,5,523,0,0.4330589702193928
R3_F2,5,524,0,0.2841863449808179
R3_F2,5,526,0,0.7354983359233671
R3_F2,5,528,0,0.33231560786623027
R3_F2,5,532,1,0.1465785274047496
R3_F2,5,538,0,0.08920450461064887
R3_F2,5,542,0,0.5683557199882457
R3_F2,5,543,0,0.12991787353265796
R3_F2,5,544,0,0.32078140943693567
R3_F2,5,545,0,0.4652748690595168
R3_F2,5,557,0,0.2384512299409942
R3_F2,5,563,0,0.21943828434406945
R3_F2,5,564,0,0.03490550965348541
R3_F2,5,567,0,0.38028300624818834
R3_F2,5,568,1,0.34320043788964666
R3_F2,5,583,1,0.8037254596785429
R3_F2,5,588,0,0.3182383666610867
R3_F2,5,594,0,0.39019827681631797
R3_F2,5,609,0,0.23048109547282344
R3_F2,5,611,1,0.7351714346492613
R3_F2,5,615,0,0.5260540695040556
R3_F2,5,616,1,0.3621929931435042
R3_F2,5,618,1,0.7359910879928386
R3_F2,5,626,0,0.321793405055647
R3_F2,5,631,0,0.4083119157400655
R3_F2,5,638,1,0.3674004348815833
R3_F2,5,644,0,0.8665792165689113
R3_F2,5,646,0,0.429100910343086
R3_F2,5,647,1,0.6590612614501925
R3_F2,5,649,0,0.119594664333808
R3_F2,5,653,1,0.5494505491890006
R3_F2,5,655,0,0.26932652158031534
R3_F2,5,659,0,0.1730214715725109
R3_F2,5,661,0,0.17711228223282052
R3_F2,5,664,0,0.08100248966735857
R3_F2,5,667,0,0.2870262176721891
R3_F2,5,682,0,0.6868490242627666
R3_F2,5,683,0,0.1285770403848339
R3_F2,5,699,1,0.47064813719789833
R3_F2,5,705,0,0.5960830201458199
R3_F2,5,712,1,0.5724334467869264
R3_F2,5,721,0,0.3205803945565494
R3_F2,5,722,0,0.48172579621000705
R3_F2,5,723,1,0.5275591935178671
R3_F2,5,727,0,0.0801942932075198
R3_F2,5,728,1,0.7137924962840771
R3_F2,5,736,1,0.7535446487780858
R3_F2,5,745,1,0.5643440118795289
R3_F2,5,748,1,0.8000614013842403
R3_F2,5,751,0,0.12737609025773597
R3_F2,5,753,1,0.4177073542678296
R3_F2,5,759,0,0.5186559271081187
R3_F2,5,761,0,0.18642044879142716
R3_F2,5,779,0,0.15462939912885607
R3_F2,5,784,1,0.7217427389300216
R3_F2,5,786,0,0.05800775071126881
R3_F2,5,787,0,0.5519986691232529
R3_F2,5,790,0,0.3190566555442098
R3_F2,5,794,0,0.7921442789218531
R3_F2,5,795,0,0.05836427186582335
R3_F2,5,798,1,0.8104298096464945
R3_F2,5,799,0,0.5158549298092483
R3_F3,1,8,1,0.7827092337002618
R3_F3,1,11,0,0.8179545217638896
R3_F3,1,12,1,0.6880264687309497
R3_F3,1,13,0,0.02782312052682366
R3_F3,1,20,0,0.12342680877629575
R3_F3,1,22,1,0.8087693083400197
R3_F3,1,28,0,0.7634797300640646
R3_F3,1,30,0,0.3036523456649234
R3_F3,1,31,0,0.393504149877484
R3_F3,1,34,0,0.3678829484745387
R3_F3,1,36,0,0.16395551857270826
R3_F3,1,43,1,0.7495545820865677
R3_F3,1,49,0,0.5444177945063399
R3_F3,1,50,1,0.752601154473599
R3_F3,1,65,0,0.21322786970447594
R3_F3,1,66,0,0.2728248934727108
R3_F3,1,68,0,0.12839850758996918
R3_F3,1,73,0,0.022136060914126884
R3_F3,1,76,1,0.8875458717969463
R3_F3,1,77,0,0.03469023066886335
R3_F3,1,79,0,0.12059462733203491
R3_F3,1,81,0,0.7090394865711213
R3_F3,1,85,1,0.4762794664490569
R3_F3,1,86,0,0.4171782823694574
R3_F3,1,91,0,0.2853569090317084
R3_F3,1,95,1,0.6823792922518891
R3_F3,1,98,0,0.24288535547672008
R3_F3,1,105,0,0.42153919641033544
R3_F3,1,106,0,0.4148054406597341
R3_F3,1,109,1,0.15217174986097848
R3_F3,1,124,0,0.5504778304144882
R3_F3,1,129,0,0.47647417293728855
R3_F3,1,131,0,0.10597720906726288
R3_F3,1,142,0,0.08331024886593054
R3_F3,1,149,0,0.4138835970011117
R3_F3,1,156,0,0.20531726707953446
R3_F3,1,166,0,0.8332219811103734
R3_F3,1,169,0,0.10568783143710377
R3_F3,1,170,1,0.7536578597309811
R3_F3,1,176,0,0.84572000779433
R3_F3,1,184,1,0.56950711276404
R3_F3,1,193,0,0.49041816132787863
R3_F3,1,202,0,0.12679759251137102
R3_F3,1,210,0,0.6338789364530881
R3_F3,1,216,0,0.12032091935981772
R3_F3,1,219,1,0.8260080771656151
R3_F3,1,220,0,0.0734926854013239
R3_F3,1,230,1,0.6538454592577662
R3_F3,1,242,0,0.2384306436468205
R3_F3,1,248,0,0.42863885540885543
R3_F3,1,251,0,0.5396210758263401
R3_F3,1,254,1,0.8133370919928758
R3_F3,1,262,1,0.7833207569187873
R3_F3,1,269,0,0.8181404557288389
R3_F3,1,271,0,0.701833640011694
R3_F3,1,277,1,0.2756385377408786
R3_F3,1,278,0,0.2208524013093406
R3_F3,1,288,0,0.11743873257126076
R3_F3,1,294,0,0.5590808177168411
R3_F3,1,309,0,0.1396273502031345
R3_F3,1,314,0,0.23550720450865517
R3_F3,1,317,0,0.12202349642455425
R3_F3,1,320,0,0.10229690754042609
R3_F3,1,322,0,0.29915109653293304
R3_F3,1,324,0,0.010319414535099014
R3_F3,1,330,1,0.519807174494695
R3_F3,1,341,0,0.14573809084230227
R3_F3,1,354,0,0.10627782826451716
R3_F3,1,355,1,0.811567133526213
R3_F3,1,365,0,0.23741139709600664
R3_F3,1,378,1,0.8012866244134865
R3_F3,1,382,0,0.33350280804280047
R3_F3,1,383,0,0.34626362748403267
R3_F3,1,388,0,0.08151355000463147
R3_F3,1,394,1,0.6919505777984029
R3_F3,1,395,0,0.051092622264072685
R3_F3,1,397,0,0.15463164780063057
R3_F3,1,398,1,0.4296884927748421
R3_F3,1,399,1,0.8873580856875556
R3_F3,1,403,0,0.06606412037030035
R3_F3,1,406,0,0.2971256614501508
R3_F3,1,407,0,0.41536439781733997
R3_F3,1,413,0,0.18790281937646044
R3_F3,1,420,0,0.308208494857423
R3_F3,1,421,0,0.6662652501995305
R3_F3,1,424,0,0.1025742669157798
R3_F3,1,429,0,0.5036056720697139
R3_F3,1,432,1,0.41904748350433074
R3_F3,1,438,0,0.09852066037783247
R3_F3,1,445,1,0.5110029968624827
R3_F3,1,451,0,0.5541975552324238
R3_F3,1,456,0,0.10400555835237206
R3_F3,1,464,1,0.7892489870430142
R3_F3,1,468,1,0.49841274797713053
R3_F3,1,471,0,0.5363592156964082
R3_F3,1,472,1,0.48658108241942166
R3_F3,1,479,1,0.35806092200912265
R3_F3,1,480,0,0.4564878780459283
R3_F3,1,486,1,0.23919033957531607
R3_F3,1,488,1,0.1684793185602246
R3_F3,1,506,0,0.28434724362987446
R3_F3,1,515,1,0.294557972408261
R3_F3,1,516,0,0.6943665779068732
R3_F3,1,520,1,0.37243342953447817
R3_F3,1,525,0,0.8547885686607429
R3_F3,1,526,0,0.5811471117222241
R3_F3,1,535,1,0.6504453696474815
R3_F3,1,543,1,0.781099558877783
R3_F3,1,544,0,0.689820233334209
R3_F3,1,547,0,0.18765573950175307
R3_F3,1,566,1,0.6057538151862364
R3_F3,1,571,1,0.887335506257421
R3_F3,1,581,1,0.7474769020012025
R3_F3,1,597,0,0.03160672818980513
R3_F3,1,599,1,0.8481558240261848
R3_F3,1,600,0,0.554050594627636
R3_F3,1,601,0,0.16409857522691243
R3_F3,1,605,0,0.18176400877925944
R3_F3,1,607,0,0.09427595688197284
R3_F3,1,615,0,0.019848528025756092
R3_F3,1,628,1,0.7834816189698511
R3_F3,1,633,1,0.5524300811401045
R3_F3,1,637,0,0.2236943339136945
R3_F3,1,639,1,0.16467982220137878
R3_F3,1,641,0,0.13598616295154373
R3_F3,1,648,1,0.8179871427247773
R3_F3,1,664,0,0.21605928336564306
R3_F3,1,669,0,0.35147189684127245
R3_F3,1,674,1,0.648527463413267
R3_F3,1,680,0,0.18772410647507007
R3_F3,1,681,0,0.2600948699324745
R3_F3,1,683,1,0.12615035458994567
R3_F3,1,687,1,0.4830578307788544
R3_F3,1,689,1,0.7582127026842359
R3_F3,1,690,0,0.3678357896790341
R3_F3,1,692,0,0.07054771551279196
R3_F3,1,693,0,0.1735346866589119
R3_F3,1,696,0,0.019341222916362966
R3_F3,1,706,0,0.16323205641455626
R3_F3,1,710,0,0.05125039459508743
R3_F3,1,711,0,0.18121298379268178
R3_F3,1,716,0,0.7029002801881298
R3_F3,1,720,0,0.8147700754185204
R3_F3,1,724,0,0.09901200546860356
R3_F3,1,725,0,0.0743875555896097
R3_F3,1,732,1,0.7678383800957721
R3_F3,1,734,0,0.04983379940712871
R3_F3,1,737,0,0.2405767689001895
R3_F3,1,757,0,0.11569344271761371
R3_F3,1,758,1,0.16532138061865276
R3_F3,1,759,0,0.5115541852506659
R3_F3,1,772,1,0.318036592127487
R3_F3,1,774,0,0.3193681276031624
R3_F3,1,776,1,0.8844994353483019
R3_F3,1,778,0,0.2972277447366773
R3_F3,1,785,0,0.5033459993820365
R3_F3,1,789,0,0.06749266669886911
R3_F3,1,795,0,0.09246118646106606
R3_F3,1,796,0,0.5239757200497578
R3_F3,1,798,1,0.8243644616904255
R3_F3,2,0,0,0.07987329581515418
R3_F3,2,3,0,0.7572246539240148
R3_F3,2,7,0,0.028703967906132874
R3_F3,2,9,1,0.6539448995672426
R3_F3,2,10,0,0.4056892750846077
R3_F3,2,16,0,0.05858068092435335
R3_F3,2,23,0,0.31124339741581947
R3_F3,2,42,0,0.044201500647794566
R3_F3,2,55,0,0.28011337248945356
R3_F3,2,59,1,0.6341462997702103
R3_F3,2,84,1,0.32236787281896306
R3_F3,2,90,1,0.5739950163779065
R3_F3,2,107,0,0.032666379781397865
R3_F3,2,111,0,0.25154853998415205
R3_F3,2,112,0,0.1513862982565051
R3_F3,2,113,0,0.2563912884283012
R3_F3,2,116,0,0.06457367461431195
R3_F3,2,128,0,0.061928310625067685
R3_F3,2,144,1,0.5662529683890906
R3_F3,2,147,1,0.47884816736033514
R3_F3,2,148,0,0.07362688926874951
R3_F3,2,155,1,0.6218757754110158
R3_F3,2,161,1,0.4878482559966435
R3_F3,2,168,0,0.03937495617465733
R3_F3,2,173,0,0.09986970000000679
R3_F3,2,180,0,0.19926392917700655
R3_F3,2,181,0,0.08258316233336781
R3_F3,2,185,0,0.7811088066629264
R3_F3,2,187,0,0.10155200323429629
R3_F3,2,195,0,0.10659249288490306
R3_F3,2,206,0,0.11395347477084931
R3_F3,2,211,0,0.23009188478406284
R3_F3,2,212,0,0.04760459645132778
R3_F3,2,213,1,0.417534158466532
R3_F3,2,215,0,0.06127093662466341
R3_F3,2,225,0,0.04829268893034333
R3_F3,2,226,0,0.3765629388428395
R3_F3,2,238,1,0.46143591363234987
R3_F3,2,244,1,0.2808606867313342
R3_F3,2,249,1,0.6038671404513153
R3_F3,2,250,1,0.7409415160003571
R3_F3,2,252,0,0.4391965930844072
R3_F3,2,256,0,0.10231993265560757
R3_F3,2,257,0,0.06641171848221288
R3_F3,2,270,0,0.5368379831836485
R3_F3,2,276,0,0.06092988892688819
R3_F3,2,280,0,0.027902572216976205
R3_F3,2,281,1,0.6400165312025188
R3_F3,2,298,0,0.3801066724957481
R3_F3,2,299,1,0.7308118837547225
R3_F3,2,302,0,0.06457527725675298
R3_F3,2,303,1,0.7987566339046883
R3_F3,2,304,0,0.07687366744265221
R3_F3,2,313,0,0.33188730056124754
R3_F3,2,323,1,0.6089524317850329
R3_F3,2,334,0,0.11771130447059579
R3_F3,2,337,1,0.3112994260840198
R3_F3,2,339,0,0.08013264810119493
R3_F3,2,343,0,0.06376708089527651
R3_F3,2,344,1,0.48345896392370097
R3_F3,2,358,0,0.09938470134241206
R3_F3,2,359,0,0.08571543668284753
R3_F3,2,363,1,0.3687923295796803
R3_F3,2,367,0,0.5387816675350736
R3_F3,2,370,1,0.706089506649465
R3_F3,2,372,0,0.040082402945465605
R3_F3,2,373,1,0.6100059216872286
R3_F3,2,377,1,0.4482626838972827
R3_F3,2,379,0,0.11098126008353011
R3_F3,2,390,0,0.20757205524322195
R3_F3,2,393,1,0.48702094895330794
R3_F3,2,400,1,0.08246832472682462
R3_F3,2,404,1,0.604057914233227
R3_F3,2,410,0,0.12226320370650157
R3_F3,2,412,0,0.39213693623209317
R3_F3,2,417,0,0.5511108636208518
R3_F3,2,418,0,0.28115790750011527
R3_F3,2,422,1,0.466566652827549
R3_F3,2,426,1,0.5014471516901476
R3_F3,2,427,0,0.387209737153249
R3_F3,2,428,1,0.8517577026113935
R3_F3,2,435,1,0.6030799377195729
R3_F3,2,436,0,0.1434467162047622
R3_F3,2,437,1,0.47874320123998837
R3_F3,2,439,0,0.11513297276130748
R3_F3,2,447,1,0.492067559766075
R3_F3,2,458,0,0.2805570279077009
R3_F3,2,462,0,0.39144839167919404
R3_F3,2,476,0,0.26728370394831946
R3_F3,2,481,0,0.5141932227759095
R3_F3,2,487,0,0.55732754544692
R3_F3,2,492,1,0.7097364823763472
R3_F3,2,495,1,0.19772686106726056
R3_F3,2,498,0,0.044925759663635635
R3_F3,2,505,1,0.7193463967737506
R3_F3,2,511,0,0.5529929057749202
R3_F3,2,517,1,0.19539437491246203
R3_F3,2,521,1,0.5069854648160729
R3_F3,2,522,0,0.0210622668758928
R3_F3,2,529,0,0.10221619744494685
R3_F3,2,533,0,0.4636555512435163
R3_F3,2,537,0,0.1388471059520796
R3_F3,2,540,1,0.2750265525446299
R3_F3,2,542,0,0.09214522223262385
R3_F3,2,546,0,0.26863839492387265
R3_F3,2,548,0,0.2234757930587599
R3_F3,2,549,0,0.40016722393586573
R3_F3,2,550,0,0.3168225759524196
R3_F3,2,555,0,0.5523305021994209
R3_F3,2,556,0,0.07218452544751909
R3_F3,2,557,0,0.06020559178382882
R3_F3,2,559,0,0.08096385673914479
R3_F3,2,560,0,0.38104485653778336
R3_F3,2,564,0,0.5951846919107794
R3_F3,2,577,0,0.4110379820310272
R3_F3,2,579,0,0.111743123689648
R3_F3,2,584,0,0.5842482155932256
R3_F3,2,587,0,0.08831684941663036
R3_F3,2,588,0,0.07520228503386232
R3_F3,2,590,1,0.5902127375635505
R3_F3,2,592,1,0.6194555449809301
R3_F3,2,602,1,0.7616655643435454
R3_F3,2,608,0,0.4235232018126546
R3_F3,2,609,1,0.21068839718062163
R3_F3,2,610,0,0.16576516316088982
R3_F3,2,613,0,0.12320743476174818
R3_F3,2,616,0,0.3853390334919428
R3_F3,2,620,0,0.3550584136191797
R3_F3,2,622,0,0.09824325073429012
R3_F3,2,630,0,0.03033169005620424
R3_F3,2,635,0,0.064325081076852
R3_F3,2,642,0,0.31888227564261123
R3_F3,2,653,0,0.1521468779038685
R3_F3,2,654,1,0.7538796567652675
R3_F3,2,657,0,0.06339164849338337
R3_F3,2,658,0,0.040513939038350176
R3_F3,2,661,0,0.110172472358184
R3_F3,2,685,0,0.21416898629043335
R3_F3,2,695,0,0.08605810735521463
R3_F3,2,698,0,0.2527852679963279
R3_F3,2,701,0,0.20941376578120205
R3_F3,2,704,0,0.12082198192903053
R3_F3,2,707,0,0.1426086225851153
R3_F3,2,708,1,0.626599277282118
R3_F3,2,712,1,0.3802016430435055
R3_F3,2,717,0,0.04152236381661866
R3_F3,2,729,0,0.43314966967457313
R3_F3,2,730,0,0.21863758439426806
R3_F3,2,733,1,0.5873391575258539
R3_F3,2,738,1,0.5605909317252094
R3_F3,2,740,1,0.6864348108754464
R3_F3,2,752,0,0.13789675261295412
R3_F3,2,762,0,0.6592641422694965
R3_F3,2,764,0,0.21603019877399834
R3_F3,2,767,0,0.49608667668510814
R3_F3,2,770,0,0.5523806716281509
R3_F3,2,781,1,0.12336582844137949
R3_F3,2,782,1,0.6338850364594885
R3_F3,2,784,1,0.5413412503168176
R3_F3,2,792,0,0.1957564490407815
R3_F3,3,1,1,0.8205501188065804
R3_F3,3,4,1,0.795412865523993
R3_F3,3,19,0,0.20314108565518585
R3_F3,3,24,0,0.5175612343664627
R3_F3,3,27,1,0.7657003250933618
R3_F3,3,29,1,0.4109181572636869
R3_F3,3,32,0,0.6093829534877717
R3_F3,3,33,0,0.40467917381978485
R3_F3,3,44,0,0.1283352955075353
R3_F3,3,45,1,0.22876545765359366
R3_F3,3,46,0,0.5573161345609207
R3_F3,3,48,1,0.8526699700309893
R3_F3,3,56,1,0.30407807895881467
R3_F3,3,58,0,0.47523831847406495
R3_F3,3,69,0,0.7381537665576973
R3_F3,3,70,1,0.7530721761170002
R3_F3,3,71,0,0.5427321505628154
R3_F3,3,74,0,0.12148316608712457
R3_F3,3,78,0,0.47048235711866315
R3_F3,3,83,0,0.05115171250091244
R3_F3,3,88,0,0.4038790488804635
R3_F3,3,97,0,0.07989110019639127
R3_F3,3,104,1,0.7936932842424623
R3_F3,3,115,0,0.33302719439898626
R3_F3,3,119,0,0.06757804365046904
R3_F3,3,127,0,0.030091094633087952
R3_F3,3,130,0,0.2789907497249993
R3_F3,3,133,0,0.26443024267144016
R3_F3,3,137,1,0.6197105856311739
R3_F3,3,145,1,0.5177462196879731
R3_F3,3,150,1,0.6400084813743069
R3_F3,3,152,1,0.5636448472744816
R3_F3,3,153,1,0.65869848231336
R3_F3,3,157,1,0.6755441756258991
R3_F3,3,160,0,0.21797744468205396
R3_F3,3,163,0,0.651864572346535
R3_F3,3,175,0,0.4933262987662435
R3_F3,3,177,0,0.13294209383067335
R3_F3,3,178,0,0.42171736601892706
R3_F3,3,179,0,0.7599675356239008
R3_F3,3,188,0,0.3663633401667705
R3_F3,3,189,1,0.6440009259717107
R3_F3,3,192,0,0.09977206667332368
R3_F3,3,204,0,0.3360827549558591
R3_F3,3,205,0,0.05454202047113188
R3_F3,3,209,0,0.653996584877652
R3_F3,3,222,1,0.1165950657521026
R3_F3,3,223,0,0.11770814838174289
R3_F3,3,229,0,0.040509034973553154
R3_F3,3,231,0,0.3966608709407564
R3_F3,3,235,0,0.06545351757312398
R3_F3,3,237,0,0.16499114946167825
R3_F3,3,247,0,0.22065308405102182
R3_F3,3,259,0,0.5106664052929716
R3_F3,3,261,1,0.09706304865039662
R3_F3,3,266,0,0.5391673155836666
R3_F3,3,267,0,0.7557317902206756
R3_F3,3,274,0,0.3645544314294522
R3_F3,3,282,0,0.10271237737958257
R3_F3,3,286,1,0.7444932328793475
R3_F3,3,287,0,0.5270789176072613
R3_F3,3,289,0,0.3428135948004389
R3_F3,3,292,0,0.022585232012145014
R3_F3,3,301,0,0.1441618971911737
R3_F3,3,305,0,0.4196338905948636
R3_F3,3,308,0,0.15438742525285476
R3_F3,3,312,0,0.07882735333942989
R3_F3,3,316,0,0.17895282240543411
R3_F3,3,318,0,0.6173251532678564
R3_F3,3,321,1,0.5043995189975491
R3_F3,3,325,1,0.15874436541779163
R3_F3,3,326,0,0.04240471848907116
R3_F3,3,327,1,0.08377662766910492
R3_F3,3,336,0,0.08767757956928159
R3_F3,3,342,1,0.30325275776205446
R3_F3,3,347,1,0.19745651965194033
R3_F3,3,350,0,0.1566334767012528
R3_F3,3,352,0,0.5792205090019904
R3_F3,3,369,0,0.18955506254487778
R3_F3,3,376,0,0.03768350355995916
R3_F3,3,381,0,0.12248395934869434
R3_F3,3,384,0,0.8661210067390236
R3_F3,3,385,0,0.45318850045074277
R3_F3,3,409,0,0.25468413980645765
R3_F3,3,415,0,0.05198278134491854
R3_F3,3,419,0,0.005099777094214286
R3_F3,3,425,0,0.13716705847209043
R3_F3,3,434,0,0.04511463099349727
R3_F3,3,446,1,0.5789054344309595
R3_F3,3,454,1,0.9140786924379233
R3_F3,3,459,1,0.8288310017968229
R3_F3,3,465,0,0.1408198954003523
R3_F3,3,466,1,0.5492114996702157
R3_F3,3,477,1,0.6694557110495835
R3_F3,3,489,0,0.5690939155782233
R3_F3,3,500,1,0.3580176429227618
R3_F3,3,501,0,0.11207968397433761
R3_F3,3,503,1,0.6942745098108657
R3_F3,3,504,0,0.49968878651108745
R3_F3,3,508,0,0.14739110868712982
R3_F3,3,510,1,0.7551094044769666
R3_F3,3,512,1,0.08027176223402178
R3_F3,3,513,0,0.07597334776386451
R3_F3,3,518,1,0.6729095636155863
R3_F3,3,519,0,0.913335885437686
R3_F3,3,527,0,0.2909806080450293
R3_F3,3,531,0,0.1151833003440577
R3_F3,3,538,0,0.6069702862071039
R3_F3,3,552,0,0.08284409713232334
R3_F3,3,554,0,0.5591610963230337
R3_F3,3,561,1,0.17404140863269082
R3_F3,3,562,1,0.691054694349734
R3_F3,3,568,0,0.5195444226930442
R3_F3,3,570,0,0.31963941857795297
R3_F3,3,583,0,0.0966150886771933
R3_F3,3,591,0,0.07498494009833405
R3_F3,3,603,0,0.04666584520569237
R3_F3,3,604,1,0.09130354968186243
R3_F3,3,611,0,0.2795735925804647
R3_F3,3,614,0,0.278927735011918
R3_F3,3,621,1,0.7465251637110083
R3_F3,3,623,0,0.5929567138079562
R3_F3,3,624,0,0.01727648789337114
R3_F3,3,634,0,0.05194450287461577
R3_F3,3,640,0,0.20244582421610582
R3_F3,3,645,0,0.5823182827850157
R3_F3,3,647,0,0.5039191430741522
R3_F3,3,649,0,0.019087401993215194
R3_F3,3,650,0,0.600490096303865
R3_F3,3,655,1,0.863232923745032
R3_F3,3,659,0,0.8707460494539304
R3_F3,3,660,1,0.6764330342462106
R3_F3,3,667,1,0.6293887729248008
R3_F3,3,670,1,0.9040865139390482
R3_F3,3,671,1,0.8779196540863445
R3_F3,3,675,0,0.16091371054815673
R3_F3,3,676,0,0.052885742746417115
R3_F3,3,679,1,0.3028994010653893
R3_F3,3,699,1,0.09564946214763843
R3_F3,3,702,0,0.054096557137241326
R3_F3,3,703,0,0.24334626038389162
R3_F3,3,713,1,0.6855887815353823
R3_F3,3,715,1,0.9119218160662456
R3_F3,3,718,0,0.4865795597538627
R3_F3,3,739,0,0.7267585678277627
R3_F3,3,741,0,0.6610930594054231
R3_F3,3,744,0,0.04935687590848625
R3_F3,3,746,1,0.651746605615453
R3_F3,3,747,1,0.18411649680682748
R3_F3,3,753,0,0.014222705288592477
R3_F3,3,755,0,0.8124307827904871
R3_F3,3,761,1,0.4652888291586503
R3_F3,3,765,0,0.16522749570711018
R3_F3,3,773,0,0.31864011348707244
R3_F3,3,779,0,0.07510826730062593
R3_F3,3,780,0,0.3130418508435067
R3_F3,3,786,1,0.5598242173730249
R3_F3,3,787,0,0.5000116093421673
R3_F3,3,790,0,0.5964303694396564
R3_F3,3,791,0,0.03572641093057908
R3_F3,4,2,0,0.04838241021823014
R3_F3,4,5,0,0.15814661238369465
R3_F3,4,14,0,0.667129644928027
R3_F3,4,15,0,0.05167426316832462
R3_F3,4,25,0,0.0929250176030791
R3_F3,4,39,0,0.19036725374217137
R3_F3,4,47,0,0.5993515122310803
R3_F3,4,51,1,0.8825226275131323
R3_F3,4,52,0,0.1873878411856821
R3_F3,4,53,0,0.1786671159153963
R3_F3,4,54,0,0.17975311421102366
R3_F3,4,60,0,0.3055339630340087
R3_F3,4,63,0,0.29232062270914067
R3_F3,4,64,1,0.039356337442728345
R3_F3,4,67,0,0.22801560833940773
R3_F3,4,75,1,0.095367718564817
R3_F3,4,80,0,0.25226963415062387
R3_F3,4,87,0,0.1450766615993743
R3_F3,4,89,0,0.3848889545092516
R3_F3,4,92,1,0.38876022896462464
R3_F3,4,94,1,0.42297731427749663
R3_F3,4,96,0,0.07583745285412823
R3_F3,4,100,0,0.6651562953221425
R3_F3,4,101,0,0.6491095943409332
R3_F3,4,117,0,0.662224329889011
R3_F3,4,118,0,0.01761249301999557
R3_F3,4,120,0,0.035223888371877454
R3_F3,4,123,0,0.08998776905308865
R3_F3,4,126,0,0.014525830286759828
R3_F3,4,132,1,0.7740230918313459
R3_F3,4,134,1,0.45897787611095725
R3_F3,4,138,0,0.08453973820884109
R3_F3,4,140,0,0.4726284281507633
R3_F3,4,143,0,0.396166271068572
R3_F3,4,151,0,0.5929485562286773
R3_F3,4,154,1,0.1912696692548773
R3_F3,4,164,0,0.04434532988323281
R3_F3,4,165,0,0.4588358584750925
R3_F3,4,171,1,0.23656898376321836
R3_F3,4,172,0,0.024009926698766167
R3_F3,4,182,0,0.6489326493728574
R3_F3,4,183,1,0.3852525868212831
R3_F3,4,186,1,0.5255120099284282
R3_F3,4,190,1,0.4221086712528707
R3_F3,4,191,1,0.513869874700606
R3_F3,4,197,0,0.03303241474150024
R3_F3,4,199,0,0.5591093593490123
R3_F3,4,201,1,0.7849093686672634
R3_F3,4,203,0,0.18749875435407395
R3_F3,4,207,0,0.03154955722904932
R3_F3,4,214,0,0.1337033205006922
R3_F3,4,221,0,0.0661880435004426
R3_F3,4,234,1,0.8226010536580294
R3_F3,4,239,0,0.30541585749004246
R3_F3,4,240,1,0.396377613012012
R3_F3,4,241,0,0.06186766846643513
R3_F3,4,243,1,0.6887259420251324
R3_F3,4,245,0,0.48316540869255625
R3_F3,4,258,0,0.45714099696281857
R3_F3,4,260,0,0.2106267610029581
R3_F3,4,265,1,0.10830796227688749
R3_F3,4,272,0,0.23966091574792522
R3_F3,4,273,0,0.05861367827516672
R3_F3,4,279,1,0.3681942955833251
R3_F3,4,285,0,0.15529753662954773
R3_F3,4,300,1,0.5004080354263215
R3_F3,4,306,1,0.5898858423912025
R3_F3,4,307,0,0.3769853637829092
R3_F3,4,310,0,0.11000718667047236
R3_F3,4,311,0,0.32321976652877477
R3_F3,4,329,0,0.06687170367323356
R3_F3,4,332,0,0.21121284116108777
R3_F3,4,333,1,0.6134549832830212
R3_F3,4,335,0,0.21547112896559514
R3_F3,4,340,0,0.03275241588905962
R3_F3,4,345,0,0.23739266047638408
R3_F3,4,356,0,0.08692110426971177
R3_F3,4,360,1,0.6640831464075496
R3_F3,4,371,0,0.2511394990883205
R3_F3,4,374,1,0.386556555620984
R3_F3,4,386,0,0.08705547604782998
R3_F3,4,387,1,0.2563944737661533
R3_F3,4,389,0,0.08484521584594269
R3_F3,4,391,1,0.7205470848132851
R3_F3,4,392,0,0.12769475819824136
R3_F3,4,396,1,0.8369390085205871
R3_F3,4,401,0,0.06728088507876032
R3_F3,4,402,0,0.21370275458053697
R3_F3,4,405,0,0.15875592490505255
R3_F3,4,408,0,0.26651489477584506
R3_F3,4,414,1,0.4707596337462369
R3_F3,4,416,0,0.29130594481864913
R3_F3,4,431,0,0.35517800463981636
R3_F3,4,441,0,0.6443063750615364
R3_F3,4,443,1,0.5880217809610446
R3_F3,4,448,1,0.5642702685395792
R3_F3,4,449,0,0.31065339556844096
R3_F3,4,452,1,0.35710523620323076
R3_F3,4,455,1,0.6961513508646343
R3_F3,4,463,0,0.2555878616825753
R3_F3,4,467,0,0.4245298009389386
R3_F3,4,473,1,0.4345088469961238
R3_F3,4,482,0,0.10200180569121381
R3_F3,4,483,1,0.6122593432236667
R3_F3,4,484,0,0.0814559817654907
R3_F3,4,490,0,0.5031759748111299
R3_F3,4,493,0,0.19189646103360802
R3_F3,4,494,0,0.30311731490787835
R3_F3,4,497,1,0.5682484136815581
R3_F3,4,499,0,0.10499126280637887
R3_F3,4,514,0,0.44771918434486285
R3_F3,4,528,1,0.7255430441972835
R3_F3,4,530,0,0.36406778535082956
R3_F3,4,541,0,0.12536375192836227
R3_F3,4,545,0,0.1962394808047078
R3_F3,4,551,0,0.7698425320227139
R3_F3,4,558,0,0.1509355065370176
R3_F3,4,572,0,0.021694602932048057
R3_F3,4,575,1,0.3845659642283701
R3_F3,4,576,1,0.6821200837504694
R3_F3,4,578,1,0.525439971902595
R3_F3,4,585,1,0.628954436399994
R3_F3,4,586,0,0.10830577368410055
R3_F3,4,594,0,0.05379424660839416
R3_F3,4,596,0,0.46992894138227953
R3_F3,4,618,0,0.021862731112579224
R3_F3,4,619,0,0.1047344420387409
R3_F3,4,629,0,0.2069888961939952
R3_F3,4,632,1,0.8380454859729581
R3_F3,4,636,0,0.42157984112462027
R3_F3,4,638,0,0.331660309361566
R3_F3,4,644,0,0.2915593139725952
R3_F3,4,646,0,0.03622610624119352
R3_F3,4,652,0,0.32265794773710615
R3_F3,4,662,0,0.2777130467808706
R3_F3,4,663,1,0.6820393626487418
R3_F3,4,666,0,0.6369909486172919
R3_F3,4,673,1,0.28060883125773234
R3_F3,4,678,0,0.24588630906267714
R3_F3,4,682,0,0.14229323423297943
R3_F3,4,684,0,0.4739812111079272
R3_F3,4,694,1,0.6177892575082605
R3_F3,4,697,1,0.23202770170606846
R3_F3,4,719,0,0.39078253995597745
R3_F3,4,726,0,0.3588431947614497
R3_F3,4,727,0,0.40484860052076926
R3_F3,4,728,0,0.10952712132165791
R3_F3,4,736,1,0.6324681380418025
R3_F3,4,742,0,0.5517768248271421
R3_F3,4,743,1,0.3508786001318547
R3_F3,4,745,0,0.6617481280349383
R3_F3,4,749,1,0.8816792655409172
R3_F3,4,756,1,0.5304101572248318
R3_F3,4,760,1,0.48321258314706866
R3_F3,4,763,0,0.21214644090456822
R3_F3,4,766,1,0.7788160850216927
R3_F3,4,769,1,0.08267716836995
R3_F3,4,777,0,0.0964854757704628
R3_F3,4,788,0,0.6369465604209555
R3_F3,4,797,0,0.1130051500550082
R3_F3,5,6,0,0.5766071547732838
R3_F3,5,17,0,0.422463232813623
R3_F3,5,18,0,0.1197685178554986
R3_F3,5,21,0,0.07205135563596676
R3_F3,5,26,0,0.38531104061056914
R3_F3,5,35,1,0.6409935335924075
R3_F3,5,37,0,0.1533157599841291
R3_F3,5,38,0,0.5071608011910712
R3_F3,5,40,0,0.20346821957808425
R3_F3,5,41,0,0.14096630371575994
R3_F3,5,57,0,0.34572097798172635
R3_F3,5,61,1,0.8325757375171241
R3_F3,5,62,0,0.2688860595247644
R3_F3,5,72,1,0.3680838941782422
R3_F3,5,82,0,0.1496443817544719
R3_F3,5,93,0,0.4359234340530249
R3_F3,5,99,1,0.5448645137457127
R3_F3,5,102,1,0.4979576189864517
R3_F3,5,103,1,0.4939287623162916
R3_F3,5,108,0,0.08397916748806296
R3_F3,5,110,0,0.05662889031993192
R3_F3,5,114,0,0.584033241592227
R3_F3,5,121,0,0.2373726760068945
R3_F3,5,122,0,0.284224203990811
R3_F3,5,125,0,0.4034476212547613
R3_F3,5,135,1,0.743658365442691
R3_F3,5,136,0,0.2463812520192796
R3_F3,5,139,1,0.6479257888944526
R3_F3,5,141,0,0.11354333582400873
R3_F3,5,146,0,0.021638160527549178
R3_F3,5,158,0,0.06861405318035141
R3_F3,5,159,0,0.7205307008924317
R3_F3,5,162,0,0.03268645523534101
R3_F3,5,167,0,0.009891289589913409
R3_F3,5,174,0,0.5775026238994041
R3_F3,5,194,1,0.7771432598621865
R3_F3,5,196,0,0.10112186599306017
R3_F3,5,198,0,0.29735915931745055
R3_F3,5,200,0,0.05602264720674005
R3_F3,5,208,0,0.41928718332237125
R3_F3,5,217,0,0.7955714166526898
R3_F3,5,218,1,0.4368766370592991
R3_F3,5,224,0,0.23608084289526565
R3_F3,5,227,0,0.8756623152673132
R3_F3,5,228,0,0.09191219832851018
R3_F3,5,232,0,0.1953598591700559
R3_F3,5,233,0,0.3762450128955263
R3_F3,5,236,0,0.18989755104406672
R3_F3,5,246,0,0.6055404183743073
R3_F3,5,253,1,0.7499982873002562
R3_F3,5,255,0,0.1455676113361065
R3_F3,5,263,1,0.54719324796723
R3_F3,5,264,1,0.7978369683448042
R3_F3,5,268,0,0.5992418598256161
R3_F3,5,275,0,0.7469347890461561
R3_F3,5,283,1,0.6611431373980842
R3_F3,5,284,0,0.0635611217726236
R3_F3,5,290,0,0.21236680799666932
R3_F3,5,291,0,0.06579101956350313
R3_F3,5,293,1,0.7321735720506409
R3_F3,5,295,0,0.16875655437661044
R3_F3,5,296,0,0.06003290558897697
R3_F3,5,297,0,0.15982892072204305
R3_F3,5,315,0,0.872782294362028
R3_F3,5,319,0,0.44187246227533333
R3_F3,5,328,1,0.7389276349044439
R3_F3,5,331,0,0.7237635387187381
R3_F3,5,338,0,0.5146982719087106
R3_F3,5,346,0,0.4860973216255977
R3_F3,5,348,0,0.0416102526906006
R3_F3,5,349,0,0.6549667418051646
R3_F3,5,351,0,0.6433599475605695
R3_F3,5,353,1,0.7427348477924043
R3_F3,5,357,1,0.12560605776726463
R3_F3,5,361,0,0.2129693550216463
R3_F3,5,362,0,0.37711734420338355
R3_F3,5,364,0,0.5252620499570216
R3_F3,5,366,0,0.38020698146952414
R3_F3,5,368,0,0.40669993697045936
R3_F3,5,375,1,0.7155299873121027
R3_F3,5,380,0,0.32511257015432177
R3_F3,5,411,1,0.46174423837033024
R3_F3,5,423,0,0.08462458223318853
R3_F3,5,430,1,0.4555278722047511
R3_F3,5,433,1,0.2096440435064368
R3_F3,5,440,1,0.4192403703280996
R3_F3,5,442,0,0.2751901333495153
R3_F3,5,444,1,0.6558274656941846
R3_F3,5,450,0,0.4324154339024917
R3_F3,5,453,0,0.32046498148147645
R3_F3,5,457,0,0.18958189210318707
R3_F3,5,460,0,0.24478682768088866
R3_F3,5,461,1,0.300430156395981
R3_F3,5,469,1,0.10492710709799612
R3_F3,5,470,0,0.09572423538260001
R3_F3,5,474,1,0.7515926050497579
R3_F3,5,475,1,0.12522437729411048
R3_F3,5,478,1,0.8041673663998994
R3_F3,5,485,1,0.7712592390970316
R3_F3,5,491,0,0.29473511732723584
R3_F3,5,496,0,0.7112014112369366
R3_F3,5,502,0,0.060105216852375944
R3_F3,5,507,0,0.15231583664757026
R3_F3,5,509,1,0.7221805367662121
R3_F3,5,523,0,0.7030657312677501
R3_F3,5,524,0,0.24089129860740918
R3_F3,5,532,0,0.5509933340413523
R3_F3,5,534,0,0.7126278269197471
R3_F3,5,536,0,0.13924056580819746
R3_F3,5,539,0,0.20227574303731843
R3_F3,5,553,0,0.30422717983057934
R3_F3,5,563,0,0.490344210302466
R3_F3,5,565,0,0.4021924526048814
R3_F3,5,567,1,0.6639219932336381
R3_F3,5,569,0,0.26320027779328403
R3_F3,5,573,0,0.20117717864841247
R3_F3,5,574,0,0.20721535198487617
R3_F3,5,580,0,0.08221105968579852
R3_F3,5,582,1,0.9160535919909799
R3_F3,5,589,0,0.8071075133709074
R3_F3,5,593,0,0.7522457389918148
R3_F3,5,595,0,0.5840634207201548
R3_F3,5,598,0,0.3548974657620579
R3_F3,5,606,1,0.23527181327571708
R3_F3,5,612,1,0.7561997261112232
R3_F3,5,617,1,0.8072611936357285
R3_F3,5,625,1,0.1576752011768915
R3_F3,5,626,0,0.022438347220085805
R3_F3,5,627,0,0.3430116827028577
R3_F3,5,631,1,0.7490753450198607
R3_F3,5,643,0,0.10851384973837468
R3_F3,5,651,1,0.5840048120064399
R3_F3,5,656,0,0.7880200605462714
R3_F3,5,665,0,0.15265995618230102
R3_F3,5,668,1,0.45921094101100707
R3_F3,5,672,0,0.5177382752823964
R3_F3,5,677,1,0.676392854183038
R3_F3,5,686,1,0.28075248470940256
R3_F3,5,688,0,0.00723037620677619
R3_F3,5,691,0,0.18608084539669367
R3_F3,5,700,0,0.14230790206582403
R3_F3,5,705,0,0.5292937920380467
R3_F3,5,709,0,0.0356445101143412
R3_F3,5,714,0,0.21187115640465193
R3_F3,5,721,1,0.7355266636536403
R3_F3,5,722,1,0.48950654587442405
R3_F3,5,723,0,0.15553023933288124
R3_F3,5,731,0,0.08217572033102916
R3_F3,5,735,1,0.6369263190171996
R3_F3,5,748,0,0.5596270023718207
R3_F3,5,750,0,0.1495328520490234
R3_F3,5,751,0,0.06990180539611272
R3_F3,5,754,0,0.38167145461048274
R3_F3,5,768,0,0.27185782007171044
R3_F3,5,771,0,0.6237520928150557
R3_F3,5,775,0,0.34202336056487653
R3_F3,5,783,1,0.18722329515557554
R3_F3,5,793,0,0.5736035483625379
R3_F3,5,794,0,0.7756427632035461
R3_F3,5,799,0,0.42424757542624625
R3_F4,1,8,1,0.4952409458620238
R3_F4,1,13,1,0.6684592395964429
R3_F4,1,14,0,0.017119154091288013
R3_F4,1,16,1,0.7757106292187198
R3_F4,1,18,0,0.048331762857480094
R3_F4,1,23,0,0.19158738456379054
R3_F4,1,35,0,0.42340991316446824
R3_F4,1,36,0,0.26684078659130755
R3_F4,1,41,0,0.41310567827962147
R3_F4,1,50,1,0.8549954419030069
R3_F4,1,69,0,0.32280221314256724
R3_F4,1,78,1,0.8717929275106576
R3_F4,1,80,0,0.23474815961241471
R3_F4,1,85,0,0.09798125641160067
R3_F4,1,86,0,0.08938710103690868
R3_F4,1,98,0,0.1455561117925542
R3_F4,1,107,0,0.4194307737882137
R3_F4,1,113,0,0.029376299885409542
R3_F4,1,115,0,0.23564032523654058
R3_F4,1,118,0,0.5275132811678592
R3_F4,1,121,0,0.30758836969153175
R3_F4,1,125,0,0.13400533564200842
R3_F4,1,131,0,0.041351423094362925
R3_F4,1,132,0,0.7227634843988531
R3_F4,1,144,1,0.682820171057125
R3_F4,1,145,1,0.2767404785571732
R3_F4,1,154,1,0.5702288022509973
R3_F4,1,156,0,0.2916004993681941
R3_F4,1,159,1,0.41315870791611214
R3_F4,1,161,0,0.06704868380962443
R3_F4,1,163,0,0.053663886194935485
R3_F4,1,166,0,0.039890505467335066
R3_F4,1,172,0,0.7414725027714867
R3_F4,1,182,0,0.31608482178902225
R3_F4,1,188,1,0.5207053433180202
R3_F4,1,190,1,0.08232708609967171
R3_F4,1,195,1,0.409583023903579
R3_F4,1,197,0,0.3745588175587152
R3_F4,1,216,0,0.5593680874240718
R3_F4,1,217,0,0.41165457074762246
R3_F4,1,218,1,0.21332195483392388
R3_F4,1,220,0,0.39565220252162603
R3_F4,1,221,1,0.4644393700340636
R3_F4,1,224,0,0.052029112986671934
R3_F4,1,225,1,0.26277464966874003
R3_F4,1,226,0,0.07984999177917297
R3_F4,1,239,1,0.7611788022617642
R3_F4,1,248,0,0.19330620291515357
R3_F4,1,250,1,0.20409841976543994
R3_F4,1,261,0,0.3031123107084523
R3_F4,1,263,0,0.10970528729464175
R3_F4,1,264,1,0.506320581671133
R3_F4,1,265,1,0.7894024334844133
R3_F4,1,269,0,0.07686696237188503
R3_F4,1,281,0,0.7371509657898754
R3_F4,1,288,0,0.15047059729401127
R3_F4,1,290,1,0.3668656682243137
R3_F4,1,305,1,0.7027806429524551
R3_F4,1,306,1,0.8041702511890098
R3_F4,1,318,0,0.4686228414934562
R3_F4,1,320,0,0.09524277576746722
R3_F4,1,321,0,0.431496667908385
R3_F4,1,322,0,0.5409191326816395
R3_F4,1,323,0,0.4313573706443478
R3_F4,1,324,1,0.3753779596008558
R3_F4,1,330,0,0.2995412834553522
R3_F4,1,332,0,0.0034254935211690683
R3_F4,1,335,1,0.07760940269489419
R3_F4,1,340,1,0.43366694614862417
R3_F4,1,343,0,0.079633355035089
R3_F4,1,366,0,0.08849515667863204
R3_F4,1,367,1,0.8486062998385764
R3_F4,1,377,0,0.46142115536562217
R3_F4,1,384,0,0.07584963752178292
R3_F4,1,385,1,0.4032415526841618
R3_F4,1,386,1,0.41585410298137804
R3_F4,1,389,1,0.8113777843558649
R3_F4,1,391,0,0.10265906630262667
R3_F4,1,397,0,0.07776797191672126
R3_F4,1,407,0,0.6938873745903348
R3_F4,1,409,1,0.8951502930201337
R3_F4,1,414,0,0.15479274483216524
R3_F4,1,421,0,0.1782916497867549
R3_F4,1,430,0,0.4720397327706138
R3_F4,1,436,1,0.901988977803239
R3_F4,1,437,0,0.3803172556475916
R3_F4,1,445,0,0.08118657947809986
R3_F4,1,454,0,0.4435267754668178
R3_F4,1,457,0,0.4737803580792514
R3_F4,1,462,0,0.2079609337444842
R3_F4,1,463,0,0.6240228126942579
R3_F4,1,476,1,0.13151306068499388
R3_F4,1,490,0,0.4578218803365886
R3_F4,1,491,0,0.3203785249274451
R3_F4,1,496,1,0.5937860576041164
R3_F4,1,501,0,0.04980325915190464
R3_F4,1,503,0,0.10856262250106898
R3_F4,1,512,0,0.4535642941567941
R3_F4,1,522,1,0.6693821820227198
R3_F4,1,523,1,0.27118245587461065
R3_F4,1,525,1,0.6011636696066026
R3_F4,1,529,0,0.09534455628536394
R3_F4,1,535,0,0.15704353780704242
R3_F4,1,538,1,0.2882100736789008
R3_F4,1,540,0,0.2650211513721128
R3_F4,1,541,0,0.0778772289742526
R3_F4,1,543,0,0.14266069955438623
R3_F4,1,551,0,0.2267312025372059
R3_F4,1,558,1,0.3682200270075087
R3_F4,1,566,0,0.3182631228181804
R3_F4,1,570,1,0.725273134932014
R3_F4,1,573,0,0.05320731786579016
R3_F4,1,576,1,0.5696443591307719
R3_F4,1,577,1,0.7290357757682777
R3_F4,1,578,0,0.17093328624315532
R3_F4,1,580,0,0.13633997575584697
R3_F4,1,583,0,0.09855439050291137
R3_F4,1,591,0,0.6725638480835551
R3_F4,1,593,0,0.7356399773183943
R3_F4,1,598,0,0.02629811460960238
R3_F4,1,600,1,0.8517972632890837
R3_F4,1,602,0,0.13185694942743262
R3_F4,1,606,0,0.20236446974775016
R3_F4,1,610,1,0.19661580830774042
R3_F4,1,622,0,0.43240889683115696
R3_F4,1,626,0,0.5325045497806985
R3_F4,1,638,0,0.23080021496862055
R3_F4,1,639,0,0.2926044586692825
R3_F4,1,644,1,0.847252875082552
R3_F4,1,651,0,0.07315819313314247
R3_F4,1,654,0,0.19786797556093896
R3_F4,1,655,0,0.20301210348038193
R3_F4,1,667,0,0.10414730084475217
R3_F4,1,673,0,0.20316722654289268
R3_F4,1,678,0,0.052127958822526625
R3_F4,1,680,0,0.18101605218273006
R3_F4,1,681,0,0.06442476256139403
R3_F4,1,690,0,0.11925979195916536
R3_F4,1,696,0,0.19680645042178602
R3_F4,1,697,0,0.8510788026079799
R3_F4,1,699,1,0.5405054418260157
R3_F4,1,701,0,0.08686557537406647
R3_F4,1,706,1,0.5165471737316937
R3_F4,1,721,0,0.11625662581380387
R3_F4,1,722,0,0.11369604747670829
R3_F4,1,726,0,0.15309486578946294
R3_F4,1,731,1,0.6366833094644871
R3_F4,1,748,1,0.287897471832337
R3_F4,1,750,0,0.04689092569954197
R3_F4,1,756,0,0.7264897190771803
R3_F4,1,758,1,0.39884233080337034
R3_F4,1,760,0,0.26785149707273154
R3_F4,1,761,1,0.7554586796922127
R3_F4,1,766,0,0.12303952892294141
R3_F4,1,773,0,0.247667698177649
R3_F4,1,776,0,0.5266695650922099
R3_F4,1,777,1,0.8907695839418904
R3_F4,1,782,0,0.25690838802186744
R3_F4,1,783,1,0.25865327230936436
R3_F4,1,793,0,0.36781742202147827
R3_F4,2,7,0,0.060267753705745886
R3_F4,2,10,0,0.5726357566322725
R3_F4,2,15,0,0.7748345716937788
R3_F4,2,27,0,0.05176605759319216
R3_F4,2,34,0,0.2764007269599425
R3_F4,2,40,0,0.34762482087176955
R3_F4,2,44,0,0.2360210270071101
R3_F4,2,45,1,0.22301722266726856
R3_F4,2,52,0,0.18379300351979722
R3_F4,2,53,0,0.3233100527620841
R3_F4,2,54,1,0.2802866146188816
R3_F4,2,60,1,0.3618953489330487
R3_F4,2,64,0,0.29276694589355085
R3_F4,2,67,0,0.07422975168016877
R3_F4,2,71,0,0.5177122589592252
R3_F4,2,88,1,0.5055079996804385
R3_F4,2,90,0,0.46632720982976683
R3_F4,2,91,0,0.23833415957796736
R3_F4,2,104,0,0.21219457419373453
R3_F4,2,110,0,0.3686121970245888
R3_F4,2,114,0,0.13254790255548057
R3_F4,2,135,0,0.0493722883392344
R3_F4,2,143,1,0.5667924754738246
R3_F4,2,149,0,0.48956641320401345
R3_F4,2,158,1,0.1487510184566276
R3_F4,2,165,0,0.20192675324956907
R3_F4,2,169,0,0.5100765608173535
R3_F4,2,175,0,0.12760213769919068
R3_F4,2,178,0,0.026415552712846246
R3_F4,2,184,0,0.24389688752147706
R3_F4,2,185,0,0.08269938168349748
R3_F4,2,192,0,0.08662480353975703
R3_F4,2,193,0,0.01808056352524558
R3_F4,2,199,0,0.09222941001278533
R3_F4,2,201,0,0.07447577970892792
R3_F4,2,202,0,0.14176335322935904
R3_F4,2,204,0,0.28733976511317594
R3_F4,2,208,0,0.2727251158578674
R3_F4,2,210,0,0.18487357978223262
R3_F4,2,232,0,0.2561392359821318
R3_F4,2,236,0,0.6812927123161003
R3_F4,2,237,0,0.6046547490186845
R3_F4,2,241,0,0.5841428969523171
R3_F4,2,246,0,0.06904121434492859
R3_F4,2,247,0,0.06048321318561282
R3_F4,2,253,1,0.4278661624240756
R3_F4,2,254,0,0.4722160454865554
R3_F4,2,258,1,0.7301962481573635
R3_F4,2,271,0,0.290918571328531
R3_F4,2,278,0,0.6555512506548181
R3_F4,2,279,0,0.734704162979592
R3_F4,2,280,0,0.6044208646826384
R3_F4,2,283,0,0.19889268882996902
R3_F4,2,291,0,0.13373779213344922
R3_F4,2,292,1,0.6273585267644847
R3_F4,2,300,1,0.6118452341095227
R3_F4,2,309,1,0.8873713476447174
R3_F4,2,311,0,0.1598453134956778
R3_F4,2,312,1,0.7818598980284995
R3_F4,2,313,0,0.31871510171290596
R3_F4,2,314,0,0.6495321501432222
R3_F4,2,328,1,0.5168310170454883
R3_F4,2,329,0,0.4839555149712543
R3_F4,2,334,0,0.16248404487218274
R3_F4,2,339,1,0.7056451391710848
R3_F4,2,344,0,0.26713679579629174
R3_F4,2,368,0,0.11356679360758737
R3_F4,2,372,0,0.4447184242996278
R3_F4,2,373,0,0.04171254403984661
R3_F4,2,382,1,0.6985785568493453
R3_F4,2,395,0,0.04845462752326043
R3_F4,2,399,0,0.059296103316082656
R3_F4,2,401,0,0.0855533124445872
R3_F4,2,402,0,0.09294921868051441
R3_F4,2,403,0,0.048840761295099955
R3_F4,2,404,0,0.3168202929100426
R3_F4,2,406,1,0.7622685668962182
R3_F4,2,412,1,0.5495708332442691
R3_F4,2,416,0,0.13083570876701034
R3_F4,2,428,0,0.021397046765065927
R3_F4,2,429,1,0.7053596491062515
R3_F4,2,441,1,0.8267724846586274
R3_F4,2,442,0,0.10221174167345508
R3_F4,2,443,1,0.6426831325884299
R3_F4,2,447,0,0.30818069517523833
R3_F4,2,451,1,0.5248896260673463
R3_F4,2,452,1,0.3730367930056738
R3_F4,2,464,0,0.3387867198050276
R3_F4,2,466,0,0.3396618805478373
R3_F4,2,473,0,0.12356434558448261
R3_F4,2,480,1,0.3237391739170789
R3_F4,2,481,1,0.6726116406174582
R3_F4,2,482,1,0.7210953309809515
R3_F4,2,484,0,0.3313380335493535
R3_F4,2,488,0,0.1504642479493615
R3_F4,2,497,0,0.2166262067997876
R3_F4,2,506,1,0.6886456553723863
R3_F4,2,507,0,0.46629445458259494
R3_F4,2,510,0,0.3055959196550864
R3_F4,2,518,0,0.04475107186317412
R3_F4,2,519,1,0.29672798559882557
R3_F4,2,527,0,0.8883327955850477
R3_F4,2,530,0,0.28133009249369234
R3_F4,2,539,0,0.08825757497582036
R3_F4,2,544,0,0.40171475718252164
R3_F4,2,549,0,0.6546764590486873
R3_F4,2,553,0,0.04940114736298643
R3_F4,2,557,1,0.1795135114902925
R3_F4,2,559,0,0.33874663147355566
R3_F4,2,571,0,0.06782045534679552
R3_F4,2,574,0,0.5120837053481696
R3_F4,2,581,0,0.5409941217263535
R3_F4,2,584,0,0.08517372252001965
R3_F4,2,588,0,0.07911926497506867
R3_F4,2,597,1,0.6150135709046786
R3_F4,2,601,0,0.41418622139201045
R3_F4,2,604,1,0.6344063717356985
R3_F4,2,611,0,0.1462621371735792
R3_F4,2,612,0,0.29689818294922515
R3_F4,2,615,0,0.01877284211124407
R3_F4,2,618,0,0.02034098917709901
R3_F4,2,619,0,0.2077507784766126
R3_F4,2,620,1,0.7474981351905582
R3_F4,2,621,0,0.09417048413303587
R3_F4,2,624,0,0.3602812540772066
R3_F4,2,632,1,0.5993141714320066
R3_F4,2,640,0,0.15909109123641904
R3_F4,2,641,0,0.24010169082073526
R3_F4,2,649,1,0.3783394923659252
R3_F4,2,660,0,0.3868621646034894
R3_F4,2,661,0,0.19967232149060263
R3_F4,2,671,1,0.3647844368138477
R3_F4,2,672,0,0.18628850733455396
R3_F4,2,675,1,0.1954709475862151
R3_F4,2,684,1,0.1795139184844844
R3_F4,2,686,0,0.09068118056415116
R3_F4,2,687,1,0.21305260371895476
R3_F4,2,688,0,0.2175415517153874
R3_F4,2,691,0,0.2509830838699731
R3_F4,2,694,0,0.06275539705663963
R3_F4,2,695,0,0.22307323707027824
R3_F4,2,700,0,0.04738648917205859
R3_F4,2,705,1,0.36417491044857964
R3_F4,2,709,0,0.2611838608098082
R3_F4,2,720,0,0.1722099744120246
R3_F4,2,729,0,0.08260441656772324
R3_F4,2,730,1,0.45886604339909803
R3_F4,2,735,0,0.27070257429534444
R3_F4,2,739,1,0.6509818962949271
R3_F4,2,741,0,0.046584884767127965
R3_F4,2,746,0,0.6826827351567036
R3_F4,2,755,0,0.3219000136034303
R3_F4,2,768,0,0.45840687769014093
R3_F4,2,769,0,0.06028281857580853
R3_F4,2,771,0,0.12099292316546273
R3_F4,2,775,0,0.3596732640959532
R3_F4,2,780,0,0.32155764413173604
R3_F4,2,785,1,0.36677890439886035
R3_F4,2,786,1,0.36457770776883547
R3_F4,2,787,0,0.4389764427441287
R3_F4,3,0,0,0.05047492622422801
R3_F4,3,1,1,0.7040426416661507
R3_F4,3,2,0,0.06043835914185539
R3_F4,3,3,1,0.789881793701241
R3_F4,3,17,0,0.14702160067236733
R3_F4,3,19,0,0.22391869025452124
R3_F4,3,20,0,0.16038287090023612
R3_F4,3,22,0,0.41820488214964846
R3_F4,3,26,0,0.37753029272007205
R3_F4,3,29,1,0.599976787127586
R3_F4,3,31,1,0.3553911260753455
R3_F4,3,38,0,0.11285758771256042
R3_F4,3,42,0,0.2910742371509412
R3_F4,3,46,0,0.4163554597765274
R3_F4,3,56,0,0.49952679498706937
R3_F4,3,59,0,0.6272533135160826
R3_F4,3,61,0,0.12179978121445868
R3_F4,3,62,1,0.7777702207196969
R3_F4,3,65,0,0.7255629791608135
R3_F4,3,73,1,0.48943451400780774
R3_F4,3,74,0,0.12167812127387401
R3_F4,3,75,1,0.05995283928351134
R3_F4,3,77,0,0.1663432513626217
R3_F4,3,79,0,0.03461036052188476
R3_F4,3,81,0,0.26578548076535174
R3_F4,3,82,0,0.16588807896067814
R3_F4,3,97,1,0.4156245520285955
R3_F4,3,102,0,0.10395098717055828
R3_F4,3,111,0,0.48282734727390936
R3_F4,3,117,0,0.7846406964929685
R3_F4,3,123,0,0.36732685981348695
R3_F4,3,133,0,0.48214400826236764
R3_F4,3,134,0,0.235800561839736
R3_F4,3,138,1,0.7477909040591291
R3_F4,3,140,1,0.4391348300273588
R3_F4,3,142,0,0.23550775116782396
R3_F4,3,151,1,0.7234804865410561
R3_F4,3,157,1,0.2719266641558842
R3_F4,3,162,1,0.26982939781535553
R3_F4,3,180,0,0.5137360891443967
R3_F4,3,181,0,0.17859931885138125
R3_F4,3,183,0,0.624859739653188
R3_F4,3,186,0,0.12600454779698753
R3_F4,3,189,1,0.6986191279162023
R3_F4,3,205,0,0.5445005013797736
R3_F4,3,206,1,0.2580022113741174
R3_F4,3,207,0,0.10244070422437553
R3_F4,3,209,0,0.2149973363278308
R3_F4,3,227,0,0.38219816308152854
R3_F4,3,228,1,0.2516476524414517
R3_F4,3,229,0,0.3305588355273026
R3_F4,3,233,0,0.027065445949028447
R3_F4,3,234,0,0.48353816872449135
R3_F4,3,256,0,0.3045000305791398
R3_F4,3,257,0,0.4969342390104963
R3_F4,3,259,0,0.09988318352901182
R3_F4,3,262,0,0.4120655317129163
R3_F4,3,275,1,0.293226930934166
R3_F4,3,277,1,0.4819012401498171
R3_F4,3,285,0,0.3797657260187861
R3_F4,3,286,1,0.34616273929586233
R3_F4,3,289,0,0.018596049936727265
R3_F4,3,296,1,0.60459190440046
R3_F4,3,297,0,0.08478763608195905
R3_F4,3,308,0,0.02918724977029219
R3_F4,3,316,0,0.09085183103580623
R3_F4,3,317,0,0.5178447807498385
R3_F4,3,327,0,0.30437082693484774
R3_F4,3,338,0,0.10675306859322263
R3_F4,3,342,0,0.125334176260566
R3_F4,3,346,1,0.24823198037312108
R3_F4,3,356,0,0.517750190174621
R3_F4,3,357,1,0.14258662321447735
R3_F4,3,369,0,0.16513167329909698
R3_F4,3,370,1,0.13054143721085035
R3_F4,3,376,0,0.37284182106306646
R3_F4,3,378,0,0.5890146818421571
R3_F4,3,379,0,0.16454614016175004
R3_F4,3,394,0,0.49349887556299693
R3_F4,3,396,1,0.3521060657248316
R3_F4,3,405,0,0.15872715432135084
R3_F4,3,410,1,0.06864478589887878
R3_F4,3,411,0,0.05231688475045515
R3_F4,3,422,1,0.5134031104152649
R3_F4,3,431,0,0.5339633558326562
R3_F4,3,439,1,0.3677479100976724
R3_F4,3,444,0,0.08120526691946611
R3_F4,3,449,1,0.4448564007829255
R3_F4,3,458,0,0.018373615871803934
R3_F4,3,465,0,0.283236293491898
R3_F4,3,467,0,0.08924965568180158
R3_F4,3,468,1,0.6804254261606292
R3_F4,3,485,0,0.11549184980286054
R3_F4,3,486,1,0.7872202781255355
R3_F4,3,492,1,0.24443741844990666
R3_F4,3,495,0,0.23859420780173535
R3_F4,3,504,0,0.1013069672463754
R3_F4,3,513,0,0.20004892554176978
R3_F4,3,515,1,0.76404455873383
R3_F4,3,516,0,0.4122445536309187
R3_F4,3,526,0,0.16141329962215864
R3_F4,3,537,0,0.1482430835983238
R3_F4,3,545,0,0.032434086915718245
R3_F4,3,556,0,0.09430625590504366
R3_F4,3,560,0,0.6886142830293913
R3_F4,3,562,1,0.5342679622433714
R3_F4,3,564,0,0.34793757296366107
R3_F4,3,569,0,0.20857448676942014
R3_F4,3,572,0,0.019096405432820374
R3_F4,3,579,1,0.8466003900172252
R3_F4,3,587,0,0.6131554531736921
R3_F4,3,594,0,0.4516127812704453
R3_F4,3,599,0,0.3164899185992875
R3_F4,3,603,1,0.042392969755882644
R3_F4,3,607,0,0.10497149680148725
R3_F4,3,613,0,0.07503781798235094
R3_F4,3,614,0,0.2083769735355934
R3_F4,3,617,1,0.7687792044576973
R3_F4,3,627,0,0.4973288393544048
R3_F4,3,628,0,0.2833094195743822
R3_F4,3,631,1,0.7091967624516039
R3_F4,3,633,1,0.4147735303190812
R3_F4,3,635,0,0.487757721778938
R3_F4,3,637,1,0.32789478939217526
R3_F4,3,643,0,0.009125033585316314
R3_F4,3,646,0,0.8500927548913738
R3_F4,3,648,0,0.46436485407904265
R3_F4,3,652,0,0.05551253672992587
R3_F4,3,656,0,0.2477236695829469
R3_F4,3,663,1,0.9061325206192988
R3_F4,3,669,1,0.6611024564220157
R3_F4,3,682,0,0.0689025196087306
R3_F4,3,683,0,0.046937139885912416
R3_F4,3,693,0,0.27492351759457595
R3_F4,3,698,0,0.24384403006889657
R3_F4,3,702,0,0.3358566824140919
R3_F4,3,704,0,0.06889713993724333
R3_F4,3,711,0,0.4940069234034105
R3_F4,3,716,0,0.009575844720128157
R3_F4,3,717,0,0.25049898826728595
R3_F4,3,723,0,0.4808328466764311
R3_F4,3,724,0,0.24482870688278446
R3_F4,3,736,1,0.6278264414516266
R3_F4,3,740,1,0.688699934541371
R3_F4,3,742,0,0.5720986571063025
R3_F4,3,745,0,0.02229056844251319
R3_F4,3,749,0,0.4580676364258492
R3_F4,3,752,0,0.08093246714141034
R3_F4,3,765,0,0.2679263654197705
R3_F4,3,767,1,0.793754808316938
R3_F4,3,779,0,0.09417854840396316
R3_F4,3,781,0,0.06069818965939741
R3_F4,3,784,1,0.6363065888971776
R3_F4,3,788,0,0.13964270865376946
R3_F4,3,790,0,0.0736578059138313
R3_F4,3,791,0,0.24558624148327532
R3_F4,3,794,0,0.3407802614641513
R3_F4,3,795,0,0.7134107061946738
R3_F4,3,797,0,0.48584247096481753
R3_F4,3,799,0,0.24052646962489055
R3_F4,4,5,0,0.09418664405365594
R3_F4,4,9,1,0.8157093916570407
R3_F4,4,11,1,0.5162349813359577
R3_F4,4,21,0,0.07775206896294873
R3_F4,4,32,0,0.30636386097446305
R3_F4,4,48,0,0.3714880662126628
R3_F4,4,49,0,0.02318932941265291
R3_F4,4,55,0,0.1984781318084002
R3_F4,4,58,0,0.2304181878380669
R3_F4,4,70,0,0.28071004154410084
R3_F4,4,87,1,0.5327877545133887
R3_F4,4,89,0,0.5868182924318044
R3_F4,4,93,0,0.6516385925515498
R3_F4,4,94,1,0.38740942082101765
R3_F4,4,99,1,0.4759684446684898
R3_F4,4,103,0,0.3022178481194618
R3_F4,4,105,1,0.4409603126685055
R3_F4,4,106,0,0.4494372162384579
R3_F4,4,116,0,0.35652753093244755
R3_F4,4,120,0,0.1539185240481116
R3_F4,4,126,0,0.07180193548703384
R3_F4,4,127,0,0.40958836740553134
R3_F4,4,128,0,0.2886773507965891
R3_F4,4,129,0,0.36386595695130475
R3_F4,4,130,1,0.641237812903447
R3_F4,4,146,0,0.7621024705774491
R3_F4,4,147,0,0.10362272495519742
R3_F4,4,148,0,0.11212763857486084
R3_F4,4,152,1,0.680359982978588
R3_F4,4,155,1,0.455332945057872
R3_F4,4,168,0,0.08152351104779999
R3_F4,4,171,0,0.25580399766521306
R3_F4,4,174,0,0.025258034929754248
R3_F4,4,176,1,0.7768019787686257
R3_F4,4,200,1,0.6171384515400834
R3_F4,4,203,0,0.030774743799345475
R3_F4,4,214,0,0.04146046967818532
R3_F4,4,215,0,0.39271678267093213
R3_F4,4,222,0,0.1369330929185277
R3_F4,4,223,0,0.18954587593813657
R3_F4,4,230,0,0.029427109059545747
R3_F4,4,231,0,0.08547282839395216
R3_F4,4,240,0,0.12742902839789153
R3_F4,4,242,0,0.20605407603085346
R3_F4,4,249,1,0.4679219765232228
R3_F4,4,252,1,0.47749726073283044
R3_F4,4,260,1,0.8689262227537263
R3_F4,4,268,0,0.2294746188051634
R3_F4,4,270,0,0.3470216468697107
R3_F4,4,272,1,0.7202460647498974
R3_F4,4,273,1,0.450945353644413
R3_F4,4,274,1,0.7633673754430225
R3_F4,4,276,0,0.19485257889122468
R3_F4,4,282,0,0.055026902101686266
R3_F4,4,293,0,0.46982853265074503
R3_F4,4,294,0,0.44420200778500574
R3_F4,4,295,0,0.27203478636776
R3_F4,4,301,0,0.4485012810580448
R3_F4,4,302,0,0.17646691468722833
R3_F4,4,303,0,0.16650191822078644
R3_F4,4,304,0,0.6644213551246948
R3_F4,4,307,0,0.3999581495217572
R3_F4,4,310,0,0.043610691487063535
R3_F4,4,315,0,0.3960332819352988
R3_F4,4,333,0,0.556186438569107
R3_F4,4,336,0,0.5145913268189056
R3_F4,4,341,0,0.7096231698759768
R3_F4,4,345,0,0.20576017543509448
R3_F4,4,348,0,0.06588415401053149
R3_F4,4,352,0,0.1088999279924719
R3_F4,4,353,1,0.7092570680569287
R3_F4,4,354,0,0.29701484474306583
R3_F4,4,355,0,0.3057832321638912
R3_F4,4,358,0,0.20400246968487964
R3_F4,4,359,0,0.0535517494712931
R3_F4,4,360,0,0.5729133124661333
R3_F4,4,363,0,0.5127033602441017
R3_F4,4,365,1,0.33210682969992666
R3_F4,4,371,0,0.18177442446899597
R3_F4,4,375,0,0.4980266651907906
R3_F4,4,380,0,0.19523850547077135
R3_F4,4,383,0,0.4807362242968205
R3_F4,4,390,0,0.4082175925960146
R3_F4,4,408,0,0.17999208952218945
R3_F4,4,413,1,0.6177750902874362
R3_F4,4,415,0,0.6082719252234724
R3_F4,4,417,0,0.3507909189523863
R3_F4,4,418,0,0.23516285900878273
R3_F4,4,419,0,0.25464108933783547
R3_F4,4,420,0,0.03436480247934886
R3_F4,4,424,0,0.0942959280476295
R3_F4,4,433,0,0.17865860807096579
R3_F4,4,435,0,0.2935116129240231
R3_F4,4,440,1,0.3613987618568046
R3_F4,4,446,1,0.4305065231508102
R3_F4,4,453,0,0.23753772961416852
R3_F4,4,455,1,0.6872226549473117
R3_F4,4,456,0,0.5400628616260931
R3_F4,4,459,0,0.32173843684853703
R3_F4,4,460,1,0.7830028664552936
R3_F4,4,461,0,0.10377607486725743
R3_F4,4,470,1,0.2659758059376717
R3_F4,4,471,0,0.4449793289329584
R3_F4,4,472,0,0.26514722966872034
R3_F4,4,474,1,0.7574189641583352
R3_F4,4,475,0,0.26760768759215847
R3_F4,4,477,0,0.09720368716599721
R3_F4,4,487,1,0.35261353776350973
R3_F4,4,493,0,0.7705359337660512
R3_F4,4,494,0,0.5065638779703616
R3_F4,4,498,1,0.4645500723592198
R3_F4,4,502,0,0.13824034148319708
R3_F4,4,508,1,0.3721088159694195
R3_F4,4,514,1,0.7661532202523405
R3_F4,4,517,1,0.16799989856815323
R3_F4,4,520,1,0.21595004200590387
R3_F4,4,521,1,0.6452922417572422
R3_F4,4,524,1,0.45370190451699505
R3_F4,4,532,0,0.41504175369614166
R3_F4,4,547,0,0.48747053146087804
R3_F4,4,548,0,0.6758059059895255
R3_F4,4,550,0,0.24668119946377642
R3_F4,4,552,0,0.09133154189746369
R3_F4,4,555,0,0.18686797698973645
R3_F4,4,565,0,0.3128349544861891
R3_F4,4,567,1,0.819957132506666
R3_F4,4,585,0,0.6616614269286039
R3_F4,4,590,0,0.69777310953463
R3_F4,4,596,0,0.7134788490655605
R3_F4,4,605,0,0.09212713722448147
R3_F4,4,616,0,0.37147155462952214
R3_F4,4,623,0,0.02484347363030961
R3_F4,4,625,0,0.04031241650481434
R3_F4,4,634,0,0.0870844467953147
R3_F4,4,642,0,0.53326846802606
R3_F4,4,645,0,0.3596011103509818
R3_F4,4,647,1,0.7097740972730021
R3_F4,4,650,1,0.7618319803603887
R3_F4,4,653,1,0.5767167995207166
R3_F4,4,662,1,0.7767114878236603
R3_F4,4,666,0,0.27917438381495246
R3_F4,4,674,0,0.211122203026171
R3_F4,4,685,1,0.49665798081637086
R3_F4,4,703,0,0.25456607072604515
R3_F4,4,712,0,0.5299277846256935
R3_F4,4,713,0,0.15064795820563825
R3_F4,4,719,0,0.12069363035361642
R3_F4,4,737,0,0.4463109978886733
R3_F4,4,738,1,0.8236578188192403
R3_F4,4,743,1,0.4532512024256545
R3_F4,4,747,1,0.4176837125796459
R3_F4,4,751,0,0.1297963647005547
R3_F4,4,753,0,0.13514705017298712
R3_F4,4,763,1,0.6341955518651855
R3_F4,4,770,0,0.8007154539312203
R3_F4,4,774,0,0.32812929365726
R3_F4,4,778,1,0.8479765355727128
R3_F4,4,789,0,0.7988477666138173
R3_F4,4,792,0,0.09620987645196295
R3_F4,4,798,0,0.15256237769126418
R3_F4,5,4,0,0.3820775479604608
R3_F4,5,6,0,0.38226506459327586
R3_F4,5,12,0,0.7659655488416126
R3_F4,5,24,0,0.23128484497349988
R3_F4,5,25,0,0.5865957027934746
R3_F4,5,28,0,0.5054387987700237
R3_F4,5,30,0,0.6217179672252506
R3_F4,5,33,0,0.22721330875640655
R3_F4,5,37,0,0.16349191038548663
R3_F4,5,39,0,0.24234519859412607
R3_F4,5,43,1,0.8657930254782192
R3_F4,5,47,0,0.41241094471459244
R3_F4,5,51,0,0.2689021168879604
R3_F4,5,57,0,0.02460174970379955
R3_F4,5,63,0,0.34632644067432095
R3_F4,5,66,1,0.08994921129349587
R3_F4,5,68,0,0.2587245775191094
R3_F4,5,72,0,0.4365641758694266
R3_F4,5,76,0,0.1579703643635908
R3_F4,5,83,0,0.4945500550507383
R3_F4,5,84,0,0.1916525407694598
R3_F4,5,92,0,0.5530167132324775
R3_F4,5,95,0,0.2727549283050261
R3_F4,5,96,0,0.04626812984353413
R3_F4,5,100,0,0.22090259379692187
R3_F4,5,101,1,0.6837117488648169
R3_F4,5,108,0,0.11940883838977116
R3_F4,5,109,0,0.5242595595758336
R3_F4,5,112,0,0.2937157721642201
R3_F4,5,119,1,0.5091341179329842
R3_F4,5,122,0,0.24828623655148455
R3_F4,5,124,0,0.016520782584260287
R3_F4,5,136,0,0.3482713972727687
R3_F4,5,137,0,0.07634482527837173
R3_F4,5,139,0,0.24070275341965597
R3_F4,5,141,1,0.8421606130917989
R3_F4,5,150,1,0.49990254938358364
R3_F4,5,153,0,0.037028589795793966
R3_F4,5,160,1,0.3826958185410967
R3_F4,5,164,1,0.7012661343107262
R3_F4,5,167,0,0.7697924542286815
R3_F4,5,170,0,0.06253533649056062
R3_F4,5,173,0,0.031678098674036655
R3_F4,5,177,1,0.526702877933961
R3_F4,5,179,0,0.7292288778316124
R3_F4,5,187,0,0.46382475278500684
R3_F4,5,191,0,0.1352119679319493
R3_F4,5,194,1,0.7260857725154574
R3_F4,5,196,0,0.0641388402023293
R3_F4,5,198,1,0.782433214433059
R3_F4,5,211,0,0.2748200861283459
R3_F4,5,212,0,0.04655528342886814
R3_F4,5,213,1,0.7054405648589045
R3_F4,5,219,0,0.0754534379973319
R3_F4,5,235,0,0.9018998719216484
R3_F4,5,238,0,0.18780342071121894
R3_F4,5,243,1,0.8032836752689213
R3_F4,5,244,0,0.09041070116436963
R3_F4,5,245,0,0.3140679430464901
R3_F4,5,251,0,0.37807574052532394
R3_F4,5,255,0,0.48628501784847683
R3_F4,5,266,0,0.21815051563217672
R3_F4,5,267,0,0.38293861108445054
R3_F4,5,284,0,0.30528913289901766
R3_F4,5,287,1,0.6678033855743322
R3_F4,5,298,0,0.021219788213544616
R3_F4,5,299,0,0.6799271710317115
R3_F4,5,319,0,0.1436986512199249
R3_F4,5,325,0,0.03826883821871479
R3_F4,5,326,0,0.15973254425460917
R3_F4,5,331,1,0.3481977823955044
R3_F4,5,337,0,0.04464065013919837
R3_F4,5,347,0,0.22254497057798414
R3_F4,5,349,0,0.021407980174736153
R3_F4,5,350,0,0.18154587379509957
R3_F4,5,351,1,0.3360671898649314
R3_F4,5,361,1,0.4385836073827846
R3_F4,5,362,0,0.3024841388986967
R3_F4,5,364,0,0.6126171431944772
R3_F4,5,374,1,0.6685953235602885
R3_F4,5,381,0,0.22948148717413255
R3_F4,5,387,1,0.6846521121187723
R3_F4,5,388,0,0.08836002295605788
R3_F4,5,392,0,0.13367757732745253
R3_F4,5,393,0,0.7561587064947561
R3_F4,5,398,0,0.5929866766050151
R3_F4,5,400,1,0.7366132457634499
R3_F4,5,423,1,0.9126034905533652
R3_F4,5,425,0,0.2778589686225678
R3_F4,5,426,0,0.29922895215209344
R3_F4,5,427,0,0.1283667440021587
R3_F4,5,432,0,0.28034165604501
R3_F4,5,434,0,0.7239467084413524
R3_F4,5,438,1,0.29971920047766387
R3_F4,5,448,0,0.7025853899119547
R3_F4,5,450,1,0.4913556437257836
R3_F4,5,469,0,0.22297619097384855
R3_F4,5,478,0,0.33453774983694123
R3_F4,5,479,1,0.7158117726864374
R3_F4,5,483,1,0.26527940054113935
R3_F4,5,489,1,0.6576716448693433
R3_F4,5,499,1,0.3811865999282946
R3_F4,5,500,0,0.8232607532327186
R3_F4,5,505,0,0.49018490977800444
R3_F4,5,509,1,0.7874338418323171
R3_F4,5,511,0,0.15945793116112528
R3_F4,5,528,1,0.7093961546341251
R3_F4,5,531,0,0.5330455132875799
R3_F4,5,533,0,0.5272363273189647
R3_F4,5,534,0,0.06073008722714756
R3_F4,5,536,0,0.6823347174059281
R3_F4,5,542,0,0.4260696715985108
R3_F4,5,546,0,0.7030677974195934
R3_F4,5,554,0,0.06785080453754204
R3_F4,5,561,0,0.26701949130233477
R3_F4,5,563,1,0.6647242046657651
R3_F4,5,568,0,0.030380165121658226
R3_F4,5,575,1,0.2914794189398035
R3_F4,5,582,0,0.22444891186866567
R3_F4,5,586,1,0.6311682307621358
R3_F4,5,589,1,0.6862019972281065
R3_F4,5,592,0,0.05749345841127812
R3_F4,5,595,0,0.3146334014383924
R3_F4,5,608,1,0.5459317541503732
R3_F4,5,609,0,0.4938081150863338
R3_F4,5,629,0,0.04238634501251748
R3_F4,5,630,0,0.022769691432976
R3_F4,5,636,0,0.22459374301792046
R3_F4,5,657,1,0.43641719359220127
R3_F4,5,658,1,0.28236702254062895
R3_F4,5,659,1,0.45601690669703016
R3_F4,5,664,0,0.2143714970539039
R3_F4,5,665,1,0.17446283358805145
R3_F4,5,668,0,0.13915658204531758
R3_F4,5,670,0,0.20328397938834838
R3_F4,5,676,0,0.3528891173878809
R3_F4,5,677,0,0.014923118414601947
R3_F4,5,679,1,0.8687061692598502
R3_F4,5,689,0,0.6780936314385154
R3_F4,5,692,0,0.7469147634394716
R3_F4,5,707,0,0.08827136602488846
R3_F4,5,708,1,0.8695170394800437
R3_F4,5,710,0,0.33415555234850797
R3_F4,5,714,0,0.02926792450282133
R3_F4,5,715,0,0.12625738655493904
R3_F4,5,718,1,0.5436123194312463
R3_F4,5,725,0,0.3730259340356743
R3_F4,5,727,1,0.4461118473809025
R3_F4,5,728,0,0.21569448687845194
R3_F4,5,732,1,0.7906135464945692
R3_F4,5,733,1,0.37265456058724383
R3_F4,5,734,0,0.15379856664952163
R3_F4,5,744,0,0.07557022987751706
R3_F4,5,754,0,0.03555886258741237
R3_F4,5,757,0,0.21825257405284407
R3_F4,5,759,1,0.03378297286306877
R3_F4,5,762,1,0.2813113614519759
R3_F4,5,764,0,0.494453074353933
R3_F4,5,772,1,0.13220345447857812
R3_F4,5,796,0,0.11643670327748436
R3_F5,1,13,0,0.030613476304935768
R3_F5,1,15,1,0.7990074732325879
R3_F5,1,24,1,0.8053543110892031
R3_F5,1,33,0,0.3750555088112373
R3_F5,1,39,0,0.1251464958000381
R3_F5,1,40,0,0.19120182106299696
R3_F5,1,41,0,0.2235580022343322
R3_F5,1,44,0,0.03205638662880683
R3_F5,1,45,1,0.6318648069857146
R3_F5,1,46,0,0.052292325051967604
R3_F5,1,49,1,0.8369846528310062
R3_F5,1,56,1,0.40482564936964494
R3_F5,1,69,0,0.3488998068166104
R3_F5,1,70,0,0.37399456752596993
R3_F5,1,72,0,0.40566588912982043
R3_F5,1,80,0,0.37736109301171816
R3_F5,1,81,0,0.07114829864977479
R3_F5,1,82,0,0.467001459899119
R3_F5,1,84,0,0.3377532423476542
R3_F5,1,86,0,0.17257588633006035
R3_F5,1,107,0,0.7173739319302325
R3_F5,1,113,0,0.3174109925572918
R3_F5,1,119,0,0.3143242027449022
R3_F5,1,125,0,0.050665383914195505
R3_F5,1,131,0,0.03922361389446115
R3_F5,1,132,0,0.7862735290573384
R3_F5,1,138,0,0.17484704439296647
R3_F5,1,154,1,0.5489871340236051
R3_F5,1,157,1,0.6184140567090711
R3_F5,1,162,0,0.0924003981007136
R3_F5,1,164,0,0.04309414653087481
R3_F5,1,177,1,0.7366465720223015
R3_F5,1,178,0,0.042544888684005376
R3_F5,1,181,0,0.8289577411909858
R3_F5,1,182,0,0.22763370616643885
R3_F5,1,184,0,0.2118791586014653
R3_F5,1,193,0,0.1662676233256644
R3_F5,1,203,0,0.0798597428220818
R3_F5,1,208,1,0.25288321320316004
R3_F5,1,209,0,0.2238283387261666
R3_F5,1,215,0,0.2617640378171571
R3_F5,1,221,1,0.5126278687450835
R3_F5,1,224,1,0.31257666901566883
R3_F5,1,226,0,0.04562014180043275
R3_F5,1,241,0,0.3410812672812991
R3_F5,1,246,0,0.1124526097478769
R3_F5,1,247,1,0.117687760307086
R3_F5,1,248,0,0.3112040151736348
R3_F5,1,249,0,0.15803818504716585
R3_F5,1,252,0,0.4175135482785654
R3_F5,1,254,1,0.5647152258651708
R3_F5,1,255,0,0.050769229136835764
R3_F5,1,257,0,0.17469650900891343
R3_F5,1,260,1,0.5962599717165654
R3_F5,1,264,0,0.12739002646101955
R3_F5,1,267,0,0.24015992335203296
R3_F5,1,269,0,0.22143796596074936
R3_F5,1,277,0,0.5786021677838581
R3_F5,1,283,0,0.048336473984955275
R3_F5,1,290,1,0.5063277837157848
R3_F5,1,292,1,0.31374800142252207
R3_F5,1,295,0,0.09815746706570767
R3_F5,1,298,1,0.7062569056362772
R3_F5,1,301,0,0.665253594441332
R3_F5,1,303,0,0.38150885712242916
R3_F5,1,305,0,0.06900155358995126
R3_F5,1,308,1,0.7845278118652308
R3_F5,1,318,0,0.4684382601469606
R3_F5,1,320,0,0.16713071268489665
R3_F5,1,322,0,0.6552448080588101
R3_F5,1,334,0,0.34656204618782455
R3_F5,1,348,1,0.23967656876105206
R3_F5,1,356,0,0.31436025426004277
R3_F5,1,358,0,0.12960432338535763
R3_F5,1,363,1,0.37802206868709837
R3_F5,1,366,1,0.880348471366438
R3_F5,1,367,0,0.15642925930811816
R3_F5,1,371,0,0.08248412285973562
R3_F5,1,379,0,0.698913124614066
R3_F5,1,386,0,0.06281001173162737
R3_F5,1,393,0,0.21477410294315682
R3_F5,1,395,1,0.23594749621312708
R3_F5,1,396,0,0.11181297087017594
R3_F5,1,400,0,0.0486753708954669
R3_F5,1,403,0,0.19949657107112131
R3_F5,1,405,1,0.7727461911876264
R3_F5,1,407,0,0.15397804754175037
R3_F5,1,410,1,0.3832530183589278
R3_F5,1,411,1,0.05225648264376278
R3_F5,1,422,0,0.046711654504705775
R3_F5,1,435,0,0.4526476533096812
R3_F5,1,444,1,0.1374819170498024
R3_F5,1,445,0,0.05358739461545959
R3_F5,1,448,1,0.7513934993486098
R3_F5,1,452,1,0.6670819699672302
R3_F5,1,454,0,0.3394742196508966
R3_F5,1,455,1,0.49766016954890224
R3_F5,1,462,1,0.8103182758343092
R3_F5,1,472,0,0.3678033747356168
R3_F5,1,473,1,0.7028707056449807
R3_F5,1,478,1,0.20659224531489973
R3_F5,1,483,1,0.4767944570240797
R3_F5,1,488,1,0.3783711375671423
R3_F5,1,491,0,0.12750924932681343
R3_F5,1,500,1,0.16550385011526772
R3_F5,1,504,1,0.37445085974263126
R3_F5,1,519,0,0.3976037713863865
R3_F5,1,523,0,0.9194208939869725
R3_F5,1,527,0,0.5934346367200902
R3_F5,1,529,0,0.2120333401632333
R3_F5,1,550,0,0.1970569330084561
R3_F5,1,558,0,0.5503709038504945
R3_F5,1,559,0,0.47943175645618585
R3_F5,1,572,0,0.2738867282155974
R3_F5,1,573,0,0.20796729870160036
R3_F5,1,574,1,0.7609617819989157
R3_F5,1,577,1,0.7845645567550953
R3_F5,1,583,1,0.5435635280843657
R3_F5,1,585,0,0.4255811756724941
R3_F5,1,589,1,0.7684147511314657
R3_F5,1,605,0,0.05731937616363688
R3_F5,1,606,0,0.02853796633939971
R3_F5,1,617,1,0.20476481689630846
R3_F5,1,620,0,0.06978797106072814
R3_F5,1,627,0,0.3313325941939433
R3_F5,1,628,0,0.04623054036483868
R3_F5,1,630,1,0.2135275544846945
R3_F5,1,636,1,0.7481190816248144
R3_F5,1,637,1,0.45875816592885216
R3_F5,1,641,0,0.28622372719170003
R3_F5,1,649,1,0.7487891579961595
R3_F5,1,653,0,0.25880329872312874
R3_F5,1,659,0,0.05550455407273102
R3_F5,1,667,1,0.4308759168908603
R3_F5,1,672,1,0.834878840680347
R3_F5,1,674,0,0.18463068308011377
R3_F5,1,683,1,0.24814756998421952
R3_F5,1,687,1,0.4457635991922085
R3_F5,1,691,0,0.47339369263889325
R3_F5,1,692,0,0.29286404939506794
R3_F5,1,697,0,0.22839775975977772
R3_F5,1,702,0,0.7317003288432037
R3_F5,1,709,0,0.15958596054662202
R3_F5,1,716,0,0.6560394598785898
R3_F5,1,724,0,0.13038561513382185
R3_F5,1,729,0,0.09092649666542245
R3_F5,1,730,0,0.5740678519254174
R3_F5,1,733,0,0.2246848469440905
R3_F5,1,738,1,0.5723028323767874
R3_F5,1,743,0,0.21740476995995686
R3_F5,1,744,0,0.2357171828579002
R3_F5,1,747,1,0.8413801571659718
R3_F5,1,752,1,0.4490382477968778
R3_F5,1,763,1,0.6461318766924915
R3_F5,1,773,0,0.37117132715242707
R3_F5,1,783,0,0.4542740465891728
R3_F5,1,784,1,0.397594295588055
R3_F5,1,788,0,0.12979405988057613
R3_F5,1,789,0,0.5560206724368192
R3_F5,1,794,0,0.09782105503827905
R3_F5,2,0,0,0.10591326640304032
R3_F5,2,1,1,0.7758140763976592
R3_F5,2,2,0,0.031031094250208963
R3_F5,2,9,1,0.8296744025444046
R3_F5,2,19,0,0.10438907605997544
R3_F5,2,22,0,0.20382183335189916
R3_F5,2,27,0,0.08822818332762307
R3_F5,2,30,0,0.32640381841258587
R3_F5,2,38,0,0.25298476426325506
R3_F5,2,51,0,0.05093778891177619
R3_F5,2,57,0,0.2806988948605522
R3_F5,2,59,0,0.04181783508477265
R3_F5,2,61,0,0.3967297929271878
R3_F5,2,68,0,0.0904652905629138
R3_F5,2,71,0,0.06447739920637191
R3_F5,2,75,1,0.5851449938549887
R3_F5,2,77,0,0.10971977349825184
R3_F5,2,79,0,0.421947006669711
R3_F5,2,95,0,0.23403322543316527
R3_F5,2,98,0,0.20552717852167612
R3_F5,2,102,0,0.11168906776939273
R3_F5,2,104,0,0.5335387850774785
R3_F5,2,115,0,0.0504655143616782
R3_F5,2,121,0,0.7132795294070776
R3_F5,2,124,0,0.09211035568620933
R3_F5,2,128,0,0.7465103796909046
R3_F5,2,130,1,0.41458939519819604
R3_F5,2,133,0,0.42707461361098376
R3_F5,2,137,0,0.7594292908678456
R3_F5,2,155,0,0.0676697777482683
R3_F5,2,159,1,0.12914365022136984
R3_F5,2,160,1,0.42500272975261905
R3_F5,2,170,0,0.193145469976977
R3_F5,2,174,0,0.6301063917679307
R3_F5,2,176,0,0.11398346819525211
R3_F5,2,185,0,0.06977176963665128
R3_F5,2,188,1,0.10452439562899885
R3_F5,2,197,1,0.42045445754697774
R3_F5,2,198,0,0.08405296885649634
R3_F5,2,199,0,0.33142012418752104
R3_F5,2,201,0,0.029778998188235872
R3_F5,2,206,0,0.5005935294740161
R3_F5,2,207,0,0.4663391581242629
R3_F5,2,228,0,0.380130216757367
R3_F5,2,231,0,0.04929862130123915
R3_F5,2,233,0,0.8657580601506921
R3_F5,2,235,0,0.5631010410642439
R3_F5,2,238,1,0.7196940005963345
R3_F5,2,259,0,0.4548749356894239
R3_F5,2,266,0,0.09777858218594555
R3_F5,2,274,1,0.4683187913283977
R3_F5,2,279,0,0.39092954659192064
R3_F5,2,281,0,0.07894234372975152
R3_F5,2,282,0,0.1899153932323537
R3_F5,2,285,0,0.1250075742292995
R3_F5,2,300,0,0.02261502427551068
R3_F5,2,304,0,0.1468481121312248
R3_F5,2,307,0,0.4841104469028479
R3_F5,2,309,1,0.49574669923368414
R3_F5,2,316,0,0.17212628772920568
R3_F5,2,317,0,0.256576418774668
R3_F5,2,321,0,0.24302991662629445
R3_F5,2,323,0,0.19346005949762635
R3_F5,2,326,0,0.5888090213989486
R3_F5,2,327,1,0.378845595128376
R3_F5,2,331,0,0.4015803788897066
R3_F5,2,335,0,0.14829155057081725
R3_F5,2,337,0,0.6796921783968844
R3_F5,2,339,1,0.1080371197318961
R3_F5,2,341,1,0.7970402802353568
R3_F5,2,345,0,0.1693311793072457
R3_F5,2,370,0,0.22839647568772414
R3_F5,2,375,1,0.2687608022459935
R3_F5,2,377,0,0.4101246674866361
R3_F5,2,383,1,0.8163160398504199
R3_F5,2,391,0,0.10438038967151304
R3_F5,2,401,0,0.07474697162245074
R3_F5,2,404,1,0.3956654683842434
R3_F5,2,408,0,0.4067111704502338
R3_F5,2,409,0,0.4004389597785781
R3_F5,2,413,1,0.6376549814049802
R3_F5,2,415,0,0.1805252722120245
R3_F5,2,429,0,0.09886726485144821
R3_F5,2,431,0,0.4325461027507071
R3_F5,2,432,0,0.006492437196500909
R3_F5,2,441,1,0.8263685147387599
R3_F5,2,443,0,0.48424358711194476
R3_F5,2,447,0,0.16774120215688057
R3_F5,2,457,1,0.652480037731965
R3_F5,2,460,0,0.05489763314420835
R3_F5,2,469,0,0.31791556924107783
R3_F5,2,477,1,0.4379733470409229
R3_F5,2,482,1,0.5789430406552477
R3_F5,2,487,1,0.5158872688357944
R3_F5,2,495,0,0.3906006589287266
R3_F5,2,497,0,0.6921949504333901
R3_F5,2,499,0,0.13663635268113564
R3_F5,2,507,0,0.688899971356251
R3_F5,2,508,1,0.6946303351710558
R3_F5,2,516,0,0.5344717490188406
R3_F5,2,517,1,0.27905383115194665
R3_F5,2,521,0,0.5377410963454291
R3_F5,2,532,0,0.2925428176987708
R3_F5,2,535,0,0.5166792725912105
R3_F5,2,547,0,0.20684904507568172
R3_F5,2,554,0,0.1853008799955281
R3_F5,2,563,0,0.1590321806718799
R3_F5,2,565,1,0.11679755868316177
R3_F5,2,567,0,0.30378465794888837
R3_F5,2,578,0,0.04770577981222442
R3_F5,2,584,1,0.6718791909099079
R3_F5,2,586,1,0.594012059706505
R3_F5,2,591,0,0.6028431947440919
R3_F5,2,596,0,0.6871887025295828
R3_F5,2,597,0,0.08524518183103534
R3_F5,2,598,0,0.6701312545836037
R3_F5,2,599,0,0.345921816805322
R3_F5,2,602,0,0.3731032508543432
R3_F5,2,608,0,0.23439762978204792
R3_F5,2,621,0,0.2409063216300439
R3_F5,2,622,1,0.9126762376497171
R3_F5,2,638,0,0.06376833747246291
R3_F5,2,639,0,0.044069130528934464
R3_F5,2,646,0,0.19843116124629626
R3_F5,2,648,0,0.6108290144231114
R3_F5,2,654,0,0.09982890931085457
R3_F5,2,658,0,0.8013901997091896
R3_F5,2,663,0,0.23912162581657878
R3_F5,2,671,0,0.47948827238148867
R3_F5,2,682,0,0.11075416793470882
R3_F5,2,685,0,0.1856643795537475
R3_F5,2,686,1,0.45479557806825816
R3_F5,2,688,0,0.006653744211208447
R3_F5,2,693,1,0.6848656105304912
R3_F5,2,703,0,0.045642317443200194
R3_F5,2,708,0,0.03297488421860376
R3_F5,2,711,1,0.28972584455964606
R3_F5,2,714,0,0.260717953957504
R3_F5,2,734,0,0.4829544598123881
R3_F5,2,737,1,0.7566940523091854
R3_F5,2,742,1,0.6620966196735311
R3_F5,2,746,1,0.8423421133168195
R3_F5,2,749,0,0.0858249407480578
R3_F5,2,755,0,0.6512682258286561
R3_F5,2,759,0,0.05806106259201362
R3_F5,2,761,0,0.3304171241707476
R3_F5,2,762,0,0.7393002911920711
R3_F5,2,764,1,0.13722512769004652
R3_F5,2,771,1,0.10040318571114924
R3_F5,2,772,0,0.5058616628620982
R3_F5,2,774,0,0.3452149818682872
R3_F5,2,776,0,0.17000571920099508
R3_F5,2,778,1,0.8417141022897479
R3_F5,2,780,0,0.38336893104768927
R3_F5,2,785,0,0.044319956756292335
R3_F5,2,790,0,0.3108389089511699
R3_F5,2,791,0,0.07677297668525468
R3_F5,2,792,0,0.3166455719743536
R3_F5,2,796,0,0.3676532399308086
R3_F5,2,798,1,0.843820524157547
R3_F5,3,7,0,0.5819058524835465
R3_F5,3,10,0,0.19955757642299884
R3_F5,3,17,0,0.13991659065839848
R3_F5,3,20,0,0.012740149344824628
R3_F5,3,21,0,0.15384511535781262
R3_F5,3,25,0,0.2861820868106842
R3_F5,3,48,0,0.5610288817733194
R3_F5,3,55,0,0.4103303372599112
R3_F5,3,60,0,0.2211853219915921
R3_F5,3,66,0,0.4279909796216455
R3_F5,3,67,1,0.09206484372315833
R3_F5,3,74,0,0.5294257870613553
R3_F5,3,76,0,0.029677921072338426
R3_F5,3,87,0,0.07727974135286335
R3_F5,3,91,0,0.21504258192227751
R3_F5,3,99,1,0.24216781463753356
R3_F5,3,101,1,0.6147942264060776
R3_F5,3,105,1,0.3005292095754107
R3_F5,3,117,1,0.15353386852267334
R3_F5,3,120,0,0.8288810440365867
R3_F5,3,122,1,0.4271777932327927
R3_F5,3,123,0,0.7135008955015909
R3_F5,3,139,0,0.034509061013667415
R3_F5,3,140,1,0.7571887487443902
R3_F5,3,141,0,0.19192717835979586
R3_F5,3,143,1,0.2440369479261889
R3_F5,3,145,0,0.13365011812833869
R3_F5,3,147,1,0.5903822988432513
R3_F5,3,149,0,0.45969939250640035
R3_F5,3,166,0,0.298805087893411
R3_F5,3,172,0,0.07596669603603644
R3_F5,3,179,0,0.11826359175775342
R3_F5,3,180,0,0.27106811442181533
R3_F5,3,187,1,0.6458106626609532
R3_F5,3,190,1,0.4361382964395271
R3_F5,3,191,0,0.07951359550237715
R3_F5,3,195,1,0.6406968730731774
R3_F5,3,204,0,0.18392460559563728
R3_F5,3,210,1,0.6739053173829355
R3_F5,3,214,0,0.09249523026942748
R3_F5,3,222,0,0.060511555648448866
R3_F5,3,223,0,0.8739718928622618
R3_F5,3,229,1,0.1484187515367276
R3_F5,3,230,0,0.05939663666920023
R3_F5,3,234,0,0.8162498020091521
R3_F5,3,236,0,0.11221660325717399
R3_F5,3,239,0,0.20246587508417024
R3_F5,3,253,0,0.5925554144368536
R3_F5,3,258,0,0.2705971080794815
R3_F5,3,265,0,0.021615817268226412
R3_F5,3,268,0,0.4037034601381144
R3_F5,3,273,0,0.16050998289413262
R3_F5,3,284,1,0.28851430102129433
R3_F5,3,286,1,0.2857865023798132
R3_F5,3,287,0,0.044348465650229686
R3_F5,3,294,0,0.5777415275683194
R3_F5,3,302,1,0.7832781401890192
R3_F5,3,310,0,0.06651162010822052
R3_F5,3,312,0,0.11723908005026228
R3_F5,3,315,0,0.24798014348876438
R3_F5,3,325,0,0.8304255323420144
R3_F5,3,329,0,0.25430881594308397
R3_F5,3,332,0,0.41367850605712353
R3_F5,3,333,1,0.27953696000504735
R3_F5,3,338,0,0.06198632876169253
R3_F5,3,343,0,0.16456603878941373
R3_F5,3,344,1,0.6684713767776101
R3_F5,3,346,0,0.13167827545733146
R3_F5,3,347,0,0.2789025201604563
R3_F5,3,350,0,0.06485769190297526
R3_F5,3,351,0,0.03120851902899661
R3_F5,3,353,1,0.334678394105026
R3_F5,3,354,0,0.022915077791445554
R3_F5,3,360,0,0.7729614459098268
R3_F5,3,361,1,0.4599283954603577
R3_F5,3,368,1,0.3096136148201628
R3_F5,3,369,0,0.04508631377678155
R3_F5,3,372,1,0.6315578214152164
R3_F5,3,380,0,0.3450028198510526
R3_F5,3,381,0,0.23849444443120826
R3_F5,3,390,1,0.2788743221092424
R3_F5,3,394,0,0.06085633570628413
R3_F5,3,397,0,0.4641150913912524
R3_F5,3,412,0,0.0395556625472531
R3_F5,3,425,0,0.035892551298723506
R3_F5,3,426,0,0.1293163769272634
R3_F5,3,433,1,0.8706915041336908
R3_F5,3,436,1,0.5516134614968126
R3_F5,3,437,0,0.143416966870218
R3_F5,3,442,1,0.17234269751008482
R3_F5,3,464,0,0.0899683566062147
R3_F5,3,465,0,0.7319463843315913
R3_F5,3,466,0,0.43057154637359735
R3_F5,3,471,0,0.23169481161982775
R3_F5,3,484,1,0.8573810393068347
R3_F5,3,489,0,0.3736067106755146
R3_F5,3,490,0,0.48753875301481814
R3_F5,3,494,1,0.18756004521027866
R3_F5,3,496,1,0.08248891431240551
R3_F5,3,501,0,0.7092169745324987
R3_F5,3,503,0,0.06506658211481904
R3_F5,3,510,1,0.2228358248335726
R3_F5,3,515,1,0.822040552677545
R3_F5,3,518,0,0.05624518605211209
R3_F5,3,528,1,0.8199881567699187
R3_F5,3,533,1,0.7737520716334355
R3_F5,3,537,0,0.46611801994775354
R3_F5,3,541,0,0.5271547615810196
R3_F5,3,542,0,0.03802266877774766
R3_F5,3,546,0,0.812992180661028
R3_F5,3,548,0,0.19102309278667096
R3_F5,3,551,0,0.1775623937231989
R3_F5,3,552,0,0.5700987348158297
R3_F5,3,555,0,0.7735169280341586
R3_F5,3,557,0,0.28116638105153013
R3_F5,3,590,0,0.15189521074128204
R3_F5,3,601,0,0.7473684443094747
R3_F5,3,603,0,0.5911007686652063
R3_F5,3,610,1,0.8570381399824445
R3_F5,3,612,1,0.08986360553398946
R3_F5,3,614,0,0.08291662650530562
R3_F5,3,615,1,0.3660025530210274
R3_F5,3,616,0,0.6337563760632313
R3_F5,3,618,0,0.12392685942361004
R3_F5,3,619,1,0.5603514566951506
R3_F5,3,623,0,0.015334143858755136
R3_F5,3,624,0,0.28780863876557855
R3_F5,3,626,0,0.2127181222278058
R3_F5,3,629,0,0.4802415862707847
R3_F5,3,632,1,0.8394192871498628
R3_F5,3,640,0,0.3598782788836869
R3_F5,3,645,0,0.23279282401500986
R3_F5,3,668,0,0.12158655512758654
R3_F5,3,669,1,0.9267265066583142
R3_F5,3,675,0,0.31091444207826385
R3_F5,3,679,1,0.2306814859823324
R3_F5,3,680,0,0.4165572994235105
R3_F5,3,684,0,0.2805828425315412
R3_F5,3,698,1,0.10151555631650971
R3_F5,3,699,0,0.18888699606677609
R3_F5,3,707,0,0.6697437319029144
R3_F5,3,718,0,0.5833826641678771
R3_F5,3,721,0,0.1456059912798429
R3_F5,3,723,0,0.016795953687020415
R3_F5,3,725,1,0.49321672624474666
R3_F5,3,727,0,0.10606593816497682
R3_F5,3,728,0,0.07474972177526976
R3_F5,3,736,0,0.19469146038797056
R3_F5,3,741,1,0.38215563078910203
R3_F5,3,748,0,0.468874190891367
R3_F5,3,750,0,0.6540952783486548
R3_F5,3,751,0,0.48628427851093275
R3_F5,3,753,0,0.051416066647401205
R3_F5,3,765,1,0.05219680975700223
R3_F5,3,769,0,0.025031320794401995
R3_F5,3,775,0,0.24004465700561572
R3_F5,3,777,0,0.12311665111746424
R3_F5,3,779,1,0.908089542007204
R3_F5,3,793,0,0.3373270261670698
R3_F5,3,797,0,0.15446710815750309
R3_F5,4,3,0,0.5759353357861469
R3_F5,4,11,1,0.5601770864090418
R3_F5,4,12,1,0.6688017132452387
R3_F5,4,18,0,0.11467715117213279
R3_F5,4,28,1,0.6694668927945067
R3_F5,4,34,0,0.34633003791395894
R3_F5,4,36,1,0.44315509447501866
R3_F5,4,37,0,0.1883041955347623
R3_F5,4,47,1,0.21926053638106693
R3_F5,4,52,1,0.5806943113268167
R3_F5,4,53,0,0.30953238241893877
R3_F5,4,58,0,0.4480903374819201
R3_F5,4,62,1,0.5955414095090521
R3_F5,4,64,1,0.6798177060681782
R3_F5,4,65,0,0.21068535937037738
R3_F5,4,73,1,0.792315097694932
R3_F5,4,78,1,0.10813633257905857
R3_F5,4,83,0,0.22132334435488396
R3_F5,4,85,0,0.6350424434251428
R3_F5,4,88,1,0.5393726747268018
R3_F5,4,89,0,0.3780958486760011
R3_F5,4,92,0,0.6334172740493378
R3_F5,4,94,1,0.5445687105507675
R3_F5,4,96,0,0.023881955595238254
R3_F5,4,97,1,0.41585781537666033
R3_F5,4,100,0,0.19120780401809537
R3_F5,4,114,0,0.31854035006639875
R3_F5,4,116,0,0.1373863190650732
R3_F5,4,126,0,0.089718351795559
R3_F5,4,127,0,0.0582699264884029
R3_F5,4,134,0,0.008472690973370443
R3_F5,4,142,0,0.2786656266613823
R3_F5,4,151,1,0.34754211471656116
R3_F5,4,152,1,0.6393785465029275
R3_F5,4,153,0,0.04438841943900972
R3_F5,4,156,1,0.331017504025299
R3_F5,4,161,1,0.4405598820938985
R3_F5,4,168,0,0.05839606261456685
R3_F5,4,175,0,0.04216188975872206
R3_F5,4,186,0,0.6004109611668607
R3_F5,4,189,0,0.6719865636363743
R3_F5,4,194,0,0.013756232661729074
R3_F5,4,211,0,0.059958917321043914
R3_F5,4,212,1,0.5874532496762396
R3_F5,4,218,0,0.02923453004689913
R3_F5,4,219,0,0.04490980579856007
R3_F5,4,227,0,0.11128029847738968
R3_F5,4,242,1,0.7562746169643552
R3_F5,4,243,0,0.18855395406166478
R3_F5,4,250,0,0.1516669635704556
R3_F5,4,251,1,0.6510492143094312
R3_F5,4,256,1,0.7580240595330672
R3_F5,4,262,0,0.2015225317294871
R3_F5,4,270,1,0.17700612280527186
R3_F5,4,272,1,0.7833697094607898
R3_F5,4,275,0,0.7158533680905391
R3_F5,4,276,0,0.5680379200463472
R3_F5,4,278,0,0.3940938857711447
R3_F5,4,280,0,0.3668677281120751
R3_F5,4,288,1,0.6963679413377356
R3_F5,4,296,0,0.4424009927484794
R3_F5,4,299,0,0.07945777770496328
R3_F5,4,306,0,0.17215499929752598
R3_F5,4,313,1,0.7382982497595382
R3_F5,4,314,0,0.3983066818648561
R3_F5,4,319,0,0.1990400765035402
R3_F5,4,324,0,0.17169818903145473
R3_F5,4,330,1,0.2733446332311309
R3_F5,4,336,1,0.27947510538003606
R3_F5,4,340,0,0.10356495832141327
R3_F5,4,349,0,0.3936869559954228
R3_F5,4,355,0,0.33520012810558475
R3_F5,4,357,0,0.3117447233063359
R3_F5,4,359,0,0.07957857535869779
R3_F5,4,362,0,0.46480278873572195
R3_F5,4,365,0,0.11669736662616993
R3_F5,4,374,0,0.2391896262815403
R3_F5,4,376,0,0.3425815257364844
R3_F5,4,385,0,0.2847478136955859
R3_F5,4,388,1,0.5897163306814611
R3_F5,4,392,0,0.2910055626236465
R3_F5,4,416,1,0.586563540247089
R3_F5,4,418,0,0.2142729778321885
R3_F5,4,419,0,0.38214004351766767
R3_F5,4,420,0,0.21937275660049296
R3_F5,4,423,1,0.3963367113976606
R3_F5,4,424,0,0.5130961276852477
R3_F5,4,428,1,0.8518973209842281
R3_F5,4,446,0,0.174421266952722
R3_F5,4,449,0,0.03315141772672847
R3_F5,4,450,0,0.12960657215606639
R3_F5,4,451,0,0.3799266254863947
R3_F5,4,456,0,0.2804214141561969
R3_F5,4,458,0,0.3581573239506857
R3_F5,4,459,1,0.5411284334625591
R3_F5,4,463,1,0.738567341601191
R3_F5,4,468,0,0.1780692386997754
R3_F5,4,470,0,0.34635989002676393
R3_F5,4,475,0,0.23349208755952647
R3_F5,4,486,0,0.09930507637714646
R3_F5,4,498,0,0.1994533234648844
R3_F5,4,502,1,0.46378850928550747
R3_F5,4,505,0,0.0864023660635382
R3_F5,4,509,0,0.29601264770694696
R3_F5,4,511,1,0.8332670244431295
R3_F5,4,513,0,0.5739369491391925
R3_F5,4,514,1,0.7324433917274705
R3_F5,4,520,1,0.24786542902794273
R3_F5,4,522,1,0.6083665181337815
R3_F5,4,530,0,0.7241534274187131
R3_F5,4,531,0,0.2931375689115941
R3_F5,4,534,0,0.6451282046314696
R3_F5,4,536,0,0.4767314843229656
R3_F5,4,538,1,0.6328955678078727
R3_F5,4,562,0,0.19211601931886538
R3_F5,4,568,0,0.6234974901452167
R3_F5,4,570,1,0.6642322026353881
R3_F5,4,576,0,0.19316818196642357
R3_F5,4,582,1,0.4113904825016632
R3_F5,4,587,0,0.12811932945345816
R3_F5,4,593,0,0.14176845958599912
R3_F5,4,595,1,0.7804524922130943
R3_F5,4,609,1,0.10460831713182257
R3_F5,4,625,1,0.7787155117423147
R3_F5,4,635,1,0.6086527068724813
R3_F5,4,647,0,0.3362312774970119
R3_F5,4,651,0,0.022306381425646383
R3_F5,4,652,1,0.6926727390084529
R3_F5,4,655,1,0.4752028049506664
R3_F5,4,656,1,0.6092687690473945
R3_F5,4,660,0,0.8468261573141059
R3_F5,4,661,1,0.5219400473617702
R3_F5,4,662,1,0.622061270183753
R3_F5,4,664,0,0.20182430512408855
R3_F5,4,670,1,0.8535506220945254
R3_F5,4,673,0,0.27863028761939773
R3_F5,4,681,0,0.4661321371556861
R3_F5,4,690,1,0.7929900419742886
R3_F5,4,695,0,0.043351394044467695
R3_F5,4,696,1,0.615901734400722
R3_F5,4,700,0,0.6710406773820615
R3_F5,4,704,0,0.24491135048920656
R3_F5,4,705,0,0.17568221522866212
R3_F5,4,710,0,0.12084935783385393
R3_F5,4,717,0,0.034290634765621435
R3_F5,4,719,0,0.22751651686002794
R3_F5,4,720,0,0.05650305350998321
R3_F5,4,726,0,0.0978911185174857
R3_F5,4,732,0,0.10839811423128703
R3_F5,4,739,0,0.02957191116641761
R3_F5,4,754,0,0.03008915965559389
R3_F5,4,757,0,0.04332404973818418
R3_F5,4,758,0,0.1776950697389089
R3_F5,4,760,0,0.026415725161362636
R3_F5,4,768,0,0.1053454056316196
R3_F5,4,781,1,0.16204290010660702
R3_F5,4,782,1,0.5731672633070959
R3_F5,4,786,0,0.5085720528909755
R3_F5,4,787,0,0.6543282487235474
R3_F5,4,795,0,0.12933776084173768
R3_F5,5,4,1,0.7368014331629286
R3_F5,5,5,0,0.5178612705429866
R3_F5,5,6,0,0.19432004042135897
R3_F5,5,8,1,0.7912034501758507
R3_F5,5,14,0,0.7646502166141055
R3_F5,5,16,0,0.1258287695959449
R3_F5,5,23,0,0.0834064775543976
R3_F5,5,26,0,0.5835588330022289
R3_F5,5,29,0,0.5220463913920271
R3_F5,5,31,0,0.21342127407045888
R3_F5,5,32,0,0.32408090082127977
R3_F5,5,35,0,0.22335908849610742
R3_F5,5,42,0,0.1168594126696439
R3_F5,5,43,0,0.17314256744422016
R3_F5,5,50,0,0.2541429607180318
R3_F5,5,54,0,0.2985233993176321
R3_F5,5,63,0,0.3064810554874772
R3_F5,5,90,0,0.13075896501986647
R3_F5,5,93,0,0.539626866686358
R3_F5,5,103,0,0.2594864423348891
R3_F5,5,106,0,0.4890910766290532
R3_F5,5,108,1,0.40378318784222533
R3_F5,5,109,0,0.1500113124744673
R3_F5,5,110,1,0.33669794344283427
R3_F5,5,111,0,0.6681750405277724
R3_F5,5,112,1,0.859541088882855
R3_F5,5,118,0,0.10540817757238492
R3_F5,5,129,0,0.37236703120044257
R3_F5,5,135,0,0.0566798088092221
R3_F5,5,136,0,0.34895948919729913
R3_F5,5,144,1,0.8560817159604678
R3_F5,5,146,0,0.06384167782705237
R3_F5,5,148,1,0.18236994653679248
R3_F5,5,150,0,0.19744771046210027
R3_F5,5,158,0,0.6070721852126022
R3_F5,5,163,1,0.5195875705200373
R3_F5,5,165,1,0.7753717893271662
R3_F5,5,167,1,0.589215924881609
R3_F5,5,169,0,0.691185593679077
R3_F5,5,171,1,0.5145196977525598
R3_F5,5,173,0,0.2143242040596164
R3_F5,5,183,0,0.8209690878675859
R3_F5,5,192,0,0.1620557102553645
R3_F5,5,196,1,0.6534261910707125
R3_F5,5,200,1,0.8635748181702482
R3_F5,5,202,1,0.7508578524586117
R3_F5,5,205,0,0.21057684254169542
R3_F5,5,213,0,0.0995178657179268
R3_F5,5,216,0,0.5353090257122936
R3_F5,5,217,0,0.3655976259401334
R3_F5,5,220,0,0.4373663431923447
R3_F5,5,225,1,0.7807439808645306
R3_F5,5,232,0,0.06002257320143115
R3_F5,5,237,1,0.6247922541335709
R3_F5,5,240,0,0.3106018313247018
R3_F5,5,244,0,0.18432766786475172
R3_F5,5,245,0,0.15700070862328544
R3_F5,5,261,1,0.7256523162903644
R3_F5,5,263,0,0.6375397884780694
R3_F5,5,271,1,0.5035822579969131
R3_F5,5,289,0,0.39152517400975206
R3_F5,5,291,0,0.028676367444195206
R3_F5,5,293,0,0.1307187751748148
R3_F5,5,297,0,0.24146153667483347
R3_F5,5,311,1,0.8716601743157094
R3_F5,5,328,0,0.05753839170679099
R3_F5,5,342,0,0.04401327388671019
R3_F5,5,352,0,0.31454064479064986
R3_F5,5,364,1,0.5480513437955444
R3_F5,5,373,0,0.21155204351014867
R3_F5,5,378,0,0.3418529523069602
R3_F5,5,382,0,0.3030850061960613
R3_F5,5,384,0,0.33563773141047415
R3_F5,5,387,1,0.5050887079646608
R3_F5,5,389,1,0.6299959760349751
R3_F5,5,398,0,0.08190479526854368
R3_F5,5,399,0,0.2324865548279559
R3_F5,5,402,0,0.16461907416076604
R3_F5,5,406,0,0.06369846129885239
R3_F5,5,414,0,0.24695236357383418
R3_F5,5,417,0,0.14463295266675222
R3_F5,5,421,0,0.21011575435245267
R3_F5,5,427,1,0.5135980171070527
R3_F5,5,430,0,0.21394314853666718
R3_F5,5,434,0,0.2435917636937035
R3_F5,5,438,0,0.20694366255793098
R3_F5,5,439,1,0.49079005822133426
R3_F5,5,440,0,0.31421092682127827
R3_F5,5,453,1,0.5225244071378058
R3_F5,5,461,0,0.3852234626190551
R3_F5,5,467,0,0.22272914129326257
R3_F5,5,474,0,0.27666030106332373
R3_F5,5,476,0,0.2790365344847769
R3_F5,5,479,0,0.5838615201534135
R3_F5,5,480,0,0.21821710275734488
R3_F5,5,481,1,0.7311726253091971
R3_F5,5,485,1,0.33642994811365107
R3_F5,5,492,0,0.16635144648574826
R3_F5,5,493,0,0.1750575121320438
R3_F5,5,506,0,0.08849199717337265
R3_F5,5,512,0,0.1513971082348364
R3_F5,5,524,1,0.44941354435596664
R3_F5,5,525,1,0.3594109541332906
R3_F5,5,526,0,0.028324742595705815
R3_F5,5,539,0,0.1859823521623142
R3_F5,5,540,0,0.13743035977617754
R3_F5,5,543,0,0.22150596662667413
R3_F5,5,544,0,0.1536363095038944
R3_F5,5,545,1,0.6442610320569905
R3_F5,5,549,0,0.22078473630211293
R3_F5,5,553,0,0.4981469841101636
R3_F5,5,556,0,0.22265210777575503
R3_F5,5,560,0,0.10259969188989652
R3_F5,5,561,0,0.19535974903426387
R3_F5,5,564,0,0.49092159823044135
R3_F5,5,566,0,0.5161142814464922
R3_F5,5,569,0,0.29575851873496123
R3_F5,5,571,1,0.7052930014007305
R3_F5,5,575,0,0.028006145165837434
R3_F5,5,579,0,0.05505885253400056
R3_F5,5,580,0,0.32215029857530847
R3_F5,5,581,0,0.4564184279561723
R3_F5,5,588,0,0.04204523073462927
R3_F5,5,592,1,0.48586381546490415
R3_F5,5,594,0,0.7524483272205084
R3_F5,5,600,0,0.4184973544512627
R3_F5,5,604,1,0.605674250950293
R3_F5,5,607,0,0.33563582917545576
R3_F5,5,611,0,0.02530259044170031
R3_F5,5,613,1,0.49228249145460007
R3_F5,5,631,0,0.26631056323648133
R3_F5,5,633,0,0.19048829569215261
R3_F5,5,634,0,0.16195485387521294
R3_F5,5,642,0,0.43036688097064674
R3_F5,5,643,0,0.22143626837035493
R3_F5,5,644,0,0.2727787072052296
R3_F5,5,650,0,0.10458108000450779
R3_F5,5,657,1,0.7488827799810203
R3_F5,5,665,0,0.7219148730549007
R3_F5,5,666,1,0.33717268910802173
R3_F5,5,676,0,0.0999105741761943
R3_F5,5,677,1,0.6601876504712398
R3_F5,5,678,0,0.09498901248033992
R3_F5,5,689,0,0.15764668773475932
R3_F5,5,694,0,0.11578573961582579
R3_F5,5,701,0,0.25420222814634325
R3_F5,5,706,0,0.31057640755812405
R3_F5,5,712,1,0.7158694432090001
R3_F5,5,713,1,0.7671434025116136
R3_F5,5,715,0,0.16920843764017057
R3_F5,5,722,0,0.7764115485720374
R3_F5,5,731,0,0.20186741264022076
R3_F5,5,735,1,0.5875657093559655
R3_F5,5,740,1,0.5870224342360019
R3_F5,5,745,0,0.4886965201429223
R3_F5,5,756,1,0.8141628218713867
R3_F5,5,766,1,0.38212054662212597
R3_F5,5,767,1,0.7371637544364918
R3_F5,5,770,0,0.5612304468318091
R3_F5,5,799,0,0.25488226974275946
R4_F1,1,1,1,0.6744137712468925
R4_F1,1,13,0,0.07069118294339445
R4_F1,1,17,0,0.18562538887334723
R4_F1,1,20,1,0.7847916132257345
R4_F1,1,30,0,0.12437999345480932
R4_F1,1,31,0,0.36862228907958
R4_F1,1,34,0,0.16294659277426463
R4_F1,1,55,0,0.5641396341160289
R4_F1,1,65,0,0.3578502795255429
R4_F1,1,68,0,0.0996794711466271
R4_F1,1,75,0,0.27138776507126533
R4_F1,1,82,0,0.10803548031113556
R4_F1,1,84,1,0.48758295446392297
R4_F1,1,85,0,0.2887837802868729
R4_F1,1,95,0,0.10344564623490733
R4_F1,1,97,0,0.2834785334059667
R4_F1,1,99,0,0.5670844338495687
R4_F1,1,104,0,0.31307951807039974
R4_F1,1,116,0,0.3539721164878539
R4_F1,1,122,0,0.5182883980419964
R4_F1,1,133,0,0.04997987430534372
R4_F1,1,143,0,0.11332611554005877
R4_F1,1,150,0,0.5151880618363859
R4_F1,1,151,1,0.532287334346922
R4_F1,1,159,0,0.0987445336661414
R4_F1,1,163,0,0.058784083608066175
R4_F1,1,166,1,0.4583815750224765
R4_F1,1,167,0,0.5029078748518884
R4_F1,1,178,0,0.2074698954187694
R4_F1,1,181,0,0.08626002172053138
R4_F1,1,187,0,0.7899569407616441
R4_F1,1,189,0,0.10329074321661154
R4_F1,1,191,0,0.21988825319369595
R4_F1,1,192,0,0.023426792622869827
R4_F1,1,197,0,0.44319486161438415
R4_F1,1,198,0,0.06438565579046977
R4_F1,1,202,1,0.32991947045722836
R4_F1,1,204,1,0.6600914033946682
R4_F1,1,205,0,0.22319473048112357
R4_F1,1,207,0,0.4590875474035013
R4_F1,1,209,0,0.1340760449831693
R4_F1,1,211,0,0.38676668045003004
R4_F1,1,212,0,0.5733396943111168
R4_F1,1,214,0,0.40767561724856644
R4_F1,1,219,1,0.5562158645784923
R4_F1,1,220,0,0.08108916196288847
R4_F1,1,223,1,0.38898465478561967
R4_F1,1,233,0,0.6273039619225272
R4_F1,1,234,0,0.5602792530601447
R4_F1,1,237,0,0.06678470478086068
R4_F1,1,251,0,0.17049003163664908
R4_F1,1,257,1,0.5162355407726477
R4_F1,1,260,0,0.2762828505722558
R4_F1,1,263,0,0.49687809975535124
R4_F1,1,270,0,0.07401194145867811
R4_F1,1,281,0,0.50193823347196
R4_F1,1,286,0,0.08594948890290892
R4_F1,1,291,1,0.35278705326747123
R4_F1,1,293,0,0.16630266399067736
R4_F1,1,302,1,0.8089755431414529
R4_F1,1,310,0,0.6714065028118462
R4_F1,1,313,0,0.3501482155077544
R4_F1,1,321,0,0.15234669673820864
R4_F1,1,329,0,0.09328380101296892
R4_F1,1,330,1,0.11116913322275061
R4_F1,1,336,0,0.14970516295972142
R4_F1,1,361,0,0.12373820380422883
R4_F1,1,367,0,0.6222103010711081
R4_F1,1,368,0,0.5173570646772105
R4_F1,1,380,0,0.2279995779106381
R4_F1,1,385,0,0.07581096495828317
R4_F1,1,387,0,0.0950452798701968
R4_F1,1,392,0,0.09971602511924661
R4_F1,1,401,1,0.5296440258043952
R4_F1,1,408,0,0.4390478254364965
R4_F1,1,414,0,0.07401212825318483
R4_F1,1,419,0,0.5981067142875873
R4_F1,1,426,0,0.11465009396309973
R4_F1,1,428,1,0.4443674620863814
R4_F1,1,433,0,0.3721238889480165
R4_F1,1,435,1,0.2220366466277727
R4_F1,1,436,0,0.07480146737716643
R4_F1,1,449,0,0.40584060955256956
R4_F1,1,451,1,0.570079164440389
R4_F1,1,452,0,0.4838320483558261
R4_F1,1,454,0,0.03776784550376574
R4_F1,1,465,1,0.7084436928727019
R4_F1,1,469,0,0.2822574865475851
R4_F1,1,470,1,0.5651204621747828
R4_F1,1,480,0,0.16338897254445056
R4_F1,1,483,0,0.5326336285856935
R4_F1,1,485,0,0.33053833030257607
R4_F1,1,492,1,0.24629651230629954
R4_F1,1,498,0,0.2082902934428498
R4_F1,1,499,1,0.46183328739090285
R4_F1,1,502,0,0.06212487127093802
R4_F1,1,504,1,0.791297706966803
R4_F1,1,508,0,0.3618106353907766
R4_F1,1,516,0,0.39353807367112975
R4_F1,1,517,0,0.6238400575788728
R4_F1,1,522,1,0.36230189157819687
R4_F1,1,527,1,0.6048823093693084
R4_F1,1,533,0,0.09521572196404875
R4_F1,1,539,0,0.13902345390651574
R4_F1,1,540,0,0.4377152467872907
R4_F1,1,542,1,0.13931416447125436
R4_F1,1,543,0,0.212370903923201
R4_F1,1,548,0,0.48871581871959086
R4_F1,1,557,0,0.054073909000401266
R4_F1,1,562,1,0.18003304372449813
R4_F1,1,563,1,0.4617543163211311
R4_F1,1,581,1,0.7682532330750925
R4_F1,1,588,0,0.6342941963176968
R4_F1,1,591,0,0.10686384807692835
R4_F1,1,593,0,0.5542432666849421
R4_F1,1,594,0,0.08505017097521457
R4_F1,1,612,0,0.05415352041836779
R4_F1,1,614,1,0.7693372109420212
R4_F1,1,620,0,0.03999713847327533
R4_F1,1,623,1,0.6410930319800687
R4_F1,1,630,0,0.07683124821686459
R4_F1,1,633,0,0.08628264276738408
R4_F1,1,639,0,0.20818690050861086
R4_F1,1,643,0,0.6188934623974282
R4_F1,1,644,1,0.8421265328631327
R4_F1,1,654,0,0.11782808121330589
R4_F1,1,656,0,0.14848688216998182
R4_F1,1,657,0,0.2722073822299091
R4_F1,1,659,0,0.1948989811592986
R4_F1,1,661,0,0.6151813475753668
R4_F1,1,673,1,0.5883116979728826
R4_F1,1,678,0,0.24398125815481808
R4_F1,1,683,0,0.10729870533384732
R4_F1,1,685,0,0.187524591503601
R4_F1,1,694,0,0.7602920075786601
R4_F1,1,695,0,0.18333818735650823
R4_F1,1,698,0,0.3487198627278288
R4_F1,1,701,0,0.22588412036193728
R4_F1,1,703,1,0.5012656768915348
R4_F1,1,705,0,0.11024932007769317
R4_F1,1,708,1,0.7483762750575355
R4_F1,1,716,0,0.6738590961605727
R4_F1,1,723,0,0.539925392489724
R4_F1,1,726,0,0.3130525959573402
R4_F1,1,733,0,0.07412026751470174
R4_F1,1,736,1,0.5096430234620793
R4_F1,1,740,1,0.8215788102569525
R4_F1,1,744,0,0.5131782075174564
R4_F1,1,766,0,0.27116522120644837
R4_F1,1,767,0,0.2013805420388023
R4_F1,1,771,1,0.07947749091114277
R4_F1,1,773,0,0.24612777005268457
R4_F1,1,774,0,0.2523842423129013
R4_F1,1,777,1,0.8254882483166721
R4_F1,1,780,0,0.13909928655654932
R4_F1,1,782,1,0.7557674621627531
R4_F1,1,789,0,0.09156822531204872
R4_F1,1,791,0,0.3236537620059478
R4_F1,1,795,0,0.11428510837361246
R4_F1,1,796,0,0.35196635803617027
R4_F1,2,0,0,0.06571793227923083
R4_F1,2,5,0,0.40317385055681587
R4_F1,2,6,0,0.060150008700216674
R4_F1,2,8,1,0.7959108267485983
R4_F1,2,21,0,0.3374839631546352
R4_F1,2,37,0,0.20016850311690948
R4_F1,2,39,0,0.2886807291220458
R4_F1,2,43,0,0.1778773992607343
R4_F1,2,48,1,0.7601718140261289
R4_F1,2,51,0,0.32699963947433447
R4_F1,2,52,0,0.41808324832358706
R4_F1,2,54,0,0.13822728883085053
R4_F1,2,72,0,0.03949424389610682
R4_F1,2,76,1,0.8976830747692061
R4_F1,2,77,0,0.05551450687657642
R4_F1,2,81,0,0.1727084205811098
R4_F1,2,87,0,0.30264642417515003
R4_F1,2,88,0,0.36601376059868507
R4_F1,2,90,1,0.576851271538936
R4_F1,2,92,1,0.3359962055847534
R4_F1,2,102,1,0.6991092250977836
R4_F1,2,110,0,0.1198304591015541
R4_F1,2,113,1,0.6279630756986361
R4_F1,2,119,0,0.02416503425035411
R4_F1,2,123,0,0.32178601188331074
R4_F1,2,131,0,0.44823828673006977
R4_F1,2,137,1,0.5627365163831201
R4_F1,2,141,0,0.5381611575440254
R4_F1,2,146,1,0.6230951340232043
R4_F1,2,156,0,0.10430387983292577
R4_F1,2,161,0,0.2815086896946275
R4_F1,2,170,0,0.5396931142063706
R4_F1,2,173,0,0.025982949309266718
R4_F1,2,177,0,0.8441146025174994
R4_F1,2,180,0,0.7600707481190142
R4_F1,2,185,1,0.6941860509056045
R4_F1,2,188,1,0.3474806883476241
R4_F1,2,193,1,0.4378678415327373
R4_F1,2,199,0,0.09542522841391786
R4_F1,2,201,0,0.5613984902969906
R4_F1,2,208,1,0.7296930458403478
R4_F1,2,216,1,0.5036911785866663
R4_F1,2,218,0,0.20969603639652834
R4_F1,2,221,0,0.05085913545986257
R4_F1,2,230,0,0.1900851900838215
R4_F1,2,232,0,0.896675776841196
R4_F1,2,239,0,0.5419126313068258
R4_F1,2,243,0,0.21157918145274648
R4_F1,2,248,1,0.2912971735268421
R4_F1,2,256,0,0.3833458360306607
R4_F1,2,262,0,0.34445182360749826
R4_F1,2,269,0,0.1371394816666731
R4_F1,2,271,0,0.2746751140736453
R4_F1,2,282,0,0.6169492384575498
R4_F1,2,283,0,0.24133715202877357
R4_F1,2,287,1,0.38935193628152165
R4_F1,2,289,0,0.22556585718929867
R4_F1,2,301,0,0.09731213511736862
R4_F1,2,303,0,0.04760216573477082
R4_F1,2,305,0,0.1985090859227575
R4_F1,2,307,0,0.2943766611309639
R4_F1,2,311,0,0.3951401030063117
R4_F1,2,315,0,0.08502724146587447
R4_F1,2,317,0,0.5077574477553756
R4_F1,2,324,0,0.3693148759455886
R4_F1,2,327,0,0.00684756180118058
R4_F1,2,328,0,0.32446098402394735
R4_F1,2,332,1,0.08553486802944356
R4_F1,2,334,1,0.5410586309462666
R4_F1,2,344,0,0.07274863971533478
R4_F1,2,347,0,0.5253484768704477
R4_F1,2,348,1,0.21809760417779925
R4_F1,2,356,1,0.6169865209439268
R4_F1,2,369,0,0.4312674505147281
R4_F1,2,370,0,0.22540400240668043
R4_F1,2,373,1,0.5332451224637934
R4_F1,2,374,1,0.5396438229311094
R4_F1,2,377,1,0.7684867575081058
R4_F1,2,378,0,0.13677466928761797
R4_F1,2,381,0,0.305448233112046
R4_F1,2,384,0,0.5385442035657483
R4_F1,2,386,0,0.05343729245021284
R4_F1,2,396,0,0.25457060546477467
R4_F1,2,400,0,0.17457521251433197
R4_F1,2,403,0,0.09188800955354275
R4_F1,2,404,1,0.36877533711445265
R4_F1,2,406,0,0.20098428835935475
R4_F1,2,411,0,0.12216743248162121
R4_F1,2,415,0,0.37288914039106463
R4_F1,2,417,0,0.12266070152630539
R4_F1,2,418,0,0.31529344025129097
R4_F1,2,421,0,0.020330829033331516
R4_F1,2,422,1,0.666695027077166
R4_F1,2,423,0,0.3258703987451339
R4_F1,2,430,0,0.34366923837677427
R4_F1,2,434,1,0.3811892674549809
R4_F1,2,438,0,0.09652819677021311
R4_F1,2,439,1,0.6604917209552611
R4_F1,2,440,0,0.07540911388905257
R4_F1,2,443,1,0.4077634518394813
R4_F1,2,450,1,0.6973150354675512
R4_F1,2,475,1,0.5051324269767111
R4_F1,2,484,0,0.7114494681293118
R4_F1,2,486,1,0.580272507855765
R4_F1,2,491,0,0.5075518972864576
R4_F1,2,500,1,0.48416958475286115
R4_F1,2,505,0,0.3867410505167818
R4_F1,2,509,0,0.1461258423510985
R4_F1,2,514,1,0.2733094926977195
R4_F1,2,515,0,0.04541357678466634
R4_F1,2,518,1,0.2418471799690564
R4_F1,2,521,0,0.8378486818507822
R4_F1,2,530,0,0.46983226800858974
R4_F1,2,534,0,0.24758244556126408
R4_F1,2,545,0,0.22729104514718856
R4_F1,2,555,0,0.23331394127664315
R4_F1,2,570,1,0.6809880770658486
R4_F1,2,574,0,0.15358204080226054
R4_F1,2,575,0,0.10456085681971804
R4_F1,2,578,1,0.6827214793409117
R4_F1,2,587,0,0.07492739805190562
R4_F1,2,595,0,0.34670309041183917
R4_F1,2,598,0,0.0723231880887076
R4_F1,2,601,0,0.19247833000976053
R4_F1,2,604,0,0.10116478419681697
R4_F1,2,608,0,0.5515854241302307
R4_F1,2,609,0,0.0989508455439269
R4_F1,2,610,0,0.2741980098430071
R4_F1,2,611,0,0.31896603399937007
R4_F1,2,615,0,0.02587817753048456
R4_F1,2,616,0,0.22245142971335485
R4_F1,2,619,0,0.33110128976110437
R4_F1,2,624,0,0.27812395279339797
R4_F1,2,650,0,0.15297228712797714
R4_F1,2,653,0,0.7832156443644885
R4_F1,2,665,0,0.45651610985407176
R4_F1,2,669,1,0.7435830752001208
R4_F1,2,677,1,0.21384509046486735
R4_F1,2,687,0,0.09618615525928698
R4_F1,2,690,0,0.05248905538825227
R4_F1,2,692,1,0.6136614295724215
R4_F1,2,696,0,0.7560546537599112
R4_F1,2,704,0,0.041295058053699464
R4_F1,2,717,0,0.021995253365279407
R4_F1,2,718,0,0.23177525096665677
R4_F1,2,721,0,0.1251719250827252
R4_F1,2,729,0,0.30223197178172606
R4_F1,2,730,0,0.08673418028607427
R4_F1,2,745,0,0.1314159673758347
R4_F1,2,748,1,0.5890457060177718
R4_F1,2,756,0,0.7486178019300427
R4_F1,2,759,1,0.21960092112033033
R4_F1,2,765,0,0.29658900059913185
R4_F1,2,769,0,0.09641912797724299
R4_F1,2,775,0,0.45512020512391343
R4_F1,2,776,1,0.8562652315971571
R4_F1,2,781,0,0.2922928973650111
R4_F1,2,785,1,0.5801619438157165
R4_F1,2,786,0,0.11694229826231312
R4_F1,2,797,0,0.1807641444081068
R4_F1,3,2,0,0.5924193859523896
R4_F1,3,3,1,0.7120583755829714
R4_F1,3,4,0,0.35487048417010664
R4_F1,3,9,1,0.8619923983855834
R4_F1,3,10,0,0.819652003116249
R4_F1,3,19,0,0.10862636477591407
R4_F1,3,33,1,0.44274659715410686
R4_F1,3,38,0,0.5490823703351319
R4_F1,3,44,0,0.580986808672886
R4_F1,3,46,0,0.4132722679656539
R4_F1,3,49,1,0.8651478104016048
R4_F1,3,53,0,0.343595910618611
R4_F1,3,57,1,0.5907853535127531
R4_F1,3,61,0,0.15751518942955234
R4_F1,3,62,0,0.7253348930233314
R4_F1,3,63,1,0.08254947970008654
R4_F1,3,64,0,0.22611621351415792
R4_F1,3,71,1,0.6004318586697918
R4_F1,3,73,1,0.1347379269043023
R4_F1,3,74,0,0.3528468270904286
R4_F1,3,78,0,0.45691033171154033
R4_F1,3,96,0,0.309791652584362
R4_F1,3,100,1,0.5369198505132827
R4_F1,3,106,0,0.021160659455137062
R4_F1,3,109,0,0.3955996378056628
R4_F1,3,112,0,0.5542439491534106
R4_F1,3,115,0,0.6123268786905345
R4_F1,3,121,0,0.04915798980564514
R4_F1,3,125,1,0.7759956648760422
R4_F1,3,127,0,0.7848328691912209
R4_F1,3,132,0,0.2593971252795206
R4_F1,3,140,1,0.07734450371778802
R4_F1,3,147,1,0.6915373529915078
R4_F1,3,152,0,0.7435800722349005
R4_F1,3,158,1,0.25479069072026644
R4_F1,3,165,0,0.29071663350469085
R4_F1,3,168,0,0.04051962814706935
R4_F1,3,169,0,0.35528051647380915
R4_F1,3,171,0,0.02128106049429794
R4_F1,3,175,0,0.7247681491636299
R4_F1,3,184,1,0.42909565759602736
R4_F1,3,186,1,0.11074111962148116
R4_F1,3,194,1,0.38719450146213363
R4_F1,3,206,0,0.14715500937933837
R4_F1,3,210,0,0.046415593530477584
R4_F1,3,215,0,0.02298111142607741
R4_F1,3,228,0,0.2615838499233178
R4_F1,3,229,0,0.09209174064940151
R4_F1,3,236,1,0.7306294559487615
R4_F1,3,238,1,0.523631882053232
R4_F1,3,249,0,0.23365801850161416
R4_F1,3,254,0,0.6171168187947252
R4_F1,3,259,1,0.8557505169379921
R4_F1,3,261,0,0.407621462762686
R4_F1,3,265,1,0.6902538420141809
R4_F1,3,275,1,0.7894321286051885
R4_F1,3,277,0,0.35883779810298405
R4_F1,3,279,0,0.4148020971102168
R4_F1,3,280,0,0.6871144473049751
R4_F1,3,285,0,0.5362829766029921
R4_F1,3,288,1,0.3063265214804308
R4_F1,3,296,0,0.4125461984113235
R4_F1,3,297,0,0.0751205586111248
R4_F1,3,300,0,0.22536357408215416
R4_F1,3,304,1,0.25801227457350046
R4_F1,3,308,0,0.1308917219240732
R4_F1,3,312,0,0.3169206092300592
R4_F1,3,322,0,0.43484629813842074
R4_F1,3,323,1,0.47698454585466354
R4_F1,3,325,0,0.20982576324104477
R4_F1,3,331,0,0.02630969013153489
R4_F1,3,335,0,0.3979393707636451
R4_F1,3,337,0,0.28582936464909503
R4_F1,3,338,0,0.12311279440298488
R4_F1,3,340,0,0.07959182693163432
R4_F1,3,341,0,0.03261334562542902
R4_F1,3,345,1,0.7080358810812094
R4_F1,3,346,0,0.26492905170107256
R4_F1,3,354,0,0.49575253084566406
R4_F1,3,360,0,0.054576886317918204
R4_F1,3,364,0,0.331581957812536
R4_F1,3,372,0,0.25667242711602006
R4_F1,3,389,0,0.08678496296878485
R4_F1,3,390,0,0.304894704307377
R4_F1,3,393,0,0.1169924801873408
R4_F1,3,395,0,0.08529814564499151
R4_F1,3,399,0,0.389436963875653
R4_F1,3,412,1,0.3600424160319054
R4_F1,3,424,0,0.6823997259534718
R4_F1,3,429,0,0.2913262528146381
R4_F1,3,431,0,0.47339314899671253
R4_F1,3,442,0,0.17425124371432288
R4_F1,3,447,1,0.5571759819116738
R4_F1,3,448,1,0.4574639245243825
R4_F1,3,453,1,0.5431896371743212
R4_F1,3,456,0,0.05786193464753231
R4_F1,3,457,0,0.8076643070114723
R4_F1,3,459,0,0.26631780146060335
R4_F1,3,461,1,0.6535228263990872
R4_F1,3,468,0,0.34969065490344997
R4_F1,3,473,0,0.4978992005566198
R4_F1,3,476,1,0.8044706231227408
R4_F1,3,481,1,0.6248393780586595
R4_F1,3,497,0,0.16273307871469325
R4_F1,3,501,0,0.04591707681521312
R4_F1,3,506,1,0.4657027280148725
R4_F1,3,507,1,0.7328284843997043
R4_F1,3,513,0,0.5778313424950484
R4_F1,3,523,1,0.6119528489549465
R4_F1,3,524,1,0.46641197242216625
R4_F1,3,531,0,0.6697583331394134
R4_F1,3,541,0,0.1254321130543646
R4_F1,3,544,0,0.7853057173003354
R4_F1,3,546,0,0.22163072830397942
R4_F1,3,549,0,0.42356168652292947
R4_F1,3,550,0,0.13802512509859163
R4_F1,3,553,0,0.5180090940255743
R4_F1,3,560,0,0.08405740426605497
R4_F1,3,565,0,0.7127921613280405
R4_F1,3,567,0,0.4066722231382201
R4_F1,3,584,1,0.7193780210038462
R4_F1,3,597,1,0.6137071539375597
R4_F1,3,599,0,0.3877237995408685
R4_F1,3,602,1,0.049294112209696685
R4_F1,3,606,0,0.059219663760222974
R4_F1,3,607,1,0.7268608043021988
R4_F1,3,613,0,0.2464881830678869
R4_F1,3,618,1,0.7846322622239468
R4_F1,3,629,1,0.5605295013395662
R4_F1,3,634,0,0.4611751545334046
R4_F1,3,635,1,0.14299369796189113
R4_F1,3,636,0,0.3665630637613382
R4_F1,3,640,0,0.3703243129812817
R4_F1,3,648,1,0.810038876627842
R4_F1,3,651,1,0.42924652536167235
R4_F1,3,664,1,0.31596724321825737
R4_F1,3,671,0,0.2442671845373091
R4_F1,3,675,1,0.34369411456922666
R4_F1,3,691,1,0.20477087575880973
R4_F1,3,697,0,0.1287439508004952
R4_F1,3,707,0,0.08628010949589654
R4_F1,3,709,0,0.17972765341668795
R4_F1,3,712,0,0.033797167366049825
R4_F1,3,714,0,0.05262105490969424
R4_F1,3,724,0,0.12509276005316924
R4_F1,3,732,1,0.5846542365659503
R4_F1,3,739,0,0.4344125562678356
R4_F1,3,741,0,0.7383474195146152
R4_F1,3,742,1,0.46288731095573815
R4_F1,3,743,0,0.04355794368388751
R4_F1,3,747,0,0.7293359000307574
R4_F1,3,752,0,0.02703197029382141
R4_F1,3,753,0,0.1627964681324441
R4_F1,3,755,0,0.5355377400867714
R4_F1,3,761,0,0.38200332251987773
R4_F1,3,763,1,0.3954804005122751
R4_F1,3,768,1,0.7361413679699419
R4_F1,3,772,1,0.3779579159665937
R4_F1,3,787,0,0.6685229795500285
R4_F1,3,788,0,0.7087872870969556
R4_F1,4,7,1,0.7190612979316539
R4_F1,4,12,0,0.11050402133369149
R4_F1,4,22,0,0.6830799512511924
R4_F1,4,23,0,0.46141311410034547
R4_F1,4,24,0,0.06541578714011714
R4_F1,4,26,1,0.7071412149910313
R4_F1,4,28,1,0.47073217559352787
R4_F1,4,29,0,0.29623376473297597
R4_F1,4,36,0,0.15537412916705418
R4_F1,4,56,0,0.327913388064859
R4_F1,4,58,0,0.2291585222403009
R4_F1,4,67,0,0.17398053495388588
R4_F1,4,70,0,0.5586215427571173
R4_F1,4,83,1,0.5878824342799401
R4_F1,4,86,0,0.4504483349548218
R4_F1,4,91,0,0.04417326714288163
R4_F1,4,94,0,0.17841982706909254
R4_F1,4,98,1,0.40079865283088406
R4_F1,4,107,1,0.1668059120443236
R4_F1,4,108,0,0.12500180233140232
R4_F1,4,111,0,0.785892941094715
R4_F1,4,114,0,0.36931035005853435
R4_F1,4,117,0,0.07863000326703186
R4_F1,4,128,0,0.4510854560399051
R4_F1,4,129,0,0.012353303395933041
R4_F1,4,130,0,0.3273335123880684
R4_F1,4,135,0,0.3126572481616787
R4_F1,4,136,0,0.18680571781520075
R4_F1,4,138,0,0.06776890492959282
R4_F1,4,144,0,0.2352387069995826
R4_F1,4,148,0,0.04412202496875492
R4_F1,4,149,0,0.07956082530147555
R4_F1,4,154,1,0.44301305805000485
R4_F1,4,160,1,0.7633152323959035
R4_F1,4,162,1,0.6009221252258349
R4_F1,4,164,0,0.6490530763697276
R4_F1,4,172,1,0.26283495134884066
R4_F1,4,174,0,0.06640496753123201
R4_F1,4,176,0,0.3697905472401366
R4_F1,4,182,0,0.11511111215262981
R4_F1,4,190,0,0.07203205182219143
R4_F1,4,196,0,0.10503186629840151
R4_F1,4,213,0,0.40112766925243054
R4_F1,4,217,0,0.07292705535096458
R4_F1,4,226,0,0.09849541372450284
R4_F1,4,227,1,0.1831945702913922
R4_F1,4,244,0,0.15000602745561362
R4_F1,4,245,0,0.24268509042238207
R4_F1,4,247,1,0.6529789753553609
R4_F1,4,258,0,0.05342282295154046
R4_F1,4,266,0,0.5160260322143839
R4_F1,4,268,0,0.04822471406129988
R4_F1,4,276,1,0.11805075299430066
R4_F1,4,278,1,0.6006686227338401
R4_F1,4,284,0,0.15927644725515436
R4_F1,4,299,1,0.550036008651749
R4_F1,4,309,0,0.2596173611465286
R4_F1,4,314,0,0.717942147811581
R4_F1,4,316,0,0.5763010693547787
R4_F1,4,319,1,0.3017274484776808
R4_F1,4,326,1,0.6129767188534713
R4_F1,4,333,0,0.11743809539908667
R4_F1,4,351,0,0.5748883334163255
R4_F1,4,353,0,0.20407720085090963
R4_F1,4,359,1,0.3900505912876237
R4_F1,4,363,0,0.1857665133669442
R4_F1,4,375,0,0.09605092587303332
R4_F1,4,376,1,0.3707075021779542
R4_F1,4,379,0,0.48133703490669055
R4_F1,4,383,0,0.7454951988395689
R4_F1,4,388,0,0.31518908011559826
R4_F1,4,391,1,0.7739666513227377
R4_F1,4,397,0,0.1396571550005756
R4_F1,4,398,1,0.7509867968461464
R4_F1,4,409,0,0.21228217606910657
R4_F1,4,413,0,0.33868914198325534
R4_F1,4,420,0,0.33046370844061185
R4_F1,4,437,1,0.7601154398085058
R4_F1,4,446,1,0.5146658385966628
R4_F1,4,460,0,0.20758086405690426
R4_F1,4,464,0,0.4486029686488065
R4_F1,4,467,1,0.7345790064685168
R4_F1,4,471,1,0.16071362552450316
R4_F1,4,474,0,0.31448859616166996
R4_F1,4,479,0,0.1714411790589939
R4_F1,4,482,1,0.7678842470985598
R4_F1,4,487,0,0.24110699314504255
R4_F1,4,488,0,0.09693719880522966
R4_F1,4,490,0,0.5195943861999837
R4_F1,4,493,0,0.7538528796808858
R4_F1,4,494,0,0.5500774902067073
R4_F1,4,496,1,0.5765163819828786
R4_F1,4,503,0,0.4945235854491068
R4_F1,4,510,0,0.6487051457130258
R4_F1,4,519,1,0.6169283440260592
R4_F1,4,528,0,0.272195084187042
R4_F1,4,529,0,0.7969466239876627
R4_F1,4,532,1,0.6449459642521698
R4_F1,4,536,0,0.5151842656547269
R4_F1,4,538,0,0.12679002133634032
R4_F1,4,551,0,0.13969646945996533
R4_F1,4,558,0,0.09526183169321893
R4_F1,4,559,0,0.14034208252810046
R4_F1,4,561,0,0.4549982923472191
R4_F1,4,566,0,0.73045760964561
R4_F1,4,568,0,0.2194915183380758
R4_F1,4,572,1,0.8655987426666298
R4_F1,4,576,0,0.40125286830221213
R4_F1,4,582,1,0.7772093228504661
R4_F1,4,583,0,0.5506408192339293
R4_F1,4,586,0,0.10026023835906983
R4_F1,4,589,1,0.7276701910334595
R4_F1,4,603,1,0.09405052336492563
R4_F1,4,617,0,0.2709466890797807
R4_F1,4,621,1,0.2505186254321239
R4_F1,4,625,0,0.4766109022504355
R4_F1,4,626,0,0.12664350301463287
R4_F1,4,627,0,0.038039947868921016
R4_F1,4,628,1,0.7247905260069124
R4_F1,4,631,0,0.04441784845435361
R4_F1,4,632,0,0.2504489027454149
R4_F1,4,637,0,0.13778501498860662
R4_F1,4,641,0,0.3930940092047382
R4_F1,4,642,0,0.04204212764938545
R4_F1,4,645,0,0.15335111448005626
R4_F1,4,646,0,0.01982196974030333
R4_F1,4,647,0,0.721994210473435
R4_F1,4,649,0,0.4084987383067145
R4_F1,4,652,1,0.7026698517604579
R4_F1,4,660,0,0.19415945662360215
R4_F1,4,662,1,0.6295562266103104
R4_F1,4,667,1,0.8906178094107663
R4_F1,4,668,1,0.23224221385198973
R4_F1,4,670,0,0.24402018315116658
R4_F1,4,672,0,0.16262633046214262
R4_F1,4,676,0,0.48993380621660415
R4_F1,4,680,1,0.3388223992104408
R4_F1,4,681,1,0.5866687301374504
R4_F1,4,682,0,0.021674215108685075
R4_F1,4,686,0,0.11115025365156228
R4_F1,4,688,1,0.44331917576799057
R4_F1,4,689,0,0.07000636843073443
R4_F1,4,702,0,0.21847788604689544
R4_F1,4,706,0,0.2629376632053947
R4_F1,4,710,1,0.9048858699700307
R4_F1,4,722,0,0.10834607178705953
R4_F1,4,725,0,0.4063343747180512
R4_F1,4,727,0,0.4905059509354628
R4_F1,4,737,0,0.23388292243500786
R4_F1,4,738,1,0.6163829664314379
R4_F1,4,749,1,0.21383828733739887
R4_F1,4,750,0,0.393578918698087
R4_F1,4,751,1,0.749549820872756
R4_F1,4,754,0,0.024014014217222986
R4_F1,4,760,1,0.07939134944048849
R4_F1,4,762,1,0.6362440608269361
R4_F1,4,770,0,0.4681837294193904
R4_F1,4,779,0,0.15374589256751583
R4_F1,4,794,0,0.09743384252393812
R4_F1,4,798,1,0.7996188325945299
R4_F1,5,11,0,0.04018840316763216
R4_F1,5,14,0,0.19335542623033905
R4_F1,5,15,0,0.03609660306182888
R4_F1,5,16,0,0.24460316869338108
R4_F1,5,18,0,0.4541572552028184
R4_F1,5,25,0,0.47579941871216686
R4_F1,5,27,0,0.5852848212810642
R4_F1,5,32,0,0.2812338750362015
R4_F1,5,35,0,0.15506159016098356
R4_F1,5,40,0,0.13230569261536193
R4_F1,5,41,0,0.035231700212740004
R4_F1,5,42,1,0.7944471802694285
R4_F1,5,45,1,0.7961339286805035
R4_F1,5,47,0,0.05506119703200948
R4_F1,5,50,0,0.28882900402631934
R4_F1,5,59,1,0.803392581406933
R4_F1,5,60,0,0.23929617795756317
R4_F1,5,66,0,0.29913519298912244
R4_F1,5,69,1,0.7844298788492403
R4_F1,5,79,0,0.6391625070752077
R4_F1,5,80,0,0.13504833910212605
R4_F1,5,89,0,0.4548959673509169
R4_F1,5,93,0,0.270277409556291
R4_F1,5,101,0,0.18584309737028573
R4_F1,5,103,0,0.25117137261259415
R4_F1,5,105,0,0.27581557173485655
R4_F1,5,118,0,0.554639648252014
R4_F1,5,120,0,0.100761289331514
R4_F1,5,124,0,0.43807614459772437
R4_F1,5,126,0,0.0831227992436714
R4_F1,5,134,1,0.6757042045784415
R4_F1,5,139,1,0.5847011758668973
R4_F1,5,142,0,0.15298393963336696
R4_F1,5,145,1,0.5623863582471659
R4_F1,5,153,1,0.11946702954930881
R4_F1,5,155,1,0.44315233918622776
R4_F1,5,157,1,0.544165346765956
R4_F1,5,179,0,0.27422082570419287
R4_F1,5,183,0,0.6056005459511938
R4_F1,5,195,1,0.4356942939413357
R4_F1,5,200,0,0.2782264007145205
R4_F1,5,203,0,0.32564361703675937
R4_F1,5,222,0,0.7320984065221894
R4_F1,5,224,1,0.7394690246395864
R4_F1,5,225,0,0.06377787211552627
R4_F1,5,231,0,0.5210369653366858
R4_F1,5,235,0,0.14676445867068363
R4_F1,5,240,0,0.3378867692334649
R4_F1,5,241,0,0.35604221758451327
R4_F1,5,242,1,0.7076341945937639
R4_F1,5,246,0,0.08588440233137005
R4_F1,5,250,0,0.05866959088067361
R4_F1,5,252,1,0.6593528189445621
R4_F1,5,253,1,0.33650895392431046
R4_F1,5,255,0,0.2929629465511875
R4_F1,5,264,1,0.7735415168431116
R4_F1,5,267,0,0.1447630168575952
R4_F1,5,272,0,0.22277662265717177
R4_F1,5,273,1,0.119050091213964
R4_F1,5,274,1,0.49648370419351817
R4_F1,5,290,1,0.7001848382176098
R4_F1,5,292,1,0.6814351113925712
R4_F1,5,294,0,0.5261573577853702
R4_F1,5,295,0,0.0997363767910797
R4_F1,5,298,0,0.15653880428623332
R4_F1,5,306,0,0.4897289186439014
R4_F1,5,318,0,0.638641394309125
R4_F1,5,320,0,0.056706972241946124
R4_F1,5,339,1,0.21412860105809486
R4_F1,5,342,0,0.14900399513633003
R4_F1,5,343,1,0.3923448051579051
R4_F1,5,349,0,0.23041479674985377
R4_F1,5,350,0,0.04851566514237705
R4_F1,5,352,1,0.4251948192785353
R4_F1,5,355,1,0.2841012579005478
R4_F1,5,357,0,0.13583816230218138
R4_F1,5,358,0,0.2502064520388681
R4_F1,5,362,0,0.05708134182148602
R4_F1,5,365,1,0.25920592706393175
R4_F1,5,366,0,0.31657145292848526
R4_F1,5,371,0,0.4014283586370286
R4_F1,5,382,0,0.22587919150358715
R4_F1,5,394,1,0.8259656217270378
R4_F1,5,402,1,0.042401413573871845
R4_F1,5,405,0,0.21851127201036594
R4_F1,5,407,0,0.1094064323258374
R4_F1,5,410,0,0.1978896045726343
R4_F1,5,416,1,0.43804186428437036
R4_F1,5,425,0,0.1628959397175859
R4_F1,5,427,0,0.1637492982592192
R4_F1,5,432,1,0.5092386699094301
R4_F1,5,441,0,0.15024101428541167
R4_F1,5,444,1,0.5089527286081799
R4_F1,5,445,1,0.6125216312952743
R4_F1,5,455,1,0.5897814896895328
R4_F1,5,458,0,0.2895903666514321
R4_F1,5,462,0,0.2761639978550933
R4_F1,5,463,1,0.22813883948921554
R4_F1,5,466,0,0.16441943832615555
R4_F1,5,472,0,0.307509836868376
R4_F1,5,477,1,0.4025120274864262
R4_F1,5,478,1,0.27477968025086846
R4_F1,5,489,1,0.7147014836652055
R4_F1,5,495,0,0.27758147538809985
R4_F1,5,511,0,0.2645900333082465
R4_F1,5,512,1,0.7609960109529248
R4_F1,5,520,1,0.6636029186249468
R4_F1,5,525,0,0.030401222073399462
R4_F1,5,526,0,0.6105840172803471
R4_F1,5,535,0,0.6724363529037433
R4_F1,5,537,0,0.4865247754005466
R4_F1,5,547,0,0.4723440855603052
R4_F1,5,552,0,0.24094962530480077
R4_F1,5,554,0,0.4365806816910575
R4_F1,5,556,0,0.15459001159087812
R4_F1,5,564,0,0.45294445541616235
R4_F1,5,569,0,0.36551506410344786
R4_F1,5,571,0,0.2038829789026142
R4_F1,5,573,0,0.03384122327125463
R4_F1,5,577,1,0.5224594198780886
R4_F1,5,579,1,0.3334738729770135
R4_F1,5,580,0,0.1409833818680251
R4_F1,5,585,0,0.12085578355472935
R4_F1,5,590,0,0.6163552043722459
R4_F1,5,592,1,0.635439706453839
R4_F1,5,596,0,0.4114755388261593
R4_F1,5,600,1,0.6021671548646915
R4_F1,5,605,1,0.3160265989887032
R4_F1,5,622,0,0.03492191175318551
R4_F1,5,638,0,0.16072188541762333
R4_F1,5,655,0,0.8602605211809137
R4_F1,5,658,1,0.5436208264861846
R4_F1,5,663,1,0.4037199473373019
R4_F1,5,666,0,0.2053662471848988
R4_F1,5,674,0,0.17053182067213393
R4_F1,5,679,0,0.42647329386866795
R4_F1,5,684,1,0.8443189011933208
R4_F1,5,693,1,0.14080747035203134
R4_F1,5,699,0,0.18663069890613151
R4_F1,5,700,0,0.3382721327094987
R4_F1,5,711,0,0.3947993466392676
R4_F1,5,713,0,0.36182284689332245
R4_F1,5,715,0,0.18704297128285155
R4_F1,5,719,1,0.6179614856754965
R4_F1,5,720,1,0.29938246925303175
R4_F1,5,728,1,0.4851727751584156
R4_F1,5,731,1,0.7919487581431239
R4_F1,5,734,1,0.7590592959244339
R4_F1,5,735,1,0.3740905512935078
R4_F1,5,746,0,0.06355333651733035
R4_F1,5,757,1,0.6887034585456066
R4_F1,5,758,0,0.14326678253133288
R4_F1,5,764,0,0.36926189222057787
R4_F1,5,778,0,0.14250126684994377
R4_F1,5,783,1,0.3758372957856488
R4_F1,5,784,0,0.38879193417887764
R4_F1,5,790,0,0.4880315744468859
R4_F1,5,792,0,0.43332840863993777
R4_F1,5,793,0,0.7513800205137949
R4_F1,5,799,0,0.2779721786629048
R4_F2,1,0,1,0.6963010050615664
R4_F2,1,18,0,0.1258292492439217
R4_F2,1,24,0,0.14031617449931036
R4_F2,1,27,1,0.8346393610502183
R4_F2,1,35,0,0.32716556409497194
R4_F2,1,43,0,0.2148830057832997
R4_F2,1,49,0,0.5262978982902949
R4_F2,1,51,1,0.6864902395650226
R4_F2,1,53,0,0.06512054235230116
R4_F2,1,54,1,0.7787760069059994
R4_F2,1,61,0,0.030228514287359603
R4_F2,1,68,0,0.08441256571333901
R4_F2,1,71,1,0.7392664831270185
R4_F2,1,72,1,0.38919651728231547
R4_F2,1,76,1,0.8887625465068981
R4_F2,1,78,0,0.43937516379024694
R4_F2,1,85,1,0.4605004478035339
R4_F2,1,86,0,0.48470828584094644
R4_F2,1,88,0,0.3991212067534588
R4_F2,1,94,0,0.4559633192856374
R4_F2,1,102,0,0.49908520943576323
R4_F2,1,108,0,0.27073739192836155
R4_F2,1,109,0,0.05466682899821033
R4_F2,1,115,0,0.08665733288774023
R4_F2,1,121,0,0.10797806850891158
R4_F2,1,125,0,0.04868926020273245
R4_F2,1,145,0,0.5754598075658722
R4_F2,1,146,1,0.38999037342252874
R4_F2,1,153,1,0.6618864613333191
R4_F2,1,154,0,0.15582240156743407
R4_F2,1,156,0,0.2984974898546299
R4_F2,1,163,0,0.04756603145874588
R4_F2,1,164,1,0.5909743296540731
R4_F2,1,172,0,0.260122089872212
R4_F2,1,173,0,0.6066859685105078
R4_F2,1,179,0,0.7752364882304462
R4_F2,1,187,0,0.08325445597123195
R4_F2,1,188,0,0.25186978854213365
R4_F2,1,198,0,0.19245860956458172
R4_F2,1,199,0,0.10621823385448287
R4_F2,1,209,1,0.32878675007387986
R4_F2,1,213,0,0.031003208002202593
R4_F2,1,215,1,0.584485396664091
R4_F2,1,224,0,0.7406206582067908
R4_F2,1,229,0,0.49285591321229233
R4_F2,1,235,0,0.48801417022879434
R4_F2,1,240,0,0.4021872021391954
R4_F2,1,243,0,0.30283458000605135
R4_F2,1,244,0,0.10447905963527986
R4_F2,1,245,0,0.2058310475254075
R4_F2,1,246,0,0.24148041205880702
R4_F2,1,262,1,0.18666512607740152
R4_F2,1,267,0,0.6401027648902383
R4_F2,1,268,0,0.2895804325704594
R4_F2,1,271,0,0.08770766145111188
R4_F2,1,274,0,0.05560069170088224
R4_F2,1,278,1,0.7028361996904696
R4_F2,1,279,0,0.3419516476662601
R4_F2,1,282,1,0.16496143973499097
R4_F2,1,284,1,0.634741493056061
R4_F2,1,288,1,0.6584107572998014
R4_F2,1,291,1,0.6447192879143685
R4_F2,1,297,1,0.7204109308477703
R4_F2,1,298,1,0.8883646189456943
R4_F2,1,306,0,0.5910791069626324
R4_F2,1,308,0,0.2202777482961423
R4_F2,1,309,0,0.24268119375829064
R4_F2,1,313,0,0.429143427324395
R4_F2,1,323,0,0.04678532207255412
R4_F2,1,324,1,0.11022272489695324
R4_F2,1,328,0,0.10486831352013742
R4_F2,1,337,0,0.24530954474978728
R4_F2,1,351,1,0.8563774491816684
R4_F2,1,364,0,0.6168382189833971
R4_F2,1,370,0,0.06401579559458657
R4_F2,1,371,1,0.49160050147278106
R4_F2,1,376,0,0.21849246127959274
R4_F2,1,388,0,0.11355654165516275
R4_F2,1,389,0,0.2726101526741583
R4_F2,1,397,1,0.08215547449576173
R4_F2,1,402,1,0.5301844246141273
R4_F2,1,414,1,0.7914524208420385
R4_F2,1,419,0,0.6021784884800999
R4_F2,1,420,1,0.8698908193542793
R4_F2,1,424,1,0.2986186446086961
R4_F2,1,426,1,0.7956380121409169
R4_F2,1,437,1,0.260059486568156
R4_F2,1,439,1,0.43480114732823233
R4_F2,1,440,0,0.3548358139081314
R4_F2,1,443,1,0.4870765133357932
R4_F2,1,450,0,0.10393441609638386
R4_F2,1,459,1,0.7726851665281725
R4_F2,1,462,1,0.5541079952508019
R4_F2,1,466,1,0.4236963575376213
R4_F2,1,471,0,0.1395953630728838
R4_F2,1,474,1,0.19816650033094327
R4_F2,1,476,0,0.14061417291387482
R4_F2,1,482,0,0.393234202557258
R4_F2,1,484,1,0.17649740659523808
R4_F2,1,493,0,0.03180904050321733
R4_F2,1,507,0,0.2602184083778705
R4_F2,1,509,0,0.5580679945183397
R4_F2,1,512,1,0.7642537745067487
R4_F2,1,518,1,0.8051745386899664
R4_F2,1,522,0,0.13802237724464042
R4_F2,1,524,0,0.20961020572329067
R4_F2,1,527,0,0.49839366314360195
R4_F2,1,531,0,0.10430999884023213
R4_F2,1,534,1,0.34554481282575494
R4_F2,1,537,1,0.568456072892021
R4_F2,1,543,0,0.05531085960551768
R4_F2,1,544,0,0.7850143617464478
R4_F2,1,547,0,0.5589677240234795
R4_F2,1,549,0,0.19303564834420425
R4_F2,1,550,0,0.04916093016516981
R4_F2,1,555,0,0.6523595783111916
R4_F2,1,560,1,0.730229303982158
R4_F2,1,586,0,0.3515680794019403
R4_F2,1,592,0,0.054482573076168155
R4_F2,1,599,1,0.11015245109546086
R4_F2,1,611,0,0.02223767525547427
R4_F2,1,617,0,0.021220173067128062
R4_F2,1,628,1,0.6292061616038672
R4_F2,1,630,0,0.026959489953663467
R4_F2,1,632,0,0.41571266976309396
R4_F2,1,643,0,0.10303633164160127
R4_F2,1,664,1,0.7900131529264284
R4_F2,1,667,1,0.8170333838958906
R4_F2,1,673,1,0.28106951349205306
R4_F2,1,674,0,0.24821234933304778
R4_F2,1,675,0,0.11261547678700773
R4_F2,1,676,1,0.189544861067531
R4_F2,1,680,0,0.0685764613072187
R4_F2,1,682,0,0.6111453986381495
R4_F2,1,684,0,0.03235818944514051
R4_F2,1,687,0,0.048590426802283176
R4_F2,1,688,0,0.02707748730295892
R4_F2,1,694,0,0.2057023198691801
R4_F2,1,695,0,0.20613815892426893
R4_F2,1,701,0,0.3497713133493139
R4_F2,1,706,0,0.07236744624786069
R4_F2,1,712,0,0.2582119993532573
R4_F2,1,724,0,0.0783607705086089
R4_F2,1,729,0,0.08561756732554182
R4_F2,1,735,0,0.0423042697348762
R4_F2,1,738,0,0.1722588262138385
R4_F2,1,745,0,0.03542707743262631
R4_F2,1,747,1,0.47791755837939576
R4_F2,1,750,1,0.25489363287328565
R4_F2,1,754,0,0.07591504574212905
R4_F2,1,759,0,0.34938227653411347
R4_F2,1,767,0,0.049420774058485335
R4_F2,1,770,1,0.0675150072765905
R4_F2,1,774,0,0.2756459620852115
R4_F2,1,775,0,0.28076655993267274
R4_F2,1,776,0,0.25955448881055393
R4_F2,1,777,1,0.7961563602082501
R4_F2,1,781,0,0.28581069580993956
R4_F2,1,796,0,0.06300860018056707
R4_F2,1,797,0,0.087512818217948
R4_F2,2,8,1,0.7917656659382594
R4_F2,2,12,1,0.5203070904425614
R4_F2,2,26,0,0.13863340845305053
R4_F2,2,38,0,0.5879408550491987
R4_F2,2,39,0,0.22366338248602227
R4_F2,2,42,0,0.2385928505844074
R4_F2,2,44,0,0.22581654793069542
R4_F2,2,45,0,0.3147258564352812
R4_F2,2,48,1,0.1829362304481934
R4_F2,2,55,1,0.8995222408362274
R4_F2,2,59,1,0.45333130796431487
R4_F2,2,63,0,0.6515741140727415
R4_F2,2,65,1,0.7802519083679768
R4_F2,2,69,0,0.32610922012977656
R4_F2,2,73,0,0.043601235123347265
R4_F2,2,77,0,0.0583808005942944
R4_F2,2,80,0,0.275895911399368
R4_F2,2,82,0,0.3377583884346376
R4_F2,2,83,0,0.04800799733034042
R4_F2,2,90,0,0.4742413821336931
R4_F2,2,103,0,0.6025362964535061
R4_F2,2,110,0,0.7914312275541017
R4_F2,2,112,1,0.5205179538271025
R4_F2,2,117,0,0.012586717842356786
R4_F2,2,124,0,0.05786487041745473
R4_F2,2,135,0,0.5254006896485747
R4_F2,2,144,1,0.4632641429374753
R4_F2,2,162,0,0.018139349487430036
R4_F2,2,166,0,0.04334897738449681
R4_F2,2,170,0,0.7925945275461544
R4_F2,2,171,0,0.1117549285354749
R4_F2,2,174,0,0.35146101428548465
R4_F2,2,180,1,0.5421399002732047
R4_F2,2,183,0,0.02098932245175883
R4_F2,2,192,0,0.2523868988080055
R4_F2,2,200,0,0.4750193302927977
R4_F2,2,205,0,0.6921887169839974
R4_F2,2,206,0,0.5494532355113295
R4_F2,2,207,0,0.2525793796908359
R4_F2,2,212,0,0.07777563477086707
R4_F2,2,219,0,0.22271575855143233
R4_F2,2,220,0,0.05872940621033601
R4_F2,2,227,1,0.5293976380453073
R4_F2,2,231,0,0.13436221837660606
R4_F2,2,242,0,0.26495875707464156
R4_F2,2,249,1,0.7668276886210075
R4_F2,2,255,0,0.10741856644016574
R4_F2,2,260,1,0.8890990126803695
R4_F2,2,263,0,0.2722691984886115
R4_F2,2,264,1,0.6304043694921866
R4_F2,2,277,0,0.020506958993802064
R4_F2,2,292,0,0.6011442056247797
R4_F2,2,300,0,0.45062585927215304
R4_F2,2,302,0,0.4633947334531194
R4_F2,2,303,0,0.15191743917973605
R4_F2,2,305,0,0.42216947340493255
R4_F2,2,312,0,0.6199970166158778
R4_F2,2,317,1,0.5409091694062597
R4_F2,2,321,0,0.013744753727029069
R4_F2,2,325,0,0.7322386322602633
R4_F2,2,326,0,0.03571858158603118
R4_F2,2,327,1,0.09979843955294955
R4_F2,2,329,1,0.7615348494104989
R4_F2,2,333,0,0.4262567261046965
R4_F2,2,345,1,0.1701233897391705
R4_F2,2,346,0,0.16642155794811944
R4_F2,2,347,0,0.6119915540165464
R4_F2,2,350,1,0.7088108490158104
R4_F2,2,352,0,0.11013090189373387
R4_F2,2,354,0,0.10611806657592245
R4_F2,2,359,0,0.36435717329685163
R4_F2,2,360,1,0.2910214826274795
R4_F2,2,362,0,0.13130344018368414
R4_F2,2,365,0,0.268710735896525
R4_F2,2,366,0,0.19869971402865905
R4_F2,2,375,0,0.14566387188133265
R4_F2,2,379,0,0.04799544607605494
R4_F2,2,381,1,0.2924240132262079
R4_F2,2,384,0,0.19397386992107768
R4_F2,2,387,0,0.04356104185497164
R4_F2,2,394,0,0.1875764646857375
R4_F2,2,404,0,0.19607275609699562
R4_F2,2,408,1,0.8897729921774115
R4_F2,2,409,0,0.1336500013361208
R4_F2,2,411,0,0.28266040408622845
R4_F2,2,413,0,0.02209715290131971
R4_F2,2,415,0,0.7538279698330402
R4_F2,2,423,1,0.3762825089642435
R4_F2,2,425,0,0.06388735890278961
R4_F2,2,429,0,0.0644124485010067
R4_F2,2,441,1,0.7331567702184071
R4_F2,2,446,0,0.33560157235537313
R4_F2,2,454,0,0.15138864848725042
R4_F2,2,461,0,0.1991249627285667
R4_F2,2,472,1,0.4319636707387809
R4_F2,2,481,1,0.21728355835410182
R4_F2,2,486,0,0.5205649794295338
R4_F2,2,488,0,0.17973180479558057
R4_F2,2,489,1,0.3176275826911759
R4_F2,2,505,1,0.1454208821886072
R4_F2,2,506,0,0.060423965143524626
R4_F2,2,513,0,0.8989443627007127
R4_F2,2,514,1,0.3042554833925978
R4_F2,2,519,0,0.2307381657087906
R4_F2,2,523,0,0.34555157636875206
R4_F2,2,528,1,0.5927536783366976
R4_F2,2,535,0,0.35822144994681476
R4_F2,2,536,0,0.09306500162043363
R4_F2,2,553,1,0.49851070102522094
R4_F2,2,563,0,0.05637457592129506
R4_F2,2,570,0,0.42183002347632037
R4_F2,2,576,0,0.21335445652923676
R4_F2,2,577,1,0.7352866275961379
R4_F2,2,584,0,0.5834861497610723
R4_F2,2,585,0,0.04154700833090804
R4_F2,2,587,0,0.42308782729266925
R4_F2,2,597,1,0.8066803885855558
R4_F2,2,602,0,0.05413906807417468
R4_F2,2,604,0,0.4794457802713093
R4_F2,2,605,1,0.2500246433774309
R4_F2,2,606,0,0.2098567162394375
R4_F2,2,613,0,0.16312391947057744
R4_F2,2,616,0,0.5590148104540953
R4_F2,2,631,0,0.030980925351907756
R4_F2,2,633,0,0.22496931848274415
R4_F2,2,644,1,0.46093074117613075
R4_F2,2,646,1,0.8351153909973638
R4_F2,2,648,0,0.08227743879784778
R4_F2,2,649,0,0.06298545861244566
R4_F2,2,652,0,0.15478206248409385
R4_F2,2,655,0,0.3047532043540576
R4_F2,2,657,0,0.6866611123142677
R4_F2,2,658,1,0.6750334129470009
R4_F2,2,683,0,0.2293411691035042
R4_F2,2,690,0,0.11703572189809473
R4_F2,2,692,0,0.3200869149259074
R4_F2,2,697,0,0.2462270254158915
R4_F2,2,698,0,0.032547683217792674
R4_F2,2,705,0,0.0372551662267701
R4_F2,2,713,0,0.36043359701457317
R4_F2,2,714,0,0.5008946773284557
R4_F2,2,718,0,0.8213557155730141
R4_F2,2,725,0,0.15851442889978723
R4_F2,2,726,0,0.5549081362064795
R4_F2,2,727,0,0.27000435920061994
R4_F2,2,736,1,0.5894689436386747
R4_F2,2,741,0,0.5493111635328605
R4_F2,2,743,1,0.8407761851052449
R4_F2,2,749,1,0.6437141095323821
R4_F2,2,757,0,0.8171392603634674
R4_F2,2,764,0,0.2733969986150809
R4_F2,2,772,0,0.43037381286380993
R4_F2,2,778,1,0.8771940015753533
R4_F2,2,780,0,0.08633432822997379
R4_F2,2,782,1,0.19160511590549537
R4_F2,2,785,1,0.5979128164278805
R4_F2,2,787,1,0.34935473941041667
R4_F2,2,789,0,0.4495375844870084
R4_F2,2,791,0,0.07297057000247183
R4_F2,2,794,0,0.04861764164210869
R4_F2,3,1,0,0.0810622126195154
R4_F2,3,4,0,0.406047956982587
R4_F2,3,15,0,0.61256684039923
R4_F2,3,19,0,0.25895163176170277
R4_F2,3,22,0,0.017865563741332174
R4_F2,3,23,0,0.2897896651160284
R4_F2,3,33,0,0.6636863613322683
R4_F2,3,34,1,0.530776266649881
R4_F2,3,37,0,0.4892655674499085
R4_F2,3,50,0,0.5579740519493337
R4_F2,3,52,0,0.3274909027706972
R4_F2,3,57,0,0.1500924456379067
R4_F2,3,67,0,0.565344228843284
R4_F2,3,70,0,0.5684167629944953
R4_F2,3,74,0,0.20978780378736137
R4_F2,3,75,0,0.21344830746735954
R4_F2,3,79,0,0.2074746567838297
R4_F2,3,89,0,0.5533586231350646
R4_F2,3,96,0,0.5077635755497383
R4_F2,3,97,0,0.5950558714826116
R4_F2,3,107,0,0.11639672434912202
R4_F2,3,111,0,0.7277438567814648
R4_F2,3,113,0,0.4963012045187149
R4_F2,3,114,0,0.35264532724499514
R4_F2,3,130,0,0.1750485251349592
R4_F2,3,131,1,0.474063254288861
R4_F2,3,147,1,0.5535761626913422
R4_F2,3,160,0,0.30677498702079137
R4_F2,3,165,1,0.5022968968984086
R4_F2,3,167,0,0.06443361476341049
R4_F2,3,181,0,0.12903774926601022
R4_F2,3,182,0,0.3244913524585853
R4_F2,3,191,0,0.06756924016652713
R4_F2,3,195,0,0.5163858649925813
R4_F2,3,210,0,0.07660690112719053
R4_F2,3,216,1,0.8045017482351913
R4_F2,3,217,0,0.11774971022275621
R4_F2,3,223,0,0.6659158552221514
R4_F2,3,233,0,0.12030850890875887
R4_F2,3,234,1,0.4080156697457284
R4_F2,3,239,1,0.34403350448794595
R4_F2,3,251,0,0.22886519060554386
R4_F2,3,257,0,0.3670000850296062
R4_F2,3,258,0,0.2802926618587751
R4_F2,3,265,0,0.6632009698086258
R4_F2,3,269,0,0.41015870072446187
R4_F2,3,275,1,0.24737222705383843
R4_F2,3,276,0,0.17804627836199483
R4_F2,3,281,0,0.0246914991718391
R4_F2,3,285,0,0.6928045283119705
R4_F2,3,289,0,0.026832787261472615
R4_F2,3,299,0,0.1295207838970215
R4_F2,3,304,0,0.10245821255649289
R4_F2,3,307,0,0.28629539728614023
R4_F2,3,311,0,0.11950958487860806
R4_F2,3,316,0,0.3910431581133606
R4_F2,3,318,0,0.4731188293540114
R4_F2,3,319,0,0.44667838268151056
R4_F2,3,320,1,0.32250900307386193
R4_F2,3,330,0,0.05751800797196452
R4_F2,3,338,0,0.17518854656566382
R4_F2,3,339,0,0.3047505241883554
R4_F2,3,340,0,0.11425814546629931
R4_F2,3,343,1,0.7352211169152767
R4_F2,3,348,0,0.5338862686920125
R4_F2,3,355,0,0.24257441174752428
R4_F2,3,357,1,0.42600344044270977
R4_F2,3,367,0,0.3538658989755687
R4_F2,3,369,0,0.2796208061468804
R4_F2,3,378,0,0.4108033595833482
R4_F2,3,382,0,0.4297643519567116
R4_F2,3,386,1,0.7670692263372398
R4_F2,3,390,1,0.26115924421991804
R4_F2,3,392,1,0.8098644109720619
R4_F2,3,396,1,0.824907037369765
R4_F2,3,398,0,0.08557455675574671
R4_F2,3,399,1,0.634970160644044
R4_F2,3,400,0,0.12580736146265295
R4_F2,3,406,0,0.08518258879419771
R4_F2,3,407,1,0.48018239748935626
R4_F2,3,421,0,0.22716793019856643
R4_F2,3,427,0,0.26920950118395565
R4_F2,3,428,0,0.47655032307059214
R4_F2,3,430,0,0.07317991126154665
R4_F2,3,432,1,0.2532841789950889
R4_F2,3,452,0,0.5028838235535712
R4_F2,3,460,0,0.18756266515924916
R4_F2,3,464,0,0.18864550988967718
R4_F2,3,465,1,0.7410232473786776
R4_F2,3,468,1,0.5011306964949281
R4_F2,3,470,0,0.15805476515918218
R4_F2,3,483,0,0.3285620256970134
R4_F2,3,490,1,0.40958866889396167
R4_F2,3,498,0,0.33229577248696346
R4_F2,3,501,0,0.10227308776562487
R4_F2,3,510,1,0.10951892104788664
R4_F2,3,520,0,0.5519618119318473
R4_F2,3,521,0,0.4866206373266502
R4_F2,3,526,0,0.3455080548152593
R4_F2,3,532,0,0.3741220732431418
R4_F2,3,541,0,0.16498985156795185
R4_F2,3,546,0,0.2960298913576628
R4_F2,3,548,0,0.4331197360065527
R4_F2,3,551,0,0.1308802361987015
R4_F2,3,556,0,0.6224094156930803
R4_F2,3,558,1,0.5177363317298599
R4_F2,3,561,0,0.029385900370223098
R4_F2,3,565,0,0.32856269517815606
R4_F2,3,572,0,0.14921834361169706
R4_F2,3,574,1,0.7706900280988673
R4_F2,3,579,0,0.04695645044240863
R4_F2,3,580,0,0.06401922306104882
R4_F2,3,581,0,0.703945960244473
R4_F2,3,591,0,0.039827660273469144
R4_F2,3,594,1,0.6538443077239173
R4_F2,3,595,0,0.27135668421992376
R4_F2,3,603,1,0.5993926293922895
R4_F2,3,609,0,0.03966239725076642
R4_F2,3,610,0,0.2311040945650351
R4_F2,3,614,0,0.5196135044004709
R4_F2,3,615,0,0.22888929154112322
R4_F2,3,621,0,0.5520766041169345
R4_F2,3,623,0,0.17839475420585427
R4_F2,3,624,0,0.15013132409180477
R4_F2,3,625,0,0.06669330509367469
R4_F2,3,627,1,0.8552860549712923
R4_F2,3,629,1,0.3062947349185885
R4_F2,3,635,1,0.1517916441983779
R4_F2,3,638,0,0.027534977576692737
R4_F2,3,641,0,0.7533344505395357
R4_F2,3,642,0,0.25134086491416213
R4_F2,3,656,0,0.2396126890157806
R4_F2,3,663,1,0.867496953744931
R4_F2,3,671,1,0.5611130561659994
R4_F2,3,678,0,0.4050845159163798
R4_F2,3,681,1,0.8531589987585377
R4_F2,3,696,0,0.6086475684246848
R4_F2,3,702,0,0.8306967891340403
R4_F2,3,703,0,0.23621463889160974
R4_F2,3,704,1,0.7284501608961729
R4_F2,3,715,0,0.5220185474813869
R4_F2,3,716,0,0.05688871199092172
R4_F2,3,719,0,0.005970809504259211
R4_F2,3,723,0,0.14643122104104325
R4_F2,3,728,0,0.3812694020825526
R4_F2,3,730,0,0.21269130114046364
R4_F2,3,732,1,0.5912348111084827
R4_F2,3,739,0,0.27890102096285285
R4_F2,3,740,1,0.5182559803453457
R4_F2,3,744,0,0.5749415328359871
R4_F2,3,755,0,0.12984631419696227
R4_F2,3,758,0,0.243661353541091
R4_F2,3,760,1,0.41847884867645324
R4_F2,3,762,1,0.5549282603053353
R4_F2,3,763,0,0.4674421454405105
R4_F2,3,765,1,0.844331987747414
R4_F2,3,779,0,0.19479988022424843
R4_F2,3,783,1,0.7670449515292312
R4_F2,3,790,0,0.721593697803023
R4_F2,3,798,0,0.5370357955892198
R4_F2,4,3,1,0.8079004014478306
R4_F2,4,5,0,0.04705153478895402
R4_F2,4,7,0,0.01016879959674318
R4_F2,4,9,1,0.7537915185458637
R4_F2,4,10,1,0.8407549489367915
R4_F2,4,11,0,0.4960706781191817
R4_F2,4,13,0,0.7946042994786033
R4_F2,4,14,1,0.590927733790639
R4_F2,4,17,0,0.08217178140850682
R4_F2,4,20,0,0.08037783204172604
R4_F2,4,28,0,0.2755359173416598
R4_F2,4,36,0,0.416590618815815
R4_F2,4,40,1,0.6308003466816011
R4_F2,4,47,0,0.04950030024457595
R4_F2,4,56,0,0.22963819810738104
R4_F2,4,60,0,0.40519645529507153
R4_F2,4,64,1,0.6480125487039098
R4_F2,4,84,1,0.6966866425712098
R4_F2,4,92,1,0.7696462504375904
R4_F2,4,99,0,0.24241676569193862
R4_F2,4,105,0,0.11539271068695732
R4_F2,4,106,1,0.09299440301820976
R4_F2,4,118,0,0.32595022491242154
R4_F2,4,120,1,0.5817828434901042
R4_F2,4,123,0,0.022599772247689928
R4_F2,4,127,0,0.3091486479836256
R4_F2,4,132,0,0.0409091255825045
R4_F2,4,134,1,0.20190730855362923
R4_F2,4,137,0,0.07992055221583776
R4_F2,4,139,1,0.5022682144203937
R4_F2,4,141,1,0.6214808593634868
R4_F2,4,142,0,0.028286439445490755
R4_F2,4,149,0,0.05593321541662036
R4_F2,4,150,1,0.5181508555028986
R4_F2,4,151,1,0.3438667888970859
R4_F2,4,155,0,0.8035134573519725
R4_F2,4,158,0,0.7309511076021561
R4_F2,4,161,0,0.672221197630465
R4_F2,4,169,0,0.7689206591827702
R4_F2,4,175,0,0.10835939867357203
R4_F2,4,176,0,0.6365710634014179
R4_F2,4,178,1,0.12250587259261504
R4_F2,4,184,1,0.6705934868661626
R4_F2,4,185,1,0.7062061811878495
R4_F2,4,186,1,0.3224106060154866
R4_F2,4,189,1,0.7682548572427151
R4_F2,4,194,0,0.03718639598813817
R4_F2,4,196,1,0.23078066300957747
R4_F2,4,202,1,0.5498158527968559
R4_F2,4,203,0,0.06308067984029221
R4_F2,4,204,0,0.041323603406275174
R4_F2,4,211,1,0.3629882313555117
R4_F2,4,218,0,0.2074922359496316
R4_F2,4,238,1,0.680277584105303
R4_F2,4,252,0,0.21552929311901559
R4_F2,4,272,0,0.24533299518467347
R4_F2,4,273,0,0.43482300640064336
R4_F2,4,286,0,0.15762289382885486
R4_F2,4,290,0,0.6443814727678757
R4_F2,4,294,0,0.09589872638431318
R4_F2,4,296,0,0.6365134285912131
R4_F2,4,301,1,0.7308684697620885
R4_F2,4,314,0,0.02515268105877494
R4_F2,4,322,0,0.3074719495135249
R4_F2,4,331,1,0.574362397338044
R4_F2,4,334,1,0.6197860067932084
R4_F2,4,335,0,0.10104476362937591
R4_F2,4,342,1,0.3713790162674855
R4_F2,4,344,0,0.3000902430811928
R4_F2,4,353,0,0.2493328076107715
R4_F2,4,368,1,0.8167005433556284
R4_F2,4,377,0,0.789226649023624
R4_F2,4,380,0,0.10529215591083986
R4_F2,4,385,0,0.09873816581361156
R4_F2,4,393,0,0.6834880915837039
R4_F2,4,395,1,0.5849893611373104
R4_F2,4,410,0,0.26931485702380126
R4_F2,4,412,0,0.3195274102111125
R4_F2,4,431,0,0.1329300602176673
R4_F2,4,433,0,0.41603025521825704
R4_F2,4,435,1,0.5108225930628066
R4_F2,4,438,1,0.39097712084045916
R4_F2,4,445,1,0.39064617789527123
R4_F2,4,447,1,0.7919981013712971
R4_F2,4,451,0,0.5208237189147223
R4_F2,4,455,1,0.767985098175665
R4_F2,4,463,0,0.10447539566653795
R4_F2,4,469,1,0.34881255945466977
R4_F2,4,473,1,0.7329936146396013
R4_F2,4,477,1,0.4003047487287976
R4_F2,4,478,0,0.1632944369393241
R4_F2,4,479,0,0.17130817447555569
R4_F2,4,485,0,0.6262754999218927
R4_F2,4,491,0,0.6950125029474833
R4_F2,4,494,0,0.25317056599280413
R4_F2,4,497,0,0.41800652852807096
R4_F2,4,500,0,0.3328484907352687
R4_F2,4,502,0,0.5954582342379173
R4_F2,4,503,1,0.6782787712307986
R4_F2,4,504,1,0.8115626172923257
R4_F2,4,511,1,0.6950542484799792
R4_F2,4,515,1,0.5853105566796984
R4_F2,4,517,0,0.7433616759101871
R4_F2,4,525,0,0.6221848483924687
R4_F2,4,529,0,0.23129868714855828
R4_F2,4,530,0,0.1346341170628115
R4_F2,4,533,0,0.1294202384296901
R4_F2,4,540,0,0.3898264501016711
R4_F2,4,542,0,0.4079418249340019
R4_F2,4,545,0,0.2681252583376599
R4_F2,4,552,0,0.1867838889031362
R4_F2,4,562,1,0.867740019253984
R4_F2,4,567,0,0.48820232103340294
R4_F2,4,575,1,0.8644184857221946
R4_F2,4,582,1,0.7747088604935565
R4_F2,4,589,0,0.781491328223252
R4_F2,4,590,1,0.532853011812152
R4_F2,4,593,0,0.19061077264348233
R4_F2,4,607,0,0.23169535743664782
R4_F2,4,608,1,0.5080105186887245
R4_F2,4,612,0,0.338643685464838
R4_F2,4,626,0,0.0513078339050402
R4_F2,4,637,0,0.4377569939521011
R4_F2,4,639,0,0.0938573781784861
R4_F2,4,640,0,0.016409177995276043
R4_F2,4,645,1,0.6127014745361768
R4_F2,4,647,0,0.781061282257688
R4_F2,4,650,0,0.8366846068359077
R4_F2,4,653,0,0.4458646618474204
R4_F2,4,654,1,0.4633450866719366
R4_F2,4,659,1,0.42520679096812986
R4_F2,4,665,0,0.24429589236221425
R4_F2,4,668,0,0.09533877559042757
R4_F2,4,670,0,0.0833237601853071
R4_F2,4,672,0,0.1789208722082435
R4_F2,4,679,1,0.3138986736973584
R4_F2,4,685,0,0.18835156060712466
R4_F2,4,686,1,0.7079052863971054
R4_F2,4,689,1,0.6871543229064409
R4_F2,4,699,0,0.14148227410124184
R4_F2,4,700,0,0.37471452676076183
R4_F2,4,708,0,0.34547070071161484
R4_F2,4,709,1,0.26995143948727823
R4_F2,4,711,1,0.9199539452042277
R4_F2,4,717,0,0.07760642022728738
R4_F2,4,733,0,0.283399661116962
R4_F2,4,734,0,0.04484111120959775
R4_F2,4,737,1,0.588048654197913
R4_F2,4,742,1,0.5869828040320517
R4_F2,4,746,0,0.7285765288474702
R4_F2,4,748,0,0.1421513365389423
R4_F2,4,751,0,0.5159738846425497
R4_F2,4,752,1,0.8503582890881601
R4_F2,4,753,0,0.08790594595766033
R4_F2,4,761,1,0.29039494785973075
R4_F2,4,768,0,0.5908036508067531
R4_F2,4,773,0,0.15417168212623125
R4_F2,4,786,0,0.42618905439803173
R4_F2,4,788,0,0.07118646381701021
R4_F2,4,799,0,0.3948651947984923
R4_F2,5,2,0,0.5456064659451376
R4_F2,5,6,0,0.6095343912133212
R4_F2,5,16,1,0.8064403971155878
R4_F2,5,21,0,0.09870970485637565
R4_F2,5,25,0,0.195384730459729
R4_F2,5,29,0,0.6236559448632758
R4_F2,5,30,0,0.48587217514389963
R4_F2,5,31,0,0.4791245273317166
R4_F2,5,32,1,0.6009354342211916
R4_F2,5,41,0,0.14394316758458456
R4_F2,5,46,0,0.18142738082901455
R4_F2,5,58,0,0.21363215072073446
R4_F2,5,62,0,0.6007819277615636
R4_F2,5,66,0,0.31041055177454285
R4_F2,5,81,0,0.09615889185111941
R4_F2,5,87,0,0.4161027335754643
R4_F2,5,91,1,0.2491591026857
R4_F2,5,93,0,0.08863035259672059
R4_F2,5,95,1,0.36854585806855183
R4_F2,5,98,1,0.4888455814464106
R4_F2,5,100,1,0.3223580131625942
R4_F2,5,101,0,0.41015579968063154
R4_F2,5,104,0,0.014669010227185482
R4_F2,5,116,0,0.3414590578343881
R4_F2,5,119,0,0.6134071180645299
R4_F2,5,122,0,0.42347989705999733
R4_F2,5,126,1,0.7869908433250382
R4_F2,5,128,1,0.378605465421659
R4_F2,5,129,1,0.8336306270684027
R4_F2,5,133,1,0.594165412746728
R4_F2,5,136,0,0.1301315702264726
R4_F2,5,138,0,0.3945131435700328
R4_F2,5,140,1,0.6012738052128414
R4_F2,5,143,1,0.6440878981105331
R4_F2,5,148,1,0.5788849691347568
R4_F2,5,152,0,0.021820884329339745
R4_F2,5,157,0,0.07774178484034792
R4_F2,5,159,0,0.04196803326712769
R4_F2,5,168,0,0.734958793891646
R4_F2,5,177,1,0.7278865642989106
R4_F2,5,190,1,0.7736238804952441
R4_F2,5,193,0,0.21204967951019546
R4_F2,5,197,0,0.07213139450966007
R4_F2,5,201,0,0.08428528820811482
R4_F2,5,208,0,0.022414539121970962
R4_F2,5,214,0,0.8125431800059713
R4_F2,5,221,0,0.5570524005852763
R4_F2,5,222,0,0.01990621587324481
R4_F2,5,225,0,0.14490215128170159
R4_F2,5,226,1,0.7934673308203578
R4_F2,5,228,0,0.44016468430898814
R4_F2,5,230,0,0.19206639059844752
R4_F2,5,232,0,0.04379644073781497
R4_F2,5,236,1,0.2948548426750567
R4_F2,5,237,0,0.037169173490155416
R4_F2,5,241,0,0.7140191610674114
R4_F2,5,247,0,0.23190384701416866
R4_F2,5,248,1,0.7869984847113388
R4_F2,5,250,0,0.3102548608818804
R4_F2,5,253,0,0.07615283420873875
R4_F2,5,254,0,0.04384081713946834
R4_F2,5,256,0,0.6506871258598718
R4_F2,5,259,1,0.08223691327162258
R4_F2,5,261,1,0.1903423233069288
R4_F2,5,266,0,0.5579825608894532
R4_F2,5,270,0,0.2073959299784894
R4_F2,5,280,1,0.7613537255262911
R4_F2,5,283,0,0.14606744339154046
R4_F2,5,287,0,0.08709343894571349
R4_F2,5,293,0,0.3110215551096694
R4_F2,5,295,0,0.056584999648360966
R4_F2,5,310,0,0.6861340204420011
R4_F2,5,315,0,0.21414921522493913
R4_F2,5,332,0,0.6623820730586782
R4_F2,5,336,0,0.14700806843815348
R4_F2,5,341,0,0.1435498628658292
R4_F2,5,349,1,0.33908013117411945
R4_F2,5,356,0,0.12411013909637154
R4_F2,5,358,0,0.196291984641465
R4_F2,5,361,0,0.38266237468110215
R4_F2,5,363,0,0.26065419005799423
R4_F2,5,372,1,0.5715740565138113
R4_F2,5,373,0,0.11504838822776788
R4_F2,5,374,1,0.3632017025872884
R4_F2,5,383,0,0.06842099190230065
R4_F2,5,391,0,0.06167168731097472
R4_F2,5,401,0,0.18695375993981797
R4_F2,5,403,0,0.20091097265429103
R4_F2,5,405,1,0.16033293218621597
R4_F2,5,416,1,0.3625282080488094
R4_F2,5,417,0,0.14329349360451307
R4_F2,5,418,0,0.11428941349700496
R4_F2,5,422,1,0.2812040602640059
R4_F2,5,434,0,0.5887153373854607
R4_F2,5,436,1,0.47839409488722134
R4_F2,5,442,0,0.27785875174201996
R4_F2,5,444,0,0.5128305384674303
R4_F2,5,448,1,0.8139493747294505
R4_F2,5,449,0,0.07365868670774146
R4_F2,5,453,0,0.22805469030936995
R4_F2,5,456,1,0.3783329988507373
R4_F2,5,457,0,0.39061795162622953
R4_F2,5,458,0,0.17266526370473145
R4_F2,5,467,1,0.4151231416144589
R4_F2,5,475,0,0.5444467109298914
R4_F2,5,480,1,0.6902142943282463
R4_F2,5,487,0,0.264419895746658
R4_F2,5,492,1,0.7287751705094107
R4_F2,5,495,1,0.6370552834536616
R4_F2,5,496,0,0.044398252067002854
R4_F2,5,499,1,0.7756629665708316
R4_F2,5,508,1,0.368760385788534
R4_F2,5,516,1,0.478048362948764
R4_F2,5,538,0,0.8194964430145623
R4_F2,5,539,0,0.10260144919413133
R4_F2,5,554,0,0.571565102107039
R4_F2,5,557,0,0.16747831536092225
R4_F2,5,559,1,0.5117923480922447
R4_F2,5,564,0,0.019401906017148036
R4_F2,5,566,0,0.1944401265019211
R4_F2,5,568,1,0.6326926712657889
R4_F2,5,569,1,0.31498180856282915
R4_F2,5,571,1,0.3175925542178864
R4_F2,5,573,0,0.046116659463580505
R4_F2,5,578,0,0.14718761958189794
R4_F2,5,583,0,0.7460041460727075
R4_F2,5,588,0,0.35878358628541146
R4_F2,5,596,1,0.08224668699733025
R4_F2,5,598,0,0.06824587915036723
R4_F2,5,600,0,0.2168701129586351
R4_F2,5,601,1,0.3257668216734672
R4_F2,5,618,0,0.373352203031776
R4_F2,5,619,1,0.21105207824526004
R4_F2,5,620,0,0.02795761056721202
R4_F2,5,622,1,0.675837948549178
R4_F2,5,634,0,0.10423902939870677
R4_F2,5,636,0,0.07352819432964762
R4_F2,5,651,1,0.7606512752599105
R4_F2,5,660,1,0.6295615249789885
R4_F2,5,661,0,0.6830926569809144
R4_F2,5,662,0,0.19025219468283502
R4_F2,5,666,1,0.31554700223006216
R4_F2,5,669,0,0.19462342759506404
R4_F2,5,677,0,0.3732669090613558
R4_F2,5,691,1,0.15195384606692106
R4_F2,5,693,0,0.7489508173354006
R4_F2,5,707,0,0.12617836517265202
R4_F2,5,710,0,0.2196495471887566
R4_F2,5,720,1,0.589893738957169
R4_F2,5,721,1,0.4500938335144397
R4_F2,5,722,0,0.06617508748258823
R4_F2,5,731,0,0.459064749337078
R4_F2,5,756,0,0.3240360975160595
R4_F2,5,766,0,0.4504502506158881
R4_F2,5,769,0,0.17860525298267504
R4_F2,5,771,0,0.2812261545161099
R4_F2,5,784,1,0.2851510302476735
R4_F2,5,792,0,0.6065766871347479
R4_F2,5,793,0,0.33538718611876145
R4_F2,5,795,0,0.789549865545761
R4_F3,1,1,0,0.0594057864166779
R4_F3,1,19,0,0.1499178795038992
R4_F3,1,22,1,0.8230147433856275
R4_F3,1,30,0,0.39372321703830965
R4_F3,1,32,0,0.521718465878941
R4_F3,1,37,0,0.1556997880938559
R4_F3,1,41,1,0.6242127022536375
R4_F3,1,49,1,0.8583940145256802
R4_F3,1,57,0,0.6465144275367535
R4_F3,1,66,0,0.095758804361118
R4_F3,1,74,0,0.5538473226130575
R4_F3,1,75,0,0.34017601688273164
R4_F3,1,76,0,0.08376065855215516
R4_F3,1,81,0,0.08085594583848991
R4_F3,1,95,1,0.6260345769136392
R4_F3,1,105,0,0.2941592886409638
R4_F3,1,108,0,0.02897602105198323
R4_F3,1,110,1,0.23394925897890018
R4_F3,1,112,0,0.08530412616343003
R4_F3,1,115,0,0.44514801093818
R4_F3,1,124,0,0.04903878637897594
R4_F3,1,128,0,0.2252636907639348
R4_F3,1,130,1,0.8258595165436109
R4_F3,1,139,0,0.5438714667861488
R4_F3,1,141,1,0.711345476746164
R4_F3,1,146,1,0.413151329193735
R4_F3,1,147,0,0.4711143800439082
R4_F3,1,148,1,0.5222265105067992
R4_F3,1,152,1,0.4224709561215063
R4_F3,1,156,0,0.058809024553664414
R4_F3,1,169,1,0.6000391598878091
R4_F3,1,175,0,0.797616493560971
R4_F3,1,179,0,0.0626449643942109
R4_F3,1,181,1,0.6853576636265339
R4_F3,1,182,0,0.7933692571590814
R4_F3,1,186,0,0.011625754338626601
R4_F3,1,188,0,0.07519300655328892
R4_F3,1,189,0,0.578319046081886
R4_F3,1,200,0,0.22925224439315284
R4_F3,1,203,0,0.31549058583989625
R4_F3,1,207,0,0.3534345109886062
R4_F3,1,209,0,0.6384210435999959
R4_F3,1,210,0,0.03170966663553404
R4_F3,1,211,0,0.37996556582441915
R4_F3,1,221,0,0.20434325605411688
R4_F3,1,229,1,0.690787078357995
R4_F3,1,230,0,0.07402362341121836
R4_F3,1,242,0,0.26701551619124225
R4_F3,1,262,1,0.5184950213321228
R4_F3,1,265,0,0.7931970292174085
R4_F3,1,268,0,0.5067070005535627
R4_F3,1,270,0,0.32667069360709505
R4_F3,1,272,0,0.2050547749246532
R4_F3,1,276,1,0.7432404093417508
R4_F3,1,278,1,0.22621128042992464
R4_F3,1,288,1,0.7272232068209644
R4_F3,1,289,0,0.5288374741651437
R4_F3,1,299,0,0.1814816584962974
R4_F3,1,305,0,0.1669985907971998
R4_F3,1,307,0,0.6228537908507387
R4_F3,1,309,0,0.2151022643981749
R4_F3,1,312,0,0.5378684419118244
R4_F3,1,317,1,0.477953552139593
R4_F3,1,318,0,0.006763434063421374
R4_F3,1,319,0,0.2763926200065796
R4_F3,1,322,1,0.12025273081468857
R4_F3,1,324,1,0.44498060308066084
R4_F3,1,328,0,0.2261596203459103
R4_F3,1,354,0,0.07299127051377206
R4_F3,1,366,0,0.408765725915315
R4_F3,1,367,0,0.7177098147280946
R4_F3,1,370,1,0.654346811189215
R4_F3,1,373,0,0.0499357485215993
R4_F3,1,374,1,0.610312125793801
R4_F3,1,379,1,0.7821419284732434
R4_F3,1,382,0,0.259882967583047
R4_F3,1,392,0,0.2764551672735773
R4_F3,1,398,1,0.7559980928306276
R4_F3,1,402,0,0.6403435338848728
R4_F3,1,410,0,0.23291271029347513
R4_F3,1,413,0,0.36086076570216785
R4_F3,1,420,0,0.5810828169407128
R4_F3,1,426,0,0.30697184373042746
R4_F3,1,430,0,0.20516006030073516
R4_F3,1,431,1,0.3792319432843512
R4_F3,1,454,1,0.8345370762153935
R4_F3,1,465,1,0.7612607051111709
R4_F3,1,471,1,0.20151453471568004
R4_F3,1,475,1,0.36102770226665554
R4_F3,1,482,1,0.8192460065633415
R4_F3,1,483,1,0.3339407626159048
R4_F3,1,490,1,0.25978203678801315
R4_F3,1,491,0,0.6586702417431967
R4_F3,1,497,1,0.3878227091961615
R4_F3,1,506,1,0.6617228313578774
R4_F3,1,515,0,0.31986357095702966
R4_F3,1,517,0,0.7821051580091188
R4_F3,1,519,1,0.6918520284618502
R4_F3,1,522,0,0.015378173745698547
R4_F3,1,527,0,0.19582348564392738
R4_F3,1,528,0,0.6570858647423445
R4_F3,1,534,1,0.8068136462223503
R4_F3,1,539,0,0.2353540238397763
R4_F3,1,546,0,0.6548521115192267
R4_F3,1,547,0,0.1487425342505163
R4_F3,1,554,1,0.5865518993060532
R4_F3,1,556,0,0.5978739710652364
R4_F3,1,564,1,0.7093176954568565
R4_F3,1,567,1,0.8401603495383418
R4_F3,1,573,0,0.18349739784845218
R4_F3,1,575,0,0.17169447804420349
R4_F3,1,577,1,0.7489803100573647
R4_F3,1,581,0,0.07420905985473696
R4_F3,1,594,0,0.6099346816773451
R4_F3,1,595,0,0.24045683044407018
R4_F3,1,598,0,0.14940885198659623
R4_F3,1,605,0,0.07485086171739487
R4_F3,1,607,0,0.01533640539461392
R4_F3,1,614,0,0.6482191411781407
R4_F3,1,620,1,0.8442149678303825
R4_F3,1,622,0,0.025494901709625418
R4_F3,1,630,1,0.1545608085047093
R4_F3,1,634,0,0.18583188171456722
R4_F3,1,637,0,0.6766425130721885
R4_F3,1,638,1,0.7574955419283795
R4_F3,1,643,0,0.3304495307489319
R4_F3,1,644,0,0.232797025527519
R4_F3,1,645,1,0.487306779093575
R4_F3,1,648,0,0.08283396277673083
R4_F3,1,652,0,0.24686332907044903
R4_F3,1,662,1,0.7308384120880703
R4_F3,1,667,1,0.5394853879747962
R4_F3,1,670,0,0.24140799025536142
R4_F3,1,671,0,0.15340665130438735
R4_F3,1,676,0,0.05087433361365229
R4_F3,1,678,0,0.2880801779481115
R4_F3,1,679,0,0.22725378559502396
R4_F3,1,684,0,0.040653061905640726
R4_F3,1,694,0,0.23911072088937405
R4_F3,1,697,0,0.2998077322750294
R4_F3,1,702,0,0.07462007821953932
R4_F3,1,703,0,0.17211857896075133
R4_F3,1,722,0,0.06497062514023165
R4_F3,1,724,0,0.4214699644812721
R4_F3,1,725,0,0.11350225902621668
R4_F3,1,726,0,0.5076671527523097
R4_F3,1,727,0,0.2804131446139937
R4_F3,1,730,1,0.6721167131165258
R4_F3,1,732,0,0.03364344711393968
R4_F3,1,739,1,0.6993788189223351
R4_F3,1,749,1,0.2564753836615721
R4_F3,1,758,0,0.8662237927265287
R4_F3,1,762,0,0.32961856117223437
R4_F3,1,766,0,0.10968888673510564
R4_F3,1,767,0,0.6352623762161912
R4_F3,1,769,0,0.22851594729067556
R4_F3,1,782,1,0.17035153607231
R4_F3,1,787,1,0.5077692150007994
R4_F3,1,796,0,0.1650732186965573
R4_F3,1,797,0,0.5348551010348702
R4_F3,2,0,0,0.05000769839122913
R4_F3,2,6,0,0.49823350962183016
R4_F3,2,9,1,0.7104743667763556
R4_F3,2,13,0,0.14372521183068906
R4_F3,2,20,0,0.26978845829053194
R4_F3,2,28,0,0.29865951479624725
R4_F3,2,29,0,0.18059615460154674
R4_F3,2,33,1,0.8265164119046755
R4_F3,2,34,0,0.13439390949572688
R4_F3,2,43,1,0.12347942565723301
R4_F3,2,44,0,0.701770713110518
R4_F3,2,45,1,0.7778175580860095
R4_F3,2,46,0,0.4586248777173088
R4_F3,2,47,0,0.04596579207162205
R4_F3,2,54,1,0.48962929129036104
R4_F3,2,60,0,0.1932468972167994
R4_F3,2,61,1,0.06782194598970089
R4_F3,2,63,0,0.42716867906691486
R4_F3,2,68,0,0.4775985936989586
R4_F3,2,82,1,0.6354302635849755
R4_F3,2,91,1,0.4423140181622663
R4_F3,2,93,1,0.40466047296301544
R4_F3,2,113,1,0.4975402875896078
R4_F3,2,117,0,0.1167058010245926
R4_F3,2,125,0,0.3342300680945853
R4_F3,2,126,0,0.026755762893476684
R4_F3,2,127,0,0.53535824986602
R4_F3,2,129,0,0.04819865224733575
R4_F3,2,135,1,0.42045930926969505
R4_F3,2,145,0,0.07231416042461015
R4_F3,2,151,1,0.5713409271105121
R4_F3,2,157,1,0.7700723632119385
R4_F3,2,159,1,0.4552395976654459
R4_F3,2,168,0,0.07902226944212583
R4_F3,2,170,1,0.2553788755909616
R4_F3,2,172,0,0.049344501751522184
R4_F3,2,176,0,0.09700475403154868
R4_F3,2,184,0,0.03279725461228575
R4_F3,2,191,0,0.01721779409118508
R4_F3,2,193,0,0.1786467345028162
R4_F3,2,201,1,0.7285073452318814
R4_F3,2,202,0,0.14990387689423593
R4_F3,2,205,0,0.10103530708144792
R4_F3,2,213,0,0.047404879465891274
R4_F3,2,214,0,0.04962068164340968
R4_F3,2,219,0,0.3386926975794878
R4_F3,2,222,0,0.05863546680020754
R4_F3,2,224,0,0.18553284564414838
R4_F3,2,227,0,0.46642209157018893
R4_F3,2,232,0,0.5054351874738855
R4_F3,2,238,0,0.06474393677156036
R4_F3,2,249,1,0.631357266481109
R4_F3,2,253,0,0.06005092571779525
R4_F3,2,254,0,0.07720380703603785
R4_F3,2,267,0,0.4644181507162215
R4_F3,2,274,0,0.028257759521446674
R4_F3,2,281,0,0.06518712447173736
R4_F3,2,284,1,0.556307192711779
R4_F3,2,295,1,0.7101124831302146
R4_F3,2,302,0,0.22815158261508503
R4_F3,2,303,0,0.641181640983821
R4_F3,2,316,0,0.5700403737345928
R4_F3,2,323,0,0.09829736948415546
R4_F3,2,329,0,0.14953759652034768
R4_F3,2,331,1,0.2940890286169479
R4_F3,2,337,0,0.03103758197293852
R4_F3,2,341,0,0.33841856174431423
R4_F3,2,347,0,0.5005788999213127
R4_F3,2,348,0,0.5006648728080422
R4_F3,2,356,0,0.3725982750033892
R4_F3,2,361,0,0.25972200263127365
R4_F3,2,362,1,0.3651413923607085
R4_F3,2,368,0,0.2614128333022908
R4_F3,2,375,1,0.4658102223749723
R4_F3,2,388,1,0.18708097629195028
R4_F3,2,397,1,0.30135245025728336
R4_F3,2,399,0,0.20038814584334486
R4_F3,2,407,0,0.18888251501201103
R4_F3,2,414,0,0.1711269325589433
R4_F3,2,419,0,0.2723492865552321
R4_F3,2,427,0,0.3960631324192305
R4_F3,2,428,1,0.873540775731136
R4_F3,2,434,0,0.12421053256708521
R4_F3,2,442,1,0.5040975223464564
R4_F3,2,446,1,0.34059376774099465
R4_F3,2,448,1,0.6507096216251841
R4_F3,2,451,0,0.4143187402097864
R4_F3,2,459,0,0.19625030468315763
R4_F3,2,460,1,0.6851036278293399
R4_F3,2,466,0,0.0974970910259118
R4_F3,2,469,0,0.24739397899981494
R4_F3,2,470,1,0.5858580385462271
R4_F3,2,476,1,0.6574178361313596
R4_F3,2,480,0,0.06546219107105702
R4_F3,2,481,1,0.6755183416711495
R4_F3,2,487,1,0.5549794927070849
R4_F3,2,489,0,0.07603628175852362
R4_F3,2,492,1,0.09200606262034738
R4_F3,2,495,1,0.7181958447639033
R4_F3,2,500,1,0.533525782735016
R4_F3,2,502,1,0.4006574364159911
R4_F3,2,505,0,0.7135518805475503
R4_F3,2,508,1,0.21153089445022857
R4_F3,2,509,1,0.7857973212160214
R4_F3,2,514,0,0.48254741228625986
R4_F3,2,518,1,0.14792431565090622
R4_F3,2,523,0,0.8282800472138024
R4_F3,2,533,0,0.22709559303480228
R4_F3,2,535,0,0.561259083951311
R4_F3,2,536,0,0.15649271149826688
R4_F3,2,540,0,0.3940102029127294
R4_F3,2,541,0,0.3319561769299082
R4_F3,2,550,0,0.1435833578603872
R4_F3,2,552,0,0.4430204906369662
R4_F3,2,561,0,0.5018965653403895
R4_F3,2,570,0,0.1160046418217268
R4_F3,2,572,1,0.8058367375066381
R4_F3,2,584,0,0.06673927553892604
R4_F3,2,587,0,0.04496119481449693
R4_F3,2,592,0,0.02749912785182994
R4_F3,2,596,1,0.615908940851496
R4_F3,2,601,0,0.5231250976602637
R4_F3,2,604,1,0.6147507906750201
R4_F3,2,608,0,0.33598452731852907
R4_F3,2,610,0,0.03639445808558228
R4_F3,2,611,0,0.23159101034015075
R4_F3,2,615,0,0.059127458375312254
R4_F3,2,623,1,0.7546237932566874
R4_F3,2,631,0,0.16499947031291154
R4_F3,2,633,0,0.16653833401671272
R4_F3,2,672,1,0.12814065118214954
R4_F3,2,675,0,0.01296580017262601
R4_F3,2,680,0,0.03042304239838463
R4_F3,2,681,0,0.10939345505533297
R4_F3,2,682,1,0.7466766036552338
R4_F3,2,683,0,0.03242549734029094
R4_F3,2,691,0,0.7919133687566763
R4_F3,2,692,0,0.09489271226794165
R4_F3,2,698,0,0.812943893239172
R4_F3,2,706,1,0.2847825869742588
R4_F3,2,712,0,0.7307482760833536
R4_F3,2,721,0,0.10758714766304844
R4_F3,2,728,0,0.2909252085594641
R4_F3,2,729,0,0.06692152099695742
R4_F3,2,734,1,0.33249394286308426
R4_F3,2,735,1,0.7058996303343119
R4_F3,2,738,0,0.49157932769808954
R4_F3,2,745,0,0.09254020837498855
R4_F3,2,748,1,0.5743140533618822
R4_F3,2,752,0,0.06463440471807391
R4_F3,2,756,0,0.015983001284832224
R4_F3,2,757,0,0.3310402997260293
R4_F3,2,760,1,0.16234663327980017
R4_F3,2,765,0,0.20825701376647432
R4_F3,2,770,1,0.13358828496289185
R4_F3,2,772,0,0.5454821292041087
R4_F3,2,780,0,0.06567535394380809
R4_F3,2,789,0,0.6624327295457652
R4_F3,2,790,0,0.3433200997921162
R4_F3,2,794,0,0.7509477537250784
R4_F3,3,5,1,0.8242036290733105
R4_F3,3,7,1,0.6191131871736069
R4_F3,3,11,0,0.6667854227206945
R4_F3,3,16,0,0.044649436043136335
R4_F3,3,21,0,0.0697898252244108
R4_F3,3,23,0,0.6786809475745142
R4_F3,3,38,0,0.20230964013624209
R4_F3,3,39,0,0.46701237939569246
R4_F3,3,42,0,0.15939936790809192
R4_F3,3,51,0,0.19893126951718684
R4_F3,3,53,0,0.46164655164215146
R4_F3,3,56,0,0.0261427485661178
R4_F3,3,58,0,0.33739935467860804
R4_F3,3,70,0,0.20839323590267056
R4_F3,3,71,1,0.08300891418476868
R4_F3,3,77,0,0.3592475718886543
R4_F3,3,84,0,0.4857489925661939
R4_F3,3,88,1,0.5051122104081932
R4_F3,3,97,1,0.36316799693712626
R4_F3,3,98,0,0.45454419004071195
R4_F3,3,101,0,0.29884602168973334
R4_F3,3,102,1,0.3822455162734493
R4_F3,3,103,0,0.4510411784940826
R4_F3,3,106,0,0.4263508963790463
R4_F3,3,114,0,0.16026602507620968
R4_F3,3,119,0,0.45196482679136846
R4_F3,3,122,0,0.8359928426690529
R4_F3,3,142,1,0.6097688749245674
R4_F3,3,153,0,0.03264122595192395
R4_F3,3,158,0,0.2772146005165119
R4_F3,3,161,1,0.5472339029323326
R4_F3,3,162,0,0.10723621353226125
R4_F3,3,167,0,0.008026638286517862
R4_F3,3,171,0,0.04394981284016435
R4_F3,3,178,0,0.2222037232705313
R4_F3,3,183,1,0.40612813545506343
R4_F3,3,185,0,0.2799323577875871
R4_F3,3,196,0,0.2928426493428447
R4_F3,3,197,0,0.4022349461708971
R4_F3,3,198,1,0.2339421681818271
R4_F3,3,204,0,0.06767806148369426
R4_F3,3,215,0,0.7942156209029702
R4_F3,3,216,1,0.8088924043580642
R4_F3,3,220,1,0.12377140159462202
R4_F3,3,225,0,0.022019548654095722
R4_F3,3,226,0,0.8041959986296573
R4_F3,3,239,1,0.6402678567590514
R4_F3,3,240,1,0.523477888905485
R4_F3,3,243,1,0.2550772903958158
R4_F3,3,244,0,0.4048561457592359
R4_F3,3,247,1,0.9265585640359779
R4_F3,3,248,0,0.16516484837171883
R4_F3,3,252,0,0.016342322423883535
R4_F3,3,255,0,0.41883222860963426
R4_F3,3,258,1,0.8399783624504394
R4_F3,3,273,1,0.31800712246418733
R4_F3,3,286,0,0.027032213950318407
R4_F3,3,293,0,0.625976309293042
R4_F3,3,298,0,0.16750472322753926
R4_F3,3,300,0,0.161880977574253
R4_F3,3,306,0,0.46901306867986353
R4_F3,3,321,0,0.10044987832512975
R4_F3,3,326,0,0.25244671473521013
R4_F3,3,327,1,0.47062990924400133
R4_F3,3,339,0,0.32310103654340366
R4_F3,3,346,0,0.29600715894629837
R4_F3,3,353,0,0.06032201104577024
R4_F3,3,357,0,0.0545954304202895
R4_F3,3,358,0,0.23039527077263408
R4_F3,3,359,1,0.691014455590815
R4_F3,3,364,0,0.3646814478649989
R4_F3,3,377,0,0.06645852524615954
R4_F3,3,378,1,0.36296255755107226
R4_F3,3,380,0,0.14681148718117518
R4_F3,3,383,0,0.5062022146849894
R4_F3,3,386,0,0.6027151574254394
R4_F3,3,391,0,0.04653942389119578
R4_F3,3,393,0,0.041548618743098245
R4_F3,3,394,0,0.04588344280289828
R4_F3,3,401,1,0.798682548541755
R4_F3,3,404,1,0.8263626304030223
R4_F3,3,408,0,0.4464793936111322
R4_F3,3,412,1,0.2836807256687146
R4_F3,3,417,0,0.10696571742685519
R4_F3,3,423,0,0.10601394983544392
R4_F3,3,424,0,0.1249142141118843
R4_F3,3,425,1,0.23347891219846076
R4_F3,3,429,1,0.3208325521298654
R4_F3,3,433,0,0.26467275135243806
R4_F3,3,435,1,0.6678104058503296
R4_F3,3,436,0,0.06199228257660763
R4_F3,3,438,0,0.2053045130380445
R4_F3,3,447,0,0.3796447561362275
R4_F3,3,456,0,0.1917031197615371
R4_F3,3,457,0,0.3410540811930445
R4_F3,3,473,0,0.5250814837457984
R4_F3,3,477,1,0.7303067926899033
R4_F3,3,486,0,0.22425717806715015
R4_F3,3,488,0,0.14990207813678283
R4_F3,3,498,1,0.20990533150122007
R4_F3,3,499,0,0.749200165454675
R4_F3,3,504,0,0.043154803224848465
R4_F3,3,507,0,0.17939923034800057
R4_F3,3,510,0,0.3533624892829133
R4_F3,3,520,1,0.42946514868511
R4_F3,3,526,0,0.6987888412046082
R4_F3,3,529,1,0.6653744872961852
R4_F3,3,532,0,0.687039138646577
R4_F3,3,542,0,0.728216372032321
R4_F3,3,543,0,0.25185450138433246
R4_F3,3,545,0,0.4255902694607519
R4_F3,3,559,1,0.6783099337684254
R4_F3,3,565,0,0.06011988068473099
R4_F3,3,566,0,0.11999814951734102
R4_F3,3,568,0,0.06538590566444967
R4_F3,3,578,0,0.12613885896954868
R4_F3,3,579,0,0.5722963592425298
R4_F3,3,582,0,0.7237221548318388
R4_F3,3,606,0,0.2597986695109861
R4_F3,3,609,1,0.7054160731570125
R4_F3,3,612,1,0.5943097191707719
R4_F3,3,616,0,0.5364169271102466
R4_F3,3,621,0,0.2303570221832676
R4_F3,3,624,1,0.7762271647950009
R4_F3,3,625,0,0.20153152039756558
R4_F3,3,626,0,0.03483977979909501
R4_F3,3,627,0,0.36327873720199805
R4_F3,3,628,0,0.27562891566339154
R4_F3,3,639,0,0.0653283361421446
R4_F3,3,640,0,0.008017773314499868
R4_F3,3,641,0,0.8168444856635172
R4_F3,3,647,0,0.7543383030074035
R4_F3,3,654,0,0.29091015148512717
R4_F3,3,655,0,0.5854202469141837
R4_F3,3,656,1,0.5720317048826605
R4_F3,3,673,0,0.28673960982907104
R4_F3,3,685,1,0.24599768716210327
R4_F3,3,687,0,0.1921659378302493
R4_F3,3,693,0,0.01717777771000401
R4_F3,3,696,0,0.3925893012835722
R4_F3,3,699,0,0.2496744400845712
R4_F3,3,700,1,0.4763394498760662
R4_F3,3,701,0,0.04568818757701796
R4_F3,3,710,0,0.4908425880361374
R4_F3,3,714,0,0.3412914550349783
R4_F3,3,723,0,0.13524302315122813
R4_F3,3,731,1,0.6547427492224059
R4_F3,3,736,0,0.4678774159895734
R4_F3,3,737,1,0.44374470109163755
R4_F3,3,740,0,0.6160598612301802
R4_F3,3,747,0,0.6924331611679468
R4_F3,3,754,0,0.03345851657791702
R4_F3,3,773,1,0.18383108180262364
R4_F3,3,775,0,0.21565345881299156
R4_F3,3,779,0,0.3800264676422671
R4_F3,3,785,1,0.6899058399561825
R4_F3,3,792,0,0.3952954052274588
R4_F3,3,793,0,0.37414784151641545
R4_F3,3,795,0,0.13670922042888017
R4_F3,3,799,1,0.8270050855728108
R4_F3,4,2,1,0.699612314192116
R4_F3,4,15,0,0.1720432659180288
R4_F3,4,25,0,0.33082666367580255
R4_F3,4,31,0,0.35310605000363093
R4_F3,4,35,0,0.186671993050731
R4_F3,4,52,0,0.2634605509984425
R4_F3,4,55,0,0.37260506544794025
R4_F3,4,59,0,0.3656889040522475
R4_F3,4,64,0,0.21468503932048769
R4_F3,4,67,0,0.6428812479305004
R4_F3,4,72,0,0.29911443102094326
R4_F3,4,73,0,0.10254206210501664
R4_F3,4,80,0,0.1632081204335689
R4_F3,4,83,1,0.37155362566877154
R4_F3,4,87,0,0.37749669518249934
R4_F3,4,89,0,0.2559770151500551
R4_F3,4,92,0,0.19686782610153433
R4_F3,4,99,0,0.6720368597083438
R4_F3,4,104,1,0.8534367778588204
R4_F3,4,107,0,0.2875707260535928
R4_F3,4,111,0,0.04737534539871823
R4_F3,4,121,1,0.6543400246221756
R4_F3,4,134,0,0.15902278726727068
R4_F3,4,136,1,0.12387309643232365
R4_F3,4,144,1,0.46945427314871074
R4_F3,4,149,0,0.7620359895958254
R4_F3,4,150,1,0.07371176719792594
R4_F3,4,154,1,0.4943387897450948
R4_F3,4,160,0,0.046576696482271744
R4_F3,4,164,0,0.28228050550525124
R4_F3,4,173,0,0.5706060207961767
R4_F3,4,187,1,0.7374270454097572
R4_F3,4,195,0,0.04231316389615838
R4_F3,4,206,0,0.06265341038501858
R4_F3,4,212,0,0.09136518817486049
R4_F3,4,218,0,0.24971759510340807
R4_F3,4,231,1,0.6646890085102787
R4_F3,4,234,0,0.1642796884781527
R4_F3,4,245,1,0.6992933004849496
R4_F3,4,246,0,0.0494288709987473
R4_F3,4,251,0,0.2507592161442845
R4_F3,4,256,0,0.22757879989896504
R4_F3,4,259,1,0.43526415134052643
R4_F3,4,260,1,0.8425865539030051
R4_F3,4,261,0,0.22706745386832414
R4_F3,4,263,0,0.7810645476124879
R4_F3,4,275,1,0.7279661489366306
R4_F3,4,277,0,0.0370147252795841
R4_F3,4,283,0,0.21082984305071925
R4_F3,4,285,0,0.05075095530910384
R4_F3,4,287,0,0.660435755905271
R4_F3,4,290,0,0.17137741961187736
R4_F3,4,292,0,0.14378589936936845
R4_F3,4,294,1,0.7758010815278625
R4_F3,4,296,0,0.3266261436318788
R4_F3,4,297,0,0.03867186456168017
R4_F3,4,304,0,0.2916320838715872
R4_F3,4,320,0,0.5714923523660315
R4_F3,4,325,0,0.6096669945862728
R4_F3,4,330,0,0.09817619755739275
R4_F3,4,333,0,0.13872908703194983
R4_F3,4,338,1,0.8075446782338419
R4_F3,4,340,0,0.2681724960494896
R4_F3,4,343,0,0.053469636739946445
R4_F3,4,344,0,0.02164318071326253
R4_F3,4,345,1,0.33414231039520503
R4_F3,4,349,1,0.27548780052949495
R4_F3,4,350,1,0.8104426631039128
R4_F3,4,351,0,0.13358126276681295
R4_F3,4,352,1,0.8222762752129187
R4_F3,4,369,0,0.20450933387013892
R4_F3,4,372,0,0.5762815971296744
R4_F3,4,376,1,0.7172661802678547
R4_F3,4,381,0,0.2892840175501621
R4_F3,4,384,0,0.2542532152918768
R4_F3,4,389,0,0.110316800593745
R4_F3,4,395,0,0.15991628416421727
R4_F3,4,400,0,0.16145055063238026
R4_F3,4,405,1,0.59181609282124
R4_F3,4,406,0,0.2039219499255445
R4_F3,4,409,0,0.17976822046977184
R4_F3,4,415,1,0.5702165276433439
R4_F3,4,437,0,0.048864533697269195
R4_F3,4,439,1,0.3698412090838348
R4_F3,4,440,0,0.44252591509762285
R4_F3,4,444,1,0.38023779635327104
R4_F3,4,445,1,0.627000897954095
R4_F3,4,452,0,0.05135948754192132
R4_F3,4,455,0,0.21602272007274448
R4_F3,4,462,1,0.2275790634860991
R4_F3,4,463,0,0.4056766472112745
R4_F3,4,467,1,0.7258726329637254
R4_F3,4,472,0,0.17214588541597461
R4_F3,4,474,1,0.7348077248940227
R4_F3,4,484,0,0.40833189427573435
R4_F3,4,493,0,0.49950353872304243
R4_F3,4,494,0,0.3843280085300611
R4_F3,4,501,0,0.13237665221458617
R4_F3,4,513,1,0.7674315390108463
R4_F3,4,516,1,0.2076061609948678
R4_F3,4,525,0,0.15007113397440974
R4_F3,4,531,0,0.09536717059455833
R4_F3,4,549,0,0.03748770410209307
R4_F3,4,551,0,0.14421673638630597
R4_F3,4,553,1,0.22594061367198992
R4_F3,4,569,0,0.040906478698020644
R4_F3,4,571,1,0.516635184955694
R4_F3,4,580,0,0.08659895157922531
R4_F3,4,583,1,0.6592748801978953
R4_F3,4,588,0,0.44016568662851663
R4_F3,4,589,0,0.46565712933267206
R4_F3,4,590,0,0.7025622728747568
R4_F3,4,591,0,0.08150983245919148
R4_F3,4,593,1,0.849204865866135
R4_F3,4,597,0,0.043357757886169655
R4_F3,4,600,1,0.5759113719803738
R4_F3,4,602,1,0.07891616068503791
R4_F3,4,603,0,0.145273236915189
R4_F3,4,613,0,0.1395531136775953
R4_F3,4,617,1,0.11522197805175823
R4_F3,4,635,0,0.22939860116390484
R4_F3,4,636,0,0.027323198421168687
R4_F3,4,642,1,0.6882484857381924
R4_F3,4,646,1,0.8473966695206424
R4_F3,4,650,0,0.8697526469374678
R4_F3,4,653,1,0.7575610299116019
R4_F3,4,659,1,0.8222384780561404
R4_F3,4,661,0,0.47506458700043175
R4_F3,4,663,0,0.18881193469984944
R4_F3,4,664,0,0.13786257911318153
R4_F3,4,665,0,0.2386986803172492
R4_F3,4,669,0,0.2640540991881144
R4_F3,4,674,1,0.6335072295976141
R4_F3,4,677,1,0.7406692378372975
R4_F3,4,686,1,0.5797203668075434
R4_F3,4,688,0,0.2553807060775249
R4_F3,4,689,0,0.22792314808916014
R4_F3,4,690,0,0.1804002052355098
R4_F3,4,695,0,0.08616954072685805
R4_F3,4,704,0,0.21716179539536454
R4_F3,4,711,0,0.05118133760904541
R4_F3,4,715,0,0.33767838244626763
R4_F3,4,719,1,0.3360794461752102
R4_F3,4,720,0,0.09420138855739098
R4_F3,4,741,1,0.7648737271440461
R4_F3,4,742,0,0.6065975259395573
R4_F3,4,743,0,0.5060757270398423
R4_F3,4,744,1,0.45779366206995414
R4_F3,4,746,0,0.02569456439382875
R4_F3,4,750,0,0.47486845334164257
R4_F3,4,759,1,0.42372344182362426
R4_F3,4,763,1,0.3618603120128774
R4_F3,4,764,0,0.30451692898442645
R4_F3,4,768,0,0.7749630276024185
R4_F3,4,774,0,0.24144083050608237
R4_F3,4,777,0,0.3614114358932465
R4_F3,4,786,0,0.4483083703192601
R4_F3,4,788,0,0.4309790311816295
R4_F3,4,791,0,0.049887565724033155
R4_F3,4,798,0,0.11605472105961954
R4_F3,5,3,0,0.15908728755714982
R4_F3,5,4,1,0.8163017056105483
R4_F3,5,8,0,0.7627275797115022
R4_F3,5,10,0,0.03387273004076985
R4_F3,5,12,1,0.7279920006222819
R4_F3,5,14,0,0.10384956099406197
R4_F3,5,17,0,0.13227510164875916
R4_F3,5,18,0,0.23909050436996127
R4_F3,5,24,0,0.08071782945784366
R4_F3,5,26,0,0.6293869985904826
R4_F3,5,27,1,0.4004746661649728
R4_F3,5,36,0,0.43461702745197
R4_F3,5,40,0,0.11975215203648344
R4_F3,5,48,1,0.6452952593432079
R4_F3,5,50,0,0.2847531212311159
R4_F3,5,62,0,0.24448544998091115
R4_F3,5,65,0,0.2143076015876123
R4_F3,5,69,1,0.27797810530237876
R4_F3,5,78,0,0.6673743662410024
R4_F3,5,79,0,0.1344146418845298
R4_F3,5,85,0,0.09753726052670038
R4_F3,5,86,0,0.6862764663089028
R4_F3,5,90,0,0.03632845476557004
R4_F3,5,94,0,0.20985838651557695
R4_F3,5,96,0,0.13310216630741298
R4_F3,5,100,1,0.5403325112666025
R4_F3,5,109,0,0.11772977426644345
R4_F3,5,116,0,0.7414470802742475
R4_F3,5,118,0,0.03325467725063463
R4_F3,5,120,0,0.30248384013984064
R4_F3,5,123,0,0.004211773257091936
R4_F3,5,131,0,0.3016403104533662
R4_F3,5,132,1,0.3025662607778993
R4_F3,5,133,1,0.727358680636134
R4_F3,5,137,0,0.1169309058861741
R4_F3,5,138,0,0.0931437074494532
R4_F3,5,140,1,0.4482871677512838
R4_F3,5,143,0,0.04573816857641539
R4_F3,5,155,1,0.18960568443808481
R4_F3,5,163,0,0.03354662039141066
R4_F3,5,165,0,0.8222557473100195
R4_F3,5,166,0,0.022355338075595976
R4_F3,5,174,0,0.3513435214223383
R4_F3,5,177,0,0.8170413386296098
R4_F3,5,180,1,0.4826980910685326
R4_F3,5,190,1,0.7864714490055554
R4_F3,5,192,1,0.762411348011203
R4_F3,5,194,0,0.10337101987232346
R4_F3,5,199,0,0.0672060798298104
R4_F3,5,208,0,0.501620210774873
R4_F3,5,217,0,0.028376040575728855
R4_F3,5,223,0,0.10526650676919452
R4_F3,5,228,0,0.23142407626387904
R4_F3,5,233,1,0.8320725528180208
R4_F3,5,235,0,0.02370415593780408
R4_F3,5,236,0,0.13417296632944378
R4_F3,5,237,0,0.13902940307609016
R4_F3,5,241,0,0.05561039642112913
R4_F3,5,250,0,0.37290035456343623
R4_F3,5,257,1,0.09054242971966199
R4_F3,5,264,0,0.5948629487885516
R4_F3,5,266,0,0.4792127546799258
R4_F3,5,269,0,0.09354746415297965
R4_F3,5,271,0,0.02822651468838873
R4_F3,5,279,0,0.12806642752625882
R4_F3,5,280,0,0.6121968952259736
R4_F3,5,282,0,0.424387499185132
R4_F3,5,291,0,0.06892576414929984
R4_F3,5,301,0,0.43564121276079315
R4_F3,5,308,0,0.7747780925364163
R4_F3,5,310,0,0.10567145271154095
R4_F3,5,311,0,0.5604176557821244
R4_F3,5,313,0,0.6878373245238985
R4_F3,5,314,1,0.20413317301018288
R4_F3,5,315,0,0.025276520353076985
R4_F3,5,332,0,0.48885851091496085
R4_F3,5,334,0,0.016208197957468532
R4_F3,5,335,0,0.1415560931053538
R4_F3,5,336,1,0.257450302616468
R4_F3,5,342,1,0.12669517385937076
R4_F3,5,355,1,0.2742417153748163
R4_F3,5,360,0,0.2918780946435114
R4_F3,5,363,0,0.5580896905645248
R4_F3,5,365,0,0.6142287759187797
R4_F3,5,371,0,0.39168514656853093
R4_F3,5,385,0,0.817226475001754
R4_F3,5,387,0,0.11399483242910573
R4_F3,5,390,0,0.2780165621938563
R4_F3,5,396,0,0.12753670779187848
R4_F3,5,403,1,0.5174883316864237
R4_F3,5,411,0,0.053385096546897326
R4_F3,5,416,1,0.8998516732372096
R4_F3,5,418,0,0.14636771511652316
R4_F3,5,421,1,0.535101423537831
R4_F3,5,422,0,0.13764376439926798
R4_F3,5,432,1,0.1294995546352757
R4_F3,5,441,0,0.33357579882961264
R4_F3,5,443,1,0.5374926403733709
R4_F3,5,449,0,0.45039208056382857
R4_F3,5,450,0,0.38383182779988284
R4_F3,5,453,0,0.2911773775051493
R4_F3,5,458,0,0.16421207197736842
R4_F3,5,461,0,0.29473429619500285
R4_F3,5,464,0,0.3438884930032596
R4_F3,5,468,0,0.20150230020089935
R4_F3,5,478,1,0.2690555027564616
R4_F3,5,479,0,0.1743984020327268
R4_F3,5,485,0,0.4904666097409988
R4_F3,5,496,0,0.1710612788482623
R4_F3,5,503,0,0.14873870900775296
R4_F3,5,511,0,0.14073199276186274
R4_F3,5,512,0,0.1935467814311285
R4_F3,5,521,1,0.27853718772728453
R4_F3,5,524,1,0.7184990994080324
R4_F3,5,530,0,0.1513108536322332
R4_F3,5,537,0,0.23387155816125071
R4_F3,5,538,0,0.07808205375243925
R4_F3,5,544,0,0.25806838648073266
R4_F3,5,548,0,0.09334943314045811
R4_F3,5,555,0,0.282660793739067
R4_F3,5,557,0,0.7832169144698652
R4_F3,5,558,0,0.255323062564043
R4_F3,5,560,1,0.6123356489525364
R4_F3,5,562,0,0.09405827301553261
R4_F3,5,563,0,0.35180925305029714
R4_F3,5,574,1,0.5314456320968386
R4_F3,5,576,0,0.06580379812955034
R4_F3,5,585,1,0.7360381010613303
R4_F3,5,586,0,0.7080883892475093
R4_F3,5,599,1,0.315415520958304
R4_F3,5,618,0,0.031302593584202065
R4_F3,5,619,0,0.19116107505231336
R4_F3,5,629,0,0.4130936236631622
R4_F3,5,632,0,0.27333891845006847
R4_F3,5,649,0,0.052915124350768034
R4_F3,5,651,1,0.6384288341145886
R4_F3,5,657,0,0.476421193665924
R4_F3,5,658,0,0.3701753840570598
R4_F3,5,660,1,0.8255219244393214
R4_F3,5,666,0,0.056423294304973615
R4_F3,5,668,0,0.1834783058407868
R4_F3,5,705,0,0.1204752296969991
R4_F3,5,707,1,0.7534749701691696
R4_F3,5,708,0,0.15264299442785462
R4_F3,5,709,1,0.8823679902751796
R4_F3,5,713,0,0.03461415596183016
R4_F3,5,716,0,0.04255814956559925
R4_F3,5,717,0,0.10013784660434143
R4_F3,5,718,1,0.6656417177869901
R4_F3,5,733,1,0.5479366945378971
R4_F3,5,751,1,0.8900353652961958
R4_F3,5,753,0,0.09923843448680347
R4_F3,5,755,0,0.268919039526369
R4_F3,5,761,1,0.05859760241051789
R4_F3,5,771,0,0.49422893447577326
R4_F3,5,776,0,0.17676756322034923
R4_F3,5,778,1,0.8521470307339687
R4_F3,5,781,0,0.17930080819630045
R4_F3,5,783,1,0.7716837212724504
R4_F3,5,784,1,0.31578788205034836
R4_F4,1,0,0,0.06942451278582473
R4_F4,1,12,1,0.7056857354653223
R4_F4,1,13,0,0.044053964577522066
R4_F4,1,15,1,0.7813633242803629
R4_F4,1,17,0,0.11907422178733722
R4_F4,1,21,0,0.16392225371982308
R4_F4,1,26,0,0.1998244057732351
R4_F4,1,30,0,0.33073317529629304
R4_F4,1,32,0,0.43292855241267053
R4_F4,1,34,0,0.19849893074321515
R4_F4,1,36,0,0.22288159762792822
R4_F4,1,39,0,0.16654227889370593
R4_F4,1,40,0,0.3101958941218285
R4_F4,1,43,0,0.021992234478664035
R4_F4,1,62,0,0.14210161791800643
R4_F4,1,65,0,0.10888311922637572
R4_F4,1,66,0,0.34520235324260345
R4_F4,1,67,0,0.25637589980860853
R4_F4,1,78,0,0.4810822687334273
R4_F4,1,80,0,0.1113712781730471
R4_F4,1,82,0,0.5888241974183154
R4_F4,1,84,0,0.3108818832257525
R4_F4,1,89,0,0.5261269347218095
R4_F4,1,93,0,0.2558917165022663
R4_F4,1,102,0,0.5079860981023815
R4_F4,1,104,0,0.7190904279693736
R4_F4,1,109,0,0.21090508427409146
R4_F4,1,116,0,0.6309079412186733
R4_F4,1,118,0,0.6149659876821726
R4_F4,1,121,0,0.1259637793616238
R4_F4,1,126,0,0.08220091630239314
R4_F4,1,130,0,0.033440328504368615
R4_F4,1,135,0,0.05814853014880241
R4_F4,1,142,1,0.5143874782469945
R4_F4,1,144,1,0.5724554524271199
R4_F4,1,153,1,0.6117337547123274
R4_F4,1,162,0,0.10365014462897805
R4_F4,1,163,0,0.8374760262081274
R4_F4,1,172,1,0.7984723566986704
R4_F4,1,173,0,0.02784287225628178
R4_F4,1,177,0,0.35951095830789165
R4_F4,1,178,0,0.10700796278284987
R4_F4,1,180,0,0.4715939316221487
R4_F4,1,185,0,0.12488392396445418
R4_F4,1,192,0,0.16787408885406432
R4_F4,1,201,0,0.11009274433106508
R4_F4,1,212,1,0.4957920391304076
R4_F4,1,218,0,0.06475250585817623
R4_F4,1,224,0,0.6801343405014711
R4_F4,1,227,0,0.3787234506100725
R4_F4,1,234,0,0.14184949030274593
R4_F4,1,236,0,0.0905116259862395
R4_F4,1,244,0,0.5779223846006506
R4_F4,1,248,1,0.552054974582859
R4_F4,1,259,0,0.10577699386503937
R4_F4,1,262,0,0.17391106078631782
R4_F4,1,281,0,0.22401838527975734
R4_F4,1,285,1,0.7700009687773809
R4_F4,1,293,0,0.4335197229882382
R4_F4,1,294,1,0.6949890853362889
R4_F4,1,295,0,0.38133904133362667
R4_F4,1,311,0,0.35663707962561436
R4_F4,1,314,0,0.15033027098587012
R4_F4,1,319,0,0.0686325232241351
R4_F4,1,322,0,0.2650748236495473
R4_F4,1,325,1,0.17119651553413862
R4_F4,1,338,1,0.1544665507084157
R4_F4,1,355,0,0.23380724318797963
R4_F4,1,361,0,0.03801240349210299
R4_F4,1,368,0,0.5366970249981887
R4_F4,1,372,1,0.615591924638467
R4_F4,1,375,0,0.04491148432465114
R4_F4,1,376,1,0.4558273455625425
R4_F4,1,380,1,0.683299899391029
R4_F4,1,383,0,0.23823377001062998
R4_F4,1,387,0,0.05193161335707702
R4_F4,1,391,0,0.08219488547701877
R4_F4,1,393,0,0.3096831785274336
R4_F4,1,396,0,0.09929768324011302
R4_F4,1,397,0,0.2149206475694706
R4_F4,1,402,1,0.9060333840718019
R4_F4,1,403,1,0.09490326592214736
R4_F4,1,405,1,0.42419393761048424
R4_F4,1,410,0,0.4505510734309759
R4_F4,1,412,0,0.25898920772318673
R4_F4,1,413,0,0.13109258805270227
R4_F4,1,424,1,0.8853705006328366
R4_F4,1,431,0,0.35386161006113137
R4_F4,1,434,0,0.34276021924464617
R4_F4,1,435,1,0.5081738719332797
R4_F4,1,437,1,0.6731868258661642
R4_F4,1,438,0,0.1789896867385
R4_F4,1,452,0,0.3253672716643649
R4_F4,1,456,1,0.8404870685300366
R4_F4,1,458,0,0.13404276806752236
R4_F4,1,459,0,0.12743906307784789
R4_F4,1,460,0,0.8494598320165828
R4_F4,1,468,0,0.36262571430645196
R4_F4,1,469,1,0.7729461383531406
R4_F4,1,470,0,0.19307190759235518
R4_F4,1,479,1,0.2740473970606648
R4_F4,1,487,1,0.34923980266975213
R4_F4,1,488,0,0.49944990874341005
R4_F4,1,511,1,0.6087759360480577
R4_F4,1,514,0,0.28725691543229187
R4_F4,1,516,1,0.5779565630697744
R4_F4,1,518,0,0.47280194477423515
R4_F4,1,522,0,0.7551519286943568
R4_F4,1,523,1,0.16547807643685586
R4_F4,1,526,1,0.43513697321131106
R4_F4,1,536,0,0.20379897504636957
R4_F4,1,538,0,0.27991867247196195
R4_F4,1,543,0,0.15704115011934558
R4_F4,1,546,1,0.28210889440924963
R4_F4,1,552,0,0.1475084868244233
R4_F4,1,553,0,0.27779003176704853
R4_F4,1,562,0,0.088730352080496
R4_F4,1,580,1,0.38881176521919597
R4_F4,1,581,1,0.48621858028281006
R4_F4,1,584,0,0.1583841161224977
R4_F4,1,595,1,0.5897670679842886
R4_F4,1,599,0,0.6064656132406804
R4_F4,1,605,0,0.04428679354850865
R4_F4,1,607,1,0.7407337073279031
R4_F4,1,614,0,0.07554385730580616
R4_F4,1,627,0,0.3636091296845539
R4_F4,1,630,0,0.469948185132297
R4_F4,1,640,1,0.7691621421845413
R4_F4,1,644,1,0.15108055828831526
R4_F4,1,646,0,0.3156887659462745
R4_F4,1,647,0,0.2991673774799163
R4_F4,1,652,1,0.6148502489604109
R4_F4,1,661,1,0.7369956879072325
R4_F4,1,663,0,0.22573147160531115
R4_F4,1,680,1,0.6696358167099093
R4_F4,1,683,0,0.30629664888248925
R4_F4,1,684,0,0.15107492532106076
R4_F4,1,688,1,0.2520221599287442
R4_F4,1,698,0,0.5480605492256472
R4_F4,1,709,0,0.6304184676972487
R4_F4,1,714,0,0.7892035093065176
R4_F4,1,721,0,0.19414411465611336
R4_F4,1,724,0,0.27598462334481383
R4_F4,1,728,1,0.7586757942870013
R4_F4,1,729,1,0.7398147694536563
R4_F4,1,733,0,0.3467777688459511
R4_F4,1,745,0,0.025502583345825086
R4_F4,1,753,0,0.08194982155693348
R4_F4,1,755,1,0.44508639853455306
R4_F4,1,758,1,0.04536915167407787
R4_F4,1,759,0,0.45044558315553146
R4_F4,1,766,0,0.1654010353574106
R4_F4,1,768,0,0.5003294975575433
R4_F4,1,776,0,0.2994579671233614
R4_F4,1,781,0,0.3799499539487822
R4_F4,1,782,0,0.15754475692197542
R4_F4,1,783,0,0.24652921350499638
R4_F4,1,787,0,0.29833659346645375
R4_F4,1,791,0,0.10072901104071003
R4_F4,1,796,0,0.3932887523348106
R4_F4,2,7,0,0.04584429630634282
R4_F4,2,9,0,0.37014935203993127
R4_F4,2,11,0,0.5929712518555746
R4_F4,2,19,0,0.10465178369579
R4_F4,2,27,1,0.6545372711616271
R4_F4,2,31,0,0.2800616598496572
R4_F4,2,35,1,0.612207344429002
R4_F4,2,44,1,0.7421834780797517
R4_F4,2,45,0,0.15864823106121925
R4_F4,2,46,1,0.1647814663958286
R4_F4,2,47,0,0.6451095347129384
R4_F4,2,49,1,0.8047006187790453
R4_F4,2,68,0,0.11900549312391245
R4_F4,2,77,0,0.04521135502203619
R4_F4,2,81,0,0.16450607568959563
R4_F4,2,86,0,0.319567748506523
R4_F4,2,87,0,0.5504821587628711
R4_F4,2,95,1,0.5044040331533941
R4_F4,2,108,1,0.8573939280964048
R4_F4,2,110,0,0.053801703340180335
R4_F4,2,114,0,0.2500138526569174
R4_F4,2,134,0,0.2948823477800198
R4_F4,2,136,1,0.8096325229319552
R4_F4,2,156,1,0.4704895053489393
R4_F4,2,160,0,0.24289865647772135
R4_F4,2,164,0,0.14177760723517657
R4_F4,2,171,0,0.07944213269678496
R4_F4,2,191,0,0.10575622882462345
R4_F4,2,194,0,0.03520895325355828
R4_F4,2,196,0,0.24989627930765246
R4_F4,2,198,0,0.19117531779102026
R4_F4,2,199,1,0.6493531430685157
R4_F4,2,200,0,0.12789102034325736
R4_F4,2,202,0,0.21464554201282673
R4_F4,2,206,0,0.7128261265535816
R4_F4,2,208,0,0.059352062700101064
R4_F4,2,209,1,0.4526024419246677
R4_F4,2,211,0,0.45729578478278415
R4_F4,2,214,0,0.060162626777184765
R4_F4,2,219,0,0.5167734299837213
R4_F4,2,220,1,0.21012314022468262
R4_F4,2,221,0,0.04191376146408124
R4_F4,2,230,0,0.2794292360811205
R4_F4,2,239,0,0.449435635911422
R4_F4,2,246,0,0.4840536039658414
R4_F4,2,249,0,0.09865061380059569
R4_F4,2,250,1,0.7943956296189904
R4_F4,2,253,0,0.2763787330453103
R4_F4,2,269,0,0.7580306735510471
R4_F4,2,271,0,0.38409477639449024
R4_F4,2,272,0,0.6632987247600249
R4_F4,2,273,0,0.1500039940097259
R4_F4,2,280,1,0.7424918527242644
R4_F4,2,287,0,0.08083356744891568
R4_F4,2,299,1,0.7575565319749122
R4_F4,2,300,1,0.41268786424509124
R4_F4,2,301,0,0.09570879291232519
R4_F4,2,303,1,0.7909643292912799
R4_F4,2,306,0,0.5375666606312023
R4_F4,2,310,0,0.40156409910813373
R4_F4,2,323,0,0.0060412563924428205
R4_F4,2,324,0,0.23695464060032745
R4_F4,2,334,1,0.5841051204315139
R4_F4,2,335,0,0.15676933921519096
R4_F4,2,346,0,0.4776296853493876
R4_F4,2,347,0,0.1358072092962375
R4_F4,2,349,0,0.7739561266143483
R4_F4,2,350,1,0.35486123129863456
R4_F4,2,364,1,0.27775309386483865
R4_F4,2,365,0,0.46585259853553423
R4_F4,2,366,0,0.18890272651931236
R4_F4,2,369,0,0.4899907814236313
R4_F4,2,378,0,0.0751797949278663
R4_F4,2,384,0,0.758967427000751
R4_F4,2,385,0,0.11830119328512612
R4_F4,2,389,0,0.056829061990924544
R4_F4,2,394,1,0.3711201371799089
R4_F4,2,398,0,0.3105602939090781
R4_F4,2,400,0,0.16606809728512445
R4_F4,2,401,1,0.5377573524911216
R4_F4,2,409,0,0.19662674689818882
R4_F4,2,414,1,0.2936679402998739
R4_F4,2,417,0,0.2915175776948225
R4_F4,2,425,0,0.3733207019859753
R4_F4,2,426,1,0.44459637946727293
R4_F4,2,439,1,0.5651294819401794
R4_F4,2,440,0,0.06373433120540506
R4_F4,2,443,1,0.2559484939603823
R4_F4,2,444,0,0.31910417610509917
R4_F4,2,448,1,0.2825772321429869
R4_F4,2,450,1,0.44022463082086366
R4_F4,2,454,0,0.06023241979888357
R4_F4,2,461,0,0.359470547141282
R4_F4,2,464,1,0.7118771590618374
R4_F4,2,480,1,0.6408219561936198
R4_F4,2,489,0,0.724737837164616
R4_F4,2,493,1,0.19961520288704518
R4_F4,2,494,0,0.24299284680602748
R4_F4,2,495,1,0.20627455712884069
R4_F4,2,498,0,0.2535951467654273
R4_F4,2,502,1,0.3271048767912849
R4_F4,2,506,0,0.10951479142840581
R4_F4,2,507,1,0.26955510205540006
R4_F4,2,510,0,0.6052236131506065
R4_F4,2,513,0,0.4870673779712294
R4_F4,2,519,1,0.26320397328164097
R4_F4,2,521,1,0.24633510044612383
R4_F4,2,531,0,0.2300852820797563
R4_F4,2,537,0,0.5902280273760799
R4_F4,2,547,0,0.15727728701742005
R4_F4,2,555,0,0.3728119934349637
R4_F4,2,556,0,0.20669900985111198
R4_F4,2,557,0,0.5486051532225983
R4_F4,2,563,0,0.059848681758156407
R4_F4,2,566,0,0.46436117141438965
R4_F4,2,570,1,0.6253839571086367
R4_F4,2,574,0,0.3058283261270414
R4_F4,2,575,0,0.01987775672500095
R4_F4,2,583,0,0.45583301074335325
R4_F4,2,593,0,0.03319323909770685
R4_F4,2,600,0,0.7584392803848822
R4_F4,2,604,0,0.04755275908287606
R4_F4,2,609,0,0.1644288161922448
R4_F4,2,616,0,0.10407241482172379
R4_F4,2,618,0,0.15293583830927318
R4_F4,2,624,1,0.7872820782622295
R4_F4,2,625,0,0.025164910080738002
R4_F4,2,631,0,0.02823553199140469
R4_F4,2,632,0,0.4879990660370801
R4_F4,2,636,1,0.8391703353727588
R4_F4,2,645,0,0.21734312736911313
R4_F4,2,648,0,0.33587214988548936
R4_F4,2,651,0,0.39499318575042164
R4_F4,2,654,0,0.6422147922951517
R4_F4,2,655,1,0.5385068026444696
R4_F4,2,656,0,0.13099135604378978
R4_F4,2,666,1,0.37763504799200137
R4_F4,2,676,0,0.32543778302055393
R4_F4,2,677,0,0.08187807079408536
R4_F4,2,681,1,0.6050513219792344
R4_F4,2,685,0,0.060270860958389905
R4_F4,2,690,1,0.18358724667784868
R4_F4,2,691,0,0.36146876483898743
R4_F4,2,692,0,0.7232866851125098
R4_F4,2,695,0,0.06316815375751131
R4_F4,2,699,0,0.8185210389207511
R4_F4,2,706,1,0.7689277490268424
R4_F4,2,710,0,0.049710291224987484
R4_F4,2,720,0,0.06004854646921262
R4_F4,2,736,0,0.4164446341635825
R4_F4,2,738,1,0.8103930571124437
R4_F4,2,743,0,0.7323480169482233
R4_F4,2,744,1,0.5134069305412869
R4_F4,2,765,0,0.23907877446186107
R4_F4,2,767,1,0.7282191280955944
R4_F4,2,769,0,0.042395115434343066
R4_F4,2,771,0,0.5609808092290597
R4_F4,2,786,1,0.5567210458644808
R4_F4,2,795,0,0.19307300333821073
R4_F4,2,797,0,0.14513576260374614
R4_F4,3,2,0,0.04594968573936766
R4_F4,3,4,0,0.4240238162629974
R4_F4,3,8,1,0.4938333513269931
R4_F4,3,10,1,0.5435909297619088
R4_F4,3,16,0,0.09941309092396604
R4_F4,3,55,0,0.049754799690859476
R4_F4,3,57,0,0.5746672067577477
R4_F4,3,58,1,0.7236358730235031
R4_F4,3,64,1,0.08180089477390179
R4_F4,3,70,1,0.8447182250016451
R4_F4,3,71,0,0.4778316977639007
R4_F4,3,76,1,0.9257048381326006
R4_F4,3,79,0,0.3138549382001976
R4_F4,3,88,0,0.12721939974191623
R4_F4,3,92,1,0.6299381279747718
R4_F4,3,97,1,0.4159926618761853
R4_F4,3,106,1,0.37157006144083304
R4_F4,3,117,0,0.38184030144822456
R4_F4,3,123,0,0.4313548183041562
R4_F4,3,129,0,0.01861333344786573
R4_F4,3,131,0,0.3525514434786734
R4_F4,3,132,0,0.0621782364180228
R4_F4,3,133,0,0.6208494450623508
R4_F4,3,138,0,0.3065840772038683
R4_F4,3,139,1,0.3603245974642834
R4_F4,3,147,1,0.4671186994261345
R4_F4,3,152,1,0.43569581512395117
R4_F4,3,161,1,0.5495449570865693
R4_F4,3,166,0,0.07619465920753725
R4_F4,3,167,0,0.5756291793190614
R4_F4,3,170,0,0.012710120961192256
R4_F4,3,174,0,0.10893658844515557
R4_F4,3,175,0,0.4063553685362901
R4_F4,3,182,1,0.07227006550467661
R4_F4,3,183,0,0.8037435771070923
R4_F4,3,184,0,0.16011213246892075
R4_F4,3,186,1,0.5544563087318051
R4_F4,3,189,0,0.032585500404935235
R4_F4,3,203,0,0.07611347202443287
R4_F4,3,204,1,0.7469653577987178
R4_F4,3,207,0,0.41717211152867373
R4_F4,3,215,0,0.09296082169149122
R4_F4,3,217,1,0.4703865792177493
R4_F4,3,226,0,0.7223827412580164
R4_F4,3,229,0,0.054522725110367744
R4_F4,3,235,0,0.09795752163492631
R4_F4,3,240,1,0.4512043030172941
R4_F4,3,247,0,0.2998301800556303
R4_F4,3,251,0,0.5226922497961651
R4_F4,3,252,0,0.4081257141392878
R4_F4,3,254,0,0.4230592115049281
R4_F4,3,255,1,0.4688981927637282
R4_F4,3,261,0,0.18445951146736417
R4_F4,3,263,1,0.20469264739549553
R4_F4,3,268,0,0.5968109558175115
R4_F4,3,282,1,0.7461277997597028
R4_F4,3,288,0,0.48805073066996446
R4_F4,3,302,0,0.05005957636992215
R4_F4,3,308,0,0.07897707083947891
R4_F4,3,309,0,0.12003611351769106
R4_F4,3,312,0,0.27126739170241765
R4_F4,3,315,0,0.7496365532641732
R4_F4,3,316,0,0.6321859429251948
R4_F4,3,318,1,0.2856409575751002
R4_F4,3,320,1,0.42677372350175546
R4_F4,3,321,0,0.35694989750776024
R4_F4,3,326,0,0.5011463558765559
R4_F4,3,329,1,0.767456932945695
R4_F4,3,330,0,0.055611182089407
R4_F4,3,333,0,0.22923583063659667
R4_F4,3,340,0,0.01845104581278231
R4_F4,3,348,0,0.07387595568655646
R4_F4,3,353,0,0.3988666592469486
R4_F4,3,357,0,0.08944128358237524
R4_F4,3,371,0,0.25053666747236286
R4_F4,3,379,1,0.35856862787779087
R4_F4,3,382,0,0.4011661869616195
R4_F4,3,386,1,0.2617789163917409
R4_F4,3,392,0,0.11378111448006423
R4_F4,3,399,0,0.656804640954069
R4_F4,3,407,0,0.1539415972880295
R4_F4,3,411,0,0.13956176016401511
R4_F4,3,418,1,0.5166374884220483
R4_F4,3,422,0,0.20896723923691474
R4_F4,3,423,0,0.011840772235838832
R4_F4,3,433,0,0.45858387298747755
R4_F4,3,436,0,0.07034032918743377
R4_F4,3,441,0,0.07881196773693717
R4_F4,3,453,1,0.4497452855586135
R4_F4,3,462,0,0.20712172678803206
R4_F4,3,473,1,0.40232222740150075
R4_F4,3,475,0,0.20631759904729008
R4_F4,3,476,0,0.43709800142301686
R4_F4,3,481,1,0.7210484181824456
R4_F4,3,484,0,0.16236189668232612
R4_F4,3,485,1,0.6362585967056397
R4_F4,3,492,1,0.7016998323997047
R4_F4,3,497,0,0.4893271783262598
R4_F4,3,499,1,0.5184979751881347
R4_F4,3,500,0,0.1603047711987137
R4_F4,3,501,0,0.21023095058682773
R4_F4,3,505,0,0.02701441278413445
R4_F4,3,508,0,0.1461409926437638
R4_F4,3,512,1,0.24304720042415529
R4_F4,3,515,0,0.11293697860254374
R4_F4,3,517,1,0.7902081333063419
R4_F4,3,525,0,0.8730335057398356
R4_F4,3,533,0,0.48896784925666625
R4_F4,3,534,0,0.2352222512178972
R4_F4,3,544,0,0.48348890533149813
R4_F4,3,545,0,0.08138804086447983
R4_F4,3,548,0,0.10850826866313318
R4_F4,3,550,0,0.09846888604002546
R4_F4,3,551,0,0.17039140615156334
R4_F4,3,554,0,0.17382915497723742
R4_F4,3,561,0,0.3302200843254635
R4_F4,3,586,1,0.7963933532041397
R4_F4,3,589,0,0.3688476826882628
R4_F4,3,592,0,0.07356709284439295
R4_F4,3,594,0,0.6636838572855757
R4_F4,3,597,0,0.08777283334305004
R4_F4,3,598,0,0.6440367860594839
R4_F4,3,608,0,0.4311757434840568
R4_F4,3,610,1,0.06232019161203609
R4_F4,3,620,1,0.7128607805661483
R4_F4,3,623,0,0.27073561822286507
R4_F4,3,628,1,0.7648307573612426
R4_F4,3,641,1,0.3898857938030908
R4_F4,3,653,0,0.015867581035034897
R4_F4,3,657,1,0.6746551741286577
R4_F4,3,670,0,0.1380564351995653
R4_F4,3,672,0,0.03634811872047433
R4_F4,3,673,0,0.1639695874606309
R4_F4,3,674,1,0.1967074565352603
R4_F4,3,678,0,0.18850036625875136
R4_F4,3,686,0,0.1695123604923788
R4_F4,3,689,0,0.3371103830741906
R4_F4,3,694,0,0.20166063324523806
R4_F4,3,696,0,0.35575881614939053
R4_F4,3,703,0,0.2003240446854773
R4_F4,3,705,1,0.32182840867345824
R4_F4,3,708,0,0.254731178232285
R4_F4,3,711,0,0.6082667515447854
R4_F4,3,715,0,0.03397076738179965
R4_F4,3,716,0,0.2994283206355302
R4_F4,3,723,0,0.1076367741262582
R4_F4,3,732,1,0.7081599056569687
R4_F4,3,734,0,0.27740295752212235
R4_F4,3,739,0,0.7487598670728896
R4_F4,3,741,0,0.029992841122917807
R4_F4,3,742,0,0.6596258670391127
R4_F4,3,746,0,0.7317075376155341
R4_F4,3,747,1,0.6015542473660145
R4_F4,3,748,1,0.256781049798322
R4_F4,3,764,0,0.42719140546486506
R4_F4,3,774,0,0.25014117765235067
R4_F4,3,779,1,0.9256540082128089
R4_F4,3,784,1,0.17417980995232826
R4_F4,3,789,0,0.5729034477860497
R4_F4,3,793,0,0.30810407761000796
R4_F4,4,3,0,0.6414700839735601
R4_F4,4,5,0,0.13480447903289047
R4_F4,4,6,0,0.38891027485881263
R4_F4,4,22,0,0.27170680541525927
R4_F4,4,24,0,0.5551485007923601
R4_F4,4,29,0,0.27004015376907586
R4_F4,4,41,0,0.40900992336531944
R4_F4,4,48,0,0.5165400425864989
R4_F4,4,51,0,0.28567984688635056
R4_F4,4,52,1,0.41238018909420693
R4_F4,4,54,0,0.4393919086446066
R4_F4,4,59,0,0.30600893927971756
R4_F4,4,61,0,0.2558290442191757
R4_F4,4,69,0,0.5459338477468997
R4_F4,4,73,0,0.21385687312644644
R4_F4,4,74,1,0.07873293261660215
R4_F4,4,75,0,0.20814927573075884
R4_F4,4,85,0,0.08367470249955215
R4_F4,4,91,0,0.4789066222797292
R4_F4,4,94,0,0.04703397270562043
R4_F4,4,96,0,0.1436457902232841
R4_F4,4,101,0,0.1926133340788715
R4_F4,4,103,0,0.5574759294258683
R4_F4,4,105,0,0.19817546141734424
R4_F4,4,107,0,0.6644035077665985
R4_F4,4,119,0,0.04809843097744573
R4_F4,4,120,0,0.0391073369499441
R4_F4,4,124,0,0.5539129812137819
R4_F4,4,128,0,0.3501601214702427
R4_F4,4,141,0,0.16009887977079448
R4_F4,4,145,0,0.7182273452431498
R4_F4,4,146,0,0.13841762657021384
R4_F4,4,148,1,0.7248965241162727
R4_F4,4,157,1,0.38425494979881125
R4_F4,4,158,0,0.05468485118411779
R4_F4,4,159,1,0.746439459368656
R4_F4,4,165,1,0.4459297817420293
R4_F4,4,176,0,0.5355180859365052
R4_F4,4,193,0,0.10835181527770621
R4_F4,4,195,0,0.2499734666424053
R4_F4,4,205,0,0.3033205416036212
R4_F4,4,210,0,0.17373334345166835
R4_F4,4,213,0,0.0839046992816873
R4_F4,4,225,0,0.8583837061754506
R4_F4,4,231,0,0.25346860246772335
R4_F4,4,237,1,0.45491246200934077
R4_F4,4,243,1,0.2936013454692363
R4_F4,4,256,1,0.7854617017748655
R4_F4,4,260,0,0.3329870084049422
R4_F4,4,264,1,0.8762421632649878
R4_F4,4,267,1,0.25975130595997675
R4_F4,4,270,0,0.4433759656242356
R4_F4,4,274,0,0.04872702789207292
R4_F4,4,275,0,0.4146815207769962
R4_F4,4,277,0,0.2672428683701638
R4_F4,4,286,0,0.5573744334145613
R4_F4,4,292,0,0.026933179982844852
R4_F4,4,297,0,0.31743113110539706
R4_F4,4,298,0,0.42511813306047186
R4_F4,4,304,0,0.31515951154145294
R4_F4,4,307,0,0.4395973501645631
R4_F4,4,317,0,0.6114767169910821
R4_F4,4,328,0,0.10189642122926083
R4_F4,4,336,0,0.13487197066179715
R4_F4,4,341,1,0.5035864734747643
R4_F4,4,342,0,0.09007128063916377
R4_F4,4,343,1,0.5781850451973877
R4_F4,4,344,0,0.22353551275417236
R4_F4,4,351,0,0.11306906056576327
R4_F4,4,352,0,0.5358973557125335
R4_F4,4,354,1,0.21303587979256122
R4_F4,4,363,0,0.18894040833397643
R4_F4,4,370,0,0.39173395687557316
R4_F4,4,374,0,0.5759024792925791
R4_F4,4,388,0,0.20420874316157153
R4_F4,4,390,1,0.7613385123597194
R4_F4,4,395,1,0.7240265903410107
R4_F4,4,404,0,0.061065892097589315
R4_F4,4,406,0,0.15363430976031786
R4_F4,4,408,1,0.5823861009546958
R4_F4,4,419,1,0.8242221373427959
R4_F4,4,432,1,0.8377781121632862
R4_F4,4,442,0,0.10334152732577799
R4_F4,4,446,1,0.4202297245292863
R4_F4,4,447,1,0.49863360334480095
R4_F4,4,451,0,0.3955410827191394
R4_F4,4,472,0,0.22314479125572528
R4_F4,4,477,0,0.4005924333800069
R4_F4,4,478,1,0.6363412315133617
R4_F4,4,483,0,0.41469772881969735
R4_F4,4,486,1,0.6831366709533558
R4_F4,4,490,1,0.481286081280685
R4_F4,4,491,0,0.14232876608777856
R4_F4,4,496,0,0.6802664614558446
R4_F4,4,504,1,0.46461729501689913
R4_F4,4,524,1,0.6376402076411399
R4_F4,4,527,1,0.6785105901285421
R4_F4,4,530,1,0.7192646511921575
R4_F4,4,539,0,0.3221325212624477
R4_F4,4,540,0,0.5015483678011553
R4_F4,4,542,0,0.18451080267934436
R4_F4,4,560,0,0.42416218330663563
R4_F4,4,567,1,0.16962476641348578
R4_F4,4,568,0,0.28216028727828785
R4_F4,4,569,0,0.327959103237962
R4_F4,4,577,0,0.02214788968622558
R4_F4,4,582,1,0.6713848416627918
R4_F4,4,587,1,0.851480451939732
R4_F4,4,588,0,0.3616373653331577
R4_F4,4,590,1,0.4738215046107832
R4_F4,4,596,0,0.5772318009689106
R4_F4,4,601,0,0.5500770019147928
R4_F4,4,602,0,0.6955943382911735
R4_F4,4,603,1,0.5579193981714419
R4_F4,4,606,0,0.3502122362605848
R4_F4,4,611,1,0.755974358950592
R4_F4,4,613,1,0.08604940061763455
R4_F4,4,617,1,0.2281062439314424
R4_F4,4,619,0,0.3771052446244794
R4_F4,4,621,0,0.08599517985191911
R4_F4,4,629,0,0.08509166644143536
R4_F4,4,634,0,0.0769836358583829
R4_F4,4,635,0,0.39684892537085276
R4_F4,4,637,0,0.4552971821464434
R4_F4,4,639,0,0.026083246704175955
R4_F4,4,642,0,0.540089921173942
R4_F4,4,649,0,0.6677740238491245
R4_F4,4,650,0,0.018145229025934236
R4_F4,4,658,1,0.7290316472983042
R4_F4,4,660,0,0.8920298584276622
R4_F4,4,664,0,0.20880203672923062
R4_F4,4,667,1,0.8948485208921535
R4_F4,4,671,0,0.22722352148378566
R4_F4,4,675,0,0.2337571067516726
R4_F4,4,682,0,0.019055564947113208
R4_F4,4,687,1,0.5261939256508048
R4_F4,4,700,0,0.23185369822865506
R4_F4,4,701,0,0.0599346665876081
R4_F4,4,702,0,0.23922449654708153
R4_F4,4,704,0,0.07617956411273645
R4_F4,4,712,0,0.23218690922603277
R4_F4,4,713,0,0.07928140938386931
R4_F4,4,727,0,0.4009875546304809
R4_F4,4,730,1,0.6282210377507556
R4_F4,4,731,1,0.7634112111044651
R4_F4,4,735,1,0.5260522424343742
R4_F4,4,740,1,0.43064923129249255
R4_F4,4,749,0,0.29258528220243557
R4_F4,4,754,0,0.024000782028734704
R4_F4,4,757,1,0.19368945225255843
R4_F4,4,760,1,0.6287324647087414
R4_F4,4,770,0,0.21700170981546055
R4_F4,4,772,0,0.3357551546494227
R4_F4,4,773,1,0.26469150835102345
R4_F4,4,775,0,0.2422604397267686
R4_F4,4,788,0,0.08404805732953409
R4_F4,4,790,0,0.8023325912054168
R4_F4,4,794,0,0.10680956556026651
R4_F4,4,798,1,0.7077274931716678
R4_F4,4,799,0,0.4432614161015729
R4_F4,5,1,1,0.5754689010833594
R4_F4,5,14,0,0.782329618912515
R4_F4,5,18,0,0.2200347205959461
R4_F4,5,20,0,0.03857002050783749
R4_F4,5,23,0,0.13100260874984265
R4_F4,5,25,0,0.47849907329226654
R4_F4,5,28,1,0.18292729992236256
R4_F4,5,33,0,0.26094538748334256
R4_F4,5,37,0,0.08376092000027939
R4_F4,5,38,0,0.3330741437823404
R4_F4,5,42,0,0.1732659558214048
R4_F4,5,50,0,0.30201562938402504
R4_F4,5,53,0,0.2554928413994293
R4_F4,5,56,0,0.2933524626342358
R4_F4,5,60,1,0.7146926627535306
R4_F4,5,63,0,0.6143084016119348
R4_F4,5,72,0,0.021341293784283302
R4_F4,5,83,0,0.10751390366945641
R4_F4,5,90,0,0.650974920361451
R4_F4,5,98,0,0.2741386888330682
R4_F4,5,99,1,0.7190303282264864
R4_F4,5,100,0,0.06649260091285501
R4_F4,5,111,0,0.079633444378279
R4_F4,5,112,1,0.18895158172114732
R4_F4,5,113,0,0.126379032032258
R4_F4,5,115,0,0.8060949673677804
R4_F4,5,122,0,0.06310367403320355
R4_F4,5,125,0,0.35124549762502205
R4_F4,5,127,0,0.7252260851605968
R4_F4,5,137,0,0.2551692338872284
R4_F4,5,140,1,0.7980690798484621
R4_F4,5,143,0,0.12514359860810284
R4_F4,5,149,0,0.029203559292417705
R4_F4,5,150,1,0.5240012145608289
R4_F4,5,151,0,0.07185360571704459
R4_F4,5,154,0,0.6797326954319393
R4_F4,5,155,1,0.17441444325320207
R4_F4,5,168,0,0.04574999310146349
R4_F4,5,169,0,0.025176413067770704
R4_F4,5,179,0,0.06819447177377601
R4_F4,5,181,1,0.5506870335671524
R4_F4,5,187,1,0.6975975896945391
R4_F4,5,188,1,0.8223388874181642
R4_F4,5,190,1,0.766702940924504
R4_F4,5,197,0,0.14000375766692913
R4_F4,5,216,0,0.7973601176936489
R4_F4,5,222,0,0.11022547154141671
R4_F4,5,223,0,0.039440867059410016
R4_F4,5,228,0,0.42168168258942146
R4_F4,5,232,0,0.5351679962733156
R4_F4,5,233,1,0.7297916962307611
R4_F4,5,238,1,0.2010514808638334
R4_F4,5,241,0,0.0920634487357747
R4_F4,5,242,1,0.7236356304257777
R4_F4,5,245,0,0.5469148990447286
R4_F4,5,257,0,0.22493380460899162
R4_F4,5,258,0,0.27322349544582447
R4_F4,5,265,1,0.3800302077032942
R4_F4,5,266,1,0.766218702315718
R4_F4,5,276,1,0.22354843991542758
R4_F4,5,278,1,0.39372775227039924
R4_F4,5,279,0,0.02834087829036805
R4_F4,5,283,0,0.007312478973831968
R4_F4,5,284,0,0.09431112901793835
R4_F4,5,289,0,0.19836988300388914
R4_F4,5,290,1,0.49205263398254667
R4_F4,5,291,0,0.07077985229331983
R4_F4,5,296,0,0.22110175388860298
R4_F4,5,305,1,0.7986912686403843
R4_F4,5,313,0,0.12611425081801617
R4_F4,5,327,1,0.08455568557284855
R4_F4,5,331,1,0.4973536017508575
R4_F4,5,332,0,0.7167258760214258
R4_F4,5,337,0,0.22184672453036866
R4_F4,5,339,0,0.1984051293965987
R4_F4,5,345,0,0.37926840093507547
R4_F4,5,356,1,0.861767916023576
R4_F4,5,358,0,0.11618486301037391
R4_F4,5,359,1,0.34478530953753106
R4_F4,5,360,0,0.1834324908689541
R4_F4,5,362,1,0.5527376187559159
R4_F4,5,367,0,0.5762415866648286
R4_F4,5,373,0,0.37907072411824
R4_F4,5,377,1,0.5270479291985309
R4_F4,5,381,0,0.18486691761612375
R4_F4,5,415,0,0.596292099993464
R4_F4,5,416,0,0.06633432742049065
R4_F4,5,420,0,0.43929229870447123
R4_F4,5,421,0,0.4432572414218354
R4_F4,5,427,0,0.12773316923066214
R4_F4,5,428,0,0.18859602496766192
R4_F4,5,429,0,0.22309990862937712
R4_F4,5,430,1,0.2998076569429223
R4_F4,5,445,0,0.7479817613264306
R4_F4,5,449,0,0.4748235477068275
R4_F4,5,455,0,0.3896526275668475
R4_F4,5,457,1,0.7519667641136589
R4_F4,5,463,0,0.148460719745815
R4_F4,5,465,0,0.38904799710395355
R4_F4,5,466,1,0.3447439470001976
R4_F4,5,467,0,0.3062414345923002
R4_F4,5,471,1,0.5809371562481668
R4_F4,5,474,1,0.14192551192452643
R4_F4,5,482,1,0.4021190513234539
R4_F4,5,503,0,0.6282585683155565
R4_F4,5,509,0,0.09794216217980457
R4_F4,5,520,0,0.08294970412345977
R4_F4,5,528,0,0.011836626601197992
R4_F4,5,529,0,0.5269715031203843
R4_F4,5,532,0,0.7878334676157429
R4_F4,5,535,1,0.7187204472503179
R4_F4,5,541,1,0.37497643036566997
R4_F4,5,549,1,0.5976327940982823
R4_F4,5,558,0,0.11135644773809239
R4_F4,5,559,0,0.3811341238165739
R4_F4,5,564,0,0.16662877875772608
R4_F4,5,565,0,0.07461635453629045
R4_F4,5,571,1,0.7725654110212526
R4_F4,5,572,0,0.41619232972178183
R4_F4,5,573,0,0.18814968742493518
R4_F4,5,576,0,0.14903835338607282
R4_F4,5,578,0,0.2706258735432772
R4_F4,5,579,0,0.45302334506984393
R4_F4,5,585,0,0.09438902723527133
R4_F4,5,591,0,0.40858490873682846
R4_F4,5,612,0,0.04744929030504497
R4_F4,5,615,1,0.29089627353163
R4_F4,5,622,0,0.019215847035526798
R4_F4,5,626,0,0.11302896917903044
R4_F4,5,633,1,0.1603965228041716
R4_F4,5,638,0,0.049767696308989556
R4_F4,5,643,0,0.4531923914663099
R4_F4,5,659,0,0.09408197419645752
R4_F4,5,662,0,0.17103303294505023
R4_F4,5,665,1,0.3246788291860871
R4_F4,5,668,0,0.2890886264958265
R4_F4,5,669,1,0.1580506791750728
R4_F4,5,679,0,0.44915008106605003
R4_F4,5,693,0,0.058994544234061454
R4_F4,5,697,0,0.341161047906418
R4_F4,5,707,0,0.1882615759560516
R4_F4,5,717,1,0.36752505722457823
R4_F4,5,718,1,0.32225262754343387
R4_F4,5,719,0,0.16242029301017305
R4_F4,5,722,0,0.511172423529557
R4_F4,5,725,1,0.4163838871759727
R4_F4,5,726,0,0.27557245214809695
R4_F4,5,737,1,0.7909847969841105
R4_F4,5,750,0,0.04431445710652857
R4_F4,5,751,0,0.20564355835690104
R4_F4,5,752,0,0.07081488513610835
R4_F4,5,756,0,0.23272815763353324
R4_F4,5,761,1,0.2836519445431171
R4_F4,5,762,1,0.7366356853386217
R4_F4,5,763,0,0.8071842199593018
R4_F4,5,777,0,0.2237983505598051
R4_F4,5,778,0,0.3248620739017299
R4_F4,5,780,0,0.1404213805931163
R4_F4,5,785,1,0.21608723849301556
R4_F4,5,792,0,0.524797748764085
R4_F5,1,11,1,0.8538599151722109
R4_F5,1,14,1,0.7030596796580921
R4_F5,1,15,0,0.026541014431303342
R4_F5,1,19,0,0.1429485121371267
R4_F5,1,30,0,0.41759192254128097
R4_F5,1,32,0,0.18664300334856276
R4_F5,1,37,0,0.21619791557108348
R4_F5,1,40,0,0.017758495997148117
R4_F5,1,41,1,0.6667210291585652
R4_F5,1,53,1,0.2550424123250881
R4_F5,1,56,0,0.02415079345354426
R4_F5,1,58,0,0.4662389420303155
R4_F5,1,68,0,0.0354398832181558
R4_F5,1,69,0,0.37627991491175194
R4_F5,1,73,0,0.030079639216174084
R4_F5,1,76,0,0.44130839890127144
R4_F5,1,78,1,0.9117869525575081
R4_F5,1,82,0,0.07908340462115405
R4_F5,1,86,1,0.5666027551567091
R4_F5,1,89,0,0.38972802265373363
R4_F5,1,109,0,0.14660939817375837
R4_F5,1,113,0,0.4065994074270886
R4_F5,1,120,0,0.4023333745610003
R4_F5,1,126,0,0.6885206539944514
R4_F5,1,130,0,0.8221421649917594
R4_F5,1,136,0,0.2311635289759535
R4_F5,1,144,1,0.43967487764439106
R4_F5,1,147,0,0.0840067217785625
R4_F5,1,153,0,0.23144900215672057
R4_F5,1,155,1,0.052839199447608946
R4_F5,1,158,1,0.36541306661105666
R4_F5,1,162,0,0.18230960485150707
R4_F5,1,167,0,0.787442898461347
R4_F5,1,170,0,0.11846449751814692
R4_F5,1,178,0,0.13163602972318586
R4_F5,1,187,0,0.06146233533545189
R4_F5,1,193,0,0.04807968753586201
R4_F5,1,199,0,0.2174829206143868
R4_F5,1,203,1,0.2218972991809511
R4_F5,1,206,0,0.055494557263061677
R4_F5,1,208,0,0.036984716975251936
R4_F5,1,209,1,0.7629308999377001
R4_F5,1,213,0,0.4605172963441217
R4_F5,1,217,0,0.3869651444439752
R4_F5,1,220,0,0.08822896430109596
R4_F5,1,223,0,0.04634967933787012
R4_F5,1,225,0,0.35208904925757367
R4_F5,1,227,0,0.19416451127244136
R4_F5,1,237,0,0.07347534073169948
R4_F5,1,245,0,0.09099173748254964
R4_F5,1,246,0,0.06372727831244081
R4_F5,1,248,1,0.15515984440488437
R4_F5,1,252,0,0.10296540634185987
R4_F5,1,260,0,0.16414546117013934
R4_F5,1,262,0,0.1503261207384057
R4_F5,1,264,1,0.8009457351983493
R4_F5,1,267,0,0.11590997919559258
R4_F5,1,271,0,0.12860928818714853
R4_F5,1,275,1,0.6685166517726367
R4_F5,1,281,0,0.18219976839386506
R4_F5,1,285,0,0.030804423023782394
R4_F5,1,287,0,0.14219999052721008
R4_F5,1,293,1,0.21116678611153503
R4_F5,1,302,0,0.6739582943935711
R4_F5,1,307,1,0.840529784685964
R4_F5,1,319,0,0.28376357198652397
R4_F5,1,320,0,0.29358636642472163
R4_F5,1,323,0,0.746289115996019
R4_F5,1,332,0,0.23890565103359593
R4_F5,1,333,0,0.2941830694993543
R4_F5,1,338,0,0.703964931415309
R4_F5,1,343,1,0.4378431016922481
R4_F5,1,349,1,0.25379372854605675
R4_F5,1,356,0,0.17959561986062167
R4_F5,1,366,0,0.09828919439528978
R4_F5,1,367,1,0.8206953259465392
R4_F5,1,374,0,0.054175393900760704
R4_F5,1,375,1,0.6040964822542403
R4_F5,1,378,0,0.2656480757221686
R4_F5,1,381,0,0.1739582152385847
R4_F5,1,387,1,0.3739036112732899
R4_F5,1,398,1,0.20193010301118253
R4_F5,1,399,0,0.06480062024179052
R4_F5,1,409,0,0.32457353139469314
R4_F5,1,411,0,0.27727149887376695
R4_F5,1,413,1,0.03353316673880307
R4_F5,1,440,0,0.20288621797284365
R4_F5,1,446,0,0.03380399220804379
R4_F5,1,447,1,0.6242696685914703
R4_F5,1,450,1,0.7646028983897549
R4_F5,1,464,1,0.8468923406917281
R4_F5,1,467,0,0.6701712036428434
R4_F5,1,473,0,0.13833767116783857
R4_F5,1,477,1,0.14368725009016037
R4_F5,1,478,0,0.5755709241359893
R4_F5,1,485,1,0.28739663380505315
R4_F5,1,487,0,0.0545085455303899
R4_F5,1,489,1,0.5308134118220954
R4_F5,1,493,0,0.24623446404665747
R4_F5,1,497,1,0.3412735777643298
R4_F5,1,498,1,0.2259199591602218
R4_F5,1,511,0,0.28449527619109033
R4_F5,1,512,1,0.5882829192760773
R4_F5,1,515,1,0.039590876459665816
R4_F5,1,524,0,0.008574867123262017
R4_F5,1,535,0,0.6519391186767167
R4_F5,1,541,1,0.14097216283407796
R4_F5,1,553,0,0.08530054826791635
R4_F5,1,558,0,0.47927053626619576
R4_F5,1,561,0,0.044640076496473564
R4_F5,1,566,1,0.35024962889336925
R4_F5,1,572,0,0.3308778384512896
R4_F5,1,574,0,0.2585322508657746
R4_F5,1,575,1,0.7749975618409234
R4_F5,1,587,0,0.21629074290043082
R4_F5,1,588,1,0.36317829516419325
R4_F5,1,594,0,0.08596860404162965
R4_F5,1,601,0,0.4660812420819696
R4_F5,1,603,0,0.7193579886332572
R4_F5,1,608,0,0.04406371712927537
R4_F5,1,610,0,0.4797051929696707
R4_F5,1,620,0,0.0878153043724138
R4_F5,1,622,0,0.07754174419202585
R4_F5,1,639,0,0.21924918252784184
R4_F5,1,641,0,0.2401229277372552
R4_F5,1,643,0,0.10726658815994909
R4_F5,1,655,0,0.032943298347136586
R4_F5,1,658,0,0.11947906087760189
R4_F5,1,660,0,0.18273918208654716
R4_F5,1,674,0,0.08792405654039855
R4_F5,1,680,0,0.11939513938898798
R4_F5,1,681,1,0.15253922104808984
R4_F5,1,686,0,0.0632441599447029
R4_F5,1,687,1,0.8292105289006014
R4_F5,1,688,0,0.5099950109332622
R4_F5,1,694,1,0.09332441723111744
R4_F5,1,696,0,0.6984172047764744
R4_F5,1,699,0,0.6727230301829762
R4_F5,1,700,0,0.05036443105868937
R4_F5,1,702,0,0.16388506916443332
R4_F5,1,706,0,0.2129016577624985
R4_F5,1,711,0,0.1839830529147254
R4_F5,1,723,0,0.1654946091598
R4_F5,1,732,1,0.7615807136280175
R4_F5,1,733,1,0.7160500140983809
R4_F5,1,734,0,0.02346357849137118
R4_F5,1,736,0,0.14359039295621817
R4_F5,1,739,1,0.8186493317286265
R4_F5,1,745,0,0.04396257502614322
R4_F5,1,754,0,0.7805646148374367
R4_F5,1,755,1,0.7035138865499627
R4_F5,1,764,0,0.11231563595924139
R4_F5,1,766,0,0.5071863194011702
R4_F5,1,772,0,0.5775765679913331
R4_F5,1,775,0,0.20188011637317635
R4_F5,1,777,0,0.2422922364070006
R4_F5,1,781,0,0.5449850659787431
R4_F5,1,782,1,0.17210589026838372
R4_F5,1,789,0,0.20442691798382365
R4_F5,1,792,0,0.6283173261440048
R4_F5,2,0,0,0.04907301079090843
R4_F5,2,1,1,0.6733259819071522
R4_F5,2,5,0,0.41445476950871685
R4_F5,2,9,1,0.6326171755471177
R4_F5,2,12,0,0.3350221734269221
R4_F5,2,17,1,0.6831541744499292
R4_F5,2,22,0,0.24880683123949895
R4_F5,2,23,1,0.8316991673565793
R4_F5,2,31,0,0.3060442316714887
R4_F5,2,42,0,0.2082857416950933
R4_F5,2,44,0,0.40906573363929905
R4_F5,2,46,1,0.8023331515988416
R4_F5,2,48,0,0.03405309174108281
R4_F5,2,49,1,0.7982704049178108
R4_F5,2,52,0,0.38978579189231594
R4_F5,2,65,0,0.2610509486031288
R4_F5,2,77,0,0.13569206220526223
R4_F5,2,79,0,0.03780631016189575
R4_F5,2,83,0,0.20741547688503914
R4_F5,2,88,0,0.1866439252775404
R4_F5,2,95,1,0.5216206173721235
R4_F5,2,96,0,0.25684934022321454
R4_F5,2,103,1,0.3288380748156483
R4_F5,2,114,0,0.1492526636762793
R4_F5,2,115,0,0.6820699511262381
R4_F5,2,116,0,0.7662812328076631
R4_F5,2,117,1,0.4871691700557652
R4_F5,2,123,0,0.022259254611412926
R4_F5,2,132,0,0.04145766055365272
R4_F5,2,134,0,0.07488005312679669
R4_F5,2,137,0,0.12141826391375006
R4_F5,2,146,0,0.654480097157409
R4_F5,2,154,0,0.7136796263022157
R4_F5,2,157,0,0.06806312574343422
R4_F5,2,160,0,0.1732631344954428
R4_F5,2,163,1,0.3594712403093688
R4_F5,2,164,0,0.06366762433288514
R4_F5,2,177,0,0.7656086190785566
R4_F5,2,183,1,0.5725095754308526
R4_F5,2,188,0,0.15951786345083596
R4_F5,2,189,0,0.01758534485284356
R4_F5,2,196,0,0.05877561703761755
R4_F5,2,202,0,0.4054664996835016
R4_F5,2,205,1,0.6806144772639158
R4_F5,2,210,0,0.08570863916554623
R4_F5,2,215,1,0.3657590754850226
R4_F5,2,219,0,0.13396263742372375
R4_F5,2,221,1,0.37230209316869994
R4_F5,2,226,1,0.1936822921315153
R4_F5,2,229,0,0.05006054577055854
R4_F5,2,239,0,0.40576938301063664
R4_F5,2,257,0,0.5370087957404973
R4_F5,2,259,1,0.7842685220602027
R4_F5,2,261,0,0.5145199212082487
R4_F5,2,269,0,0.055575633648700225
R4_F5,2,272,1,0.7055950548250266
R4_F5,2,276,0,0.6688343898344214
R4_F5,2,282,0,0.07640630287436624
R4_F5,2,283,0,0.09230665721524949
R4_F5,2,291,0,0.18534268508051213
R4_F5,2,301,0,0.022563923317284698
R4_F5,2,308,1,0.6390220033755519
R4_F5,2,309,0,0.23641254036373552
R4_F5,2,321,0,0.3262158923519464
R4_F5,2,327,1,0.44952690059303496
R4_F5,2,335,0,0.38130027935686345
R4_F5,2,340,0,0.17694094515257838
R4_F5,2,347,0,0.20818400940550297
R4_F5,2,351,0,0.08306866816611491
R4_F5,2,357,0,0.352938891642182
R4_F5,2,361,1,0.40729283788595677
R4_F5,2,368,0,0.04507975117445598
R4_F5,2,376,0,0.27016970069909835
R4_F5,2,390,0,0.16889467460191399
R4_F5,2,397,0,0.06931754063650336
R4_F5,2,406,1,0.7372578494538246
R4_F5,2,407,0,0.040340392843098045
R4_F5,2,412,1,0.892344219878722
R4_F5,2,414,0,0.11241138459226231
R4_F5,2,420,0,0.21431286986988016
R4_F5,2,423,0,0.147748699608759
R4_F5,2,427,0,0.08917188883625078
R4_F5,2,432,0,0.017662698444578656
R4_F5,2,434,0,0.41266411958677734
R4_F5,2,435,0,0.5656642572158763
R4_F5,2,437,0,0.1139485903950616
R4_F5,2,441,1,0.8306074940739876
R4_F5,2,445,1,0.2307742982312125
R4_F5,2,454,1,0.6129917484737238
R4_F5,2,458,1,0.63199587261145
R4_F5,2,462,0,0.05821012910380732
R4_F5,2,466,0,0.0869850399666161
R4_F5,2,470,0,0.1451926837318471
R4_F5,2,471,0,0.16240857825736169
R4_F5,2,482,1,0.8480881728356288
R4_F5,2,502,1,0.5193626016707601
R4_F5,2,513,1,0.778504073897487
R4_F5,2,520,1,0.7192629524522133
R4_F5,2,521,0,0.8793324766970256
R4_F5,2,522,1,0.6339462629627829
R4_F5,2,523,1,0.29805313226124713
R4_F5,2,526,1,0.6817041365987534
R4_F5,2,527,0,0.1742311441739118
R4_F5,2,528,0,0.8911460845084397
R4_F5,2,529,0,0.20515620546786742
R4_F5,2,536,1,0.386362283993891
R4_F5,2,537,0,0.2276677563015582
R4_F5,2,542,0,0.15197524142734375
R4_F5,2,545,0,0.6414648170962886
R4_F5,2,549,0,0.27177690317490777
R4_F5,2,550,0,0.20969937221741933
R4_F5,2,551,0,0.28978353858034434
R4_F5,2,562,0,0.06290686178908493
R4_F5,2,567,0,0.2802334118552197
R4_F5,2,570,1,0.41588284415557
R4_F5,2,579,0,0.04153879622031428
R4_F5,2,582,0,0.24286506188823934
R4_F5,2,585,1,0.6521998525714587
R4_F5,2,589,0,0.20255072100157082
R4_F5,2,596,1,0.6756258763233496
R4_F5,2,612,1,0.1011907332059947
R4_F5,2,617,1,0.5242752971755809
R4_F5,2,619,1,0.13696849688216647
R4_F5,2,623,0,0.21015852619120015
R4_F5,2,625,0,0.021522363509413805
R4_F5,2,626,0,0.3938832002790371
R4_F5,2,645,0,0.31973413987638544
R4_F5,2,646,0,0.44162949990272676
R4_F5,2,656,0,0.06914210252020325
R4_F5,2,657,1,0.5241479141198292
R4_F5,2,662,0,0.5328829564255342
R4_F5,2,667,0,0.41199682445551183
R4_F5,2,677,1,0.16851127404437496
R4_F5,2,679,0,0.3457179568564834
R4_F5,2,683,1,0.21256426244877935
R4_F5,2,684,1,0.4493567891212174
R4_F5,2,693,0,0.159233147189519
R4_F5,2,695,0,0.47675076203979083
R4_F5,2,707,0,0.08199325786450153
R4_F5,2,724,0,0.14314374006623534
R4_F5,2,725,0,0.0854864206375147
R4_F5,2,730,0,0.3723735546657146
R4_F5,2,743,0,0.5719365827937
R4_F5,2,744,1,0.34318838886309333
R4_F5,2,746,0,0.06963723961231123
R4_F5,2,749,0,0.044256790037336735
R4_F5,2,762,0,0.27863302479056523
R4_F5,2,763,0,0.1504419942455113
R4_F5,2,765,1,0.7958218748200562
R4_F5,2,767,0,0.05914313238039351
R4_F5,2,774,0,0.317379147153985
R4_F5,2,778,1,0.8824639452310264
R4_F5,2,785,1,0.48691776323340497
R4_F5,2,786,0,0.04297530496678304
R4_F5,2,788,0,0.4577987075086527
R4_F5,2,790,0,0.11604847167343701
R4_F5,2,795,0,0.04982530944401379
R4_F5,2,797,0,0.10132762834716107
R4_F5,2,798,1,0.8530638785835344
R4_F5,2,799,0,0.3343303907291532
R4_F5,3,3,0,0.607993689885047
R4_F5,3,4,1,0.8454536642323364
R4_F5,3,16,0,0.7617942145830158
R4_F5,3,18,0,0.2610792491670561
R4_F5,3,21,0,0.04247623507049886
R4_F5,3,24,0,0.24186161534701864
R4_F5,3,38,0,0.22646383673741122
R4_F5,3,47,0,0.23544699272051176
R4_F5,3,54,0,0.2655477861872604
R4_F5,3,59,1,0.4088274112075063
R4_F5,3,61,1,0.7598099673138848
R4_F5,3,71,0,0.3408805813207807
R4_F5,3,72,1,0.5260910165570897
R4_F5,3,80,0,0.3330830665897249
R4_F5,3,81,0,0.2611429453895063
R4_F5,3,85,1,0.4158430397074202
R4_F5,3,91,0,0.6152874367796791
R4_F5,3,100,0,0.047187650407952746
R4_F5,3,101,0,0.2362104765104508
R4_F5,3,102,0,0.15250025217227034
R4_F5,3,104,0,0.5107702024230321
R4_F5,3,108,1,0.7459971200330173
R4_F5,3,111,0,0.511622992104825
R4_F5,3,118,0,0.2021035515292158
R4_F5,3,121,0,0.041577224257736606
R4_F5,3,127,0,0.2478800180496152
R4_F5,3,135,0,0.6233931133890797
R4_F5,3,145,1,0.1974029897661916
R4_F5,3,165,0,0.539848762657655
R4_F5,3,172,1,0.22694807518929563
R4_F5,3,174,0,0.8821037596121609
R4_F5,3,182,1,0.5710000263136147
R4_F5,3,185,1,0.3366216069370574
R4_F5,3,191,1,0.7019866845642881
R4_F5,3,201,0,0.029804662876967526
R4_F5,3,216,0,0.09790645032721539
R4_F5,3,232,0,0.4573279667995764
R4_F5,3,238,1,0.6250433650181737
R4_F5,3,241,0,0.49017186121716816
R4_F5,3,243,0,0.2855154595660327
R4_F5,3,253,1,0.4313386979394438
R4_F5,3,256,0,0.29938275509654017
R4_F5,3,258,1,0.6043368421900068
R4_F5,3,263,0,0.5110974709813516
R4_F5,3,265,0,0.2527375516447022
R4_F5,3,279,0,0.5500953181750735
R4_F5,3,280,0,0.46386605610977855
R4_F5,3,284,0,0.6005714802416361
R4_F5,3,286,1,0.14860316162356693
R4_F5,3,289,0,0.01497731612339188
R4_F5,3,290,1,0.7469843971455413
R4_F5,3,299,1,0.5911811950980342
R4_F5,3,303,1,0.7058502484120566
R4_F5,3,304,0,0.2834722865947925
R4_F5,3,310,0,0.15231689317919803
R4_F5,3,312,0,0.06483500773694471
R4_F5,3,316,0,0.5633843915089267
R4_F5,3,317,0,0.32459767448657
R4_F5,3,330,0,0.314215650843785
R4_F5,3,345,1,0.5732957304484425
R4_F5,3,346,0,0.3150697874505152
R4_F5,3,353,0,0.3568018859442958
R4_F5,3,358,1,0.10506708164150354
R4_F5,3,363,0,0.4409469537731823
R4_F5,3,364,0,0.37460218159629627
R4_F5,3,371,0,0.0892378321775053
R4_F5,3,382,0,0.1937084064519062
R4_F5,3,383,1,0.7134812134007363
R4_F5,3,385,0,0.07719184127969372
R4_F5,3,386,1,0.5398173204595768
R4_F5,3,389,1,0.8100316586686573
R4_F5,3,394,0,0.24243567159872148
R4_F5,3,396,0,0.07111583841127743
R4_F5,3,401,0,0.3858764976049361
R4_F5,3,405,1,0.37979303991411983
R4_F5,3,418,1,0.6096771385005607
R4_F5,3,421,0,0.5604667256347683
R4_F5,3,426,0,0.05158020252867692
R4_F5,3,429,0,0.10763780618333744
R4_F5,3,433,1,0.8695976481968485
R4_F5,3,438,1,0.42707368367160425
R4_F5,3,439,0,0.26731403294397116
R4_F5,3,442,0,0.29820613153684755
R4_F5,3,449,0,0.21660002079091645
R4_F5,3,468,0,0.4100692267432196
R4_F5,3,474,1,0.8028486943386476
R4_F5,3,475,0,0.33154522853048224
R4_F5,3,483,1,0.5877891252267563
R4_F5,3,492,0,0.6504699207410579
R4_F5,3,495,0,0.24874616750323478
R4_F5,3,496,0,0.1480327823192128
R4_F5,3,504,0,0.06697239410345471
R4_F5,3,505,1,0.6746227315423449
R4_F5,3,508,1,0.7570775847915306
R4_F5,3,510,0,0.7084850880272459
R4_F5,3,514,0,0.5407834329467573
R4_F5,3,516,0,0.03325066742641601
R4_F5,3,517,0,0.16101950723434957
R4_F5,3,518,1,0.44756686044048655
R4_F5,3,519,1,0.6006495040338126
R4_F5,3,525,0,0.7037285588285229
R4_F5,3,530,0,0.41803290791707864
R4_F5,3,531,1,0.5578509589084061
R4_F5,3,534,0,0.3697356168832908
R4_F5,3,539,0,0.14625474499524801
R4_F5,3,543,0,0.08300206332538963
R4_F5,3,544,1,0.6771485618787135
R4_F5,3,546,0,0.2584723094776448
R4_F5,3,552,0,0.5372110826347316
R4_F5,3,554,0,0.7110813422585506
R4_F5,3,559,0,0.22934599185736482
R4_F5,3,565,1,0.17122993694750197
R4_F5,3,578,1,0.8518214099236509
R4_F5,3,581,0,0.18367322264373095
R4_F5,3,586,1,0.6761862347583799
R4_F5,3,590,1,0.9069940954544843
R4_F5,3,591,0,0.1575065653867835
R4_F5,3,592,0,0.6045352686213714
R4_F5,3,595,0,0.7165014057734655
R4_F5,3,613,1,0.7661706379868661
R4_F5,3,615,1,0.08393443773100402
R4_F5,3,616,0,0.14866738871542703
R4_F5,3,618,0,0.5376235597752447
R4_F5,3,624,1,0.7949149692622396
R4_F5,3,627,1,0.7759964724469275
R4_F5,3,636,1,0.3739499002993389
R4_F5,3,638,0,0.04569264468996401
R4_F5,3,642,0,0.2527882954948931
R4_F5,3,652,1,0.7672714804653827
R4_F5,3,666,0,0.5911349906095009
R4_F5,3,669,1,0.9222985542514154
R4_F5,3,675,0,0.07816045224126285
R4_F5,3,678,0,0.2792967611237095
R4_F5,3,682,0,0.21745666723953097
R4_F5,3,698,0,0.2698484890102805
R4_F5,3,704,1,0.7116285235596017
R4_F5,3,705,0,0.05847799180202214
R4_F5,3,708,1,0.31873760395656064
R4_F5,3,709,1,0.629671042941505
R4_F5,3,714,0,0.027960693826960658
R4_F5,3,719,0,0.726889361986356
R4_F5,3,720,0,0.021040181613538416
R4_F5,3,726,0,0.5374386033143991
R4_F5,3,729,0,0.16849893617928344
R4_F5,3,737,0,0.2335963211431009
R4_F5,3,740,1,0.6081752859559559
R4_F5,3,741,0,0.0685605990764436
R4_F5,3,751,0,0.10387464746797175
R4_F5,3,757,1,0.1748036158934769
R4_F5,3,761,1,0.6220672495131748
R4_F5,3,768,0,0.743072745767064
R4_F5,3,769,0,0.3048600875412756
R4_F5,3,773,1,0.23421756328295307
R4_F5,3,779,1,0.9092441117984653
R4_F5,3,783,1,0.8263447837431306
R4_F5,3,784,1,0.6193618558529217
R4_F5,3,787,0,0.056335619117196194
R4_F5,3,791,0,0.334898998113184
R4_F5,3,794,0,0.08599914310344714
R4_F5,3,796,0,0.5257273276909795
R4_F5,4,2,0,0.013421417314992481
R4_F5,4,6,0,0.18070217674191955
R4_F5,4,10,1,0.8077100919080923
R4_F5,4,26,0,0.5608650733622264
R4_F5,4,27,0,0.0782287879979567
R4_F5,4,29,1,0.5955491148204765
R4_F5,4,33,0,0.1636286419700186
R4_F5,4,36,0,0.16246222424552376
R4_F5,4,39,0,0.1711780269261464
R4_F5,4,43,1,0.2102400973332114
R4_F5,4,45,0,0.6576535985682307
R4_F5,4,50,0,0.4382570252034423
R4_F5,4,55,0,0.3704100878767558
R4_F5,4,57,0,0.2967147112198846
R4_F5,4,60,0,0.15740948297634014
R4_F5,4,63,0,0.6638363657332724
R4_F5,4,64,1,0.14729333296184474
R4_F5,4,67,0,0.3016717923360435
R4_F5,4,70,1,0.7755406301459612
R4_F5,4,75,1,0.053982457071404026
R4_F5,4,87,0,0.36778724180815314
R4_F5,4,92,1,0.373604731750057
R4_F5,4,97,1,0.3189826178083832
R4_F5,4,98,0,0.11778105642045612
R4_F5,4,107,0,0.6979353628228223
R4_F5,4,128,1,0.5377180279572827
R4_F5,4,129,0,0.08510759198908502
R4_F5,4,133,0,0.22549478220466046
R4_F5,4,141,1,0.9039987883072471
R4_F5,4,143,0,0.139825182744265
R4_F5,4,150,1,0.5363446296902483
R4_F5,4,156,1,0.5020358841435306
R4_F5,4,159,1,0.7303326316402293
R4_F5,4,161,0,0.7180430619920123
R4_F5,4,166,0,0.13288963881942198
R4_F5,4,168,0,0.034907267695588946
R4_F5,4,171,1,0.7348925701691383
R4_F5,4,173,0,0.6503305531553737
R4_F5,4,175,0,0.13898153702446803
R4_F5,4,179,0,0.1439782218721016
R4_F5,4,180,0,0.11359411469463358
R4_F5,4,186,0,0.14114853961544083
R4_F5,4,192,1,0.45475858711829736
R4_F5,4,194,0,0.4181261655352128
R4_F5,4,195,1,0.8168348745708561
R4_F5,4,207,0,0.2160346541439286
R4_F5,4,212,0,0.3057820172342233
R4_F5,4,214,0,0.1667212468454757
R4_F5,4,222,1,0.8723748096779976
R4_F5,4,228,0,0.056729252676319585
R4_F5,4,233,0,0.8776457909321745
R4_F5,4,236,1,0.4637828370408819
R4_F5,4,240,0,0.42197657998772414
R4_F5,4,244,0,0.44178074282774865
R4_F5,4,249,0,0.3778614709810288
R4_F5,4,251,0,0.14533020377439734
R4_F5,4,255,0,0.5382190392535716
R4_F5,4,266,0,0.6008478884773697
R4_F5,4,268,0,0.04567241538857177
R4_F5,4,270,0,0.6522460412048651
R4_F5,4,274,1,0.12812332275073005
R4_F5,4,277,0,0.6366201749329695
R4_F5,4,295,1,0.7096304535967198
R4_F5,4,297,0,0.2474182673738411
R4_F5,4,300,0,0.055421882066602646
R4_F5,4,305,0,0.05384306751196271
R4_F5,4,311,1,0.907444273502564
R4_F5,4,313,0,0.32065011448556774
R4_F5,4,314,1,0.7382998584420629
R4_F5,4,315,0,0.40451795784284145
R4_F5,4,331,1,0.3851215952455757
R4_F5,4,336,0,0.1997330094993238
R4_F5,4,337,1,0.15881389137753474
R4_F5,4,341,1,0.7789522585998713
R4_F5,4,342,0,0.03089388405115191
R4_F5,4,344,0,0.592404510154696
R4_F5,4,360,0,0.6931385066997295
R4_F5,4,362,0,0.25358017989127374
R4_F5,4,365,1,0.4452100178100875
R4_F5,4,370,1,0.19616152720670663
R4_F5,4,372,0,0.07965303679489456
R4_F5,4,373,0,0.39268549947362286
R4_F5,4,377,0,0.5196377273903786
R4_F5,4,379,0,0.558241047371045
R4_F5,4,380,0,0.38701611166522754
R4_F5,4,388,1,0.6961529426046998
R4_F5,4,392,0,0.14897088839025138
R4_F5,4,393,0,0.3041095799284601
R4_F5,4,395,0,0.6331193067242986
R4_F5,4,403,1,0.7712575295674163
R4_F5,4,408,0,0.19578750665425126
R4_F5,4,410,1,0.8448993284364356
R4_F5,4,416,0,0.2163056022436828
R4_F5,4,419,0,0.1955363320915493
R4_F5,4,422,0,0.2945768280899884
R4_F5,4,425,0,0.5704224368200602
R4_F5,4,430,0,0.27670619352729
R4_F5,4,431,0,0.4348377012292269
R4_F5,4,443,1,0.2860897743854818
R4_F5,4,448,0,0.14699542382223582
R4_F5,4,455,0,0.35492181616623014
R4_F5,4,461,1,0.6058824696785888
R4_F5,4,476,0,0.41027286818849823
R4_F5,4,481,1,0.6395395175549794
R4_F5,4,484,1,0.19951104323324942
R4_F5,4,486,0,0.4713075530785351
R4_F5,4,491,0,0.641062105225895
R4_F5,4,499,0,0.7643707181605066
R4_F5,4,500,0,0.07088423340017427
R4_F5,4,501,0,0.2199956087890489
R4_F5,4,503,0,0.09047965774699629
R4_F5,4,506,0,0.4793752661642088
R4_F5,4,507,1,0.44187322258837153
R4_F5,4,532,0,0.3576106365806577
R4_F5,4,538,0,0.06632661223082195
R4_F5,4,548,0,0.13616466150755335
R4_F5,4,556,0,0.27434673568394835
R4_F5,4,557,0,0.576515889240266
R4_F5,4,560,0,0.10252223320130842
R4_F5,4,563,0,0.05753959131087267
R4_F5,4,576,0,0.05122118829931058
R4_F5,4,580,0,0.02735097767925042
R4_F5,4,597,0,0.6636302636808648
R4_F5,4,599,1,0.6520026023057194
R4_F5,4,602,0,0.11394940512710157
R4_F5,4,607,1,0.7014318407854255
R4_F5,4,609,0,0.3433943871864915
R4_F5,4,611,0,0.060979544008746674
R4_F5,4,614,0,0.05757668322249585
R4_F5,4,628,0,0.0969253703298099
R4_F5,4,630,0,0.4263763667804384
R4_F5,4,631,0,0.16049873447577748
R4_F5,4,632,0,0.3216115871422312
R4_F5,4,633,0,0.0881953429397188
R4_F5,4,635,1,0.697229205723526
R4_F5,4,644,0,0.1675241583685244
R4_F5,4,649,1,0.7214168454554878
R4_F5,4,650,0,0.2117564961602566
R4_F5,4,651,1,0.35742333601424675
R4_F5,4,653,1,0.7576803339457773
R4_F5,4,672,1,0.8574196883823135
R4_F5,4,676,1,0.6014874593815365
R4_F5,4,689,0,0.1736698708681067
R4_F5,4,691,1,0.18574742370761335
R4_F5,4,703,0,0.8883989823936534
R4_F5,4,712,0,0.4825245927225503
R4_F5,4,718,0,0.04265140118907155
R4_F5,4,722,0,0.09831675703456201
R4_F5,4,727,0,0.6082576145836603
R4_F5,4,728,0,0.5441889631305664
R4_F5,4,747,0,0.7341704910804939
R4_F5,4,748,1,0.8289519192297413
R4_F5,4,753,0,0.5613197070581862
R4_F5,4,756,0,0.24120953165624537
R4_F5,4,759,1,0.41229463033714087
R4_F5,4,760,1,0.2732687316855588
R4_F5,4,770,1,0.13776233095901688
R4_F5,4,771,0,0.5839775992125675
R4_F5,4,776,0,0.3432700491277488
R4_F5,4,793,0,0.7913686507153456
R4_F5,5,7,0,0.508195016473315
R4_F5,5,8,0,0.04308857648544965
R4_F5,5,13,1,0.5039050832215867
R4_F5,5,20,0,0.06814283924288651
R4_F5,5,25,0,0.4408852963560436
R4_F5,5,28,0,0.4519267766763297
R4_F5,5,34,0,0.5069608573677712
R4_F5,5,35,0,0.14706500212865525
R4_F5,5,51,0,0.291494508087474
R4_F5,5,62,0,0.2657285566752108
R4_F5,5,66,0,0.39902309292735594
R4_F5,5,74,0,0.08827739705161103
R4_F5,5,84,0,0.657845229576555
R4_F5,5,90,0,0.7332398591761305
R4_F5,5,93,0,0.2793872447813435
R4_F5,5,94,0,0.06790011104522455
R4_F5,5,99,1,0.5058336402325554
R4_F5,5,105,1,0.37475175011819345
R4_F5,5,106,1,0.42175086505059856
R4_F5,5,110,0,0.4789973604540913
R4_F5,5,112,0,0.1503584946790353
R4_F5,5,119,0,0.5964114901737121
R4_F5,5,122,0,0.6027946426195184
R4_F5,5,124,0,0.11295255197546455
R4_F5,5,125,0,0.02017841498866427
R4_F5,5,131,0,0.41517190708061796
R4_F5,5,138,0,0.28624967599656054
R4_F5,5,139,0,0.19290685195049126
R4_F5,5,140,1,0.23708280531773052
R4_F5,5,142,0,0.1814897455490709
R4_F5,5,148,0,0.2390901325921544
R4_F5,5,149,1,0.6871109849146139
R4_F5,5,151,0,0.048876297183558216
R4_F5,5,152,1,0.4292375503773857
R4_F5,5,169,0,0.016762432319314652
R4_F5,5,176,0,0.3722602255178622
R4_F5,5,181,0,0.6171260273484296
R4_F5,5,184,1,0.07890594040445764
R4_F5,5,190,1,0.4629347855705636
R4_F5,5,197,1,0.713055892427013
R4_F5,5,198,0,0.05411742631387061
R4_F5,5,200,0,0.1483863760285126
R4_F5,5,204,0,0.13026767745058765
R4_F5,5,211,0,0.03268033020107123
R4_F5,5,218,1,0.28856317526130454
R4_F5,5,224,0,0.07269422342269229
R4_F5,5,230,0,0.29876515791670694
R4_F5,5,231,0,0.04615691041105439
R4_F5,5,234,0,0.7825317167070782
R4_F5,5,235,0,0.4378686770442573
R4_F5,5,242,1,0.7310335937072727
R4_F5,5,247,1,0.594915501383353
R4_F5,5,250,1,0.4380551365859917
R4_F5,5,254,0,0.5106199801511221
R4_F5,5,273,1,0.7620663370095859
R4_F5,5,278,0,0.5797041247797
R4_F5,5,288,1,0.10805408557425851
R4_F5,5,292,0,0.026531946460662596
R4_F5,5,294,0,0.12493765494030518
R4_F5,5,296,0,0.6387163983258338
R4_F5,5,298,0,0.25655170210094375
R4_F5,5,306,0,0.5784748587987282
R4_F5,5,318,0,0.08067660433303657
R4_F5,5,322,0,0.43726822450486774
R4_F5,5,324,0,0.1050666530724812
R4_F5,5,325,0,0.0502224687567898
R4_F5,5,326,0,0.722831765519667
R4_F5,5,328,0,0.051629418706440194
R4_F5,5,329,0,0.1594790677268729
R4_F5,5,334,1,0.467077443599849
R4_F5,5,339,0,0.03338303787714741
R4_F5,5,348,0,0.06199402377418939
R4_F5,5,350,0,0.4356223127244368
R4_F5,5,352,0,0.032941180626974216
R4_F5,5,354,0,0.04104022135384919
R4_F5,5,355,0,0.31790307554514524
R4_F5,5,359,0,0.08033360447493225
R4_F5,5,369,0,0.18206020590095892
R4_F5,5,384,0,0.3818987821264867
R4_F5,5,391,0,0.4382953938691669
R4_F5,5,400,0,0.06062104959672083
R4_F5,5,402,0,0.03252558491680019
R4_F5,5,404,0,0.2753211181766184
R4_F5,5,415,1,0.5843643237961733
R4_F5,5,417,0,0.196910217373558
R4_F5,5,424,0,0.047656493192163356
R4_F5,5,428,1,0.8913146516047222
R4_F5,5,436,1,0.5340934703808352
R4_F5,5,444,0,0.6176942106799799
R4_F5,5,451,0,0.2886116828026704
R4_F5,5,452,0,0.4215488070851204
R4_F5,5,453,1,0.5595062927148969
R4_F5,5,456,1,0.703905534860926
R4_F5,5,457,0,0.43450673686801267
R4_F5,5,459,0,0.5228492136223625
R4_F5,5,460,0,0.41773447235188105
R4_F5,5,463,0,0.4644436886737446
R4_F5,5,465,1,0.7724730925667685
R4_F5,5,469,0,0.25913545963557555
R4_F5,5,472,0,0.35712438410583286
R4_F5,5,479,0,0.28889997445336807
R4_F5,5,480,1,0.8228273509793258
R4_F5,5,488,0,0.11185075418482866
R4_F5,5,490,1,0.2493669256785159
R4_F5,5,494,1,0.6022062351642145
R4_F5,5,509,0,0.11373800403946845
R4_F5,5,533,0,0.5315492215943628
R4_F5,5,540,0,0.11255789775175383
R4_F5,5,547,0,0.29408387950137127
R4_F5,5,555,0,0.08278937373566436
R4_F5,5,564,0,0.576047985024798
R4_F5,5,568,0,0.6468222042672945
R4_F5,5,569,0,0.16329344067943793
R4_F5,5,571,1,0.7973808405709567
R4_F5,5,573,0,0.10870619551389844
R4_F5,5,577,0,0.17812467321072104
R4_F5,5,583,0,0.2988389956295649
R4_F5,5,584,1,0.3475480278994792
R4_F5,5,593,1,0.50695612767765
R4_F5,5,598,0,0.08498464926903608
R4_F5,5,600,0,0.6712913547564581
R4_F5,5,604,0,0.7108685177920729
R4_F5,5,605,0,0.4027136255002905
R4_F5,5,606,0,0.6084149846366714
R4_F5,5,621,1,0.5948373214571775
R4_F5,5,629,0,0.3558056957588766
R4_F5,5,634,1,0.8398970329463135
R4_F5,5,637,0,0.0550692214145981
R4_F5,5,640,0,0.1973299577112916
R4_F5,5,647,1,0.7913924375570635
R4_F5,5,648,0,0.09191114007519428
R4_F5,5,654,0,0.8049897263918884
R4_F5,5,659,1,0.5902835748663451
R4_F5,5,661,0,0.10715890707132329
R4_F5,5,663,1,0.520434954851419
R4_F5,5,664,1,0.2520675739684856
R4_F5,5,665,1,0.47670848262689386
R4_F5,5,668,1,0.9096146175233412
R4_F5,5,670,0,0.36678359864493704
R4_F5,5,671,1,0.2483926466654067
R4_F5,5,673,0,0.23577182725832582
R4_F5,5,685,0,0.015018678827656463
R4_F5,5,690,0,0.05644851548257607
R4_F5,5,692,1,0.6837446285465111
R4_F5,5,697,0,0.05775491916561542
R4_F5,5,701,0,0.3029971403119483
R4_F5,5,710,1,0.8527356347269343
R4_F5,5,713,0,0.39133366413417825
R4_F5,5,715,0,0.4078082469162954
R4_F5,5,716,0,0.2581733449358397
R4_F5,5,717,0,0.06356028370366819
R4_F5,5,721,0,0.2345568468397297
R4_F5,5,731,1,0.5216460028044857
R4_F5,5,735,1,0.3621926671757247
R4_F5,5,738,1,0.7869404602896976
R4_F5,5,742,0,0.725783269743458
R4_F5,5,750,0,0.13397677200227848
R4_F5,5,752,0,0.024497865350471142
R4_F5,5,758,1,0.037981077833358294
R4_F5,5,780,0,0.11566042904522493
R5_F1,1,0,0,0.06467491374681832
R5_F1,1,1,1,0.7585888728634496
R5_F1,1,16,0,0.0658268542098123
R5_F1,1,18,0,0.16283954357814082
R5_F1,1,22,0,0.2902478667063386
R5_F1,1,30,0,0.5322979504334092
R5_F1,1,31,0,0.5308912716458494
R5_F1,1,37,0,0.26514568194776605
R5_F1,1,38,0,0.2901601032225709
R5_F1,1,39,0,0.49246021381692673
R5_F1,1,54,0,0.5579476095231762
R5_F1,1,65,0,0.10235294484927122
R5_F1,1,67,0,0.03133882757658025
R5_F1,1,70,0,0.31889607058306907
R5_F1,1,72,1,0.8990701414036953
R5_F1,1,78,0,0.19253548643664967
R5_F1,1,79,1,0.4229788035614693
R5_F1,1,80,1,0.5930583800774388
R5_F1,1,81,0,0.3127511119495155
R5_F1,1,84,0,0.45571384617077676
R5_F1,1,89,1,0.39868908708297085
R5_F1,1,96,0,0.5753010315925581
R5_F1,1,102,0,0.4359450913346999
R5_F1,1,103,0,0.3934884192830177
R5_F1,1,117,0,0.6021659856419402
R5_F1,1,118,0,0.26627242588483296
R5_F1,1,121,0,0.052650631909184016
R5_F1,1,125,0,0.12329586162981787
R5_F1,1,126,0,0.11134041315109038
R5_F1,1,132,1,0.7860645676155715
R5_F1,1,146,1,0.6807214048792295
R5_F1,1,154,0,0.08512181513065574
R5_F1,1,159,0,0.27945478287202064
R5_F1,1,168,0,0.15623882047323998
R5_F1,1,171,0,0.4526647567909012
R5_F1,1,172,0,0.07619624805489882
R5_F1,1,176,0,0.8056378121192332
R5_F1,1,178,0,0.14040029558506878
R5_F1,1,184,0,0.11161160813476363
R5_F1,1,185,0,0.3167493407719489
R5_F1,1,189,0,0.2839621045711269
R5_F1,1,194,0,0.22877951527252782
R5_F1,1,197,0,0.32527558123416334
R5_F1,1,199,1,0.8070300597429068
R5_F1,1,204,0,0.45311305480036507
R5_F1,1,205,0,0.03446765492718777
R5_F1,1,208,0,0.35818378529758466
R5_F1,1,209,1,0.48124461815811914
R5_F1,1,211,0,0.04805327479912114
R5_F1,1,213,1,0.31285433059565476
R5_F1,1,223,0,0.49755330923086794
R5_F1,1,227,1,0.5425749270257546
R5_F1,1,234,0,0.12101522776458107
R5_F1,1,236,0,0.134527387467304
R5_F1,1,238,1,0.22706353966025347
R5_F1,1,246,0,0.36932606291248127
R5_F1,1,250,0,0.4777779822640121
R5_F1,1,252,0,0.44875632625846146
R5_F1,1,254,1,0.6354030246542247
R5_F1,1,269,0,0.841926919167209
R5_F1,1,272,0,0.7562566633927704
R5_F1,1,282,0,0.11317620943455658
R5_F1,1,291,1,0.8569289820914959
R5_F1,1,297,0,0.6640884601698946
R5_F1,1,298,0,0.5286123087272796
R5_F1,1,302,0,0.12749219660063374
R5_F1,1,316,0,0.11809035818118348
R5_F1,1,319,1,0.3210622608784946
R5_F1,1,346,1,0.7373187779811041
R5_F1,1,354,1,0.24710116833451715
R5_F1,1,356,0,0.2674601591153904
R5_F1,1,360,0,0.23903766947368757
R5_F1,1,369,0,0.2160715309436323
R5_F1,1,377,0,0.09491189491158464
R5_F1,1,382,0,0.10816463988771846
R5_F1,1,390,0,0.21408903159266793
R5_F1,1,398,1,0.424935890283213
R5_F1,1,412,0,0.018240993468730895
R5_F1,1,422,1,0.4188223316914493
R5_F1,1,423,1,0.16202163150850288
R5_F1,1,424,0,0.05176581388008047
R5_F1,1,425,1,0.5617210595108408
R5_F1,1,430,0,0.05216250684795045
R5_F1,1,437,1,0.6016892752346371
R5_F1,1,438,1,0.25601517012216973
R5_F1,1,440,1,0.6468023856550805
R5_F1,1,446,0,0.15541995125137956
R5_F1,1,451,1,0.48371499448591493
R5_F1,1,454,1,0.6790184993295307
R5_F1,1,474,0,0.22755086984560993
R5_F1,1,493,0,0.16347975959176678
R5_F1,1,494,0,0.6009848373577499
R5_F1,1,500,0,0.7274432721732381
R5_F1,1,505,0,0.37347060533165166
R5_F1,1,510,1,0.739733930604444
R5_F1,1,511,0,0.8858926768669105
R5_F1,1,512,1,0.3344105326042249
R5_F1,1,518,0,0.5613413912397297
R5_F1,1,521,0,0.08922568621268416
R5_F1,1,525,0,0.5628383816295461
R5_F1,1,530,0,0.507637801227543
R5_F1,1,531,0,0.1851072424368838
R5_F1,1,536,0,0.2222837041413466
R5_F1,1,541,0,0.4272243346126945
R5_F1,1,543,0,0.1343125772305574
R5_F1,1,548,0,0.5207646196801826
R5_F1,1,550,0,0.16820082981220405
R5_F1,1,552,0,0.07897114507107607
R5_F1,1,558,1,0.3203380849256565
R5_F1,1,562,0,0.48390634734364085
R5_F1,1,568,1,0.8030999802158109
R5_F1,1,569,0,0.07600012043573502
R5_F1,1,578,1,0.7926391995868579
R5_F1,1,580,0,0.1267611421515984
R5_F1,1,583,0,0.06748479591158796
R5_F1,1,589,0,0.07439497293320432
R5_F1,1,596,0,0.025325457897380426
R5_F1,1,599,0,0.20786982948700147
R5_F1,1,600,1,0.05599534738517795
R5_F1,1,603,0,0.15286387521281417
R5_F1,1,608,0,0.14853392589292058
R5_F1,1,610,0,0.01837610649554391
R5_F1,1,613,0,0.34151668425489384
R5_F1,1,616,0,0.4267900264856304
R5_F1,1,617,0,0.01732246377770012
R5_F1,1,622,0,0.25279398239497197
R5_F1,1,630,0,0.2307323536452928
R5_F1,1,634,0,0.20076222290869292
R5_F1,1,650,0,0.09786641070043223
R5_F1,1,653,1,0.6763229844985786
R5_F1,1,657,0,0.23166788820801879
R5_F1,1,674,0,0.3469183420410325
R5_F1,1,676,0,0.27948100220451927
R5_F1,1,680,0,0.09600608130510663
R5_F1,1,683,0,0.07573439083039495
R5_F1,1,692,0,0.26534732818590695
R5_F1,1,693,0,0.6980803354820213
R5_F1,1,694,0,0.039163991758438925
R5_F1,1,699,0,0.8636883961880852
R5_F1,1,703,0,0.06990256987375999
R5_F1,1,723,0,0.30030456643843717
R5_F1,1,729,1,0.6707045636136071
R5_F1,1,735,0,0.29760535589355613
R5_F1,1,739,0,0.06064583239080295
R5_F1,1,742,1,0.5902720948591459
R5_F1,1,750,0,0.03739309338724788
R5_F1,1,753,0,0.35977923280522656
R5_F1,1,754,0,0.7913248391588926
R5_F1,1,759,0,0.4039647772654275
R5_F1,1,764,0,0.17265804533392434
R5_F1,1,772,0,0.39210126045274424
R5_F1,1,774,0,0.25636413266474267
R5_F1,1,775,0,0.29121864617364285
R5_F1,1,777,1,0.8743954749112396
R5_F1,1,778,1,0.8759236817892996
R5_F1,1,781,0,0.12960723447913602
R5_F1,1,786,1,0.3941558487006654
R5_F1,1,790,0,0.12014584796565886
R5_F1,1,795,0,0.05541798765470293
R5_F1,1,796,0,0.10684535150358232
R5_F1,2,6,0,0.026730573371706715
R5_F1,2,7,1,0.7241668094292008
R5_F1,2,15,0,0.12130248930815608
R5_F1,2,17,0,0.3829333441351385
R5_F1,2,33,1,0.6820623316200969
R5_F1,2,36,0,0.600820769203514
R5_F1,2,44,0,0.30708135911757406
R5_F1,2,45,1,0.19507093775142156
R5_F1,2,49,1,0.6463567995401306
R5_F1,2,53,0,0.2850955585256448
R5_F1,2,61,1,0.07271053121429816
R5_F1,2,64,0,0.31634003013588546
R5_F1,2,71,0,0.13902940214748397
R5_F1,2,75,0,0.45287145026715875
R5_F1,2,83,0,0.2631284082517055
R5_F1,2,87,0,0.49962865739730916
R5_F1,2,90,1,0.573013233010467
R5_F1,2,93,0,0.10052762266391828
R5_F1,2,95,0,0.35102638303221956
R5_F1,2,100,0,0.5782586312648667
R5_F1,2,106,1,0.13141427831669042
R5_F1,2,111,1,0.6248755124487816
R5_F1,2,122,0,0.46410080713894875
R5_F1,2,124,0,0.2781309071614106
R5_F1,2,130,1,0.5925979141443499
R5_F1,2,133,1,0.15220455695362992
R5_F1,2,137,0,0.23132827470508222
R5_F1,2,143,0,0.0636675267593949
R5_F1,2,144,1,0.32762234934295514
R5_F1,2,149,1,0.3948539354445925
R5_F1,2,151,0,0.07455618555451644
R5_F1,2,157,0,0.058315992177641114
R5_F1,2,167,0,0.029557056435047618
R5_F1,2,169,0,0.6286953224833222
R5_F1,2,170,0,0.08182388183074756
R5_F1,2,180,0,0.014576819428496743
R5_F1,2,183,1,0.3918630261963487
R5_F1,2,188,0,0.08188347641800614
R5_F1,2,195,1,0.7547552399040361
R5_F1,2,196,0,0.17144256200342264
R5_F1,2,202,0,0.5297686002719059
R5_F1,2,206,1,0.3491905970775173
R5_F1,2,210,0,0.09884194689356407
R5_F1,2,217,0,0.05813248226186705
R5_F1,2,221,0,0.8753315944750849
R5_F1,2,222,0,0.6218636162117949
R5_F1,2,232,0,0.22504280670661278
R5_F1,2,247,1,0.7008365337148336
R5_F1,2,248,0,0.07828154801857029
R5_F1,2,258,0,0.10383528374747253
R5_F1,2,259,0,0.06000797888958667
R5_F1,2,263,0,0.17487570974705413
R5_F1,2,265,1,0.7512576038809323
R5_F1,2,271,0,0.5931124945548342
R5_F1,2,275,1,0.2282225622729155
R5_F1,2,277,1,0.3923285067151852
R5_F1,2,283,0,0.6226991748013312
R5_F1,2,290,0,0.24529700428126597
R5_F1,2,292,0,0.048531209823694604
R5_F1,2,295,0,0.36298075263033275
R5_F1,2,303,0,0.6338675333325279
R5_F1,2,307,0,0.41153916234878324
R5_F1,2,308,0,0.35933935104744535
R5_F1,2,311,0,0.00589492084139161
R5_F1,2,312,0,0.3387199507098977
R5_F1,2,313,0,0.19065468125825794
R5_F1,2,321,0,0.1669604985146085
R5_F1,2,348,0,0.11337815356894328
R5_F1,2,349,0,0.10826399131299758
R5_F1,2,361,1,0.8413415149357242
R5_F1,2,364,1,0.7017758781778453
R5_F1,2,365,1,0.5809187220495327
R5_F1,2,368,0,0.16348801770378432
R5_F1,2,374,0,0.07681064129105819
R5_F1,2,380,0,0.3060465571315277
R5_F1,2,383,0,0.12671993161728393
R5_F1,2,384,0,0.2497188338604913
R5_F1,2,392,1,0.8831085654530001
R5_F1,2,394,0,0.07502499298955417
R5_F1,2,395,1,0.4271752684221844
R5_F1,2,400,0,0.27034155246836866
R5_F1,2,405,0,0.03600825969847933
R5_F1,2,406,0,0.16403983864229185
R5_F1,2,418,0,0.41008963820878286
R5_F1,2,420,1,0.8295861783860201
R5_F1,2,426,0,0.11923436993313219
R5_F1,2,429,0,0.07739522010828091
R5_F1,2,442,1,0.5008019108859734
R5_F1,2,459,1,0.5459512375681147
R5_F1,2,466,1,0.4983788947230254
R5_F1,2,468,0,0.2275443883799255
R5_F1,2,469,0,0.09447882887627752
R5_F1,2,472,0,0.5464639686324033
R5_F1,2,481,1,0.24530720101045667
R5_F1,2,486,0,0.08164665937256005
R5_F1,2,487,1,0.5241303362501767
R5_F1,2,489,1,0.4125204534048001
R5_F1,2,492,1,0.4896450848338403
R5_F1,2,501,0,0.1501811761950381
R5_F1,2,503,1,0.8254830510004544
R5_F1,2,504,1,0.16494141423879352
R5_F1,2,519,0,0.5558589056450917
R5_F1,2,522,0,0.29518484072797874
R5_F1,2,533,0,0.2201133881987086
R5_F1,2,537,0,0.14478918437017188
R5_F1,2,545,0,0.128115877260734
R5_F1,2,549,0,0.43053317078848646
R5_F1,2,560,0,0.631884487595765
R5_F1,2,581,0,0.44882920038172736
R5_F1,2,590,0,0.5580566676363198
R5_F1,2,594,1,0.6579419092275113
R5_F1,2,595,0,0.051272265135666274
R5_F1,2,601,0,0.03883195104649458
R5_F1,2,602,1,0.15614788748119782
R5_F1,2,612,0,0.022739143289834774
R5_F1,2,614,0,0.4308072388808187
R5_F1,2,615,0,0.11051613570976948
R5_F1,2,618,0,0.3061981850999562
R5_F1,2,621,1,0.8215264383963535
R5_F1,2,623,0,0.186144840059423
R5_F1,2,624,0,0.06681946752925666
R5_F1,2,626,1,0.7134626853987068
R5_F1,2,628,1,0.4735121259785231
R5_F1,2,633,0,0.15973137448959404
R5_F1,2,646,1,0.6053197613117137
R5_F1,2,648,1,0.5637770148740232
R5_F1,2,651,0,0.11361649279933476
R5_F1,2,655,0,0.4519681599445746
R5_F1,2,658,0,0.13251949091196122
R5_F1,2,659,0,0.6601179341094204
R5_F1,2,660,1,0.8135047612103076
R5_F1,2,667,1,0.7431976027093524
R5_F1,2,671,0,0.08716265625591242
R5_F1,2,673,0,0.2419956306573452
R5_F1,2,675,1,0.08069904323078203
R5_F1,2,685,1,0.5287695563215141
R5_F1,2,686,0,0.12749556249387214
R5_F1,2,690,0,0.8089318194939844
R5_F1,2,698,0,0.15462773475405234
R5_F1,2,702,0,0.038737354455083035
R5_F1,2,706,0,0.056746673113492886
R5_F1,2,711,0,0.6235913296658264
R5_F1,2,716,0,0.8176532680694665
R5_F1,2,717,0,0.15292507497224864
R5_F1,2,724,0,0.32511760601161654
R5_F1,2,736,1,0.8314547177762909
R5_F1,2,737,0,0.7404410815247268
R5_F1,2,743,0,0.11150113257903427
R5_F1,2,745,0,0.8292613858424058
R5_F1,2,757,1,0.11857366320531905
R5_F1,2,765,1,0.6432533451715465
R5_F1,2,766,0,0.08714326259541878
R5_F1,2,768,0,0.14762492301405739
R5_F1,2,769,1,0.1936273099545022
R5_F1,2,780,0,0.2539872306212521
R5_F1,2,782,0,0.22418107142709284
R5_F1,2,783,1,0.7180678758426736
R5_F1,2,788,0,0.5348442899792791
R5_F1,2,792,0,0.2653609043998477
R5_F1,2,797,0,0.41736730912506254
R5_F1,3,2,0,0.5998036550900925
R5_F1,3,3,0,0.37247544137404637
R5_F1,3,4,0,0.07558541021771016
R5_F1,3,5,0,0.5015140928254513
R5_F1,3,8,1,0.7555919454721961
R5_F1,3,23,0,0.7068790846655215
R5_F1,3,24,0,0.44409444182612673
R5_F1,3,25,0,0.1647877295583238
R5_F1,3,34,0,0.17983979890534205
R5_F1,3,40,0,0.29467341576665157
R5_F1,3,46,0,0.5712273725593153
R5_F1,3,47,1,0.8279241499659497
R5_F1,3,50,1,0.8539098398962485
R5_F1,3,56,1,0.6109806347125547
R5_F1,3,58,1,0.7475897911262642
R5_F1,3,60,0,0.5597941216575706
R5_F1,3,66,1,0.7895084909311567
R5_F1,3,68,0,0.1361766542284272
R5_F1,3,82,0,0.4300742319988975
R5_F1,3,85,0,0.5670400973836588
R5_F1,3,86,1,0.4864080507156596
R5_F1,3,88,0,0.03229632659366249
R5_F1,3,94,0,0.17366555660097693
R5_F1,3,97,1,0.4345304563130681
R5_F1,3,99,1,0.3770417347591249
R5_F1,3,101,1,0.8005203448112853
R5_F1,3,104,0,0.030471611605000292
R5_F1,3,110,0,0.8258992512601186
R5_F1,3,127,0,0.3134389280937072
R5_F1,3,131,0,0.1246569502451732
R5_F1,3,134,0,0.6362097689627618
R5_F1,3,140,1,0.4838105156946553
R5_F1,3,153,1,0.3905125998486723
R5_F1,3,173,0,0.07989109213603457
R5_F1,3,177,1,0.3666141956680454
R5_F1,3,182,1,0.5169214148325841
R5_F1,3,186,1,0.7729889604868223
R5_F1,3,192,1,0.317289848419483
R5_F1,3,201,0,0.05260262501753902
R5_F1,3,220,0,0.43938924645670796
R5_F1,3,226,0,0.07729675385581967
R5_F1,3,228,0,0.30029336006863233
R5_F1,3,231,1,0.7274965808080841
R5_F1,3,237,1,0.5406910898797167
R5_F1,3,251,0,0.16692641558102758
R5_F1,3,261,0,0.3345595357547467
R5_F1,3,262,0,0.26721355028206933
R5_F1,3,270,0,0.5041476183953417
R5_F1,3,274,0,0.055073507119711713
R5_F1,3,276,0,0.3177307440069093
R5_F1,3,287,0,0.031020139245523437
R5_F1,3,288,1,0.6368214494995827
R5_F1,3,293,0,0.18149196615298613
R5_F1,3,296,0,0.10306453651627139
R5_F1,3,299,0,0.12570948053141104
R5_F1,3,300,0,0.3024674232444124
R5_F1,3,306,0,0.11940252328931844
R5_F1,3,310,1,0.5319435616835902
R5_F1,3,314,1,0.1310710195616748
R5_F1,3,317,1,0.5424465081473274
R5_F1,3,318,0,0.05782721350295575
R5_F1,3,320,0,0.3377444068713302
R5_F1,3,322,0,0.10881942774861025
R5_F1,3,327,0,0.08048189436184704
R5_F1,3,328,0,0.02111176214316118
R5_F1,3,331,0,0.0433422518751028
R5_F1,3,334,0,0.48310438822765517
R5_F1,3,341,0,0.3729062759347814
R5_F1,3,350,0,0.20988550849443818
R5_F1,3,353,0,0.28152217836938515
R5_F1,3,359,0,0.4147622272313323
R5_F1,3,363,0,0.28277240657857483
R5_F1,3,370,0,0.35253943308528757
R5_F1,3,372,0,0.7312775262907262
R5_F1,3,373,0,0.3912423391149749
R5_F1,3,375,0,0.02755872186467213
R5_F1,3,396,0,0.17120097654248023
R5_F1,3,397,0,0.19991017917699916
R5_F1,3,399,0,0.18043209096348037
R5_F1,3,407,1,0.5618091189344853
R5_F1,3,414,0,0.3492891271904323
R5_F1,3,417,1,0.5018426447064308
R5_F1,3,419,0,0.3191865580282813
R5_F1,3,421,0,0.3323793506017483
R5_F1,3,427,0,0.28092319798491694
R5_F1,3,431,0,0.18745187208582628
R5_F1,3,432,1,0.49211200187093124
R5_F1,3,433,0,0.3948296856466831
R5_F1,3,434,1,0.6141104826571047
R5_F1,3,439,0,0.5165330352069458
R5_F1,3,441,1,0.5613956492527079
R5_F1,3,456,1,0.7568806337925625
R5_F1,3,457,0,0.2977130925621562
R5_F1,3,464,1,0.7472448242114904
R5_F1,3,465,1,0.6216903117896351
R5_F1,3,470,1,0.6322855582197304
R5_F1,3,480,0,0.4691861257702857
R5_F1,3,483,0,0.571019535571737
R5_F1,3,485,1,0.6159929086772472
R5_F1,3,488,1,0.22291461795545953
R5_F1,3,502,1,0.7364847147161123
R5_F1,3,506,1,0.4515579865273889
R5_F1,3,507,0,0.743727496982047
R5_F1,3,508,1,0.10884937534946641
R5_F1,3,509,1,0.6737520340552621
R5_F1,3,520,1,0.611593839949332
R5_F1,3,526,1,0.6037667344805029
R5_F1,3,532,1,0.20432442798194525
R5_F1,3,534,1,0.657279088673992
R5_F1,3,535,0,0.7337822493637104
R5_F1,3,544,0,0.8007133252100159
R5_F1,3,554,0,0.11375317119543464
R5_F1,3,556,0,0.4882821470661627
R5_F1,3,557,1,0.13051147451007672
R5_F1,3,564,0,0.3446289206849737
R5_F1,3,566,0,0.03241425951072813
R5_F1,3,571,0,0.22110488286646737
R5_F1,3,572,0,0.12543122571569165
R5_F1,3,575,1,0.6131519589281872
R5_F1,3,579,1,0.8465391457968877
R5_F1,3,585,1,0.7300268313348356
R5_F1,3,586,0,0.7038488981518406
R5_F1,3,591,0,0.452112666772231
R5_F1,3,592,0,0.4636728497592381
R5_F1,3,593,0,0.6877669251500472
R5_F1,3,598,1,0.7303387908260884
R5_F1,3,605,0,0.11814651036475547
R5_F1,3,606,1,0.532310386942789
R5_F1,3,629,0,0.5143975489242744
R5_F1,3,631,1,0.3012056636775238
R5_F1,3,636,0,0.5018833646055493
R5_F1,3,638,0,0.42776324496123025
R5_F1,3,641,0,0.021402427726627957
R5_F1,3,644,0,0.3409853864710611
R5_F1,3,652,0,0.854035520832514
R5_F1,3,654,0,0.11951724886429042
R5_F1,3,662,0,0.5851613407008546
R5_F1,3,665,0,0.2820685558737936
R5_F1,3,668,0,0.2555773352919159
R5_F1,3,669,0,0.1732214720961933
R5_F1,3,672,0,0.14097418917997256
R5_F1,3,687,0,0.026198335425945896
R5_F1,3,691,0,0.14372634874665305
R5_F1,3,713,0,0.29986047728197956
R5_F1,3,718,1,0.6532794032705506
R5_F1,3,721,0,0.22437274586917821
R5_F1,3,730,0,0.01905787688179598
R5_F1,3,732,1,0.524843134423745
R5_F1,3,733,1,0.5753428587462908
R5_F1,3,738,1,0.7143099902157551
R5_F1,3,749,1,0.8653856933703672
R5_F1,3,751,0,0.13135900001824727
R5_F1,3,752,0,0.11020118468605276
R5_F1,3,758,1,0.0652442608894905
R5_F1,3,763,0,0.2885886434799944
R5_F1,3,767,0,0.5240852323116277
R5_F1,3,773,0,0.18226402343016443
R5_F1,3,779,0,0.11334246205738563
R5_F1,3,793,0,0.4886282762112635
R5_F1,3,799,1,0.8335264769098584
R5_F1,4,11,1,0.7130930878814504
R5_F1,4,12,0,0.14307335535809232
R5_F1,4,13,0,0.07199930686816668
R5_F1,4,19,0,0.2868536905008536
R5_F1,4,20,0,0.08951556981036607
R5_F1,4,27,0,0.7263216540792392
R5_F1,4,28,1,0.2616691694822344
R5_F1,4,32,0,0.5490379111535921
R5_F1,4,55,0,0.3028876917315088
R5_F1,4,69,1,0.12985000617539086
R5_F1,4,76,0,0.6686873055767446
R5_F1,4,91,0,0.17574415048919367
R5_F1,4,92,1,0.6851930455881488
R5_F1,4,107,0,0.19606914248943516
R5_F1,4,109,0,0.1494297285278291
R5_F1,4,113,0,0.041320275220814544
R5_F1,4,120,1,0.628011130932331
R5_F1,4,123,0,0.024006944793033533
R5_F1,4,128,0,0.17930105096850316
R5_F1,4,139,1,0.48246876741222716
R5_F1,4,145,0,0.41877908129787095
R5_F1,4,147,0,0.6776596264712689
R5_F1,4,148,1,0.10731342230338319
R5_F1,4,155,1,0.7944399199967099
R5_F1,4,156,1,0.48347988221663246
R5_F1,4,158,0,0.777486144095818
R5_F1,4,160,1,0.5518336861918949
R5_F1,4,161,0,0.6113751851805971
R5_F1,4,163,0,0.2995176171719103
R5_F1,4,164,0,0.018440862402466465
R5_F1,4,165,0,0.029346798089914573
R5_F1,4,166,0,0.1083587436728728
R5_F1,4,175,1,0.13162118515344876
R5_F1,4,181,1,0.5922109027696142
R5_F1,4,190,0,0.40985624943701876
R5_F1,4,191,0,0.3716254964456646
R5_F1,4,193,0,0.10119418556946032
R5_F1,4,214,1,0.8000764155149228
R5_F1,4,218,0,0.05477673568413952
R5_F1,4,235,0,0.13023362571541555
R5_F1,4,240,1,0.5616740366274842
R5_F1,4,243,1,0.3107799361604033
R5_F1,4,245,0,0.2602642791060987
R5_F1,4,253,1,0.7614822023345145
R5_F1,4,256,0,0.2971175264699906
R5_F1,4,260,0,0.09970675356521658
R5_F1,4,267,0,0.281822942845518
R5_F1,4,273,0,0.30366479184831247
R5_F1,4,278,0,0.22910000720929036
R5_F1,4,280,0,0.022067205493775246
R5_F1,4,281,1,0.21591832297987557
R5_F1,4,286,0,0.034061932478264244
R5_F1,4,294,0,0.5142968579633763
R5_F1,4,315,1,0.046193220058980945
R5_F1,4,323,0,0.4546348402635863
R5_F1,4,324,0,0.18989063784312457
R5_F1,4,326,0,0.4933873498472439
R5_F1,4,330,1,0.46997055001465576
R5_F1,4,332,1,0.7298393256520685
R5_F1,4,336,0,0.15561583490842434
R5_F1,4,338,0,0.6329446303244334
R5_F1,4,339,1,0.357481650017401
R5_F1,4,340,0,0.10285701920629477
R5_F1,4,343,1,0.36613976975748425
R5_F1,4,352,0,0.10906541286110684
R5_F1,4,355,0,0.36325260293945855
R5_F1,4,362,0,0.5096600462596119
R5_F1,4,366,0,0.09350580327250387
R5_F1,4,367,1,0.40738031661555346
R5_F1,4,378,0,0.3036882067920455
R5_F1,4,379,0,0.10100287626370257
R5_F1,4,381,1,0.7574657658301284
R5_F1,4,388,1,0.7093238053759015
R5_F1,4,391,1,0.6359458897694417
R5_F1,4,401,0,0.6103543678769908
R5_F1,4,402,0,0.1493183711070516
R5_F1,4,403,0,0.16038856993059872
R5_F1,4,404,1,0.4478821118419338
R5_F1,4,408,0,0.07935271489369569
R5_F1,4,409,0,0.2208056547356438
R5_F1,4,410,0,0.48377152784571464
R5_F1,4,413,1,0.7477155562946652
R5_F1,4,428,1,0.6753410494190684
R5_F1,4,435,1,0.49375674938882286
R5_F1,4,443,0,0.6059501579571313
R5_F1,4,448,0,0.35774761987797515
R5_F1,4,449,0,0.2949583715662855
R5_F1,4,452,1,0.5878240119469896
R5_F1,4,453,0,0.530423186507052
R5_F1,4,455,0,0.12217569030183147
R5_F1,4,460,1,0.1160705061870375
R5_F1,4,461,0,0.1477779274745269
R5_F1,4,475,1,0.6494842394077294
R5_F1,4,476,0,0.10971642653211948
R5_F1,4,477,0,0.15647024375261767
R5_F1,4,495,1,0.6934055344734436
R5_F1,4,499,0,0.09471167019379785
R5_F1,4,513,1,0.5053981924213932
R5_F1,4,514,1,0.500310109461283
R5_F1,4,523,0,0.5175785508872651
R5_F1,4,524,0,0.44924835145564607
R5_F1,4,527,0,0.09258856228163743
R5_F1,4,528,0,0.0667410739849003
R5_F1,4,529,0,0.20432239221465795
R5_F1,4,539,0,0.19897607551054453
R5_F1,4,540,0,0.14804578780838157
R5_F1,4,542,0,0.4575768775368851
R5_F1,4,546,0,0.48819040959557675
R5_F1,4,547,0,0.31449123077628643
R5_F1,4,551,0,0.06731344352327362
R5_F1,4,553,0,0.13154280444666633
R5_F1,4,555,0,0.06440462097382091
R5_F1,4,561,0,0.5766397960711966
R5_F1,4,563,0,0.3145209289333362
R5_F1,4,573,1,0.3246692534781493
R5_F1,4,584,0,0.05204696867072662
R5_F1,4,587,0,0.12603838612108956
R5_F1,4,588,1,0.6554666982345455
R5_F1,4,611,0,0.31258827383381776
R5_F1,4,625,0,0.05112038406972736
R5_F1,4,627,1,0.8649764589093806
R5_F1,4,632,0,0.1381164705445795
R5_F1,4,640,0,0.14320734226503934
R5_F1,4,642,0,0.8460581331587146
R5_F1,4,643,1,0.6544111876254926
R5_F1,4,647,1,0.7321169223126688
R5_F1,4,649,0,0.7418852840120173
R5_F1,4,656,1,0.6716443584441846
R5_F1,4,663,0,0.174458558152467
R5_F1,4,666,1,0.21960191575849072
R5_F1,4,677,0,0.15059065960944282
R5_F1,4,678,1,0.2788907674032753
R5_F1,4,679,1,0.6248462188318483
R5_F1,4,682,0,0.48007682520747547
R5_F1,4,684,0,0.09473936104224502
R5_F1,4,688,1,0.08090822170235473
R5_F1,4,689,1,0.5442712070663448
R5_F1,4,695,0,0.25959137089430295
R5_F1,4,696,0,0.13961388848510808
R5_F1,4,697,0,0.5161284091646912
R5_F1,4,700,0,0.1421117497420923
R5_F1,4,701,1,0.6777036597011911
R5_F1,4,705,0,0.2554627887533229
R5_F1,4,707,1,0.684989365620503
R5_F1,4,712,0,0.020374393286048995
R5_F1,4,722,0,0.6632903153445471
R5_F1,4,725,1,0.4913085101394697
R5_F1,4,727,0,0.020425020074121284
R5_F1,4,728,1,0.7451941797654621
R5_F1,4,734,1,0.5586550164821176
R5_F1,4,740,0,0.7537254272199932
R5_F1,4,744,0,0.03483024257634401
R5_F1,4,755,1,0.6887790508060903
R5_F1,4,760,1,0.6569969611298796
R5_F1,4,761,1,0.6206354143371989
R5_F1,4,771,1,0.3408033849126409
R5_F1,4,776,0,0.47667730800451324
R5_F1,4,787,0,0.05525384312982371
R5_F1,4,794,0,0.7109182868902982
R5_F1,4,798,0,0.06427576811665635
R5_F1,5,9,0,0.7474989756281949
R5_F1,5,10,0,0.030500493194921846
R5_F1,5,14,0,0.1020276662024004
R5_F1,5,21,1,0.7590565965526554
R5_F1,5,26,0,0.5310403462156178
R5_F1,5,29,0,0.387892252952061
R5_F1,5,35,0,0.15397360107111033
R5_F1,5,41,0,0.16061970002354112
R5_F1,5,42,0,0.0477547047488214
R5_F1,5,43,1,0.7253117831419796
R5_F1,5,48,0,0.046380934184975055
R5_F1,5,51,0,0.2245524601716844
R5_F1,5,52,0,0.27104923030590894
R5_F1,5,57,0,0.3247877855800181
R5_F1,5,59,0,0.1846176260869252
R5_F1,5,62,0,0.1687556266316412
R5_F1,5,63,0,0.24998114408224528
R5_F1,5,73,0,0.06850253879965411
R5_F1,5,74,0,0.5155372938965034
R5_F1,5,77,0,0.11758490779685438
R5_F1,5,98,0,0.25830589810831245
R5_F1,5,105,0,0.12553203864206844
R5_F1,5,108,0,0.2828517938053212
R5_F1,5,112,0,0.6730768554431789
R5_F1,5,114,0,0.47054882447076246
R5_F1,5,115,0,0.02588766056100233
R5_F1,5,116,0,0.15226773479527844
R5_F1,5,119,0,0.4295405492946465
R5_F1,5,129,1,0.849382575623688
R5_F1,5,135,0,0.1434380362662776
R5_F1,5,136,0,0.11325576859611204
R5_F1,5,138,1,0.4497122048659976
R5_F1,5,141,0,0.04268734834721336
R5_F1,5,142,1,0.7319303446884383
R5_F1,5,150,1,0.6405924899418455
R5_F1,5,152,1,0.586952793461245
R5_F1,5,162,0,0.03701760943045301
R5_F1,5,174,1,0.7163451613221987
R5_F1,5,179,0,0.3162742724529733
R5_F1,5,187,0,0.04004205103120805
R5_F1,5,198,0,0.06792537803290459
R5_F1,5,200,0,0.09612615226477124
R5_F1,5,203,0,0.5207689471371147
R5_F1,5,207,0,0.10880117282061814
R5_F1,5,212,0,0.7732441510634848
R5_F1,5,215,0,0.04495332021813192
R5_F1,5,216,0,0.2679719632776687
R5_F1,5,219,0,0.40937928093186743
R5_F1,5,224,0,0.150153836840663
R5_F1,5,225,1,0.6173667356723498
R5_F1,5,229,0,0.30133816829668
R5_F1,5,230,0,0.4719966124047721
R5_F1,5,233,0,0.06040479552999895
R5_F1,5,239,0,0.2786680321945136
R5_F1,5,241,0,0.05492544478772898
R5_F1,5,242,1,0.7700228727759825
R5_F1,5,244,0,0.552142194118113
R5_F1,5,249,0,0.2679393076366585
R5_F1,5,255,0,0.4414514648548454
R5_F1,5,257,0,0.11794245006848851
R5_F1,5,264,1,0.6150087162604917
R5_F1,5,266,1,0.15812224658750465
R5_F1,5,268,0,0.6172090917429099
R5_F1,5,279,1,0.6669456151312976
R5_F1,5,284,0,0.181000272890424
R5_F1,5,285,1,0.6503428386633532
R5_F1,5,289,0,0.09176615804272965
R5_F1,5,301,0,0.7874542280368847
R5_F1,5,304,0,0.5165905024735805
R5_F1,5,305,1,0.28103798530815244
R5_F1,5,309,0,0.23831745124370718
R5_F1,5,325,1,0.2587458481986286
R5_F1,5,329,0,0.19818775872233096
R5_F1,5,333,0,0.19706753114678158
R5_F1,5,335,1,0.16093671890473646
R5_F1,5,337,0,0.05360279232273613
R5_F1,5,342,0,0.49091246135441186
R5_F1,5,344,1,0.6067603804168485
R5_F1,5,345,0,0.1573232628203798
R5_F1,5,347,0,0.10131266842366915
R5_F1,5,351,0,0.06051867963191001
R5_F1,5,357,0,0.3307112847022196
R5_F1,5,358,0,0.6136745075331648
R5_F1,5,371,0,0.29401658068750086
R5_F1,5,376,1,0.3016148196826939
R5_F1,5,385,1,0.7712894687982838
R5_F1,5,386,0,0.055048624974055715
R5_F1,5,387,0,0.15886211474208525
R5_F1,5,389,0,0.6502912822799793
R5_F1,5,393,1,0.06808331845582176
R5_F1,5,411,0,0.2557485779834818
R5_F1,5,415,0,0.11160681661104684
R5_F1,5,416,0,0.15509468300439325
R5_F1,5,436,1,0.44976207836055354
R5_F1,5,444,1,0.7455000110143829
R5_F1,5,445,0,0.08963468828484046
R5_F1,5,447,0,0.8224424705703361
R5_F1,5,450,0,0.18494374203146946
R5_F1,5,458,0,0.4009448784012934
R5_F1,5,462,0,0.5097076272506821
R5_F1,5,463,0,0.3059767321489748
R5_F1,5,467,1,0.2739969486151759
R5_F1,5,471,1,0.8418257704021178
R5_F1,5,473,0,0.5456652329278667
R5_F1,5,478,1,0.783094795327944
R5_F1,5,479,1,0.26831054651443664
R5_F1,5,482,0,0.7814916489313303
R5_F1,5,484,0,0.14167552713483966
R5_F1,5,490,0,0.05870646442218846
R5_F1,5,491,0,0.13527793610956243
R5_F1,5,496,1,0.4466455507311357
R5_F1,5,497,1,0.7655824000016956
R5_F1,5,498,0,0.42982494349326106
R5_F1,5,515,0,0.02450295166145955
R5_F1,5,516,0,0.2522708089153655
R5_F1,5,517,0,0.8279544749750847
R5_F1,5,538,0,0.14685798610469722
R5_F1,5,559,0,0.43764652549468036
R5_F1,5,565,1,0.7441009445338927
R5_F1,5,567,0,0.25906214267146904
R5_F1,5,570,0,0.033436897033584996
R5_F1,5,574,1,0.7494333082795105
R5_F1,5,576,1,0.5088139812174305
R5_F1,5,577,0,0.08676692871326526
R5_F1,5,582,0,0.1021092341770297
R5_F1,5,597,0,0.35192105123520206
R5_F1,5,604,1,0.4482922279779002
R5_F1,5,607,0,0.7134159870510031
R5_F1,5,609,0,0.29307155515326083
R5_F1,5,619,1,0.21943612302988855
R5_F1,5,620,0,0.03287144103224169
R5_F1,5,635,0,0.15804746036408088
R5_F1,5,637,0,0.02873520496971078
R5_F1,5,639,1,0.7750802837856007
R5_F1,5,645,0,0.17048534101828428
R5_F1,5,661,1,0.6280291848276679
R5_F1,5,664,1,0.8261737586072472
R5_F1,5,670,0,0.20951880956876914
R5_F1,5,681,1,0.9021793517541535
R5_F1,5,704,0,0.18197355496490653
R5_F1,5,708,0,0.23634447372326126
R5_F1,5,709,1,0.8782525755684811
R5_F1,5,710,0,0.4526605249375571
R5_F1,5,714,0,0.06481727345027692
R5_F1,5,715,0,0.09171659004139092
R5_F1,5,719,1,0.5092117696926267
R5_F1,5,720,0,0.09698220295117872
R5_F1,5,726,0,0.23326524040129107
R5_F1,5,731,1,0.5742673490849141
R5_F1,5,741,0,0.5832204742547388
R5_F1,5,746,1,0.5804647355702989
R5_F1,5,747,1,0.4030081604796794
R5_F1,5,748,0,0.454335035328715
R5_F1,5,756,0,0.16288869960747632
R5_F1,5,762,0,0.555148281280433
R5_F1,5,770,0,0.44892617522832295
R5_F1,5,784,1,0.1708921035132558
R5_F1,5,785,1,0.5661093445317626
R5_F1,5,789,0,0.670448759330006
R5_F1,5,791,0,0.6031320045352784
R5_F2,1,6,1,0.76880597547528
R5_F2,1,11,1,0.6202313619706843
R5_F2,1,15,0,0.07879136454075121
R5_F2,1,18,0,0.04930332351760531
R5_F2,1,20,0,0.15705382778894392
R5_F2,1,35,0,0.47963077284263383
R5_F2,1,41,0,0.19625370003649448
R5_F2,1,60,0,0.5679422065847274
R5_F2,1,67,0,0.2939601198251522
R5_F2,1,69,0,0.05849857709315227
R5_F2,1,72,0,0.49070218033483415
R5_F2,1,74,0,0.0234805434479102
R5_F2,1,80,0,0.1404028953023699
R5_F2,1,81,0,0.19275126363951
R5_F2,1,85,0,0.12630184742057615
R5_F2,1,87,1,0.5163000848285938
R5_F2,1,92,1,0.6205901876319002
R5_F2,1,96,0,0.23063628167112163
R5_F2,1,97,0,0.41833643159685124
R5_F2,1,102,0,0.6727862404504491
R5_F2,1,104,0,0.44063653528767754
R5_F2,1,106,0,0.025686496743977872
R5_F2,1,111,0,0.6801038714621247
R5_F2,1,113,0,0.44418577684108196
R5_F2,1,119,0,0.6489720806083539
R5_F2,1,120,0,0.3747075421814731
R5_F2,1,123,0,0.7010166193622753
R5_F2,1,125,0,0.04175879433148813
R5_F2,1,126,0,0.2335275619823967
R5_F2,1,131,0,0.2612192222220198
R5_F2,1,132,1,0.4673149035990498
R5_F2,1,146,0,0.46072237500454877
R5_F2,1,149,1,0.0919124943446215
R5_F2,1,150,1,0.4982346468532248
R5_F2,1,161,0,0.0699007440654662
R5_F2,1,166,0,0.01893235759244044
R5_F2,1,176,0,0.14908922378836156
R5_F2,1,182,0,0.76685036101579
R5_F2,1,184,0,0.15011847431591785
R5_F2,1,185,0,0.08567604756239922
R5_F2,1,187,0,0.019635515632792252
R5_F2,1,201,0,0.30576535233899826
R5_F2,1,203,0,0.1964087443792206
R5_F2,1,209,0,0.5806044692301705
R5_F2,1,210,0,0.2924178122524661
R5_F2,1,211,0,0.02304791975414709
R5_F2,1,213,0,0.029886305180210997
R5_F2,1,214,0,0.08268157251374993
R5_F2,1,230,0,0.02940140257082711
R5_F2,1,231,0,0.11371030389626911
R5_F2,1,244,0,0.5284800893750813
R5_F2,1,245,1,0.7231731515353533
R5_F2,1,247,1,0.7684376962915218
R5_F2,1,248,0,0.3883694616698881
R5_F2,1,254,0,0.046537047582750374
R5_F2,1,259,0,0.4402098129482274
R5_F2,1,268,0,0.8270663937719114
R5_F2,1,271,0,0.5704752854568426
R5_F2,1,272,0,0.2300046856839356
R5_F2,1,273,0,0.06565645047797271
R5_F2,1,291,0,0.6512581034177345
R5_F2,1,292,0,0.4329366124690011
R5_F2,1,296,1,0.7895137745082517
R5_F2,1,309,0,0.21161598009328478
R5_F2,1,313,0,0.2757183830833341
R5_F2,1,324,0,0.10852718339892849
R5_F2,1,326,0,0.6386870093125278
R5_F2,1,333,0,0.20343493157971684
R5_F2,1,335,0,0.24824522191423773
R5_F2,1,338,0,0.10665958729645926
R5_F2,1,346,0,0.13251425777726147
R5_F2,1,360,1,0.3768108987402801
R5_F2,1,363,0,0.6326141176053023
R5_F2,1,377,0,0.36345978070766494
R5_F2,1,381,0,0.04982673365179737
R5_F2,1,399,1,0.06357272705506932
R5_F2,1,401,1,0.44221977054537537
R5_F2,1,404,0,0.3326409244911986
R5_F2,1,407,0,0.09181879574785441
R5_F2,1,421,0,0.10146617915042723
R5_F2,1,427,0,0.49842337112164325
R5_F2,1,437,0,0.11852066804804813
R5_F2,1,449,1,0.5726935648716424
R5_F2,1,451,0,0.583069318099755
R5_F2,1,454,1,0.8181371659144919
R5_F2,1,457,0,0.14288246532740037
R5_F2,1,460,1,0.7232014296237318
R5_F2,1,463,0,0.2884350655581248
R5_F2,1,468,1,0.3648864190055708
R5_F2,1,469,1,0.1936590383380531
R5_F2,1,471,0,0.6108309476964106
R5_F2,1,473,1,0.7557320403733984
R5_F2,1,474,1,0.5143709849637462
R5_F2,1,480,1,0.3344317634597895
R5_F2,1,481,1,0.7918151219004477
R5_F2,1,482,1,0.27169745620451896
R5_F2,1,486,1,0.6479888978312925
R5_F2,1,488,1,0.4337713384360911
R5_F2,1,489,0,0.25838521358079164
R5_F2,1,490,1,0.288232034081711
R5_F2,1,492,0,0.5706047401333829
R5_F2,1,497,1,0.36816645290469446
R5_F2,1,500,0,0.19854764047684922
R5_F2,1,501,1,0.5503825695656505
R5_F2,1,502,0,0.07946552998072338
R5_F2,1,504,0,0.5540189256189192
R5_F2,1,518,1,0.711255452814696
R5_F2,1,519,0,0.8867793057825422
R5_F2,1,526,0,0.7925370796313747
R5_F2,1,532,0,0.2065731636001736
R5_F2,1,537,1,0.21418597785969187
R5_F2,1,538,0,0.2745040068258569
R5_F2,1,545,0,0.3115394603343282
R5_F2,1,546,0,0.311911875076618
R5_F2,1,547,0,0.11057725659771044
R5_F2,1,551,0,0.2944639969296871
R5_F2,1,553,0,0.041800113913676155
R5_F2,1,559,0,0.5223629234330761
R5_F2,1,562,1,0.6906443632303084
R5_F2,1,584,0,0.11858373196595028
R5_F2,1,587,1,0.7552623100099208
R5_F2,1,595,0,0.0635118585270149
R5_F2,1,596,0,0.2944764265337913
R5_F2,1,598,0,0.44294508835104357
R5_F2,1,604,0,0.0785242976337255
R5_F2,1,615,1,0.8066963185752088
R5_F2,1,616,0,0.15658935633903287
R5_F2,1,617,0,0.394348895456895
R5_F2,1,620,0,0.485771266410809
R5_F2,1,629,0,0.05094859006850568
R5_F2,1,641,0,0.5165802802657811
R5_F2,1,645,1,0.8444763527543221
R5_F2,1,657,0,0.26524832396038345
R5_F2,1,658,0,0.6880984116724916
R5_F2,1,667,1,0.49402110036111596
R5_F2,1,669,0,0.3164611996024529
R5_F2,1,673,1,0.22167011803205475
R5_F2,1,676,0,0.6116784394800429
R5_F2,1,677,0,0.176577009817145
R5_F2,1,681,0,0.060060317162720284
R5_F2,1,690,0,0.10744988024481472
R5_F2,1,694,0,0.3773809392488266
R5_F2,1,716,0,0.01640413506638971
R5_F2,1,726,0,0.45661230868630326
R5_F2,1,728,0,0.2435317810908603
R5_F2,1,729,0,0.29140340400019954
R5_F2,1,731,0,0.40913501264196944
R5_F2,1,736,1,0.6142146525044169
R5_F2,1,740,0,0.3731258210445869
R5_F2,1,742,1,0.8405786014016671
R5_F2,1,746,0,0.08345746109057713
R5_F2,1,748,1,0.6973571299954457
R5_F2,1,749,1,0.27313500123636136
R5_F2,1,753,0,0.11769667154968576
R5_F2,1,755,0,0.4007249451450792
R5_F2,1,775,0,0.16158868105163024
R5_F2,1,776,0,0.23959119902936432
R5_F2,1,781,0,0.0383860685451498
R5_F2,1,786,1,0.4817811293227914
R5_F2,1,791,0,0.2599782879017111
R5_F2,2,1,0,0.035928353079978964
R5_F2,2,7,1,0.7746977172504529
R5_F2,2,12,0,0.6726123043255097
R5_F2,2,17,0,0.10130944389481285
R5_F2,2,28,1,0.7365368187893725
R5_F2,2,33,0,0.17163909893365167
R5_F2,2,40,0,0.19527571458680057
R5_F2,2,47,1,0.7907558386129302
R5_F2,2,48,0,0.2702785491656966
R5_F2,2,50,1,0.7890415553169001
R5_F2,2,53,0,0.13061834871655997
R5_F2,2,59,0,0.44440587578861224
R5_F2,2,64,0,0.1297170156937025
R5_F2,2,75,0,0.2249680376723658
R5_F2,2,76,0,0.2248916952707464
R5_F2,2,77,1,0.8956467478599391
R5_F2,2,91,0,0.4725550822732916
R5_F2,2,98,1,0.32152152523930505
R5_F2,2,100,0,0.536017337148621
R5_F2,2,101,0,0.31072143230796884
R5_F2,2,109,0,0.09891730823298728
R5_F2,2,112,0,0.3249894309519838
R5_F2,2,127,0,0.6732022640520451
R5_F2,2,156,0,0.2726135481230117
R5_F2,2,160,1,0.4449437137645526
R5_F2,2,164,0,0.2674566189959681
R5_F2,2,179,1,0.5362351418041552
R5_F2,2,191,0,0.45684672491745354
R5_F2,2,193,0,0.04062920267211657
R5_F2,2,199,1,0.16794661016869472
R5_F2,2,200,0,0.1655186015260454
R5_F2,2,205,1,0.7847422670579348
R5_F2,2,222,0,0.2779616141412288
R5_F2,2,232,0,0.12941625022856337
R5_F2,2,237,0,0.06507739984313719
R5_F2,2,238,0,0.13094787931602328
R5_F2,2,242,0,0.4221935401823442
R5_F2,2,243,0,0.4646277865204043
R5_F2,2,252,0,0.4589057240309895
R5_F2,2,255,0,0.05095715688273239
R5_F2,2,261,1,0.8497661971645757
R5_F2,2,266,0,0.6972694471555818
R5_F2,2,270,0,0.3560267429119606
R5_F2,2,277,1,0.38681614079510274
R5_F2,2,278,0,0.35915339160479814
R5_F2,2,281,1,0.7879794303122979
R5_F2,2,287,0,0.15968377535346975
R5_F2,2,297,1,0.7110983035328834
R5_F2,2,298,0,0.12497736123108638
R5_F2,2,304,0,0.35661890330291923
R5_F2,2,305,0,0.36528054679894656
R5_F2,2,307,0,0.5428694498050516
R5_F2,2,310,0,0.30907641934974867
R5_F2,2,317,0,0.06114668609420243
R5_F2,2,325,1,0.15775809621676803
R5_F2,2,328,1,0.2472150115140975
R5_F2,2,329,0,0.056272958771878046
R5_F2,2,345,0,0.5285726756508605
R5_F2,2,351,1,0.8375238189715001
R5_F2,2,364,0,0.3573822165934963
R5_F2,2,368,0,0.0945373055686749
R5_F2,2,374,0,0.1448674123942388
R5_F2,2,375,0,0.6095258193734637
R5_F2,2,376,0,0.11784814905245211
R5_F2,2,378,0,0.6849461020210065
R5_F2,2,379,0,0.5558333605929983
R5_F2,2,380,0,0.09078126412974667
R5_F2,2,384,0,0.2613830727601151
R5_F2,2,385,0,0.07774644597320123
R5_F2,2,386,1,0.7443922827249784
R5_F2,2,390,1,0.22089140610314786
R5_F2,2,392,0,0.22194830951358605
R5_F2,2,393,0,0.29345707872172916
R5_F2,2,394,1,0.8383528956283189
R5_F2,2,397,1,0.5491213703985
R5_F2,2,398,1,0.9000567592056717
R5_F2,2,403,0,0.20254180421373402
R5_F2,2,408,0,0.08300832622793979
R5_F2,2,417,1,0.7291820459321569
R5_F2,2,419,1,0.4999303285339896
R5_F2,2,422,0,0.16226249132004267
R5_F2,2,423,1,0.5327908423259935
R5_F2,2,425,0,0.2913999797718417
R5_F2,2,430,1,0.4289337068680356
R5_F2,2,431,1,0.2623073895208942
R5_F2,2,432,0,0.05962061944797701
R5_F2,2,436,0,0.06554241002565138
R5_F2,2,440,0,0.25503673933974713
R5_F2,2,443,1,0.4228048322249845
R5_F2,2,446,0,0.4473337908313988
R5_F2,2,448,0,0.5785739394205514
R5_F2,2,452,1,0.4090612562800868
R5_F2,2,464,1,0.7216016881795402
R5_F2,2,483,0,0.5021734073647165
R5_F2,2,496,0,0.20097050566284858
R5_F2,2,499,0,0.032303538252379145
R5_F2,2,506,1,0.32121386372033905
R5_F2,2,508,0,0.27815097049248777
R5_F2,2,511,1,0.31399663852232396
R5_F2,2,516,1,0.13433822712059582
R5_F2,2,517,1,0.7167257819848304
R5_F2,2,521,1,0.6061272097028879
R5_F2,2,523,0,0.5641234528520888
R5_F2,2,525,0,0.19352848261384117
R5_F2,2,528,0,0.40617020081522354
R5_F2,2,536,0,0.5423651043456964
R5_F2,2,540,1,0.6931247020633177
R5_F2,2,548,0,0.30437758323723146
R5_F2,2,550,0,0.4089115848894512
R5_F2,2,571,0,0.15594327524508098
R5_F2,2,572,0,0.44913049603295874
R5_F2,2,576,0,0.1253598350982751
R5_F2,2,578,1,0.7676256390824263
R5_F2,2,580,0,0.2250631612390582
R5_F2,2,581,0,0.5603294345383931
R5_F2,2,585,0,0.051449477190890124
R5_F2,2,586,0,0.7143455043692528
R5_F2,2,599,0,0.2376812640273737
R5_F2,2,606,0,0.0752576100037993
R5_F2,2,609,0,0.19920869096649343
R5_F2,2,619,0,0.086966908226856
R5_F2,2,622,0,0.07898116967181801
R5_F2,2,631,0,0.4460677757113281
R5_F2,2,634,1,0.19881208600360925
R5_F2,2,637,0,0.17370478274619114
R5_F2,2,639,0,0.46888430525269675
R5_F2,2,647,0,0.1295127358165271
R5_F2,2,652,0,0.027498636256032116
R5_F2,2,671,0,0.07938161902639276
R5_F2,2,678,0,0.06175608413194589
R5_F2,2,679,0,0.1955441068718622
R5_F2,2,688,0,0.7502698816996363
R5_F2,2,691,0,0.676600025678082
R5_F2,2,692,0,0.11228660160430633
R5_F2,2,697,0,0.31659284703799195
R5_F2,2,705,1,0.36115253692064947
R5_F2,2,709,0,0.39393797925816226
R5_F2,2,711,0,0.6567586479580072
R5_F2,2,715,0,0.6933950589727136
R5_F2,2,732,0,0.05952981766849982
R5_F2,2,738,0,0.23718585863000952
R5_F2,2,744,0,0.04392812591117367
R5_F2,2,745,1,0.47594291454504734
R5_F2,2,751,1,0.7885820001569387
R5_F2,2,756,0,0.7484411263657892
R5_F2,2,764,0,0.35856919759183303
R5_F2,2,770,0,0.4583818753588014
R5_F2,2,771,0,0.18596303558105584
R5_F2,2,772,1,0.10378030007661239
R5_F2,2,778,0,0.336344456590095
R5_F2,2,779,0,0.12818648002316638
R5_F2,2,782,0,0.1746648381485679
R5_F2,2,783,1,0.2581651383277988
R5_F2,2,784,1,0.6913131253612886
R5_F2,2,785,1,0.19777622135939768
R5_F2,2,787,0,0.6118128442967444
R5_F2,2,789,0,0.7368391009841261
R5_F2,2,793,0,0.2876861161881095
R5_F2,2,798,1,0.8040113054667343
R5_F2,2,799,0,0.5153269542083484
R5_F2,3,9,0,0.2943826273563974
R5_F2,3,10,1,0.3262823139296535
R5_F2,3,14,0,0.1318917298889156
R5_F2,3,16,0,0.23081979278642764
R5_F2,3,23,1,0.8035446951579973
R5_F2,3,25,0,0.37412621708585453
R5_F2,3,26,0,0.32089657234893537
R5_F2,3,30,1,0.6007152580034985
R5_F2,3,36,1,0.7285225254195232
R5_F2,3,38,0,0.2206841461046143
R5_F2,3,44,1,0.7167262850927519
R5_F2,3,45,1,0.13610757307465693
R5_F2,3,46,0,0.4341482325995613
R5_F2,3,49,0,0.038484628334128766
R5_F2,3,51,1,0.7847555184224208
R5_F2,3,62,1,0.7740995987397835
R5_F2,3,73,1,0.5417769806740454
R5_F2,3,78,0,0.03298095952196059
R5_F2,3,82,0,0.721751701845997
R5_F2,3,83,0,0.16295454099466788
R5_F2,3,84,0,0.2287785124906985
R5_F2,3,86,1,0.48284497673022814
R5_F2,3,93,0,0.45857415106710775
R5_F2,3,94,0,0.051752484663389185
R5_F2,3,95,0,0.26838498810533434
R5_F2,3,99,0,0.48454536141846805
R5_F2,3,105,0,0.6293339774845608
R5_F2,3,110,0,0.7491889313619113
R5_F2,3,114,0,0.05138843077183355
R5_F2,3,116,0,0.064614224435121
R5_F2,3,121,0,0.37247147428531013
R5_F2,3,124,0,0.016085381694105397
R5_F2,3,137,0,0.5931806029568433
R5_F2,3,141,1,0.39535741380012973
R5_F2,3,142,0,0.04960398879302714
R5_F2,3,151,1,0.2988781591954581
R5_F2,3,152,0,0.08361224269063006
R5_F2,3,154,1,0.14958890680091647
R5_F2,3,158,0,0.04173928942828458
R5_F2,3,167,1,0.5675016123386717
R5_F2,3,171,0,0.5351414894431996
R5_F2,3,183,1,0.4674856504724511
R5_F2,3,188,1,0.6460725291766468
R5_F2,3,189,1,0.5342635751889918
R5_F2,3,192,1,0.7151365134637809
R5_F2,3,194,1,0.8788805055252163
R5_F2,3,195,0,0.2641599434552119
R5_F2,3,198,0,0.5154231351840309
R5_F2,3,206,0,0.20290391950598416
R5_F2,3,207,0,0.09409029653673062
R5_F2,3,216,1,0.81426492248886
R5_F2,3,219,1,0.12453520999942352
R5_F2,3,221,0,0.07670611061271743
R5_F2,3,225,0,0.5364583136324789
R5_F2,3,235,0,0.22782866860879294
R5_F2,3,240,1,0.2684534368009602
R5_F2,3,250,0,0.3430875856408249
R5_F2,3,251,1,0.5647522343616647
R5_F2,3,256,0,0.08736592882812788
R5_F2,3,257,0,0.4417888955049218
R5_F2,3,258,0,0.23003277969965508
R5_F2,3,263,1,0.12704068472732585
R5_F2,3,264,0,0.31359621405872967
R5_F2,3,283,1,0.3762662484856952
R5_F2,3,286,0,0.46278181710099947
R5_F2,3,295,0,0.2670382801773024
R5_F2,3,299,0,0.1194182416571717
R5_F2,3,300,1,0.8427040564122962
R5_F2,3,303,1,0.6910182693498722
R5_F2,3,306,0,0.34185589618233636
R5_F2,3,308,0,0.37689396428180294
R5_F2,3,319,0,0.49340396650327745
R5_F2,3,320,1,0.46947303721394507
R5_F2,3,327,0,0.08379526313224239
R5_F2,3,334,0,0.20107136744606166
R5_F2,3,339,0,0.061640745595002565
R5_F2,3,341,0,0.023678330096928202
R5_F2,3,343,0,0.25220461789203247
R5_F2,3,350,1,0.5534133589315576
R5_F2,3,355,0,0.15961023459164655
R5_F2,3,356,0,0.11127509237547129
R5_F2,3,357,1,0.5703397180664974
R5_F2,3,367,0,0.23636843623933732
R5_F2,3,372,1,0.36950845478799127
R5_F2,3,388,0,0.1312857591697555
R5_F2,3,389,0,0.231949545897034
R5_F2,3,395,0,0.786416832940673
R5_F2,3,402,0,0.3310850376439568
R5_F2,3,405,0,0.45736085364067347
R5_F2,3,406,0,0.14779757844962915
R5_F2,3,410,0,0.3130811545299382
R5_F2,3,424,0,0.14052280378231308
R5_F2,3,434,0,0.099376502178314
R5_F2,3,438,0,0.21346957137214417
R5_F2,3,444,1,0.4974705925531741
R5_F2,3,447,1,0.690424478051427
R5_F2,3,453,0,0.06840838682975214
R5_F2,3,455,1,0.7452250830953062
R5_F2,3,462,0,0.19707197029039183
R5_F2,3,467,0,0.40098118727878623
R5_F2,3,484,0,0.6951781273584675
R5_F2,3,487,0,0.2822808898679238
R5_F2,3,509,0,0.6319844311147919
R5_F2,3,512,0,0.06587297759703574
R5_F2,3,513,0,0.4026832026619049
R5_F2,3,520,1,0.3786443563095441
R5_F2,3,533,0,0.5232224452816078
R5_F2,3,534,0,0.1391953913698507
R5_F2,3,535,0,0.13825555307124818
R5_F2,3,541,0,0.6648388085593825
R5_F2,3,542,0,0.4057541502726283
R5_F2,3,544,0,0.33508876873122784
R5_F2,3,549,0,0.4351548952521897
R5_F2,3,558,0,0.6309531041446741
R5_F2,3,564,0,0.17578537172154415
R5_F2,3,565,0,0.05263400796040409
R5_F2,3,567,1,0.8246858469865176
R5_F2,3,568,0,0.050570441756624125
R5_F2,3,570,0,0.26076450412135427
R5_F2,3,575,1,0.5921843758160006
R5_F2,3,583,0,0.10421038885657548
R5_F2,3,591,0,0.057011245436052786
R5_F2,3,603,1,0.18640298208891215
R5_F2,3,608,1,0.16685608597461496
R5_F2,3,610,0,0.18726817984198832
R5_F2,3,627,0,0.19207819139871798
R5_F2,3,628,0,0.06598671053058149
R5_F2,3,630,0,0.03513236714498231
R5_F2,3,632,0,0.22983173588872016
R5_F2,3,636,0,0.23643753425112557
R5_F2,3,638,0,0.2339456938940189
R5_F2,3,642,0,0.09600017972537483
R5_F2,3,646,0,0.24772104095081748
R5_F2,3,653,0,0.05023457319603158
R5_F2,3,654,0,0.8708447491052921
R5_F2,3,659,1,0.31148073305674145
R5_F2,3,665,0,0.3597576593454856
R5_F2,3,680,1,0.3297807491262031
R5_F2,3,683,1,0.20108038477039147
R5_F2,3,687,0,0.4239926781134253
R5_F2,3,693,0,0.02202945689118911
R5_F2,3,698,0,0.2629772118647648
R5_F2,3,700,0,0.04998650329673857
R5_F2,3,701,0,0.12571124885168036
R5_F2,3,704,0,0.09102069831838999
R5_F2,3,713,0,0.45808658110773776
R5_F2,3,719,1,0.23105449021407484
R5_F2,3,720,0,0.07579015989194612
R5_F2,3,722,0,0.06539673642616421
R5_F2,3,724,0,0.4165644403703996
R5_F2,3,741,1,0.7155123057640339
R5_F2,3,747,0,0.05706941156736863
R5_F2,3,754,0,0.019451363081728786
R5_F2,3,760,1,0.55541140656826
R5_F2,3,765,0,0.1953654025925591
R5_F2,3,769,0,0.06336675356801924
R5_F2,3,774,0,0.24931205463459608
R5_F2,3,777,0,0.2805592822847319
R5_F2,3,792,0,0.05469346055823443
R5_F2,3,794,0,0.5564844260002014
R5_F2,4,0,1,0.5105024715757999
R5_F2,4,4,0,0.3539785379524642
R5_F2,4,24,0,0.3011519400327241
R5_F2,4,27,0,0.33151990303214984
R5_F2,4,29,0,0.5494172975451831
R5_F2,4,31,0,0.35917552391249963
R5_F2,4,52,0,0.18227120069971922
R5_F2,4,54,0,0.22831812203745325
R5_F2,4,55,0,0.3072333822679613
R5_F2,4,65,0,0.4463542716678495
R5_F2,4,66,1,0.07861951858289722
R5_F2,4,68,0,0.39552006768269893
R5_F2,4,79,0,0.4467227461977337
R5_F2,4,89,0,0.26708497209263743
R5_F2,4,103,0,0.43780498996486017
R5_F2,4,107,0,0.1351485799929667
R5_F2,4,115,0,0.6037234477004355
R5_F2,4,128,0,0.24426069886639154
R5_F2,4,129,0,0.1223492909937383
R5_F2,4,130,1,0.5169429115416692
R5_F2,4,134,0,0.17692590674844463
R5_F2,4,135,1,0.46045944188908733
R5_F2,4,138,0,0.1019343500396092
R5_F2,4,139,0,0.33705983493852343
R5_F2,4,143,1,0.5771095214384001
R5_F2,4,145,1,0.5637045176988585
R5_F2,4,147,1,0.38577509110720426
R5_F2,4,148,0,0.3504065965288956
R5_F2,4,153,1,0.6196468738215931
R5_F2,4,155,0,0.03426472316416969
R5_F2,4,157,1,0.6529816948112318
R5_F2,4,159,0,0.6229543414780473
R5_F2,4,162,0,0.699268366735409
R5_F2,4,163,0,0.07197779939975153
R5_F2,4,168,1,0.5382271170744027
R5_F2,4,169,0,0.034007076365412274
R5_F2,4,170,0,0.04915363802538797
R5_F2,4,172,0,0.7283231607389259
R5_F2,4,173,0,0.41466173375944626
R5_F2,4,180,1,0.6582196098788249
R5_F2,4,186,0,0.19553879193936882
R5_F2,4,190,0,0.08812125334992511
R5_F2,4,212,0,0.07771912322530196
R5_F2,4,217,0,0.06883047866981705
R5_F2,4,226,0,0.16956599360773372
R5_F2,4,229,0,0.26631921490977123
R5_F2,4,234,1,0.25487676066943504
R5_F2,4,239,1,0.5916047695983956
R5_F2,4,253,0,0.22733101209980092
R5_F2,4,262,1,0.4064537256930428
R5_F2,4,265,1,0.5379740754384624
R5_F2,4,267,0,0.6661258739967023
R5_F2,4,274,0,0.1609234504141527
R5_F2,4,275,0,0.17887856322568393
R5_F2,4,280,1,0.638624783380283
R5_F2,4,284,0,0.09419759161339523
R5_F2,4,288,0,0.5595439870551487
R5_F2,4,289,1,0.3786095258618372
R5_F2,4,293,0,0.17014420168469946
R5_F2,4,294,0,0.1453916056560526
R5_F2,4,302,0,0.29790644811499895
R5_F2,4,314,0,0.7609861027953008
R5_F2,4,315,0,0.525366470924881
R5_F2,4,330,0,0.6153361519396355
R5_F2,4,331,0,0.20982470911773823
R5_F2,4,332,1,0.3579155817511066
R5_F2,4,336,0,0.2050172425704029
R5_F2,4,340,0,0.15131822093741212
R5_F2,4,342,1,0.8042262884525747
R5_F2,4,347,1,0.267045992539501
R5_F2,4,348,0,0.3270915080462518
R5_F2,4,352,0,0.07097094342275835
R5_F2,4,359,0,0.3285795795961409
R5_F2,4,362,0,0.4601817388924348
R5_F2,4,373,1,0.49199457714651645
R5_F2,4,382,0,0.600365352843307
R5_F2,4,409,1,0.3023027431095475
R5_F2,4,411,0,0.06747281797361993
R5_F2,4,413,0,0.06080706331775343
R5_F2,4,416,0,0.374316660668329
R5_F2,4,418,0,0.6979515152093475
R5_F2,4,426,1,0.7810396642439961
R5_F2,4,428,1,0.15349118905925382
R5_F2,4,429,0,0.590724254911337
R5_F2,4,439,1,0.36391398233519096
R5_F2,4,441,1,0.42057311398292446
R5_F2,4,442,1,0.6275876451726148
R5_F2,4,445,1,0.25804253317315007
R5_F2,4,450,0,0.44951963448924087
R5_F2,4,456,0,0.2119359834997008
R5_F2,4,459,0,0.24416382954082824
R5_F2,4,465,1,0.35633860074889157
R5_F2,4,466,0,0.3367366126376357
R5_F2,4,476,1,0.8191930958697156
R5_F2,4,477,1,0.3487809041691324
R5_F2,4,485,0,0.26468619550641675
R5_F2,4,493,0,0.26485205975991155
R5_F2,4,494,1,0.7161971341911421
R5_F2,4,495,0,0.329412393349593
R5_F2,4,505,0,0.16262912860815937
R5_F2,4,507,1,0.7460248969567257
R5_F2,4,510,0,0.5329156235172233
R5_F2,4,524,1,0.702154294082635
R5_F2,4,529,1,0.5876096917241599
R5_F2,4,554,0,0.04048052715851608
R5_F2,4,555,0,0.06210595888017557
R5_F2,4,556,0,0.1139538174949886
R5_F2,4,563,1,0.5377663304192729
R5_F2,4,566,0,0.22520447072977598
R5_F2,4,573,1,0.5272690723509657
R5_F2,4,574,0,0.34956390152551825
R5_F2,4,577,0,0.0716810104680906
R5_F2,4,579,1,0.8609729217347085
R5_F2,4,582,1,0.4027183270493437
R5_F2,4,588,1,0.7366620025754002
R5_F2,4,592,0,0.4701958124463171
R5_F2,4,593,0,0.4056957601450706
R5_F2,4,594,1,0.6782786719819898
R5_F2,4,597,1,0.46905264468943236
R5_F2,4,601,1,0.7002982942351571
R5_F2,4,605,1,0.4002748227767258
R5_F2,4,607,1,0.5068702359722945
R5_F2,4,612,0,0.03737381409925611
R5_F2,4,618,1,0.6835499033013583
R5_F2,4,624,1,0.7053985433265875
R5_F2,4,625,0,0.11378857716210598
R5_F2,4,633,0,0.36606617096097166
R5_F2,4,640,0,0.017319987919982103
R5_F2,4,643,0,0.0111725644145632
R5_F2,4,655,0,0.37996348848950007
R5_F2,4,656,1,0.5422959699775639
R5_F2,4,660,1,0.5964239308212631
R5_F2,4,661,0,0.5981661731672256
R5_F2,4,662,0,0.4103594427342385
R5_F2,4,663,1,0.8658733880462531
R5_F2,4,664,1,0.20634955865058355
R5_F2,4,666,0,0.19988302780498468
R5_F2,4,668,1,0.3024871871701666
R5_F2,4,670,0,0.2813787348311816
R5_F2,4,672,0,0.3704097308170294
R5_F2,4,674,0,0.01657831457089149
R5_F2,4,682,0,0.038309288652699384
R5_F2,4,685,0,0.2898469703066177
R5_F2,4,689,0,0.21628984589575206
R5_F2,4,703,0,0.2458267047338819
R5_F2,4,707,0,0.21678733135064976
R5_F2,4,714,0,0.11933672730079477
R5_F2,4,721,0,0.10705834844695304
R5_F2,4,723,0,0.08271536075692928
R5_F2,4,727,0,0.10842102759039429
R5_F2,4,730,1,0.4449868431443396
R5_F2,4,733,0,0.07419226278338756
R5_F2,4,750,0,0.4317610528056397
R5_F2,4,762,1,0.4879811931428621
R5_F2,4,763,0,0.568966082791422
R5_F2,4,766,0,0.05928652274704416
R5_F2,4,767,1,0.7786878245622809
R5_F2,4,773,0,0.2967245467606678
R5_F2,4,796,0,0.15986861478178807
R5_F2,4,797,0,0.4525513039709049
R5_F2,5,2,0,0.6126068497711087
R5_F2,5,3,1,0.752861638174876
R5_F2,5,5,0,0.01482134638644677
R5_F2,5,8,1,0.8594642597097025
R5_F2,5,13,1,0.7540052067198046
R5_F2,5,19,0,0.26973908449160217
R5_F2,5,21,0,0.2801014601623176
R5_F2,5,22,0,0.08418415713772336
R5_F2,5,32,0,0.23520764880419673
R5_F2,5,34,0,0.5095509367356695
R5_F2,5,37,0,0.19597356023391796
R5_F2,5,39,0,0.23926915872453783
R5_F2,5,42,0,0.30314665776353467
R5_F2,5,43,0,0.16029234181188998
R5_F2,5,56,1,0.37809643557560163
R5_F2,5,57,0,0.35083184169646114
R5_F2,5,58,0,0.024339657708998413
R5_F2,5,61,1,0.5834816378359321
R5_F2,5,63,0,0.23966327725807957
R5_F2,5,70,0,0.6109824063457227
R5_F2,5,71,1,0.7690541134063174
R5_F2,5,88,0,0.3990368456497082
R5_F2,5,90,0,0.5654983708075781
R5_F2,5,108,0,0.0855514980172965
R5_F2,5,117,0,0.10276566241364239
R5_F2,5,118,0,0.03788002657673819
R5_F2,5,122,0,0.0329955757265302
R5_F2,5,133,1,0.8720543179810254
R5_F2,5,136,1,0.5467662441867294
R5_F2,5,140,1,0.513739848066619
R5_F2,5,144,0,0.08455031809130868
R5_F2,5,165,0,0.6999362037516845
R5_F2,5,174,0,0.22006280223011276
R5_F2,5,175,0,0.7117499667754678
R5_F2,5,177,0,0.1563979561257215
R5_F2,5,178,0,0.6449843780519344
R5_F2,5,181,1,0.10492285798995427
R5_F2,5,196,0,0.16336198889533063
R5_F2,5,197,0,0.01778311153596872
R5_F2,5,202,0,0.19818535806311344
R5_F2,5,204,0,0.07657866901200892
R5_F2,5,208,0,0.3251958120140688
R5_F2,5,215,0,0.8026791223841964
R5_F2,5,218,0,0.3778935265333261
R5_F2,5,220,0,0.20157725164517523
R5_F2,5,223,0,0.026068518318393546
R5_F2,5,224,0,0.5581699652875872
R5_F2,5,227,1,0.5544041148377068
R5_F2,5,228,0,0.055799226222865116
R5_F2,5,233,0,0.11357675664976981
R5_F2,5,236,1,0.33599314997133495
R5_F2,5,241,0,0.4086950509409924
R5_F2,5,246,0,0.059540171374351414
R5_F2,5,249,0,0.15267871181253304
R5_F2,5,260,1,0.09414645242281623
R5_F2,5,269,0,0.45100182202172956
R5_F2,5,276,0,0.07019469512864449
R5_F2,5,279,0,0.058143972880662496
R5_F2,5,282,0,0.03191578084256331
R5_F2,5,285,1,0.7202789274962426
R5_F2,5,290,0,0.08661570064475843
R5_F2,5,301,0,0.06297605363172191
R5_F2,5,311,0,0.3525039763524925
R5_F2,5,312,0,0.8183961416502777
R5_F2,5,316,0,0.56023595109431
R5_F2,5,318,0,0.09582041055252566
R5_F2,5,321,0,0.428570146135195
R5_F2,5,322,0,0.2928503456301024
R5_F2,5,323,0,0.2407006841604038
R5_F2,5,337,0,0.5393719996957299
R5_F2,5,344,0,0.21912986929846023
R5_F2,5,349,1,0.2422638076599127
R5_F2,5,353,0,0.14819819290779448
R5_F2,5,354,1,0.18003703177583566
R5_F2,5,358,0,0.245403193326202
R5_F2,5,361,0,0.30603004151202134
R5_F2,5,365,0,0.2981098869859228
R5_F2,5,366,0,0.23062003208599458
R5_F2,5,369,1,0.49756845399870225
R5_F2,5,370,1,0.5916878935755886
R5_F2,5,371,0,0.06670730500013512
R5_F2,5,383,0,0.0372117055397348
R5_F2,5,387,0,0.056308553843486625
R5_F2,5,391,0,0.08043695304902546
R5_F2,5,396,0,0.17378542831610386
R5_F2,5,400,0,0.09102905694777563
R5_F2,5,412,1,0.8572525879398877
R5_F2,5,414,0,0.26004604725813346
R5_F2,5,415,0,0.4189169623984032
R5_F2,5,420,0,0.08019699975513939
R5_F2,5,433,1,0.655607546820728
R5_F2,5,435,1,0.617775810636619
R5_F2,5,458,0,0.6596624524714568
R5_F2,5,461,0,0.3393836581016356
R5_F2,5,470,0,0.09893747696197903
R5_F2,5,472,0,0.12346911357566555
R5_F2,5,475,1,0.6179667167412582
R5_F2,5,478,0,0.32257570807739816
R5_F2,5,479,0,0.10819314021286248
R5_F2,5,491,0,0.6058587532799212
R5_F2,5,498,0,0.7264352592505224
R5_F2,5,503,0,0.03407973465695745
R5_F2,5,514,1,0.2966740671514651
R5_F2,5,515,0,0.6421432615452475
R5_F2,5,522,1,0.4894158477475703
R5_F2,5,527,0,0.5913427555848894
R5_F2,5,530,0,0.13628764764604454
R5_F2,5,531,0,0.36694036111248524
R5_F2,5,539,0,0.2117395085454151
R5_F2,5,543,0,0.17212044326708933
R5_F2,5,552,0,0.08984280604841233
R5_F2,5,557,1,0.5870575396713161
R5_F2,5,560,0,0.5692958440014274
R5_F2,5,561,0,0.3028850548607537
R5_F2,5,569,0,0.03417427395289515
R5_F2,5,589,0,0.7809697458257069
R5_F2,5,590,0,0.549994696084524
R5_F2,5,600,1,0.07221587435590726
R5_F2,5,602,0,0.03224168901029085
R5_F2,5,611,1,0.6795539961059425
R5_F2,5,613,0,0.3192879688184111
R5_F2,5,614,0,0.014414324892011186
R5_F2,5,621,1,0.32629020061812514
R5_F2,5,623,0,0.5614780276779473
R5_F2,5,626,0,0.23617322333068078
R5_F2,5,635,0,0.16855786674969134
R5_F2,5,644,0,0.7999241018863085
R5_F2,5,648,1,0.35178484467638754
R5_F2,5,649,1,0.7534674293235978
R5_F2,5,650,1,0.7712017300699162
R5_F2,5,651,0,0.7432538848858674
R5_F2,5,675,1,0.8523279759264509
R5_F2,5,684,1,0.5837532045620887
R5_F2,5,686,1,0.2199455128487955
R5_F2,5,695,0,0.14742830655194664
R5_F2,5,696,0,0.46706325438077306
R5_F2,5,699,1,0.6554942984887545
R5_F2,5,702,0,0.1445948305103226
R5_F2,5,706,1,0.49516234834451217
R5_F2,5,708,1,0.8774209726658705
R5_F2,5,710,0,0.28022588711493956
R5_F2,5,712,0,0.046169200401916556
R5_F2,5,717,0,0.0855163677044883
R5_F2,5,718,1,0.692163212001279
R5_F2,5,725,0,0.19870544311370106
R5_F2,5,734,1,0.49554791546871807
R5_F2,5,735,1,0.5926843672415171
R5_F2,5,737,0,0.3257434780697745
R5_F2,5,739,1,0.6184668062509612
R5_F2,5,743,0,0.7021760885813481
R5_F2,5,752,0,0.03508366740727365
R5_F2,5,757,1,0.6432682131083443
R5_F2,5,758,0,0.1878914726567847
R5_F2,5,759,0,0.33900267838517945
R5_F2,5,761,1,0.26926273750009194
R5_F2,5,768,0,0.464986213726117
R5_F2,5,780,0,0.27353786889212217
R5_F2,5,788,0,0.12295751825937362
R5_F2,5,790,0,0.4813026444340161
R5_F2,5,795,0,0.7918738349448851
R5_F3,1,14,1,0.5624516714090708
R5_F3,1,23,0,0.1803759238684175
R5_F3,1,31,1,0.6278302946188589
R5_F3,1,49,0,0.2988934876569109
R5_F3,1,51,1,0.7333097847797282
R5_F3,1,62,0,0.03919813390862952
R5_F3,1,66,1,0.6899170668907285
R5_F3,1,78,0,0.05130105316173896
R5_F3,1,83,0,0.07853436938310872
R5_F3,1,89,0,0.29466201375847945
R5_F3,1,90,0,0.0916192473487638
R5_F3,1,91,1,0.4103734890908001
R5_F3,1,96,0,0.30175063147484366
R5_F3,1,101,1,0.5460614800311939
R5_F3,1,106,0,0.46599862334177783
R5_F3,1,111,0,0.6337633436892568
R5_F3,1,121,0,0.31613896461937846
R5_F3,1,132,0,0.03938404946610823
R5_F3,1,133,0,0.2766412000427106
R5_F3,1,135,0,0.6834659780169267
R5_F3,1,145,0,0.07929452265256613
R5_F3,1,146,1,0.5741135969278041
R5_F3,1,149,0,0.05729786281757853
R5_F3,1,150,0,0.4953685939274699
R5_F3,1,152,0,0.11847058379879971
R5_F3,1,157,0,0.20592566418518696
R5_F3,1,160,0,0.29968114769973747
R5_F3,1,163,0,0.6871101885057304
R5_F3,1,172,0,0.7809922274628196
R5_F3,1,175,0,0.3579618344898872
R5_F3,1,176,0,0.14753970736218278
R5_F3,1,180,0,0.8285103238716077
R5_F3,1,185,1,0.4632764125928672
R5_F3,1,191,0,0.10635992035800464
R5_F3,1,194,0,0.484777921896832
R5_F3,1,200,0,0.2726691503327393
R5_F3,1,202,0,0.28494538386047435
R5_F3,1,210,0,0.4368510030812183
R5_F3,1,212,1,0.35884547592693566
R5_F3,1,213,0,0.21562998441520195
R5_F3,1,216,0,0.09651006022605646
R5_F3,1,221,0,0.04398323002077021
R5_F3,1,231,0,0.5991980641144906
R5_F3,1,232,0,0.4369970835781238
R5_F3,1,236,0,0.1886812961620873
R5_F3,1,240,0,0.07395770017274379
R5_F3,1,241,0,0.09557444548068543
R5_F3,1,243,1,0.267480200465181
R5_F3,1,247,0,0.5364904156110013
R5_F3,1,252,1,0.8382195697975297
R5_F3,1,255,1,0.8427473836653033
R5_F3,1,256,1,0.7358447174332433
R5_F3,1,260,0,0.09881761971925886
R5_F3,1,265,1,0.8167725850899156
R5_F3,1,271,0,0.6521328899922528
R5_F3,1,272,0,0.4073976243181335
R5_F3,1,274,0,0.07730781564264202
R5_F3,1,281,0,0.03527003723748563
R5_F3,1,282,1,0.6948506358601029
R5_F3,1,285,1,0.17677158392971037
R5_F3,1,289,0,0.0721690998852117
R5_F3,1,296,0,0.6084456246736222
R5_F3,1,306,1,0.7376184867488407
R5_F3,1,308,0,0.3957702633012497
R5_F3,1,311,0,0.31863204755231195
R5_F3,1,312,0,0.11408982408453026
R5_F3,1,326,1,0.41590151024647426
R5_F3,1,327,0,0.005569034193953336
R5_F3,1,328,0,0.3427548091853137
R5_F3,1,329,0,0.42106513889455616
R5_F3,1,331,1,0.13024621708551676
R5_F3,1,339,0,0.12548367773099237
R5_F3,1,342,1,0.20156535929780037
R5_F3,1,346,0,0.3671905496326282
R5_F3,1,361,0,0.036211741628647535
R5_F3,1,369,0,0.7239592600500216
R5_F3,1,372,1,0.6849311647209578
R5_F3,1,375,0,0.0767434209202324
R5_F3,1,381,1,0.6913834228278204
R5_F3,1,384,0,0.1461709942669741
R5_F3,1,385,0,0.18865144614960264
R5_F3,1,397,0,0.1301154960285987
R5_F3,1,404,0,0.14108993168255582
R5_F3,1,425,0,0.052014621750921385
R5_F3,1,430,1,0.4779005335548116
R5_F3,1,431,0,0.5382302758367817
R5_F3,1,432,1,0.47767829164888487
R5_F3,1,438,1,0.512910526790622
R5_F3,1,440,0,0.06015128722742615
R5_F3,1,444,1,0.3799402873821427
R5_F3,1,445,1,0.6069232273127853
R5_F3,1,452,0,0.36878040095404624
R5_F3,1,456,1,0.7909993195922237
R5_F3,1,458,0,0.10637103172829006
R5_F3,1,469,0,0.17893597737501332
R5_F3,1,472,1,0.47789711191852136
R5_F3,1,477,1,0.17094740718745496
R5_F3,1,484,1,0.20288406184507635
R5_F3,1,490,1,0.2197283951835114
R5_F3,1,491,0,0.5240664037533922
R5_F3,1,492,0,0.3719567090614114
R5_F3,1,493,1,0.23274919786908796
R5_F3,1,498,1,0.31067513481553233
R5_F3,1,509,0,0.2469988049269989
R5_F3,1,525,1,0.7546045843509691
R5_F3,1,530,0,0.22607365311412084
R5_F3,1,534,1,0.6625605417619487
R5_F3,1,537,0,0.13656753399110985
R5_F3,1,544,0,0.20016161814408764
R5_F3,1,545,0,0.44973821531129027
R5_F3,1,576,1,0.7352464981257666
R5_F3,1,579,0,0.1850398950361504
R5_F3,1,584,0,0.08860993915982769
R5_F3,1,586,1,0.5034585475564055
R5_F3,1,598,0,0.0646073049053485
R5_F3,1,600,0,0.34765815959207397
R5_F3,1,603,1,0.05403782701973162
R5_F3,1,611,0,0.28626264490108927
R5_F3,1,613,1,0.6775435369634071
R5_F3,1,615,0,0.1829095933157899
R5_F3,1,616,0,0.2216167630051442
R5_F3,1,618,0,0.14160513462424382
R5_F3,1,621,0,0.5088101210807814
R5_F3,1,635,0,0.26220466709229934
R5_F3,1,650,1,0.40086084183017645
R5_F3,1,661,0,0.6566846401190228
R5_F3,1,662,1,0.5373616714860797
R5_F3,1,670,0,0.10756382041195345
R5_F3,1,671,0,0.21288666811909043
R5_F3,1,672,0,0.22105514681297755
R5_F3,1,674,1,0.6297034413521526
R5_F3,1,676,1,0.4137308359953474
R5_F3,1,678,0,0.11221255161596022
R5_F3,1,683,0,0.07273463690808298
R5_F3,1,685,0,0.5008135890336026
R5_F3,1,686,0,0.2320448003262802
R5_F3,1,690,0,0.043267990918006725
R5_F3,1,697,0,0.1911994807620556
R5_F3,1,701,0,0.4266449028702426
R5_F3,1,717,0,0.026439671213735094
R5_F3,1,730,1,0.6826966251724277
R5_F3,1,731,0,0.025141050873353523
R5_F3,1,734,0,0.2539751348663844
R5_F3,1,743,0,0.10200773805943157
R5_F3,1,747,1,0.20302501120529803
R5_F3,1,749,0,0.047210741822942444
R5_F3,1,757,0,0.3571764986963098
R5_F3,1,760,0,0.19119000737667824
R5_F3,1,762,0,0.10561228307004794
R5_F3,1,764,0,0.5753722720939877
R5_F3,1,766,0,0.2026947258714217
R5_F3,1,767,1,0.08961468372998221
R5_F3,1,771,0,0.256570750250483
R5_F3,1,772,0,0.21565762830238744
R5_F3,1,778,0,0.19698213003757195
R5_F3,1,785,1,0.37243713495465935
R5_F3,1,787,0,0.5083823360430544
R5_F3,1,789,0,0.12124915823543886
R5_F3,1,796,0,0.08542415072557487
R5_F3,1,798,0,0.11263714601990908
R5_F3,2,2,0,0.33404387431298277
R5_F3,2,7,0,0.05625720541932458
R5_F3,2,9,1,0.8471171194185038
R5_F3,2,11,0,0.4493986400237633
R5_F3,2,15,0,0.05284725602075385
R5_F3,2,20,0,0.2436018405968532
R5_F3,2,38,0,0.15975751549424855
R5_F3,2,41,0,0.17748269201694244
R5_F3,2,52,0,0.2549853978574883
R5_F3,2,53,1,0.5693875437665362
R5_F3,2,59,1,0.5361630309109348
R5_F3,2,64,0,0.49150969502871966
R5_F3,2,74,0,0.5634670555139499
R5_F3,2,75,1,0.6231037351926884
R5_F3,2,76,0,0.3940684449556513
R5_F3,2,77,1,0.401511351366534
R5_F3,2,87,0,0.20161325298460508
R5_F3,2,92,0,0.5153485398814954
R5_F3,2,94,0,0.1837581264401066
R5_F3,2,100,1,0.37672687753769246
R5_F3,2,118,1,0.46397978939378753
R5_F3,2,119,0,0.2949664896628209
R5_F3,2,130,0,0.3500330070470446
R5_F3,2,134,0,0.06356804682391176
R5_F3,2,137,1,0.6848541854253041
R5_F3,2,138,0,0.24631365924738413
R5_F3,2,139,1,0.3279602201278984
R5_F3,2,142,1,0.5438116963241706
R5_F3,2,162,0,0.6245926897523273
R5_F3,2,166,0,0.13627682976928346
R5_F3,2,167,1,0.6455731563508745
R5_F3,2,168,1,0.20748101715370246
R5_F3,2,171,0,0.5517258382374414
R5_F3,2,173,0,0.153568953420408
R5_F3,2,177,0,0.1004932844638007
R5_F3,2,182,0,0.03891666296054502
R5_F3,2,183,0,0.2385984098302818
R5_F3,2,184,0,0.01937290033707506
R5_F3,2,204,1,0.6821682978781526
R5_F3,2,205,0,0.09381699464525989
R5_F3,2,226,0,0.05575191709496241
R5_F3,2,230,0,0.8832513339164705
R5_F3,2,239,0,0.11217893825346843
R5_F3,2,244,0,0.3769033510052435
R5_F3,2,249,0,0.30417764511536927
R5_F3,2,254,0,0.36037111683655293
R5_F3,2,259,0,0.0867431953694418
R5_F3,2,266,1,0.7154621839051782
R5_F3,2,268,1,0.5305086006445137
R5_F3,2,288,0,0.5350768168946293
R5_F3,2,295,1,0.6544987438309943
R5_F3,2,302,1,0.5230116285911213
R5_F3,2,303,0,0.15503859271732798
R5_F3,2,307,0,0.4162433515970005
R5_F3,2,309,0,0.10309600081071803
R5_F3,2,317,0,0.10354917749438657
R5_F3,2,318,0,0.5955727445300653
R5_F3,2,319,0,0.4145284701254394
R5_F3,2,324,0,0.244981292559301
R5_F3,2,336,0,0.4938325563389368
R5_F3,2,338,0,0.21066406868244128
R5_F3,2,340,0,0.284979568817193
R5_F3,2,344,1,0.34129227810677215
R5_F3,2,345,0,0.21304235741385216
R5_F3,2,347,1,0.20085090524468185
R5_F3,2,353,0,0.43855331089084154
R5_F3,2,354,1,0.6679614496845881
R5_F3,2,357,0,0.08128964940215894
R5_F3,2,359,0,0.1374845797676683
R5_F3,2,362,1,0.6171991078733949
R5_F3,2,364,0,0.344969417267877
R5_F3,2,365,1,0.2574816395430969
R5_F3,2,371,0,0.16397402504376757
R5_F3,2,387,0,0.47928108347145365
R5_F3,2,398,1,0.21529119117341636
R5_F3,2,400,0,0.22994038807852968
R5_F3,2,403,0,0.36385522300709505
R5_F3,2,405,1,0.5294088090266267
R5_F3,2,406,1,0.8967028877722286
R5_F3,2,409,1,0.6192682379547207
R5_F3,2,417,1,0.8491018470502437
R5_F3,2,419,0,0.0181753159678753
R5_F3,2,422,0,0.6657051174977449
R5_F3,2,423,1,0.572219862065081
R5_F3,2,428,0,0.35935001970412483
R5_F3,2,434,0,0.11304351178980544
R5_F3,2,435,1,0.6685408788297013
R5_F3,2,437,0,0.24850972630446624
R5_F3,2,439,0,0.0667284067122187
R5_F3,2,441,1,0.44503457281856745
R5_F3,2,447,1,0.47787407142844546
R5_F3,2,449,1,0.5238843292980396
R5_F3,2,461,0,0.2851451525273054
R5_F3,2,462,0,0.23242598832291153
R5_F3,2,463,1,0.7744228175175493
R5_F3,2,470,1,0.706197689488584
R5_F3,2,482,1,0.5796205929630717
R5_F3,2,488,0,0.07442617907617675
R5_F3,2,489,1,0.44362108748136597
R5_F3,2,500,1,0.46021596216031996
R5_F3,2,502,0,0.14317838301931896
R5_F3,2,504,0,0.5395718949328777
R5_F3,2,506,0,0.37809402995260893
R5_F3,2,511,0,0.17017492537175036
R5_F3,2,512,1,0.7009871456301838
R5_F3,2,514,0,0.6447490175424838
R5_F3,2,516,1,0.30105965427147
R5_F3,2,517,0,0.4289875697615317
R5_F3,2,526,0,0.325121202719112
R5_F3,2,529,0,0.6531022052324599
R5_F3,2,536,0,0.09494868778475708
R5_F3,2,538,0,0.5044577700839706
R5_F3,2,539,0,0.09306861428024593
R5_F3,2,546,0,0.40251779164837065
R5_F3,2,551,0,0.4334417192550864
R5_F3,2,552,0,0.16848588016499758
R5_F3,2,557,0,0.36988391885452315
R5_F3,2,565,0,0.31840750656440253
R5_F3,2,567,1,0.7027594003967336
R5_F3,2,577,0,0.4144051121116763
R5_F3,2,581,1,0.6820667818967362
R5_F3,2,589,1,0.5301101264351412
R5_F3,2,593,0,0.755349395154052
R5_F3,2,596,0,0.6401920296949081
R5_F3,2,597,1,0.6622076140368699
R5_F3,2,605,1,0.5955322535016722
R5_F3,2,612,0,0.28903809277686165
R5_F3,2,617,1,0.8187543082423338
R5_F3,2,630,1,0.7681787797799983
R5_F3,2,631,1,0.28369449632890237
R5_F3,2,632,0,0.05574698449263873
R5_F3,2,633,0,0.02690021870821013
R5_F3,2,638,0,0.21367418472252628
R5_F3,2,645,0,0.1647305411759451
R5_F3,2,653,0,0.04104040295932455
R5_F3,2,655,1,0.5972815555787733
R5_F3,2,657,0,0.2058000983248313
R5_F3,2,664,0,0.36013307130615263
R5_F3,2,669,1,0.754024365485844
R5_F3,2,682,0,0.014912189133350046
R5_F3,2,687,0,0.03828940948516813
R5_F3,2,691,1,0.15070744586374826
R5_F3,2,699,0,0.1890369291935862
R5_F3,2,702,0,0.7252703630965941
R5_F3,2,706,0,0.07872475341841524
R5_F3,2,707,1,0.4602629187672027
R5_F3,2,712,0,0.6060824166983715
R5_F3,2,718,0,0.20203724750843835
R5_F3,2,721,0,0.1047840780543949
R5_F3,2,722,0,0.090022325790149
R5_F3,2,726,0,0.5726523095521143
R5_F3,2,733,1,0.3488693953010784
R5_F3,2,735,0,0.3671123453243415
R5_F3,2,736,1,0.5338704513837946
R5_F3,2,739,0,0.5265603764351132
R5_F3,2,742,0,0.4528188202311639
R5_F3,2,744,0,0.05517018329693715
R5_F3,2,755,1,0.14267273783593723
R5_F3,2,793,0,0.3323619695473616
R5_F3,3,0,0,0.0854688601643573
R5_F3,3,4,0,0.21556270031235772
R5_F3,3,8,1,0.739647252348531
R5_F3,3,13,0,0.8266762687693306
R5_F3,3,17,1,0.6651092058398478
R5_F3,3,26,1,0.7400231199552536
R5_F3,3,27,0,0.28676212318159533
R5_F3,3,29,0,0.10304129668798782
R5_F3,3,32,1,0.5964526963377051
R5_F3,3,37,1,0.46801009384183945
R5_F3,3,39,0,0.18376204293454199
R5_F3,3,42,0,0.4541939778877298
R5_F3,3,48,1,0.1824204303972418
R5_F3,3,54,1,0.8284733334904012
R5_F3,3,57,0,0.27957701939659835
R5_F3,3,60,0,0.2973430157269099
R5_F3,3,61,0,0.39485785954032987
R5_F3,3,65,0,0.27956483422963907
R5_F3,3,68,0,0.20023666621407946
R5_F3,3,80,0,0.23621682177724898
R5_F3,3,81,0,0.2592709810563972
R5_F3,3,84,0,0.34510033674882973
R5_F3,3,85,0,0.3785517693774358
R5_F3,3,97,0,0.06265421863751001
R5_F3,3,104,1,0.49669153287298623
R5_F3,3,105,0,0.5772753251859817
R5_F3,3,116,0,0.2197849762589121
R5_F3,3,117,0,0.7173182212546311
R5_F3,3,129,0,0.7254811599208782
R5_F3,3,131,0,0.020232630179146668
R5_F3,3,140,0,0.20759874971623604
R5_F3,3,143,1,0.10834087794841298
R5_F3,3,144,0,0.16606623257903233
R5_F3,3,154,1,0.1407222331731392
R5_F3,3,155,0,0.039180217727189916
R5_F3,3,158,1,0.6168195071907195
R5_F3,3,159,0,0.03641823783368872
R5_F3,3,161,0,0.08281848944542038
R5_F3,3,169,0,0.0577220327387781
R5_F3,3,181,1,0.3903881563743063
R5_F3,3,187,0,0.092331536033042
R5_F3,3,193,0,0.046376144297314126
R5_F3,3,195,0,0.49583967565916165
R5_F3,3,207,0,0.43914584955153496
R5_F3,3,208,0,0.6068864507230228
R5_F3,3,211,0,0.03454092965144978
R5_F3,3,220,1,0.8317991223575101
R5_F3,3,225,0,0.17893454498721229
R5_F3,3,228,0,0.22288733219258353
R5_F3,3,229,0,0.047423718294027556
R5_F3,3,233,0,0.3003358998030484
R5_F3,3,235,1,0.6604246079410455
R5_F3,3,245,0,0.09438013014314933
R5_F3,3,250,0,0.3667092724747187
R5_F3,3,251,1,0.6549305614003641
R5_F3,3,253,0,0.5098254150239517
R5_F3,3,262,0,0.2636486933519285
R5_F3,3,263,0,0.14385690577539972
R5_F3,3,267,0,0.5643490582091492
R5_F3,3,273,0,0.5090127193112778
R5_F3,3,275,0,0.334892576838246
R5_F3,3,278,1,0.15735218836642326
R5_F3,3,279,0,0.12414692414149438
R5_F3,3,287,1,0.723501407373535
R5_F3,3,290,0,0.49487891244910953
R5_F3,3,292,0,0.07056068941387689
R5_F3,3,294,0,0.5980008729496742
R5_F3,3,298,0,0.11279722601201943
R5_F3,3,301,1,0.5770485930991688
R5_F3,3,305,0,0.30558240178257456
R5_F3,3,310,0,0.19450873041559044
R5_F3,3,313,0,0.395128401826319
R5_F3,3,316,0,0.20212165564927606
R5_F3,3,325,1,0.3869714480345618
R5_F3,3,330,0,0.036746898807499574
R5_F3,3,341,0,0.10536581840771014
R5_F3,3,350,0,0.6684831697907104
R5_F3,3,352,0,0.622668951584466
R5_F3,3,355,0,0.08188353226253013
R5_F3,3,356,1,0.781690418102226
R5_F3,3,376,1,0.5270632917645641
R5_F3,3,377,1,0.4202926583628555
R5_F3,3,380,1,0.41200613599170705
R5_F3,3,386,0,0.8172982785942607
R5_F3,3,389,0,0.05883777258245124
R5_F3,3,390,1,0.2442945719851335
R5_F3,3,395,0,0.08774722466476641
R5_F3,3,401,0,0.19041862457617106
R5_F3,3,402,1,0.8675973790465316
R5_F3,3,408,0,0.13146035088939123
R5_F3,3,411,0,0.16654713028473744
R5_F3,3,413,0,0.10220399526829944
R5_F3,3,414,0,0.3322111057153191
R5_F3,3,420,1,0.8684169318767087
R5_F3,3,421,0,0.2971571016632198
R5_F3,3,429,0,0.4262005771218882
R5_F3,3,442,0,0.4539580723124161
R5_F3,3,459,0,0.2842071326468351
R5_F3,3,473,1,0.23760580424707523
R5_F3,3,483,1,0.5837722597877153
R5_F3,3,486,0,0.2670164800460118
R5_F3,3,495,0,0.45247587328857536
R5_F3,3,497,1,0.47347882985989953
R5_F3,3,501,0,0.06443717293622368
R5_F3,3,505,1,0.8370055540146973
R5_F3,3,507,1,0.18880814571473356
R5_F3,3,513,1,0.7909156248520368
R5_F3,3,521,1,0.3886550218463398
R5_F3,3,523,0,0.01809400400305194
R5_F3,3,532,0,0.4353713297219454
R5_F3,3,553,0,0.1049684318635619
R5_F3,3,555,0,0.19804246128578784
R5_F3,3,558,1,0.2071589555816018
R5_F3,3,559,1,0.2563634251576673
R5_F3,3,566,0,0.310867341500592
R5_F3,3,569,0,0.254164594115546
R5_F3,3,575,1,0.3318463770571958
R5_F3,3,578,1,0.48378609926515487
R5_F3,3,588,0,0.07617403168421236
R5_F3,3,590,0,0.6554951805773688
R5_F3,3,594,0,0.6800314520805063
R5_F3,3,602,1,0.7578428076060965
R5_F3,3,604,1,0.5488229026435286
R5_F3,3,608,0,0.5050318714819452
R5_F3,3,619,0,0.6893505117540178
R5_F3,3,624,0,0.4378710266994463
R5_F3,3,628,0,0.02800172044207901
R5_F3,3,629,1,0.5228163925322468
R5_F3,3,639,0,0.12408170780337315
R5_F3,3,640,0,0.3083431598144435
R5_F3,3,641,0,0.5855935674185502
R5_F3,3,646,0,0.042788946763683576
R5_F3,3,648,1,0.8113619828699304
R5_F3,3,652,0,0.7283337729270123
R5_F3,3,654,0,0.821634647235511
R5_F3,3,660,0,0.21341721224652446
R5_F3,3,665,1,0.853612740654604
R5_F3,3,692,1,0.6182758286808263
R5_F3,3,694,1,0.14335063163563755
R5_F3,3,695,0,0.20940729580099426
R5_F3,3,696,0,0.7967899472465229
R5_F3,3,703,0,0.34562408582047627
R5_F3,3,704,1,0.5726666657079488
R5_F3,3,709,1,0.8184312406800748
R5_F3,3,715,0,0.08450907434776506
R5_F3,3,719,1,0.536830155427608
R5_F3,3,729,1,0.6703758425198499
R5_F3,3,745,0,0.8132442605744892
R5_F3,3,746,1,0.6849619151069776
R5_F3,3,748,1,0.5870407513201538
R5_F3,3,752,0,0.14955531793615043
R5_F3,3,753,0,0.026487085122347542
R5_F3,3,754,1,0.5362732619493921
R5_F3,3,759,0,0.8103236568331581
R5_F3,3,761,0,0.2789889911602918
R5_F3,3,763,1,0.7481867676048287
R5_F3,3,774,1,0.8095985043879378
R5_F3,3,775,1,0.7869824194575551
R5_F3,3,779,0,0.2705860000086378
R5_F3,3,780,1,0.21882896727288273
R5_F3,3,792,0,0.06458387359673956
R5_F3,4,1,0,0.048003389074203213
R5_F3,4,3,1,0.7297368733916644
R5_F3,4,6,0,0.42877757089971613
R5_F3,4,10,1,0.8680300975859975
R5_F3,4,12,1,0.49521132153220176
R5_F3,4,19,0,0.25524690417141455
R5_F3,4,21,0,0.1318253293328975
R5_F3,4,22,0,0.023297694580595805
R5_F3,4,24,0,0.31916572150657807
R5_F3,4,25,0,0.1831200825878436
R5_F3,4,28,0,0.3882611863213217
R5_F3,4,36,0,0.3213684555465865
R5_F3,4,40,0,0.46600319357650233
R5_F3,4,43,0,0.2879271590514884
R5_F3,4,44,0,0.14895656286700956
R5_F3,4,45,0,0.036223786136698154
R5_F3,4,46,1,0.6916899732385796
R5_F3,4,50,0,0.5763814440030904
R5_F3,4,55,0,0.31753693448142756
R5_F3,4,56,0,0.12580901248207577
R5_F3,4,58,0,0.3572570647496606
R5_F3,4,67,0,0.20272111759621528
R5_F3,4,70,0,0.3727411657812248
R5_F3,4,71,0,0.38615917370135405
R5_F3,4,79,1,0.08462285900572027
R5_F3,4,99,0,0.1217219062677359
R5_F3,4,103,0,0.313420923252497
R5_F3,4,108,0,0.23175237272673874
R5_F3,4,109,1,0.4121155222808322
R5_F3,4,112,0,0.4071666555439058
R5_F3,4,120,0,0.521028592773229
R5_F3,4,127,0,0.31273048356709443
R5_F3,4,136,0,0.2688481993107974
R5_F3,4,141,0,0.07334067966819197
R5_F3,4,151,1,0.037758403339064994
R5_F3,4,153,1,0.6321630648450395
R5_F3,4,164,0,0.006105347643353016
R5_F3,4,165,0,0.013484610115386401
R5_F3,4,170,0,0.7475229756328776
R5_F3,4,174,0,0.8056640135164237
R5_F3,4,178,0,0.650532962093506
R5_F3,4,190,1,0.742416025315915
R5_F3,4,197,0,0.07597986652655496
R5_F3,4,206,0,0.057156881542549214
R5_F3,4,214,1,0.3729390139908211
R5_F3,4,215,0,0.09213581645173607
R5_F3,4,217,0,0.042154273402864234
R5_F3,4,222,0,0.09219245102225665
R5_F3,4,224,1,0.0982497803599807
R5_F3,4,227,0,0.14046094602307735
R5_F3,4,238,1,0.8017009647940743
R5_F3,4,242,1,0.6217257361476224
R5_F3,4,248,0,0.3468146310601052
R5_F3,4,261,0,0.5757072483645501
R5_F3,4,269,0,0.6090066212769022
R5_F3,4,276,0,0.5254782342219593
R5_F3,4,280,1,0.20211955581985278
R5_F3,4,284,1,0.7317616342396999
R5_F3,4,286,0,0.12839034364346447
R5_F3,4,300,0,0.3426448754140148
R5_F3,4,332,1,0.7545045562543112
R5_F3,4,333,0,0.0472237447956441
R5_F3,4,335,0,0.6640855410875989
R5_F3,4,337,1,0.5700205622586788
R5_F3,4,348,0,0.11706913528675443
R5_F3,4,351,0,0.1700271057047302
R5_F3,4,358,1,0.22361794026515716
R5_F3,4,360,0,0.264288342846604
R5_F3,4,366,0,0.5192380863125575
R5_F3,4,368,0,0.6349093751392574
R5_F3,4,374,0,0.539475055676153
R5_F3,4,378,1,0.7040172228552316
R5_F3,4,388,0,0.07376032893673572
R5_F3,4,393,0,0.050483062101095044
R5_F3,4,394,0,0.23821167342230623
R5_F3,4,399,1,0.7490272342726355
R5_F3,4,426,0,0.13366522370061615
R5_F3,4,436,0,0.15917106415406482
R5_F3,4,446,1,0.36699001577061835
R5_F3,4,450,0,0.39090247223989166
R5_F3,4,451,0,0.3360245254232015
R5_F3,4,454,0,0.049473220647785164
R5_F3,4,455,0,0.23267081424350824
R5_F3,4,465,1,0.5825066044278645
R5_F3,4,466,0,0.2860943550893928
R5_F3,4,468,1,0.7898074665856102
R5_F3,4,471,0,0.5497303112777852
R5_F3,4,476,1,0.7567122006853816
R5_F3,4,478,1,0.7903927640956111
R5_F3,4,479,1,0.5467937195392855
R5_F3,4,481,0,0.17141367985409176
R5_F3,4,487,0,0.28994013477637165
R5_F3,4,496,0,0.21743794046593465
R5_F3,4,508,1,0.7243183185045732
R5_F3,4,510,0,0.14916615548421494
R5_F3,4,515,0,0.07483330385239553
R5_F3,4,524,0,0.594294129210186
R5_F3,4,527,0,0.7832990379832411
R5_F3,4,533,0,0.5742644525209218
R5_F3,4,535,0,0.19779395340820485
R5_F3,4,540,0,0.11633836520634781
R5_F3,4,547,0,0.6766328287461646
R5_F3,4,548,0,0.07604500725591519
R5_F3,4,549,0,0.2717075565480704
R5_F3,4,550,0,0.5600639176374981
R5_F3,4,554,0,0.0612925133502491
R5_F3,4,556,0,0.12911218025182758
R5_F3,4,561,0,0.6500964081566795
R5_F3,4,563,1,0.6690907630647928
R5_F3,4,564,1,0.7829924240826892
R5_F3,4,568,0,0.03669332343499518
R5_F3,4,570,1,0.8795392442380973
R5_F3,4,574,0,0.5194641942165551
R5_F3,4,582,1,0.6679847540456301
R5_F3,4,583,0,0.18494463527259328
R5_F3,4,592,0,0.06625793190025683
R5_F3,4,599,0,0.036215198226767435
R5_F3,4,601,1,0.0577545788392231
R5_F3,4,607,1,0.16205649509375689
R5_F3,4,610,0,0.06464969156296303
R5_F3,4,620,0,0.023349968470455274
R5_F3,4,626,0,0.1717061661216206
R5_F3,4,627,0,0.1358475412826853
R5_F3,4,634,0,0.5034983671588987
R5_F3,4,636,0,0.37453755948301315
R5_F3,4,642,0,0.02346625717915692
R5_F3,4,643,0,0.7104683583114992
R5_F3,4,647,0,0.6653322815423063
R5_F3,4,649,0,0.2545512842363307
R5_F3,4,651,1,0.6851034405227319
R5_F3,4,659,0,0.3266593334323954
R5_F3,4,663,1,0.45163078970368914
R5_F3,4,673,0,0.08771469799044718
R5_F3,4,677,0,0.36580367582201534
R5_F3,4,679,1,0.10226756693728266
R5_F3,4,680,0,0.21416746789663207
R5_F3,4,688,0,0.09970921470419102
R5_F3,4,689,1,0.49873393324066045
R5_F3,4,693,0,0.10353030891277969
R5_F3,4,698,0,0.787243329180975
R5_F3,4,705,0,0.31959175760880615
R5_F3,4,708,0,0.13902239363920407
R5_F3,4,710,0,0.23514534595429173
R5_F3,4,711,0,0.4005928794594817
R5_F3,4,723,0,0.5569442608025095
R5_F3,4,724,0,0.14319782535774808
R5_F3,4,728,0,0.09620989690165462
R5_F3,4,737,1,0.7561404035516603
R5_F3,4,740,1,0.5884300641273259
R5_F3,4,741,0,0.80417381893362
R5_F3,4,750,0,0.07825829975804927
R5_F3,4,751,0,0.06462904530046265
R5_F3,4,758,1,0.45036462867980004
R5_F3,4,765,0,0.6798621269632483
R5_F3,4,770,1,0.30883325768871067
R5_F3,4,773,0,0.19618425887926663
R5_F3,4,782,1,0.19874641044268826
R5_F3,4,786,0,0.09340205312089254
R5_F3,4,788,0,0.7053104286736964
R5_F3,4,797,0,0.5007503223298149
R5_F3,5,5,0,0.1321633341472711
R5_F3,5,16,0,0.6872258379927775
R5_F3,5,18,0,0.09660566078053719
R5_F3,5,30,0,0.5180596527348688
R5_F3,5,33,0,0.3344610182203289
R5_F3,5,34,0,0.28651644597104076
R5_F3,5,35,0,0.5215420266976188
R5_F3,5,47,0,0.11731334881886378
R5_F3,5,63,0,0.33284406059716204
R5_F3,5,69,0,0.17903002311317884
R5_F3,5,72,0,0.21119912426562615
R5_F3,5,73,0,0.055262316077672326
R5_F3,5,82,1,0.9086825195009046
R5_F3,5,86,0,0.1883631663690057
R5_F3,5,88,0,0.11056475385505464
R5_F3,5,93,0,0.22738966704387467
R5_F3,5,95,0,0.4634122509253326
R5_F3,5,98,1,0.5040683491423122
R5_F3,5,102,0,0.1004359256847908
R5_F3,5,107,1,0.5700361151911891
R5_F3,5,110,1,0.879254563275984
R5_F3,5,113,0,0.11369596016541471
R5_F3,5,114,1,0.15524735149333393
R5_F3,5,115,0,0.10539920180031437
R5_F3,5,122,0,0.0396119057131322
R5_F3,5,123,0,0.6232917803807342
R5_F3,5,124,0,0.04694560393088323
R5_F3,5,125,0,0.7054105856684951
R5_F3,5,126,0,0.2954048569324493
R5_F3,5,128,1,0.5548435331519175
R5_F3,5,147,1,0.5948204667848785
R5_F3,5,148,0,0.04314606587636685
R5_F3,5,156,1,0.6981352642046161
R5_F3,5,179,1,0.46536377770118076
R5_F3,5,186,1,0.4578429459736955
R5_F3,5,188,0,0.25249455203968313
R5_F3,5,189,1,0.8041006647995812
R5_F3,5,192,0,0.1254340928956608
R5_F3,5,196,1,0.2670811263135415
R5_F3,5,198,0,0.17875470511396266
R5_F3,5,199,1,0.7505382876137952
R5_F3,5,201,0,0.12974137827545176
R5_F3,5,203,0,0.07275406239385976
R5_F3,5,209,0,0.5203143724024778
R5_F3,5,218,0,0.7174094193710716
R5_F3,5,219,1,0.46532658802396876
R5_F3,5,223,0,0.4294701816957535
R5_F3,5,234,1,0.7331677748161587
R5_F3,5,237,0,0.4120831598880601
R5_F3,5,246,0,0.10985495540024909
R5_F3,5,257,0,0.23347953697703985
R5_F3,5,258,0,0.20957609721363388
R5_F3,5,264,1,0.10282526224760301
R5_F3,5,270,0,0.6944789827840684
R5_F3,5,277,0,0.031518454119585204
R5_F3,5,283,0,0.17578801876319217
R5_F3,5,291,0,0.20885452696186413
R5_F3,5,293,0,0.021554725472151776
R5_F3,5,297,0,0.17172721204944189
R5_F3,5,299,0,0.09017308149163004
R5_F3,5,304,0,0.11842101923876419
R5_F3,5,314,0,0.2906024055317289
R5_F3,5,315,0,0.5423329943766605
R5_F3,5,320,0,0.690573383157218
R5_F3,5,321,1,0.4395789429021444
R5_F3,5,322,0,0.05494269106808714
R5_F3,5,323,0,0.1465448995922358
R5_F3,5,334,1,0.5524658597843722
R5_F3,5,343,0,0.03663576934572583
R5_F3,5,349,0,0.1001940528692542
R5_F3,5,363,0,0.2526838611185436
R5_F3,5,367,0,0.3099760929556917
R5_F3,5,370,0,0.3141719408288935
R5_F3,5,373,0,0.3988457727844716
R5_F3,5,379,0,0.06829271323093683
R5_F3,5,382,0,0.14319097833257877
R5_F3,5,383,0,0.45362942500895204
R5_F3,5,391,0,0.049711817310429784
R5_F3,5,392,0,0.3510287631895839
R5_F3,5,396,0,0.025236469396400205
R5_F3,5,407,0,0.23909946373876653
R5_F3,5,410,0,0.139434954779076
R5_F3,5,412,0,0.4943385476416922
R5_F3,5,415,0,0.18971679177188147
R5_F3,5,416,1,0.42978125102616965
R5_F3,5,418,0,0.3808467431027243
R5_F3,5,424,0,0.15174487060137054
R5_F3,5,427,0,0.40462174350000474
R5_F3,5,433,1,0.1654545444590362
R5_F3,5,443,0,0.3738907349536233
R5_F3,5,448,1,0.2825647167031428
R5_F3,5,453,1,0.39604001423664714
R5_F3,5,457,1,0.8001719723275077
R5_F3,5,460,0,0.18780709336939724
R5_F3,5,464,0,0.22545979107209682
R5_F3,5,467,0,0.27562550183961143
R5_F3,5,474,0,0.13830699557904994
R5_F3,5,475,0,0.2966348751458263
R5_F3,5,480,1,0.24081895666647338
R5_F3,5,485,0,0.5126719920444588
R5_F3,5,494,0,0.6652651643894251
R5_F3,5,499,0,0.7451611636668966
R5_F3,5,503,0,0.03373572890785248
R5_F3,5,518,1,0.14567908471267896
R5_F3,5,519,1,0.6075937505216699
R5_F3,5,520,0,0.8925479545736631
R5_F3,5,522,1,0.2896316898243574
R5_F3,5,528,0,0.46018967791963744
R5_F3,5,531,0,0.4945174340589693
R5_F3,5,541,0,0.6306205326479527
R5_F3,5,542,0,0.200202796436436
R5_F3,5,543,0,0.11328059043484939
R5_F3,5,560,0,0.378890701285564
R5_F3,5,562,0,0.22705437252924474
R5_F3,5,571,0,0.030869336703019085
R5_F3,5,572,0,0.2278327935836851
R5_F3,5,573,0,0.15653321667045325
R5_F3,5,580,0,0.03735138054480335
R5_F3,5,585,0,0.7818019132316777
R5_F3,5,587,0,0.5438478001715662
R5_F3,5,591,0,0.5234769827826784
R5_F3,5,595,0,0.4899613142118661
R5_F3,5,606,0,0.5294326188589757
R5_F3,5,609,1,0.7469144990615281
R5_F3,5,614,0,0.018557657126854223
R5_F3,5,622,1,0.2570304742055487
R5_F3,5,623,0,0.07782707402854118
R5_F3,5,625,1,0.7378781098885749
R5_F3,5,637,1,0.2216616880274954
R5_F3,5,644,1,0.731722015592056
R5_F3,5,656,0,0.1678917322172365
R5_F3,5,658,1,0.7167625097171468
R5_F3,5,666,1,0.808611724429781
R5_F3,5,667,0,0.2610284960662356
R5_F3,5,668,1,0.19411376260382698
R5_F3,5,675,0,0.19065328631775824
R5_F3,5,681,1,0.36973186487652404
R5_F3,5,684,1,0.8227769560994761
R5_F3,5,700,0,0.3150810987167574
R5_F3,5,713,0,0.5196257161348693
R5_F3,5,714,0,0.36227643538334986
R5_F3,5,716,0,0.11234062865021636
R5_F3,5,720,0,0.0959371409635344
R5_F3,5,725,0,0.09552285463628339
R5_F3,5,727,0,0.3042518733930113
R5_F3,5,732,1,0.5568093264465531
R5_F3,5,738,1,0.7824068557977165
R5_F3,5,756,1,0.03163613913820622
R5_F3,5,768,0,0.5122356212995639
R5_F3,5,769,0,0.5649373804542207
R5_F3,5,776,0,0.15122542901323996
R5_F3,5,777,0,0.4226437282637623
R5_F3,5,781,1,0.7089741772001199
R5_F3,5,783,1,0.6692717296236138
R5_F3,5,784,0,0.3459976311402892
R5_F3,5,790,0,0.6589756154579659
R5_F3,5,791,0,0.3052946923796039
R5_F3,5,794,0,0.36367469450048695
R5_F3,5,795,0,0.7800440493575264
R5_F3,5,799,0,0.3124680913641766
R5_F4,1,2,0,0.06140572847803505
R5_F4,1,11,1,0.6417267654745817
R5_F4,1,12,0,0.02646106015083986
R5_F4,1,16,0,0.2537416960227354
R5_F4,1,23,0,0.11435671532161962
R5_F4,1,30,0,0.4267223610552047
R5_F4,1,33,0,0.14919136100846597
R5_F4,1,35,0,0.206740577816752
R5_F4,1,36,0,0.15394172301622291
R5_F4,1,40,0,0.02781861030209491
R5_F4,1,46,0,0.5893705527318652
R5_F4,1,51,0,0.5084894832743269
R5_F4,1,52,1,0.2859631890012307
R5_F4,1,55,0,0.021536832450691795
R5_F4,1,60,0,0.1981356150428452
R5_F4,1,63,0,0.0779774883236072
R5_F4,1,64,0,0.3666557603103069
R5_F4,1,66,0,0.56141036608893
R5_F4,1,74,0,0.05532661680206399
R5_F4,1,75,0,0.4692490502759978
R5_F4,1,77,0,0.13346924775355176
R5_F4,1,82,0,0.07702585996505336
R5_F4,1,84,1,0.4206586665354907
R5_F4,1,85,0,0.3944797818615678
R5_F4,1,86,0,0.6028931022195025
R5_F4,1,87,0,0.46826157736087787
R5_F4,1,88,0,0.5577629215367561
R5_F4,1,105,1,0.40916019867870496
R5_F4,1,108,0,0.3221579098815788
R5_F4,1,111,0,0.03897251073358837
R5_F4,1,112,1,0.14015386889487325
R5_F4,1,118,1,0.6377585407243809
R5_F4,1,125,0,0.40773889343749997
R5_F4,1,132,0,0.02659600905361575
R5_F4,1,135,0,0.7294034571817081
R5_F4,1,136,0,0.2817770693921216
R5_F4,1,138,1,0.8246201862041028
R5_F4,1,148,0,0.6156597846606001
R5_F4,1,158,1,0.4106574802513349
R5_F4,1,160,1,0.5266602547265432
R5_F4,1,166,1,0.37822733083995885
R5_F4,1,167,0,0.04764447116276479
R5_F4,1,173,0,0.240532745985948
R5_F4,1,178,0,0.782827114376652
R5_F4,1,181,0,0.15561775693476454
R5_F4,1,188,0,0.8588567338366414
R5_F4,1,190,0,0.3300452842856418
R5_F4,1,196,1,0.40484429438470926
R5_F4,1,199,0,0.1582452866473781
R5_F4,1,200,0,0.06077980608596085
R5_F4,1,204,0,0.0692837316377829
R5_F4,1,220,0,0.38342142121789263
R5_F4,1,226,1,0.2930190615961969
R5_F4,1,228,0,0.24046182614589454
R5_F4,1,229,1,0.6472905145270805
R5_F4,1,232,0,0.053479774156756865
R5_F4,1,242,0,0.4428040607722931
R5_F4,1,245,0,0.5543966438609084
R5_F4,1,251,0,0.6447589102260652
R5_F4,1,258,0,0.08441836646949412
R5_F4,1,264,0,0.49721752689768656
R5_F4,1,271,1,0.7915043056075893
R5_F4,1,281,1,0.767885589357133
R5_F4,1,288,0,0.054310875760839226
R5_F4,1,292,0,0.21746319585360885
R5_F4,1,295,1,0.5823574901932974
R5_F4,1,305,0,0.614664196080413
R5_F4,1,307,0,0.5088340935931039
R5_F4,1,313,1,0.800562425329486
R5_F4,1,324,0,0.38388981017983276
R5_F4,1,326,0,0.42625775758903944
R5_F4,1,329,0,0.6464719224490929
R5_F4,1,334,0,0.3458456730825252
R5_F4,1,341,0,0.10285047447598634
R5_F4,1,344,1,0.5195928562867348
R5_F4,1,363,0,0.4807588618328779
R5_F4,1,365,0,0.21757490428716478
R5_F4,1,367,0,0.1955559361903005
R5_F4,1,374,1,0.22222704490836098
R5_F4,1,381,0,0.20438138634535294
R5_F4,1,383,0,0.0447160518061363
R5_F4,1,388,1,0.7736271595941803
R5_F4,1,391,0,0.2617803029649617
R5_F4,1,396,1,0.19095293755605705
R5_F4,1,404,1,0.6612313261409705
R5_F4,1,419,0,0.11028158275169597
R5_F4,1,431,0,0.5652194874114824
R5_F4,1,435,1,0.6875854277455432
R5_F4,1,437,0,0.31610886812886774
R5_F4,1,439,0,0.615264151005469
R5_F4,1,445,1,0.7681600268949365
R5_F4,1,455,1,0.5396240302351505
R5_F4,1,457,0,0.2915665040965868
R5_F4,1,464,1,0.802066250569763
R5_F4,1,466,0,0.07355312457253603
R5_F4,1,467,0,0.15220047455421673
R5_F4,1,468,0,0.7372659310637987
R5_F4,1,473,1,0.7470620544450047
R5_F4,1,476,0,0.2930252348388356
R5_F4,1,478,0,0.13520728503392765
R5_F4,1,481,1,0.16084655536795558
R5_F4,1,484,0,0.3992605281419767
R5_F4,1,493,1,0.7424038436420468
R5_F4,1,494,1,0.24384346234037121
R5_F4,1,495,0,0.35952748021621944
R5_F4,1,497,1,0.544147488253938
R5_F4,1,499,1,0.6187355363767955
R5_F4,1,512,1,0.329891323144359
R5_F4,1,518,1,0.3719376416707252
R5_F4,1,523,1,0.6316145161438821
R5_F4,1,526,1,0.1781308165845682
R5_F4,1,530,0,0.7334009558557494
R5_F4,1,533,1,0.2361336287229321
R5_F4,1,537,1,0.6551164484905304
R5_F4,1,541,0,0.1591758780366353
R5_F4,1,550,0,0.1708194893789111
R5_F4,1,554,1,0.6907353439270284
R5_F4,1,559,0,0.0795502325457688
R5_F4,1,565,0,0.05447735875221699
R5_F4,1,573,0,0.5673752668138891
R5_F4,1,579,0,0.057332426868306564
R5_F4,1,584,1,0.5952898116499317
R5_F4,1,589,1,0.6805421262167494
R5_F4,1,591,0,0.24664059177574282
R5_F4,1,609,1,0.8484712040008855
R5_F4,1,614,0,0.10496009660980142
R5_F4,1,621,0,0.11520817682170552
R5_F4,1,627,0,0.16235938436228511
R5_F4,1,632,0,0.5647933504792481
R5_F4,1,645,0,0.2525534560483195
R5_F4,1,647,0,0.25973945508312557
R5_F4,1,651,0,0.7098063366775911
R5_F4,1,659,0,0.847684684224134
R5_F4,1,662,1,0.6972235303138499
R5_F4,1,667,1,0.6724256937108696
R5_F4,1,668,0,0.193751666601929
R5_F4,1,673,1,0.7032878378496492
R5_F4,1,679,1,0.30374541010974043
R5_F4,1,688,0,0.031661024183687374
R5_F4,1,690,0,0.04185494690369018
R5_F4,1,709,0,0.041844929644414296
R5_F4,1,710,0,0.08025395541415237
R5_F4,1,730,0,0.050651720408778245
R5_F4,1,734,0,0.5435569483955305
R5_F4,1,737,1,0.7287156325607941
R5_F4,1,740,1,0.6050572975555076
R5_F4,1,742,0,0.17155988635520203
R5_F4,1,745,1,0.8323675572049561
R5_F4,1,757,0,0.07735090940084734
R5_F4,1,758,0,0.04159035214731537
R5_F4,1,762,1,0.22607166619041622
R5_F4,1,772,0,0.0973356485491944
R5_F4,1,774,0,0.5520613550494154
R5_F4,1,776,1,0.18600950921080672
R5_F4,1,778,0,0.2612257228837336
R5_F4,1,779,0,0.1709736004359873
R5_F4,1,782,0,0.09184228547823796
R5_F4,1,783,0,0.31230200553778914
R5_F4,1,793,0,0.5391161705781786
R5_F4,1,798,1,0.697902080398633
R5_F4,2,7,1,0.8595771296937335
R5_F4,2,17,0,0.10520827641791863
R5_F4,2,27,0,0.2857897057294117
R5_F4,2,47,0,0.03264453137514712
R5_F4,2,48,1,0.8325165617940248
R5_F4,2,49,0,0.2459543083066875
R5_F4,2,56,0,0.4873142899133113
R5_F4,2,57,1,0.5324032588124047
R5_F4,2,65,0,0.4998582025186494
R5_F4,2,67,0,0.3867118266332832
R5_F4,2,72,0,0.16506021292766093
R5_F4,2,73,0,0.12699524599589473
R5_F4,2,93,1,0.4956130240563499
R5_F4,2,94,0,0.17726154015052273
R5_F4,2,98,0,0.05445604029015799
R5_F4,2,101,1,0.2746370175997707
R5_F4,2,109,0,0.44716241947325974
R5_F4,2,113,0,0.05486453038126255
R5_F4,2,114,0,0.2808651440451351
R5_F4,2,117,0,0.6943438512273229
R5_F4,2,119,0,0.2567525458669253
R5_F4,2,123,0,0.16448699174753548
R5_F4,2,128,0,0.0837109486142651
R5_F4,2,129,0,0.7665591881645376
R5_F4,2,130,0,0.3080114101254524
R5_F4,2,134,0,0.07867467304633417
R5_F4,2,137,0,0.0766676514841725
R5_F4,2,141,1,0.30169806095327595
R5_F4,2,152,1,0.3835308464934733
R5_F4,2,153,1,0.4173735667100686
R5_F4,2,154,1,0.6701836784778362
R5_F4,2,156,1,0.6186660747851674
R5_F4,2,157,0,0.043286806913756824
R5_F4,2,162,1,0.11569161864440125
R5_F4,2,165,0,0.08828330761102378
R5_F4,2,170,1,0.45945309969359077
R5_F4,2,180,0,0.016636528470046034
R5_F4,2,182,1,0.7931399343291069
R5_F4,2,184,0,0.023228992237380692
R5_F4,2,186,0,0.756305458222536
R5_F4,2,189,0,0.28005281979111657
R5_F4,2,191,0,0.6596814263654716
R5_F4,2,195,0,0.45137696380350345
R5_F4,2,208,0,0.07213603914474866
R5_F4,2,209,0,0.3971999213750043
R5_F4,2,214,1,0.20416232122385755
R5_F4,2,219,0,0.061892744439915943
R5_F4,2,223,0,0.4707193306068827
R5_F4,2,231,0,0.07819927143103013
R5_F4,2,233,1,0.3349751612768055
R5_F4,2,235,0,0.08126871671008216
R5_F4,2,240,0,0.13521131799164426
R5_F4,2,261,1,0.29099587559243584
R5_F4,2,265,0,0.07862836425103273
R5_F4,2,266,1,0.7898575658839455
R5_F4,2,267,0,0.53048638673929
R5_F4,2,268,0,0.13990141864031386
R5_F4,2,274,0,0.16905653832473222
R5_F4,2,279,1,0.788414255489479
R5_F4,2,280,1,0.35559507459370376
R5_F4,2,284,1,0.5652695818416288
R5_F4,2,286,0,0.5143380869947296
R5_F4,2,287,0,0.44366839435054334
R5_F4,2,291,1,0.19034739793895897
R5_F4,2,294,0,0.015147100410564364
R5_F4,2,299,1,0.6999589213532805
R5_F4,2,302,1,0.6421808299526139
R5_F4,2,311,0,0.7297834777714839
R5_F4,2,314,0,0.03593856151223596
R5_F4,2,315,1,0.8320426123630336
R5_F4,2,316,0,0.09579355389094153
R5_F4,2,319,0,0.44397469466495626
R5_F4,2,357,1,0.11923443641380727
R5_F4,2,359,0,0.04696701066834256
R5_F4,2,377,0,0.6719366504898358
R5_F4,2,387,1,0.30124287699213753
R5_F4,2,393,0,0.5046090917045877
R5_F4,2,402,0,0.17008770896855427
R5_F4,2,403,1,0.3757685438898184
R5_F4,2,409,1,0.40693317684530567
R5_F4,2,414,0,0.1420256299759376
R5_F4,2,415,1,0.678885323081361
R5_F4,2,423,0,0.19853747556189805
R5_F4,2,429,0,0.028305483427508816
R5_F4,2,430,0,0.4383984620404515
R5_F4,2,433,0,0.050713069656240645
R5_F4,2,436,0,0.6105353974627655
R5_F4,2,453,0,0.5238827196628565
R5_F4,2,456,1,0.5549816178782881
R5_F4,2,459,1,0.5960740164577043
R5_F4,2,462,0,0.017145552494281815
R5_F4,2,482,0,0.20940756430162924
R5_F4,2,483,0,0.33820580238599757
R5_F4,2,485,1,0.25901405260136495
R5_F4,2,488,1,0.4650527732335161
R5_F4,2,491,0,0.18291792844409405
R5_F4,2,505,1,0.7243480456886598
R5_F4,2,508,1,0.20327619631960306
R5_F4,2,516,1,0.6567925330977694
R5_F4,2,521,0,0.25400529232688474
R5_F4,2,528,0,0.39464262210703865
R5_F4,2,529,1,0.21347719932173695
R5_F4,2,546,0,0.6184563213816621
R5_F4,2,560,0,0.5629333225824696
R5_F4,2,562,0,0.37714601555413
R5_F4,2,564,0,0.5311706660319343
R5_F4,2,567,0,0.4074362468945713
R5_F4,2,568,1,0.16257066757242566
R5_F4,2,571,1,0.5461772104404646
R5_F4,2,575,0,0.15428873987498506
R5_F4,2,588,0,0.14399826906078003
R5_F4,2,595,0,0.04687588803054618
R5_F4,2,596,0,0.13385316281985268
R5_F4,2,597,0,0.6665906447822894
R5_F4,2,599,0,0.17906629038708566
R5_F4,2,603,0,0.37988106075946754
R5_F4,2,606,0,0.061045803560263755
R5_F4,2,610,0,0.3924977115800203
R5_F4,2,611,0,0.10219902799066465
R5_F4,2,630,0,0.46277006927626624
R5_F4,2,637,1,0.6480021881618446
R5_F4,2,638,1,0.7082037118736334
R5_F4,2,640,0,0.07963537565511955
R5_F4,2,646,0,0.11334793784622416
R5_F4,2,649,0,0.6688234532663513
R5_F4,2,652,1,0.7661163817467443
R5_F4,2,656,0,0.11807972440800159
R5_F4,2,660,0,0.09724155585056653
R5_F4,2,663,0,0.13469803321385723
R5_F4,2,665,1,0.7125790190582281
R5_F4,2,677,1,0.6313983986194525
R5_F4,2,683,0,0.3032979895210461
R5_F4,2,686,1,0.5297864190708598
R5_F4,2,693,0,0.09381216713991898
R5_F4,2,696,0,0.16428222842054854
R5_F4,2,699,0,0.21164457030363926
R5_F4,2,700,0,0.7521923433817003
R5_F4,2,704,0,0.13580816299540838
R5_F4,2,705,0,0.6725056121023604
R5_F4,2,706,0,0.1939306028101296
R5_F4,2,717,0,0.2310372348090344
R5_F4,2,723,0,0.8596454615766174
R5_F4,2,727,0,0.10513525307874273
R5_F4,2,729,0,0.05210024186088941
R5_F4,2,736,0,0.0311748837697427
R5_F4,2,743,1,0.7139202667699731
R5_F4,2,751,0,0.7034969382793356
R5_F4,2,752,1,0.27526453888117586
R5_F4,2,754,0,0.0457310237260005
R5_F4,2,759,0,0.445343790624956
R5_F4,2,760,0,0.8288244304381145
R5_F4,2,766,1,0.48169683139548763
R5_F4,2,769,0,0.10939389881681742
R5_F4,2,771,0,0.48540364383601214
R5_F4,2,780,1,0.8770809480874259
R5_F4,2,781,1,0.9055773428434412
R5_F4,2,784,1,0.26178327205204804
R5_F4,2,785,1,0.4260247648414768
R5_F4,2,790,0,0.43571312451383215
R5_F4,2,794,0,0.0620777278362413
R5_F4,3,1,1,0.6896908987549099
R5_F4,3,3,1,0.7974401919158156
R5_F4,3,10,0,0.5490110750624742
R5_F4,3,18,0,0.15961911461893716
R5_F4,3,31,0,0.28508796457299557
R5_F4,3,37,0,0.3988226064586106
R5_F4,3,41,1,0.7285992200461454
R5_F4,3,42,0,0.23318639566913105
R5_F4,3,43,0,0.6565101765328787
R5_F4,3,45,1,0.8254025057913004
R5_F4,3,53,0,0.26884684053859204
R5_F4,3,69,0,0.048550815850604445
R5_F4,3,70,0,0.14462851358696838
R5_F4,3,89,0,0.4611980610409166
R5_F4,3,97,1,0.6454723449377361
R5_F4,3,100,0,0.2991787260512245
R5_F4,3,107,1,0.8831271891148887
R5_F4,3,121,0,0.2634094124020299
R5_F4,3,124,0,0.06986077338102442
R5_F4,3,126,0,0.3899806106152566
R5_F4,3,127,1,0.5167972011182232
R5_F4,3,131,0,0.008118174324553196
R5_F4,3,133,0,0.31246979160249294
R5_F4,3,139,0,0.32294500624403466
R5_F4,3,144,1,0.4507483886542663
R5_F4,3,151,0,0.5454878777381801
R5_F4,3,171,0,0.111171297391686
R5_F4,3,175,0,0.08510713726910973
R5_F4,3,177,0,0.17981144820465542
R5_F4,3,179,0,0.027509099245328655
R5_F4,3,183,1,0.340918855245592
R5_F4,3,197,1,0.7830414368907501
R5_F4,3,203,1,0.6104858311460971
R5_F4,3,205,1,0.8037941000534264
R5_F4,3,213,0,0.28361654641808837
R5_F4,3,222,0,0.0940837171202596
R5_F4,3,224,0,0.5494151689610935
R5_F4,3,234,0,0.08885217688150597
R5_F4,3,236,0,0.34988535466563514
R5_F4,3,247,0,0.054538179494874474
R5_F4,3,249,0,0.4063040773774127
R5_F4,3,250,0,0.25102000767163896
R5_F4,3,253,0,0.26450291894615946
R5_F4,3,254,0,0.10926923306056006
R5_F4,3,263,0,0.4698370677490349
R5_F4,3,269,0,0.3856639078648696
R5_F4,3,275,0,0.06847346408352188
R5_F4,3,282,1,0.17183560482572657
R5_F4,3,285,0,0.819427461342416
R5_F4,3,303,0,0.06054851055559826
R5_F4,3,304,0,0.02542921336073282
R5_F4,3,306,1,0.8154254176630378
R5_F4,3,320,0,0.35043629919706193
R5_F4,3,322,0,0.1421166031412552
R5_F4,3,328,0,0.10095346030387965
R5_F4,3,330,1,0.464734091600548
R5_F4,3,332,1,0.5803545044340205
R5_F4,3,333,0,0.2900087293365992
R5_F4,3,335,1,0.4001460419941944
R5_F4,3,338,1,0.062105118201893184
R5_F4,3,343,0,0.06367921440984205
R5_F4,3,346,0,0.16863725604381866
R5_F4,3,351,0,0.2502341889374395
R5_F4,3,352,1,0.5635143245151172
R5_F4,3,353,0,0.06326831069516042
R5_F4,3,354,1,0.80928989657258
R5_F4,3,376,0,0.48021491378739345
R5_F4,3,379,0,0.49587599159921125
R5_F4,3,380,0,0.15482365082737173
R5_F4,3,394,0,0.08648434240814284
R5_F4,3,395,0,0.031114841610282246
R5_F4,3,398,0,0.5761913528681845
R5_F4,3,407,0,0.07976599408372091
R5_F4,3,408,1,0.8783430202285943
R5_F4,3,413,0,0.3063423033446297
R5_F4,3,418,0,0.236058214232951
R5_F4,3,422,0,0.05112470230052435
R5_F4,3,432,1,0.268243916304714
R5_F4,3,443,1,0.19583909600808927
R5_F4,3,444,0,0.08313101966849351
R5_F4,3,446,0,0.16693984096946426
R5_F4,3,448,1,0.7070787845444347
R5_F4,3,449,0,0.07569347799637256
R5_F4,3,450,0,0.19189469412955462
R5_F4,3,451,1,0.258835372899773
R5_F4,3,454,1,0.5326550986715536
R5_F4,3,469,0,0.6797598372557133
R5_F4,3,472,0,0.14405816821976783
R5_F4,3,475,1,0.3302056505207016
R5_F4,3,480,1,0.5488681644006427
R5_F4,3,487,1,0.8125723029565041
R5_F4,3,490,0,0.20385443150742474
R5_F4,3,492,1,0.7490756376330397
R5_F4,3,496,0,0.24052019869913954
R5_F4,3,498,0,0.2723211202169217
R5_F4,3,500,0,0.6015418188768672
R5_F4,3,501,0,0.3146924750491647
R5_F4,3,502,0,0.6828698242167838
R5_F4,3,503,0,0.47178731251001604
R5_F4,3,504,0,0.17558034702194844
R5_F4,3,511,0,0.08982509941448845
R5_F4,3,513,0,0.17075585562782516
R5_F4,3,519,0,0.43901141175228187
R5_F4,3,524,1,0.9048374055150094
R5_F4,3,531,1,0.18292030004629467
R5_F4,3,539,0,0.3281248719202005
R5_F4,3,540,1,0.7158255096091454
R5_F4,3,542,0,0.5212946254236969
R5_F4,3,547,1,0.6701916686570256
R5_F4,3,549,0,0.6303355897256505
R5_F4,3,551,1,0.17265968764707715
R5_F4,3,552,0,0.15799141426496863
R5_F4,3,553,0,0.11816658239773221
R5_F4,3,569,0,0.4497047287780298
R5_F4,3,574,0,0.3191671176046325
R5_F4,3,581,0,0.051039359127213496
R5_F4,3,586,0,0.5443139018613858
R5_F4,3,592,0,0.4172290528786334
R5_F4,3,598,0,0.6296750035170793
R5_F4,3,602,0,0.6109866835780988
R5_F4,3,607,0,0.05616071829668412
R5_F4,3,615,0,0.1141994255820122
R5_F4,3,616,0,0.7153487186183932
R5_F4,3,617,1,0.2911090461781066
R5_F4,3,622,0,0.15941647492292726
R5_F4,3,623,0,0.018175918268038608
R5_F4,3,626,0,0.02690766602849579
R5_F4,3,628,1,0.7602374315572485
R5_F4,3,631,0,0.03079891322548542
R5_F4,3,635,0,0.14564289109130343
R5_F4,3,641,0,0.05375301742837733
R5_F4,3,642,0,0.1264500191896348
R5_F4,3,644,1,0.28027539281244335
R5_F4,3,650,0,0.049025263334036596
R5_F4,3,658,1,0.8682869166536995
R5_F4,3,661,0,0.8755221867757869
R5_F4,3,670,1,0.8898235867271452
R5_F4,3,681,0,0.06537377464784189
R5_F4,3,684,0,0.40137544109789675
R5_F4,3,691,0,0.07862483421362744
R5_F4,3,694,0,0.04336398521358633
R5_F4,3,701,0,0.13369076138851402
R5_F4,3,702,0,0.046655624155057425
R5_F4,3,708,0,0.32802987826099134
R5_F4,3,711,0,0.2740780683302564
R5_F4,3,712,0,0.217381702938203
R5_F4,3,713,1,0.3323687927353493
R5_F4,3,728,0,0.16014086329471608
R5_F4,3,733,0,0.14933379477759015
R5_F4,3,735,1,0.4865754099422208
R5_F4,3,738,1,0.7811370212878965
R5_F4,3,739,1,0.7335835328859682
R5_F4,3,741,0,0.2029884780929981
R5_F4,3,749,0,0.7542826514089573
R5_F4,3,761,0,0.11075322579501808
R5_F4,3,768,0,0.33435419308182096
R5_F4,3,770,1,0.7493191004696426
R5_F4,3,788,0,0.43247138183344447
R5_F4,3,795,0,0.09298974246100893
R5_F4,3,797,0,0.3178009870418054
R5_F4,4,0,0,0.09217695997839219
R5_F4,4,5,0,0.31095424328488813
R5_F4,4,8,0,0.5357650444006523
R5_F4,4,13,0,0.7179096049807083
R5_F4,4,14,1,0.791125560083619
R5_F4,4,19,0,0.20943116472133882
R5_F4,4,20,0,0.08887853200066882
R5_F4,4,22,0,0.4428205295892988
R5_F4,4,25,1,0.6719630347440444
R5_F4,4,26,0,0.6710359266159477
R5_F4,4,32,0,0.20389480600372792
R5_F4,4,50,0,0.20157081117996398
R5_F4,4,61,0,0.6933526903511457
R5_F4,4,71,1,0.07126240416255013
R5_F4,4,76,0,0.4503239206368926
R5_F4,4,78,0,0.3302039418663037
R5_F4,4,79,0,0.6365057119145923
R5_F4,4,80,0,0.11529219107083623
R5_F4,4,81,0,0.23115699338991882
R5_F4,4,90,0,0.6443883618694493
R5_F4,4,95,1,0.3443724055480484
R5_F4,4,102,0,0.3963420232051839
R5_F4,4,103,1,0.3957562398131976
R5_F4,4,104,0,0.17045619566546744
R5_F4,4,110,0,0.5162643381779203
R5_F4,4,142,1,0.8782149791777356
R5_F4,4,143,0,0.20905503271724787
R5_F4,4,145,0,0.07866311852747514
R5_F4,4,147,1,0.18931007361425597
R5_F4,4,150,0,0.12560028980329316
R5_F4,4,155,0,0.038814658297651766
R5_F4,4,159,0,0.5077429841266817
R5_F4,4,161,0,0.7904334201476333
R5_F4,4,168,1,0.678237325950248
R5_F4,4,174,1,0.5328105473739262
R5_F4,4,185,0,0.08652956438038002
R5_F4,4,192,0,0.14615540311166766
R5_F4,4,193,0,0.1084200299126492
R5_F4,4,194,0,0.060675207074519864
R5_F4,4,201,1,0.6839472125812375
R5_F4,4,212,0,0.31796291997633513
R5_F4,4,216,0,0.22629995362113106
R5_F4,4,221,1,0.7652394152658869
R5_F4,4,225,0,0.02822538093850789
R5_F4,4,227,0,0.0993317438614278
R5_F4,4,238,0,0.2299221615593571
R5_F4,4,239,0,0.04931249041060836
R5_F4,4,243,0,0.8571322449427345
R5_F4,4,248,1,0.48528055922341956
R5_F4,4,252,1,0.7996030916506979
R5_F4,4,259,0,0.09555319789856152
R5_F4,4,272,0,0.2674878594110324
R5_F4,4,277,0,0.10518416970693689
R5_F4,4,278,1,0.1165195593507667
R5_F4,4,297,0,0.04042061209938251
R5_F4,4,300,0,0.6707608336795176
R5_F4,4,308,0,0.21540034517676188
R5_F4,4,310,0,0.10451550947356629
R5_F4,4,317,0,0.36443057547319846
R5_F4,4,321,0,0.0808316742783162
R5_F4,4,323,0,0.5136768377178278
R5_F4,4,327,0,0.15743985713473627
R5_F4,4,331,0,0.02807659566768155
R5_F4,4,336,0,0.004273061596392427
R5_F4,4,337,0,0.18347325416617466
R5_F4,4,339,0,0.732196664411276
R5_F4,4,342,1,0.737405039452022
R5_F4,4,350,0,0.08925886997559346
R5_F4,4,355,0,0.37187948929101794
R5_F4,4,358,0,0.11594805533203421
R5_F4,4,361,1,0.3873262024419509
R5_F4,4,362,0,0.5020676203684734
R5_F4,4,364,1,0.2779186487362839
R5_F4,4,369,0,0.18669585649689183
R5_F4,4,370,0,0.3780552905769392
R5_F4,4,372,1,0.6942751615144492
R5_F4,4,384,1,0.4792557770618379
R5_F4,4,385,1,0.4486782251194466
R5_F4,4,392,0,0.7369844221664567
R5_F4,4,400,0,0.04048443344655066
R5_F4,4,401,1,0.8681762624126255
R5_F4,4,405,0,0.052344242158330855
R5_F4,4,406,0,0.39351471162296137
R5_F4,4,410,1,0.06050425811972928
R5_F4,4,412,1,0.5519435424290967
R5_F4,4,421,0,0.37283287256092074
R5_F4,4,424,1,0.5797542904468939
R5_F4,4,426,0,0.0695947621262283
R5_F4,4,427,0,0.3385813773918194
R5_F4,4,438,1,0.9449892401822044
R5_F4,4,440,1,0.43897231840448986
R5_F4,4,441,0,0.4829922588781032
R5_F4,4,447,0,0.1391395623501063
R5_F4,4,452,0,0.3551053242628515
R5_F4,4,458,0,0.32076851552226465
R5_F4,4,461,0,0.4181831305245558
R5_F4,4,463,0,0.3252873854088247
R5_F4,4,471,0,0.27250052136316766
R5_F4,4,477,1,0.7360812787302481
R5_F4,4,486,1,0.5875460493017957
R5_F4,4,506,0,0.20352846919567688
R5_F4,4,507,0,0.2381671023916494
R5_F4,4,517,0,0.3770189308808403
R5_F4,4,525,0,0.505351536362983
R5_F4,4,532,1,0.6333109362278313
R5_F4,4,536,0,0.5840961006431687
R5_F4,4,538,0,0.8620552962284765
R5_F4,4,545,0,0.3866464720734748
R5_F4,4,555,0,0.2598520568326914
R5_F4,4,561,0,0.1971111321096398
R5_F4,4,566,0,0.06667351104885803
R5_F4,4,576,1,0.8058217745206774
R5_F4,4,577,0,0.02430671288782614
R5_F4,4,580,0,0.023237518013663427
R5_F4,4,582,0,0.5397123685398172
R5_F4,4,583,1,0.5037100054461613
R5_F4,4,594,0,0.13364338456911465
R5_F4,4,600,1,0.8293765533783685
R5_F4,4,604,0,0.6755208565535348
R5_F4,4,613,0,0.046468181186993494
R5_F4,4,619,0,0.29470338859253126
R5_F4,4,620,1,0.6728859608798693
R5_F4,4,629,0,0.14276701518822602
R5_F4,4,634,0,0.4986662631159482
R5_F4,4,636,0,0.020875903029432707
R5_F4,4,648,0,0.41113800335999034
R5_F4,4,653,0,0.021370617881557058
R5_F4,4,655,0,0.4559420490296537
R5_F4,4,657,1,0.7663532518956441
R5_F4,4,669,1,0.8741364873395355
R5_F4,4,671,0,0.40247370613587047
R5_F4,4,674,0,0.2574352363048636
R5_F4,4,680,0,0.3452921216611118
R5_F4,4,689,0,0.2979180974137364
R5_F4,4,692,1,0.6670628857369797
R5_F4,4,695,1,0.7962482358546432
R5_F4,4,697,1,0.15488134741705575
R5_F4,4,698,0,0.3787918542488482
R5_F4,4,707,0,0.8783225198135215
R5_F4,4,714,1,0.665663643326483
R5_F4,4,716,1,0.8640334869070477
R5_F4,4,718,0,0.17052855230916783
R5_F4,4,719,0,0.042938119275409393
R5_F4,4,721,0,0.23274676305772424
R5_F4,4,725,1,0.6371101435460026
R5_F4,4,726,1,0.4222781352351439
R5_F4,4,732,0,0.5241438829130542
R5_F4,4,744,0,0.5155297499709283
R5_F4,4,747,0,0.0902479616557178
R5_F4,4,753,0,0.5771681164192924
R5_F4,4,755,0,0.1272304001193085
R5_F4,4,764,1,0.5671100005519502
R5_F4,4,765,1,0.2616742278711537
R5_F4,4,773,0,0.14616544924774838
R5_F4,4,777,0,0.3695466431412591
R5_F4,4,787,1,0.4006472411108269
R5_F4,4,789,0,0.10047212623169316
R5_F4,4,791,0,0.4446577232904685
R5_F4,4,792,0,0.06825282824746177
R5_F4,4,799,0,0.2212701126822804
R5_F4,5,4,0,0.09401894144965424
R5_F4,5,6,1,0.599068362280416
R5_F4,5,9,1,0.5725081215400604
R5_F4,5,15,0,0.06516151782647712
R5_F4,5,21,0,0.6292159743137095
R5_F4,5,24,0,0.5523991876815403
R5_F4,5,28,0,0.36050157404615407
R5_F4,5,29,0,0.2677791811588746
R5_F4,5,34,0,0.08886116480555813
R5_F4,5,38,0,0.22360100023682614
R5_F4,5,39,0,0.061644635444333906
R5_F4,5,44,0,0.5438856594574744
R5_F4,5,54,0,0.531322833191532
R5_F4,5,58,0,0.26971912635364054
R5_F4,5,59,0,0.17717487849274205
R5_F4,5,62,1,0.06733760286487685
R5_F4,5,68,1,0.6166745935747705
R5_F4,5,83,1,0.6644060157791915
R5_F4,5,91,1,0.2525937024137794
R5_F4,5,92,0,0.03807414336371586
R5_F4,5,96,0,0.2994547802196561
R5_F4,5,99,0,0.21130850101167079
R5_F4,5,106,0,0.3672158460861759
R5_F4,5,115,0,0.0865729713088876
R5_F4,5,116,0,0.825924811416496
R5_F4,5,120,0,0.48327297543452663
R5_F4,5,122,0,0.008557046275445951
R5_F4,5,140,0,0.12034425315437663
R5_F4,5,146,1,0.7793819181749653
R5_F4,5,149,0,0.22263176436016216
R5_F4,5,163,1,0.5060986194497784
R5_F4,5,164,1,0.5095695902141234
R5_F4,5,169,0,0.23295271521791303
R5_F4,5,172,0,0.7178787859143672
R5_F4,5,176,0,0.05473011892203634
R5_F4,5,187,0,0.26151221529219976
R5_F4,5,198,1,0.024482234273497563
R5_F4,5,202,1,0.3897807832785489
R5_F4,5,206,0,0.022901277040906224
R5_F4,5,207,1,0.805832688387424
R5_F4,5,210,0,0.09180249806320234
R5_F4,5,211,0,0.02674351673306802
R5_F4,5,215,0,0.11238645111914997
R5_F4,5,217,1,0.7218408813836317
R5_F4,5,218,0,0.12204964518823241
R5_F4,5,230,0,0.030232018543826164
R5_F4,5,237,1,0.18167861704039054
R5_F4,5,241,0,0.020775921049599213
R5_F4,5,244,0,0.822491679021855
R5_F4,5,246,0,0.18849550127747927
R5_F4,5,255,0,0.06370558060747845
R5_F4,5,256,1,0.5026645070279341
R5_F4,5,257,1,0.3935502231320945
R5_F4,5,260,1,0.7421568800212927
R5_F4,5,262,0,0.546416394860754
R5_F4,5,270,1,0.6328527056415728
R5_F4,5,273,0,0.3554481719322811
R5_F4,5,276,0,0.03283383138517736
R5_F4,5,283,0,0.15588561651522947
R5_F4,5,289,0,0.18259973721920567
R5_F4,5,290,0,0.3320851541440862
R5_F4,5,293,1,0.3534824979998418
R5_F4,5,296,0,0.2871400768568637
R5_F4,5,298,0,0.15575183870203468
R5_F4,5,301,0,0.12325369533835893
R5_F4,5,309,0,0.025249516296874455
R5_F4,5,312,1,0.8264840687865092
R5_F4,5,318,1,0.7853665989768371
R5_F4,5,325,0,0.4334898818727735
R5_F4,5,340,0,0.02743672129823843
R5_F4,5,345,0,0.6169112707417262
R5_F4,5,347,1,0.5288443648773468
R5_F4,5,348,1,0.23335670719820087
R5_F4,5,349,0,0.3605032360335654
R5_F4,5,356,0,0.2646060611801079
R5_F4,5,360,0,0.7912081233724035
R5_F4,5,366,0,0.05219844011830702
R5_F4,5,368,1,0.1904423606055318
R5_F4,5,371,0,0.1279850799634505
R5_F4,5,373,0,0.3331202338780976
R5_F4,5,375,0,0.5849634232045022
R5_F4,5,378,0,0.5685664363600437
R5_F4,5,382,1,0.7093430387406667
R5_F4,5,386,0,0.08390188775922473
R5_F4,5,389,0,0.33604793063246974
R5_F4,5,390,0,0.37220929378740375
R5_F4,5,397,0,0.04558168692250395
R5_F4,5,399,0,0.11300627367388742
R5_F4,5,411,0,0.07515954062438321
R5_F4,5,416,0,0.22220140122755552
R5_F4,5,417,0,0.15471805026840604
R5_F4,5,420,1,0.2227378371089261
R5_F4,5,425,1,0.9091526974829777
R5_F4,5,428,0,0.3083676469101631
R5_F4,5,434,0,0.06274087423587371
R5_F4,5,442,1,0.5704004457962986
R5_F4,5,460,0,0.5430986712307299
R5_F4,5,465,1,0.8016169750113828
R5_F4,5,470,0,0.17906859875781747
R5_F4,5,474,0,0.37605366448921745
R5_F4,5,479,0,0.36169910856889437
R5_F4,5,489,1,0.13582840955560402
R5_F4,5,509,0,0.7807987172741454
R5_F4,5,510,1,0.7616644979597093
R5_F4,5,514,0,0.06292629097721565
R5_F4,5,515,0,0.5368327104153482
R5_F4,5,520,0,0.07716593983255353
R5_F4,5,522,0,0.12946156874007006
R5_F4,5,527,0,0.0687981660457888
R5_F4,5,534,1,0.7938126653593575
R5_F4,5,535,0,0.014488559941727257
R5_F4,5,543,0,0.37430311761593354
R5_F4,5,544,0,0.4982670482856069
R5_F4,5,548,0,0.20183338669092263
R5_F4,5,556,0,0.05058754989371427
R5_F4,5,557,0,0.21041854004440394
R5_F4,5,558,0,0.36935232587409783
R5_F4,5,563,0,0.5618143840990982
R5_F4,5,570,0,0.1832750741599225
R5_F4,5,572,1,0.6610753823351131
R5_F4,5,578,0,0.26642919681251204
R5_F4,5,585,1,0.7707792505594456
R5_F4,5,587,1,0.3847387158372082
R5_F4,5,590,1,0.8755722636343087
R5_F4,5,593,1,0.48354795231652853
R5_F4,5,601,0,0.652206917617785
R5_F4,5,605,1,0.6596205280227928
R5_F4,5,608,0,0.4224184117625134
R5_F4,5,612,1,0.7838712947069227
R5_F4,5,618,0,0.1303775068158799
R5_F4,5,624,0,0.4258663422161364
R5_F4,5,625,1,0.8447315965824268
R5_F4,5,633,0,0.04110288493169167
R5_F4,5,639,1,0.425379405400524
R5_F4,5,643,0,0.20356751695976238
R5_F4,5,654,0,0.7564332504836836
R5_F4,5,664,0,0.22317356649245526
R5_F4,5,666,1,0.17297295671537957
R5_F4,5,672,1,0.2791266886623352
R5_F4,5,675,0,0.12633481083244572
R5_F4,5,676,0,0.3249503347552438
R5_F4,5,678,0,0.11034306388342534
R5_F4,5,682,1,0.11056800541671886
R5_F4,5,685,1,0.4472070469483967
R5_F4,5,687,0,0.007845321479672386
R5_F4,5,703,0,0.2997166398439182
R5_F4,5,715,0,0.09651802453613079
R5_F4,5,720,0,0.4893070904413556
R5_F4,5,722,0,0.034075707954302696
R5_F4,5,724,0,0.009851861689153767
R5_F4,5,731,0,0.47410593526846806
R5_F4,5,746,1,0.8193918584458078
R5_F4,5,748,0,0.6516550413296097
R5_F4,5,750,1,0.3717582426916743
R5_F4,5,756,0,0.0695522877537753
R5_F4,5,763,1,0.02872399431205308
R5_F4,5,767,0,0.6241150485426624
R5_F4,5,775,0,0.3600505418076952
R5_F4,5,786,0,0.5420332689314801
R5_F4,5,796,0,0.5677128633134624
R5_F5,1,10,1,0.8306417273842749
R5_F5,1,19,0,0.31893408118307637
R5_F5,1,20,0,0.14891246956801854
R5_F5,1,24,0,0.15436513670708416
R5_F5,1,31,1,0.36369394423542495
R5_F5,1,36,0,0.331934628378374
R5_F5,1,39,0,0.2814120336933214
R5_F5,1,46,0,0.3556629814658783
R5_F5,1,50,0,0.24117323976099128
R5_F5,1,52,1,0.29925519613596346
R5_F5,1,65,0,0.42712036550936266
R5_F5,1,68,0,0.4550105928375783
R5_F5,1,70,0,0.35828526846074055
R5_F5,1,74,0,0.20853427465686225
R5_F5,1,82,0,0.4451230885846387
R5_F5,1,84,0,0.43865033312037366
R5_F5,1,88,0,0.31016339078191246
R5_F5,1,96,0,0.32165209382638654
R5_F5,1,99,0,0.580393231917184
R5_F5,1,104,0,0.32319299862670886
R5_F5,1,112,0,0.7252030706268404
R5_F5,1,115,0,0.6562987135282831
R5_F5,1,120,0,0.13401053438284152
R5_F5,1,122,0,0.45924612892676225
R5_F5,1,124,0,0.09167656730591867
R5_F5,1,127,0,0.045347474495787354
R5_F5,1,129,0,0.7182594757481177
R5_F5,1,130,0,0.2946838540332214
R5_F5,1,144,1,0.6167079661971406
R5_F5,1,146,1,0.4951197690770597
R5_F5,1,148,1,0.6046448484974942
R5_F5,1,152,1,0.6351725947586441
R5_F5,1,170,0,0.8162559444350593
R5_F5,1,171,0,0.3605557528350169
R5_F5,1,173,0,0.3558974006398363
R5_F5,1,177,1,0.5293413980795418
R5_F5,1,181,0,0.19657337672197314
R5_F5,1,187,0,0.4598420538417392
R5_F5,1,191,0,0.22598438422532052
R5_F5,1,196,0,0.23045751005812917
R5_F5,1,197,0,0.43160608047596033
R5_F5,1,198,0,0.07905449100157601
R5_F5,1,204,1,0.3770933676770374
R5_F5,1,206,0,0.3514598204695319
R5_F5,1,207,1,0.6283291470453903
R5_F5,1,209,0,0.07617326483298494
R5_F5,1,219,0,0.0402748624460901
R5_F5,1,220,0,0.5228173124547527
R5_F5,1,221,0,0.8802077791170438
R5_F5,1,223,1,0.6591246956313865
R5_F5,1,233,0,0.08346240126317332
R5_F5,1,234,0,0.11174737132533123
R5_F5,1,236,1,0.26265529706153184
R5_F5,1,244,1,0.6558286551961555
R5_F5,1,245,0,0.06123065613603696
R5_F5,1,247,0,0.41302311363724353
R5_F5,1,249,0,0.12078769129480714
R5_F5,1,258,1,0.09028253600690488
R5_F5,1,259,1,0.8703768531768016
R5_F5,1,266,0,0.5824704124893408
R5_F5,1,267,0,0.5716872274189952
R5_F5,1,285,0,0.16393176811919605
R5_F5,1,288,1,0.5186996995393852
R5_F5,1,292,0,0.4480173617198355
R5_F5,1,294,0,0.06812001784629154
R5_F5,1,296,0,0.6340227091824482
R5_F5,1,306,0,0.4157495519876315
R5_F5,1,311,0,0.26441675798934217
R5_F5,1,313,0,0.6725754286243363
R5_F5,1,319,1,0.6365798615743851
R5_F5,1,326,1,0.45109352073868103
R5_F5,1,327,0,0.006807595079814682
R5_F5,1,348,0,0.17977953832997695
R5_F5,1,353,0,0.30691968326891167
R5_F5,1,362,1,0.3287369295109844
R5_F5,1,364,0,0.0876418104518671
R5_F5,1,365,1,0.795314519829768
R5_F5,1,366,0,0.15861418382458584
R5_F5,1,388,1,0.4018647067656495
R5_F5,1,390,1,0.782009990724717
R5_F5,1,393,0,0.206811402445799
R5_F5,1,395,0,0.26899879188998826
R5_F5,1,397,0,0.11154690057610252
R5_F5,1,403,0,0.20245426131436628
R5_F5,1,405,1,0.7925400923806588
R5_F5,1,406,0,0.04841728537833093
R5_F5,1,410,1,0.876721078321939
R5_F5,1,416,0,0.15932160387796845
R5_F5,1,417,0,0.43453869461182193
R5_F5,1,419,0,0.24792703002993635
R5_F5,1,434,0,0.5299817267886459
R5_F5,1,435,1,0.486848190230861
R5_F5,1,438,1,0.33383604183900895
R5_F5,1,443,0,0.15550659131831487
R5_F5,1,448,1,0.19538380327296342
R5_F5,1,454,0,0.4133833202996931
R5_F5,1,458,1,0.870194296085215
R5_F5,1,460,0,0.6744544904528994
R5_F5,1,480,1,0.3419078147632341
R5_F5,1,483,1,0.6635564041471369
R5_F5,1,486,1,0.697656479812605
R5_F5,1,488,0,0.4726730372524155
R5_F5,1,490,1,0.13313113992809106
R5_F5,1,491,0,0.3000915950224059
R5_F5,1,503,1,0.721070626528782
R5_F5,1,509,1,0.6424071561328187
R5_F5,1,517,0,0.814276763588898
R5_F5,1,522,1,0.6676192729830049
R5_F5,1,527,0,0.13617576749922874
R5_F5,1,531,1,0.5044516592500802
R5_F5,1,538,0,0.09013290011350776
R5_F5,1,544,0,0.4101567297599778
R5_F5,1,549,0,0.6375342278768423
R5_F5,1,551,0,0.46170827986481533
R5_F5,1,554,0,0.24623574606079576
R5_F5,1,555,0,0.08865495297737218
R5_F5,1,561,1,0.3485269007956988
R5_F5,1,562,0,0.3331736787609358
R5_F5,1,571,1,0.5826322937150322
R5_F5,1,573,0,0.05066801728314829
R5_F5,1,578,1,0.5974678952772292
R5_F5,1,579,0,0.4532705762898758
R5_F5,1,580,0,0.19866297429879584
R5_F5,1,583,0,0.3924665519932112
R5_F5,1,600,1,0.8498135047818766
R5_F5,1,602,0,0.12810528149260947
R5_F5,1,607,0,0.15718936433664077
R5_F5,1,624,0,0.3965997437835839
R5_F5,1,632,1,0.6059245658123863
R5_F5,1,635,0,0.06265438199714603
R5_F5,1,643,1,0.8585773796859762
R5_F5,1,649,0,0.10305030731169461
R5_F5,1,653,0,0.24878979789683395
R5_F5,1,655,0,0.30987370151817556
R5_F5,1,657,0,0.4610502251949499
R5_F5,1,677,0,0.3140593817176777
R5_F5,1,682,0,0.08686664400006881
R5_F5,1,684,0,0.5889691026485596
R5_F5,1,685,0,0.2060526779081471
R5_F5,1,692,0,0.12824608901260778
R5_F5,1,693,0,0.2468256159070683
R5_F5,1,695,0,0.05776721880393518
R5_F5,1,698,0,0.6793798340969559
R5_F5,1,699,1,0.4372382305735018
R5_F5,1,700,0,0.07111985031523028
R5_F5,1,701,0,0.10402266539376921
R5_F5,1,702,0,0.26717706602383146
R5_F5,1,728,0,0.30100569626462265
R5_F5,1,735,0,0.35875472757604737
R5_F5,1,738,1,0.7545375539081066
R5_F5,1,744,1,0.22823180119652323
R5_F5,1,745,0,0.1015434096554292
R5_F5,1,756,0,0.826038464689046
R5_F5,1,757,1,0.5518881758407485
R5_F5,1,761,0,0.2912838631820412
R5_F5,1,774,0,0.262436952653212
R5_F5,1,790,0,0.11751036285251736
R5_F5,1,795,0,0.07195952778567478
R5_F5,1,796,0,0.08033857792912713
R5_F5,1,798,1,0.7738627065529703
R5_F5,2,0,0,0.06970759770749901
R5_F5,2,1,1,0.7362187461686811
R5_F5,2,4,1,0.7750125506813589
R5_F5,2,8,0,0.03623565392090205
R5_F5,2,12,1,0.4996007928310641
R5_F5,2,14,1,0.5711398038833625
R5_F5,2,21,0,0.12539241727970285
R5_F5,2,22,0,0.03950977658726462
R5_F5,2,25,1,0.8680301879983433
R5_F5,2,32,0,0.3409749551041416
R5_F5,2,33,0,0.3568592820823453
R5_F5,2,38,0,0.4523248273724643
R5_F5,2,40,0,0.4874600021084952
R5_F5,2,42,0,0.1549300870728803
R5_F5,2,44,0,0.5015782578206035
R5_F5,2,48,1,0.7145647235191744
R5_F5,2,56,0,0.5200368278165526
R5_F5,2,60,0,0.21898177293908028
R5_F5,2,63,0,0.26867470871460153
R5_F5,2,67,0,0.06294274390590161
R5_F5,2,75,1,0.8964820470667285
R5_F5,2,77,0,0.16563806681846793
R5_F5,2,78,0,0.1508556656042567
R5_F5,2,83,0,0.3111095220395324
R5_F5,2,89,1,0.3842012553991671
R5_F5,2,93,1,0.6987355582808364
R5_F5,2,94,0,0.07610521595403223
R5_F5,2,102,0,0.6213511343862717
R5_F5,2,111,0,0.7600519562954967
R5_F5,2,114,0,0.3843186927160815
R5_F5,2,117,0,0.07107966795939909
R5_F5,2,119,0,0.024432915579880258
R5_F5,2,125,0,0.7713672475073615
R5_F5,2,131,0,0.10509730977799292
R5_F5,2,143,0,0.4503466999907901
R5_F5,2,150,1,0.33612300316195026
R5_F5,2,153,1,0.7513390769659692
R5_F5,2,172,0,0.775627636821704
R5_F5,2,174,0,0.08466457624013181
R5_F5,2,190,0,0.10408706996232808
R5_F5,2,200,0,0.3528838045686859
R5_F5,2,201,0,0.5881326032305129
R5_F5,2,202,0,0.41996095681802753
R5_F5,2,203,0,0.3378783294006989
R5_F5,2,211,1,0.3817664526644435
R5_F5,2,215,0,0.5176924253637224
R5_F5,2,222,0,0.760266226285243
R5_F5,2,224,0,0.06252032834271494
R5_F5,2,226,0,0.4615029115878162
R5_F5,2,235,1,0.5261767268860195
R5_F5,2,237,0,0.32379867032860016
R5_F5,2,239,0,0.18134984550981567
R5_F5,2,248,0,0.6145642077071619
R5_F5,2,260,1,0.6043036373158016
R5_F5,2,263,1,0.5967226706725114
R5_F5,2,264,0,0.7188420505832956
R5_F5,2,269,0,0.695930556304531
R5_F5,2,274,0,0.068829033749195
R5_F5,2,278,0,0.21823739313888343
R5_F5,2,281,1,0.31434399677039965
R5_F5,2,298,1,0.46817924281849316
R5_F5,2,301,1,0.8351024113619374
R5_F5,2,303,0,0.2499645331788
R5_F5,2,312,0,0.28361624069025765
R5_F5,2,315,0,0.10791438255702203
R5_F5,2,316,0,0.6502928223675918
R5_F5,2,317,0,0.6226876589244505
R5_F5,2,318,0,0.5642278155875807
R5_F5,2,321,0,0.09569876940541089
R5_F5,2,331,0,0.6309291819766653
R5_F5,2,337,1,0.49093342671248746
R5_F5,2,341,0,0.130273689006829
R5_F5,2,349,1,0.5215386413035087
R5_F5,2,359,0,0.1519485729200206
R5_F5,2,360,0,0.674059721908721
R5_F5,2,361,0,0.5149399269743516
R5_F5,2,371,0,0.1915046365348887
R5_F5,2,378,0,0.49129550373017156
R5_F5,2,379,0,0.5604888734781879
R5_F5,2,396,1,0.33785635927597574
R5_F5,2,400,1,0.7886408680416127
R5_F5,2,404,1,0.36530879608455
R5_F5,2,407,0,0.1280918438512421
R5_F5,2,411,1,0.05238025156838699
R5_F5,2,427,0,0.10155185853606269
R5_F5,2,431,0,0.014911064850296562
R5_F5,2,433,0,0.35556387363088143
R5_F5,2,439,1,0.8082278200148845
R5_F5,2,441,0,0.4806072036235622
R5_F5,2,446,0,0.5273296310937726
R5_F5,2,449,0,0.25849885048310767
R5_F5,2,450,1,0.36090456461917625
R5_F5,2,456,0,0.02245361418570188
R5_F5,2,461,0,0.34265137915957194
R5_F5,2,475,1,0.6488060397179805
R5_F5,2,481,0,0.5563317100251742
R5_F5,2,494,0,0.17437429446806998
R5_F5,2,501,0,0.18209648221141048
R5_F5,2,504,0,0.47237840577448337
R5_F5,2,507,0,0.5042725030446927
R5_F5,2,516,1,0.7259153950481919
R5_F5,2,520,0,0.01608628317478931
R5_F5,2,524,0,0.44155365253752277
R5_F5,2,534,0,0.11054044388907663
R5_F5,2,537,0,0.10571451118347419
R5_F5,2,539,1,0.712718487627687
R5_F5,2,540,0,0.7002776028796154
R5_F5,2,545,0,0.15455359972591765
R5_F5,2,546,0,0.471361670033295
R5_F5,2,547,0,0.3049191478326659
R5_F5,2,552,0,0.6097759039318627
R5_F5,2,568,0,0.41005090891922674
R5_F5,2,570,0,0.42657690222329664
R5_F5,2,572,1,0.8605729992010055
R5_F5,2,584,0,0.4827776747213564
R5_F5,2,587,0,0.7557700049036034
R5_F5,2,588,1,0.7152987244492026
R5_F5,2,590,0,0.0984926422980247
R5_F5,2,594,0,0.6040890842447886
R5_F5,2,597,0,0.650674243612113
R5_F5,2,604,1,0.7721638330993272
R5_F5,2,612,1,0.09585215523356054
R5_F5,2,613,0,0.09354390905984016
R5_F5,2,615,0,0.08403485666643379
R5_F5,2,617,0,0.02702314485805236
R5_F5,2,619,1,0.8041787225611227
R5_F5,2,625,1,0.20622129603607287
R5_F5,2,628,0,0.3473549573145727
R5_F5,2,645,1,0.7290947795694619
R5_F5,2,646,0,0.08597926975074625
R5_F5,2,647,1,0.520334240045277
R5_F5,2,650,0,0.06062533419830681
R5_F5,2,651,1,0.49479502186422014
R5_F5,2,652,0,0.14263448319308136
R5_F5,2,667,0,0.2243985105631532
R5_F5,2,673,0,0.3963698257956752
R5_F5,2,674,0,0.3599457736344434
R5_F5,2,675,0,0.12699525576522366
R5_F5,2,691,0,0.6119674065599441
R5_F5,2,704,1,0.38663350137612923
R5_F5,2,706,0,0.17043979039151488
R5_F5,2,707,0,0.604288882370705
R5_F5,2,725,0,0.4086973900613497
R5_F5,2,726,0,0.3173020598154745
R5_F5,2,732,1,0.6279098688330884
R5_F5,2,733,1,0.625039513919211
R5_F5,2,734,0,0.31085476697230274
R5_F5,2,739,0,0.6132199786348594
R5_F5,2,742,0,0.5563642886382688
R5_F5,2,743,0,0.6350345478102865
R5_F5,2,746,0,0.06886987593036079
R5_F5,2,748,1,0.567814483007456
R5_F5,2,759,1,0.29020171685954904
R5_F5,2,760,1,0.06871984497451734
R5_F5,2,766,0,0.12347806052818915
R5_F5,2,772,0,0.3710521943940379
R5_F5,2,781,0,0.37577773015374083
R5_F5,2,791,0,0.07090365286616253
R5_F5,2,792,0,0.2822798754281537
R5_F5,2,799,0,0.40864426067187637
R5_F5,3,11,0,0.31780922779008586
R5_F5,3,15,0,0.03825485146050985
R5_F5,3,16,0,0.7006233447583298
R5_F5,3,17,0,0.08053330601300922
R5_F5,3,23,0,0.12823435859087695
R5_F5,3,28,0,0.11746990507348153
R5_F5,3,30,0,0.5331901816351451
R5_F5,3,41,0,0.035713600903595454
R5_F5,3,47,0,0.11937997098445523
R5_F5,3,53,0,0.24992254896181573
R5_F5,3,54,0,0.06951330325523913
R5_F5,3,61,0,0.6945701856681179
R5_F5,3,71,1,0.4592544819927335
R5_F5,3,76,0,0.3153245376373991
R5_F5,3,81,1,0.5777438637462777
R5_F5,3,85,0,0.5765898422988242
R5_F5,3,90,0,0.1273442518012952
R5_F5,3,92,0,0.1725065414341722
R5_F5,3,103,1,0.825961388336894
R5_F5,3,106,0,0.039877560142320766
R5_F5,3,109,0,0.21351672816513903
R5_F5,3,110,0,0.05716871594611686
R5_F5,3,113,1,0.4664966134265951
R5_F5,3,116,0,0.2999949016731674
R5_F5,3,121,0,0.026910918281627824
R5_F5,3,128,0,0.04616805875795978
R5_F5,3,132,1,0.7229675447504894
R5_F5,3,135,1,0.36694311930511647
R5_F5,3,138,1,0.5239185017314655
R5_F5,3,156,0,0.22108996151067684
R5_F5,3,159,0,0.6488143938764687
R5_F5,3,166,1,0.3388425037379606
R5_F5,3,169,0,0.45835511674304835
R5_F5,3,176,1,0.46437735939690805
R5_F5,3,182,0,0.05868966475082007
R5_F5,3,183,0,0.3631379337182956
R5_F5,3,186,1,0.4940666417574477
R5_F5,3,192,0,0.1161641382474246
R5_F5,3,210,0,0.8835508399294959
R5_F5,3,217,0,0.03205674666474443
R5_F5,3,225,1,0.6604792141549976
R5_F5,3,230,0,0.2547626633297156
R5_F5,3,232,0,0.0875764647777867
R5_F5,3,241,1,0.20313690190065345
R5_F5,3,242,0,0.3505480544758212
R5_F5,3,243,0,0.6265509101204182
R5_F5,3,252,0,0.17457394764421888
R5_F5,3,254,0,0.028190054521154324
R5_F5,3,262,1,0.17073579318197163
R5_F5,3,265,0,0.505567577934273
R5_F5,3,268,0,0.4030935271109397
R5_F5,3,271,0,0.12293866297801698
R5_F5,3,272,0,0.34545589172978325
R5_F5,3,275,1,0.19322254499113756
R5_F5,3,276,0,0.04824163103394085
R5_F5,3,279,1,0.7840725148344525
R5_F5,3,283,1,0.5358397215641685
R5_F5,3,284,0,0.6527957727155967
R5_F5,3,291,1,0.7102935306390892
R5_F5,3,305,0,0.24810082617412274
R5_F5,3,309,0,0.14764115840612912
R5_F5,3,323,1,0.38205572001132815
R5_F5,3,328,0,0.29106740145213283
R5_F5,3,330,1,0.16333687178446413
R5_F5,3,332,0,0.045264423534967325
R5_F5,3,339,1,0.6492713301079244
R5_F5,3,340,0,0.05034151889776827
R5_F5,3,342,0,0.23218562015216804
R5_F5,3,344,1,0.1710635744591966
R5_F5,3,347,0,0.0191556742488789
R5_F5,3,350,0,0.03981502446647023
R5_F5,3,351,1,0.6597134840503458
R5_F5,3,355,1,0.19608124353473913
R5_F5,3,369,0,0.39497953675392267
R5_F5,3,370,0,0.057123775624719465
R5_F5,3,374,0,0.2738135488028212
R5_F5,3,377,0,0.5911259676193702
R5_F5,3,381,0,0.4244276729697179
R5_F5,3,382,0,0.39233902033757734
R5_F5,3,383,1,0.6496595242701192
R5_F5,3,387,1,0.580954831457316
R5_F5,3,399,0,0.03259246159486036
R5_F5,3,413,1,0.6146413074618339
R5_F5,3,415,1,0.5649379592766374
R5_F5,3,418,0,0.19079865742624944
R5_F5,3,421,1,0.3300070526451614
R5_F5,3,424,0,0.10269755377329359
R5_F5,3,430,0,0.30737321726416805
R5_F5,3,432,1,0.8066598004517345
R5_F5,3,436,0,0.13361246418277414
R5_F5,3,442,0,0.12070772104150901
R5_F5,3,453,0,0.42793090980465026
R5_F5,3,459,0,0.0709374816213298
R5_F5,3,464,0,0.18261319423059144
R5_F5,3,469,0,0.18449005553749234
R5_F5,3,470,1,0.5814315124624186
R5_F5,3,477,1,0.7722427882754261
R5_F5,3,479,0,0.2132947655480801
R5_F5,3,487,1,0.19952727959094765
R5_F5,3,493,0,0.32995138546333813
R5_F5,3,495,1,0.23251334919807776
R5_F5,3,499,0,0.07384064185985477
R5_F5,3,500,1,0.5001264744500452
R5_F5,3,505,1,0.7978826607129547
R5_F5,3,510,1,0.7284823876474024
R5_F5,3,511,0,0.47171257121077087
R5_F5,3,512,1,0.19335487780977748
R5_F5,3,513,0,0.08816916789850908
R5_F5,3,514,0,0.26801784743887114
R5_F5,3,515,1,0.5743510086718454
R5_F5,3,518,1,0.4738966738689266
R5_F5,3,523,0,0.2955109841722176
R5_F5,3,526,1,0.7174176418838955
R5_F5,3,528,0,0.6215876918467917
R5_F5,3,530,0,0.48463841440841343
R5_F5,3,532,0,0.21768794860657778
R5_F5,3,541,0,0.11386244423172698
R5_F5,3,542,0,0.26244287982840525
R5_F5,3,550,0,0.08520390610301554
R5_F5,3,560,1,0.1429208601953871
R5_F5,3,566,1,0.5266345955891314
R5_F5,3,574,0,0.29352158760818897
R5_F5,3,577,1,0.6021549298717424
R5_F5,3,585,1,0.34004038185857577
R5_F5,3,592,0,0.6551022356797453
R5_F5,3,599,0,0.28025908839967445
R5_F5,3,603,1,0.05377391383885111
R5_F5,3,611,0,0.3917177962414314
R5_F5,3,618,0,0.24266981323223155
R5_F5,3,622,1,0.7585815096536002
R5_F5,3,634,0,0.046630064961438955
R5_F5,3,639,0,0.19343800072192785
R5_F5,3,640,0,0.40986833016559676
R5_F5,3,661,0,0.7008581977907454
R5_F5,3,664,1,0.8834914545024833
R5_F5,3,666,1,0.787701557934627
R5_F5,3,672,1,0.29835913103030415
R5_F5,3,676,1,0.21594818257547144
R5_F5,3,686,0,0.03792807734204067
R5_F5,3,689,1,0.06832393112020595
R5_F5,3,705,1,0.8204093454447667
R5_F5,3,714,0,0.011374644406996731
R5_F5,3,715,0,0.07009693692978193
R5_F5,3,717,0,0.13105546239135954
R5_F5,3,718,0,0.1950125815309823
R5_F5,3,719,0,0.10699685709141964
R5_F5,3,723,0,0.5790601552285358
R5_F5,3,730,1,0.7386505582155071
R5_F5,3,751,0,0.0329772327746258
R5_F5,3,755,0,0.58801682918566
R5_F5,3,765,0,0.3112123083876575
R5_F5,3,768,0,0.026782571076593098
R5_F5,3,770,1,0.08585245667591242
R5_F5,3,773,1,0.3046325192323777
R5_F5,3,775,0,0.15914223640856115
R5_F5,3,776,0,0.3359580114903145
R5_F5,3,779,1,0.9065352282150442
R5_F5,3,785,0,0.2865951921776706
R5_F5,3,787,0,0.03126941420248868
R5_F5,3,788,0,0.43352966576090735
R5_F5,4,3,0,0.5836051687662063
R5_F5,4,5,0,0.30162612897831304
R5_F5,4,9,1,0.8340209413102029
R5_F5,4,13,0,0.7257419840913192
R5_F5,4,29,1,0.5649847085231233
R5_F5,4,34,0,0.5860813110765448
R5_F5,4,49,0,0.19083087110144692
R5_F5,4,57,1,0.570777682584304
R5_F5,4,62,1,0.07572484121783017
R5_F5,4,66,0,0.22398070194769606
R5_F5,4,69,1,0.8096793015269483
R5_F5,4,72,0,0.15266755612161567
R5_F5,4,73,1,0.06461791463985371
R5_F5,4,86,0,0.45368027121252225
R5_F5,4,87,1,0.5871178381093047
R5_F5,4,91,1,0.37809863491115614
R5_F5,4,95,0,0.1649606107031841
R5_F5,4,97,1,0.38640546877991716
R5_F5,4,105,0,0.28465828231419416
R5_F5,4,123,1,0.6751224963745998
R5_F5,4,126,0,0.47648592619982866
R5_F5,4,136,1,0.8878821112459964
R5_F5,4,137,0,0.2132495695919772
R5_F5,4,141,0,0.6087601023791569
R5_F5,4,145,1,0.5632484999237769
R5_F5,4,149,0,0.7352770413624352
R5_F5,4,154,0,0.198480715652929
R5_F5,4,157,1,0.5149121419932053
R5_F5,4,163,0,0.0170281830241787
R5_F5,4,164,0,0.05992234706384397
R5_F5,4,165,1,0.6905113075475094
R5_F5,4,167,0,0.10098173161921727
R5_F5,4,178,1,0.05345633842308015
R5_F5,4,179,0,0.6510965109063159
R5_F5,4,184,0,0.014290393993060348
R5_F5,4,185,1,0.6314100328043734
R5_F5,4,188,0,0.03132193829496596
R5_F5,4,193,0,0.030099849645161783
R5_F5,4,195,1,0.7432288348159326
R5_F5,4,199,0,0.1114190896953081
R5_F5,4,205,0,0.05811122145794534
R5_F5,4,212,1,0.8192911193323468
R5_F5,4,214,0,0.09798010693920751
R5_F5,4,216,1,0.1203407028643283
R5_F5,4,229,1,0.7786090774725882
R5_F5,4,240,1,0.6801287417200693
R5_F5,4,246,1,0.8174140110742861
R5_F5,4,250,0,0.35977524286140233
R5_F5,4,253,0,0.47302791086318025
R5_F5,4,256,0,0.4403338552231168
R5_F5,4,261,1,0.8145879749590886
R5_F5,4,270,0,0.1689636098368118
R5_F5,4,277,1,0.7766787737201105
R5_F5,4,282,0,0.07641348900494227
R5_F5,4,289,0,0.024311496012746504
R5_F5,4,290,0,0.6304395594209918
R5_F5,4,302,0,0.15093535888937684
R5_F5,4,307,0,0.22296356902460937
R5_F5,4,308,0,0.09197171944151035
R5_F5,4,310,0,0.5944328173354111
R5_F5,4,322,0,0.3810017097439176
R5_F5,4,325,0,0.3867728536925514
R5_F5,4,329,0,0.15645873223600829
R5_F5,4,334,0,0.10370087103584628
R5_F5,4,335,1,0.7694316396677722
R5_F5,4,336,0,0.05028672444365334
R5_F5,4,345,0,0.32233007091007454
R5_F5,4,346,0,0.09517093963466512
R5_F5,4,352,0,0.31092158455022173
R5_F5,4,354,0,0.3321210446176559
R5_F5,4,357,0,0.7865566429332169
R5_F5,4,358,1,0.3215495296626537
R5_F5,4,363,1,0.7048179043610993
R5_F5,4,368,1,0.3318846229655246
R5_F5,4,373,1,0.6152338348688723
R5_F5,4,376,0,0.22264682035981487
R5_F5,4,380,0,0.31481731873973984
R5_F5,4,385,0,0.39549517830636766
R5_F5,4,394,0,0.3135972974914924
R5_F5,4,402,0,0.19369707602202704
R5_F5,4,409,0,0.18958322474530134
R5_F5,4,412,0,0.07216522023239476
R5_F5,4,414,0,0.14345352904452788
R5_F5,4,420,0,0.08160393161396826
R5_F5,4,422,0,0.5714216824911876
R5_F5,4,425,1,0.4549538829908804
R5_F5,4,428,0,0.3378230182972269
R5_F5,4,440,1,0.29366524307215
R5_F5,4,444,0,0.10582085068053486
R5_F5,4,445,0,0.4333815220817166
R5_F5,4,455,1,0.6174990294013423
R5_F5,4,463,0,0.16807883484424405
R5_F5,4,468,0,0.25575316138464105
R5_F5,4,471,0,0.2423920474856869
R5_F5,4,473,0,0.6604265049232788
R5_F5,4,484,0,0.1964561263171863
R5_F5,4,485,0,0.10641113164889217
R5_F5,4,489,0,0.45173095016011994
R5_F5,4,492,1,0.8076334620248312
R5_F5,4,496,1,0.3148728601868403
R5_F5,4,497,0,0.7555705815676244
R5_F5,4,498,1,0.6222490810064953
R5_F5,4,521,0,0.44318896096292626
R5_F5,4,525,0,0.20247863396287502
R5_F5,4,535,0,0.050512576425119145
R5_F5,4,553,0,0.5523787972844539
R5_F5,4,557,0,0.11086714779770966
R5_F5,4,558,0,0.12170384136193453
R5_F5,4,563,0,0.5682953279212927
R5_F5,4,567,1,0.7246109013597533
R5_F5,4,581,0,0.03915410685189088
R5_F5,4,586,0,0.12880984619497593
R5_F5,4,589,0,0.7022488515538762
R5_F5,4,593,0,0.051131775134525055
R5_F5,4,601,0,0.4106933226998148
R5_F5,4,605,0,0.039044694751272375
R5_F5,4,606,1,0.07123074366246168
R5_F5,4,609,0,0.05496614572491503
R5_F5,4,610,1,0.6011941329083424
R5_F5,4,614,1,0.6644432783375941
R5_F5,4,623,0,0.1628897310546663
R5_F5,4,626,0,0.5302106674396985
R5_F5,4,636,0,0.4398609981472538
R5_F5,4,642,0,0.42330055634040836
R5_F5,4,654,1,0.5555931363409267
R5_F5,4,656,0,0.2518056376490087
R5_F5,4,658,1,0.4177696289414559
R5_F5,4,665,0,0.284822388582105
R5_F5,4,668,0,0.2159578020006719
R5_F5,4,670,1,0.508228376300433
R5_F5,4,671,0,0.1645150052030687
R5_F5,4,678,0,0.25704480802335844
R5_F5,4,681,0,0.00972180751926722
R5_F5,4,694,0,0.21784785731070602
R5_F5,4,696,0,0.26869718601332226
R5_F5,4,703,0,0.1604540831010025
R5_F5,4,708,0,0.047365997545032235
R5_F5,4,711,0,0.03019220960922007
R5_F5,4,712,0,0.10761098139424952
R5_F5,4,713,0,0.715690168134186
R5_F5,4,720,0,0.09009717038635462
R5_F5,4,721,0,0.4168172603502698
R5_F5,4,722,0,0.1932144750035528
R5_F5,4,731,0,0.055183921945198576
R5_F5,4,736,0,0.4318203316516187
R5_F5,4,740,1,0.6913249151711027
R5_F5,4,741,0,0.07738910190078915
R5_F5,4,747,0,0.5965377062237446
R5_F5,4,749,0,0.5207030841878103
R5_F5,4,752,0,0.0745093990656237
R5_F5,4,754,0,0.030033865980865156
R5_F5,4,764,1,0.6921792346819787
R5_F5,4,771,0,0.41040623879811244
R5_F5,4,778,1,0.8265553645511039
R5_F5,4,780,0,0.1498040297759612
R5_F5,4,783,1,0.7683778564985535
R5_F5,4,786,1,0.5753749649866188
R5_F5,4,789,0,0.7608137905370818
R5_F5,4,794,0,0.6978730996447408
R5_F5,4,797,0,0.16765990759860402
R5_F5,5,2,0,0.03977757616733634
R5_F5,5,6,0,0.0756009254120307
R5_F5,5,7,0,0.5378804617508651
R5_F5,5,18,0,0.07419215978922054
R5_F5,5,26,0,0.34173798543275297
R5_F5,5,27,0,0.5483607213646026
R5_F5,5,35,0,0.38986823162259876
R5_F5,5,37,1,0.5993319638813196
R5_F5,5,43,1,0.17610273613060534
R5_F5,5,45,0,0.5181871569361224
R5_F5,5,51,0,0.21594192788111932
R5_F5,5,55,0,0.32142416901929033
R5_F5,5,58,0,0.14142262354294188
R5_F5,5,59,1,0.6848520084849888
R5_F5,5,64,0,0.32253055562299116
R5_F5,5,79,0,0.6747196077369174
R5_F5,5,80,0,0.07915355782692535
R5_F5,5,98,0,0.3873117269683885
R5_F5,5,100,1,0.4897082696545924
R5_F5,5,101,1,0.38768266167332927
R5_F5,5,107,0,0.1803998099830335
R5_F5,5,108,1,0.10234193171009394
R5_F5,5,118,0,0.6124211626489107
R5_F5,5,133,0,0.511835931256417
R5_F5,5,134,0,0.2636927041046034
R5_F5,5,139,0,0.053915507227742666
R5_F5,5,140,1,0.1633672628012953
R5_F5,5,142,0,0.11803068286896819
R5_F5,5,147,1,0.20881724021478465
R5_F5,5,151,1,0.3737201047930853
R5_F5,5,155,0,0.7469193728327065
R5_F5,5,158,0,0.06620144823988788
R5_F5,5,160,0,0.04396454312668924
R5_F5,5,161,0,0.20618008245246852
R5_F5,5,162,0,0.7114704662541359
R5_F5,5,168,0,0.5817244497230248
R5_F5,5,175,0,0.6444759088517248
R5_F5,5,180,1,0.5482040511898908
R5_F5,5,189,1,0.7256591064726523
R5_F5,5,194,0,0.572538991872865
R5_F5,5,208,0,0.1464615996629046
R5_F5,5,213,0,0.048485784696780186
R5_F5,5,218,0,0.07200111841864541
R5_F5,5,227,0,0.2889302756296792
R5_F5,5,228,0,0.3364092341926676
R5_F5,5,231,0,0.18865660974187073
R5_F5,5,238,1,0.32316702969051936
R5_F5,5,251,1,0.7469522111431738
R5_F5,5,255,0,0.48134787608511215
R5_F5,5,257,0,0.20924514491204227
R5_F5,5,273,0,0.447553831001287
R5_F5,5,280,0,0.02994407825816539
R5_F5,5,286,0,0.3660085642426867
R5_F5,5,287,0,0.29571413342381153
R5_F5,5,293,0,0.1916192588478264
R5_F5,5,295,0,0.23247505207416116
R5_F5,5,297,1,0.7570047363879983
R5_F5,5,299,0,0.09220062402696293
R5_F5,5,300,0,0.09996540938748484
R5_F5,5,304,1,0.5836112392646261
R5_F5,5,314,0,0.13429955021813608
R5_F5,5,320,0,0.06214666870211422
R5_F5,5,324,0,0.43329606813596055
R5_F5,5,333,1,0.07330540606240218
R5_F5,5,338,0,0.6959719761594618
R5_F5,5,343,0,0.10824896147926717
R5_F5,5,356,0,0.12144224834943995
R5_F5,5,367,0,0.13069218767682028
R5_F5,5,372,0,0.06887440642313719
R5_F5,5,375,0,0.4616210576218367
R5_F5,5,384,0,0.30704578358989504
R5_F5,5,386,0,0.04389446189759697
R5_F5,5,389,1,0.6502069660596156
R5_F5,5,391,0,0.2165930473753145
R5_F5,5,392,0,0.48895677802680915
R5_F5,5,398,0,0.08327236011900864
R5_F5,5,401,0,0.07602657473514868
R5_F5,5,408,0,0.4181894653191456
R5_F5,5,423,0,0.059243382503098206
R5_F5,5,426,1,0.8740102028488369
R5_F5,5,429,0,0.40331302460578794
R5_F5,5,437,0,0.16762371994862146
R5_F5,5,447,1,0.4658806055611187
R5_F5,5,451,0,0.3739368382155685
R5_F5,5,452,1,0.5424774273429122
R5_F5,5,457,0,0.277326300831164
R5_F5,5,462,0,0.2634193294598662
R5_F5,5,465,0,0.3417343835185948
R5_F5,5,466,1,0.46042989090018577
R5_F5,5,467,0,0.2039515540396407
R5_F5,5,472,0,0.348720389099688
R5_F5,5,474,1,0.7721343677507909
R5_F5,5,476,1,0.6610908742465355
R5_F5,5,478,1,0.3513929151858248
R5_F5,5,482,0,0.5160620434011706
R5_F5,5,502,0,0.06366009180297244
R5_F5,5,506,0,0.1164436359499799
R5_F5,5,508,0,0.17895923402264588
R5_F5,5,519,1,0.45936029952589236
R5_F5,5,529,0,0.5337889905721215
R5_F5,5,533,0,0.1271978923380693
R5_F5,5,536,1,0.21644966640065597
R5_F5,5,543,0,0.09486892888165364
R5_F5,5,548,0,0.1535113154065597
R5_F5,5,556,0,0.06544368854711988
R5_F5,5,559,0,0.5202615720256547
R5_F5,5,564,0,0.5533253073201826
R5_F5,5,565,0,0.20126273471561293
R5_F5,5,569,0,0.118157498723974
R5_F5,5,575,0,0.3562401457029534
R5_F5,5,576,1,0.3747131973647466
R5_F5,5,582,1,0.8356141469024508
R5_F5,5,591,0,0.6161721602791633
R5_F5,5,595,0,0.6123608928173715
R5_F5,5,596,0,0.33595504337184384
R5_F5,5,598,0,0.019360826221505117
R5_F5,5,608,1,0.4006819796925513
R5_F5,5,616,0,0.2641776672240307
R5_F5,5,620,0,0.01633817607702362
R5_F5,5,621,0,0.34132244981804294
R5_F5,5,627,1,0.8301011522958303
R5_F5,5,629,0,0.3053495731802271
R5_F5,5,630,0,0.08291450852557809
R5_F5,5,631,1,0.7377357808215196
R5_F5,5,633,1,0.35933190380483887
R5_F5,5,637,0,0.4364077399507626
R5_F5,5,638,0,0.2232698375212779
R5_F5,5,641,0,0.14793440080675546
R5_F5,5,644,0,0.11447290643103052
R5_F5,5,648,1,0.6673700085868809
R5_F5,5,659,1,0.24643702314606472
R5_F5,5,660,1,0.3743185363980855
R5_F5,5,662,0,0.09361034418909757
R5_F5,5,663,1,0.8745930383845838
R5_F5,5,669,0,0.09637193260451223
R5_F5,5,679,1,0.28805141875459106
R5_F5,5,680,1,0.40800585080225144
R5_F5,5,683,1,0.8185011261729667
R5_F5,5,687,1,0.2006547135649052
R5_F5,5,688,0,0.19936842937763552
R5_F5,5,690,0,0.3739096459522963
R5_F5,5,697,0,0.2322154037653826
R5_F5,5,709,0,0.336183471240191
R5_F5,5,710,0,0.22934334012727753
R5_F5,5,716,1,0.5569866150475348
R5_F5,5,724,0,0.09070666244908976
R5_F5,5,727,1,0.6348813906050892
R5_F5,5,729,1,0.7672513033258396
R5_F5,5,737,1,0.8265851223876597
R5_F5,5,750,1,0.7795277994708893
R5_F5,5,753,0,0.06043502380749793
R5_F5,5,758,0,0.14687799454596392
R5_F5,5,762,1,0.5967243695384575
R5_F5,5,763,1,0.2900267575969851
R5_F5,5,767,0,0.5416940250763503
R5_F5,5,769,0,0.5802365869284877
R5_F5,5,777,0,0.40815429005881865
R5_F5,5,782,1,0.19093349000070914
R5_F5,5,784,1,0.26352985948882596
R5_F5,5,793,0,0.5011063332095621
