dataset,run_id,repeat,fold,source_row_index,y_true,uncalibrated_probability,sigmoid_probability,isotonic_probability
German Credit,R1_F1,1,1,2,0,0.07056509558101244,0.059722014007488576,0.06818181818181818
German Credit,R1_F1,1,1,5,0,0.4361987633017737,0.33534388789669056,0.2608695652173913
German Credit,R1_F1,1,1,12,0,0.4793242655094249,0.3707704423472999,0.35294117647058826
German Credit,R1_F1,1,1,13,1,0.44845070394352965,0.34529822316105657,0.35294117647058826
German Credit,R1_F1,1,1,17,0,0.7080060351886948,0.5831324551577342,0.6144578313253012
German Credit,R1_F1,1,1,20,0,0.09771964236504292,0.08021944680125222,0.1044776119402985
German Credit,R1_F1,1,1,21,0,0.22348827507441457,0.17266377876377134,0.1597222222222222
German Credit,R1_F1,1,1,33,0,0.14141798338341768,0.11253620229715361,0.12
German Credit,R1_F1,1,1,38,0,0.32416849095084715,0.24770402748416165,0.21212121212121213
German Credit,R1_F1,1,1,41,0,0.39879926807534427,0.3054514536460362,0.2608695652173913
German Credit,R1_F1,1,1,57,0,0.6104573519855924,0.4865016499829801,0.4897959183673469
German Credit,R1_F1,1,1,60,0,0.40446267448706125,0.30993276851444707,0.2608695652173913
German Credit,R1_F1,1,1,66,0,0.2793614920533626,0.21399717167549165,0.1597222222222222
German Credit,R1_F1,1,1,68,1,0.5360969378671412,0.41923343743242747,0.3609358463810657
German Credit,R1_F1,1,1,71,0,0.04298088918872068,0.03822946234227156,0.06818181818181818
German Credit,R1_F1,1,1,72,0,0.45244146601547547,0.3485589322464606,0.35294117647058826
German Credit,R1_F1,1,1,73,0,0.5783482603112148,0.45687009523866845,0.4897959183673469
German Credit,R1_F1,1,1,76,1,0.7475875427937512,0.6258016061922804,0.717391304347826
German Credit,R1_F1,1,1,78,0,0.1244060365258645,0.10001793161685285,0.1044776119402985
German Credit,R1_F1,1,1,82,0,0.356616442969609,0.2725328303320594,0.2608695652173913
German Credit,R1_F1,1,1,83,0,0.24063045855140777,0.18528203545096375,0.1597222222222222
German Credit,R1_F1,1,1,86,0,0.5391930735213192,0.4219430177438373,0.4037423105649505
German Credit,R1_F1,1,1,88,0,0.5184457025927361,0.4039230939861436,0.3548387096774194
German Credit,R1_F1,1,1,89,1,0.6862890654024597,0.5606481649522457,0.6144578313253012
German Credit,R1_F1,1,1,97,0,0.47822857034138094,0.3698564650321254,0.35294117647058826
German Credit,R1_F1,1,1,104,0,0.05490306537402272,0.04763266997122507,0.06818181818181818
German Credit,R1_F1,1,1,118,1,0.37568604338626393,0.28731781817304897,0.2608695652173913
German Credit,R1_F1,1,1,120,1,0.741494806550023,0.6190811092802069,0.704875629524485
German Credit,R1_F1,1,1,124,1,0.3305343049234153,0.25254469245188066,0.21212121212121213
German Credit,R1_F1,1,1,125,0,0.5618098023455269,0.441964065619405,0.4897959183673469
German Credit,R1_F1,1,1,126,0,0.6535689194414301,0.5278751619111737,0.6144578313253012
German Credit,R1_F1,1,1,134,0,0.46933878297547543,0.36246878892239903,0.35294117647058826
German Credit,R1_F1,1,1,139,0,0.3209833781484643,0.24528725512254224,0.21212121212121213
German Credit,R1_F1,1,1,146,0,0.27222107035429904,0.20867785275800668,0.1597222222222222
German Credit,R1_F1,1,1,151,0,0.044965167340705964,0.03980948763395659,0.06818181818181818
German Credit,R1_F1,1,1,157,0,0.7835882315743451,0.6667682381403433,0.717391304347826
German Credit,R1_F1,1,1,160,0,0.09193989299719989,0.07589355831396433,0.1044776119402985
German Credit,R1_F1,1,1,164,0,0.18957056990723728,0.14779918729488162,0.1597222222222222
German Credit,R1_F1,1,1,170,1,0.8225073179884408,0.7137892348995442,0.717391304347826
German Credit,R1_F1,1,1,171,0,0.29143575734001287,0.2230221833219832,0.1597222222222222
German Credit,R1_F1,1,1,174,1,0.7072129952940603,0.5823004321566682,0.6144578313253012
German Credit,R1_F1,1,1,198,0,0.20377972587180837,0.15820379890581712,0.1597222222222222
German Credit,R1_F1,1,1,204,0,0.0880424431989636,0.07296663452278877,0.1044776119402985
German Credit,R1_F1,1,1,210,0,0.019946706062265788,0.019232682284686862,0.0
German Credit,R1_F1,1,1,211,0,0.08619154202646577,0.07157361694687038,0.06818181818181818
German Credit,R1_F1,1,1,212,1,0.7171917285941766,0.5928326217655395,0.6144578313253012
German Credit,R1_F1,1,1,223,0,0.13690270122778522,0.10921905125614856,0.1044776119402985
German Credit,R1_F1,1,1,226,1,0.44028930980257314,0.33865802303877407,0.2608695652173913
German Credit,R1_F1,1,1,236,1,0.5902698240540429,0.4677619196960326,0.4897959183673469
German Credit,R1_F1,1,1,240,1,0.7092945987183844,0.5844861833425377,0.6144578313253012
German Credit,R1_F1,1,1,241,0,0.06083323485661699,0.052240110688209336,0.06818181818181818
German Credit,R1_F1,1,1,242,1,0.706001603066574,0.5810311358115876,0.6144578313253012
German Credit,R1_F1,1,1,245,0,0.20008114183693704,0.15549429718230162,0.1597222222222222
German Credit,R1_F1,1,1,246,0,0.051220670292739495,0.0447500495051339,0.06818181818181818
German Credit,R1_F1,1,1,251,0,0.2207579519299402,0.17065793234907067,0.1597222222222222
German Credit,R1_F1,1,1,266,0,0.12848039651951962,0.10302154996985968,0.1044776119402985
German Credit,R1_F1,1,1,273,1,0.4684688415953118,0.3617484660408385,0.35294117647058826
German Credit,R1_F1,1,1,275,0,0.0879730194830148,0.07291442124723935,0.1044776119402985
German Credit,R1_F1,1,1,277,0,0.3808854246034381,0.2913759458777457,0.2608695652173913
German Credit,R1_F1,1,1,283,0,0.032028694345548094,0.029372230394176094,0.0
German Credit,R1_F1,1,1,300,0,0.08363693503963461,0.06964758744535092,0.06818181818181818
German Credit,R1_F1,1,1,301,1,0.5203871319607191,0.4055958597774608,0.3548387096774194
German Credit,R1_F1,1,1,303,0,0.4676733433516754,0.3610901877651389,0.35294117647058826
German Credit,R1_F1,1,1,306,0,0.09056697164637563,0.07486346876357546,0.1044776119402985
German Credit,R1_F1,1,1,307,1,0.7392942913370123,0.6166680773018174,0.6144578313253012
German Credit,R1_F1,1,1,310,0,0.3741448766361291,0.2861172084575953,0.2608695652173913
German Credit,R1_F1,1,1,315,1,0.8315071047350595,0.7251248337462214,0.7692307692307693
German Credit,R1_F1,1,1,319,0,0.3872237905167745,0.29633935034086023,0.2608695652173913
German Credit,R1_F1,1,1,323,0,0.26267610331011415,0.20158642524840117,0.1597222222222222
German Credit,R1_F1,1,1,326,0,0.1792580248328315,0.14025313107905057,0.12121212121212122
German Credit,R1_F1,1,1,332,1,0.7098268944942348,0.5850460591664042,0.6144578313253012
German Credit,R1_F1,1,1,337,1,0.5297362494510368,0.4136896792524896,0.3548387096774194
German Credit,R1_F1,1,1,343,0,0.6145195615925597,0.49031929806815305,0.5
German Credit,R1_F1,1,1,345,0,0.07759589864310179,0.0650760909455463,0.06818181818181818
German Credit,R1_F1,1,1,352,0,0.030742478552726826,0.028314229465629906,0.0
German Credit,R1_F1,1,1,358,0,0.19238747597881653,0.14986097037415685,0.1597222222222222
German Credit,R1_F1,1,1,365,0,0.08715381424979508,0.07229808945954966,0.1044776119402985
German Credit,R1_F1,1,1,368,1,0.6489888666839264,0.5233863352509474,0.6144578313253012
German Credit,R1_F1,1,1,374,1,0.7526025481264019,0.6313775093791756,0.717391304347826
German Credit,R1_F1,1,1,375,1,0.6260150248794519,0.5012109843749101,0.5
German Credit,R1_F1,1,1,381,1,0.7005898059388947,0.5753846969517409,0.6144578313253012
German Credit,R1_F1,1,1,386,0,0.2717677560215353,0.20834057753607585,0.1597222222222222
German Credit,R1_F1,1,1,395,0,0.6202930010914156,0.49577301121857886,0.5
German Credit,R1_F1,1,1,399,0,0.049377415669318796,0.04330026543249005,0.06818181818181818
German Credit,R1_F1,1,1,411,0,0.034895659927003095,0.031715714135190164,0.0
German Credit,R1_F1,1,1,415,0,0.05791580124444066,0.04997846944696679,0.06818181818181818
German Credit,R1_F1,1,1,416,1,0.5554639190140124,0.4363051585695398,0.4897959183673469
German Credit,R1_F1,1,1,417,0,0.6424213531903941,0.5169897934560183,0.6144578313253012
German Credit,R1_F1,1,1,419,1,0.4096787408385338,0.3140739510092786,0.2608695652173913
German Credit,R1_F1,1,1,424,1,0.21238619327290045,0.1645132078598577,0.1597222222222222
German Credit,R1_F1,1,1,425,0,0.3076579554778604,0.23521263647171703,0.21212121212121213
German Credit,R1_F1,1,1,432,0,0.3839253942798974,0.29375420526732593,0.2608695652173913
German Credit,R1_F1,1,1,434,0,0.4873996542710141,0.37753017976252895,0.35294117647058826
German Credit,R1_F1,1,1,438,0,0.6951558985088098,0.5697541286896152,0.6144578313253012
German Credit,R1_F1,1,1,446,1,0.7946534810630763,0.6798266063492153,0.717391304347826
German Credit,R1_F1,1,1,449,1,0.33935085381768976,0.2592727300093957,0.21212121212121213
German Credit,R1_F1,1,1,456,0,0.2957244787215054,0.22623749688682482,0.1597222222222222
German Credit,R1_F1,1,1,462,0,0.5068663514790185,0.39400183377523124,0.3548387096774194
German Credit,R1_F1,1,1,464,0,0.2945804677733969,0.22537930247340768,0.1597222222222222
German Credit,R1_F1,1,1,485,1,0.34247034388854264,0.26166008440679595,0.21212121212121213
German Credit,R1_F1,1,1,490,0,0.07512003333789967,0.06319506190576167,0.06818181818181818
German Credit,R1_F1,1,1,495,1,0.29453870042526714,0.22534797728455022,0.1597222222222222
German Credit,R1_F1,1,1,497,0,0.07012635290533932,0.05938658058904497,0.06818181818181818
German Credit,R1_F1,1,1,504,1,0.7534506402243442,0.6323244648046948,0.717391304347826
German Credit,R1_F1,1,1,507,1,0.5522621415594174,0.4334623972449252,0.4897959183673469
German Credit,R1_F1,1,1,511,0,0.1042725628888528,0.08510524286310733,0.1044776119402985
German Credit,R1_F1,1,1,512,0,0.2377371809613653,0.18314904469788695,0.1597222222222222
German Credit,R1_F1,1,1,513,0,0.5962463226981555,0.4732702718728699,0.4897959183673469
German Credit,R1_F1,1,1,515,0,0.17477275132669998,0.13697144578203466,0.12121212121212122
German Credit,R1_F1,1,1,518,0,0.33934013402124424,0.25926453236024843,0.21212121212121213
German Credit,R1_F1,1,1,520,0,0.271962303519901,0.2084853187989197,0.1597222222222222
German Credit,R1_F1,1,1,522,1,0.8823401053685994,0.7930755306601122,0.7692307692307693
German Credit,R1_F1,1,1,531,1,0.4790533288621596,0.3705443691108745,0.35294117647058826
German Credit,R1_F1,1,1,534,0,0.11506291259927537,0.0931137075119129,0.1044776119402985
German Credit,R1_F1,1,1,538,1,0.8783582047119403,0.7874822651639841,0.7692307692307693
German Credit,R1_F1,1,1,540,1,0.39002635212899084,0.2985397809086466,0.2608695652173913
German Credit,R1_F1,1,1,554,0,0.365176198813983,0.2791505601851369,0.2608695652173913
German Credit,R1_F1,1,1,562,0,0.47875144197623515,0.3702925252731164,0.35294117647058826
German Credit,R1_F1,1,1,568,0,0.19955160798645685,0.15510645380622562,0.1597222222222222
German Credit,R1_F1,1,1,569,1,0.7418900489082879,0.6195153152958227,0.717391304347826
German Credit,R1_F1,1,1,579,0,0.22954957753580454,0.1771203637115987,0.1597222222222222
German Credit,R1_F1,1,1,590,0,0.27017566130001647,0.20715641829634415,0.1597222222222222
German Credit,R1_F1,1,1,596,1,0.7103069156797894,0.5855512842502338,0.6144578313253012
German Credit,R1_F1,1,1,608,0,0.19134193844040195,0.14909566865268312,0.1597222222222222
German Credit,R1_F1,1,1,611,1,0.2684272906677227,0.20585672067382033,0.1597222222222222
German Credit,R1_F1,1,1,618,1,0.703776192173217,0.5787045012210934,0.6144578313253012
German Credit,R1_F1,1,1,622,1,0.31909847232775884,0.2438586543967889,0.21212121212121213
German Credit,R1_F1,1,1,626,0,0.18021668327293897,0.14095454090009277,0.12121212121212122
German Credit,R1_F1,1,1,627,1,0.475295249697614,0.36741334794893016,0.35294117647058826
German Credit,R1_F1,1,1,629,0,0.07565079222817739,0.06359869013186939,0.06818181818181818
German Credit,R1_F1,1,1,633,1,0.3365484132924595,0.2571310870942674,0.21212121212121213
German Credit,R1_F1,1,1,636,0,0.1637042637892715,0.12887139965660777,0.12121212121212122
German Credit,R1_F1,1,1,640,1,0.8679944215666237,0.7731578547012249,0.7692307692307693
German Credit,R1_F1,1,1,644,0,0.4923063139697172,0.381658078257974,0.35294117647058826
German Credit,R1_F1,1,1,650,0,0.9108761805996518,0.8347878657790648,0.7692307692307693
German Credit,R1_F1,1,1,661,1,0.5615329639076189,0.44171650780844673,0.4897959183673469
German Credit,R1_F1,1,1,663,0,0.4990039098760211,0.38731838800800494,0.35294117647058826
German Credit,R1_F1,1,1,667,0,0.5371310535222683,0.4201376284543864,0.37523329316556275
German Credit,R1_F1,1,1,669,0,0.253156505043565,0.1945340515676101,0.1597222222222222
German Credit,R1_F1,1,1,670,0,0.2040491551981455,0.1584012181727758,0.1597222222222222
German Credit,R1_F1,1,1,673,0,0.08811552423223967,0.07302159545199692,0.1044776119402985
German Credit,R1_F1,1,1,677,1,0.617446026089341,0.4930795795080922,0.5
German Credit,R1_F1,1,1,684,0,0.5538742896625651,0.43489274348214557,0.4897959183673469
German Credit,R1_F1,1,1,691,0,0.5295797267511225,0.4135536420194384,0.3548387096774194
German Credit,R1_F1,1,1,703,0,0.6505348314964038,0.5248989104983794,0.6144578313253012
German Credit,R1_F1,1,1,706,1,0.46199534630168215,0.35640275751413897,0.35294117647058826
German Credit,R1_F1,1,1,707,1,0.7527528845086948,0.6315452855001806,0.717391304347826
German Credit,R1_F1,1,1,714,1,0.7573011301646644,0.6366385992758917,0.717391304347826
German Credit,R1_F1,1,1,725,0,0.13642149053977903,0.10886532549341686,0.1044776119402985
German Credit,R1_F1,1,1,729,0,0.1891933975483672,0.1475231472485582,0.1597222222222222
German Credit,R1_F1,1,1,732,0,0.09681785579470452,0.07954557705525206,0.1044776119402985
German Credit,R1_F1,1,1,738,0,0.10897828023139162,0.08860292156713308,0.1044776119402985
German Credit,R1_F1,1,1,740,0,0.6995547725330864,0.5743092199736439,0.6144578313253012
German Credit,R1_F1,1,1,741,0,0.542993795242101,0.42527928944726073,0.42857142857142855
German Credit,R1_F1,1,1,751,1,0.6098435253915998,0.48592617025480006,0.4897959183673469
German Credit,R1_F1,1,1,752,0,0.42082498589960576,0.32296897470772623,0.2608695652173913
German Credit,R1_F1,1,1,755,1,0.654981503279464,0.529264320195588,0.6144578313253012
German Credit,R1_F1,1,1,767,0,0.044024122936473974,0.039060987527855015,0.06818181818181818
German Credit,R1_F1,1,1,768,0,0.28352417220009335,0.21710419411739815,0.1597222222222222
German Credit,R1_F1,1,1,775,1,0.6922630523504788,0.5667722337263326,0.6144578313253012
German Credit,R1_F1,1,1,790,1,0.44538901656799706,0.34280279942627967,0.33975952472052356
German Credit,R1_F1,1,1,797,0,0.2335074565432339,0.180033301799033,0.1597222222222222
German Credit,R1_F1,1,1,800,0,0.20361911588016346,0.1580861177384275,0.1597222222222222
German Credit,R1_F1,1,1,812,1,0.5980395301084362,0.4749294120171673,0.4897959183673469
German Credit,R1_F1,1,1,813,1,0.6696762690396523,0.5438502986094618,0.6144578313253012
German Credit,R1_F1,1,1,816,0,0.052866145885945494,0.04604033464069597,0.06818181818181818
German Credit,R1_F1,1,1,831,1,0.7688338585324708,0.6497084043182159,0.717391304347826
German Credit,R1_F1,1,1,837,0,0.14181100165573043,0.11282477816980134,0.12
German Credit,R1_F1,1,1,839,0,0.14683661240779824,0.11651290352196589,0.12
German Credit,R1_F1,1,1,840,1,0.659583941738109,0.5338060279853398,0.6144578313253012
German Credit,R1_F1,1,1,844,0,0.26806164590051207,0.20558500003453933,0.1597222222222222
German Credit,R1_F1,1,1,848,0,0.24728352213067825,0.19019244956927694,0.1597222222222222
German Credit,R1_F1,1,1,863,0,0.2504179248706659,0.19250871536103337,0.1597222222222222
German Credit,R1_F1,1,1,870,0,0.16520198314672843,0.12996771409925495,0.12121212121212122
German Credit,R1_F1,1,1,872,0,0.4975841395458742,0.38611599621951476,0.35294117647058826
German Credit,R1_F1,1,1,879,0,0.06009513649636764,0.051668810698158665,0.06818181818181818
German Credit,R1_F1,1,1,884,1,0.3781573469719039,0.28924519168966123,0.2608695652173913
German Credit,R1_F1,1,1,890,0,0.6863960302367559,0.5607574206808066,0.6144578313253012
German Credit,R1_F1,1,1,897,0,0.01969449377420707,0.01901528900175409,0.0
German Credit,R1_F1,1,1,901,0,0.09795981251592727,0.08039885223239199,0.1044776119402985
German Credit,R1_F1,1,1,903,0,0.1551484618872591,0.12260594001026404,0.12
German Credit,R1_F1,1,1,905,0,0.5465596607987543,0.42841961227276226,0.42857142857142855
German Credit,R1_F1,1,1,908,0,0.08959868066652839,0.07413635323254698,0.1044776119402985
German Credit,R1_F1,1,1,911,1,0.5921868537352485,0.4695252357050087,0.4897959183673469
German Credit,R1_F1,1,1,914,1,0.8509019560662289,0.750218608657337,0.7692307692307693
German Credit,R1_F1,1,1,915,1,0.6810320791294254,0.5552961566291749,0.6144578313253012
German Credit,R1_F1,1,1,921,0,0.2445697777384932,0.18818854713633554,0.1597222222222222
German Credit,R1_F1,1,1,922,1,0.6684946719334289,0.5426681894684274,0.6144578313253012
German Credit,R1_F1,1,1,924,1,0.7915330534267326,0.6761203865327878,0.717391304347826
German Credit,R1_F1,1,1,933,0,0.054642273826641274,0.047429092923490346,0.06818181818181818
German Credit,R1_F1,1,1,952,1,0.2517554318731218,0.1934976913569624,0.1597222222222222
German Credit,R1_F1,1,1,959,0,0.5142969874591098,0.400357554962447,0.3548387096774194
German Credit,R1_F1,1,1,964,0,0.4851083880621226,0.37560794907093553,0.35294117647058826
German Credit,R1_F1,1,1,978,1,0.1714479639656303,0.13453870517369843,0.12121212121212122
German Credit,R1_F1,1,1,981,1,0.6512492199960918,0.5255987613225969,0.6144578313253012
German Credit,R1_F1,1,1,982,0,0.4040921978649052,0.30963914465882,0.2608695652173913
German Credit,R1_F1,1,1,985,0,0.5362330793670768,0.4193524277912642,0.36281810765507294
German Credit,R1_F1,1,1,990,0,0.12665477675051484,0.1016761907376995,0.1044776119402985
German Credit,R1_F1,1,1,991,0,0.3525828452969333,0.2694246305645876,0.2608695652173913
German Credit,R1_F1,1,1,993,0,0.7284432290524135,0.6048765418527107,0.6144578313253012
German Credit,R1_F2,1,2,0,0,0.0627505742353825,0.05669252554343234,0.017543859649122806
German Credit,R1_F2,1,2,3,0,0.6505276050023722,0.5561317777257009,0.5531914893617021
German Credit,R1_F2,1,2,6,0,0.1461316021826995,0.1240634555425698,0.1509433962264151
German Credit,R1_F2,1,2,15,1,0.6507486244173556,0.5563510040833982,0.5531914893617021
German Credit,R1_F2,1,2,16,0,0.029952235795039684,0.028784961418500742,0.0
German Credit,R1_F2,1,2,18,1,0.7702782517823116,0.6820140389975098,0.7183098591549296
German Credit,R1_F2,1,2,30,0,0.31605396486663223,0.25976236377781686,0.2608695652173913
German Credit,R1_F2,1,2,40,0,0.3649497625700165,0.2998399335628091,0.3235294117647059
German Credit,R1_F2,1,2,42,0,0.5250863929214292,0.4377383158771898,0.39344262295081966
German Credit,R1_F2,1,2,47,0,0.256951684956849,0.2121508821306067,0.25
German Credit,R1_F2,1,2,50,0,0.5236189705575773,0.43641604362158964,0.39344262295081966
German Credit,R1_F2,1,2,51,0,0.3370273747616859,0.2768646573377194,0.3235294117647059
German Credit,R1_F2,1,2,53,0,0.03064954113020032,0.02939722644942074,0.0
German Credit,R1_F2,1,2,79,0,0.6239034447893034,0.5300247650618166,0.42857142857142855
German Credit,R1_F2,1,2,80,1,0.10864320559210662,0.0941044637545937,0.09090909090909091
German Credit,R1_F2,1,2,91,0,0.15875740805488106,0.1340982069968079,0.1509433962264151
German Credit,R1_F2,1,2,92,1,0.06463178870478899,0.058253403631323926,0.017543859649122806
German Credit,R1_F2,1,2,94,0,0.1974170982396886,0.16476993467414416,0.1917808219178082
German Credit,R1_F2,1,2,98,0,0.5462372062805027,0.4569415789298974,0.39344262295081966
German Credit,R1_F2,1,2,101,0,0.629351909438827,0.5353198514847345,0.42857142857142855
German Credit,R1_F2,1,2,107,0,0.4360604571766517,0.35962801281175266,0.3490566037735849
German Credit,R1_F2,1,2,115,0,0.046600090381610025,0.04314209915503189,0.017543859649122806
German Credit,R1_F2,1,2,121,0,0.0675296338795106,0.060651792140846504,0.017543859649122806
German Credit,R1_F2,1,2,122,0,0.11345789756555598,0.09797204800760985,0.09090909090909091
German Credit,R1_F2,1,2,123,0,0.4041114647438733,0.33251857048295513,0.3490566037735849
German Credit,R1_F2,1,2,130,0,0.6173218511277238,0.523659979713978,0.42857142857142855
German Credit,R1_F2,1,2,132,0,0.3861301210705122,0.3174433268303371,0.3490566037735849
German Credit,R1_F2,1,2,145,0,0.46663169598562887,0.38599521238552603,0.3490566037735849
German Credit,R1_F2,1,2,158,0,0.3586886670461638,0.2946661599333188,0.3235294117647059
German Credit,R1_F2,1,2,161,0,0.20446305394408107,0.17036104721041206,0.1917808219178082
German Credit,R1_F2,1,2,162,0,0.06893325240369694,0.0618109925945491,0.017543859649122806
German Credit,R1_F2,1,2,167,0,0.27926076755407897,0.23003460932206876,0.25
German Credit,R1_F2,1,2,177,0,0.1524925080659019,0.12912113085432403,0.1509433962264151
German Credit,R1_F2,1,2,178,0,0.07637287338983952,0.06793016022887083,0.017543859649122806
German Credit,R1_F2,1,2,184,1,0.6564542839062697,0.5620251129706164,0.5531914893617021
German Credit,R1_F2,1,2,190,1,0.06033628085108001,0.05468458657358392,0.017543859649122806
German Credit,R1_F2,1,2,191,1,0.589852474136347,0.49745343647738355,0.39344262295081966
German Credit,R1_F2,1,2,192,1,0.4293180478076318,0.3538705815347173,0.3490566037735849
German Credit,R1_F2,1,2,194,1,0.5207148355622623,0.43380291076427624,0.39344262295081966
German Credit,R1_F2,1,2,197,1,0.6717676597702802,0.5773972877143283,0.5531914893617021
German Credit,R1_F2,1,2,200,0,0.12401345298407136,0.10642717204003133,0.1509433962264151
German Credit,R1_F2,1,2,201,0,0.6918959211267536,0.5979352316790499,0.5531914893617021
German Credit,R1_F2,1,2,215,0,0.13509630499912412,0.11527557697365304,0.1509433962264151
German Credit,R1_F2,1,2,221,0,0.6368720779295168,0.5426679462828522,0.5531914893617021
German Credit,R1_F2,1,2,229,0,0.7108916780225041,0.6176852410377583,0.7142857142857143
German Credit,R1_F2,1,2,231,0,0.21377570558925596,0.17775509856773675,0.1917808219178082
German Credit,R1_F2,1,2,232,0,0.0966771243432459,0.08445602181089928,0.07692307692307693
German Credit,R1_F2,1,2,239,0,0.3372466287509675,0.2770441135590306,0.3235294117647059
German Credit,R1_F2,1,2,243,0,0.0501043434868253,0.04610795943380583,0.017543859649122806
German Credit,R1_F2,1,2,244,0,0.25205204689283095,0.2082349681680258,0.25
German Credit,R1_F2,1,2,247,0,0.2169527607216548,0.18027903987353902,0.1917808219178082
German Credit,R1_F2,1,2,248,0,0.5936327038323309,0.5010266432647184,0.39344262295081966
German Credit,R1_F2,1,2,250,0,0.12102137780514843,0.10403353705075975,0.1509433962264151
German Credit,R1_F2,1,2,260,0,0.36039327803109317,0.29607343873119496,0.3235294117647059
German Credit,R1_F2,1,2,262,0,0.5682465537683816,0.47722455964663457,0.39344262295081966
German Credit,R1_F2,1,2,267,0,0.34257043146006655,0.28140602701245426,0.3235294117647059
German Credit,R1_F2,1,2,271,0,0.04474706710217282,0.041567028511036413,0.0
German Credit,R1_F2,1,2,276,0,0.0850024026774654,0.07498160914224442,0.07692307692307693
German Credit,R1_F2,1,2,279,0,0.10706527499618752,0.09283524404196256,0.09090909090909091
German Credit,R1_F2,1,2,285,0,0.9423820464396383,0.9011905024347712,0.9
German Credit,R1_F2,1,2,287,0,0.5859504632914437,0.4937758970714505,0.39344262295081966
German Credit,R1_F2,1,2,290,0,0.031741322243906335,0.03035359220241208,0.0
German Credit,R1_F2,1,2,291,1,0.7107355715554785,0.617521416735491,0.7142857142857143
German Credit,R1_F2,1,2,296,0,0.12188631558302954,0.10472571245848822,0.1509433962264151
German Credit,R1_F2,1,2,302,1,0.29397852043999123,0.24188788560575825,0.2608695652173913
German Credit,R1_F2,1,2,305,0,0.057154196014920555,0.0520294189105235,0.017543859649122806
German Credit,R1_F2,1,2,313,1,0.7456889264425279,0.6548719955420907,0.7183098591549296
German Credit,R1_F2,1,2,314,0,0.08078371795112106,0.0715401098037915,0.06666666666666667
German Credit,R1_F2,1,2,320,1,0.7635145861208987,0.6744720457709688,0.7183098591549296
German Credit,R1_F2,1,2,321,1,0.777765514519028,0.690433195087499,0.7183098591549296
German Credit,R1_F2,1,2,334,1,0.7912047620396332,0.705737567139256,0.7183098591549296
German Credit,R1_F2,1,2,341,0,0.4364093604348405,0.35992649505538415,0.3490566037735849
German Credit,R1_F2,1,2,346,0,0.19436985184796732,0.16235249162220705,0.1917808219178082
German Credit,R1_F2,1,2,353,1,0.6376386792182482,0.5434196242077978,0.5531914893617021
German Credit,R1_F2,1,2,360,0,0.7133845675290597,0.6203048740550471,0.7142857142857143
German Credit,R1_F2,1,2,363,0,0.13349321381776744,0.11399725244885836,0.1509433962264151
German Credit,R1_F2,1,2,364,1,0.7008636913996891,0.6072131390553906,0.6666666666666666
German Credit,R1_F2,1,2,366,0,0.03500702565254654,0.03319875143175299,0.0
German Credit,R1_F2,1,2,370,0,0.17672552131825725,0.14835755656617042,0.1917808219178082
German Credit,R1_F2,1,2,373,0,0.6718780657506257,0.57750889393629,0.5531914893617021
German Credit,R1_F2,1,2,380,0,0.23602900840304172,0.1954540991183541,0.1917808219178082
German Credit,R1_F2,1,2,400,0,0.1399589318321568,0.11915028306250822,0.1509433962264151
German Credit,R1_F2,1,2,404,0,0.3794319679403337,0.3118589646911557,0.3490566037735849
German Credit,R1_F2,1,2,413,0,0.1503692358805122,0.12743341252667773,0.1509433962264151
German Credit,R1_F2,1,2,426,0,0.08512052371012806,0.0750778214924785,0.07692307692307693
German Credit,R1_F2,1,2,427,0,0.02117438540972522,0.0209651551805805,0.0
German Credit,R1_F2,1,2,430,0,0.06393508143535091,0.057675700741937695,0.017543859649122806
German Credit,R1_F2,1,2,442,0,0.5308651096778478,0.44295789132109964,0.39344262295081966
German Credit,R1_F2,1,2,445,0,0.14266405571607702,0.12130413465967091,0.1509433962264151
German Credit,R1_F2,1,2,448,0,0.17598247668191092,0.14776815676183153,0.1917808219178082
German Credit,R1_F2,1,2,454,1,0.6208547401601241,0.5270722374166363,0.42857142857142855
German Credit,R1_F2,1,2,459,0,0.2569231372888415,0.21212805475485325,0.25
German Credit,R1_F2,1,2,463,0,0.44117373048983044,0.3640078331427243,0.3490566037735849
German Credit,R1_F2,1,2,467,0,0.338460222245694,0.27803768316704364,0.3235294117647059
German Credit,R1_F2,1,2,468,0,0.2989324200276244,0.24588862545696408,0.2608695652173913
German Credit,R1_F2,1,2,471,1,0.47499470608479055,0.3932868120185602,0.3490566037735849
German Credit,R1_F2,1,2,476,0,0.10125225017688633,0.08815165848295235,0.09090909090909091
German Credit,R1_F2,1,2,477,0,0.35551697623521766,0.29205026167895093,0.3235294117647059
German Credit,R1_F2,1,2,480,0,0.26203065413271903,0.21621434347166682,0.25
German Credit,R1_F2,1,2,484,0,0.07309272492032039,0.06523717036866701,0.017543859649122806
German Credit,R1_F2,1,2,491,1,0.7690818518877771,0.6806756262182141,0.7183098591549296
German Credit,R1_F2,1,2,494,0,0.24192556242986588,0.20015333295471,0.2
German Credit,R1_F2,1,2,496,1,0.7882466942033943,0.7023472255317854,0.7183098591549296
German Credit,R1_F2,1,2,506,0,0.08258608547893354,0.07301171663369084,0.06666666666666667
German Credit,R1_F2,1,2,508,0,0.13999375113529341,0.11917801389481389,0.1509433962264151
German Credit,R1_F2,1,2,509,0,0.12950736546980593,0.11081670401493388,0.1509433962264151
German Credit,R1_F2,1,2,514,0,0.20520093616683624,0.1709467126970851,0.1917808219178082
German Credit,R1_F2,1,2,519,0,0.05050685394605527,0.046447615256771366,0.017543859649122806
German Credit,R1_F2,1,2,525,0,0.6299047944744781,0.5358585108773815,0.4552266235892028
German Credit,R1_F2,1,2,529,0,0.3969838067474312,0.32652790600580817,0.3490566037735849
German Credit,R1_F2,1,2,547,0,0.28761792349912857,0.23675939935168722,0.25505974499849826
German Credit,R1_F2,1,2,553,0,0.3733666459536707,0.30681625266576085,0.32472632318038325
German Credit,R1_F2,1,2,555,1,0.6413809241456407,0.5470960588818667,0.5531914893617021
German Credit,R1_F2,1,2,557,1,0.4338425089869191,0.35773185694837895,0.3490566037735849
German Credit,R1_F2,1,2,561,1,0.5046391607149796,0.41942610786592976,0.39344262295081966
German Credit,R1_F2,1,2,563,1,0.6752281382403065,0.580900777861085,0.5531914893617021
German Credit,R1_F2,1,2,565,0,0.4041932953443617,0.33258746431224223,0.3490566037735849
German Credit,R1_F2,1,2,566,1,0.6218012104225291,0.5279880604193878,0.42857142857142855
German Credit,R1_F2,1,2,573,0,0.6428237487985029,0.5485166508938448,0.5531914893617021
German Credit,R1_F2,1,2,575,0,0.2567277045927971,0.2119717858905161,0.25
German Credit,R1_F2,1,2,577,0,0.18724193846439552,0.15669865905136737,0.1917808219178082
German Credit,R1_F2,1,2,581,0,0.5730286321062428,0.4816740067169759,0.39344262295081966
German Credit,R1_F2,1,2,584,0,0.1290802419982986,0.11047568197926241,0.1509433962264151
German Credit,R1_F2,1,2,585,1,0.766434386508193,0.6777205587157173,0.7183098591549296
German Credit,R1_F2,1,2,586,0,0.2987625531041877,0.24575134579658361,0.2608695652173913
German Credit,R1_F2,1,2,594,1,0.5269262331408582,0.4393979718179636,0.39344262295081966
German Credit,R1_F2,1,2,595,1,0.8010327688095376,0.7170928962700043,0.7183098591549296
German Credit,R1_F2,1,2,597,1,0.4477605872998427,0.36966742631051525,0.3490566037735849
German Credit,R1_F2,1,2,602,1,0.8163277372408704,0.7350552739747315,0.7183098591549296
German Credit,R1_F2,1,2,603,1,0.22235935652539096,0.18457618083633376,0.1917808219178082
German Credit,R1_F2,1,2,605,0,0.5219630827337972,0.43492547328532477,0.39344262295081966
German Credit,R1_F2,1,2,610,1,0.69604741631675,0.6022202562243079,0.5531914893617021
German Credit,R1_F2,1,2,621,1,0.367906771006188,0.3022880455275163,0.3235294117647059
German Credit,R1_F2,1,2,624,1,0.6275131019035987,0.5335301367841118,0.42857142857142855
German Credit,R1_F2,1,2,628,0,0.16670210538682198,0.14040517129232233,0.18435958833871702
German Credit,R1_F2,1,2,637,0,0.48815845019803367,0.4048364491809157,0.3490566037735849
German Credit,R1_F2,1,2,638,0,0.24793115945947328,0.2049443827437583,0.2
German Credit,R1_F2,1,2,643,0,0.049877331342996385,0.04591630737675761,0.017543859649122806
German Credit,R1_F2,1,2,645,1,0.22981772062753558,0.1905087494823409,0.1917808219178082
German Credit,R1_F2,1,2,654,0,0.023524057736980894,0.023081080452359164,0.0
German Credit,R1_F2,1,2,659,0,0.5305850879271261,0.442704502713924,0.39344262295081966
German Credit,R1_F2,1,2,665,0,0.4149271033365504,0.34164782804225097,0.3490566037735849
German Credit,R1_F2,1,2,675,0,0.12202249926070184,0.104834677364402,0.1509433962264151
German Credit,R1_F2,1,2,680,0,0.46753569308054305,0.3867817115426728,0.3490566037735849
German Credit,R1_F2,1,2,688,0,0.08975420644096566,0.07884609341538511,0.07692307692307693
German Credit,R1_F2,1,2,692,0,0.5567587347304329,0.46659840435169697,0.39344262295081966
German Credit,R1_F2,1,2,700,1,0.15784466657258586,0.13337331627379567,0.1509433962264151
German Credit,R1_F2,1,2,708,0,0.3773460145384264,0.3101232135656997,0.3473464437829158
German Credit,R1_F2,1,2,713,0,0.18891285319523388,0.15802394573452966,0.1917808219178082
German Credit,R1_F2,1,2,715,0,0.03648872072246471,0.03448250636196639,0.0
German Credit,R1_F2,1,2,730,0,0.726772508771322,0.6344881758707366,0.7183098591549296
German Credit,R1_F2,1,2,731,1,0.6291735479792706,0.535146132133906,0.42857142857142855
German Credit,R1_F2,1,2,733,0,0.04606772929880298,0.04269008796099606,0.017543859649122806
German Credit,R1_F2,1,2,735,0,0.7538122564399724,0.6637551971459208,0.7183098591549296
German Credit,R1_F2,1,2,742,0,0.0326496052588649,0.03114718345442798,0.0
German Credit,R1_F2,1,2,746,0,0.6673549787405576,0.5729458409012073,0.5531914893617021
German Credit,R1_F2,1,2,749,0,0.07073715550391611,0.06329848786607944,0.017543859649122806
German Credit,R1_F2,1,2,756,0,0.06387802327490964,0.057628369665109765,0.017543859649122806
German Credit,R1_F2,1,2,772,0,0.024074068882541936,0.02357375306837249,0.0
German Credit,R1_F2,1,2,777,0,0.263436549915831,0.2173399307810602,0.25
German Credit,R1_F2,1,2,785,0,0.15340415276500816,0.12984561588873783,0.1509433962264151
German Credit,R1_F2,1,2,786,0,0.1021296147990134,0.08885938275524223,0.09090909090909091
German Credit,R1_F2,1,2,791,0,0.03618063224903386,0.034215923328739364,0.0
German Credit,R1_F2,1,2,792,0,0.03887259624647118,0.036539318420360706,0.0
German Credit,R1_F2,1,2,799,0,0.32863418347426593,0.27000561549907265,0.3235294117647059
German Credit,R1_F2,1,2,805,1,0.8150871291884553,0.7335846406915408,0.7183098591549296
German Credit,R1_F2,1,2,808,0,0.7643864793173063,0.6754409474635179,0.7183098591549296
German Credit,R1_F2,1,2,811,0,0.10541213471917,0.0915045831061513,0.09090909090909091
German Credit,R1_F2,1,2,820,0,0.11013809952149341,0.09530610585277467,0.09090909090909091
German Credit,R1_F2,1,2,838,0,0.22751027664008527,0.18867272409271343,0.1917808219178082
German Credit,R1_F2,1,2,841,0,0.20962702329354022,0.17446042377106272,0.1917808219178082
German Credit,R1_F2,1,2,845,0,0.14872650955148306,0.12612730713987627,0.1509433962264151
German Credit,R1_F2,1,2,846,1,0.18755541849744048,0.15694729365241944,0.1917808219178082
German Credit,R1_F2,1,2,851,0,0.009543984972566895,0.010126951695761067,0.0
German Credit,R1_F2,1,2,854,0,0.5987910281413891,0.5059192684820152,0.39344262295081966
German Credit,R1_F2,1,2,860,0,0.02564616452686296,0.024976861916521497,0.0
German Credit,R1_F2,1,2,861,1,0.16181121597808948,0.13652302259753382,0.1509433962264151
German Credit,R1_F2,1,2,864,1,0.18034795096765208,0.1512307937304701,0.1917808219178082
German Credit,R1_F2,1,2,865,0,0.18570627960851127,0.1554806719124616,0.1917808219178082
German Credit,R1_F2,1,2,866,0,0.7230428361733114,0.6305172184354091,0.7183098591549296
German Credit,R1_F2,1,2,877,0,0.15829553557955936,0.1337314010832997,0.1509433962264151
German Credit,R1_F2,1,2,888,0,0.2954202631924077,0.24305163403588223,0.2608695652173913
German Credit,R1_F2,1,2,898,0,0.14876169602907494,0.12615528675141033,0.1509433962264151
German Credit,R1_F2,1,2,907,0,0.5758874834877247,0.484341458427728,0.39344262295081966
German Credit,R1_F2,1,2,912,0,0.36929700014195266,0.3034400602358276,0.3235294117647059
German Credit,R1_F2,1,2,923,0,0.36569576989294134,0.3004572713493093,0.3235294117647059
German Credit,R1_F2,1,2,930,0,0.5278834263069342,0.4402622194746638,0.39344262295081966
German Credit,R1_F2,1,2,931,1,0.456045916043567,0.3768150996967439,0.3490566037735849
German Credit,R1_F2,1,2,941,0,0.0777669336754988,0.06907245415205047,0.062363208472892964
German Credit,R1_F2,1,2,945,0,0.8935439538028201,0.8321822568786748,0.9
German Credit,R1_F2,1,2,949,1,0.07930330248093094,0.0703298858735129,0.06666666666666667
German Credit,R1_F2,1,2,951,1,0.5490933448506304,0.4595559837523921,0.39344262295081966
German Credit,R1_F2,1,2,953,1,0.4545856853608885,0.37555301614229,0.3490566037735849
German Credit,R1_F2,1,2,962,0,0.1789996103893076,0.15016134304214335,0.1917808219178082
German Credit,R1_F2,1,2,965,0,0.4890648426424633,0.4056350348510088,0.3490566037735849
German Credit,R1_F2,1,2,967,0,0.19835097761278805,0.1655108642818836,0.1917808219178082
German Credit,R1_F2,1,2,970,0,0.21018767673406538,0.17490559548019657,0.1917808219178082
German Credit,R1_F2,1,2,973,1,0.8698478731227555,0.8010791412704699,0.9
German Credit,R1_F2,1,2,975,0,0.49828784888246486,0.4137860639877127,0.3490566037735849
German Credit,R1_F2,1,2,989,0,0.3961334880225482,0.32581455755767535,0.3490566037735849
German Credit,R1_F3,1,3,1,1,0.7351467312280229,0.6322063716735695,0.5590551181102362
German Credit,R1_F3,1,3,4,1,0.8291587921179765,0.7411365297475793,0.8148148148148148
German Credit,R1_F3,1,3,7,0,0.4547321253197856,0.3644270514395905,0.28205128205128205
German Credit,R1_F3,1,3,8,0,0.042931831693128385,0.038245622786771,0.0
German Credit,R1_F3,1,3,14,0,0.7809534792157832,0.6835774347133272,0.7515276378485509
German Credit,R1_F3,1,3,22,0,0.07586182862043113,0.06458735719482069,0.017857142857142856
German Credit,R1_F3,1,3,24,0,0.026171872855589612,0.024304978076963732,0.0
German Credit,R1_F3,1,3,25,0,0.24354810062113397,0.19384927762613485,0.16483516483516483
German Credit,R1_F3,1,3,31,0,0.6374382890375578,0.5311526083151336,0.5590551181102362
German Credit,R1_F3,1,3,32,0,0.41844510833261067,0.33382029500403165,0.28205128205128205
German Credit,R1_F3,1,3,35,1,0.5548357995695777,0.4528049453623222,0.44680851063829785
German Credit,R1_F3,1,3,36,0,0.40206845486360576,0.3202193161215576,0.28205128205128205
German Credit,R1_F3,1,3,37,1,0.4973724596784104,0.4013081060759323,0.44680851063829785
German Credit,R1_F3,1,3,39,0,0.318292797189702,0.2524067397218547,0.24
German Credit,R1_F3,1,3,54,1,0.7850069338453819,0.6882696636956215,0.8148148148148148
German Credit,R1_F3,1,3,56,1,0.2838910672802199,0.22527220331882633,0.21951219512195122
German Credit,R1_F3,1,3,58,0,0.5936753352867264,0.4889479283741333,0.5590551181102362
German Credit,R1_F3,1,3,59,1,0.7908312999784236,0.6950567466422759,0.8148148148148148
German Credit,R1_F3,1,3,65,0,0.1509698337944073,0.12268440406579555,0.16483516483516483
German Credit,R1_F3,1,3,70,0,0.2350330268787814,0.1872614572857724,0.16483516483516483
German Credit,R1_F3,1,3,75,0,0.26828589802603336,0.21307211078111982,0.21951219512195122
German Credit,R1_F3,1,3,85,0,0.07000884284358234,0.05997135842481933,0.017857142857142856
German Credit,R1_F3,1,3,87,1,0.740399541045417,0.6379516566621359,0.5590551181102362
German Credit,R1_F3,1,3,99,0,0.13686944162670003,0.11186647369228106,0.16483516483516483
German Credit,R1_F3,1,3,110,0,0.3986591899176933,0.31740347510900935,0.28205128205128205
German Credit,R1_F3,1,3,113,1,0.5028295270564517,0.4061058218913227,0.44680851063829785
German Credit,R1_F3,1,3,114,0,0.3391136095437151,0.26901160305929744,0.24
German Credit,R1_F3,1,3,119,0,0.379730212664473,0.30186276403144585,0.28205128205128205
German Credit,R1_F3,1,3,129,1,0.35414166301002387,0.28109215944653926,0.28205128205128205
German Credit,R1_F3,1,3,144,0,0.11492651381726393,0.09498117565533701,0.16483516483516483
German Credit,R1_F3,1,3,147,0,0.04448667381125047,0.03951480731033838,0.0
German Credit,R1_F3,1,3,149,0,0.0243378923860883,0.022742390485599954,0.0
German Credit,R1_F3,1,3,150,0,0.14219002367824193,0.11595045900072878,0.16483516483516483
German Credit,R1_F3,1,3,152,0,0.6722301598554754,0.5659642429683434,0.5590551181102362
German Credit,R1_F3,1,3,156,0,0.05445721243936255,0.04758215646855802,0.017857142857142856
German Credit,R1_F3,1,3,165,0,0.07782235359716307,0.06612882212748529,0.017857142857142856
German Credit,R1_F3,1,3,168,0,0.172653035126791,0.13930224481572312,0.16483516483516483
German Credit,R1_F3,1,3,175,1,0.12264067192671989,0.1009268867752094,0.16483516483516483
German Credit,R1_F3,1,3,176,0,0.613625272523003,0.5079815298720568,0.5590551181102362
German Credit,R1_F3,1,3,182,1,0.569321589160356,0.46615005195502984,0.44680851063829785
German Credit,R1_F3,1,3,186,1,0.4429903511725682,0.35444925121015197,0.28205128205128205
German Credit,R1_F3,1,3,195,1,0.22666238632419544,0.18079788443882433,0.16483516483516483
German Credit,R1_F3,1,3,203,1,0.5084754320985894,0.411089123844127,0.44680851063829785
German Credit,R1_F3,1,3,208,0,0.7898779679646193,0.6939421699925176,0.8148148148148148
German Credit,R1_F3,1,3,209,0,0.032101635329821895,0.02929999603188979,0.0
German Credit,R1_F3,1,3,213,1,0.2842477516450254,0.22555179572971196,0.21951219512195122
German Credit,R1_F3,1,3,217,0,0.551984992436947,0.4501967773782832,0.44680851063829785
German Credit,R1_F3,1,3,218,0,0.8215255654229138,0.7317520638017389,0.8148148148148148
German Credit,R1_F3,1,3,220,0,0.530347737774279,0.4305885257755164,0.44680851063829785
German Credit,R1_F3,1,3,222,0,0.4107131711240451,0.3273831841649165,0.28205128205128205
German Credit,R1_F3,1,3,225,0,0.6236172505560887,0.5176424663183706,0.5590551181102362
German Credit,R1_F3,1,3,233,0,0.5454052250092102,0.4441992968842901,0.44680851063829785
German Credit,R1_F3,1,3,234,0,0.011250423020254781,0.011237339987640238,0.0
German Credit,R1_F3,1,3,235,1,0.6490090005819141,0.542599073070984,0.5590551181102362
German Credit,R1_F3,1,3,237,1,0.5765933724499342,0.472908736702448,0.5590551181102362
German Credit,R1_F3,1,3,253,0,0.2149578375652572,0.17177839484472918,0.16483516483516483
German Credit,R1_F3,1,3,255,0,0.2865998657286027,0.2273963944462962,0.21951219512195122
German Credit,R1_F3,1,3,256,0,0.07286314033771359,0.0622251596935893,0.017857142857142856
German Credit,R1_F3,1,3,259,0,0.03353156878595264,0.03049302616687267,0.0
German Credit,R1_F3,1,3,263,0,0.2252010090707149,0.17967063006836378,0.16483516483516483
German Credit,R1_F3,1,3,264,0,0.037767031753015684,0.03400423391313259,0.0
German Credit,R1_F3,1,3,269,0,0.0784660134461553,0.06663441763114221,0.017857142857142856
German Credit,R1_F3,1,3,278,1,0.12663685868594698,0.1040024400473201,0.16483516483516483
German Credit,R1_F3,1,3,280,0,0.04429895233037179,0.03936174998533011,0.0
German Credit,R1_F3,1,3,284,0,0.6256522337672686,0.519620830799979,0.5590551181102362
German Credit,R1_F3,1,3,288,0,0.28695162969725885,0.2276723873581133,0.21951219512195122
German Credit,R1_F3,1,3,292,0,0.3575659534470718,0.2838566800296345,0.28205128205128205
German Credit,R1_F3,1,3,293,0,0.3620506532282561,0.2874841578524966,0.28205128205128205
German Credit,R1_F3,1,3,295,1,0.7696421060313798,0.6706151701908234,0.7142857142857143
German Credit,R1_F3,1,3,299,0,0.10185941361328704,0.08487651684229888,0.09090909090909091
German Credit,R1_F3,1,3,304,1,0.33300782178525185,0.2641267310812701,0.24
German Credit,R1_F3,1,3,316,0,0.49412923818450033,0.3984654311164389,0.44680851063829785
German Credit,R1_F3,1,3,318,0,0.21582944080105246,0.1724493748141981,0.16483516483516483
German Credit,R1_F3,1,3,324,0,0.1602100659199497,0.12976700077395734,0.16483516483516483
German Credit,R1_F3,1,3,330,0,0.23391125664617576,0.18639456533154092,0.16483516483516483
German Credit,R1_F3,1,3,331,1,0.08430702844259537,0.07121231985371501,0.017857142857142856
German Credit,R1_F3,1,3,333,1,0.41134043582796953,0.32790434937647345,0.28205128205128205
German Credit,R1_F3,1,3,342,0,0.5959702171961653,0.49112055098816443,0.5590551181102362
German Credit,R1_F3,1,3,344,0,0.3431187165588683,0.27222306483233627,0.24
German Credit,R1_F3,1,3,347,0,0.5188803336359066,0.42032614052602935,0.44680851063829785
German Credit,R1_F3,1,3,351,1,0.3378658751832546,0.2680122941129878,0.24
German Credit,R1_F3,1,3,362,0,0.49475796188080173,0.39901600390032294,0.44680851063829785
German Credit,R1_F3,1,3,371,0,0.0606275727152819,0.05252218949781713,0.017857142857142856
German Credit,R1_F3,1,3,376,0,0.23211568366247828,0.18500742193152797,0.16483516483516483
German Credit,R1_F3,1,3,384,0,0.2792135794770941,0.22160880775499087,0.21951219512195122
German Credit,R1_F3,1,3,398,1,0.5171739947567878,0.41880652975980875,0.44680851063829785
German Credit,R1_F3,1,3,405,1,0.43173750032286345,0.3449543356552209,0.28205128205128205
German Credit,R1_F3,1,3,407,0,0.3292719136853491,0.26114427664408835,0.24
German Credit,R1_F3,1,3,408,0,0.2347551708978429,0.18704671254854152,0.16483516483516483
German Credit,R1_F3,1,3,422,0,0.24844018908480936,0.19764040155560356,0.16483516483516483
German Credit,R1_F3,1,3,429,1,0.48271672381203595,0.38851285560496207,0.44680851063829785
German Credit,R1_F3,1,3,431,1,0.7208041612238815,0.6166973007688434,0.5590551181102362
German Credit,R1_F3,1,3,433,0,0.274158923615911,0.21765639772858308,0.21951219512195122
German Credit,R1_F3,1,3,437,0,0.052437125831400276,0.04595676892892732,0.017857142857142856
German Credit,R1_F3,1,3,439,1,0.4659958651052449,0.3740685868919669,0.44680851063829785
German Credit,R1_F3,1,3,440,0,0.18892248045955182,0.1517755642673061,0.16483516483516483
German Credit,R1_F3,1,3,444,1,0.5839362017992018,0.47977498140808555,0.5590551181102362
German Credit,R1_F3,1,3,452,0,0.2445464550742472,0.19462256784079388,0.16483516483516483
German Credit,R1_F3,1,3,453,0,0.06938047451105932,0.05947445116664898,0.017857142857142856
German Credit,R1_F3,1,3,458,0,0.42633841150854845,0.3404214296621707,0.28205128205128205
German Credit,R1_F3,1,3,465,0,0.35597349601041506,0.28257048720541,0.28205128205128205
German Credit,R1_F3,1,3,466,1,0.7129293155406282,0.6082893452291346,0.5590551181102362
German Credit,R1_F3,1,3,472,1,0.694244754460884,0.5886303210727627,0.5590551181102362
German Credit,R1_F3,1,3,473,0,0.02815854134969756,0.025987677527990197,0.0
German Credit,R1_F3,1,3,475,1,0.6206225709098897,0.5147378011117755,0.5590551181102362
German Credit,R1_F3,1,3,479,0,0.24230219965448072,0.19288451760021502,0.16483516483516483
German Credit,R1_F3,1,3,489,0,0.21782128829029454,0.1739831331285158,0.16483516483516483
German Credit,R1_F3,1,3,493,0,0.1199627341025617,0.09886424668730474,0.16483516483516483
German Credit,R1_F3,1,3,500,1,0.7551230256552937,0.6542499699201559,0.5590551181102362
German Credit,R1_F3,1,3,502,0,0.17929713415526163,0.14439467161151892,0.16483516483516483
German Credit,R1_F3,1,3,505,1,0.1358128667186216,0.11105510380217035,0.16483516483516483
German Credit,R1_F3,1,3,517,1,0.22720832606544808,0.1812190898843343,0.16483516483516483
German Credit,R1_F3,1,3,524,0,0.5640764968036861,0.46129997279443213,0.44680851063829785
German Credit,R1_F3,1,3,528,1,0.8399476850087161,0.7545908194776144,0.8148148148148148
German Credit,R1_F3,1,3,546,0,0.16544844322706379,0.13378125055058776,0.16483516483516483
German Credit,R1_F3,1,3,560,0,0.42542623504527394,0.33965702316972135,0.28205128205128205
German Credit,R1_F3,1,3,571,0,0.06074172848677536,0.052613257091021125,0.017857142857142856
German Credit,R1_F3,1,3,589,1,0.15782167702785807,0.12793658935124166,0.16483516483516483
German Credit,R1_F3,1,3,604,0,0.46316936254003016,0.3716425852219062,0.28205128205128205
German Credit,R1_F3,1,3,609,0,0.16003047120136968,0.12962936769105243,0.16483516483516483
German Credit,R1_F3,1,3,639,1,0.7005300186297441,0.5951988157093713,0.5590551181102362
German Credit,R1_F3,1,3,641,0,0.6891639377339983,0.5833527045417187,0.5590551181102362
German Credit,R1_F3,1,3,642,1,0.15223781589409632,0.12365651330577526,0.16483516483516483
German Credit,R1_F3,1,3,648,1,0.7317657611206347,0.6285271700626178,0.5590551181102362
German Credit,R1_F3,1,3,653,1,0.3758847451061502,0.298724391539927,0.28205128205128205
German Credit,R1_F3,1,3,655,0,0.5628039905055616,0.46012640611466843,0.44680851063829785
German Credit,R1_F3,1,3,657,0,0.2184768881091441,0.1744880773933872,0.16483516483516483
German Credit,R1_F3,1,3,662,0,0.11351450539324666,0.09389145534382151,0.16483516483516483
German Credit,R1_F3,1,3,664,0,0.14719515397774197,0.11978996706627729,0.16483516483516483
German Credit,R1_F3,1,3,668,1,0.43198347517114355,0.3451611953777823,0.28205128205128205
German Credit,R1_F3,1,3,671,0,0.1845968522274856,0.14845795366580164,0.16483516483516483
German Credit,R1_F3,1,3,682,0,0.4037617128574493,0.3216198054332245,0.28205128205128205
German Credit,R1_F3,1,3,686,0,0.09416956629923605,0.07890518908637381,0.09090909090909091
German Credit,R1_F3,1,3,687,0,0.7144066024377058,0.6098609814595412,0.5590551181102362
German Credit,R1_F3,1,3,693,0,0.1116641864567704,0.09246273844834571,0.16483516483516483
German Credit,R1_F3,1,3,696,0,0.18392069210954606,0.14793946340758918,0.16483516483516483
German Credit,R1_F3,1,3,699,0,0.4049368361325268,0.32259251837546854,0.28205128205128205
German Credit,R1_F3,1,3,702,0,0.4712154824832126,0.37856038061694786,0.44680851063829785
German Credit,R1_F3,1,3,704,0,0.5785240278170991,0.47471000349049136,0.5590551181102362
German Credit,R1_F3,1,3,705,0,0.29141960803266825,0.23118091392796075,0.21951219512195122
German Credit,R1_F3,1,3,710,0,0.3608649304605707,0.2865243150775476,0.28205128205128205
German Credit,R1_F3,1,3,711,1,0.7704568715675325,0.6715424996109506,0.7142857142857143
German Credit,R1_F3,1,3,712,0,0.01506304250805602,0.014669233970720189,0.0
German Credit,R1_F3,1,3,722,1,0.749692036343208,0.6482041123294364,0.5590551181102362
German Credit,R1_F3,1,3,727,1,0.7209863740689374,0.6168927349492007,0.5590551181102362
German Credit,R1_F3,1,3,728,1,0.840966943748129,0.7558737877458789,0.8148148148148148
German Credit,R1_F3,1,3,734,0,0.03847235275110725,0.03458591285324508,0.0
German Credit,R1_F3,1,3,745,0,0.34904683667537767,0.2769872201534205,0.28205128205128205
German Credit,R1_F3,1,3,753,0,0.145346107257774,0.11837176574473789,0.16483516483516483
German Credit,R1_F3,1,3,760,0,0.0723290886465554,0.061803871170606976,0.017857142857142856
German Credit,R1_F3,1,3,763,1,0.17539837145514003,0.14140626603207018,0.16483516483516483
German Credit,R1_F3,1,3,764,0,0.10624328458337969,0.08827186495079806,0.12317288131575346
German Credit,R1_F3,1,3,765,0,0.4466345893757748,0.3575382051556851,0.28205128205128205
German Credit,R1_F3,1,3,766,1,0.6252328761444305,0.5192128383141387,0.5590551181102362
German Credit,R1_F3,1,3,778,0,0.02486729600396707,0.02319440803311325,0.0
German Credit,R1_F3,1,3,782,0,0.4018274112315566,0.32002005589750643,0.28205128205128205
German Credit,R1_F3,1,3,789,1,0.7717224807584929,0.6729848899720275,0.7142857142857143
German Credit,R1_F3,1,3,798,0,0.21088274863451836,0.16864261996375715,0.16483516483516483
German Credit,R1_F3,1,3,802,0,0.40126633918168864,0.3195563445346282,0.28205128205128205
German Credit,R1_F3,1,3,806,0,0.10751081506198572,0.0892525100399504,0.16483516483516483
German Credit,R1_F3,1,3,809,1,0.7248454431599104,0.6210413604211762,0.5590551181102362
German Credit,R1_F3,1,3,810,0,0.30299365693184505,0.24029597136207131,0.21951219512195122
German Credit,R1_F3,1,3,817,0,0.03748631316041126,0.03377249502890996,0.0
German Credit,R1_F3,1,3,824,0,0.19567178109456643,0.15695469850803087,0.16483516483516483
German Credit,R1_F3,1,3,828,1,0.5472647816426744,0.44589116237394877,0.44680851063829785
German Credit,R1_F3,1,3,829,0,0.47071444415622593,0.3781285394896112,0.44680851063829785
German Credit,R1_F3,1,3,830,0,0.3657037205247941,0.29044480331174427,0.28205128205128205
German Credit,R1_F3,1,3,832,1,0.8427079553168845,0.7580701109456742,0.8148148148148148
German Credit,R1_F3,1,3,835,1,0.8520058771145788,0.769905834891986,0.8148148148148148
German Credit,R1_F3,1,3,842,1,0.333246305517037,0.26431728172843616,0.24
German Credit,R1_F3,1,3,847,0,0.3231534259422031,0.2562700333762639,0.24
German Credit,R1_F3,1,3,849,1,0.4918712976553448,0.3964901337602109,0.44680851063829785
German Credit,R1_F3,1,3,867,0,0.17226534950560415,0.13900513760739203,0.16483516483516483
German Credit,R1_F3,1,3,868,0,0.2200398932296249,0.1756921534793415,0.16483516483516483
German Credit,R1_F3,1,3,881,0,0.1463375357006346,0.11913221293148929,0.16483516483516483
German Credit,R1_F3,1,3,883,0,0.07736085302026077,0.06576616774898815,0.017857142857142856
German Credit,R1_F3,1,3,892,0,0.42944156362761127,0.34302496377189023,0.28205128205128205
German Credit,R1_F3,1,3,893,0,0.24525920232212664,0.19517475615481386,0.16483516483516483
German Credit,R1_F3,1,3,895,0,0.0855813278353557,0.07220874922128824,0.017857142857142856
German Credit,R1_F3,1,3,899,1,0.6235676027850388,0.5175942460179427,0.5590551181102362
German Credit,R1_F3,1,3,909,0,0.24393911267249804,0.19415211865207269,0.16483516483516483
German Credit,R1_F3,1,3,910,0,0.4264612758634027,0.3405244217155179,0.28205128205128205
German Credit,R1_F3,1,3,918,1,0.5511952665390593,0.44947530446603595,0.44680851063829785
German Credit,R1_F3,1,3,919,1,0.6088969142050064,0.5034400332683722,0.5590551181102362
German Credit,R1_F3,1,3,928,0,0.05889995507251337,0.051142592970301326,0.017857142857142856
German Credit,R1_F3,1,3,929,0,0.6755731102515504,0.5693729240300972,0.5590551181102362
German Credit,R1_F3,1,3,932,0,0.08059025129319299,0.0683013764676149,0.017857142857142856
German Credit,R1_F3,1,3,938,1,0.8724515930625935,0.7966000568342744,0.8571428571428571
German Credit,R1_F3,1,3,948,1,0.1338710096401549,0.10956355449037772,0.16483516483516483
German Credit,R1_F3,1,3,956,0,0.16374756706050844,0.13247787236251785,0.16483516483516483
German Credit,R1_F3,1,3,957,0,0.11647405340822091,0.09617496231370366,0.16483516483516483
German Credit,R1_F3,1,3,961,0,0.665577134198634,0.5592146932092148,0.5590551181102362
German Credit,R1_F3,1,3,966,1,0.2719206286751608,0.21590825866540606,0.21951219512195122
German Credit,R1_F3,1,3,971,0,0.33544145449741913,0.26607215873766127,0.24
German Credit,R1_F3,1,3,974,0,0.1127001653265663,0.09326276968129664,0.16483516483516483
German Credit,R1_F3,1,3,983,1,0.400408251431389,0.31884743389319775,0.28205128205128205
German Credit,R1_F3,1,3,984,0,0.05719286806585249,0.04977674675414531,0.017857142857142856
German Credit,R1_F3,1,3,987,0,0.07346222945930762,0.06269753591648902,0.017857142857142856
German Credit,R1_F3,1,3,992,0,0.4895702207406663,0.39448026893923455,0.44680851063829785
German Credit,R1_F3,1,3,997,0,0.2179513651142538,0.17408331374751038,0.16483516483516483
German Credit,R1_F4,1,4,9,1,0.7924768904256535,0.7055763294723022,0.8
German Credit,R1_F4,1,4,11,1,0.870956714911341,0.8037338181569162,0.8157894736842105
German Credit,R1_F4,1,4,23,0,0.13283857853858227,0.10418275799233,0.1
German Credit,R1_F4,1,4,29,1,0.8232893178027917,0.742899309717388,0.8157894736842105
German Credit,R1_F4,1,4,46,0,0.07187207528866851,0.05768256436093059,0.0625
German Credit,R1_F4,1,4,48,0,0.1569417855011095,0.12258208318142622,0.12162162162162163
German Credit,R1_F4,1,4,55,0,0.22614578610747438,0.175962206964944,0.17333333333333334
German Credit,R1_F4,1,4,61,0,0.027120546848889357,0.022874820261547735,0.0
German Credit,R1_F4,1,4,62,1,0.7822858353470007,0.6935389465297647,0.8
German Credit,R1_F4,1,4,64,0,0.2730227022140986,0.21283211063644358,0.2543352601156069
German Credit,R1_F4,1,4,67,0,0.30593603026504007,0.23916394320289172,0.2543352601156069
German Credit,R1_F4,1,4,69,0,0.239407641300264,0.1863245929780006,0.17333333333333334
German Credit,R1_F4,1,4,90,0,0.024127785385645802,0.020482853016043252,0.0
German Credit,R1_F4,1,4,100,0,0.30769131277493816,0.2405796720933158,0.2543352601156069
German Credit,R1_F4,1,4,105,1,0.3950496525544702,0.3127081096028164,0.2543352601156069
German Credit,R1_F4,1,4,106,1,0.45282402944830524,0.36247309642753645,0.2543352601156069
German Credit,R1_F4,1,4,109,0,0.18182777301601047,0.14166325871286473,0.12162162162162163
German Credit,R1_F4,1,4,111,0,0.4258392774363879,0.33900346617458565,0.2543352601156069
German Credit,R1_F4,1,4,112,0,0.48965986960663477,0.39520062331843653,0.5208333333333334
German Credit,R1_F4,1,4,116,1,0.5222320321685398,0.4248564069462738,0.5208333333333334
German Credit,R1_F4,1,4,117,0,0.3035679057360794,0.23725582621139044,0.2543352601156069
German Credit,R1_F4,1,4,127,1,0.33275396881641917,0.26092919011734056,0.2543352601156069
German Credit,R1_F4,1,4,133,0,0.42155279464281636,0.3353125844824733,0.2543352601156069
German Credit,R1_F4,1,4,135,0,0.030443457950156644,0.025515477720348526,0.0
German Credit,R1_F4,1,4,136,0,0.08511748425512301,0.06781580465437784,0.0625
German Credit,R1_F4,1,4,140,0,0.09263741130160046,0.0735549045784922,0.0625
German Credit,R1_F4,1,4,141,0,0.7716825707110564,0.6811669383535437,0.7909969482592696
German Credit,R1_F4,1,4,153,0,0.38522751597611943,0.30442213036968685,0.2543352601156069
German Credit,R1_F4,1,4,154,0,0.2179507343935975,0.1695833672021053,0.17333333333333334
German Credit,R1_F4,1,4,155,1,0.6232253822797374,0.521705296151514,0.5208333333333334
German Credit,R1_F4,1,4,169,1,0.41934908661078496,0.333418943193946,0.2543352601156069
German Credit,R1_F4,1,4,173,0,0.03124378814647813,0.026149351574115003,0.0
German Credit,R1_F4,1,4,179,0,0.43149672625280777,0.3438901733575496,0.2543352601156069
German Credit,R1_F4,1,4,181,1,0.6422643009287622,0.540900433621355,0.5208333333333334
German Credit,R1_F4,1,4,183,0,0.017908193002203726,0.015460236055200515,0.0
German Credit,R1_F4,1,4,185,0,0.06511848598358659,0.052498470422237764,0.0625
German Credit,R1_F4,1,4,188,1,0.5154023009324469,0.4185796811659198,0.5208333333333334
German Credit,R1_F4,1,4,193,0,0.06593412439174828,0.0531253371031187,0.0625
German Credit,R1_F4,1,4,196,0,0.06475355747966048,0.05221792603644713,0.0625
German Credit,R1_F4,1,4,205,0,0.4383811724332077,0.3498606100209804,0.2543352601156069
German Credit,R1_F4,1,4,206,0,0.02248224869815671,0.019161361702977824,0.0
German Credit,R1_F4,1,4,207,0,0.13578328171357745,0.10642759633855059,0.12162162162162163
German Credit,R1_F4,1,4,219,0,0.16675232545728372,0.1300919351276049,0.12162162162162163
German Credit,R1_F4,1,4,227,1,0.6558886224971983,0.5548400464344526,0.5208333333333334
German Credit,R1_F4,1,4,228,1,0.054405724200945936,0.04424073614809212,0.03571428571428571
German Credit,R1_F4,1,4,230,1,0.2621536600522611,0.2042210881041777,0.17333333333333334
German Credit,R1_F4,1,4,238,0,0.08336842754284579,0.06647974075018104,0.0625
German Credit,R1_F4,1,4,252,1,0.7407906374078554,0.6459578753911801,0.5208333333333334
German Credit,R1_F4,1,4,258,0,0.14105048628085104,0.11044470211134517,0.12162162162162163
German Credit,R1_F4,1,4,265,1,0.2877000909298752,0.22452541220563565,0.2543352601156069
German Credit,R1_F4,1,4,272,0,0.700519543668133,0.6017758998276056,0.5208333333333334
German Credit,R1_F4,1,4,274,1,0.8331782632506964,0.7551931124798387,0.8157894736842105
German Credit,R1_F4,1,4,282,0,0.16758462106397168,0.1307297368367659,0.12162162162162163
German Credit,R1_F4,1,4,289,1,0.6390383078742347,0.5376249773571742,0.5208333333333334
German Credit,R1_F4,1,4,294,0,0.38637521253296364,0.30538785868207663,0.2543352601156069
German Credit,R1_F4,1,4,308,1,0.313605837554443,0.24535898510121618,0.2543352601156069
German Credit,R1_F4,1,4,309,0,0.4740199568257553,0.381203949022864,0.5208333333333334
German Credit,R1_F4,1,4,317,0,0.6026991351665462,0.5013657544038781,0.5208333333333334
German Credit,R1_F4,1,4,322,0,0.3556179725027624,0.27972556095247836,0.2543352601156069
German Credit,R1_F4,1,4,336,0,0.3950292158652384,0.31269081905882085,0.2543352601156069
German Credit,R1_F4,1,4,348,0,0.03817277424322512,0.031607632188158166,0.01095142892729126
German Credit,R1_F4,1,4,349,1,0.18721191678431537,0.14580632359739312,0.12162925028861418
German Credit,R1_F4,1,4,350,0,0.23275235799165847,0.1811180682101209,0.17333333333333334
German Credit,R1_F4,1,4,355,1,0.6748815130375801,0.5745686447963325,0.5208333333333334
German Credit,R1_F4,1,4,357,1,0.1858571621512256,0.14476329628026915,0.12162162162162163
German Credit,R1_F4,1,4,361,0,0.08898731430786422,0.07077016498381991,0.0625
German Credit,R1_F4,1,4,367,0,0.5924521135804123,0.49134424813795136,0.5208333333333334
German Credit,R1_F4,1,4,372,0,0.20993423484720072,0.16336058180541368,0.17333333333333334
German Credit,R1_F4,1,4,378,1,0.8789792415697795,0.814392417414671,0.8157894736842105
German Credit,R1_F4,1,4,379,0,0.07278487952902517,0.05838220122439185,0.0625
German Credit,R1_F4,1,4,389,0,0.10046685654798615,0.07952350030477467,0.0625
German Credit,R1_F4,1,4,390,0,0.3870506066481094,0.3059564720322488,0.2543352601156069
German Credit,R1_F4,1,4,392,0,0.7733692628769618,0.6831248284417877,0.8
German Credit,R1_F4,1,4,393,0,0.18377250293857342,0.14315904440455532,0.12162162162162163
German Credit,R1_F4,1,4,394,0,0.08628523725428165,0.0687075447699009,0.0625
German Credit,R1_F4,1,4,397,0,0.5008246886278743,0.40528716719002844,0.5208333333333334
German Credit,R1_F4,1,4,401,0,0.4372027581829076,0.3488367693551546,0.2543352601156069
German Credit,R1_F4,1,4,402,1,0.319550255271628,0.250176544558502,0.2543352601156069
German Credit,R1_F4,1,4,409,1,0.18602756928895325,0.14489447225435165,0.12162162162162163
German Credit,R1_F4,1,4,412,1,0.07364707964695437,0.059042847284336224,0.0625
German Credit,R1_F4,1,4,414,1,0.8294623061034936,0.7505546189441644,0.8157894736842105
German Credit,R1_F4,1,4,420,0,0.12668042077133015,0.09949003737998875,0.1
German Credit,R1_F4,1,4,423,0,0.035517854964059424,0.029522068226303814,0.0
German Credit,R1_F4,1,4,428,0,0.14818784361770268,0.11589238661934191,0.12162162162162163
German Credit,R1_F4,1,4,443,1,0.1901650411606471,0.14808126000190608,0.125
German Credit,R1_F4,1,4,469,0,0.0337950274968833,0.028164962527863307,0.0
German Credit,R1_F4,1,4,470,1,0.5420529499616923,0.44325556304906594,0.5208333333333334
German Credit,R1_F4,1,4,478,0,0.13165131370134756,0.10327784337770274,0.1
German Credit,R1_F4,1,4,498,0,0.20048802197295382,0.15604845198495296,0.17315363751910515
German Credit,R1_F4,1,4,499,0,0.1621326864421435,0.1265538425878849,0.12162162162162163
German Credit,R1_F4,1,4,510,1,0.5717305191743217,0.4713368862944018,0.5208333333333334
German Credit,R1_F4,1,4,527,0,0.005478635811597319,0.005066596340569485,0.0
German Credit,R1_F4,1,4,533,0,0.08024462119474772,0.06409217386172453,0.0625
German Credit,R1_F4,1,4,535,1,0.46217563469380835,0.3707040719943329,0.2543352601156069
German Credit,R1_F4,1,4,537,0,0.3093671094018662,0.24193241840879615,0.2543352601156069
German Credit,R1_F4,1,4,539,0,0.38983433408749585,0.30830247154534407,0.2543352601156069
German Credit,R1_F4,1,4,541,0,0.27328814013248537,0.21304290780815452,0.2543352601156069
German Credit,R1_F4,1,4,543,1,0.21554274154413186,0.16771243520926124,0.17333333333333334
German Credit,R1_F4,1,4,548,1,0.6487136078286228,0.54747736559314,0.5208333333333334
German Credit,R1_F4,1,4,551,0,0.11210239120520225,0.08838670814431915,0.08333333333333333
German Credit,R1_F4,1,4,570,1,0.7273591363571056,0.6310155864455222,0.5208333333333334
German Credit,R1_F4,1,4,572,0,0.2883326357860854,0.2250310926885891,0.2543352601156069
German Credit,R1_F4,1,4,574,0,0.22698090188646766,0.17661326802413302,0.17333333333333334
German Credit,R1_F4,1,4,576,0,0.2293711077795594,0.17847775899034368,0.17333333333333334
German Credit,R1_F4,1,4,580,1,0.3962556079016151,0.3137287864721064,0.2543352601156069
German Credit,R1_F4,1,4,582,0,0.32041425232661286,0.2508779493500455,0.2543352601156069
German Credit,R1_F4,1,4,587,0,0.2524434093295011,0.19656117769290643,0.17333333333333334
German Credit,R1_F4,1,4,588,1,0.4866032795822452,0.39245313542266025,0.5208333333333334
German Credit,R1_F4,1,4,598,1,0.1901596983905206,0.14807714254508986,0.125
German Credit,R1_F4,1,4,599,0,0.23088349097762897,0.17965832908709206,0.17333333333333334
German Credit,R1_F4,1,4,600,0,0.12760033915141436,0.10019091044295786,0.1
German Credit,R1_F4,1,4,607,1,0.681312152995062,0.5813292704557292,0.5208333333333334
German Credit,R1_F4,1,4,613,0,0.5185398928197085,0.42145927872858485,0.5208333333333334
German Credit,R1_F4,1,4,614,1,0.14228089910354194,0.11138345644879233,0.12162162162162163
German Credit,R1_F4,1,4,617,0,0.2556349227875819,0.19907544060512916,0.17333333333333334
German Credit,R1_F4,1,4,625,0,0.044267147826334875,0.036371900877595134,0.03571428571428571
German Credit,R1_F4,1,4,631,1,0.7304185389308389,0.6344004077513618,0.5208333333333334
German Credit,R1_F4,1,4,632,0,0.44457086008012087,0.3552512640953761,0.2543352601156069
German Credit,R1_F4,1,4,634,1,0.7685868906224299,0.6775833637414372,0.7857142857142857
German Credit,R1_F4,1,4,635,0,0.17426781944268857,0.13585542893990563,0.12162162162162163
German Credit,R1_F4,1,4,646,0,0.6856714401568219,0.5859361502056377,0.5208333333333334
German Credit,R1_F4,1,4,649,1,0.6086515701498828,0.5072271628706568,0.5208333333333334
German Credit,R1_F4,1,4,651,1,0.34796492895331443,0.2734083836865107,0.2543352601156069
German Credit,R1_F4,1,4,652,1,0.597858215157211,0.4966206190866387,0.5208333333333334
German Credit,R1_F4,1,4,656,1,0.5993465564101074,0.4980774494458608,0.5208333333333334
German Credit,R1_F4,1,4,658,0,0.8232455608724747,0.7428452661267777,0.8157894736842105
German Credit,R1_F4,1,4,666,0,0.3755532233458873,0.29630725460015694,0.2543352601156069
German Credit,R1_F4,1,4,674,1,0.10655357287279792,0.08416059345421313,0.08333333333333333
German Credit,R1_F4,1,4,676,0,0.07840719455384534,0.06268690739951101,0.0625
German Credit,R1_F4,1,4,679,0,0.2667712064030486,0.207874476463196,0.2543352601156069
German Credit,R1_F4,1,4,683,0,0.20783219506338738,0.1617315637655054,0.17333333333333334
German Credit,R1_F4,1,4,689,0,0.4175716878437367,0.3318935273316893,0.2543352601156069
German Credit,R1_F4,1,4,694,0,0.04691220593477289,0.03843096338728627,0.03571428571428571
German Credit,R1_F4,1,4,701,1,0.396818596637413,0.3142055315741179,0.2543352601156069
German Credit,R1_F4,1,4,709,0,0.1993879474657204,0.15519828166841834,0.125
German Credit,R1_F4,1,4,717,0,0.1504470838986575,0.11761796001922627,0.12162162162162163
German Credit,R1_F4,1,4,718,0,0.07098111775639958,0.05699945074257691,0.0625
German Credit,R1_F4,1,4,719,0,0.4133437560583206,0.3282717591440011,0.2543352601156069
German Credit,R1_F4,1,4,720,1,0.29053557772366073,0.2267933551211113,0.2543352601156069
German Credit,R1_F4,1,4,721,1,0.5543182607030037,0.45478177272868997,0.5208333333333334
German Credit,R1_F4,1,4,723,0,0.39291884225599033,0.31090646109052533,0.2543352601156069
German Credit,R1_F4,1,4,736,1,0.774285547610437,0.6841900366759743,0.8
German Credit,R1_F4,1,4,744,0,0.41151315701689234,0.3267065519848559,0.2543352601156069
German Credit,R1_F4,1,4,754,1,0.0649641458772145,0.05237982482734189,0.0625
German Credit,R1_F4,1,4,757,1,0.06954380463003658,0.0558969562999148,0.0625
German Credit,R1_F4,1,4,758,0,0.16580967648074735,0.12936970392303612,0.12162162162162163
German Credit,R1_F4,1,4,761,1,0.591730629618497,0.4906418781507971,0.5208333333333334
German Credit,R1_F4,1,4,762,0,0.5964712282500605,0.4952646368098964,0.5208333333333334
German Credit,R1_F4,1,4,770,0,0.48635116419578023,0.39222677934359534,0.5208333333333334
German Credit,R1_F4,1,4,771,1,0.8273335880438274,0.747907707671061,0.8157894736842105
German Credit,R1_F4,1,4,774,0,0.2435141390162897,0.18954369716704822,0.17333333333333334
German Credit,R1_F4,1,4,776,0,0.07562056658314648,0.06055428453612007,0.0625
German Credit,R1_F4,1,4,779,0,0.5299708973544589,0.4320073710075955,0.5208333333333334
German Credit,R1_F4,1,4,780,1,0.2296316392189839,0.1786810844596453,0.17333333333333334
German Credit,R1_F4,1,4,783,1,0.8332653112505253,0.7553020473742266,0.8157894736842105
German Credit,R1_F4,1,4,784,0,0.4298086396666588,0.342430221854013,0.2543352601156069
German Credit,R1_F4,1,4,788,1,0.7424421310423625,0.6478099934514544,0.5208333333333334
German Credit,R1_F4,1,4,793,0,0.41235044931339343,0.3274222382076411,0.2543352601156069
German Credit,R1_F4,1,4,795,0,0.4356033675595988,0.3474484170742544,0.2543352601156069
German Credit,R1_F4,1,4,803,0,0.027284232536772077,0.02300525354579992,0.0
German Credit,R1_F4,1,4,804,0,0.6962217739462925,0.5971671922929738,0.5208333333333334
German Credit,R1_F4,1,4,814,1,0.7887304139207255,0.7011340944320846,0.8
German Credit,R1_F4,1,4,815,0,0.8053531711955079,0.7209988075833647,0.8157894736842105
German Credit,R1_F4,1,4,825,0,0.5670114265577925,0.4668273854948443,0.5208333333333334
German Credit,R1_F4,1,4,827,1,0.4030399538305696,0.3194845932089241,0.2543352601156069
German Credit,R1_F4,1,4,833,0,0.5116322174501856,0.41512838941600877,0.5208333333333334
German Credit,R1_F4,1,4,852,0,0.05306917296421656,0.043206805204366594,0.03571428571428571
German Credit,R1_F4,1,4,853,1,0.8226894144594971,0.7421586454499266,0.8157894736842105
German Credit,R1_F4,1,4,857,0,0.09371458060287086,0.07437640194787049,0.0625
German Credit,R1_F4,1,4,858,1,0.6814402206296751,0.5814643349513328,0.5208333333333334
German Credit,R1_F4,1,4,859,0,0.1530630626166732,0.11961678334269482,0.12162162162162163
German Credit,R1_F4,1,4,862,1,0.5794611114449931,0.4787613670461732,0.5208333333333334
German Credit,R1_F4,1,4,871,0,0.041676329585066,0.03435017317999051,0.03571428571428571
German Credit,R1_F4,1,4,873,0,0.2076291641959793,0.16157427858172366,0.17333333333333334
German Credit,R1_F4,1,4,874,0,0.479848814705059,0.38640257318210325,0.5208333333333334
German Credit,R1_F4,1,4,894,0,0.059047627355170156,0.0478248613498117,0.03571428571428571
German Credit,R1_F4,1,4,896,0,0.8137837252810703,0.7312305351489262,0.8157894736842105
German Credit,R1_F4,1,4,900,1,0.46168487901456395,0.37027084045927866,0.2543352601156069
German Credit,R1_F4,1,4,902,0,0.1248474778807065,0.09809366158628098,0.1
German Credit,R1_F4,1,4,906,0,0.2694035390897127,0.20996037533144155,0.2543352601156069
German Credit,R1_F4,1,4,913,0,0.09013750439639621,0.07164785012054942,0.0625
German Credit,R1_F4,1,4,916,0,0.07009928990332513,0.056323114344452585,0.0625
German Credit,R1_F4,1,4,920,0,0.2793642486763779,0.21787495765747653,0.2543352601156069
German Credit,R1_F4,1,4,925,1,0.7259680778286809,0.629480161255755,0.5208333333333334
German Credit,R1_F4,1,4,934,0,0.6823108339999079,0.5823829565160822,0.5208333333333334
German Credit,R1_F4,1,4,939,0,0.042720586081197255,0.035165663656536686,0.03571428571428571
German Credit,R1_F4,1,4,940,0,0.14338715429002744,0.11222761092235467,0.12162162162162163
German Credit,R1_F4,1,4,943,0,0.01762699485191809,0.015231184559433309,0.0
German Credit,R1_F4,1,4,944,0,0.48954730473832636,0.39509933668409375,0.5208333333333334
German Credit,R1_F4,1,4,946,1,0.5448929517992467,0.44591468677715207,0.5208333333333334
German Credit,R1_F4,1,4,947,0,0.14257149337755487,0.1116051895075915,0.12162162162162163
German Credit,R1_F4,1,4,954,0,0.49304828921986116,0.3982533260127102,0.5208333333333334
German Credit,R1_F4,1,4,960,0,0.06058142072716644,0.049007020259592325,0.03571428571428571
German Credit,R1_F4,1,4,963,1,0.05324444640801495,0.0433424464006181,0.03571428571428571
German Credit,R1_F4,1,4,968,0,0.2784248870644177,0.21712707950522006,0.2543352601156069
German Credit,R1_F4,1,4,980,1,0.21676322983394136,0.1686605259372789,0.17333333333333334
German Credit,R1_F4,1,4,986,0,0.7415431327693284,0.6468013748626248,0.5208333333333334
German Credit,R1_F4,1,4,988,0,0.5090119085817282,0.41273525874648187,0.5208333333333334
German Credit,R1_F4,1,4,994,0,0.06687541867115106,0.05384849650473149,0.0625
German Credit,R1_F4,1,4,995,0,0.08563862673673928,0.06821379536332121,0.0625
German Credit,R1_F5,1,5,10,1,0.8228559860775747,0.744248506562305,0.8333333333333334
German Credit,R1_F5,1,5,19,0,0.16985576807602074,0.12906901806317536,0.13008130081300814
German Credit,R1_F5,1,5,26,0,0.1824946897087586,0.13869759898689013,0.13008130081300814
German Credit,R1_F5,1,5,27,0,0.2621133021687359,0.20049386601117916,0.1935483870967742
German Credit,R1_F5,1,5,28,0,0.07792832044874866,0.05995598107080351,0.06593406593406594
German Credit,R1_F5,1,5,34,0,0.46936760954918516,0.3744269797945312,0.36036036036036034
German Credit,R1_F5,1,5,43,0,0.26176888812041116,0.20022170556232494,0.1935483870967742
German Credit,R1_F5,1,5,44,1,0.7210934598140376,0.624681597743206,0.6470588235294118
German Credit,R1_F5,1,5,45,0,0.15771720294000133,0.11985982618105945,0.13008130081300814
German Credit,R1_F5,1,5,49,0,0.267915778653445,0.20508605067271282,0.1935483870967742
German Credit,R1_F5,1,5,52,0,0.16389491963184574,0.12454222513075106,0.13008130081300814
German Credit,R1_F5,1,5,63,1,0.8179940192110579,0.7382126741216885,0.8333333333333334
German Credit,R1_F5,1,5,74,1,0.6514589555933189,0.5498608169421273,0.6470588235294118
German Credit,R1_F5,1,5,77,0,0.29157415757564537,0.2239506139987044,0.28
German Credit,R1_F5,1,5,81,0,0.18423695013892816,0.1400282715431441,0.13008130081300814
German Credit,R1_F5,1,5,84,0,0.28272188113316016,0.21686500100258674,0.28
German Credit,R1_F5,1,5,93,0,0.3586588478517326,0.2787895729245846,0.30392156862745096
German Credit,R1_F5,1,5,95,1,0.9131530731912701,0.8637919469957749,1.0
German Credit,R1_F5,1,5,96,0,0.07116954389290309,0.05489939914530578,0.06593406593406594
German Credit,R1_F5,1,5,102,0,0.10829809887381252,0.08267274307442159,0.1111111111111111
German Credit,R1_F5,1,5,103,0,0.24380964034880157,0.18609286083250018,0.13636363636363635
German Credit,R1_F5,1,5,108,0,0.3293567331208278,0.254577916190214,0.30392156862745096
German Credit,R1_F5,1,5,128,0,0.20022785649361272,0.152282246661016,0.13008130081300814
German Credit,R1_F5,1,5,131,1,0.8391359969594697,0.7647273681789571,0.8333333333333334
German Credit,R1_F5,1,5,137,1,0.16288581811317984,0.12377675660050698,0.13008130081300814
German Credit,R1_F5,1,5,138,0,0.12940066486157098,0.09850181205847558,0.1111111111111111
German Credit,R1_F5,1,5,142,0,0.7100731825723617,0.6124995021639736,0.6470588235294118
German Credit,R1_F5,1,5,143,1,0.5606127956405936,0.4591015634222313,0.36036036036036034
German Credit,R1_F5,1,5,148,0,0.5200923473762226,0.42077028521848864,0.36036036036036034
German Credit,R1_F5,1,5,159,0,0.006345191883112679,0.005404178860200644,0.0
German Credit,R1_F5,1,5,163,0,0.6498023665564067,0.5481402114028726,0.6470588235294118
German Credit,R1_F5,1,5,166,1,0.851111376838129,0.7800662453491811,0.8333333333333334
German Credit,R1_F5,1,5,172,1,0.6162968202346937,0.5138847634143829,0.42592592592592593
German Credit,R1_F5,1,5,180,1,0.5507946764101025,0.44970078988209466,0.36036036036036034
German Credit,R1_F5,1,5,187,0,0.43027838719330047,0.33985047931648393,0.36036036036036034
German Credit,R1_F5,1,5,189,0,0.6733771621934359,0.5728757801603641,0.6470588235294118
German Credit,R1_F5,1,5,199,1,0.619581698587672,0.5171983523567872,0.42592592592592593
German Credit,R1_F5,1,5,202,0,0.2183292528461921,0.16624795291024322,0.13008130081300814
German Credit,R1_F5,1,5,214,0,0.04755653578095211,0.03717837715713156,0.0
German Credit,R1_F5,1,5,216,0,0.7576924134657709,0.6661467374003242,0.6470588235294118
German Credit,R1_F5,1,5,224,0,0.1271358035533385,0.09679993889272874,0.1111111111111111
German Credit,R1_F5,1,5,249,1,0.2957188834494186,0.22727958487882718,0.28
German Credit,R1_F5,1,5,254,0,0.2031333655034795,0.15451695339262228,0.13008130081300814
German Credit,R1_F5,1,5,257,1,0.8102072369161913,0.7286200084144279,0.8333333333333334
German Credit,R1_F5,1,5,261,0,0.7325511275717324,0.6374927565712531,0.6470588235294118
German Credit,R1_F5,1,5,268,1,0.3727975316796068,0.2906251047763101,0.30392156862745096
German Credit,R1_F5,1,5,270,0,0.06093676150375855,0.04723414103554708,0.06593406593406594
German Credit,R1_F5,1,5,281,0,0.11376583152981103,0.08676868620363591,0.1111111111111111
German Credit,R1_F5,1,5,286,0,0.7770928029995096,0.688794775348626,0.6470588235294118
German Credit,R1_F5,1,5,297,0,0.14372965736359258,0.10928965211359898,0.13008130081300814
German Credit,R1_F5,1,5,298,0,0.17027289000393606,0.12938612233179403,0.13008130081300814
German Credit,R1_F5,1,5,311,0,0.4471757831592438,0.3546818632729821,0.36036036036036034
German Credit,R1_F5,1,5,312,0,0.3776859651383149,0.2947412856936916,0.30392156862745096
German Credit,R1_F5,1,5,325,0,0.02548347820795345,0.020414436527624175,0.0
German Credit,R1_F5,1,5,327,0,0.18262894754381084,0.13880011008198778,0.13008130081300814
German Credit,R1_F5,1,5,328,0,0.5083065052248156,0.4098456827841496,0.36036036036036034
German Credit,R1_F5,1,5,329,0,0.2769926163558382,0.21229652483726622,0.1935483870967742
German Credit,R1_F5,1,5,335,1,0.15308916664906078,0.11635778917916707,0.13008130081300814
German Credit,R1_F5,1,5,338,0,0.7540341255917045,0.6619295444434448,0.6470588235294118
German Credit,R1_F5,1,5,339,0,0.6435874145651282,0.5417081920363195,0.42592592592592593
German Credit,R1_F5,1,5,340,0,0.7286829551422881,0.6331507725158451,0.6470588235294118
German Credit,R1_F5,1,5,354,0,0.19351358872692517,0.14712791098808756,0.13008130081300814
German Credit,R1_F5,1,5,356,0,0.03336414767460794,0.02643660698894675,0.0
German Credit,R1_F5,1,5,359,1,0.7773508068573148,0.6890992601623218,0.6470588235294118
German Credit,R1_F5,1,5,369,0,0.29087206375439273,0.22338743119326646,0.28
German Credit,R1_F5,1,5,377,0,0.07941388148251399,0.061067014868584624,0.06593406593406594
German Credit,R1_F5,1,5,382,0,0.3170538156928146,0.2445343077493555,0.28
German Credit,R1_F5,1,5,383,0,0.5105395947568846,0.41190809309062715,0.36036036036036034
German Credit,R1_F5,1,5,385,0,0.09953705124393421,0.07611549656121067,0.06593406593406594
German Credit,R1_F5,1,5,387,0,0.4925671800733989,0.39540688297627946,0.36036036036036034
German Credit,R1_F5,1,5,388,0,0.30299018426235325,0.23313768911740945,0.28
German Credit,R1_F5,1,5,391,0,0.3785487798548009,0.2954690998780753,0.30392156862745096
German Credit,R1_F5,1,5,396,0,0.6983567714873441,0.599694048400141,0.6470588235294118
German Credit,R1_F5,1,5,403,0,0.4143813642319705,0.326051291264923,0.30392156862745096
German Credit,R1_F5,1,5,406,0,0.012850717974519012,0.01060268964301577,0.0
German Credit,R1_F5,1,5,410,0,0.6435097179985884,0.5416280112395865,0.42592592592592593
German Credit,R1_F5,1,5,418,0,0.3205137797913449,0.24735181786636415,0.30392156862745096
German Credit,R1_F5,1,5,421,0,0.13330519389972526,0.10143775770527819,0.1111111111111111
German Credit,R1_F5,1,5,435,1,0.13708842547674538,0.10428502151978945,0.11549930726925883
German Credit,R1_F5,1,5,436,0,0.10316304175221193,0.0788286506580997,0.06593406593406594
German Credit,R1_F5,1,5,441,0,0.5529133622442016,0.4517231524878972,0.36036036036036034
German Credit,R1_F5,1,5,447,0,0.061735984314493,0.047833419823295815,0.06593406593406594
German Credit,R1_F5,1,5,450,0,0.2456914258818587,0.18756762014239542,0.16074689992205876
German Credit,R1_F5,1,5,451,0,0.059609372473759664,0.046238555000411526,0.06593406593406594
German Credit,R1_F5,1,5,455,0,0.15636988038783592,0.11883980695986437,0.13008130081300814
German Credit,R1_F5,1,5,457,1,0.2887943897839347,0.22172205544214987,0.28
German Credit,R1_F5,1,5,460,0,0.2586023750313095,0.197721643879032,0.1935483870967742
German Credit,R1_F5,1,5,461,0,0.4109986770135468,0.3231337870029268,0.30392156862745096
German Credit,R1_F5,1,5,474,1,0.4192884762783938,0.33029521119122074,0.30392156862745096
German Credit,R1_F5,1,5,481,0,0.7641353901613431,0.6736148122829453,0.6470588235294118
German Credit,R1_F5,1,5,482,0,0.6977932564628772,0.5990818766565477,0.6470588235294118
German Credit,R1_F5,1,5,483,0,0.13767951082746208,0.10473010670680664,0.1211627707352225
German Credit,R1_F5,1,5,486,0,0.09061782486685571,0.06944470894595926,0.06593406593406594
German Credit,R1_F5,1,5,487,0,0.5052803835603664,0.4070563897422374,0.36036036036036034
German Credit,R1_F5,1,5,488,0,0.03531656992415527,0.02792101453900237,0.0
German Credit,R1_F5,1,5,492,0,0.04795709924468065,0.03748020033857871,0.06593406593406594
German Credit,R1_F5,1,5,501,0,0.42200649134684126,0.3326518599445348,0.30392156862745096
German Credit,R1_F5,1,5,503,1,0.5157964243306417,0.41677693135206195,0.36036036036036034
German Credit,R1_F5,1,5,516,0,0.04018544659390209,0.03161246010318242,0.0
German Credit,R1_F5,1,5,521,1,0.48743216731656264,0.3907325414983976,0.36036036036036034
German Credit,R1_F5,1,5,523,0,0.09123413687478828,0.06990556231517707,0.06593406593406594
German Credit,R1_F5,1,5,526,0,0.344366559524023,0.26692791390276027,0.30392156862745096
German Credit,R1_F5,1,5,530,0,0.5622612880206547,0.4606872876976106,0.36036036036036034
German Credit,R1_F5,1,5,532,0,0.08390839729249937,0.06442793096760632,0.06593406593406594
German Credit,R1_F5,1,5,536,0,0.4626960293302081,0.36845840202113683,0.36036036036036034
German Credit,R1_F5,1,5,542,1,0.5792921393078064,0.47719515095076487,0.42592592592592593
German Credit,R1_F5,1,5,544,0,0.06580455547661472,0.050882428832617,0.06593406593406594
German Credit,R1_F5,1,5,545,1,0.7517507798511621,0.65930574990479,0.6470588235294118
German Credit,R1_F5,1,5,549,0,0.06360926946061753,0.04923760791022362,0.06593406593406594
German Credit,R1_F5,1,5,550,0,0.13869785894839076,0.1054970711496501,0.13008130081300814
German Credit,R1_F5,1,5,552,1,0.3125450974779535,0.24087095808489584,0.28
German Credit,R1_F5,1,5,556,1,0.6628189709189014,0.5617307017685975,0.6470588235294118
German Credit,R1_F5,1,5,558,1,0.7276620880886874,0.6320077437071306,0.6470588235294118
German Credit,R1_F5,1,5,559,1,0.29593147112085266,0.2274505302716317,0.28
German Credit,R1_F5,1,5,564,0,0.4600782406317067,0.36612417210817266,0.36036036036036034
German Credit,R1_F5,1,5,567,0,0.05947974625110566,0.04614131192372365,0.06593406593406594
German Credit,R1_F5,1,5,578,1,0.7024261144372531,0.6041248339614904,0.6470588235294118
German Credit,R1_F5,1,5,583,1,0.7098208028840173,0.6122220915528077,0.6470588235294118
German Credit,R1_F5,1,5,591,0,0.6202410181426575,0.5178645822757806,0.42592592592592593
German Credit,R1_F5,1,5,592,0,0.3545870225139079,0.27539988080510247,0.30392156862745096
German Credit,R1_F5,1,5,593,1,0.7474012723691432,0.6543254080092611,0.6470588235294118
German Credit,R1_F5,1,5,601,1,0.6573328545252809,0.5559828154864899,0.6470588235294118
German Credit,R1_F5,1,5,606,0,0.18461220586006433,0.1403149883616316,0.13008130081300814
German Credit,R1_F5,1,5,612,0,0.5872778180240404,0.4850159265771722,0.42592592592592593
German Credit,R1_F5,1,5,615,0,0.6436666489722492,0.5417899656516106,0.42592592592592593
German Credit,R1_F5,1,5,616,0,0.37614421744575094,0.2934417438789627,0.30392156862745096
German Credit,R1_F5,1,5,619,0,0.1640458828027687,0.12465676161640164,0.13008130081300814
German Credit,R1_F5,1,5,620,0,0.20586702140554705,0.15662186905751696,0.13008130081300814
German Credit,R1_F5,1,5,623,0,0.8092731423213567,0.7274753185869268,0.8333333333333334
German Credit,R1_F5,1,5,630,0,0.5962152471733718,0.49383112103521626,0.42592592592592593
German Credit,R1_F5,1,5,647,1,0.15692355915967557,0.11925893100155996,0.13008130081300814
German Credit,R1_F5,1,5,660,0,0.2875229144361588,0.22070379443241692,0.28
German Credit,R1_F5,1,5,672,0,0.4670237674495861,0.37232688075043885,0.36036036036036034
German Credit,R1_F5,1,5,678,0,0.7709754903848153,0.6816010292434899,0.6470588235294118
German Credit,R1_F5,1,5,681,0,0.10565142741015816,0.08069116432361555,0.1111111111111111
German Credit,R1_F5,1,5,685,0,0.4554887453672549,0.3620422040140092,0.36036036036036034
German Credit,R1_F5,1,5,690,0,0.3528675857335865,0.2739709847716281,0.30392156862745096
German Credit,R1_F5,1,5,695,0,0.046785204839032764,0.0365970136808989,0.0
German Credit,R1_F5,1,5,697,0,0.10330894322051108,0.07893784162215056,0.06593406593406594
German Credit,R1_F5,1,5,698,0,0.12941096223743134,0.09850955165245202,0.1111111111111111
German Credit,R1_F5,1,5,716,0,0.03356827958478339,0.02659192917502052,0.0
German Credit,R1_F5,1,5,724,1,0.4381846407813712,0.3467686769519379,0.36036036036036034
German Credit,R1_F5,1,5,726,0,0.03491934144784939,0.027619213484440325,0.0
German Credit,R1_F5,1,5,737,0,0.6703146475031456,0.5696316546139495,0.6470588235294118
German Credit,R1_F5,1,5,739,1,0.7803021855599735,0.6925886330744325,0.6470588235294118
German Credit,R1_F5,1,5,743,0,0.5396099865914225,0.4390808784737292,0.36036036036036034
German Credit,R1_F5,1,5,747,1,0.638611859136661,0.5365848892107729,0.42592592592592593
German Credit,R1_F5,1,5,748,0,0.06831240768036466,0.05276059065804864,0.06593406593406594
German Credit,R1_F5,1,5,750,0,0.3419571949440215,0.2649382038275214,0.30392156862745096
German Credit,R1_F5,1,5,759,1,0.5046371428900868,0.4064643077197495,0.36036036036036034
German Credit,R1_F5,1,5,769,0,0.023631103429577537,0.01899022466695904,0.0
German Credit,R1_F5,1,5,773,0,0.1828297885310796,0.1389534693234358,0.13008130081300814
German Credit,R1_F5,1,5,781,0,0.08132218417330513,0.06249407933082086,0.06593406593406594
German Credit,R1_F5,1,5,787,0,0.03860885469989222,0.03041861673687821,0.0
German Credit,R1_F5,1,5,794,0,0.24180120340425307,0.18452027618899394,0.13636363636363635
German Credit,R1_F5,1,5,796,1,0.20786891264177668,0.1581648112475994,0.13008130081300814
German Credit,R1_F5,1,5,801,0,0.3512043950572968,0.272590230346739,0.30392156862745096
German Credit,R1_F5,1,5,807,0,0.01584710218900919,0.012954909590573745,0.0
German Credit,R1_F5,1,5,818,0,0.8797823451481493,0.8178130948238729,0.8333333333333334
German Credit,R1_F5,1,5,819,1,0.6031146798859656,0.5006820032045775,0.42592592592592593
German Credit,R1_F5,1,5,821,0,0.24316462328424718,0.18558765871338026,0.13636363636363635
German Credit,R1_F5,1,5,822,1,0.6784353695430142,0.5782545611105571,0.6470588235294118
German Credit,R1_F5,1,5,823,0,0.20346827837552448,0.15477471138252621,0.13008130081300814
German Credit,R1_F5,1,5,826,1,0.5207405322013771,0.4213739577379746,0.36036036036036034
German Credit,R1_F5,1,5,834,1,0.23518284413971804,0.17934850226164367,0.13636363636363635
German Credit,R1_F5,1,5,836,0,0.21916429027416462,0.1668947649048001,0.13008130081300814
German Credit,R1_F5,1,5,843,0,0.4261841964991932,0.3362825000168631,0.30392156862745096
German Credit,R1_F5,1,5,850,1,0.42298773439833787,0.3335036967554932,0.30392156862745096
German Credit,R1_F5,1,5,855,0,0.19121977456632144,0.1453700889978615,0.13008130081300814
German Credit,R1_F5,1,5,856,0,0.06134595116464583,0.04754097747027023,0.06593406593406594
German Credit,R1_F5,1,5,869,0,0.7792938197161581,0.6913951534976023,0.6470588235294118
German Credit,R1_F5,1,5,875,0,0.3868536515253272,0.30249475183999697,0.30392156862745096
German Credit,R1_F5,1,5,876,0,0.8145836310056419,0.7340002327369627,0.8333333333333334
German Credit,R1_F5,1,5,878,1,0.6235011228061417,0.5211645264146151,0.42592592592592593
German Credit,R1_F5,1,5,880,0,0.07555375719025494,0.0581798276201977,0.06593406593406594
German Credit,R1_F5,1,5,882,0,0.2717731737449913,0.20814624484138308,0.1935483870967742
German Credit,R1_F5,1,5,885,1,0.7197485789947738,0.6231876602270373,0.6470588235294118
German Credit,R1_F5,1,5,886,0,0.1804739780170129,0.13715530634943868,0.13008130081300814
German Credit,R1_F5,1,5,887,1,0.8368017363005441,0.7617651070975303,0.8333333333333334
German Credit,R1_F5,1,5,889,0,0.4573892200137178,0.3637309158146804,0.36036036036036034
German Credit,R1_F5,1,5,891,0,0.046443700061017244,0.03633954410424411,0.0
German Credit,R1_F5,1,5,904,0,0.09118960852911473,0.0698722655116459,0.06593406593406594
German Credit,R1_F5,1,5,917,1,0.703338327994215,0.6051205109781811,0.6470588235294118
German Credit,R1_F5,1,5,926,0,0.6464897834197516,0.5447074084594284,0.509374562619709
German Credit,R1_F5,1,5,927,1,0.6571160764951968,0.5557562926187983,0.6470588235294118
German Credit,R1_F5,1,5,935,1,0.45901484604653103,0.36517719739616894,0.36036036036036034
German Credit,R1_F5,1,5,936,1,0.2346028263846379,0.17889600688332064,0.13636363636363635
German Credit,R1_F5,1,5,937,0,0.5287567546397778,0.4288646309708286,0.36036036036036034
German Credit,R1_F5,1,5,942,0,0.20477157838171559,0.15577809787178398,0.13008130081300814
German Credit,R1_F5,1,5,950,0,0.37578468298316575,0.2931388712307565,0.30392156862745096
German Credit,R1_F5,1,5,955,0,0.4716018826238761,0.3764321856673721,0.36036036036036034
German Credit,R1_F5,1,5,958,1,0.8018569713555456,0.7184322040275419,0.8333333333333334
German Credit,R1_F5,1,5,969,0,0.1360363732905231,0.1034929882197157,0.1111111111111111
German Credit,R1_F5,1,5,972,1,0.8472031108677665,0.7750338459583805,0.8333333333333334
German Credit,R1_F5,1,5,976,0,0.054539050992894855,0.04243206519196291,0.06593406593406594
German Credit,R1_F5,1,5,977,0,0.24017240997726463,0.1832460267632979,0.13636363636363635
German Credit,R1_F5,1,5,979,1,0.7728702779145061,0.6838239973299282,0.6470588235294118
German Credit,R1_F5,1,5,996,0,0.5371754665399492,0.4367816937856107,0.36036036036036034
German Credit,R1_F5,1,5,998,1,0.8257132462830171,0.7478125276540595,0.8333333333333334
German Credit,R1_F5,1,5,999,0,0.4859727964411798,0.3894073081974232,0.36036036036036034
German Credit,R2_F1,2,1,4,1,0.7444742813980905,0.6527024972665617,0.5517241379310344
German Credit,R2_F1,2,1,12,0,0.5882255024250175,0.4847924611876406,0.5517241379310344
German Credit,R2_F1,2,1,15,1,0.6082156887294254,0.5049727408923649,0.5517241379310344
German Credit,R2_F1,2,1,16,0,0.01774712461116242,0.013350552107098672,0.0
German Credit,R2_F1,2,1,38,0,0.28871485844989664,0.21718229735163555,0.17647058823529413
German Credit,R2_F1,2,1,41,0,0.5466684261635627,0.44391472615294464,0.4594594594594595
German Credit,R2_F1,2,1,42,0,0.6425628742930142,0.5404788667549854,0.5517241379310344
German Credit,R2_F1,2,1,55,0,0.11348101921554275,0.08299727397886518,0.08064516129032258
German Credit,R2_F1,2,1,56,1,0.2658446324058063,0.19893175458620627,0.15873015873015872
German Credit,R2_F1,2,1,60,0,0.3993981542544141,0.30938397656325684,0.3372093023255814
German Credit,R2_F1,2,1,66,0,0.27360346490701537,0.20509508101357812,0.15873015873015872
German Credit,R2_F1,2,1,68,1,0.4829155380525723,0.3838198753360996,0.41379310344827586
German Credit,R2_F1,2,1,69,0,0.19376568006823314,0.14296712777142512,0.10891089108910891
German Credit,R2_F1,2,1,73,0,0.6293371937299326,0.5266790679304233,0.5517241379310344
German Credit,R2_F1,2,1,78,0,0.1403125140218576,0.10280231336951964,0.10891089108910891
German Credit,R2_F1,2,1,82,0,0.2561681890997289,0.19128487713321154,0.15873015873015872
German Credit,R2_F1,2,1,86,0,0.5521443849048938,0.4492209738750062,0.4594594594594595
German Credit,R2_F1,2,1,91,0,0.11528509545643535,0.08432245375976391,0.08064516129032258
German Credit,R2_F1,2,1,92,1,0.10209077010503315,0.0746500383296881,0.08064516129032258
German Credit,R2_F1,2,1,98,0,0.4468403163783689,0.3511049091144855,0.3372093023255814
German Credit,R2_F1,2,1,100,0,0.16329588503508016,0.11994730578086317,0.10891089108910891
German Credit,R2_F1,2,1,104,0,0.06973497239603893,0.05109181400329678,0.047619047619047616
German Credit,R2_F1,2,1,117,0,0.19390358680327605,0.1430721183847145,0.10891089108910891
German Credit,R2_F1,2,1,120,1,0.7522997865141333,0.6617896048791859,0.5517241379310344
German Credit,R2_F1,2,1,125,0,0.42685397119540186,0.3333543105010634,0.3372093023255814
German Credit,R2_F1,2,1,142,0,0.6620089667066126,0.5610702118351584,0.5517241379310344
German Credit,R2_F1,2,1,144,0,0.27574580933544063,0.20680194484228143,0.15873015873015872
German Credit,R2_F1,2,1,146,0,0.3985858308241707,0.3086818738863121,0.3372093023255814
German Credit,R2_F1,2,1,155,1,0.5580973738519075,0.45501657936840184,0.4594594594594595
German Credit,R2_F1,2,1,156,0,0.0832537483659524,0.060911274826237524,0.08064516129032258
German Credit,R2_F1,2,1,162,0,0.0930692309731239,0.06806081204331434,0.08064516129032258
German Credit,R2_F1,2,1,170,1,0.8349455973917411,0.7625066721796714,0.8
German Credit,R2_F1,2,1,171,0,0.22674710771040685,0.16829622202229066,0.15873015873015872
German Credit,R2_F1,2,1,184,1,0.7545577550337607,0.6644251069795029,0.5517241379310344
German Credit,R2_F1,2,1,188,1,0.451015671566543,0.3548462503949438,0.3372093023255814
German Credit,R2_F1,2,1,189,0,0.7339765518828251,0.6406247069971966,0.5517241379310344
German Credit,R2_F1,2,1,191,1,0.5813700088974961,0.47795074410519556,0.5517241379310344
German Credit,R2_F1,2,1,196,0,0.07280895632332286,0.05332225507214189,0.047619047619047616
German Credit,R2_F1,2,1,197,1,0.7326595686601095,0.6391184513799779,0.5517241379310344
German Credit,R2_F1,2,1,198,0,0.1974428330699157,0.14576917006509987,0.10891089108910891
German Credit,R2_F1,2,1,207,0,0.3289472958959055,0.24992345296779755,0.2711864406779661
German Credit,R2_F1,2,1,211,0,0.1340808182853381,0.09818339295079252,0.09090909090909091
German Credit,R2_F1,2,1,213,1,0.2771877614542304,0.20795203133375142,0.15873015873015872
German Credit,R2_F1,2,1,220,0,0.3381717358953475,0.25755003824996714,0.2711864406779661
German Credit,R2_F1,2,1,232,0,0.08155512749503895,0.05967586347914084,0.08064516129032258
German Credit,R2_F1,2,1,244,0,0.23554033000428762,0.17512667028612575,0.15873015873015872
German Credit,R2_F1,2,1,245,0,0.14459590455477866,0.10598429058405993,0.10891089108910891
German Credit,R2_F1,2,1,246,0,0.031249933859321646,0.023199658731124926,0.0
German Credit,R2_F1,2,1,247,0,0.3281922110006695,0.24930119138804246,0.2711864406779661
German Credit,R2_F1,2,1,251,0,0.2219620246254286,0.16459327200992566,0.15873015873015872
German Credit,R2_F1,2,1,262,0,0.5735944105686078,0.4702385494879707,0.5517241379310344
German Credit,R2_F1,2,1,266,0,0.0641591470256546,0.04704890750845136,0.024390243902439025
German Credit,R2_F1,2,1,271,0,0.10757601448775116,0.07866575529291589,0.08064516129032258
German Credit,R2_F1,2,1,273,1,0.5860013804252785,0.4825684495382234,0.5517241379310344
German Credit,R2_F1,2,1,277,0,0.37515753400467816,0.28860271639832363,0.3372093023255814
German Credit,R2_F1,2,1,280,0,0.03245181754722265,0.024072717760455296,0.0
German Credit,R2_F1,2,1,281,0,0.08298700278707287,0.06071723615200588,0.08064516129032258
German Credit,R2_F1,2,1,295,1,0.8151828389786481,0.7375843303316003,0.8
German Credit,R2_F1,2,1,304,1,0.32533497617847706,0.2469493139221575,0.2711864406779661
German Credit,R2_F1,2,1,307,1,0.6422555551027972,0.5401563497649045,0.5517241379310344
German Credit,R2_F1,2,1,310,0,0.34441879753877913,0.2627412592421247,0.2711864406779661
German Credit,R2_F1,2,1,315,1,0.7994845991469427,0.7181790265000879,0.7391304347826086
German Credit,R2_F1,2,1,317,0,0.3643446257545868,0.2794442489060017,0.3372093023255814
German Credit,R2_F1,2,1,319,0,0.47294258049558574,0.3746865839669964,0.41379310344827586
German Credit,R2_F1,2,1,325,0,0.11024271221233445,0.08062074811424519,0.08064516129032258
German Credit,R2_F1,2,1,326,0,0.05024295796569326,0.036968540917261046,0.024390243902439025
German Credit,R2_F1,2,1,332,1,0.7245169366174379,0.6298492455989547,0.5517241379310344
German Credit,R2_F1,2,1,333,1,0.4416088604036792,0.3464335091148203,0.3372093023255814
German Credit,R2_F1,2,1,338,0,0.6069326391481572,0.5036670264889136,0.5517241379310344
German Credit,R2_F1,2,1,341,0,0.5948338287642848,0.4914253665848219,0.5517241379310344
German Credit,R2_F1,2,1,342,0,0.6545352857155567,0.5531132659837974,0.5517241379310344
German Credit,R2_F1,2,1,343,0,0.7041698358796409,0.607008458674263,0.5517241379310344
German Credit,R2_F1,2,1,345,0,0.05559752417334848,0.0408462271732348,0.024390243902439025
German Credit,R2_F1,2,1,346,0,0.2898106301219043,0.218063128908082,0.17647058823529413
German Credit,R2_F1,2,1,347,0,0.6172440956964185,0.5142019637360432,0.5517241379310344
German Credit,R2_F1,2,1,354,0,0.17644682087381555,0.12984033067388703,0.10891089108910891
German Credit,R2_F1,2,1,356,0,0.025402562462145825,0.018945368406091356,0.0
German Credit,R2_F1,2,1,367,0,0.6744282446526887,0.5744141368947414,0.5517241379310344
German Credit,R2_F1,2,1,368,1,0.7021157751615288,0.6047276112296113,0.5517241379310344
German Credit,R2_F1,2,1,369,0,0.4758956860174593,0.37738382453892366,0.41379310344827586
German Credit,R2_F1,2,1,374,1,0.7252275006535155,0.6306551459623194,0.5517241379310344
German Credit,R2_F1,2,1,377,0,0.06172308832109324,0.04528352931631987,0.024390243902439025
German Credit,R2_F1,2,1,386,0,0.1955697243863969,0.14434116735922345,0.10891089108910891
German Credit,R2_F1,2,1,389,0,0.16411080756933272,0.1205585374062769,0.10891089108910891
German Credit,R2_F1,2,1,393,0,0.21210804728435825,0.1569982837694027,0.10891089108910891
German Credit,R2_F1,2,1,395,0,0.7354251089980638,0.6422837350703268,0.5517241379310344
German Credit,R2_F1,2,1,399,0,0.04731915726113325,0.03485113775507834,0.024390243902439025
German Credit,R2_F1,2,1,411,0,0.04319390229663433,0.03186302240422464,0.024390243902439025
German Credit,R2_F1,2,1,415,0,0.06879507531314101,0.05041007429758895,0.047619047619047616
German Credit,R2_F1,2,1,416,1,0.4335441828040662,0.3392672786624539,0.3372093023255814
German Credit,R2_F1,2,1,419,1,0.3792643470524418,0.2920989443504587,0.3372093023255814
German Credit,R2_F1,2,1,424,1,0.33508971386449216,0.25499676684541694,0.2711864406779661
German Credit,R2_F1,2,1,432,0,0.27130834686585714,0.2032689398860517,0.15873015873015872
German Credit,R2_F1,2,1,441,0,0.5621394425683663,0.45896803519049384,0.4974692754037223
German Credit,R2_F1,2,1,445,0,0.084157649543944,0.06156889513615045,0.08064516129032258
German Credit,R2_F1,2,1,446,1,0.7986496964884874,0.7171563465327271,0.7391304347826086
German Credit,R2_F1,2,1,452,0,0.2663152693079379,0.19930479730572967,0.15873015873015872
German Credit,R2_F1,2,1,453,0,0.06663229293825192,0.04884172022675593,0.047619047619047616
German Credit,R2_F1,2,1,454,1,0.6570978336397643,0.5558353918127775,0.5517241379310344
German Credit,R2_F1,2,1,466,1,0.7284431437569067,0.6343093187755204,0.5517241379310344
German Credit,R2_F1,2,1,469,0,0.06284999296901621,0.046100119277196386,0.024390243902439025
German Credit,R2_F1,2,1,472,1,0.6126444391863399,0.5094909221658115,0.5517241379310344
German Credit,R2_F1,2,1,490,0,0.07757373789933664,0.056782119046260876,0.047619047619047616
German Credit,R2_F1,2,1,505,1,0.04676018114130298,0.03444630015774743,0.024390243902439025
German Credit,R2_F1,2,1,507,1,0.5389480395595004,0.43647374356069685,0.4594594594594595
German Credit,R2_F1,2,1,512,0,0.21843487904714798,0.16187002172851753,0.10891089108910891
German Credit,R2_F1,2,1,522,1,0.8939979378125423,0.8405884514879122,1.0
German Credit,R2_F1,2,1,524,0,0.33841784148306825,0.25775414472145974,0.2711864406779661
German Credit,R2_F1,2,1,530,0,0.6516311042338169,0.5500359022225659,0.5517241379310344
German Credit,R2_F1,2,1,538,1,0.8649191700230108,0.801424517538964,0.8
German Credit,R2_F1,2,1,562,0,0.4774710369895527,0.37882516312805026,0.41379310344827586
German Credit,R2_F1,2,1,564,0,0.2844397255610754,0.21375141785936388,0.17647058823529413
German Credit,R2_F1,2,1,568,0,0.23689769339008784,0.17618406352614777,0.15873015873015872
German Credit,R2_F1,2,1,569,1,0.8058670363975459,0.7260279736322193,0.7391304347826086
German Credit,R2_F1,2,1,575,0,0.3300382936462895,0.25082307781820323,0.2711864406779661
German Credit,R2_F1,2,1,579,0,0.21596417625264505,0.1599655585086634,0.10891089108910891
German Credit,R2_F1,2,1,582,0,0.2636783232795847,0.19721601010534295,0.15873015873015872
German Credit,R2_F1,2,1,589,1,0.22261760667751015,0.16510001764157864,0.15873015873015872
German Credit,R2_F1,2,1,592,0,0.27164150482486055,0.20353386519140512,0.15873015873015872
German Credit,R2_F1,2,1,594,1,0.5216484212578623,0.4199676349394247,0.4594594594594595
German Credit,R2_F1,2,1,595,1,0.6790075499562106,0.5793733298735235,0.5517241379310344
German Credit,R2_F1,2,1,596,1,0.776690748366699,0.6905874088612086,0.7391304347826086
German Credit,R2_F1,2,1,608,0,0.15429129250851673,0.11320886973040184,0.10891089108910891
German Credit,R2_F1,2,1,611,1,0.24539437055038163,0.18282160656836344,0.15873015873015872
German Credit,R2_F1,2,1,618,1,0.7854526879968237,0.7011137649310649,0.7391304347826086
German Credit,R2_F1,2,1,626,0,0.18357856640971634,0.13523196266730278,0.10891089108910891
German Credit,R2_F1,2,1,629,0,0.08202764902969212,0.06001947849804306,0.08064516129032258
German Credit,R2_F1,2,1,637,0,0.6267389036429161,0.5239870300702352,0.5517241379310344
German Credit,R2_F1,2,1,639,1,0.7169155877197513,0.6212631906972169,0.5517241379310344
German Credit,R2_F1,2,1,640,1,0.8538318999599476,0.786865091429432,0.8
German Credit,R2_F1,2,1,641,0,0.7009602069804028,0.6034464355468875,0.5517241379310344
German Credit,R2_F1,2,1,650,0,0.8620635223992382,0.7976556438818531,0.8
German Credit,R2_F1,2,1,660,0,0.4131143281811664,0.3213001533327258,0.3372093023255814
German Credit,R2_F1,2,1,665,0,0.44231577717576426,0.3470636948610939,0.3372093023255814
German Credit,R2_F1,2,1,666,0,0.44185675992521767,0.3466544635152789,0.3372093023255814
German Credit,R2_F1,2,1,669,0,0.17799186485276133,0.1310067728318188,0.10891089108910891
German Credit,R2_F1,2,1,676,0,0.12460049655140454,0.09117932998217526,0.09090909090909091
German Credit,R2_F1,2,1,686,0,0.07515284101761506,0.05502380780294129,0.047619047619047616
German Credit,R2_F1,2,1,688,0,0.1800348668681707,0.13255052060386419,0.10891089108910891
German Credit,R2_F1,2,1,691,0,0.5622393455444296,0.4590658660537405,0.4995180174054119
German Credit,R2_F1,2,1,706,1,0.5165866147719295,0.4151810127836737,0.4594594594594595
German Credit,R2_F1,2,1,712,0,0.022498580142027113,0.016827187968072463,0.0
German Credit,R2_F1,2,1,713,0,0.21615769912542063,0.16011463703967863,0.10891089108910891
German Credit,R2_F1,2,1,716,0,0.028613597135870725,0.021283095217189022,0.0
German Credit,R2_F1,2,1,722,1,0.6736919585659916,0.5736187440908785,0.5517241379310344
German Credit,R2_F1,2,1,724,1,0.43980782059393464,0.34482943914299125,0.3372093023255814
German Credit,R2_F1,2,1,725,0,0.1408579623152657,0.10320718040168607,0.10891089108910891
German Credit,R2_F1,2,1,729,0,0.20084127416980038,0.1483636054033666,0.10891089108910891
German Credit,R2_F1,2,1,730,0,0.5376724011220876,0.43524875251515655,0.4594594594594595
German Credit,R2_F1,2,1,731,1,0.6263226371239226,0.5235563195361665,0.5517241379310344
German Credit,R2_F1,2,1,733,0,0.07241820372648876,0.05303866136976017,0.047619047619047616
German Credit,R2_F1,2,1,738,0,0.0986655360066382,0.0721461102495549,0.08064516129032258
German Credit,R2_F1,2,1,752,0,0.40018937616252276,0.3100682269076038,0.3372093023255814
German Credit,R2_F1,2,1,757,1,0.09669191626225247,0.07070457549803481,0.08064516129032258
German Credit,R2_F1,2,1,763,1,0.14503829413068636,0.10631326357990925,0.10891089108910891
German Credit,R2_F1,2,1,766,1,0.7420139353305405,0.6498603744380528,0.5517241379310344
German Credit,R2_F1,2,1,767,0,0.05546726789763822,0.04075189085363133,0.024390243902439025
German Credit,R2_F1,2,1,768,0,0.3283016536524887,0.24939136361782627,0.2711864406779661
German Credit,R2_F1,2,1,775,1,0.696316509768408,0.5983122588596753,0.5517241379310344
German Credit,R2_F1,2,1,777,0,0.4050234957843493,0.3142570885340719,0.3372093023255814
German Credit,R2_F1,2,1,782,0,0.646283339254076,0.5443904072429357,0.5517241379310344
German Credit,R2_F1,2,1,788,1,0.8439214862458185,0.7740152966818564,0.8
German Credit,R2_F1,2,1,790,1,0.5149836184397542,0.41366916493758477,0.4594594594594595
German Credit,R2_F1,2,1,791,0,0.05311291736463569,0.0390468671640574,0.024390243902439025
German Credit,R2_F1,2,1,795,0,0.32996837681838964,0.2507654060298525,0.2711864406779661
German Credit,R2_F1,2,1,801,0,0.456724769721228,0.359980722598908,0.34632357042453726
German Credit,R2_F1,2,1,812,1,0.4888952795114811,0.38932968182970074,0.41379310344827586
German Credit,R2_F1,2,1,821,0,0.29495307852970193,0.22220484119894873,0.17647058823529413
German Credit,R2_F1,2,1,827,1,0.48309176360793743,0.3839818901402081,0.41379310344827586
German Credit,R2_F1,2,1,832,1,0.8800179374749808,0.8215771228899308,1.0
German Credit,R2_F1,2,1,840,1,0.5776993511744407,0.4743037304361593,0.5517241379310344
German Credit,R2_F1,2,1,841,0,0.13483621035171167,0.09874264406460725,0.09090909090909091
German Credit,R2_F1,2,1,844,0,0.35521776541724687,0.2717659109351189,0.2711864406779661
German Credit,R2_F1,2,1,846,1,0.11431632189368836,0.08361073500489583,0.08064516129032258
German Credit,R2_F1,2,1,852,0,0.0596943235126875,0.04381366450220981,0.024390243902439025
German Credit,R2_F1,2,1,861,1,0.18937865934466122,0.13963110109377175,0.10891089108910891
German Credit,R2_F1,2,1,864,1,0.20693224312699968,0.15302519669805476,0.10891089108910891
German Credit,R2_F1,2,1,870,0,0.33100968425956995,0.2516246132313857,0.2711864406779661
German Credit,R2_F1,2,1,871,0,0.06011440522821171,0.044117995359265284,0.024390243902439025
German Credit,R2_F1,2,1,872,0,0.3628633999525411,0.2781948927539475,0.3372093023255814
German Credit,R2_F1,2,1,879,0,0.03566288530480194,0.026403527109606837,0.0
German Credit,R2_F1,2,1,888,0,0.1967983305603421,0.14527766349253515,0.10891089108910891
German Credit,R2_F1,2,1,890,0,0.6039758412286539,0.5006635165551591,0.5517241379310344
German Credit,R2_F1,2,1,892,0,0.42683727667824733,0.3333395913833473,0.3372093023255814
German Credit,R2_F1,2,1,904,0,0.09953683243023075,0.0727827893152665,0.08064516129032258
German Credit,R2_F1,2,1,908,0,0.13155570047015722,0.09631520158258638,0.09090909090909091
German Credit,R2_F1,2,1,911,1,0.6408855134876006,0.5387196388890344,0.5517241379310344
German Credit,R2_F1,2,1,912,0,0.30334777849456246,0.22899444146005035,0.2711864406779661
German Credit,R2_F1,2,1,914,1,0.7753319651468035,0.6889637521499969,0.7391304347826086
German Credit,R2_F1,2,1,915,1,0.6769622219177952,0.5771557070265076,0.5517241379310344
German Credit,R2_F1,2,1,921,0,0.2733523008012149,0.2048951160958453,0.15873015873015872
German Credit,R2_F1,2,1,947,0,0.10136127487693293,0.07411652894473542,0.08064516129032258
German Credit,R2_F1,2,1,952,1,0.37918660160187634,0.29203266607450085,0.3372093023255814
German Credit,R2_F1,2,1,954,0,0.39292507959040096,0.30380030676479175,0.3372093023255814
German Credit,R2_F1,2,1,956,0,0.11536712119753123,0.08438272637181214,0.08064516129032258
German Credit,R2_F1,2,1,959,0,0.4542789858020036,0.35777843636955736,0.3372093023255814
German Credit,R2_F1,2,1,962,0,0.103758392863682,0.07587011677997084,0.08064516129032258
German Credit,R2_F1,2,1,970,0,0.3613201864249425,0.27689458245838366,0.3372093023255814
German Credit,R2_F1,2,1,990,0,0.08200033152873468,0.05999961230061122,0.08064516129032258
German Credit,R2_F1,2,1,991,0,0.2658438739513807,0.19893115349392376,0.15873015873015872
German Credit,R2_F2,2,2,0,0,0.051994466139439886,0.04930240073227737,0.03333333333333333
German Credit,R2_F2,2,2,2,0,0.05569622984898576,0.0524477888690141,0.03333333333333333
German Credit,R2_F2,2,2,7,0,0.45825716377047027,0.3759644797967332,0.40317901871762696
German Credit,R2_F2,2,2,13,1,0.6151074496607906,0.5158923609173817,0.4444444444444444
German Credit,R2_F2,2,2,14,0,0.8149321148783085,0.725551324908444,0.7228915662650602
German Credit,R2_F2,2,2,20,0,0.11371971099503186,0.09999113598785254,0.1111111111111111
German Credit,R2_F2,2,2,21,0,0.2533082290583386,0.20986034454971,0.23404255319148937
German Credit,R2_F2,2,2,23,0,0.10805682629205361,0.09545114191681585,0.1111111111111111
German Credit,R2_F2,2,2,24,0,0.05176432475448714,0.049106180748138654,0.03333333333333333
German Credit,R2_F2,2,2,31,0,0.7086701987114185,0.6083025738572415,0.6428571428571429
German Credit,R2_F2,2,2,33,0,0.1370101501810205,0.11852952407497652,0.1111111111111111
German Credit,R2_F2,2,2,35,1,0.5728260491428866,0.4765969378730605,0.4424778761061947
German Credit,R2_F2,2,2,40,0,0.31215059509380527,0.2563663858911235,0.25316455696202533
German Credit,R2_F2,2,2,43,0,0.19140242219680323,0.16132897759849657,0.14754098360655737
German Credit,R2_F2,2,2,45,0,0.2347878626221217,0.19532215777643824,0.19230769230769232
German Credit,R2_F2,2,2,47,0,0.20737793143449634,0.17384437838526218,0.19230769230769232
German Credit,R2_F2,2,2,51,0,0.1829956268163797,0.15473859411094432,0.14754098360655737
German Credit,R2_F2,2,2,53,0,0.03587330932138189,0.0353303337424719,0.0
German Credit,R2_F2,2,2,54,1,0.7773099544641869,0.6822010314974271,0.7228915662650602
German Credit,R2_F2,2,2,58,0,0.6712571921971145,0.5703442245146905,0.6153846153846154
German Credit,R2_F2,2,2,59,1,0.7973185527590937,0.7049710043710411,0.7228915662650602
German Credit,R2_F2,2,2,67,0,0.3519951469318328,0.2882785146069263,0.25316455696202533
German Credit,R2_F2,2,2,72,0,0.3878350030972422,0.31738061312799215,0.30434782608695654
German Credit,R2_F2,2,2,76,1,0.7948357093869806,0.7021114352931922,0.7228915662650602
German Credit,R2_F2,2,2,79,0,0.5895516423057648,0.4919815087935497,0.4424778761061947
German Credit,R2_F2,2,2,81,0,0.17442204242896606,0.14801170303978176,0.14754098360655737
German Credit,R2_F2,2,2,83,0,0.3422038345028062,0.2803971791210652,0.25316455696202533
German Credit,R2_F2,2,2,89,1,0.4725663857961053,0.3881361992980587,0.4424778761061947
German Credit,R2_F2,2,2,93,0,0.34332438110971025,0.28129775753922004,0.25316455696202533
German Credit,R2_F2,2,2,97,0,0.4195862005367374,0.343541377698698,0.30434782608695654
German Credit,R2_F2,2,2,114,0,0.32988234617249484,0.2705170192175426,0.25316455696202533
German Credit,R2_F2,2,2,118,1,0.4097544935828048,0.33539927117045254,0.30434782608695654
German Credit,R2_F2,2,2,119,0,0.24632830714866275,0.2043775002122114,0.19230769230769232
German Credit,R2_F2,2,2,121,0,0.10837286810563808,0.0957049137164919,0.1111111111111111
German Credit,R2_F2,2,2,123,0,0.37455843790919524,0.30655086551561206,0.25316455696202533
German Credit,R2_F2,2,2,129,1,0.37067233165928776,0.30339223605132837,0.25316455696202533
German Credit,R2_F2,2,2,130,0,0.5338115495669536,0.44145452190787554,0.4424778761061947
German Credit,R2_F2,2,2,131,1,0.8200997324070617,0.7316913933606982,0.7228915662650602
German Credit,R2_F2,2,2,132,0,0.39246188045415437,0.3211692879323929,0.30434782608695654
German Credit,R2_F2,2,2,136,0,0.09460756214365162,0.08460275694095519,0.1111111111111111
German Credit,R2_F2,2,2,139,0,0.38981806814292225,0.3190034866088499,0.30434782608695654
German Credit,R2_F2,2,2,145,0,0.6258602749786116,0.5261078386600464,0.5757575757575758
German Credit,R2_F2,2,2,149,0,0.03813766948536585,0.037324501437621,0.0
German Credit,R2_F2,2,2,165,0,0.08650779710073168,0.07801640534779301,0.1111111111111111
German Credit,R2_F2,2,2,174,1,0.5690973381757337,0.47319429243776323,0.4424778761061947
German Credit,R2_F2,2,2,201,0,0.7033666945832812,0.602831375528537,0.6428571428571429
German Credit,R2_F2,2,2,203,1,0.4398179814280058,0.3604221253499856,0.30434782608695654
German Credit,R2_F2,2,2,209,0,0.040544862631452655,0.03943178861031762,0.0
German Credit,R2_F2,2,2,210,0,0.012520409668844002,0.013760309694068851,0.0
German Credit,R2_F2,2,2,216,0,0.6204064556206186,0.5209147082310008,0.4444444444444444
German Credit,R2_F2,2,2,223,0,0.1294063100057303,0.1124977732444285,0.1111111111111111
German Credit,R2_F2,2,2,231,0,0.18274781685666427,0.15454425265195623,0.14754098360655737
German Credit,R2_F2,2,2,236,1,0.5681057758309512,0.47229106408279675,0.4424778761061947
German Credit,R2_F2,2,2,237,1,0.6446645640530405,0.5442067097606353,0.5757575757575758
German Credit,R2_F2,2,2,241,0,0.0918416508781924,0.0823585798514827,0.1111111111111111
German Credit,R2_F2,2,2,250,0,0.08256440556696372,0.07479298063822061,0.06666666666666667
German Credit,R2_F2,2,2,255,0,0.26950922660244914,0.2226086326374329,0.23404255319148937
German Credit,R2_F2,2,2,267,0,0.4399796514310994,0.3605577277494081,0.30434782608695654
German Credit,R2_F2,2,2,269,0,0.08490832993259961,0.0767103739119926,0.06666666666666667
German Credit,R2_F2,2,2,275,0,0.047614881112065494,0.04555395278383464,0.03333333333333333
German Credit,R2_F2,2,2,284,0,0.6237269242055766,0.5240735272616709,0.5757575757575758
German Credit,R2_F2,2,2,291,1,0.5925190497880221,0.49473230482441166,0.4444444444444444
German Credit,R2_F2,2,2,300,0,0.09602105397498721,0.08574776028087147,0.1111111111111111
German Credit,R2_F2,2,2,301,1,0.6116295085852081,0.5126083244782612,0.4444444444444444
German Credit,R2_F2,2,2,306,0,0.12331616073685568,0.10765321867736331,0.1111111111111111
German Credit,R2_F2,2,2,314,0,0.04528623359883794,0.043547787638929435,0.0
German Credit,R2_F2,2,2,321,1,0.7716310500029365,0.6758486338378173,0.7228915662650602
German Credit,R2_F2,2,2,323,0,0.48435406716361334,0.39823961065503866,0.4424778761061947
German Credit,R2_F2,2,2,328,0,0.5329152115802688,0.4406586399627551,0.4424778761061947
German Credit,R2_F2,2,2,330,0,0.18722774182603383,0.15805686760533302,0.14754098360655737
German Credit,R2_F2,2,2,351,1,0.2858044483404885,0.2354695477365932,0.23404255319148937
German Credit,R2_F2,2,2,353,1,0.7219616514500308,0.6221539080798204,0.6428571428571429
German Credit,R2_F2,2,2,358,0,0.14434585525332952,0.12433309029529294,0.1111111111111111
German Credit,R2_F2,2,2,365,0,0.10001612657689606,0.08897750657336585,0.1111111111111111
German Credit,R2_F2,2,2,366,0,0.03404642999129276,0.03371240028335064,0.0
German Credit,R2_F2,2,2,370,0,0.24213979493879764,0.20108964493824458,0.19230769230769232
German Credit,R2_F2,2,2,375,1,0.6924707158053137,0.5916869765018746,0.6428571428571429
German Credit,R2_F2,2,2,376,0,0.2155950527366016,0.180280768631156,0.19230769230769232
German Credit,R2_F2,2,2,378,1,0.852462171256602,0.7713048483002185,0.7228915662650602
German Credit,R2_F2,2,2,381,1,0.637650143399011,0.537419675779371,0.5757575757575758
German Credit,R2_F2,2,2,384,0,0.22760792554258624,0.1896932051791482,0.19230769230769232
German Credit,R2_F2,2,2,385,0,0.09086611760653795,0.0815658742501839,0.1111111111111111
German Credit,R2_F2,2,2,392,0,0.6999375860130997,0.5993102945843564,0.6428571428571429
German Credit,R2_F2,2,2,394,0,0.1476119555709319,0.12691271945538934,0.1111111111111111
German Credit,R2_F2,2,2,404,0,0.3984326243704271,0.3260698776656389,0.30434782608695654
German Credit,R2_F2,2,2,408,0,0.1444092133774723,0.12438315571731393,0.1111111111111111
German Credit,R2_F2,2,2,409,1,0.14858442752342924,0.1276803246523128,0.1111111111111111
German Credit,R2_F2,2,2,410,0,0.5215081907636189,0.4305726454024899,0.4424778761061947
German Credit,R2_F2,2,2,413,0,0.14450768785182222,0.1244609680629381,0.1111111111111111
German Credit,R2_F2,2,2,420,0,0.14764298172145163,0.12693721271525477,0.1111111111111111
German Credit,R2_F2,2,2,426,0,0.08671154525390216,0.07818263941090273,0.1111111111111111
German Credit,R2_F2,2,2,427,0,0.03664718538015625,0.03601322302855363,0.0
German Credit,R2_F2,2,2,433,0,0.21262480512990997,0.17795412339855196,0.19230769230769232
German Credit,R2_F2,2,2,437,0,0.0661146402517936,0.06120313219786108,0.06666666666666667
German Credit,R2_F2,2,2,438,0,0.6964487754405687,0.595740973463766,0.6428571428571429
German Credit,R2_F2,2,2,448,0,0.21287121133408846,0.1781471324325086,0.19230769230769232
German Credit,R2_F2,2,2,449,1,0.3408867787811006,0.27933911467557127,0.25316455696202533
German Credit,R2_F2,2,2,460,0,0.3083906683016007,0.25337530237140576,0.25316455696202533
German Credit,R2_F2,2,2,464,0,0.39200082629264116,0.3207914123534033,0.30434782608695654
German Credit,R2_F2,2,2,465,0,0.3067730209773009,0.2520893987111574,0.25316455696202533
German Credit,R2_F2,2,2,476,0,0.13381862860166427,0.11599998052454766,0.1111111111111111
German Credit,R2_F2,2,2,480,0,0.12804727929867132,0.11141780472474012,0.1111111111111111
German Credit,R2_F2,2,2,486,0,0.09038024434912288,0.08117082288052155,0.1111111111111111
German Credit,R2_F2,2,2,504,1,0.9039147006014039,0.8392506214588121,1.0
German Credit,R2_F2,2,2,506,0,0.05954261160252242,0.05569590618267975,0.03333333333333333
German Credit,R2_F2,2,2,508,0,0.24029297286774362,0.1996404365397918,0.19230769230769232
German Credit,R2_F2,2,2,510,1,0.5656263944894916,0.47003552365586326,0.4424778761061947
German Credit,R2_F2,2,2,515,0,0.16750224515507364,0.14257661405376842,0.14754098360655737
German Credit,R2_F2,2,2,519,0,0.06641172969192659,0.06145091630433306,0.06666666666666667
German Credit,R2_F2,2,2,521,1,0.4598004544713498,0.3772724743019029,0.4424778761061947
German Credit,R2_F2,2,2,533,0,0.09988739214209374,0.08887357785046855,0.1111111111111111
German Credit,R2_F2,2,2,534,0,0.16028827370730334,0.13690349142933758,0.14754098360655737
German Credit,R2_F2,2,2,540,1,0.3039755918121749,0.24986699482797506,0.25316455696202533
German Credit,R2_F2,2,2,541,0,0.4286523582035502,0.3510844079222856,0.30434782608695654
German Credit,R2_F2,2,2,547,0,0.3086031066947866,0.25354421690230927,0.25316455696202533
German Credit,R2_F2,2,2,557,1,0.4002037337245077,0.32752608523194504,0.30434782608695654
German Credit,R2_F2,2,2,560,0,0.3653126190325164,0.29904393281957153,0.25316455696202533
German Credit,R2_F2,2,2,571,0,0.14188635800695784,0.12238883900031776,0.1111111111111111
German Credit,R2_F2,2,2,573,0,0.7354956162888246,0.6364716402283834,0.7228915662650602
German Credit,R2_F2,2,2,585,1,0.6409053974987714,0.5405640238989519,0.5757575757575758
German Credit,R2_F2,2,2,586,0,0.2646577562694224,0.2187874893587455,0.23404255319148937
German Credit,R2_F2,2,2,588,1,0.6437349099724904,0.5433046971746124,0.5757575757575758
German Credit,R2_F2,2,2,591,0,0.6800184173145155,0.5791036373606463,0.6153846153846154
German Credit,R2_F2,2,2,597,1,0.4080166058362647,0.3339640246999325,0.30434782608695654
German Credit,R2_F2,2,2,604,0,0.5448205989231781,0.45127056865338055,0.4424778761061947
German Credit,R2_F2,2,2,605,0,0.4943350179388311,0.4068508791517626,0.4424778761061947
German Credit,R2_F2,2,2,615,0,0.6296855501506728,0.5297650652753874,0.5757575757575758
German Credit,R2_F2,2,2,619,0,0.28999046382542565,0.23878061686794133,0.23404255319148937
German Credit,R2_F2,2,2,622,1,0.42302870131941955,0.34640151681508224,0.30434782608695654
German Credit,R2_F2,2,2,627,1,0.5235722128675171,0.43239185011908365,0.4424778761061947
German Credit,R2_F2,2,2,636,0,0.1866327724463848,0.1575904455556634,0.14754098360655737
German Credit,R2_F2,2,2,638,0,0.2818785597137842,0.23236706650716768,0.23404255319148937
German Credit,R2_F2,2,2,642,1,0.18714587408332686,0.15799268933272406,0.14754098360655737
German Credit,R2_F2,2,2,643,0,0.0946005278401582,0.0845970556872323,0.1111111111111111
German Credit,R2_F2,2,2,652,1,0.686243153191143,0.5853739176725653,0.6428571428571429
German Credit,R2_F2,2,2,668,1,0.5029921240569113,0.4143633912473695,0.4424778761061947
German Credit,R2_F2,2,2,670,0,0.11414344414073473,0.1003302612387168,0.1111111111111111
German Credit,R2_F2,2,2,671,0,0.14028592787016372,0.1211228640331448,0.1111111111111111
German Credit,R2_F2,2,2,673,0,0.08809183274611702,0.07930800245565439,0.1111111111111111
German Credit,R2_F2,2,2,677,1,0.7321971695510148,0.6329616965253121,0.7228915662650602
German Credit,R2_F2,2,2,682,0,0.2931957766469395,0.24131815852814487,0.23404255319148937
German Credit,R2_F2,2,2,699,0,0.5314695540884542,0.4393760418994863,0.4424778761061947
German Credit,R2_F2,2,2,714,1,0.8062826410040499,0.7153793101132205,0.7228915662650602
German Credit,R2_F2,2,2,735,0,0.7566629072701607,0.6593252189423656,0.7228915662650602
German Credit,R2_F2,2,2,736,1,0.5815577117724534,0.4846033674263844,0.4424778761061947
German Credit,R2_F2,2,2,749,0,0.04841249632475142,0.046238953129541634,0.03333333333333333
German Credit,R2_F2,2,2,753,0,0.12013485471211112,0.1051172416881983,0.1111111111111111
German Credit,R2_F2,2,2,756,0,0.02584537834216481,0.026333555112992575,0.0
German Credit,R2_F2,2,2,765,0,0.21162312162139965,0.1771695158195004,0.19230769230769232
German Credit,R2_F2,2,2,772,0,0.018439806781045395,0.019461443828328796,0.0
German Credit,R2_F2,2,2,774,0,0.5043736704037564,0.41556609585609566,0.4424778761061947
German Credit,R2_F2,2,2,778,0,0.028179306484146197,0.02845475342356278,0.0
German Credit,R2_F2,2,2,785,0,0.31568234159335895,0.2591788629630052,0.25316455696202533
German Credit,R2_F2,2,2,789,1,0.7124680371737266,0.612239789921251,0.6428571428571429
German Credit,R2_F2,2,2,792,0,0.0451042450559814,0.043390594314987985,0.0
German Credit,R2_F2,2,2,793,0,0.5918969044714241,0.49415503090516344,0.4444444444444444
German Credit,R2_F2,2,2,797,0,0.19214133079076387,0.16190803464231576,0.14754098360655737
German Credit,R2_F2,2,2,799,0,0.30752463246917017,0.252686800291873,0.25316455696202533
German Credit,R2_F2,2,2,800,0,0.22519290461323735,0.18780051059814032,0.19230769230769232
German Credit,R2_F2,2,2,805,1,0.7763550799970472,0.6811296108052988,0.7228915662650602
German Credit,R2_F2,2,2,810,0,0.27694628311812824,0.2284729760497105,0.23404255319148937
German Credit,R2_F2,2,2,824,0,0.2319903834350611,0.19312860616506286,0.19230769230769232
German Credit,R2_F2,2,2,825,0,0.5229032855076402,0.43180198852222673,0.4424778761061947
German Credit,R2_F2,2,2,839,0,0.16661337776049445,0.1418780160370768,0.14754098360655737
German Credit,R2_F2,2,2,842,1,0.37603498665753055,0.30775231891188015,0.25316455696202533
German Credit,R2_F2,2,2,843,0,0.5454539475657368,0.45183761283480683,0.4424778761061947
German Credit,R2_F2,2,2,855,0,0.21915785674165159,0.18307181663826907,0.19230769230769232
German Credit,R2_F2,2,2,863,0,0.2900297595264443,0.2388117143152816,0.23404255319148937
German Credit,R2_F2,2,2,865,0,0.4454325468600551,0.3651382191598969,0.30434782608695654
German Credit,R2_F2,2,2,867,0,0.21738576136739915,0.18168354338856638,0.19230769230769232
German Credit,R2_F2,2,2,868,0,0.2466943552016917,0.20466491435509937,0.19230769230769232
German Credit,R2_F2,2,2,873,0,0.160415584738056,0.13700368014313596,0.14754098360655737
German Credit,R2_F2,2,2,885,1,0.8377716563024529,0.7530640833114386,0.7228915662650602
German Credit,R2_F2,2,2,896,0,0.7615340643880036,0.6646683115716592,0.7228915662650602
German Credit,R2_F2,2,2,897,0,0.021420616137526646,0.02225641368938285,0.0
German Credit,R2_F2,2,2,898,0,0.15658164371343342,0.13398530255329583,0.14754098360655737
German Credit,R2_F2,2,2,907,0,0.43393316557137146,0.3554939831051777,0.30434782608695654
German Credit,R2_F2,2,2,923,0,0.36997670731671223,0.3028273556032649,0.25316455696202533
German Credit,R2_F2,2,2,928,0,0.10401299380594058,0.09219966670199109,0.1111111111111111
German Credit,R2_F2,2,2,929,0,0.6426182816927879,0.5422222832656948,0.5757575757575758
German Credit,R2_F2,2,2,930,0,0.48919606808930016,0.40241055619759014,0.4424778761061947
German Credit,R2_F2,2,2,931,1,0.47070067378846514,0.38654350205664745,0.4424778761061947
German Credit,R2_F2,2,2,932,0,0.0685512051163116,0.06323252196319364,0.06666666666666667
German Credit,R2_F2,2,2,937,0,0.5531463837183311,0.45874540015457005,0.4424778761061947
German Credit,R2_F2,2,2,941,0,0.05995663921368069,0.056044387209339304,0.03333333333333333
German Credit,R2_F2,2,2,945,0,0.8247681103882405,0.7372799725565886,0.7228915662650602
German Credit,R2_F2,2,2,949,1,0.056133832773089774,0.052818328338848794,0.03333333333333333
German Credit,R2_F2,2,2,964,0,0.48412260930931444,0.39804053795588684,0.4424778761061947
German Credit,R2_F2,2,2,965,0,0.5309458671767989,0.4389117384771874,0.4424778761061947
German Credit,R2_F2,2,2,966,1,0.23666051205998273,0.19679083316223628,0.19230769230769232
German Credit,R2_F2,2,2,967,0,0.3387692168346738,0.277638963195168,0.25316455696202533
German Credit,R2_F2,2,2,968,0,0.19670500372661123,0.1654838914514828,0.14754098360655737
German Credit,R2_F2,2,2,971,0,0.2892266814216314,0.23817623902995805,0.23404255319148937
German Credit,R2_F2,2,2,975,0,0.554701052000154,0.46014617695436216,0.4424778761061947
German Credit,R2_F2,2,2,977,0,0.2598596501926298,0.21501151401209784,0.23404255319148937
German Credit,R2_F2,2,2,985,0,0.4466176794809369,0.3661355107943788,0.30434782608695654
German Credit,R2_F2,2,2,986,0,0.757849054279443,0.6606233036310908,0.7228915662650602
German Credit,R2_F2,2,2,987,0,0.11159505307367952,0.09828951036685839,0.1111111111111111
German Credit,R2_F2,2,2,993,0,0.785929137308361,0.6919339346034663,0.7228915662650602
German Credit,R2_F2,2,2,995,0,0.15247880144878054,0.13075224369054786,0.13615433247856004
German Credit,R2_F3,2,3,6,0,0.07316329111196364,0.06482021694517598,0.08333333333333333
German Credit,R2_F3,2,3,10,1,0.7613169618284049,0.6481123408475323,0.6421052631578947
German Credit,R2_F3,2,3,17,0,0.7555449616154736,0.6417152144527125,0.6421052631578947
German Credit,R2_F3,2,3,25,0,0.271959591829924,0.2157066955711562,0.18253968253968253
German Credit,R2_F3,2,3,26,0,0.1803624352069467,0.14677868155260834,0.14545454545454545
German Credit,R2_F3,2,3,30,0,0.23103642721792253,0.18483089974745398,0.18253968253968253
German Credit,R2_F3,2,3,39,0,0.4348432331055429,0.3429552310201498,0.27835051546391754
German Credit,R2_F3,2,3,50,0,0.4241110458558169,0.33425754222830817,0.27835051546391754
German Credit,R2_F3,2,3,61,0,0.03171882313544721,0.030798910134153312,0.0
German Credit,R2_F3,2,3,71,0,0.02010509707866149,0.02055583097384193,0.0
German Credit,R2_F3,2,3,80,1,0.05421342839917376,0.04960118089308292,0.041666666666666664
German Credit,R2_F3,2,3,85,0,0.09108068704994554,0.0788859822360216,0.125
German Credit,R2_F3,2,3,99,0,0.1978330351795494,0.15989498458722834,0.18253968253968253
German Credit,R2_F3,2,3,101,0,0.6259572424872785,0.5097073095530921,0.5580138652130011
German Credit,R2_F3,2,3,105,1,0.5545166934866359,0.4443306155388101,0.5370370370370371
German Credit,R2_F3,2,3,112,0,0.49498921465361306,0.39281202823825184,0.42857142857142855
German Credit,R2_F3,2,3,113,1,0.5783014179580656,0.46562604158129023,0.5370370370370371
German Credit,R2_F3,2,3,115,0,0.0530980805098063,0.048691008192537404,0.041666666666666664
German Credit,R2_F3,2,3,116,1,0.5376463344927876,0.42948358199963793,0.42857142857142855
German Credit,R2_F3,2,3,122,0,0.19960369863802518,0.16122394492650355,0.18253968253968253
German Credit,R2_F3,2,3,124,1,0.43965080354710123,0.3468696058801856,0.27835051546391754
German Credit,R2_F3,2,3,126,0,0.6223319213524142,0.5062824451353711,0.5370370370370371
German Credit,R2_F3,2,3,133,0,0.42622589521676124,0.33596712295926906,0.27835051546391754
German Credit,R2_F3,2,3,137,1,0.1404395591696619,0.1166951036977519,0.13333333333333333
German Credit,R2_F3,2,3,143,1,0.5368764008331651,0.42881086023713216,0.42857142857142855
German Credit,R2_F3,2,3,147,0,0.07179697587997216,0.06373630266023873,0.08333333333333333
German Credit,R2_F3,2,3,148,0,0.5310669391780991,0.4237482538995724,0.42857142857142855
German Credit,R2_F3,2,3,150,0,0.1487948506021001,0.12301306344755104,0.14545454545454545
German Credit,R2_F3,2,3,151,0,0.044235875129345716,0.04138707002605241,0.0
German Credit,R2_F3,2,3,152,0,0.6523481844010764,0.5350248997048546,0.5609756097560976
German Credit,R2_F3,2,3,160,0,0.06825126558055604,0.060914726715176275,0.08333333333333333
German Credit,R2_F3,2,3,168,0,0.19866040475606173,0.16051596276335456,0.18253968253968253
German Credit,R2_F3,2,3,176,0,0.5194801914664954,0.4137200767870871,0.42857142857142855
German Credit,R2_F3,2,3,180,1,0.4589406297545487,0.3626937809065993,0.27835051546391754
German Credit,R2_F3,2,3,181,1,0.5774910841778635,0.4648932063670215,0.5370370370370371
German Credit,R2_F3,2,3,182,1,0.5573949287302785,0.44688451060854345,0.5370370370370371
German Credit,R2_F3,2,3,186,1,0.3651734599490219,0.2873975560936866,0.2719326310823392
German Credit,R2_F3,2,3,190,1,0.06831934936635466,0.06096902859911217,0.08333333333333333
German Credit,R2_F3,2,3,192,1,0.5208345508096252,0.414887598054163,0.42857142857142855
German Credit,R2_F3,2,3,194,1,0.6424628293738008,0.5254602379683652,0.5609756097560976
German Credit,R2_F3,2,3,202,0,0.24459846710143662,0.195038566302013,0.18253968253968253
German Credit,R2_F3,2,3,204,0,0.07186390312905358,0.06378943928459622,0.08333333333333333
German Credit,R2_F3,2,3,205,0,0.7124795707099842,0.5955365066844286,0.6421052631578947
German Credit,R2_F3,2,3,212,1,0.6860024360314624,0.5683720395269932,0.6421052631578947
German Credit,R2_F3,2,3,235,1,0.5870341680179677,0.4735575410828282,0.5370370370370371
German Credit,R2_F3,2,3,238,0,0.09994579208659948,0.08576069416084471,0.125
German Credit,R2_F3,2,3,242,1,0.8130970866430677,0.7080506455482722,0.6421052631578947
German Credit,R2_F3,2,3,243,0,0.10257144764412263,0.08778799125601407,0.125
German Credit,R2_F3,2,3,248,0,0.531477763047148,0.42410549346556425,0.42857142857142855
German Credit,R2_F3,2,3,252,1,0.7056852724378505,0.588482494288453,0.6421052631578947
German Credit,R2_F3,2,3,253,0,0.20660084650783805,0.16647577419368487,0.18253968253968253
German Credit,R2_F3,2,3,256,0,0.07140283533500383,0.06342328655492285,0.08333333333333333
German Credit,R2_F3,2,3,259,0,0.07655112236049805,0.06750021774560996,0.08333333333333333
German Credit,R2_F3,2,3,260,0,0.34609931367701957,0.2725199558937885,0.1935483870967742
German Credit,R2_F3,2,3,263,0,0.27910763696558977,0.22112707582919347,0.18253968253968253
German Credit,R2_F3,2,3,274,1,0.853461184250741,0.7585280617520725,0.8333333333333334
German Credit,R2_F3,2,3,278,1,0.11061467450587097,0.09397606059650462,0.13333333333333333
German Credit,R2_F3,2,3,285,0,0.8675921366233919,0.7771442110259645,0.8333333333333334
German Credit,R2_F3,2,3,287,0,0.5509750095885724,0.4411965013795442,0.5370370370370371
German Credit,R2_F3,2,3,288,0,0.11604930207846224,0.0981401131197005,0.13333333333333333
German Credit,R2_F3,2,3,290,0,0.056685611086833655,0.051612116544294026,0.041666666666666664
German Credit,R2_F3,2,3,296,0,0.07511524069837146,0.06636563267256322,0.08333333333333333
German Credit,R2_F3,2,3,297,0,0.08700910527399569,0.07571147461570131,0.125
German Credit,R2_F3,2,3,309,0,0.5588221360481981,0.4481531983883756,0.5370370370370371
German Credit,R2_F3,2,3,320,1,0.8390343779484247,0.7400539535040809,0.8333333333333334
German Credit,R2_F3,2,3,334,1,0.8338584092402908,0.7335479467091163,0.8333333333333334
German Credit,R2_F3,2,3,335,1,0.1840479778898131,0.14954668320337147,0.14545454545454545
German Credit,R2_F3,2,3,344,0,0.15620198796479434,0.12860216170662261,0.14545454545454545
German Credit,R2_F3,2,3,352,0,0.03389469563627664,0.032667311669297615,0.0
German Credit,R2_F3,2,3,355,1,0.6168768173504795,0.5011521303065007,0.5370370370370371
German Credit,R2_F3,2,3,362,0,0.48845191480836037,0.3872942150751688,0.42857142857142855
German Credit,R2_F3,2,3,363,0,0.1591674009611527,0.13083707347242815,0.14545454545454545
German Credit,R2_F3,2,3,364,1,0.5844436977267612,0.4711982237453413,0.5370370370370371
German Credit,R2_F3,2,3,373,0,0.6330582714309041,0.5164519742406032,0.5609756097560976
German Credit,R2_F3,2,3,383,0,0.5560084312367842,0.445653479026151,0.5370370370370371
German Credit,R2_F3,2,3,397,0,0.6468671376896589,0.5297093325455873,0.5609756097560976
German Credit,R2_F3,2,3,398,1,0.4156314703551543,0.327423850861717,0.27835051546391754
German Credit,R2_F3,2,3,400,0,0.07698995084617614,0.06784659550707389,0.08333333333333333
German Credit,R2_F3,2,3,401,0,0.4538409194739701,0.3584914561389923,0.27835051546391754
German Credit,R2_F3,2,3,403,0,0.41479185429863064,0.3267490006259296,0.27835051546391754
German Credit,R2_F3,2,3,405,1,0.4240806125696874,0.3342329562641435,0.27835051546391754
German Credit,R2_F3,2,3,414,1,0.7299474198893496,0.6139516291034122,0.6421052631578947
German Credit,R2_F3,2,3,417,0,0.7203790282591213,0.6038135201380292,0.6421052631578947
German Credit,R2_F3,2,3,425,0,0.3200279483153979,0.25237516904292506,0.1935483870967742
German Credit,R2_F3,2,3,430,0,0.029424642000866797,0.0288138458175927,0.0
German Credit,R2_F3,2,3,440,0,0.16105111628297372,0.13225605173405575,0.14545454545454545
German Credit,R2_F3,2,3,443,1,0.25322821880806595,0.2015452028585028,0.18253968253968253
German Credit,R2_F3,2,3,447,0,0.05127848287624905,0.0472020571600366,0.0
German Credit,R2_F3,2,3,451,0,0.11213751314505253,0.09514417575513485,0.13333333333333333
German Credit,R2_F3,2,3,456,0,0.26159828860694334,0.20786617034872698,0.18253968253968253
German Credit,R2_F3,2,3,458,0,0.5411964046751264,0.4325908383508449,0.5370370370370371
German Credit,R2_F3,2,3,459,0,0.13727785183646637,0.11430001548120852,0.13333333333333333
German Credit,R2_F3,2,3,470,1,0.5632311101280509,0.4520822298951539,0.5370370370370371
German Credit,R2_F3,2,3,478,0,0.20605979052672677,0.16606965128877665,0.18253968253968253
German Credit,R2_F3,2,3,479,0,0.3739963315317145,0.2943231753056265,0.27835051546391754
German Credit,R2_F3,2,3,482,0,0.38253366363341157,0.30105271315178844,0.27835051546391754
German Credit,R2_F3,2,3,483,0,0.08532034134491116,0.07439132432138845,0.125
German Credit,R2_F3,2,3,488,0,0.06253351780092715,0.05633604288657717,0.041666666666666664
German Credit,R2_F3,2,3,499,0,0.28591096342481875,0.22629548839524932,0.18253968253968253
German Credit,R2_F3,2,3,502,0,0.20682214667103396,0.16664188644356362,0.18253968253968253
German Credit,R2_F3,2,3,513,0,0.6131275440432321,0.4976419817291492,0.5370370370370371
German Credit,R2_F3,2,3,514,0,0.0835079064568675,0.0729721224780274,0.08333333333333333
German Credit,R2_F3,2,3,517,1,0.29969711894242046,0.23679958182048763,0.18253968253968253
German Credit,R2_F3,2,3,518,0,0.4484970432421908,0.35410261833524975,0.27835051546391754
German Credit,R2_F3,2,3,520,0,0.15497932640106235,0.12768027389807213,0.14545454545454545
German Credit,R2_F3,2,3,523,0,0.08442136275100347,0.07368770426741265,0.08333333333333333
German Credit,R2_F3,2,3,528,1,0.8449504523717452,0.7475678071056613,0.8333333333333334
German Credit,R2_F3,2,3,535,1,0.45481353058455626,0.359291854292638,0.27835051546391754
German Credit,R2_F3,2,3,544,0,0.050882217803721395,0.04687710880994198,0.0
German Credit,R2_F3,2,3,551,0,0.13637705782785786,0.11361715967113013,0.13333333333333333
German Credit,R2_F3,2,3,553,0,0.3941673922919387,0.31026945313967946,0.27835051546391754
German Credit,R2_F3,2,3,555,1,0.36944707305698005,0.2907485764368167,0.27835051546391754
German Credit,R2_F3,2,3,563,1,0.5354481647131601,0.42756405543063347,0.42857142857142855
German Credit,R2_F3,2,3,565,0,0.5566110326296724,0.44618833430150545,0.5370370370370371
German Credit,R2_F3,2,3,567,0,0.032128239746343386,0.031151498729151583,0.0
German Credit,R2_F3,2,3,574,0,0.3850652583738383,0.30305371104291123,0.27835051546391754
German Credit,R2_F3,2,3,577,0,0.23177156420737136,0.18538373589285667,0.18253968253968253
German Credit,R2_F3,2,3,580,1,0.4025169329990817,0.3169187979377949,0.27835051546391754
German Credit,R2_F3,2,3,587,0,0.22836805706533223,0.1828246336292762,0.18253968253968253
German Credit,R2_F3,2,3,590,0,0.24912402640100897,0.1984495025238312,0.18253968253968253
German Credit,R2_F3,2,3,593,1,0.7771255824193855,0.6659088241716155,0.6421052631578947
German Credit,R2_F3,2,3,609,0,0.12091765922312836,0.10185990536228609,0.13333333333333333
German Credit,R2_F3,2,3,620,0,0.18819976451256637,0.1526640152116314,0.14545454545454545
German Credit,R2_F3,2,3,621,1,0.35558230273072255,0.2799008596213586,0.1935483870967742
German Credit,R2_F3,2,3,623,0,0.723369123841577,0.6069682316865382,0.6421052631578947
German Credit,R2_F3,2,3,631,1,0.687170371700223,0.569552300178797,0.6421052631578947
German Credit,R2_F3,2,3,653,1,0.5395660626136961,0.4311627459894663,0.5370370370370371
German Credit,R2_F3,2,3,655,0,0.5394798108615632,0.43108724664703146,0.5370370370370371
German Credit,R2_F3,2,3,656,1,0.7325697583156899,0.6167521871509806,0.6421052631578947
German Credit,R2_F3,2,3,657,0,0.16894526222255082,0.13819740705222616,0.14545454545454545
German Credit,R2_F3,2,3,658,0,0.8052123197390575,0.6986033576848911,0.6421052631578947
German Credit,R2_F3,2,3,661,1,0.7192987055450831,0.6026766791723026,0.6421052631578947
German Credit,R2_F3,2,3,672,0,0.4304150314265652,0.33935977217938373,0.27835051546391754
German Credit,R2_F3,2,3,674,1,0.34136563790712665,0.26884672831095185,0.1935483870967742
German Credit,R2_F3,2,3,678,0,0.6841303999463361,0.5664835904666302,0.6421052631578947
German Credit,R2_F3,2,3,681,0,0.10852199398909888,0.09236910028827523,0.13333333333333333
German Credit,R2_F3,2,3,683,0,0.13561574495431816,0.1130398678645023,0.13333333333333333
German Credit,R2_F3,2,3,684,0,0.4646818607693585,0.3674414460058529,0.3333333333333333
German Credit,R2_F3,2,3,687,0,0.6804753457274718,0.56280825719779,0.6190103808428742
German Credit,R2_F3,2,3,690,0,0.4452588988027634,0.35145037474972307,0.27835051546391754
German Credit,R2_F3,2,3,697,0,0.13698690883179243,0.1140794870007027,0.13333333333333333
German Credit,R2_F3,2,3,700,1,0.16571072995440062,0.13576395211538234,0.14545454545454545
German Credit,R2_F3,2,3,702,0,0.5616346573691259,0.4506578490224463,0.5370370370370371
German Credit,R2_F3,2,3,703,0,0.553916858224698,0.4437991534900388,0.5370370370370371
German Credit,R2_F3,2,3,705,0,0.1932050101904156,0.15642132026826597,0.14545454545454545
German Credit,R2_F3,2,3,708,0,0.5256236820993788,0.41902588415977265,0.42857142857142855
German Credit,R2_F3,2,3,709,0,0.2048000415620365,0.16512409067714967,0.18253968253968253
German Credit,R2_F3,2,3,728,1,0.8734136558852343,0.7849751895380311,0.8333333333333334
German Credit,R2_F3,2,3,732,0,0.08620962611076805,0.07508676249427927,0.125
German Credit,R2_F3,2,3,734,0,0.036210258093830626,0.034641617347365664,0.0
German Credit,R2_F3,2,3,740,0,0.7462996174601488,0.6315758188102568,0.6421052631578947
German Credit,R2_F3,2,3,742,0,0.054629575801306486,0.04994030221211641,0.041666666666666664
German Credit,R2_F3,2,3,744,0,0.6384871193447202,0.5216413831928842,0.5609756097560976
German Credit,R2_F3,2,3,750,0,0.36551181742439526,0.28766262514522883,0.27835051546391754
German Credit,R2_F3,2,3,754,1,0.08035375580778438,0.07049618113176229,0.08333333333333333
German Credit,R2_F3,2,3,760,0,0.06824122406174161,0.0609067174397655,0.08333333333333333
German Credit,R2_F3,2,3,771,1,0.8800548876502982,0.7940314542197274,0.8333333333333334
German Credit,R2_F3,2,3,780,1,0.31691387436323243,0.24998235486822795,0.1935483870967742
German Credit,R2_F3,2,3,786,0,0.07537777906934413,0.06657322156324356,0.08333333333333333
German Credit,R2_F3,2,3,796,1,0.18884213676542827,0.15314627063462655,0.14545454545454545
German Credit,R2_F3,2,3,802,0,0.5049947404665357,0.4013078397861875,0.42857142857142855
German Credit,R2_F3,2,3,809,1,0.6872690639833038,0.5696521076427571,0.6421052631578947
German Credit,R2_F3,2,3,816,0,0.0319802019697363,0.03102406519462122,0.0
German Credit,R2_F3,2,3,817,0,0.04279668056553459,0.040187540179884,0.0
German Credit,R2_F3,2,3,819,1,0.7014728892316476,0.5841385551161031,0.6421052631578947
German Credit,R2_F3,2,3,830,0,0.19308373902586703,0.15633029303429727,0.14545454545454545
German Credit,R2_F3,2,3,831,1,0.8916435131249338,0.8101667729025336,0.8333333333333334
German Credit,R2_F3,2,3,833,0,0.22290325908695344,0.17871758547456248,0.18253968253968253
German Credit,R2_F3,2,3,837,0,0.10425566887954522,0.08908644280265782,0.125
German Credit,R2_F3,2,3,845,0,0.10287011187244777,0.08801835596205908,0.125
German Credit,R2_F3,2,3,848,0,0.16831630842485623,0.13772431681919114,0.14545454545454545
German Credit,R2_F3,2,3,849,1,0.48542637442418596,0.3847491590503594,0.42857142857142855
German Credit,R2_F3,2,3,853,1,0.8188936847914247,0.7150766267807876,0.6421052631578947
German Credit,R2_F3,2,3,856,0,0.03764346455681573,0.035856840289172506,0.0
German Credit,R2_F3,2,3,862,1,0.7185434129775015,0.6018827991803262,0.6421052631578947
German Credit,R2_F3,2,3,878,1,0.6001565966269512,0.48559573707079995,0.5370370370370371
German Credit,R2_F3,2,3,883,0,0.07960148906594142,0.06990447350560446,0.08333333333333333
German Credit,R2_F3,2,3,893,0,0.26314644139921767,0.20903651566082054,0.18253968253968253
German Credit,R2_F3,2,3,899,1,0.4892514135488189,0.3879676544706057,0.42857142857142855
German Credit,R2_F3,2,3,902,0,0.134675726569401,0.11232684606457058,0.13333333333333333
German Credit,R2_F3,2,3,905,0,0.6127108675229348,0.49725267135479484,0.5370370370370371
German Credit,R2_F3,2,3,910,0,0.4056664852007282,0.31943475271855576,0.27835051546391754
German Credit,R2_F3,2,3,916,0,0.03919842476046206,0.0371697904903254,0.0
German Credit,R2_F3,2,3,920,0,0.2752613316101983,0.21820919793413218,0.18253968253968253
German Credit,R2_F3,2,3,922,1,0.571185378807816,0.4592085134336563,0.5370370370370371
German Credit,R2_F3,2,3,924,1,0.7606099475234817,0.6473259307275837,0.6421052631578947
German Credit,R2_F3,2,3,934,0,0.7304398311463783,0.6144767713574318,0.6421052631578947
German Credit,R2_F3,2,3,935,1,0.6489577559161603,0.5317331836584223,0.5609756097560976
German Credit,R2_F3,2,3,939,0,0.019443748284974974,0.019955430669609968,0.0
German Credit,R2_F3,2,3,944,0,0.33472810673518394,0.2637081631027227,0.1935483870967742
German Credit,R2_F3,2,3,948,1,0.16286754551897845,0.133623861600243,0.14545454545454545
German Credit,R2_F3,2,3,950,0,0.33573934259102894,0.26449014229190365,0.1935483870967742
German Credit,R2_F3,2,3,953,1,0.6292924945150402,0.51286915248757,0.5609756097560976
German Credit,R2_F3,2,3,961,0,0.5667133413627389,0.45519593270317826,0.5370370370370371
German Credit,R2_F3,2,3,973,1,0.8862422735105242,0.8025920230756509,0.8333333333333334
German Credit,R2_F3,2,3,984,0,0.06736205117382611,0.0602050565041282,0.08333333333333333
German Credit,R2_F3,2,3,992,0,0.45004205215747467,0.35536998097646166,0.27835051546391754
German Credit,R2_F3,2,3,996,0,0.5034432978182939,0.39998640903689525,0.42857142857142855
German Credit,R2_F3,2,3,998,1,0.8452220711401587,0.7479148150788036,0.8333333333333334
German Credit,R2_F3,2,3,999,0,0.4706756789553935,0.3724172540059125,0.4
German Credit,R2_F4,2,4,5,0,0.40447539782342395,0.323877044744519,0.30864197530864196
German Credit,R2_F4,2,4,8,0,0.035026812193981,0.031534579993288826,0.03333333333333333
German Credit,R2_F4,2,4,11,1,0.8489892571421027,0.7692335321015562,0.7884615384615384
German Credit,R2_F4,2,4,22,0,0.13253028460375155,0.1085707522878499,0.0967741935483871
German Credit,R2_F4,2,4,32,0,0.5008523851239669,0.4066588573638024,0.3584905660377358
German Credit,R2_F4,2,4,49,0,0.3157778093653539,0.2514910830603198,0.30864197530864196
German Credit,R2_F4,2,4,57,0,0.6409328804063633,0.5376570310961428,0.5
German Credit,R2_F4,2,4,62,1,0.7799015996136306,0.6857424054051436,0.7884615384615384
German Credit,R2_F4,2,4,64,0,0.30638291490073827,0.24399204952918918,0.23214285714285715
German Credit,R2_F4,2,4,70,0,0.508149387271174,0.4131397250119088,0.3584905660377358
German Credit,R2_F4,2,4,74,1,0.6131911457951763,0.5104956433174895,0.42857142857142855
German Credit,R2_F4,2,4,75,0,0.262297443808275,0.20914663509420625,0.23214285714285715
German Credit,R2_F4,2,4,84,0,0.2808364061728024,0.22373536242352823,0.23214285714285715
German Credit,R2_F4,2,4,87,1,0.7714811371474282,0.6760906916970234,0.7884615384615384
German Credit,R2_F4,2,4,88,0,0.4273425967578853,0.3430815540734953,0.3333333333333333
German Credit,R2_F4,2,4,90,0,0.028595584580272216,0.026162196161441772,0.03333333333333333
German Credit,R2_F4,2,4,96,0,0.026512842518738474,0.024403829168798158,0.03333333333333333
German Credit,R2_F4,2,4,102,0,0.08918325733634426,0.07489826375401691,0.07547169811320754
German Credit,R2_F4,2,4,107,0,0.3887903627709985,0.3108439656018072,0.30864197530864196
German Credit,R2_F4,2,4,109,0,0.22004925353401886,0.17618654560688934,0.23214285714285715
German Credit,R2_F4,2,4,110,0,0.37211523302282506,0.2971053372413556,0.30864197530864196
German Credit,R2_F4,2,4,127,1,0.5338862647761685,0.4362689710742213,0.38461538461538464
German Credit,R2_F4,2,4,128,0,0.2192010710174045,0.17552819607129352,0.23214285714285715
German Credit,R2_F4,2,4,134,0,0.3643197283274484,0.29072213159283566,0.30864197530864196
German Credit,R2_F4,2,4,140,0,0.10331341071227329,0.08592606585300568,0.07547169811320754
German Credit,R2_F4,2,4,153,0,0.3642377091196915,0.29065510153696705,0.30864197530864196
German Credit,R2_F4,2,4,161,0,0.3240658057076508,0.25813034722707046,0.30864197530864196
German Credit,R2_F4,2,4,163,0,0.77217240668284,0.6768791981155541,0.7884615384615384
German Credit,R2_F4,2,4,166,1,0.7190200132059368,0.6181086769916008,0.6
German Credit,R2_F4,2,4,167,0,0.3182922430490853,0.2535029219907077,0.30864197530864196
German Credit,R2_F4,2,4,173,0,0.06280420474305919,0.054071687181784206,0.03333333333333333
German Credit,R2_F4,2,4,175,1,0.2641989551586834,0.2106390360219588,0.23214285714285715
German Credit,R2_F4,2,4,177,0,0.11735326095282061,0.09682771502593383,0.07692307692307693
German Credit,R2_F4,2,4,178,0,0.07509142627341332,0.06382065302690618,0.03333333333333333
German Credit,R2_F4,2,4,183,0,0.038570173464904996,0.03446298046222899,0.03333333333333333
German Credit,R2_F4,2,4,187,0,0.48466436046111044,0.39239698173732335,0.3584905660377358
German Credit,R2_F4,2,4,193,0,0.05279558548532176,0.046047220958115094,0.03333333333333333
German Credit,R2_F4,2,4,206,0,0.04001678383561343,0.03565291921280042,0.03333333333333333
German Credit,R2_F4,2,4,208,0,0.7970439514167152,0.7057171217011498,0.7884615384615384
German Credit,R2_F4,2,4,214,0,0.032330586476482695,0.02929197756457498,0.03333333333333333
German Credit,R2_F4,2,4,218,0,0.760432099328315,0.6635783880633883,0.7142857142857143
German Credit,R2_F4,2,4,219,0,0.12379068122198851,0.10181279072808898,0.0967741935483871
German Credit,R2_F4,2,4,221,0,0.7693673255736719,0.6736837471653733,0.7884615384615384
German Credit,R2_F4,2,4,225,0,0.4694132883071533,0.37910105622163504,0.3584905660377358
German Credit,R2_F4,2,4,226,1,0.5427100771548836,0.4442998609636747,0.391304347826087
German Credit,R2_F4,2,4,227,1,0.768934365126514,0.6731915245378152,0.7884615384615384
German Credit,R2_F4,2,4,228,1,0.06988838599531916,0.05970432143666565,0.03333333333333333
German Credit,R2_F4,2,4,229,0,0.7494970722667693,0.6513589533650714,0.7142857142857143
German Credit,R2_F4,2,4,234,0,0.009081291008001023,0.009120791331517721,0.0
German Credit,R2_F4,2,4,239,0,0.24930999538469586,0.1989757517433862,0.23214285714285715
German Credit,R2_F4,2,4,240,1,0.802466261537409,0.712130252260248,0.7884615384615384
German Credit,R2_F4,2,4,254,0,0.19222824023160137,0.15464288767130238,0.2
German Credit,R2_F4,2,4,264,0,0.036717271409240596,0.03293418187652574,0.03333333333333333
German Credit,R2_F4,2,4,265,1,0.4150577919139878,0.33273354769929586,0.3333333333333333
German Credit,R2_F4,2,4,268,1,0.5265612308301515,0.4296420715544752,0.38461538461538464
German Credit,R2_F4,2,4,270,0,0.05267960993042631,0.04595370713287293,0.03333333333333333
German Credit,R2_F4,2,4,272,0,0.7836745629860927,0.6901006412876115,0.7884615384615384
German Credit,R2_F4,2,4,276,0,0.07482795031613622,0.06361258647892326,0.03333333333333333
German Credit,R2_F4,2,4,279,0,0.2200083644058987,0.17615480536634215,0.23214285714285715
German Credit,R2_F4,2,4,282,0,0.23124293374940072,0.1848859684625765,0.23214285714285715
German Credit,R2_F4,2,4,294,0,0.39700416474993877,0.3176553108908433,0.30864197530864196
German Credit,R2_F4,2,4,299,0,0.09228394314598455,0.07732409581955425,0.07547169811320754
German Credit,R2_F4,2,4,303,0,0.5250478522603402,0.42827736663096955,0.38461538461538464
German Credit,R2_F4,2,4,305,0,0.07325174796789558,0.06236703891509664,0.03333333333333333
German Credit,R2_F4,2,4,312,0,0.35591928201897954,0.28387064529400907,0.30864197530864196
German Credit,R2_F4,2,4,331,1,0.11545022211780907,0.09535259355401332,0.07692307692307693
German Credit,R2_F4,2,4,337,1,0.6202806202800358,0.5173728401069502,0.42857142857142855
German Credit,R2_F4,2,4,339,0,0.609235957625116,0.5066773847097725,0.42857142857142855
German Credit,R2_F4,2,4,348,0,0.04741904827242897,0.041697329338640676,0.03333333333333333
German Credit,R2_F4,2,4,350,0,0.22383052610801035,0.17912291167835986,0.23214285714285715
German Credit,R2_F4,2,4,357,1,0.2926610038336215,0.23308801110516625,0.23214285714285715
German Credit,R2_F4,2,4,359,1,0.6113944470447843,0.508759518395657,0.42857142857142855
German Credit,R2_F4,2,4,361,0,0.10248920706516802,0.08528456436747961,0.07547169811320754
German Credit,R2_F4,2,4,379,0,0.07048080398596332,0.06017383232820023,0.03333333333333333
German Credit,R2_F4,2,4,382,0,0.3124157916034418,0.2488042829229307,0.23214285714285715
German Credit,R2_F4,2,4,387,0,0.7205305040292282,0.6197299478739798,0.6
German Credit,R2_F4,2,4,388,0,0.3242365860649495,0.25826739506099594,0.30864197530864196
German Credit,R2_F4,2,4,407,0,0.359041820788313,0.2864141936405776,0.30864197530864196
German Credit,R2_F4,2,4,418,0,0.14966572388615962,0.12179910859030454,0.125
German Credit,R2_F4,2,4,423,0,0.04546004452013883,0.0401044110888973,0.03333333333333333
German Credit,R2_F4,2,4,428,0,0.1334551069209692,0.10928533082481019,0.0967741935483871
German Credit,R2_F4,2,4,429,1,0.45523801482040516,0.36685993348811374,0.3584905660377358
German Credit,R2_F4,2,4,431,1,0.7876990233160237,0.6947727978310915,0.7884615384615384
German Credit,R2_F4,2,4,442,0,0.36986389704785055,0.2952593459746096,0.30864197530864196
German Credit,R2_F4,2,4,463,0,0.44248692538316003,0.3559409856428429,0.3333333333333333
German Credit,R2_F4,2,4,467,0,0.2397704152693042,0.19152821512543616,0.23214285714285715
German Credit,R2_F4,2,4,471,1,0.38286130078449276,0.3059455268674992,0.30864197530864196
German Credit,R2_F4,2,4,473,0,0.06307259851652601,0.054285737579807904,0.03333333333333333
German Credit,R2_F4,2,4,475,1,0.6227426414538363,0.5197712329905788,0.42857142857142855
German Credit,R2_F4,2,4,477,0,0.429152377697052,0.3446122290813873,0.3333333333333333
German Credit,R2_F4,2,4,481,0,0.7764498407387693,0.681773525213402,0.7884615384615384
German Credit,R2_F4,2,4,489,0,0.2669209581806598,0.21277691730940637,0.23214285714285715
German Credit,R2_F4,2,4,491,1,0.7819923834586101,0.6881549137709634,0.7884615384615384
German Credit,R2_F4,2,4,493,0,0.16042007895879898,0.13009422466621348,0.125
German Credit,R2_F4,2,4,498,0,0.20805540359646127,0.16688688308577262,0.23214285714285715
German Credit,R2_F4,2,4,500,1,0.8244719777264148,0.7386564345989199,0.7884615384615384
German Credit,R2_F4,2,4,509,0,0.18047953493206334,0.1455694008357723,0.125
German Credit,R2_F4,2,4,511,0,0.14023925952109526,0.1145246767856376,0.0967741935483871
German Credit,R2_F4,2,4,516,0,0.07789389389522906,0.06603140770721491,0.03333333333333333
German Credit,R2_F4,2,4,525,0,0.539679384707951,0.441535516837352,0.38461538461538464
German Credit,R2_F4,2,4,527,0,0.01018959663564331,0.010137613999399274,0.0
German Credit,R2_F4,2,4,531,1,0.5399459054352086,0.441778361769656,0.38461538461538464
German Credit,R2_F4,2,4,532,0,0.086525485181131,0.0728159144907798,0.07547169811320754
German Credit,R2_F4,2,4,537,0,0.3747491353648667,0.2992676527720335,0.30864197530864196
German Credit,R2_F4,2,4,539,0,0.32395719220601094,0.2580431921787043,0.30864197530864196
German Credit,R2_F4,2,4,543,1,0.18358827938742175,0.14796927938611906,0.125
German Credit,R2_F4,2,4,545,1,0.6746304779651894,0.5716050252466118,0.6
German Credit,R2_F4,2,4,546,0,0.16546064348388648,0.13398185848935468,0.125
German Credit,R2_F4,2,4,548,1,0.6378751436752627,0.5346297081066079,0.5
German Credit,R2_F4,2,4,549,0,0.05289451820764763,0.04612698227954481,0.03333333333333333
German Credit,R2_F4,2,4,552,1,0.38578003653458376,0.3083550214043808,0.30864197530864196
German Credit,R2_F4,2,4,556,1,0.647460954426034,0.5441489492809275,0.5
German Credit,R2_F4,2,4,558,1,0.5813215099071702,0.48009226874603467,0.391304347826087
German Credit,R2_F4,2,4,566,1,0.36841948733627977,0.2940760827218072,0.30864197530864196
German Credit,R2_F4,2,4,570,1,0.7268877645781243,0.6265831368308921,0.6
German Credit,R2_F4,2,4,576,0,0.21010852529878768,0.16847737816999228,0.23214285714285715
German Credit,R2_F4,2,4,584,0,0.15764435548547892,0.12795341462181933,0.125
German Credit,R2_F4,2,4,598,1,0.24789235006931135,0.1978678053361307,0.23214285714285715
German Credit,R2_F4,2,4,610,1,0.6154959103644603,0.5127266982992895,0.42857142857142855
German Credit,R2_F4,2,4,612,0,0.5460366907548693,0.44734142357731876,0.391304347826087
German Credit,R2_F4,2,4,613,0,0.3168412070285232,0.25234167264113383,0.30864197530864196
German Credit,R2_F4,2,4,614,1,0.10725907778397763,0.08899453594855408,0.07547169811320754
German Credit,R2_F4,2,4,617,0,0.2550193325508702,0.2034422336046912,0.23214285714285715
German Credit,R2_F4,2,4,630,0,0.5406682632464158,0.4424367953017257,0.38461538461538464
German Credit,R2_F4,2,4,632,0,0.4560904061541431,0.36759292523686904,0.3584905660377358
German Credit,R2_F4,2,4,634,1,0.8286796446254096,0.7438241771367201,0.7884615384615384
German Credit,R2_F4,2,4,644,0,0.4117679334540593,0.32997462990200577,0.30864197530864196
German Credit,R2_F4,2,4,645,1,0.40987766169220485,0.32839172458154997,0.30864197530864196
German Credit,R2_F4,2,4,646,0,0.5973083094731779,0.4952411441877377,0.42857142857142855
German Credit,R2_F4,2,4,649,1,0.7085876379401571,0.6069836121951935,0.6
German Credit,R2_F4,2,4,659,0,0.47031843549796815,0.3798864725899268,0.3584905660377358
German Credit,R2_F4,2,4,663,0,0.5489598435543614,0.4500204620871807,0.391304347826087
German Credit,R2_F4,2,4,664,0,0.16892205962548854,0.13665175197054666,0.125
German Credit,R2_F4,2,4,675,0,0.13982100738491798,0.11420177897060749,0.0967741935483871
German Credit,R2_F4,2,4,679,0,0.2340220534134834,0.1870491952770731,0.23214285714285715
German Credit,R2_F4,2,4,685,0,0.5056011490512572,0.41087274166228116,0.3584905660377358
German Credit,R2_F4,2,4,693,0,0.3003580972522198,0.23919751151593302,0.23214285714285715
German Credit,R2_F4,2,4,694,0,0.07375359269040509,0.06276376164613938,0.03333333333333333
German Credit,R2_F4,2,4,696,0,0.07364810390596051,0.06268038182950153,0.03333333333333333
German Credit,R2_F4,2,4,701,1,0.46654608049043556,0.37661613859208704,0.3584905660377358
German Credit,R2_F4,2,4,707,1,0.6717457173255373,0.568655332286993,0.6
German Credit,R2_F4,2,4,711,1,0.7016451498967039,0.5996488110030316,0.6
German Credit,R2_F4,2,4,715,0,0.0648516257050891,0.05570320418585881,0.03333333333333333
German Credit,R2_F4,2,4,717,0,0.23148496030021293,0.18507430278351794,0.23214285714285715
German Credit,R2_F4,2,4,718,0,0.16812565758208717,0.13603743961446513,0.125
German Credit,R2_F4,2,4,719,0,0.4829351848587537,0.39088274941200174,0.3584905660377358
German Credit,R2_F4,2,4,720,1,0.39043359351256085,0.31220425160850646,0.30864197530864196
German Credit,R2_F4,2,4,721,1,0.43783071001454393,0.3519749115241058,0.3333333333333333
German Credit,R2_F4,2,4,745,0,0.5181823605993555,0.4221051373188518,0.38461538461538464
German Credit,R2_F4,2,4,755,1,0.7787424382564705,0.6844076456660785,0.7884615384615384
German Credit,R2_F4,2,4,761,1,0.5512471411991612,0.4521209317912573,0.391304347826087
German Credit,R2_F4,2,4,762,0,0.603347846559987,0.5010172679239898,0.42857142857142855
German Credit,R2_F4,2,4,764,0,0.13584531634384747,0.1111317536861653,0.0967741935483871
German Credit,R2_F4,2,4,773,0,0.1534516770756776,0.12471959101359921,0.125
German Credit,R2_F4,2,4,776,0,0.10577072056534764,0.08783755147528584,0.07547169811320754
German Credit,R2_F4,2,4,779,0,0.41202275084911905,0.33018814090333337,0.30864197530864196
German Credit,R2_F4,2,4,784,0,0.27625925279864455,0.22012531638964478,0.23214285714285715
German Credit,R2_F4,2,4,798,0,0.1898440111529239,0.1528006667281492,0.2
German Credit,R2_F4,2,4,803,0,0.049338076302331335,0.04325346998951005,0.03333333333333333
German Credit,R2_F4,2,4,804,0,0.5482216282678184,0.4493433307382605,0.391304347826087
German Credit,R2_F4,2,4,813,1,0.5914977519468133,0.4897117856735254,0.391304347826087
German Credit,R2_F4,2,4,815,0,0.7783356871009405,0.6839397429450964,0.7884615384615384
German Credit,R2_F4,2,4,822,1,0.5905698856434994,0.4888313141179286,0.391304347826087
German Credit,R2_F4,2,4,826,1,0.5530270948508967,0.4537580570854532,0.391304347826087
German Credit,R2_F4,2,4,838,0,0.205816502833623,0.16515309361830194,0.23214285714285715
German Credit,R2_F4,2,4,847,0,0.4096682969954825,0.3282165061984807,0.30864197530864196
German Credit,R2_F4,2,4,858,1,0.5854449692128181,0.4839803946911159,0.391304347826087
German Credit,R2_F4,2,4,860,0,0.03207068831192316,0.029075098100326713,0.03333333333333333
German Credit,R2_F4,2,4,866,0,0.764333977299423,0.6679776523144718,0.7535829386030625
German Credit,R2_F4,2,4,869,0,0.5669710351082177,0.4666619412701762,0.391304347826087
German Credit,R2_F4,2,4,876,0,0.8696108566515951,0.7958877837636186,0.7884615384615384
German Credit,R2_F4,2,4,877,0,0.1928781126681702,0.155145113335712,0.2
German Credit,R2_F4,2,4,882,0,0.3053131114755345,0.2431398897892548,0.23214285714285715
German Credit,R2_F4,2,4,884,1,0.3173098930322819,0.25271668189234064,0.30864197530864196
German Credit,R2_F4,2,4,886,0,0.18624901094571086,0.1500238299863511,0.125
German Credit,R2_F4,2,4,889,0,0.24000278355585114,0.1917094060432602,0.23214285714285715
German Credit,R2_F4,2,4,891,0,0.03668396380300014,0.03290665062771389,0.03333333333333333
German Credit,R2_F4,2,4,894,0,0.0989212477187621,0.08250523019548738,0.07547169811320754
German Credit,R2_F4,2,4,895,0,0.10238797724447839,0.08520576100216937,0.07547169811320754
German Credit,R2_F4,2,4,901,0,0.11452022244054667,0.09463145351425525,0.07692307692307693
German Credit,R2_F4,2,4,903,0,0.11095197756041926,0.09186287860545109,0.07547169811320754
German Credit,R2_F4,2,4,906,0,0.22308186552091588,0.178541352753558,0.23214285714285715
German Credit,R2_F4,2,4,918,1,0.452225018051079,0.36427210530818366,0.3584905660377358
German Credit,R2_F4,2,4,938,1,0.8406467213739508,0.7587002709973207,0.7884615384615384
German Credit,R2_F4,2,4,940,0,0.1374329190316219,0.11235786382570088,0.0967741935483871
German Credit,R2_F4,2,4,942,0,0.1614126493705449,0.13085975173040404,0.125
German Credit,R2_F4,2,4,946,1,0.7111855784312215,0.6097423433508883,0.6
German Credit,R2_F4,2,4,955,0,0.34898681839459506,0.27823699359595533,0.30864197530864196
German Credit,R2_F4,2,4,957,0,0.17617461897249256,0.1422470546681613,0.125
German Credit,R2_F4,2,4,958,1,0.6177117844930176,0.5148759632541193,0.42857142857142855
German Credit,R2_F4,2,4,960,0,0.047033367535515125,0.041384078292550336,0.03333333333333333
German Credit,R2_F4,2,4,963,1,0.10470148268294704,0.08700601585428198,0.07547169811320754
German Credit,R2_F4,2,4,969,0,0.2133119302910622,0.17096010498474243,0.23214285714285715
German Credit,R2_F4,2,4,972,1,0.8193616171660594,0.7324224390962284,0.7884615384615384
German Credit,R2_F4,2,4,974,0,0.12557428923068611,0.10319281715510244,0.0967741935483871
German Credit,R2_F4,2,4,978,1,0.14347636640583608,0.11702335198271055,0.0967741935483871
German Credit,R2_F4,2,4,981,1,0.6157017926797551,0.5129262154770328,0.42857142857142855
German Credit,R2_F4,2,4,988,0,0.5610684221392699,0.4611823676893421,0.391304347826087
German Credit,R2_F4,2,4,994,0,0.07888611123053317,0.06681313166501185,0.03333333333333333
German Credit,R2_F4,2,4,997,0,0.10515964737418278,0.08736236312755992,0.07547169811320754
German Credit,R2_F5,2,5,1,1,0.7224685102921359,0.6064722085368103,0.6842105263157895
German Credit,R2_F5,2,5,3,0,0.574710258921736,0.4629815222897257,0.4418604651162791
German Credit,R2_F5,2,5,9,1,0.6757416478165688,0.5585836459782202,0.6086956521739131
German Credit,R2_F5,2,5,18,1,0.8076858134133417,0.7018763330089686,0.6842105263157895
German Credit,R2_F5,2,5,19,0,0.15792663953421768,0.1303461664226552,0.14835164835164838
German Credit,R2_F5,2,5,27,0,0.243112441022818,0.19446846398928055,0.1724137931034483
German Credit,R2_F5,2,5,28,0,0.08325873094229756,0.07307958866870352,0.06153846153846154
German Credit,R2_F5,2,5,29,1,0.8409732954321597,0.7427681712569795,0.825032294214606
German Credit,R2_F5,2,5,34,0,0.33186836254211355,0.2621123996864082,0.23333333333333334
German Credit,R2_F5,2,5,36,0,0.6806991239988861,0.5635398108649436,0.6086956521739131
German Credit,R2_F5,2,5,37,1,0.32518303780533436,0.2569527578392497,0.23333333333333334
German Credit,R2_F5,2,5,44,1,0.717420258998349,0.6011658102338162,0.6842105263157895
German Credit,R2_F5,2,5,46,0,0.14579119134542703,0.12116836877099299,0.14835164835164838
German Credit,R2_F5,2,5,48,0,0.1550611985603893,0.1281816107940538,0.14835164835164838
German Credit,R2_F5,2,5,52,0,0.15150620962723588,0.12549411206960692,0.14835164835164838
German Credit,R2_F5,2,5,63,1,0.7796339670005983,0.6691416014005096,0.6842105263157895
German Credit,R2_F5,2,5,65,0,0.22514751298256766,0.18093502586311372,0.14835164835164838
German Credit,R2_F5,2,5,77,0,0.2942551893461111,0.23323962532046136,0.2
German Credit,R2_F5,2,5,94,0,0.3382395637059048,0.26704195273302145,0.23333333333333334
German Credit,R2_F5,2,5,95,1,0.8871675343538915,0.804049999070346,0.8888888888888888
German Credit,R2_F5,2,5,103,0,0.1087604662509173,0.09291005778278437,0.06153846153846154
German Credit,R2_F5,2,5,106,1,0.5484151827387692,0.43955080647413497,0.4285666998263173
German Credit,R2_F5,2,5,108,0,0.48761739354564887,0.3872271037100614,0.3383458646616541
German Credit,R2_F5,2,5,111,0,0.4873084730024244,0.38696721387428706,0.3383458646616541
German Credit,R2_F5,2,5,135,0,0.03689668718802563,0.03539934323778022,0.038461538461538464
German Credit,R2_F5,2,5,138,0,0.08559067752167608,0.0749109526815303,0.06153846153846154
German Credit,R2_F5,2,5,141,0,0.7537763039185562,0.6401764066681923,0.6842105263157895
German Credit,R2_F5,2,5,154,0,0.32078908774589737,0.25356852878282155,0.23333333333333334
German Credit,R2_F5,2,5,157,0,0.7469904401182825,0.6327500250435806,0.6842105263157895
German Credit,R2_F5,2,5,158,0,0.393292176541794,0.3102099173765325,0.3383458646616541
German Credit,R2_F5,2,5,159,0,0.012474207631846389,0.01354691345359751,0.0
German Credit,R2_F5,2,5,164,0,0.28005866843022276,0.22243027474523872,0.2
German Credit,R2_F5,2,5,169,1,0.2602691920786014,0.20742685300467364,0.1724137931034483
German Credit,R2_F5,2,5,172,1,0.45383003628910523,0.35912268785755297,0.3383458646616541
German Credit,R2_F5,2,5,179,0,0.4404384157382429,0.34815262606854575,0.3383458646616541
German Credit,R2_F5,2,5,185,0,0.0707262818381136,0.06315806203281393,0.05555555555555555
German Credit,R2_F5,2,5,195,1,0.2475908635243724,0.19784729432120557,0.1724137931034483
German Credit,R2_F5,2,5,199,1,0.5320145106004116,0.4251936995401543,0.35
German Credit,R2_F5,2,5,200,0,0.16831790258612592,0.13818510005193488,0.14835164835164838
German Credit,R2_F5,2,5,215,0,0.07173695801455952,0.0639636261134588,0.058823529411764705
German Credit,R2_F5,2,5,217,0,0.32717424307264903,0.2584881874882639,0.23333333333333334
German Credit,R2_F5,2,5,222,0,0.3053610396392812,0.24172698785408292,0.2
German Credit,R2_F5,2,5,224,0,0.11940366137304388,0.10108248322945802,0.14835164835164838
German Credit,R2_F5,2,5,230,1,0.3413660517320037,0.26946554877106216,0.3383458646616541
German Credit,R2_F5,2,5,233,0,0.22721241462083666,0.18248917686072272,0.14835164835164838
German Credit,R2_F5,2,5,249,1,0.2432375813642205,0.19456284668008103,0.1724137931034483
German Credit,R2_F5,2,5,257,1,0.7223885278387306,0.6063878701268456,0.6842105263157895
German Credit,R2_F5,2,5,258,0,0.13833898737288908,0.11551647408758219,0.14835164835164838
German Credit,R2_F5,2,5,261,0,0.6196098000434681,0.5042856698609158,0.5
German Credit,R2_F5,2,5,283,0,0.053990947176918484,0.049647366787985155,0.038461538461538464
German Credit,R2_F5,2,5,286,0,0.7317024129638483,0.6162676822398663,0.6842105263157895
German Credit,R2_F5,2,5,289,1,0.6972155852155412,0.5802584152571851,0.6666666666666666
German Credit,R2_F5,2,5,292,0,0.3547472587812556,0.2798738600138118,0.3383458646616541
German Credit,R2_F5,2,5,293,0,0.35025812013360946,0.27637551891174267,0.3383458646616541
German Credit,R2_F5,2,5,298,0,0.21747844777059613,0.1751652220317931,0.14835164835164838
German Credit,R2_F5,2,5,302,1,0.21594568275868528,0.17401241737647066,0.14835164835164838
German Credit,R2_F5,2,5,308,1,0.2303664833971336,0.18486369884886233,0.14835164835164838
German Credit,R2_F5,2,5,311,0,0.40621642668432295,0.32051261885961363,0.3383458646616541
German Credit,R2_F5,2,5,313,1,0.6046888241969627,0.490366487456484,0.4418604651162791
German Credit,R2_F5,2,5,316,0,0.2297322432419869,0.18438615268482986,0.14835164835164838
German Credit,R2_F5,2,5,318,0,0.3436610669282542,0.27124655670379066,0.3383458646616541
German Credit,R2_F5,2,5,322,0,0.24539259185542725,0.1961884698806343,0.1724137931034483
German Credit,R2_F5,2,5,324,0,0.1513477133864832,0.1253742359509051,0.14835164835164838
German Credit,R2_F5,2,5,327,0,0.11845171635983792,0.100353498565125,0.14835164835164838
German Credit,R2_F5,2,5,329,0,0.20431272573179424,0.16526566487897384,0.14835164835164838
German Credit,R2_F5,2,5,336,0,0.30508264686965064,0.24151387275247357,0.2
German Credit,R2_F5,2,5,340,0,0.7137032406393923,0.5972802767731933,0.6842105263157895
German Credit,R2_F5,2,5,349,1,0.2966696397858512,0.23508235546802203,0.2
German Credit,R2_F5,2,5,360,0,0.6168693277458275,0.501714088271108,0.5
German Credit,R2_F5,2,5,371,0,0.07314713028877597,0.06508590135466616,0.058823529411764705
German Credit,R2_F5,2,5,372,0,0.19286627397508474,0.15666019131312012,0.14835164835164838
German Credit,R2_F5,2,5,380,0,0.32755222403172374,0.25877977938059826,0.23333333333333334
German Credit,R2_F5,2,5,390,0,0.2568940189276479,0.20487441094114758,0.1724137931034483
German Credit,R2_F5,2,5,391,0,0.3304859852060412,0.2610444293780906,0.23333333333333334
German Credit,R2_F5,2,5,396,0,0.6415183039980851,0.5250989444203717,0.6
German Credit,R2_F5,2,5,402,1,0.5223232796892681,0.41679750353925077,0.35
German Credit,R2_F5,2,5,406,0,0.009218999072717983,0.010366309496107819,0.0
German Credit,R2_F5,2,5,412,1,0.10408191486450429,0.0893008082300565,0.06153846153846154
German Credit,R2_F5,2,5,421,0,0.08300691606933225,0.07288157444320292,0.06153846153846154
German Credit,R2_F5,2,5,422,0,0.2150875750339405,0.1733670716953251,0.14835164835164838
German Credit,R2_F5,2,5,434,0,0.4004511534672191,0.3159080773651094,0.3383458646616541
German Credit,R2_F5,2,5,435,1,0.12213643160517758,0.10317322586333942,0.14835164835164838
German Credit,R2_F5,2,5,436,0,0.11283152472623963,0.09604196302032311,0.14835164835164838
German Credit,R2_F5,2,5,439,1,0.37358009753611054,0.29462649598372526,0.3383458646616541
German Credit,R2_F5,2,5,444,1,0.5827978816712518,0.47029617854351374,0.4418604651162791
German Credit,R2_F5,2,5,450,0,0.2388130888552733,0.19122687222919427,0.14835164835164838
German Credit,R2_F5,2,5,455,0,0.16045890916520114,0.13225790830023113,0.14835164835164838
German Credit,R2_F5,2,5,457,1,0.30237167881863947,0.23943956463500343,0.2
German Credit,R2_F5,2,5,461,0,0.5368668837707603,0.4294217495018843,0.35
German Credit,R2_F5,2,5,462,0,0.5987641683406978,0.48489435833529604,0.4418604651162791
German Credit,R2_F5,2,5,468,0,0.34994790763612754,0.2761340216670751,0.3383458646616541
German Credit,R2_F5,2,5,474,1,0.2822481932863879,0.22409467642383307,0.2
German Credit,R2_F5,2,5,484,0,0.11077500496483199,0.09446083101208323,0.14835164835164838
German Credit,R2_F5,2,5,485,1,0.262643337267047,0.2092233163016705,0.1724137931034483
German Credit,R2_F5,2,5,487,0,0.3564264895572997,0.28118421554423173,0.3383458646616541
German Credit,R2_F5,2,5,492,0,0.05637835870341865,0.05159699942996888,0.038461538461538464
German Credit,R2_F5,2,5,494,0,0.18945460236394537,0.15409478363318047,0.14835164835164838
German Credit,R2_F5,2,5,495,1,0.372253170608641,0.2935828577748777,0.3383458646616541
German Credit,R2_F5,2,5,496,1,0.8121245121180919,0.7071933130257445,0.6842105263157895
German Credit,R2_F5,2,5,497,0,0.048210891117652456,0.04489053496340753,0.038461538461538464
German Credit,R2_F5,2,5,501,0,0.5297528849658032,0.4232286023979308,0.35
German Credit,R2_F5,2,5,503,1,0.40827184614471196,0.32215767653177463,0.3383458646616541
German Credit,R2_F5,2,5,526,0,0.3681267927958575,0.2903415845412272,0.3383458646616541
German Credit,R2_F5,2,5,529,0,0.40002670924742295,0.3155696459279221,0.3383458646616541
German Credit,R2_F5,2,5,536,0,0.3671119456410373,0.28954537436617983,0.3383458646616541
German Credit,R2_F5,2,5,542,1,0.5150376439048993,0.41052664968182256,0.35
German Credit,R2_F5,2,5,550,0,0.12332333291144026,0.10408039903910696,0.14835164835164838
German Credit,R2_F5,2,5,554,0,0.44857196212182976,0.35480450725813995,0.3383458646616541
German Credit,R2_F5,2,5,559,1,0.21902324625540215,0.17632718766100508,0.14835164835164838
German Credit,R2_F5,2,5,561,1,0.5888311517028382,0.47578744943964196,0.4418604651162791
German Credit,R2_F5,2,5,572,0,0.12522312639281352,0.10553138115280106,0.14835164835164838
German Credit,R2_F5,2,5,578,1,0.6304943090826239,0.514568505268267,0.5
German Credit,R2_F5,2,5,581,0,0.29264371765574054,0.2320104664431288,0.2
German Credit,R2_F5,2,5,583,1,0.7217801800511007,0.6057466727792719,0.6842105263157895
German Credit,R2_F5,2,5,599,0,0.23670809930690292,0.18964047194925213,0.14835164835164838
German Credit,R2_F5,2,5,600,0,0.12897089281310317,0.10839007935110517,0.14835164835164838
German Credit,R2_F5,2,5,601,1,0.5163917175621776,0.41168949218124967,0.35
German Credit,R2_F5,2,5,602,1,0.7776778729175614,0.6669117700714171,0.6842105263157895
German Credit,R2_F5,2,5,603,1,0.34607623066829785,0.27312261805346705,0.3383458646616541
German Credit,R2_F5,2,5,606,0,0.27293154970464717,0.21701886717246485,0.2
German Credit,R2_F5,2,5,607,1,0.566487657697405,0.45559794342161036,0.4418604651162791
German Credit,R2_F5,2,5,616,0,0.4006716173791573,0.31608389469943393,0.3383458646616541
German Credit,R2_F5,2,5,624,1,0.586674062992779,0.47382069885853934,0.4418604651162791
German Credit,R2_F5,2,5,625,0,0.05090780294473804,0.04711678556112309,0.038461538461538464
German Credit,R2_F5,2,5,628,0,0.2136535465186519,0.17228866532210368,0.14835164835164838
German Credit,R2_F5,2,5,633,1,0.3270881656650339,0.2584217891796867,0.23333333333333334
German Credit,R2_F5,2,5,635,0,0.3891202094387671,0.3068989681749754,0.3383458646616541
German Credit,R2_F5,2,5,647,1,0.2250261353890708,0.1808436800296865,0.14835164835164838
German Credit,R2_F5,2,5,648,1,0.5374428525182691,0.4299246980113851,0.35
German Credit,R2_F5,2,5,651,1,0.29672411758970435,0.23512394874654383,0.2
German Credit,R2_F5,2,5,654,0,0.014507017105956395,0.015483377981746177,0.0
German Credit,R2_F5,2,5,662,0,0.14868963155876871,0.12336308320737623,0.14835164835164838
German Credit,R2_F5,2,5,667,0,0.5576197246276652,0.4476932792732901,0.4418604651162791
German Credit,R2_F5,2,5,680,0,0.288721520731388,0.22902117602963293,0.2
German Credit,R2_F5,2,5,689,0,0.3877548586183907,0.3058169250390173,0.3383458646616541
German Credit,R2_F5,2,5,692,0,0.49140340960306633,0.3904168058041647,0.3383458646616541
German Credit,R2_F5,2,5,695,0,0.050156457106931986,0.0464977928487066,0.038461538461538464
German Credit,R2_F5,2,5,698,0,0.1231605997531396,0.10395604953348596,0.14835164835164838
German Credit,R2_F5,2,5,704,0,0.660648581380567,0.5436630135714937,0.6086956521739131
German Credit,R2_F5,2,5,710,0,0.42180554101516377,0.3330361644229486,0.3383458646616541
German Credit,R2_F5,2,5,723,0,0.3656434489823199,0.2883939070737999,0.3383458646616541
German Credit,R2_F5,2,5,726,0,0.0648461949481675,0.058449779743132486,0.038461538461538464
German Credit,R2_F5,2,5,727,1,0.7200454355421394,0.6039209831967128,0.6842105263157895
German Credit,R2_F5,2,5,737,0,0.6714703870366042,0.5543357446591191,0.6086956521739131
German Credit,R2_F5,2,5,739,1,0.7792013627973948,0.6686478919628694,0.6842105263157895
German Credit,R2_F5,2,5,741,0,0.4996059817242946,0.39735696101049567,0.3383458646616541
German Credit,R2_F5,2,5,743,0,0.6427338977958305,0.5262674441303933,0.6
German Credit,R2_F5,2,5,746,0,0.6518240697409291,0.5350527648309402,0.6
German Credit,R2_F5,2,5,747,1,0.6970197820346198,0.5800583049049327,0.6666666666666666
German Credit,R2_F5,2,5,748,0,0.07837868753871241,0.06923289904094686,0.06153846153846154
German Credit,R2_F5,2,5,751,1,0.7909949154454963,0.682224847932017,0.6842105263157895
German Credit,R2_F5,2,5,758,0,0.17075526559118995,0.14002173837292678,0.14835164835164838
German Credit,R2_F5,2,5,759,1,0.4754930305934913,0.37706868805535787,0.3383458646616541
German Credit,R2_F5,2,5,769,0,0.029533433944013626,0.02905795284067558,0.010515266804600907
German Credit,R2_F5,2,5,770,0,0.31580206579099857,0.24973396823356894,0.2
German Credit,R2_F5,2,5,781,0,0.07737808218103202,0.06844166348526712,0.06153846153846154
German Credit,R2_F5,2,5,783,1,0.8115036649031148,0.7064472390602948,0.6842105263157895
German Credit,R2_F5,2,5,787,0,0.027643869203927886,0.027404142782401754,0.0
German Credit,R2_F5,2,5,794,0,0.2421455783811011,0.19373930124943664,0.1724137931034483
German Credit,R2_F5,2,5,806,0,0.08579713491058466,0.07507288990181155,0.06153846153846154
German Credit,R2_F5,2,5,807,0,0.025662524692682192,0.025656519678706604,0.0
German Credit,R2_F5,2,5,808,0,0.7391060768947759,0.6242075859922481,0.6842105263157895
German Credit,R2_F5,2,5,811,0,0.09068656736241985,0.07889884771263955,0.06153846153846154
German Credit,R2_F5,2,5,814,1,0.7871713387512984,0.6777960155756033,0.6842105263157895
German Credit,R2_F5,2,5,818,0,0.8623171699811246,0.7703502014546533,0.8333333333333334
German Credit,R2_F5,2,5,820,0,0.15707009313418668,0.12969927835357928,0.14835164835164838
German Credit,R2_F5,2,5,823,0,0.2131240435893408,0.17189049184595454,0.14835164835164838
German Credit,R2_F5,2,5,828,1,0.5629873004472318,0.4524706637472407,0.4418604651162791
German Credit,R2_F5,2,5,829,0,0.44212859972146257,0.3495321776837035,0.3383458646616541
German Credit,R2_F5,2,5,834,1,0.214616197666054,0.1730125817442141,0.14835164835164838
German Credit,R2_F5,2,5,835,1,0.7917581472315166,0.6831120675560369,0.6842105263157895
German Credit,R2_F5,2,5,836,0,0.19649200312680004,0.15938619754195782,0.14835164835164838
German Credit,R2_F5,2,5,850,1,0.3841772346428938,0.30298516760386046,0.3383458646616541
German Credit,R2_F5,2,5,851,0,0.01340232524020868,0.014435197205473264,0.0
German Credit,R2_F5,2,5,854,0,0.5158621816868344,0.4112345989848383,0.35
German Credit,R2_F5,2,5,857,0,0.10351580838192403,0.08886331886439038,0.06153846153846154
German Credit,R2_F5,2,5,859,0,0.08107504254141631,0.07136074749769779,0.06153846153846154
German Credit,R2_F5,2,5,874,0,0.39635692402767414,0.31264668588420924,0.3383458646616541
German Credit,R2_F5,2,5,875,0,0.2117271727036482,0.17084012330144374,0.14835164835164838
German Credit,R2_F5,2,5,880,0,0.07041091669134746,0.06290648536799975,0.05555555555555555
German Credit,R2_F5,2,5,881,0,0.22061042833439623,0.17752115966030324,0.14835164835164838
German Credit,R2_F5,2,5,887,1,0.8124219062513826,0.7075509689544863,0.6842105263157895
German Credit,R2_F5,2,5,900,1,0.3863219307835613,0.3046821269060084,0.3383458646616541
German Credit,R2_F5,2,5,909,0,0.3081597304918594,0.2438705095004871,0.2
German Credit,R2_F5,2,5,913,0,0.07049802959645392,0.06297598830088776,0.05555555555555555
German Credit,R2_F5,2,5,917,1,0.666724038913764,0.5496390826241978,0.6086956521739131
German Credit,R2_F5,2,5,919,1,0.6971224126355331,0.5801631872810471,0.6666666666666666
German Credit,R2_F5,2,5,925,1,0.8721138054028345,0.7834167440610992,0.8888888888888888
German Credit,R2_F5,2,5,926,0,0.5868551965241052,0.47398570135116425,0.4418604651162791
German Credit,R2_F5,2,5,927,1,0.635393786783076,0.5192339726903062,0.6
German Credit,R2_F5,2,5,933,0,0.07114336797084925,0.06349062814799704,0.05720254219371867
German Credit,R2_F5,2,5,936,1,0.18278607150658907,0.14907890223679032,0.14835164835164838
German Credit,R2_F5,2,5,943,0,0.02443688008583299,0.02456800102397296,0.0
German Credit,R2_F5,2,5,951,1,0.5964336179120596,0.4827501217106991,0.4418604651162791
German Credit,R2_F5,2,5,976,0,0.09543768600487572,0.08260082869638927,0.06153846153846154
German Credit,R2_F5,2,5,979,1,0.7718479467637914,0.6603045613261499,0.6842105263157895
German Credit,R2_F5,2,5,980,1,0.2407997514181017,0.1927245130844472,0.1724137931034483
German Credit,R2_F5,2,5,982,0,0.4417121714103381,0.3491921509999703,0.3383458646616541
German Credit,R2_F5,2,5,983,1,0.5525427065290708,0.44319435645815036,0.4418604651162791
German Credit,R2_F5,2,5,989,0,0.1901981018464541,0.15465389346913028,0.14835164835164838
German Credit,R3_F1,3,1,0,0,0.07179510534158268,0.05989147647102098,0.06
German Credit,R3_F1,3,1,1,1,0.6880765485351922,0.5930618699863596,0.5510204081632653
German Credit,R3_F1,3,1,2,0,0.06913946252368486,0.05779391369827019,0.06
German Credit,R3_F1,3,1,4,1,0.7974231931773157,0.7145637086001957,0.75
German Credit,R3_F1,3,1,6,0,0.10415720265411299,0.08527764388139956,0.06
German Credit,R3_F1,3,1,7,0,0.431462316274064,0.34974100361977717,0.34782608695652173
German Credit,R3_F1,3,1,15,1,0.6383729510771695,0.5420176015614342,0.5510204081632653
German Credit,R3_F1,3,1,16,0,0.029468671767856558,0.025906601784941613,0.03125
German Credit,R3_F1,3,1,20,0,0.07944055975320051,0.06591505440967771,0.06
German Credit,R3_F1,3,1,41,0,0.40929605994665846,0.33066492689253535,0.3181818181818182
German Credit,R3_F1,3,1,43,0,0.3497885774234652,0.2805737624789742,0.24409448818897636
German Credit,R3_F1,3,1,47,0,0.2544759486331348,0.20317054610096194,0.23076923076923078
German Credit,R3_F1,3,1,57,0,0.42955567411078416,0.34809057750460765,0.3181818181818182
German Credit,R3_F1,3,1,60,0,0.3875006075368465,0.31213679168962905,0.24409448818897636
German Credit,R3_F1,3,1,65,0,0.21052013061770633,0.16836502409874823,0.13043478260869565
German Credit,R3_F1,3,1,72,0,0.5463601493876001,0.4529625520262019,0.4594594594594595
German Credit,R3_F1,3,1,76,1,0.675150503695809,0.5795652007501743,0.5510204081632653
German Credit,R3_F1,3,1,78,0,0.14559746604597812,0.11757903709503846,0.12941176470588237
German Credit,R3_F1,3,1,82,0,0.37250642404949375,0.29951493113016037,0.24409448818897636
German Credit,R3_F1,3,1,86,0,0.5477288276493538,0.4542414783025779,0.4594594594594595
German Credit,R3_F1,3,1,88,0,0.4553548864553905,0.3705823091253844,0.3877551020408163
German Credit,R3_F1,3,1,89,1,0.5781747350534406,0.48302985314146135,0.5094339622641509
German Credit,R3_F1,3,1,91,0,0.15817111962957278,0.12737979941534447,0.12941176470588237
German Credit,R3_F1,3,1,98,0,0.3760333771511703,0.30247502386351016,0.24409448818897636
German Credit,R3_F1,3,1,104,0,0.09829105211229068,0.08069365879152218,0.06
German Credit,R3_F1,3,1,109,0,0.24499127655188846,0.1956213515820178,0.23076923076923078
German Credit,R3_F1,3,1,111,0,0.5809562027260036,0.48569319283606405,0.5094339622641509
German Credit,R3_F1,3,1,116,1,0.36317406108234046,0.2917080801122436,0.24409448818897636
German Credit,R3_F1,3,1,120,1,0.6880084261803847,0.5929903120923373,0.5510204081632653
German Credit,R3_F1,3,1,121,0,0.10689706491397281,0.0874169208773477,0.06
German Credit,R3_F1,3,1,122,0,0.21145538205994927,0.16910117422657336,0.13043478260869565
German Credit,R3_F1,3,1,123,0,0.5657314976670731,0.47118437007863684,0.5094339622641509
German Credit,R3_F1,3,1,124,1,0.3720795587064481,0.299157035799963,0.24409448818897636
German Credit,R3_F1,3,1,125,0,0.5779681324607286,0.48283225304407984,0.5094339622641509
German Credit,R3_F1,3,1,133,0,0.4186631558840659,0.3386967002272775,0.3181818181818182
German Credit,R3_F1,3,1,136,0,0.1392987634083742,0.11267190229139547,0.12941176470588237
German Credit,R3_F1,3,1,139,0,0.26622469980817354,0.212555247846364,0.23076923076923078
German Credit,R3_F1,3,1,151,0,0.03899551445289121,0.033695725389517046,0.03125
German Credit,R3_F1,3,1,156,0,0.06553676145215387,0.05494335180423635,0.06
German Credit,R3_F1,3,1,157,0,0.7972031738185148,0.7143042229538499,0.75
German Credit,R3_F1,3,1,165,0,0.052247195474275955,0.04436832850067508,0.041666666666666664
German Credit,R3_F1,3,1,166,1,0.7158243947754817,0.6226016501437714,0.6721311475409836
German Credit,R3_F1,3,1,169,1,0.5523627390601459,0.4585810416748586,0.4594594594594595
German Credit,R3_F1,3,1,170,1,0.8407434995182492,0.7670706638601683,0.8
German Credit,R3_F1,3,1,171,0,0.2295329914548269,0.1833655155195202,0.21052631578947367
German Credit,R3_F1,3,1,174,1,0.6663852725492734,0.5705041063585368,0.5510204081632653
German Credit,R3_F1,3,1,176,0,0.5394682359158189,0.44654186367012905,0.4594594594594595
German Credit,R3_F1,3,1,192,1,0.5556530518621436,0.4616713495323957,0.4594594594594595
German Credit,R3_F1,3,1,198,0,0.30683294500194297,0.2453099450712195,0.24409448818897636
German Credit,R3_F1,3,1,204,0,0.08706676466545527,0.07190455945541531,0.06
German Credit,R3_F1,3,1,208,0,0.695890979614607,0.6013011178228713,0.5510204081632653
German Credit,R3_F1,3,1,209,0,0.031433025793725346,0.027522806646591867,0.03125
German Credit,R3_F1,3,1,212,1,0.6656030597767739,0.5696989934164322,0.5510204081632653
German Credit,R3_F1,3,1,226,1,0.5717691600841172,0.4769179558043165,0.5094339622641509
German Credit,R3_F1,3,1,239,0,0.27481279113415763,0.21943999945196246,0.24409448818897636
German Credit,R3_F1,3,1,244,0,0.32398794554088095,0.25931140632437066,0.24409448818897636
German Credit,R3_F1,3,1,248,0,0.42163050605237357,0.34124995500612554,0.3181818181818182
German Credit,R3_F1,3,1,260,0,0.37127697349075106,0.29848433818796644,0.24409448818897636
German Credit,R3_F1,3,1,262,0,0.5508488386324343,0.45716168150770037,0.4594594594594595
German Credit,R3_F1,3,1,273,1,0.3528512644602155,0.28311494150515676,0.24409448818897636
German Credit,R3_F1,3,1,278,1,0.15890723564756046,0.12795388218934362,0.12941176470588237
German Credit,R3_F1,3,1,283,0,0.03179154498367641,0.027817159730917106,0.03125
German Credit,R3_F1,3,1,293,0,0.5104155785848244,0.41981853548761366,0.4594594594594595
German Credit,R3_F1,3,1,296,0,0.13265013959489555,0.10749276781984486,0.12941176470588237
German Credit,R3_F1,3,1,303,0,0.4230251713692624,0.3424514943095989,0.3181818181818182
German Credit,R3_F1,3,1,313,1,0.6448498673782054,0.5485420890621964,0.5510204081632653
German Credit,R3_F1,3,1,315,1,0.8866242899454115,0.8261998148173019,0.8
German Credit,R3_F1,3,1,321,1,0.694568913032192,0.5999028716747715,0.5510204081632653
German Credit,R3_F1,3,1,333,1,0.5089317268409034,0.41846807188134244,0.4594594594594595
German Credit,R3_F1,3,1,338,0,0.6301316552345969,0.533768012712209,0.5510204081632653
German Credit,R3_F1,3,1,343,0,0.6108367275977633,0.5146757081325495,0.5094339622641509
German Credit,R3_F1,3,1,345,0,0.056593890994509934,0.047838854252553895,0.041666666666666664
German Credit,R3_F1,3,1,351,1,0.2528422828221269,0.20186857687741436,0.23076923076923078
German Credit,R3_F1,3,1,353,1,0.6570757376422154,0.5609586401338181,0.5510204081632653
German Credit,R3_F1,3,1,354,0,0.32210236183126106,0.25776730492984645,0.24409448818897636
German Credit,R3_F1,3,1,356,0,0.027760889767588403,0.024496515249434397,0.03125
German Credit,R3_F1,3,1,358,0,0.14414537193521973,0.11644765699788656,0.12941176470588237
German Credit,R3_F1,3,1,360,0,0.657894520144133,0.5617949891000935,0.5510204081632653
German Credit,R3_F1,3,1,362,0,0.5087002040113612,0.4182574845140436,0.4594594594594595
German Credit,R3_F1,3,1,363,0,0.1661152304839524,0.13357759080451123,0.12941176470588237
German Credit,R3_F1,3,1,365,0,0.05461587787029997,0.04626111649900399,0.041666666666666664
German Credit,R3_F1,3,1,366,0,0.03347093121297199,0.029193547558517535,0.03125
German Credit,R3_F1,3,1,370,0,0.14144228266724213,0.11434174708701547,0.12941176470588237
German Credit,R3_F1,3,1,373,0,0.5297648963735573,0.4375557061600743,0.4594594594594595
German Credit,R3_F1,3,1,375,1,0.6479236788433603,0.5516513223074965,0.5510204081632653
German Credit,R3_F1,3,1,377,0,0.07382655624036343,0.061494084629155114,0.06
German Credit,R3_F1,3,1,384,0,0.3212099143540323,0.257036931500815,0.24409448818897636
German Credit,R3_F1,3,1,385,0,0.131477590147256,0.10657936611608833,0.12941176470588237
German Credit,R3_F1,3,1,393,0,0.144542814252999,0.1167573120436561,0.12941176470588237
German Credit,R3_F1,3,1,395,0,0.6545090483358411,0.558340820566565,0.5510204081632653
German Credit,R3_F1,3,1,405,1,0.4503514203529209,0.366192926310524,0.34782608695652173
German Credit,R3_F1,3,1,411,0,0.045681737951444375,0.03910003640627636,0.03125
German Credit,R3_F1,3,1,422,0,0.23366239283644163,0.18663388395619618,0.21313926843957232
German Credit,R3_F1,3,1,426,0,0.09267835705383433,0.0763020573817179,0.06
German Credit,R3_F1,3,1,432,0,0.3612424681111237,0.2900968042504044,0.24409448818897636
German Credit,R3_F1,3,1,434,0,0.4938493889230404,0.4048180473889959,0.3877551020408163
German Credit,R3_F1,3,1,437,0,0.06327181875250416,0.05314808912671911,0.06
German Credit,R3_F1,3,1,445,0,0.1422213051359064,0.1149486447334522,0.12941176470588237
German Credit,R3_F1,3,1,446,1,0.8250715863327533,0.747737387739397,0.8
German Credit,R3_F1,3,1,449,1,0.3715888611437181,0.29874571828190516,0.24409448818897636
German Credit,R3_F1,3,1,454,1,0.5702742476551487,0.47549588384609764,0.5094339622641509
German Credit,R3_F1,3,1,458,0,0.37200143438612293,0.2990915427336564,0.24409448818897636
German Credit,R3_F1,3,1,464,0,0.26061144205774084,0.20806671878168004,0.23076923076923078
German Credit,R3_F1,3,1,471,1,0.49143352207105223,0.402644346815022,0.3877551020408163
German Credit,R3_F1,3,1,472,1,0.5391119987635987,0.44621085202678235,0.4594594594594595
German Credit,R3_F1,3,1,485,1,0.26271275115786685,0.2097459543754348,0.23076923076923078
German Credit,R3_F1,3,1,518,0,0.35190581070887644,0.2823300756878133,0.24409448818897636
German Credit,R3_F1,3,1,520,0,0.26634393271207507,0.21265068644667126,0.23076923076923078
German Credit,R3_F1,3,1,527,0,0.013514985094777323,0.01248734160206015,0.0
German Credit,R3_F1,3,1,530,0,0.5205705677401723,0.42909767493538586,0.4594594594594595
German Credit,R3_F1,3,1,534,0,0.1478602082698748,0.11934217688646606,0.12941176470588237
German Credit,R3_F1,3,1,538,1,0.8604190669044725,0.7919382343058419,0.8
German Credit,R3_F1,3,1,540,1,0.324184816350213,0.25947269824624175,0.24409448818897636
German Credit,R3_F1,3,1,543,1,0.2496488896931773,0.19932559682180637,0.23076923076923078
German Credit,R3_F1,3,1,548,1,0.654333058497394,0.5581615428389817,0.5510204081632653
German Credit,R3_F1,3,1,562,0,0.3465456425417089,0.277887110280529,0.24409448818897636
German Credit,R3_F1,3,1,564,0,0.43028046312120355,0.3487177521519774,0.3265879297992992
German Credit,R3_F1,3,1,569,1,0.6764515270135725,0.5809163441921483,0.5510204081632653
German Credit,R3_F1,3,1,579,0,0.2740983934015569,0.21886646975530324,0.24409448818897636
German Credit,R3_F1,3,1,620,0,0.19467959257228565,0.1559210162088657,0.12941176470588237
German Credit,R3_F1,3,1,626,0,0.13082196653379238,0.10606863561921887,0.12941176470588237
German Credit,R3_F1,3,1,629,0,0.08348900311052844,0.06909672729363442,0.06
German Credit,R3_F1,3,1,631,1,0.7995533974031884,0.7170795751165822,0.75
German Credit,R3_F1,3,1,632,0,0.3203632530112584,0.25634429543011106,0.24409448818897636
German Credit,R3_F1,3,1,636,0,0.08482989558674958,0.07014947044147254,0.06
German Credit,R3_F1,3,1,641,0,0.6518788201393401,0.5556643547792439,0.5510204081632653
German Credit,R3_F1,3,1,657,0,0.18224761940101866,0.1461834171777611,0.12941176470588237
German Credit,R3_F1,3,1,661,1,0.6397053858857457,0.5433568454818054,0.5510204081632653
German Credit,R3_F1,3,1,666,0,0.4640994855142162,0.37828625414677325,0.3877551020408163
German Credit,R3_F1,3,1,667,0,0.5244865511105093,0.4326933945142672,0.4594594594594595
German Credit,R3_F1,3,1,673,0,0.10296336973740346,0.08434517863998399,0.06
German Credit,R3_F1,3,1,676,0,0.13850620078253936,0.11205449901760936,0.12941176470588237
German Credit,R3_F1,3,1,682,0,0.3009962205987428,0.24056947280235796,0.24409448818897636
German Credit,R3_F1,3,1,687,0,0.6766849066676907,0.5811588857855441,0.5510204081632653
German Credit,R3_F1,3,1,690,0,0.4721763004301594,0.38543941027200784,0.3877551020408163
German Credit,R3_F1,3,1,691,0,0.5688776095602761,0.4741687575435281,0.5094339622641509
German Credit,R3_F1,3,1,700,1,0.17874122043680093,0.14344089237901783,0.12941176470588237
German Credit,R3_F1,3,1,705,0,0.25600569469483603,0.20439034119498542,0.23076923076923078
German Credit,R3_F1,3,1,706,1,0.6258264619071369,0.5294813585743251,0.5510204081632653
German Credit,R3_F1,3,1,707,1,0.6764548338950066,0.5809197805295945,0.5510204081632653
German Credit,R3_F1,3,1,725,0,0.1508948785921083,0.12170715806221542,0.12941176470588237
German Credit,R3_F1,3,1,729,0,0.1826767688692471,0.14651918714734533,0.12941176470588237
German Credit,R3_F1,3,1,732,0,0.08219717803294509,0.06808202011123776,0.06
German Credit,R3_F1,3,1,735,0,0.7521343684638252,0.6625189214508257,0.6721311475409836
German Credit,R3_F1,3,1,738,0,0.08669137968275738,0.07161011759172824,0.06
German Credit,R3_F1,3,1,740,0,0.7511957078668275,0.6614677740529096,0.6721311475409836
German Credit,R3_F1,3,1,743,0,0.6843137113239092,0.5891161225035777,0.5510204081632653
German Credit,R3_F1,3,1,753,0,0.16634688195755534,0.1337584027932607,0.12941176470588237
German Credit,R3_F1,3,1,756,0,0.04357298498856321,0.037400252880290134,0.03125
German Credit,R3_F1,3,1,763,1,0.3039769825557554,0.242988948649583,0.24409448818897636
German Credit,R3_F1,3,1,768,0,0.266277372625844,0.21259740869528368,0.23076923076923078
German Credit,R3_F1,3,1,772,0,0.022254229933371797,0.019913434158899377,0.016527090825207716
German Credit,R3_F1,3,1,775,1,0.7651658730278813,0.6772233357575481,0.6721311475409836
German Credit,R3_F1,3,1,776,0,0.13092653807350482,0.10615009723457851,0.12941176470588237
German Credit,R3_F1,3,1,777,0,0.35882128806860675,0.28807931197009373,0.24409448818897636
German Credit,R3_F1,3,1,778,0,0.03560138024375628,0.030934161636268817,0.03125
German Credit,R3_F1,3,1,793,0,0.46007292632806757,0.3747336845491266,0.3877551020408163
German Credit,R3_F1,3,1,795,0,0.36218256629803625,0.2908808117635652,0.24409448818897636
German Credit,R3_F1,3,1,800,0,0.26189624424665886,0.20909330694786246,0.23076923076923078
German Credit,R3_F1,3,1,801,0,0.29369571171774594,0.23465614305328122,0.24409448818897636
German Credit,R3_F1,3,1,813,1,0.7131864274530549,0.6197587912464554,0.6721311475409836
German Credit,R3_F1,3,1,817,0,0.049334736810649656,0.04203548874658229,0.041666666666666664
German Credit,R3_F1,3,1,824,0,0.18267861956832784,0.146520635202862,0.12941176470588237
German Credit,R3_F1,3,1,827,1,0.5054079533372574,0.41526651776115353,0.3877551020408163
German Credit,R3_F1,3,1,831,1,0.8708727080881727,0.8054408295470075,0.8
German Credit,R3_F1,3,1,840,1,0.5468677527434221,0.45343671998984564,0.4594594594594595
German Credit,R3_F1,3,1,844,0,0.2731491802674951,0.21810466049615523,0.24409448818897636
German Credit,R3_F1,3,1,845,0,0.0797749130571526,0.06617801516981035,0.06
German Credit,R3_F1,3,1,846,1,0.1348268626798512,0.10918837992512981,0.12941176470588237
German Credit,R3_F1,3,1,848,0,0.20505125454709575,0.16406371335531647,0.13043478260869565
German Credit,R3_F1,3,1,855,0,0.2515337485760925,0.20082623454024068,0.23076923076923078
German Credit,R3_F1,3,1,859,0,0.06632174071210604,0.05556496313132895,0.06
German Credit,R3_F1,3,1,863,0,0.24502559656242925,0.19564862642202419,0.23076923076923078
German Credit,R3_F1,3,1,871,0,0.04808917629990808,0.04103582278216007,0.041666666666666664
German Credit,R3_F1,3,1,879,0,0.040752399663719414,0.03512009804516516,0.03125
German Credit,R3_F1,3,1,884,1,0.3758803902009302,0.30234651383960554,0.24409448818897636
German Credit,R3_F1,3,1,890,0,0.6661080074447394,0.5702186588867355,0.5510204081632653
German Credit,R3_F1,3,1,892,0,0.5474601857351792,0.4539903519937514,0.4594594594594595
German Credit,R3_F1,3,1,893,0,0.3416402992835139,0.2738310958641267,0.24409448818897636
German Credit,R3_F1,3,1,903,0,0.09326181742842277,0.07675887388458243,0.06
German Credit,R3_F1,3,1,904,0,0.09704313805052284,0.07971776118689104,0.06
German Credit,R3_F1,3,1,905,0,0.49858748571990946,0.4090913244384965,0.3877551020408163
German Credit,R3_F1,3,1,908,0,0.07190980046873809,0.05998200277424416,0.06
German Credit,R3_F1,3,1,915,1,0.5607797179894293,0.46650144049182246,0.5094339622641509
German Credit,R3_F1,3,1,918,1,0.552432101016331,0.4586461099978211,0.4594594594594595
German Credit,R3_F1,3,1,920,0,0.25638448436241956,0.20469247918534345,0.23076923076923078
German Credit,R3_F1,3,1,930,0,0.5015983632606088,0.4118138572804428,0.3877551020408163
German Credit,R3_F1,3,1,931,1,0.4490066290463927,0.36501546702957666,0.34782608695652173
German Credit,R3_F1,3,1,933,0,0.041514441958135855,0.035736910124531195,0.03125
German Credit,R3_F1,3,1,940,0,0.10515730877279011,0.08605864035072877,0.06
German Credit,R3_F1,3,1,941,0,0.04551964382204579,0.038969520507110285,0.03125
German Credit,R3_F1,3,1,968,0,0.1152851896018132,0.09396095496134373,0.06
German Credit,R3_F1,3,1,978,1,0.18576843323029404,0.14893887662486274,0.12941176470588237
German Credit,R3_F1,3,1,981,1,0.5973645741855842,0.5015230186209477,0.5094339622641509
German Credit,R3_F1,3,1,986,0,0.6370987809342223,0.5407383526321397,0.5510204081632653
German Credit,R3_F1,3,1,990,0,0.11559929886837118,0.0942058778274116,0.06
German Credit,R3_F1,3,1,991,0,0.42569825217711327,0.3447571195302543,0.3181818181818182
German Credit,R3_F1,3,1,992,0,0.3798101091071198,0.3056507327065267,0.24409448818897636
German Credit,R3_F1,3,1,997,0,0.12011384359054349,0.09772522766911146,0.06
German Credit,R3_F1,3,1,999,0,0.43733449216219356,0.3548356984853574,0.34782608695652173
German Credit,R3_F2,3,2,12,0,0.5390716644138379,0.42806700241361656,0.4740740740740741
German Credit,R3_F2,3,2,17,0,0.6662574923193252,0.5399220582448925,0.5777777777777777
German Credit,R3_F2,3,2,21,0,0.2657735162429666,0.21819060610744814,0.21782178217821782
German Credit,R3_F2,3,2,25,0,0.30969767886674254,0.25054749300709944,0.21782178217821782
German Credit,R3_F2,3,2,33,0,0.06742596225229604,0.06716077618381588,0.06060606060606061
German Credit,R3_F2,3,2,35,1,0.7146043806409536,0.5867610108700083,0.5777777777777777
German Credit,R3_F2,3,2,36,0,0.6191396409803521,0.4968117049833,0.4740740740740741
German Credit,R3_F2,3,2,39,0,0.4219063692984697,0.33483434580078075,0.3076923076923077
German Credit,R3_F2,3,2,40,0,0.3092879709192105,0.25024480451503367,0.21782178217821782
German Credit,R3_F2,3,2,45,0,0.1685917261562949,0.14633132788044242,0.12871287128712872
German Credit,R3_F2,3,2,51,0,0.29534517593544046,0.23995630565017828,0.21782178217821782
German Credit,R3_F2,3,2,54,1,0.6861220667233464,0.5588165021916112,0.5777777777777777
German Credit,R3_F2,3,2,55,0,0.10145347055784083,0.09481577119351416,0.08823529411764706
German Credit,R3_F2,3,2,56,1,0.18105866115076305,0.1556507644581048,0.12871287128712872
German Credit,R3_F2,3,2,64,0,0.1647095369187548,0.14341826447138292,0.12871287128712872
German Credit,R3_F2,3,2,68,1,0.3855387909027666,0.30713591370262683,0.2777777777777778
German Credit,R3_F2,3,2,73,0,0.6790713369963921,0.5520570135505323,0.5777777777777777
German Credit,R3_F2,3,2,74,1,0.5289406348921535,0.41970386594650255,0.4740740740740741
German Credit,R3_F2,3,2,75,0,0.3631818731228425,0.290314970859682,0.2777777777777778
German Credit,R3_F2,3,2,80,1,0.12904096948187863,0.11633055981352443,0.12871287128712872
German Credit,R3_F2,3,2,81,0,0.11604230626984241,0.10627014045429167,0.08823529411764706
German Credit,R3_F2,3,2,92,1,0.0733510775664457,0.07209576091285774,0.06060606060606061
German Credit,R3_F2,3,2,96,0,0.03447498888069784,0.03825035601585199,0.06060606060606061
German Credit,R3_F2,3,2,101,0,0.6685571476032734,0.5420860215779065,0.5777777777777777
German Credit,R3_F2,3,2,105,1,0.5836123910368937,0.46568424277342324,0.4740740740740741
German Credit,R3_F2,3,2,113,1,0.42282304705562207,0.3355386212478913,0.3076923076923077
German Credit,R3_F2,3,2,114,0,0.3065218834016124,0.2482018245189975,0.21782178217821782
German Credit,R3_F2,3,2,117,0,0.2698109357808753,0.22115960318478564,0.21782178217821782
German Credit,R3_F2,3,2,118,1,0.5159091737652176,0.409042157884314,0.4740740740740741
German Credit,R3_F2,3,2,126,0,0.6652425620867854,0.5389689040156529,0.5777777777777777
German Credit,R3_F2,3,2,135,0,0.02155155831850149,0.02580727568112951,0.0
German Credit,R3_F2,3,2,145,0,0.710509059551126,0.5826769776374916,0.5777777777777777
German Credit,R3_F2,3,2,149,0,0.047169960453230936,0.04974863052312522,0.06060606060606061
German Credit,R3_F2,3,2,150,0,0.13286173561947806,0.11926543864209023,0.12871287128712872
German Credit,R3_F2,3,2,154,0,0.2666174184633671,0.21881115163994816,0.21782178217821782
German Credit,R3_F2,3,2,158,0,0.5363006165160772,0.4257728558998586,0.4740740740740741
German Credit,R3_F2,3,2,164,0,0.29505978871161825,0.23974594165206844,0.21782178217821782
German Credit,R3_F2,3,2,178,0,0.10919066478042973,0.1009143052456566,0.08823529411764706
German Credit,R3_F2,3,2,180,1,0.4143212452993723,0.3290189616589673,0.2917638644479321
German Credit,R3_F2,3,2,183,0,0.026714471385043754,0.030892675111956282,0.0
German Credit,R3_F2,3,2,184,1,0.5804356569402628,0.4629521676794923,0.4740740740740741
German Credit,R3_F2,3,2,188,1,0.5227288861325695,0.4146085869425395,0.4740740740740741
German Credit,R3_F2,3,2,197,1,0.7676581776427419,0.6419485292155684,0.72
German Credit,R3_F2,3,2,200,0,0.07421885467446525,0.07281357533630024,0.06060606060606061
German Credit,R3_F2,3,2,201,0,0.689144095426277,0.5617321925204295,0.5777777777777777
German Credit,R3_F2,3,2,207,0,0.21825929868714009,0.1832227267380012,0.18604651162790697
German Credit,R3_F2,3,2,211,0,0.08501507107675248,0.08164928054616603,0.08823529411764706
German Credit,R3_F2,3,2,214,0,0.02399837510783462,0.028239451720728892,0.0
German Credit,R3_F2,3,2,217,0,0.5350281660033076,0.4247210889131285,0.4740740740740741
German Credit,R3_F2,3,2,220,0,0.4014259546111401,0.31918028774342005,0.2777777777777778
German Credit,R3_F2,3,2,221,0,0.5541587343127234,0.4406486050909186,0.4740740740740741
German Credit,R3_F2,3,2,222,0,0.28034019600666815,0.22890545565605758,0.21782178217821782
German Credit,R3_F2,3,2,225,0,0.6413769008215963,0.5168769545494213,0.4740740740740741
German Credit,R3_F2,3,2,232,0,0.08306333136819748,0.08006421035335469,0.08823529411764706
German Credit,R3_F2,3,2,236,1,0.3967468633449613,0.31562447570481195,0.2777777777777778
German Credit,R3_F2,3,2,237,1,0.5701637863128393,0.4541719353508949,0.4740740740740741
German Credit,R3_F2,3,2,238,0,0.07066897993323888,0.0698693355533334,0.06060606060606061
German Credit,R3_F2,3,2,242,1,0.8441605445329277,0.7309971169869318,0.72
German Credit,R3_F2,3,2,247,0,0.3723635567334578,0.2972062191833652,0.2777777777777778
German Credit,R3_F2,3,2,256,0,0.10264255227251577,0.09575674505788927,0.08823529411764706
German Credit,R3_F2,3,2,259,0,0.07824406484209208,0.07612774157722016,0.06060606060606061
German Credit,R3_F2,3,2,266,0,0.05957062547277786,0.06051775488303443,0.06060606060606061
German Credit,R3_F2,3,2,275,0,0.0956323983462164,0.09018831824396777,0.08823529411764706
German Credit,R3_F2,3,2,285,0,0.913965792677225,0.8272466940997395,0.75
German Credit,R3_F2,3,2,288,0,0.1790999329196151,0.15418984522591692,0.12871287128712872
German Credit,R3_F2,3,2,292,0,0.42925194719047693,0.3404870781443018,0.3076923076923077
German Credit,R3_F2,3,2,295,1,0.8408473294821565,0.7268468959138241,0.72
German Credit,R3_F2,3,2,297,0,0.05127899131386679,0.0533603278865241,0.06060606060606061
German Credit,R3_F2,3,2,309,0,0.4585780613067931,0.3632781214681466,0.35294117647058826
German Credit,R3_F2,3,2,310,0,0.2921026117533812,0.23756661809618607,0.21782178217821782
German Credit,R3_F2,3,2,320,1,0.7809667673107823,0.6565385264895167,0.72
German Credit,R3_F2,3,2,325,0,0.09288779848905658,0.08799376910850788,0.08823529411764706
German Credit,R3_F2,3,2,330,0,0.2785960445867934,0.22762198622050614,0.21782178217821782
German Credit,R3_F2,3,2,334,1,0.8005821573326567,0.6786755487105957,0.72
German Credit,R3_F2,3,2,336,0,0.2616149752046787,0.21513290003222957,0.21782178217821782
German Credit,R3_F2,3,2,346,0,0.207909614776389,0.17557912954530053,0.18604651162790697
German Credit,R3_F2,3,2,350,0,0.27407183442144506,0.2242935190902924,0.21782178217821782
German Credit,R3_F2,3,2,368,1,0.7130021030817156,0.585160399668505,0.5777777777777777
German Credit,R3_F2,3,2,369,0,0.37717018206968733,0.3008229803391816,0.2777777777777778
German Credit,R3_F2,3,2,372,0,0.24098690392278196,0.19996366799960055,0.18604651162790697
German Credit,R3_F2,3,2,374,1,0.7856198946623404,0.6617193246124667,0.72
German Credit,R3_F2,3,2,378,1,0.842119543057132,0.7284368321480338,0.72
German Credit,R3_F2,3,2,379,0,0.09752386516339163,0.09169586280841283,0.08823529411764706
German Credit,R3_F2,3,2,381,1,0.6068710208940958,0.4859392186582318,0.4740740740740741
German Credit,R3_F2,3,2,394,0,0.16622451983384107,0.14455572897690944,0.12871287128712872
German Credit,R3_F2,3,2,402,1,0.5115833763696371,0.40552590581031916,0.4740740740740741
German Credit,R3_F2,3,2,403,0,0.3594555742611601,0.2875244836150827,0.2777777777777778
German Credit,R3_F2,3,2,409,1,0.0878563670617397,0.08394787691867528,0.08823529411764706
German Credit,R3_F2,3,2,414,1,0.7669075934296162,0.6411353992250151,0.72
German Credit,R3_F2,3,2,420,0,0.12899104185577884,0.1162921458273054,0.12871287128712872
German Credit,R3_F2,3,2,424,1,0.169280194999244,0.14684735093654294,0.12871287128712872
German Credit,R3_F2,3,2,425,0,0.31759386841755977,0.2563857473425382,0.21782178217821782
German Credit,R3_F2,3,2,427,0,0.049298574944013386,0.05162543210302127,0.06060606060606061
German Credit,R3_F2,3,2,428,0,0.17439091507141025,0.15067276033888527,0.12871287128712872
German Credit,R3_F2,3,2,429,1,0.5337707746218722,0.42368280829868327,0.4740740740740741
German Credit,R3_F2,3,2,430,0,0.059070247019387644,0.06009032206098574,0.06060606060606061
German Credit,R3_F2,3,2,438,0,0.7539170334674644,0.6272192111709347,0.6785714285714286
German Credit,R3_F2,3,2,441,0,0.5465643235642553,0.434295876214663,0.4740740740740741
German Credit,R3_F2,3,2,459,0,0.2374650226538343,0.1973722763148519,0.18604651162790697
German Credit,R3_F2,3,2,463,0,0.3011664417361852,0.24424911948412742,0.21782178217821782
German Credit,R3_F2,3,2,466,1,0.7269365782575866,0.599201734636502,0.5777777777777777
German Credit,R3_F2,3,2,469,0,0.07369516109065376,0.07238052781797506,0.06060606060606061
German Credit,R3_F2,3,2,470,1,0.48850286688541716,0.3869468764020307,0.4740740740740741
German Credit,R3_F2,3,2,486,0,0.11185607509440643,0.10300254772756633,0.08823529411764706
German Credit,R3_F2,3,2,497,0,0.05012207777337324,0.05234812438942428,0.06060606060606061
German Credit,R3_F2,3,2,505,1,0.057483655275069025,0.058731385388157226,0.06060606060606061
German Credit,R3_F2,3,2,506,0,0.05191983919142689,0.05391949968192782,0.06060606060606061
German Credit,R3_F2,3,2,510,1,0.6527247433585299,0.5273060631439729,0.4740740740740741
German Credit,R3_F2,3,2,512,0,0.1547310013841079,0.13590313109917948,0.12871287128712872
German Credit,R3_F2,3,2,513,0,0.6600986394796916,0.5341556613677236,0.5777777777777777
German Credit,R3_F2,3,2,514,0,0.12703622382480897,0.11478681464479282,0.12871287128712872
German Credit,R3_F2,3,2,515,0,0.1473792843111549,0.1303379842753652,0.12871287128712872
German Credit,R3_F2,3,2,516,0,0.11300185804204106,0.10389834436858024,0.08823529411764706
German Credit,R3_F2,3,2,521,1,0.5598338815099826,0.44542242255362896,0.4740740740740741
German Credit,R3_F2,3,2,523,0,0.05872784401963451,0.05979752063829236,0.06060606060606061
German Credit,R3_F2,3,2,524,0,0.2741133146845315,0.22432403167353374,0.21782178217821782
German Credit,R3_F2,3,2,525,0,0.5378959783660955,0.4270930340353134,0.4740740740740741
German Credit,R3_F2,3,2,529,0,0.39969358234551816,0.31786294159734063,0.2777777777777778
German Credit,R3_F2,3,2,553,0,0.32982304862844014,0.2654470409729018,0.21782178217821782
German Credit,R3_F2,3,2,557,1,0.5514635841884913,0.4383895078684449,0.4740740740740741
German Credit,R3_F2,3,2,568,0,0.3346151921833422,0.2690050050720164,0.21782178217821782
German Credit,R3_F2,3,2,575,0,0.24148048527303692,0.2003267878406894,0.18604651162790697
German Credit,R3_F2,3,2,577,0,0.10373490391274116,0.09661994496338991,0.08823529411764706
German Credit,R3_F2,3,2,581,0,0.5265532085313227,0.41774267193775905,0.4740740740740741
German Credit,R3_F2,3,2,582,0,0.29909927924126484,0.24272430040236176,0.21782178217821782
German Credit,R3_F2,3,2,584,0,0.10434109671400864,0.09709847225065718,0.08823529411764706
German Credit,R3_F2,3,2,589,1,0.23029985400076436,0.19209752513647016,0.18604651162790697
German Credit,R3_F2,3,2,594,1,0.26395530560872277,0.21685367285974758,0.21782178217821782
German Credit,R3_F2,3,2,595,1,0.7024127246124893,0.5746698274668739,0.5777777777777777
German Credit,R3_F2,3,2,614,1,0.15259601646507526,0.13428960978260043,0.12871287128712872
German Credit,R3_F2,3,2,616,0,0.3693690130777658,0.29495620739967215,0.2777777777777778
German Credit,R3_F2,3,2,623,0,0.7177366221036898,0.5899003180320326,0.5777777777777777
German Credit,R3_F2,3,2,628,0,0.168646226939135,0.146372183698867,0.12871287128712872
German Credit,R3_F2,3,2,634,1,0.6923117716064017,0.5648005485089482,0.5777777777777777
German Credit,R3_F2,3,2,639,1,0.7525891960659244,0.6258130417165662,0.6785714285714286
German Credit,R3_F2,3,2,640,1,0.8111608913528746,0.6909540399519782,0.72
German Credit,R3_F2,3,2,642,1,0.19400497326762214,0.1652801240072314,0.12871287128712872
German Credit,R3_F2,3,2,643,0,0.05055231411847513,0.05272496196240892,0.06060606060606061
German Credit,R3_F2,3,2,645,1,0.21558010463237223,0.18124557796636132,0.18604651162790697
German Credit,R3_F2,3,2,658,0,0.8712576456184764,0.7661928950554413,0.72
German Credit,R3_F2,3,2,665,0,0.3678360294393089,0.29380530868240823,0.2777777777777778
German Credit,R3_F2,3,2,672,0,0.48651579870959666,0.38536108966750315,0.4740740740740741
German Credit,R3_F2,3,2,679,0,0.1907191360733913,0.16284023060028457,0.12871287128712872
German Credit,R3_F2,3,2,683,0,0.2025178063838534,0.1715900528449023,0.12871287128712872
German Credit,R3_F2,3,2,684,0,0.441083164790714,0.34963736080020413,0.35294117647058826
German Credit,R3_F2,3,2,694,0,0.08530201684890844,0.0818818918603993,0.08823529411764706
German Credit,R3_F2,3,2,696,0,0.09334767003181561,0.08836207125376551,0.08823529411764706
German Credit,R3_F2,3,2,702,0,0.36412638717117657,0.2910228434654334,0.2777777777777778
German Credit,R3_F2,3,2,708,0,0.4702353029934374,0.3724454526326862,0.35294117647058826
German Credit,R3_F2,3,2,710,0,0.16178691991880986,0.14122141254351978,0.12871287128712872
German Credit,R3_F2,3,2,714,1,0.8054570349357505,0.6843026944992942,0.72
German Credit,R3_F2,3,2,716,0,0.022142271584164767,0.02639838682162721,0.0
German Credit,R3_F2,3,2,720,1,0.4140112518301777,0.3287817502099032,0.29030563808067983
German Credit,R3_F2,3,2,722,1,0.7684241951625661,0.6427794253808407,0.72
German Credit,R3_F2,3,2,730,0,0.5181597805732602,0.4108760240940698,0.4740740740740741
German Credit,R3_F2,3,2,736,1,0.7220535588253458,0.594249694052255,0.5777777777777777
German Credit,R3_F2,3,2,746,0,0.6913066145681354,0.5638255509312565,0.5777777777777777
German Credit,R3_F2,3,2,750,0,0.3480711500965155,0.27901997773388165,0.21782178217821782
German Credit,R3_F2,3,2,755,1,0.6993639222291531,0.5716771024678774,0.5777777777777777
German Credit,R3_F2,3,2,760,0,0.07776221826400866,0.0757323140775295,0.06060606060606061
German Credit,R3_F2,3,2,762,0,0.522522571618659,0.4144397685887285,0.4740740740740741
German Credit,R3_F2,3,2,765,0,0.2639302539842295,0.21683525277046298,0.21782178217821782
German Credit,R3_F2,3,2,767,0,0.059931800081699925,0.06082594128651429,0.06060606060606061
German Credit,R3_F2,3,2,771,1,0.7479521578844786,0.620925390171415,0.6785714285714286
German Credit,R3_F2,3,2,782,0,0.5667708928861602,0.45128940778876,0.4740740740740741
German Credit,R3_F2,3,2,788,1,0.7939267152236745,0.671075796082699,0.72
German Credit,R3_F2,3,2,789,1,0.6642144493527317,0.5380045422969532,0.5777777777777777
German Credit,R3_F2,3,2,790,1,0.44609739074557736,0.35353311974199736,0.35294117647058826
German Credit,R3_F2,3,2,792,0,0.024405324951977673,0.02863995957621645,0.0
German Credit,R3_F2,3,2,797,0,0.23794390905844398,0.19772468382147634,0.18604651162790697
German Credit,R3_F2,3,2,799,0,0.22363876868176535,0.18718978978777295,0.18604651162790697
German Credit,R3_F2,3,2,805,1,0.8042255861386521,0.6828762793217422,0.72
German Credit,R3_F2,3,2,809,1,0.8664416743569939,0.759763461016993,0.72
German Credit,R3_F2,3,2,810,0,0.2753121750027114,0.22520593847727666,0.21782178217821782
German Credit,R3_F2,3,2,819,1,0.6887055887035745,0.5613084179425455,0.5777777777777777
German Credit,R3_F2,3,2,832,1,0.9074528620125384,0.8174014541813363,0.75
German Credit,R3_F2,3,2,833,0,0.19955217900822975,0.16939359133505136,0.12871287128712872
German Credit,R3_F2,3,2,837,0,0.23540754009720788,0.19585802269877273,0.18604651162790697
German Credit,R3_F2,3,2,841,0,0.1505234750128987,0.13272125200313156,0.12871287128712872
German Credit,R3_F2,3,2,842,1,0.29605374738045137,0.2404786415230821,0.21782178217821782
German Credit,R3_F2,3,2,843,0,0.38900092776219797,0.3097537755702415,0.2777777777777778
German Credit,R3_F2,3,2,851,0,0.005801223397550687,0.008591852388232752,0.0
German Credit,R3_F2,3,2,853,1,0.8466014591605638,0.7340747473732202,0.72
German Credit,R3_F2,3,2,864,1,0.20633668441880368,0.17441595871019097,0.18323503360804044
German Credit,R3_F2,3,2,872,0,0.21235552144303996,0.17886459075435784,0.18604651162790697
German Credit,R3_F2,3,2,885,1,0.7855740951762696,0.6616681236841615,0.72
German Credit,R3_F2,3,2,887,1,0.8645472368370889,0.7572560785899533,0.72
German Credit,R3_F2,3,2,901,0,0.1210035488501597,0.11012455384243022,0.08823529411764706
German Credit,R3_F2,3,2,914,1,0.7723898835603377,0.6470980641485504,0.72
German Credit,R3_F2,3,2,934,0,0.710146848929983,0.5823168720444055,0.5777777777777777
German Credit,R3_F2,3,2,943,0,0.042909985209182155,0.04595209512019445,0.06060606060606061
German Credit,R3_F2,3,2,944,0,0.3968826031915105,0.31572752689673905,0.2777777777777778
German Credit,R3_F2,3,2,945,0,0.8651408861399511,0.7580405044574906,0.72
German Credit,R3_F2,3,2,948,1,0.2790952532920809,0.22798932097555827,0.21782178217821782
German Credit,R3_F2,3,2,952,1,0.343883530138652,0.27589914859599407,0.21782178217821782
German Credit,R3_F2,3,2,973,1,0.8851166375353552,0.7851639861244458,0.72
German Credit,R3_F2,3,2,975,0,0.5014131173573234,0.3973021833176486,0.4740740740740741
German Credit,R3_F2,3,2,982,0,0.42204312055445964,0.3349393901107601,0.3076923076923077
German Credit,R3_F2,3,2,987,0,0.14035700399338882,0.12499683643418112,0.12871287128712872
German Credit,R3_F2,3,2,996,0,0.4109624729080578,0.32645064503417054,0.2777777777777778
German Credit,R3_F3,3,3,5,0,0.3700367426539744,0.30140880908172957,0.2745098039215686
German Credit,R3_F3,3,3,11,1,0.9093674635742982,0.8507339720571506,0.9
German Credit,R3_F3,3,3,13,1,0.47554850307449703,0.3903729385528971,0.4065934065934066
German Credit,R3_F3,3,3,18,1,0.743633311678949,0.6483434274476864,0.7037037037037037
German Credit,R3_F3,3,3,22,0,0.1900476613092347,0.15774116757058163,0.17857142857142858
German Credit,R3_F3,3,3,24,0,0.04279917366757452,0.039818718961200705,0.013888888888888888
German Credit,R3_F3,3,3,26,0,0.13563123460079354,0.1149597741252174,0.12500000000000003
German Credit,R3_F3,3,3,31,0,0.7036518647299684,0.6058033722360958,0.6764705882352942
German Credit,R3_F3,3,3,38,0,0.38064493586864084,0.31014347361934885,0.2745098039215686
German Credit,R3_F3,3,3,49,0,0.1609503058464456,0.1348944592060575,0.17857142857142858
German Credit,R3_F3,3,3,50,0,0.4102386501577133,0.3347384148008585,0.2745098039215686
German Credit,R3_F3,3,3,61,0,0.055162057691350685,0.05020231588992611,0.013888888888888888
German Credit,R3_F3,3,3,69,0,0.1951865843603453,0.16177518271399213,0.17857142857142858
German Credit,R3_F3,3,3,70,0,0.39615944712836315,0.32299408665304874,0.2745098039215686
German Credit,R3_F3,3,3,71,0,0.030052064887101295,0.02884973977961689,0.0
German Credit,R3_F3,3,3,79,0,0.7566904925511982,0.6626521195391972,0.7037037037037037
German Credit,R3_F3,3,3,83,0,0.24425524398543752,0.20037990097476727,0.17857142857142858
German Credit,R3_F3,3,3,93,0,0.2564840720093333,0.21004449188194305,0.17857142857142858
German Credit,R3_F3,3,3,94,0,0.14513010296526993,0.1224489386483366,0.12500000000000003
German Credit,R3_F3,3,3,97,0,0.3989592722760158,0.32532318544876077,0.2745098039215686
German Credit,R3_F3,3,3,103,0,0.23428735299989986,0.1925181535325137,0.17857142857142858
German Credit,R3_F3,3,3,107,0,0.43122430363336334,0.3523992718409493,0.3333333333333333
German Credit,R3_F3,3,3,112,0,0.584662013570673,0.48856374989209667,0.45161290322580644
German Credit,R3_F3,3,3,115,0,0.045012431975633004,0.04169335031274526,0.013888888888888888
German Credit,R3_F3,3,3,119,0,0.29946852356598586,0.244236851299681,0.21212121212121213
German Credit,R3_F3,3,3,128,0,0.14574808008746817,0.12293566900405785,0.12500000000000003
German Credit,R3_F3,3,3,130,0,0.5857756599132707,0.48960634074607856,0.45161290322580644
German Credit,R3_F3,3,3,134,0,0.477025244642095,0.39165501211121234,0.4065934065934066
German Credit,R3_F3,3,3,141,0,0.8447971767421477,0.7656994697203651,0.7037037037037037
German Credit,R3_F3,3,3,142,0,0.7660340824668577,0.6730271951415072,0.7037037037037037
German Credit,R3_F3,3,3,143,1,0.5808182579578652,0.4849722038987662,0.45161290322580644
German Credit,R3_F3,3,3,152,0,0.5603375749888958,0.4660127554085941,0.45161290322580644
German Credit,R3_F3,3,3,155,1,0.61647830800002,0.5187201883130812,0.6071428571428571
German Credit,R3_F3,3,3,161,0,0.2807305722059192,0.22928415123805115,0.21212121212121213
German Credit,R3_F3,3,3,168,0,0.23574859028000492,0.19366983157478146,0.17857142857142858
German Credit,R3_F3,3,3,175,1,0.12093073348804602,0.10333376730929657,0.12500000000000003
German Credit,R3_F3,3,3,182,1,0.5465030204190815,0.45336843276271377,0.4065934065934066
German Credit,R3_F3,3,3,186,1,0.36626345380491704,0.29831170571187343,0.2745098039215686
German Credit,R3_F3,3,3,190,1,0.07949384763581384,0.07016548433373172,0.013888888888888888
German Credit,R3_F3,3,3,191,1,0.5336746856533424,0.4417554776640837,0.4065934065934066
German Credit,R3_F3,3,3,193,0,0.06221711935907861,0.056045349159074324,0.013888888888888888
German Credit,R3_F3,3,3,196,0,0.057419188637824976,0.05207741335675309,0.013888888888888888
German Credit,R3_F3,3,3,223,0,0.10697826384542904,0.09224469870101686,0.12500000000000003
German Credit,R3_F3,3,3,228,1,0.057552118847212876,0.052187669722945834,0.013888888888888888
German Credit,R3_F3,3,3,231,0,0.11911602630420581,0.10189487439077317,0.12500000000000003
German Credit,R3_F3,3,3,234,0,0.010438347070928194,0.011027627417688835,0.0
German Credit,R3_F3,3,3,240,1,0.7660764919448152,0.6730745526167713,0.7037037037037037
German Credit,R3_F3,3,3,241,0,0.024944720926247495,0.024350387426856527,0.0
German Credit,R3_F3,3,3,243,0,0.06952862188585228,0.062050176382930304,0.013888888888888888
German Credit,R3_F3,3,3,249,1,0.2065996629025241,0.1707375138580063,0.17857142857142858
German Credit,R3_F3,3,3,251,0,0.2176399941319792,0.17941425432989544,0.17857142857142858
German Credit,R3_F3,3,3,257,1,0.760053896629649,0.6663734829272664,0.7037037037037037
German Credit,R3_F3,3,3,267,0,0.3984464790703865,0.3248963722659405,0.2745098039215686
German Credit,R3_F3,3,3,268,1,0.5611273403585191,0.4667384530074572,0.45161290322580644
German Credit,R3_F3,3,3,269,0,0.0712410016756394,0.06344996185804605,0.013888888888888888
German Credit,R3_F3,3,3,277,0,0.5050041472002207,0.41616867660653567,0.4065934065934066
German Credit,R3_F3,3,3,280,0,0.028956317560647735,0.027890397813453552,0.0
German Credit,R3_F3,3,3,281,0,0.06086958510439707,0.05493327407738894,0.013888888888888888
German Credit,R3_F3,3,3,286,0,0.7424574484497807,0.6470653998928094,0.7037037037037037
German Credit,R3_F3,3,3,287,0,0.4344118671780827,0.3550988659820725,0.3333333333333333
German Credit,R3_F3,3,3,289,1,0.7626994159511646,0.6693110580279468,0.7037037037037037
German Credit,R3_F3,3,3,299,0,0.11064852648091432,0.09516790583080446,0.12500000000000003
German Credit,R3_F3,3,3,300,0,0.07694880380816382,0.06809967533233961,0.013888888888888888
German Credit,R3_F3,3,3,302,1,0.21104345010163714,0.17422890763578633,0.17857142857142858
German Credit,R3_F3,3,3,314,0,0.08951146528990324,0.07825753445864621,0.12500000000000003
German Credit,R3_F3,3,3,316,0,0.3296287138641347,0.2684893422218823,0.21212121212121213
German Credit,R3_F3,3,3,318,0,0.15845811603347706,0.1329356413361211,0.17857142857142858
German Credit,R3_F3,3,3,322,0,0.3832344089608007,0.3122819235178444,0.2745098039215686
German Credit,R3_F3,3,3,323,0,0.23688400320924574,0.19456489485384443,0.17857142857142858
German Credit,R3_F3,3,3,326,0,0.13136953563265255,0.11159437621626868,0.12500000000000003
German Credit,R3_F3,3,3,337,1,0.5876954787668894,0.49140580923872323,0.45161290322580644
German Credit,R3_F3,3,3,342,0,0.6804492423498965,0.581919388960624,0.6764705882352942
German Credit,R3_F3,3,3,357,1,0.2515775810406164,0.20616402581507076,0.17857142857142858
German Credit,R3_F3,3,3,364,1,0.5738324429622773,0.4784720716272286,0.45161290322580644
German Credit,R3_F3,3,3,367,0,0.6294354092048796,0.5312312549488799,0.6071428571428571
German Credit,R3_F3,3,3,383,0,0.487600402813725,0.4008699795499266,0.4065934065934066
German Credit,R3_F3,3,3,387,0,0.4500542320614367,0.36841484507711403,0.3333333333333333
German Credit,R3_F3,3,3,396,0,0.6125966473936214,0.5149988028152819,0.6071428571428571
German Credit,R3_F3,3,3,398,1,0.4864792912445676,0.3998902185810093,0.4065934065934066
German Credit,R3_F3,3,3,399,0,0.028225279135121382,0.027248635469204217,0.0
German Credit,R3_F3,3,3,401,0,0.3968424522391261,0.32356197176906526,0.2745098039215686
German Credit,R3_F3,3,3,404,0,0.27688610129314317,0.2262258930205955,0.21212121212121213
German Credit,R3_F3,3,3,407,0,0.3522840010437622,0.28688033169287147,0.21212121212121213
German Credit,R3_F3,3,3,408,0,0.1475491998000234,0.1243539559448097,0.12500000000000003
German Credit,R3_F3,3,3,410,0,0.6189026087627171,0.5210505547328684,0.6071428571428571
German Credit,R3_F3,3,3,413,0,0.09391922414643794,0.08180041784447516,0.12500000000000003
German Credit,R3_F3,3,3,421,0,0.13048280482265032,0.1108936652192306,0.12500000000000003
German Credit,R3_F3,3,3,433,0,0.22244610812182355,0.18319448374572775,0.17857142857142858
German Credit,R3_F3,3,3,436,0,0.12056754910599994,0.10304586933069562,0.12500000000000003
German Credit,R3_F3,3,3,439,1,0.3552026321180506,0.2892615155673146,0.21291845606210388
German Credit,R3_F3,3,3,443,1,0.2857711912733594,0.233298708953933,0.21212121212121213
German Credit,R3_F3,3,3,448,0,0.13427775648636942,0.11389134848342876,0.12500000000000003
German Credit,R3_F3,3,3,452,0,0.24223371820450867,0.19878442547413777,0.17857142857142858
German Credit,R3_F3,3,3,453,0,0.04732283866615541,0.043642420837594745,0.013888888888888888
German Credit,R3_F3,3,3,462,0,0.611056037516163,0.5135251472981589,0.6071428571428571
German Credit,R3_F3,3,3,465,0,0.28257595746518344,0.23075325465033694,0.21212121212121213
German Credit,R3_F3,3,3,467,0,0.28245904293711344,0.23066015782560675,0.21212121212121213
German Credit,R3_F3,3,3,484,0,0.0759306280825258,0.06727198052045091,0.013888888888888888
German Credit,R3_F3,3,3,487,0,0.29061813957917887,0.23716431565098822,0.21212121212121213
German Credit,R3_F3,3,3,490,0,0.07652422974199465,0.06775461900204212,0.013888888888888888
German Credit,R3_F3,3,3,492,0,0.08389961088122538,0.0737317180658594,0.12500000000000003
German Credit,R3_F3,3,3,494,0,0.19591306563629765,0.16234551541565162,0.17857142857142858
German Credit,R3_F3,3,3,498,0,0.2262744442882639,0.18620722104279178,0.17857142857142858
German Credit,R3_F3,3,3,499,0,0.25584274016515063,0.20953704855535976,0.17857142857142858
German Credit,R3_F3,3,3,501,0,0.6362011620887039,0.5378198699499421,0.6071428571428571
German Credit,R3_F3,3,3,507,1,0.5203625013652728,0.42981365426745555,0.4065934065934066
German Credit,R3_F3,3,3,519,0,0.061175033850521254,0.055185506765703704,0.013888888888888888
German Credit,R3_F3,3,3,522,1,0.8849797340186885,0.8174153337902125,0.9
German Credit,R3_F3,3,3,528,1,0.7797844240275381,0.6885118707957832,0.7037037037037037
German Credit,R3_F3,3,3,537,0,0.37987202616883814,0.30950567217706554,0.2745098039215686
German Credit,R3_F3,3,3,546,0,0.18830828161820093,0.1563758669328598,0.17857142857142858
German Credit,R3_F3,3,3,549,0,0.12149872384982328,0.10378394379095261,0.12500000000000003
German Credit,R3_F3,3,3,560,0,0.35639629774244624,0.29023619291140307,0.2515599555063122
German Credit,R3_F3,3,3,563,1,0.5813604342511919,0.4854781540517136,0.45161290322580644
German Credit,R3_F3,3,3,567,0,0.021150979383386937,0.02095660705663377,0.0
German Credit,R3_F3,3,3,571,0,0.0926484636752216,0.08078000889534112,0.12500000000000003
German Credit,R3_F3,3,3,573,0,0.7366730341262295,0.6408031280462821,0.7037037037037037
German Credit,R3_F3,3,3,574,0,0.3384711176864099,0.2756484215054814,0.21212121212121213
German Credit,R3_F3,3,3,576,0,0.33789325207561594,0.2751798405439267,0.21212121212121213
German Credit,R3_F3,3,3,586,0,0.29009104670077235,0.23674368326648534,0.21212121212121213
German Credit,R3_F3,3,3,592,0,0.12118983850509668,0.10353913903079952,0.12500000000000003
German Credit,R3_F3,3,3,593,1,0.7779292141109205,0.6864071864948713,0.7037037037037037
German Credit,R3_F3,3,3,597,1,0.4811499813275764,0.3952421102004959,0.4065934065934066
German Credit,R3_F3,3,3,599,0,0.22416587689841427,0.18454768661575538,0.17857142857142858
German Credit,R3_F3,3,3,608,0,0.16741973814136527,0.13997709601265007,0.17857142857142858
German Credit,R3_F3,3,3,613,0,0.34268275755346617,0.279066690002666,0.21212121212121213
German Credit,R3_F3,3,3,621,1,0.40288843955107917,0.3285970676963861,0.2745098039215686
German Credit,R3_F3,3,3,630,0,0.6363034733630476,0.5379198023408966,0.6071428571428571
German Credit,R3_F3,3,3,633,1,0.33017221681000064,0.26892870474774355,0.21212121212121213
German Credit,R3_F3,3,3,637,0,0.5629836659577107,0.4684458658191401,0.45161290322580644
German Credit,R3_F3,3,3,648,1,0.5117451074590805,0.42214054201548395,0.4065934065934066
German Credit,R3_F3,3,3,653,1,0.3377885284838736,0.275094933023954,0.21212121212121213
German Credit,R3_F3,3,3,656,1,0.6905828682832107,0.592282413840655,0.6764705882352942
German Credit,R3_F3,3,3,670,0,0.12269735088588435,0.1047336645250447,0.12500000000000003
German Credit,R3_F3,3,3,681,0,0.094400644719845,0.082186788077786,0.12500000000000003
German Credit,R3_F3,3,3,686,0,0.1263959874228852,0.10766191156095346,0.12500000000000003
German Credit,R3_F3,3,3,692,0,0.5219875706135996,0.4312656290179276,0.4065934065934066
German Credit,R3_F3,3,3,693,0,0.20053379350761238,0.16597348372593115,0.17857142857142858
German Credit,R3_F3,3,3,697,0,0.17029126780148449,0.14223224307521834,0.17857142857142858
German Credit,R3_F3,3,3,704,0,0.7627727275211257,0.6693925956401245,0.7037037037037037
German Credit,R3_F3,3,3,711,1,0.6803219133850721,0.5817898326939833,0.6764705882352942
German Credit,R3_F3,3,3,712,0,0.019545101985736543,0.019504306098289407,0.0
German Credit,R3_F3,3,3,713,0,0.20463465219290766,0.16919402235726305,0.17857142857142858
German Credit,R3_F3,3,3,715,0,0.03488922806043369,0.03305069329784374,0.0
German Credit,R3_F3,3,3,719,0,0.32042890385338435,0.2610652701746077,0.21212121212121213
German Credit,R3_F3,3,3,721,1,0.4203067655668265,0.34318751357883853,0.3333333333333333
German Credit,R3_F3,3,3,737,0,0.5858533124857519,0.48967907271439937,0.45161290322580644
German Credit,R3_F3,3,3,741,0,0.5068750704360522,0.4178234999661126,0.4065934065934066
German Credit,R3_F3,3,3,744,0,0.4665249026672818,0.38256346150227133,0.4065934065934066
German Credit,R3_F3,3,3,745,0,0.4472213203844208,0.3659946931888676,0.3333333333333333
German Credit,R3_F3,3,3,747,1,0.6382344276990858,0.5398075497676278,0.6071428571428571
German Credit,R3_F3,3,3,749,0,0.021845649150322336,0.021581785524905438,0.0
German Credit,R3_F3,3,3,754,1,0.06169602078660413,0.05561551411483305,0.013888888888888888
German Credit,R3_F3,3,3,761,1,0.5454804404524788,0.4524388501212837,0.4065934065934066
German Credit,R3_F3,3,3,779,0,0.513121800269831,0.4233634244170584,0.4065934065934066
German Credit,R3_F3,3,3,784,0,0.19485583033792483,0.16151552528491317,0.17857142857142858
German Credit,R3_F3,3,3,786,0,0.09012211239938035,0.07874895860779481,0.12500000000000003
German Credit,R3_F3,3,3,806,0,0.1318328856181797,0.11196045695077779,0.12500000000000003
German Credit,R3_F3,3,3,812,1,0.5193789911295084,0.4289356761140223,0.4065934065934066
German Credit,R3_F3,3,3,828,1,0.6318948918212332,0.5336218468422342,0.6071428571428571
German Credit,R3_F3,3,3,830,0,0.23907991899944414,0.196296439006255,0.17857142857142858
German Credit,R3_F3,3,3,838,0,0.1928211320264537,0.15991825250253278,0.17857142857142858
German Credit,R3_F3,3,3,839,0,0.10583775625324238,0.09133533483255755,0.12500000000000003
German Credit,R3_F3,3,3,852,0,0.09172122220317865,0.080034935427118,0.12500000000000003
German Credit,R3_F3,3,3,862,1,0.6822621603693616,0.5837657667587223,0.6764705882352942
German Credit,R3_F3,3,3,865,0,0.33440633297361316,0.27235452442853514,0.21212121212121213
German Credit,R3_F3,3,3,866,0,0.7730004201311133,0.6808392806602788,0.7037037037037037
German Credit,R3_F3,3,3,868,0,0.17217749344133318,0.14371336292816259,0.17857142857142858
German Credit,R3_F3,3,3,869,0,0.6920544281361453,0.5937959624210378,0.6764705882352942
German Credit,R3_F3,3,3,876,0,0.803688036210103,0.716085431921792,0.7037037037037037
German Credit,R3_F3,3,3,881,0,0.18855600803056594,0.15657031426123832,0.17857142857142858
German Credit,R3_F3,3,3,883,0,0.06872619403716095,0.06139341555112565,0.013888888888888888
German Credit,R3_F3,3,3,888,0,0.19058619417936973,0.15816388855119273,0.17857142857142858
German Credit,R3_F3,3,3,889,0,0.19371473709938655,0.160619735480731,0.17857142857142858
German Credit,R3_F3,3,3,894,0,0.07127774058436914,0.06347996859616846,0.013888888888888888
German Credit,R3_F3,3,3,895,0,0.08454470445947881,0.07425288701756079,0.12500000000000003
German Credit,R3_F3,3,3,897,0,0.019552462070367253,0.019510985800174213,0.0
German Credit,R3_F3,3,3,898,0,0.2100980058653509,0.1734859844574346,0.17857142857142858
German Credit,R3_F3,3,3,902,0,0.1367025726836081,0.11580523152960394,0.12500000000000003
German Credit,R3_F3,3,3,906,0,0.23482771705202196,0.19294401210816273,0.17857142857142858
German Credit,R3_F3,3,3,911,1,0.6137744221623352,0.5161266692260319,0.6071428571428571
German Credit,R3_F3,3,3,912,0,0.3722194471161549,0.3032026806044976,0.2745098039215686
German Credit,R3_F3,3,3,917,1,0.6693998309458612,0.5707357976383545,0.6748050978314005
German Credit,R3_F3,3,3,921,0,0.21308591713126934,0.17583407660706757,0.17857142857142858
German Credit,R3_F3,3,3,923,0,0.5136903564177165,0.42386878442363524,0.4065934065934066
German Credit,R3_F3,3,3,924,1,0.7532018621974609,0.6588077942765405,0.7037037037037037
German Credit,R3_F3,3,3,925,1,0.755276313304235,0.6610918513736228,0.7037037037037037
German Credit,R3_F3,3,3,928,0,0.06640618790528573,0.05949153033762018,0.013888888888888888
German Credit,R3_F3,3,3,932,0,0.08912764947662022,0.07794855357602218,0.12500000000000003
German Credit,R3_F3,3,3,939,0,0.03086411003153891,0.029558762281421742,0.0
German Credit,R3_F3,3,3,949,1,0.08873340356155292,0.07763109393336529,0.12500000000000003
German Credit,R3_F3,3,3,953,1,0.575526079214051,0.48004475413474545,0.45161290322580644
German Credit,R3_F3,3,3,960,0,0.05889949349780906,0.05330416059648533,0.013888888888888888
German Credit,R3_F3,3,3,961,0,0.6741829589236179,0.5755624311231948,0.6764705882352942
German Credit,R3_F3,3,3,967,0,0.19144163486086893,0.1588353751437425,0.17857142857142858
German Credit,R3_F3,3,3,970,0,0.22318124899003858,0.18377289509333425,0.17857142857142858
German Credit,R3_F3,3,3,972,1,0.8871086347915448,0.8202598220804385,0.9
German Credit,R3_F3,3,3,984,0,0.08565144990251788,0.07514645285246015,0.12500000000000003
German Credit,R3_F3,3,3,989,0,0.3021932446540798,0.24641803873209014,0.21212121212121213
German Credit,R3_F3,3,3,994,0,0.07497374151659854,0.06649344029126578,0.013888888888888888
German Credit,R3_F4,3,4,3,0,0.7136647906538945,0.6257289183500017,0.6125
German Credit,R3_F4,3,4,10,1,0.7865065344447425,0.7109793232302616,0.8064516129032258
German Credit,R3_F4,3,4,23,0,0.07194295500174812,0.05135646812258493,0.046052631578947366
German Credit,R3_F4,3,4,28,0,0.06371071541942398,0.04543032004729462,0.046052631578947366
German Credit,R3_F4,3,4,29,1,0.8447662257650167,0.7834267527435733,0.8064516129032258
German Credit,R3_F4,3,4,30,0,0.2641498005105991,0.19760564192436605,0.21951219512195122
German Credit,R3_F4,3,4,42,0,0.6095719788200881,0.512904720572108,0.5
German Credit,R3_F4,3,4,44,1,0.6068443124424651,0.5100777396215509,0.5
German Credit,R3_F4,3,4,48,0,0.1772026543773004,0.12939696656560237,0.125
German Credit,R3_F4,3,4,52,0,0.20077947685663158,0.14753047337766226,0.125
German Credit,R3_F4,3,4,53,0,0.03753315465024934,0.026718398662573094,0.046052631578947366
German Credit,R3_F4,3,4,59,1,0.6971694106400775,0.6071775083082355,0.6125
German Credit,R3_F4,3,4,62,1,0.7752161960971736,0.697394091735494,0.7164928234877098
German Credit,R3_F4,3,4,67,0,0.3811260996228916,0.2957010209600726,0.3706293706293706
German Credit,R3_F4,3,4,85,0,0.046073685303318034,0.03280325469514189,0.046052631578947366
German Credit,R3_F4,3,4,87,1,0.7782798203393618,0.701066443041137,0.8064516129032258
German Credit,R3_F4,3,4,90,0,0.025683771595865785,0.018300150399257434,0.0
German Credit,R3_F4,3,4,100,0,0.23873379841967513,0.1772805246955353,0.125
German Credit,R3_F4,3,4,110,0,0.5695459150467905,0.4720385132037608,0.38181818181818183
German Credit,R3_F4,3,4,127,1,0.5102264197098988,0.4138009350459014,0.38181818181818183
German Credit,R3_F4,3,4,129,1,0.4112253446109611,0.322250995159815,0.3706293706293706
German Credit,R3_F4,3,4,131,1,0.822525711252438,0.755292083226352,0.8064516129032258
German Credit,R3_F4,3,4,137,1,0.14607244470472966,0.10584012292657885,0.10204081632653061
German Credit,R3_F4,3,4,138,0,0.0660814607473881,0.047134714489040996,0.046052631578947366
German Credit,R3_F4,3,4,147,0,0.055847276902520816,0.039789483449271655,0.046052631578947366
German Credit,R3_F4,3,4,159,0,0.0189123439703784,0.013496809093196548,0.0
German Credit,R3_F4,3,4,160,0,0.02265005072302129,0.016147876592316365,0.0
German Credit,R3_F4,3,4,163,0,0.7714700105640598,0.6929175910566158,0.6470588235294118
German Credit,R3_F4,3,4,167,0,0.33572941174089105,0.25670361734054553,0.2631578947368421
German Credit,R3_F4,3,4,173,0,0.02380361789283696,0.016966189911905485,0.0
German Credit,R3_F4,3,4,185,0,0.054604278601609935,0.03889950324938171,0.046052631578947366
German Credit,R3_F4,3,4,189,0,0.675680498959066,0.5834030341169352,0.6125
German Credit,R3_F4,3,4,194,1,0.37799413206816473,0.29297074678499746,0.3706293706293706
German Credit,R3_F4,3,4,199,1,0.7006736045564308,0.6110962712750589,0.6125
German Credit,R3_F4,3,4,202,0,0.3890984742883208,0.3026781549349348,0.3706293706293706
German Credit,R3_F4,3,4,203,1,0.43959888093749333,0.34780939020152235,0.3706293706293706
German Credit,R3_F4,3,4,215,0,0.08420539163499281,0.06022588571310054,0.046052631578947366
German Credit,R3_F4,3,4,218,0,0.8070539768540868,0.7360728813865866,0.8064516129032258
German Credit,R3_F4,3,4,229,0,0.7325124368749277,0.6472563459646892,0.6125
German Credit,R3_F4,3,4,230,1,0.3421231681616895,0.2621223123514263,0.2631578947368421
German Credit,R3_F4,3,4,233,0,0.15600824440445196,0.11331231359557466,0.10204081632653061
German Credit,R3_F4,3,4,235,1,0.6381254450702801,0.5428796721833535,0.6125
German Credit,R3_F4,3,4,245,0,0.12134035857745616,0.08742218357329758,0.046052631578947366
German Credit,R3_F4,3,4,252,1,0.6612692662152909,0.5677012683516316,0.6125
German Credit,R3_F4,3,4,258,0,0.09289697570717548,0.0665446354697333,0.046052631578947366
German Credit,R3_F4,3,4,263,0,0.29726536492644495,0.22459676131589998,0.21951219512195122
German Credit,R3_F4,3,4,264,0,0.02761815570641042,0.019672961679911893,0.0
German Credit,R3_F4,3,4,272,0,0.7141442078182504,0.6262720894672619,0.6125
German Credit,R3_F4,3,4,274,1,0.8454220060360909,0.7842656479617613,0.8064516129032258
German Credit,R3_F4,3,4,276,0,0.07429372359127094,0.0530527963045496,0.046052631578947366
German Credit,R3_F4,3,4,291,1,0.5258567251440134,0.4288870512280666,0.38181818181818183
German Credit,R3_F4,3,4,294,0,0.47910704082671735,0.38429426915502685,0.3706293706293706
German Credit,R3_F4,3,4,305,0,0.10290484700595874,0.07385486431112832,0.046052631578947366
German Credit,R3_F4,3,4,306,0,0.123593143363525,0.08908936005680676,0.046052631578947366
German Credit,R3_F4,3,4,307,1,0.5015959704704628,0.4055479265529191,0.38181818181818183
German Credit,R3_F4,3,4,319,0,0.5308034690974317,0.4336994920433162,0.38181818181818183
German Credit,R3_F4,3,4,324,0,0.1620260818031797,0.11785896591896641,0.10204081632653061
German Credit,R3_F4,3,4,327,0,0.10062435873784174,0.07218576498952353,0.046052631578947366
German Credit,R3_F4,3,4,328,0,0.3734784137831653,0.2890447570433371,0.3706293706293706
German Credit,R3_F4,3,4,331,1,0.09900804584701677,0.07100397433963261,0.046052631578947366
German Credit,R3_F4,3,4,339,0,0.6473693111546494,0.5527361379216388,0.6125
German Credit,R3_F4,3,4,341,0,0.5291329233972032,0.43207224423244056,0.38181818181818183
German Credit,R3_F4,3,4,344,0,0.2550768892199038,0.19031193006736652,0.2
German Credit,R3_F4,3,4,348,0,0.08523846563940901,0.06097550131170031,0.046052631578947366
German Credit,R3_F4,3,4,349,1,0.21345070750729753,0.15738455473169813,0.125
German Credit,R3_F4,3,4,352,0,0.01733052866675051,0.012374853505927937,0.0
German Credit,R3_F4,3,4,355,1,0.722395654016582,0.6356567106327876,0.6125
German Credit,R3_F4,3,4,361,0,0.1155991839143485,0.08318266360528723,0.046052631578947366
German Credit,R3_F4,3,4,371,0,0.05982478868039189,0.04264041160779416,0.046052631578947366
German Credit,R3_F4,3,4,386,0,0.1887873511459154,0.1382747240040921,0.125
German Credit,R3_F4,3,4,388,0,0.24388191195110898,0.18137077747026897,0.125
German Credit,R3_F4,3,4,389,0,0.21520757138932858,0.15875692560820917,0.125
German Credit,R3_F4,3,4,390,0,0.29084057785393286,0.21931405405153848,0.21951219512195122
German Credit,R3_F4,3,4,392,0,0.7779940264812133,0.7007234249260962,0.8064516129032258
German Credit,R3_F4,3,4,412,1,0.09583744497025837,0.06868860099573881,0.046052631578947366
German Credit,R3_F4,3,4,415,0,0.03630716266793728,0.02584625744652098,0.046052631578947366
German Credit,R3_F4,3,4,418,0,0.4301015874535498,0.3391957789727499,0.3706293706293706
German Credit,R3_F4,3,4,419,1,0.6158039512053254,0.5193872078911453,0.5
German Credit,R3_F4,3,4,444,1,0.5846549755440248,0.48731073412843484,0.38181818181818183
German Credit,R3_F4,3,4,451,0,0.11980740846213629,0.08628889510632415,0.046052631578947366
German Credit,R3_F4,3,4,455,0,0.10105476166788181,0.07250062723364016,0.046052631578947366
German Credit,R3_F4,3,4,456,0,0.25882014407871345,0.1933159519416877,0.21951219512195122
German Credit,R3_F4,3,4,457,1,0.2311302328459315,0.17126376894608897,0.125
German Credit,R3_F4,3,4,460,0,0.35419454689427976,0.2724179180198264,0.3706293706293706
German Credit,R3_F4,3,4,468,0,0.5091407754131013,0.4127597824758065,0.38181818181818183
German Credit,R3_F4,3,4,474,1,0.3804601097412031,0.29511994441249517,0.3706293706293706
German Credit,R3_F4,3,4,476,0,0.09111885545901229,0.06524971498381511,0.046052631578947366
German Credit,R3_F4,3,4,479,0,0.25862492715977137,0.1931591078814387,0.21951219512195122
German Credit,R3_F4,3,4,483,0,0.1860405318637783,0.13616414168169289,0.125
German Credit,R3_F4,3,4,488,0,0.03503424501489726,0.02494105466656507,0.046052631578947366
German Credit,R3_F4,3,4,489,0,0.24794757059591685,0.18461050639491075,0.18134935143997438
German Credit,R3_F4,3,4,493,0,0.1152343955156141,0.08291373403906185,0.046052631578947366
German Credit,R3_F4,3,4,495,1,0.5243726081951374,0.42744680709041905,0.38181818181818183
German Credit,R3_F4,3,4,496,1,0.6745976590754696,0.5822165469142723,0.6125
German Credit,R3_F4,3,4,503,1,0.36431960112159795,0.28112004720784695,0.3706293706293706
German Credit,R3_F4,3,4,508,0,0.19814186157197866,0.14548890429273065,0.125
German Credit,R3_F4,3,4,509,0,0.16666639177891815,0.1213757994389404,0.1045616629031982
German Credit,R3_F4,3,4,511,0,0.1395275426372329,0.10094122448006426,0.10204081632653061
German Credit,R3_F4,3,4,517,1,0.33674610567544,0.25756367834735827,0.2631578947368421
German Credit,R3_F4,3,4,531,1,0.4308048862020763,0.3398315988346132,0.3706293706293706
German Credit,R3_F4,3,4,533,0,0.09933254784505681,0.07124115943338993,0.046052631578947366
German Credit,R3_F4,3,4,535,1,0.5136552973638074,0.4170949682385418,0.38181818181818183
German Credit,R3_F4,3,4,541,0,0.5129185408885085,0.4163864568220221,0.38181818181818183
German Credit,R3_F4,3,4,544,0,0.07670364975243293,0.054793746425434685,0.046052631578947366
German Credit,R3_F4,3,4,547,0,0.20767570655857182,0.15288393709794007,0.125
German Credit,R3_F4,3,4,551,0,0.16933535912541545,0.12340293059289716,0.125
German Credit,R3_F4,3,4,556,1,0.5800779015030413,0.4826647964427764,0.38181818181818183
German Credit,R3_F4,3,4,561,1,0.5691353205896016,0.4716260406794361,0.38181818181818183
German Credit,R3_F4,3,4,566,1,0.6990166758409768,0.6092418358966707,0.6125
German Credit,R3_F4,3,4,570,1,0.7438097919260986,0.6603333480959659,0.6125
German Credit,R3_F4,3,4,583,1,0.5887957803052997,0.4915285290021136,0.38181818181818183
German Credit,R3_F4,3,4,587,0,0.2283465951881191,0.16906827330474417,0.125
German Credit,R3_F4,3,4,588,1,0.4703869003828276,0.37614923337118933,0.3706293706293706
German Credit,R3_F4,3,4,591,0,0.5052995376388019,0.40908288005365434,0.38181818181818183
German Credit,R3_F4,3,4,596,1,0.8061020964315846,0.7348996553482869,0.8064516129032258
German Credit,R3_F4,3,4,601,1,0.6190663249017127,0.5227938987502763,0.5
German Credit,R3_F4,3,4,603,1,0.2932375877377241,0.2212823350736933,0.21951219512195122
German Credit,R3_F4,3,4,604,0,0.51777879241259,0.42106776968106985,0.38181818181818183
German Credit,R3_F4,3,4,605,0,0.42355788476991335,0.333295448734046,0.3706293706293706
German Credit,R3_F4,3,4,606,0,0.10948609287970229,0.07868291112444706,0.046052631578947366
German Credit,R3_F4,3,4,609,0,0.12779407890428132,0.09220378840792887,0.046052631578947366
German Credit,R3_F4,3,4,611,1,0.3314429023787513,0.2530840506927581,0.2631578947368421
German Credit,R3_F4,3,4,619,0,0.2337530500037304,0.17333595341110705,0.125
German Credit,R3_F4,3,4,624,1,0.4439508001174804,0.3517763799417432,0.3706293706293706
German Credit,R3_F4,3,4,627,1,0.5478276519990167,0.45040329496191417,0.38181818181818183
German Credit,R3_F4,3,4,644,0,0.27493140649945486,0.20632898865816365,0.21951219512195122
German Credit,R3_F4,3,4,646,0,0.7174788553496366,0.6300565030749927,0.6125
German Credit,R3_F4,3,4,650,0,0.8722582130581974,0.8190702202716268,0.8333333333333334
German Credit,R3_F4,3,4,652,1,0.6913607134091168,0.6007076757231635,0.6125
German Credit,R3_F4,3,4,654,0,0.011518387652034674,0.008250083782002413,0.0
German Credit,R3_F4,3,4,655,0,0.7167883041371287,0.6292719041752702,0.6125
German Credit,R3_F4,3,4,659,0,0.3140876511063828,0.2385363760850487,0.21951219512195122
German Credit,R3_F4,3,4,660,0,0.4685501655889572,0.37444037947609204,0.3706293706293706
German Credit,R3_F4,3,4,663,0,0.5197670241523252,0.42298783564190157,0.38181818181818183
German Credit,R3_F4,3,4,668,1,0.3782364788748518,0.29318179656711535,0.3706293706293706
German Credit,R3_F4,3,4,669,0,0.14255403053752103,0.10320430285136363,0.10204081632653061
German Credit,R3_F4,3,4,675,0,0.11994793064909148,0.08639274175033772,0.046052631578947366
German Credit,R3_F4,3,4,677,1,0.6347969187433072,0.5393490458705525,0.6125
German Credit,R3_F4,3,4,678,0,0.5014024037486201,0.4053634459397491,0.38181818181818183
German Credit,R3_F4,3,4,680,0,0.2693909057580453,0.2018385445577389,0.21951219512195122
German Credit,R3_F4,3,4,685,0,0.4189213488753136,0.3291316576705358,0.3706293706293706
German Credit,R3_F4,3,4,688,0,0.11619204468392795,0.0836198457879952,0.046052631578947366
German Credit,R3_F4,3,4,699,0,0.3576902218708493,0.2754154193050619,0.3706293706293706
German Credit,R3_F4,3,4,703,0,0.5054426677911446,0.4092196938758601,0.38181818181818183
German Credit,R3_F4,3,4,717,0,0.13707920131655962,0.0991132927932993,0.10204081632653061
German Credit,R3_F4,3,4,723,0,0.17236591639635954,0.12570857623273657,0.125
German Credit,R3_F4,3,4,724,1,0.5244163314114824,0.42748921423178005,0.38181818181818183
German Credit,R3_F4,3,4,726,0,0.052849749635455724,0.03764402318286047,0.046052631578947366
German Credit,R3_F4,3,4,727,1,0.7158253637753825,0.6281786117689832,0.6125
German Credit,R3_F4,3,4,731,1,0.6533256467016715,0.5591275722081586,0.6125
German Credit,R3_F4,3,4,748,0,0.06987867008055887,0.0498683829624256,0.046052631578947366
German Credit,R3_F4,3,4,757,1,0.05674932047985461,0.04043562311363152,0.046052631578947366
German Credit,R3_F4,3,4,759,1,0.36220935792286846,0.27930131457917257,0.3706293706293706
German Credit,R3_F4,3,4,766,1,0.7988698557242128,0.7260200181800499,0.8064516129032258
German Credit,R3_F4,3,4,774,0,0.2990561959416535,0.2260732745393556,0.21951219512195122
German Credit,R3_F4,3,4,780,1,0.28785282468692547,0.21686505799784211,0.21951219512195122
German Credit,R3_F4,3,4,783,1,0.7859203945769417,0.7102705446967709,0.8064516129032258
German Credit,R3_F4,3,4,791,0,0.06395959315147404,0.04560916184690765,0.046052631578947366
German Credit,R3_F4,3,4,794,0,0.11383386836514846,0.08188172710698062,0.046052631578947366
German Credit,R3_F4,3,4,798,0,0.345151406323389,0.26469704146121914,0.2631578947368421
German Credit,R3_F4,3,4,804,0,0.7044812193672924,0.6153678636940839,0.6125
German Credit,R3_F4,3,4,807,0,0.013730624388897853,0.009820747805693407,0.0
German Credit,R3_F4,3,4,811,0,0.1110597410776824,0.07983984339326268,0.046052631578947366
German Credit,R3_F4,3,4,814,1,0.856837814702316,0.7989567823652617,0.8333333333333334
German Credit,R3_F4,3,4,815,0,0.818958921342079,0.7508361332750201,0.8064516129032258
German Credit,R3_F4,3,4,818,0,0.8908791045917849,0.8437849680702305,0.8333333333333334
German Credit,R3_F4,3,4,822,1,0.7449445632254937,0.6616541855444601,0.6125
German Credit,R3_F4,3,4,823,0,0.21943344735908843,0.16206410961929232,0.125
German Credit,R3_F4,3,4,825,0,0.5350949355076979,0.43788938873156563,0.38181818181818183
German Credit,R3_F4,3,4,835,1,0.8204745019490791,0.7527276670100612,0.8064516129032258
German Credit,R3_F4,3,4,836,0,0.24452355147997404,0.18188151040133319,0.16666666666666666
German Credit,R3_F4,3,4,847,0,0.40934352346087843,0.32057432427139504,0.3706293706293706
German Credit,R3_F4,3,4,849,1,0.39192066339365356,0.305157473728833,0.3706293706293706
German Credit,R3_F4,3,4,850,1,0.31946825430050296,0.24302829144280602,0.21951219512195122
German Credit,R3_F4,3,4,854,0,0.6737201291692129,0.5812558227333868,0.6125
German Credit,R3_F4,3,4,858,1,0.5966211271052445,0.49953778430435225,0.5
German Credit,R3_F4,3,4,860,0,0.02997431653984645,0.02134574275900118,0.0
German Credit,R3_F4,3,4,873,0,0.20189719966873398,0.14839660930549908,0.125
German Credit,R3_F4,3,4,874,0,0.41196121582611783,0.3229072601688543,0.3706293706293706
German Credit,R3_F4,3,4,891,0,0.022132864804499528,0.015781023091299876,0.0
German Credit,R3_F4,3,4,896,0,0.7056763014854056,0.6167114876141867,0.6125
German Credit,R3_F4,3,4,900,1,0.2832641255942416,0.21311319651922384,0.21951219512195122
German Credit,R3_F4,3,4,909,0,0.3828769292822014,0.2972299217550467,0.3706293706293706
German Credit,R3_F4,3,4,910,0,0.4531176765657168,0.3601739904469186,0.3706293706293706
German Credit,R3_F4,3,4,916,0,0.06710244348018636,0.04786927784822693,0.046052631578947366
German Credit,R3_F4,3,4,919,1,0.5911683991376627,0.4939515845890271,0.38181818181818183
German Credit,R3_F4,3,4,926,0,0.5602175919688365,0.46270050070124147,0.38181818181818183
German Credit,R3_F4,3,4,929,0,0.6799523889060138,0.5880945089259941,0.6125
German Credit,R3_F4,3,4,938,1,0.7962011543083595,0.7227586570505617,0.8064516129032258
German Credit,R3_F4,3,4,946,1,0.5616590184840287,0.4641389336116425,0.38181818181818183
German Credit,R3_F4,3,4,957,0,0.10536879618769808,0.07566047510858172,0.046052631578947366
German Credit,R3_F4,3,4,963,1,0.10141669187346886,0.07276545258165178,0.046052631578947366
German Credit,R3_F4,3,4,964,0,0.5118206185358212,0.4153313661710413,0.38181818181818183
German Credit,R3_F4,3,4,965,0,0.3582562296506196,0.2759014479965274,0.3706293706293706
German Credit,R3_F4,3,4,969,0,0.28374608386257605,0.2135067273287289,0.21951219512195122
German Credit,R3_F4,3,4,983,1,0.4975830991039621,0.40172895870223646,0.3706293706293706
German Credit,R3_F4,3,4,985,0,0.4412881131966378,0.3493477090524862,0.3706293706293706
German Credit,R3_F4,3,4,988,0,0.40062424757854886,0.31283501367062455,0.3706293706293706
German Credit,R3_F4,3,4,995,0,0.16094842969370693,0.1170435945801711,0.10204081632653061
German Credit,R3_F4,3,4,998,1,0.7389958443884196,0.6547449561703654,0.6125
German Credit,R3_F5,3,5,8,0,0.07320884987716032,0.05915170289786706,0.043478260869565216
German Credit,R3_F5,3,5,9,1,0.7589056314826284,0.6707552840807146,0.72
German Credit,R3_F5,3,5,14,0,0.7686974238610267,0.6819696412029462,0.72
German Credit,R3_F5,3,5,19,0,0.16744248217590377,0.13186399444011115,0.12755102040816324
German Credit,R3_F5,3,5,27,0,0.36337684223479383,0.2890512405494658,0.21705426356589147
German Credit,R3_F5,3,5,32,0,0.5002173726658059,0.40856304326730863,0.46774193548387094
German Credit,R3_F5,3,5,34,0,0.4859918875874946,0.3956481861567525,0.36065573770491804
German Credit,R3_F5,3,5,37,1,0.3357771570835683,0.266077919945246,0.21705426356589147
German Credit,R3_F5,3,5,46,0,0.11738117241335368,0.09321735640259314,0.12755102040816324
German Credit,R3_F5,3,5,58,0,0.5469968208838343,0.45195680915472625,0.46774193548387094
German Credit,R3_F5,3,5,63,1,0.8564457131317367,0.788366470645515,0.8333333333333334
German Credit,R3_F5,3,5,66,0,0.3361695234044732,0.26640221766605016,0.21705426356589147
German Credit,R3_F5,3,5,77,0,0.24209431805355228,0.19032326957310347,0.21705426356589147
German Credit,R3_F5,3,5,84,0,0.2135828411995817,0.1678367176104332,0.12755102040816324
German Credit,R3_F5,3,5,95,1,0.9083361967422391,0.8574217037879864,0.8333333333333334
German Credit,R3_F5,3,5,99,0,0.15672817833035782,0.12356855423635023,0.12755102040816324
German Credit,R3_F5,3,5,102,0,0.081992818373291,0.06594388939139335,0.043478260869565216
German Credit,R3_F5,3,5,106,1,0.5270249966979019,0.4332515614837075,0.46774193548387094
German Credit,R3_F5,3,5,108,0,0.5288978023197671,0.43499402200688214,0.46774193548387094
German Credit,R3_F5,3,5,132,0,0.28484444487295896,0.2245018940352392,0.21705426356589147
German Credit,R3_F5,3,5,140,0,0.10863440045402524,0.08648183142393306,0.12755102040816324
German Credit,R3_F5,3,5,144,0,0.29423314821591307,0.2320915273103072,0.21705426356589147
German Credit,R3_F5,3,5,146,0,0.3426361503348953,0.2717563627724428,0.21705426356589147
German Credit,R3_F5,3,5,148,0,0.5529374420221641,0.4575742362240629,0.46774193548387094
German Credit,R3_F5,3,5,153,0,0.4790496226475818,0.38939068656000303,0.36065573770491804
German Credit,R3_F5,3,5,162,0,0.07101564072627942,0.05745310432661212,0.043478260869565216
German Credit,R3_F5,3,5,172,1,0.5436745648923599,0.44882613976619623,0.46774193548387094
German Credit,R3_F5,3,5,177,0,0.1321411392745482,0.10458806296328818,0.12755102040816324
German Credit,R3_F5,3,5,179,0,0.4930376484743357,0.402029091665229,0.46774193548387094
German Credit,R3_F5,3,5,181,1,0.4382749269785526,0.35320798604704573,0.36065573770491804
German Credit,R3_F5,3,5,187,0,0.38932463864580996,0.31096379289140613,0.3333333333333333
German Credit,R3_F5,3,5,195,1,0.32968440288949535,0.26105038715962847,0.21705426356589147
German Credit,R3_F5,3,5,205,0,0.5308903975041149,0.43685053267446655,0.46774193548387094
German Credit,R3_F5,3,5,206,0,0.04291369281755156,0.035530562004731474,0.0
German Credit,R3_F5,3,5,210,0,0.01366481626978557,0.012012305508646915,0.0
German Credit,R3_F5,3,5,213,1,0.30639836073857835,0.24197396851922853,0.21705426356589147
German Credit,R3_F5,3,5,216,0,0.655312515960456,0.5586503908157647,0.5684210526315789
German Credit,R3_F5,3,5,219,0,0.19663156145199503,0.15456739440387451,0.12755102040816324
German Credit,R3_F5,3,5,224,0,0.11114096076420199,0.088412033772487,0.12755102040816324
German Credit,R3_F5,3,5,227,1,0.7197888366822668,0.6270862642244756,0.5684210526315789
German Credit,R3_F5,3,5,246,0,0.03548154224849336,0.02965586127521118,0.0
German Credit,R3_F5,3,5,250,0,0.15816520915718982,0.12468015725933707,0.12755102040816324
German Credit,R3_F5,3,5,253,0,0.2304771047534637,0.18113376086740593,0.12755102040816324
German Credit,R3_F5,3,5,254,0,0.17101479085613547,0.13463391169055425,0.12755102040816324
German Credit,R3_F5,3,5,255,0,0.2571938312952141,0.2023276280829349,0.21705426356589147
German Credit,R3_F5,3,5,261,0,0.6729321091944716,0.5769475552373925,0.5684210526315789
German Credit,R3_F5,3,5,265,1,0.4132684325926545,0.33147310010938574,0.36065573770491804
German Credit,R3_F5,3,5,270,0,0.06280682167270096,0.05108332669448261,0.043478260869565216
German Credit,R3_F5,3,5,271,0,0.06418394824053521,0.05215342963138463,0.043478260869565216
German Credit,R3_F5,3,5,279,0,0.2988077679051298,0.23580122741088902,0.21705426356589147
German Credit,R3_F5,3,5,282,0,0.32022152986350005,0.25327215164580597,0.21705426356589147
German Credit,R3_F5,3,5,284,0,0.5414264836341919,0.44671207306148414,0.46774193548387094
German Credit,R3_F5,3,5,290,0,0.03503772784851835,0.0293035258308174,0.0
German Credit,R3_F5,3,5,298,0,0.16353161427921234,0.12883398647281194,0.12755102040816324
German Credit,R3_F5,3,5,301,1,0.5753399341215385,0.4789872112862929,0.46774193548387094
German Credit,R3_F5,3,5,304,1,0.25058824763597065,0.19706742987716963,0.21705426356589147
German Credit,R3_F5,3,5,308,1,0.22517731153087658,0.1769541803677635,0.12755102040816324
German Credit,R3_F5,3,5,311,0,0.3911592758766329,0.31252522187068543,0.3333333333333333
German Credit,R3_F5,3,5,312,0,0.381826792943136,0.3045993825774355,0.3333333333333333
German Credit,R3_F5,3,5,317,0,0.4196635254752508,0.3370001010332427,0.36065573770491804
German Credit,R3_F5,3,5,329,0,0.2537142390948988,0.19955503128257343,0.21705426356589147
German Credit,R3_F5,3,5,332,1,0.8468139262795985,0.7761094613082653,0.8333333333333334
German Credit,R3_F5,3,5,335,1,0.15573698546414916,0.12280199531044417,0.12755102040816324
German Credit,R3_F5,3,5,340,0,0.731876331596906,0.6403944006384437,0.5684210526315789
German Credit,R3_F5,3,5,347,0,0.4785337347850054,0.3889268471547551,0.36065573770491804
German Credit,R3_F5,3,5,359,1,0.7419085404848187,0.6515639334364361,0.6666666666666666
German Credit,R3_F5,3,5,376,0,0.14222660398292508,0.11236597959116382,0.12755102040816324
German Credit,R3_F5,3,5,380,0,0.3860590345480068,0.30818852444601624,0.3333333333333333
German Credit,R3_F5,3,5,382,0,0.3589733924536387,0.2853634454192246,0.21705426356589147
German Credit,R3_F5,3,5,391,0,0.36446257337938176,0.2899618629491291,0.21705426356589147
German Credit,R3_F5,3,5,397,0,0.5430314402387945,0.4482209942575155,0.46774193548387094
German Credit,R3_F5,3,5,400,0,0.11876276063258241,0.09428132913368774,0.12755102040816324
German Credit,R3_F5,3,5,406,0,0.012384435769195028,0.010945453313598787,0.0
German Credit,R3_F5,3,5,416,1,0.5607316040094333,0.4649825804652773,0.46774193548387094
German Credit,R3_F5,3,5,417,0,0.6427759587661578,0.5458048724589737,0.5684210526315789
German Credit,R3_F5,3,5,423,0,0.08898662755526937,0.071342127475109,0.1
German Credit,R3_F5,3,5,431,1,0.7670924015048507,0.6801232898205357,0.72
German Credit,R3_F5,3,5,435,1,0.14264513487527086,0.1126889554881312,0.12755102040816324
German Credit,R3_F5,3,5,440,0,0.23814189969400149,0.18719242124029453,0.21705426356589147
German Credit,R3_F5,3,5,442,0,0.3446094017180912,0.2733936928525247,0.21705426356589147
German Credit,R3_F5,3,5,447,0,0.058072339625329296,0.04739901606973457,0.043478260869565216
German Credit,R3_F5,3,5,450,0,0.3484749332533541,0.2766060279075774,0.21705426356589147
German Credit,R3_F5,3,5,461,0,0.3907337575094907,0.31216292457669587,0.3333333333333333
German Credit,R3_F5,3,5,473,0,0.08702952767003751,0.06983222128537238,0.1
German Credit,R3_F5,3,5,475,1,0.6996650156312212,0.6052788499222688,0.5684210526315789
German Credit,R3_F5,3,5,477,0,0.42197537752940706,0.3390033783437737,0.36065573770491804
German Credit,R3_F5,3,5,478,0,0.20467000356710077,0.1608512675543431,0.12755102040816324
German Credit,R3_F5,3,5,480,0,0.20041711472132182,0.1575248053698888,0.12755102040816324
German Credit,R3_F5,3,5,481,0,0.7495662541683751,0.6601678669876695,0.72
German Credit,R3_F5,3,5,482,0,0.671882856649741,0.5758497912240529,0.5684210526315789
German Credit,R3_F5,3,5,491,1,0.7220965958999184,0.629614674959844,0.5684210526315789
German Credit,R3_F5,3,5,500,1,0.829737603557386,0.7547581144722877,0.72
German Credit,R3_F5,3,5,502,0,0.1519824343550276,0.1198995501549912,0.12755102040816324
German Credit,R3_F5,3,5,504,1,0.8990085183579156,0.8445954561360891,0.8333333333333334
German Credit,R3_F5,3,5,526,0,0.32682345867951884,0.25869492450524906,0.21705426356589147
German Credit,R3_F5,3,5,532,0,0.07220823493133112,0.05837689723704809,0.043478260869565216
German Credit,R3_F5,3,5,536,0,0.5075026878307031,0.4152263656064616,0.46774193548387094
German Credit,R3_F5,3,5,539,0,0.31398787224680175,0.24816788643045923,0.21705426356589147
German Credit,R3_F5,3,5,542,1,0.604803168035702,0.5077263522878048,0.5684210526315789
German Credit,R3_F5,3,5,545,1,0.6956720204667518,0.6010018600695376,0.5684210526315789
German Credit,R3_F5,3,5,550,0,0.12515794655893117,0.09920709754720254,0.12755102040816324
German Credit,R3_F5,3,5,552,1,0.35196098206677345,0.27950857428310594,0.21705426356589147
German Credit,R3_F5,3,5,554,0,0.5529479923371537,0.457584234838621,0.46774193548387094
German Credit,R3_F5,3,5,555,1,0.4549721922226848,0.3679098453251877,0.36065573770491804
German Credit,R3_F5,3,5,558,1,0.5411972886832461,0.4464967384704178,0.46774193548387094
German Credit,R3_F5,3,5,559,1,0.22499985344191567,0.1768143648112549,0.12755102040816324
German Credit,R3_F5,3,5,565,0,0.4456343987720574,0.3596688200506902,0.36065573770491804
German Credit,R3_F5,3,5,572,0,0.18311216787988502,0.1440310784279357,0.12755102040816324
German Credit,R3_F5,3,5,578,1,0.7230006245687847,0.6306067215093414,0.5684210526315789
German Credit,R3_F5,3,5,580,1,0.41970912814513434,0.3370395898164895,0.36065573770491804
German Credit,R3_F5,3,5,585,1,0.6429794913964898,0.5460123003001475,0.5684210526315789
German Credit,R3_F5,3,5,590,0,0.2527778601721685,0.19880956004008188,0.21705426356589147
German Credit,R3_F5,3,5,598,1,0.23061403270734993,0.1812418496941153,0.12755102040816324
German Credit,R3_F5,3,5,600,0,0.08319284732856387,0.06687066780110588,0.1
German Credit,R3_F5,3,5,602,1,0.764677577219528,0.6773514329060252,0.72
German Credit,R3_F5,3,5,607,1,0.5306666887650598,0.43664196830929847,0.46774193548387094
German Credit,R3_F5,3,5,610,1,0.6897411721505243,0.5946789612503084,0.5684210526315789
German Credit,R3_F5,3,5,612,0,0.655951843735878,0.5593092770999366,0.5684210526315789
German Credit,R3_F5,3,5,615,0,0.5996384817203114,0.5026394245788817,0.5684210526315789
German Credit,R3_F5,3,5,617,0,0.15337284617213134,0.1209741850350632,0.12755102040816324
German Credit,R3_F5,3,5,618,1,0.6262885509367749,0.5291218794476453,0.5684210526315789
German Credit,R3_F5,3,5,622,1,0.23603374804768631,0.185524348038965,0.21705426356589147
German Credit,R3_F5,3,5,625,0,0.06761861417716337,0.05481961830109377,0.043478260869565216
German Credit,R3_F5,3,5,635,0,0.4587792394881463,0.37128390388095966,0.36065573770491804
German Credit,R3_F5,3,5,638,0,0.23973126905120287,0.18845086383146453,0.21705426356589147
German Credit,R3_F5,3,5,647,1,0.2029136244202919,0.15947697376980635,0.12755102040816324
German Credit,R3_F5,3,5,649,1,0.7715849316317814,0.6852994653195542,0.72
German Credit,R3_F5,3,5,651,1,0.35896866125877325,0.28535948783068377,0.21705426356589147
German Credit,R3_F5,3,5,662,0,0.12613519067294382,0.09995995282248651,0.12755102040816324
German Credit,R3_F5,3,5,664,0,0.2281385293698228,0.17928853236231176,0.12755102040816324
German Credit,R3_F5,3,5,671,0,0.14881384028593422,0.1174514966836354,0.12755102040816324
German Credit,R3_F5,3,5,674,1,0.14940826562729156,0.11791065444212818,0.12755102040816324
German Credit,R3_F5,3,5,689,0,0.438068904338,0.3530275485222484,0.36065573770491804
German Credit,R3_F5,3,5,695,0,0.04818878513903312,0.03967541560024946,0.0
German Credit,R3_F5,3,5,698,0,0.12396531034689977,0.09828836980402829,0.12755102040816324
German Credit,R3_F5,3,5,701,1,0.48145679030283733,0.39155711153783024,0.36065573770491804
German Credit,R3_F5,3,5,709,0,0.11190948411928835,0.089003832574834,0.12755102040816324
German Credit,R3_F5,3,5,718,0,0.20767120903755307,0.16320129284867155,0.12755102040816324
German Credit,R3_F5,3,5,728,1,0.8843016782275065,0.8247602373619747,0.8333333333333334
German Credit,R3_F5,3,5,733,0,0.15707431389516632,0.1238362776063974,0.12755102040816324
German Credit,R3_F5,3,5,734,0,0.033799156267524805,0.028319224997019526,0.0
German Credit,R3_F5,3,5,739,1,0.740108193711866,0.6495510237286495,0.6666666666666666
German Credit,R3_F5,3,5,742,0,0.09085545199596096,0.07278349185038757,0.1111111111111111
German Credit,R3_F5,3,5,751,1,0.7733491933536101,0.6873391753807705,0.72
German Credit,R3_F5,3,5,752,0,0.3712494257169219,0.29566631754459155,0.21705426356589147
German Credit,R3_F5,3,5,758,0,0.14178192250480184,0.11202284323592267,0.12755102040816324
German Credit,R3_F5,3,5,764,0,0.1594991033454846,0.1257122463940726,0.12755102040816324
German Credit,R3_F5,3,5,769,0,0.015416386897500097,0.013463430578802425,0.0
German Credit,R3_F5,3,5,770,0,0.3228999076811386,0.2554700279416162,0.21705426356589147
German Credit,R3_F5,3,5,773,0,0.21879113509452872,0.17192796452853315,0.12755102040816324
German Credit,R3_F5,3,5,781,0,0.07080875394450649,0.05729281031564092,0.043478260869565216
German Credit,R3_F5,3,5,785,0,0.34387444654712723,0.2727836593932198,0.21705426356589147
German Credit,R3_F5,3,5,787,0,0.02748135181896727,0.02327210248008511,0.0
German Credit,R3_F5,3,5,796,1,0.21577697890125672,0.1695594175317844,0.12755102040816324
German Credit,R3_F5,3,5,802,0,0.4790143716885881,0.38935898701385996,0.36065573770491804
German Credit,R3_F5,3,5,803,0,0.04751564519896783,0.039147487872329925,0.0
German Credit,R3_F5,3,5,808,0,0.6145708550509921,0.5174059283561611,0.5684210526315789
German Credit,R3_F5,3,5,816,0,0.038757560178417506,0.03225102557212293,0.0
German Credit,R3_F5,3,5,820,0,0.13866095157236955,0.10961510991909915,0.12755102040816324
German Credit,R3_F5,3,5,821,0,0.27112413968020754,0.2134667333856214,0.21705426356589147
German Credit,R3_F5,3,5,826,1,0.47851550474866583,0.3889104592911467,0.36065573770491804
German Credit,R3_F5,3,5,829,0,0.46684724131605,0.3784618796318307,0.36065573770491804
German Credit,R3_F5,3,5,834,1,0.2336966510903009,0.18367661884838554,0.12755102040816324
German Credit,R3_F5,3,5,856,0,0.08643276752571578,0.06937171922151152,0.1
German Credit,R3_F5,3,5,857,0,0.11222580604226713,0.08924741466012964,0.12755102040816324
German Credit,R3_F5,3,5,861,1,0.2388148058221137,0.18772512962818425,0.21705426356589147
German Credit,R3_F5,3,5,867,0,0.15209730662008267,0.11998832419883118,0.12755102040816324
German Credit,R3_F5,3,5,870,0,0.1566419240763893,0.12350184231337395,0.12755102040816324
German Credit,R3_F5,3,5,875,0,0.3801754142328481,0.3032012504819201,0.3333333333333333
German Credit,R3_F5,3,5,877,0,0.2737186018735792,0.2155484700743347,0.21705426356589147
German Credit,R3_F5,3,5,878,1,0.6285341757169394,0.5313803680426964,0.5684210526315789
German Credit,R3_F5,3,5,880,0,0.06771988028664656,0.05489817108533644,0.043478260869565216
German Credit,R3_F5,3,5,882,0,0.2527655461651994,0.19879975842357897,0.21705426356589147
German Credit,R3_F5,3,5,886,0,0.18004038876919992,0.141642326766977,0.12755102040816324
German Credit,R3_F5,3,5,899,1,0.5329388720361706,0.43876191111032126,0.46774193548387094
German Credit,R3_F5,3,5,907,0,0.4624500668726819,0.3745451089965011,0.36065573770491804
German Credit,R3_F5,3,5,913,0,0.0845085006639665,0.06788647534383885,0.1
German Credit,R3_F5,3,5,922,1,0.5440119651131866,0.44914373052918977,0.46774193548387094
German Credit,R3_F5,3,5,927,1,0.6982252391615904,0.603734798243912,0.5684210526315789
German Credit,R3_F5,3,5,935,1,0.496264998896734,0.40496216821461717,0.46774193548387094
German Credit,R3_F5,3,5,936,1,0.22768611405016081,0.17893173385951525,0.12755102040816324
German Credit,R3_F5,3,5,937,0,0.516158978446269,0.4231879688890169,0.46774193548387094
German Credit,R3_F5,3,5,942,0,0.17437152867849293,0.13723869666800914,0.12755102040816324
German Credit,R3_F5,3,5,947,0,0.2206861926183272,0.17341832991267947,0.12755102040816324
German Credit,R3_F5,3,5,950,0,0.3231168291207987,0.25564815999473517,0.21705426356589147
German Credit,R3_F5,3,5,951,1,0.5085834204980184,0.416217718610769,0.46774193548387094
German Credit,R3_F5,3,5,954,0,0.5838672766441495,0.48723590192176763,0.46819349004588157
German Credit,R3_F5,3,5,955,0,0.6053762191977118,0.5082920948422845,0.5684210526315789
German Credit,R3_F5,3,5,956,0,0.15246550196318673,0.12027287949814493,0.12755102040816324
German Credit,R3_F5,3,5,958,1,0.7370952011460162,0.6461906176352511,0.6666666666666666
German Credit,R3_F5,3,5,959,0,0.5274109065835458,0.4336104194703815,0.46774193548387094
German Credit,R3_F5,3,5,962,0,0.2236552794621912,0.17575528000037902,0.12755102040816324
German Credit,R3_F5,3,5,966,1,0.2702340804508711,0.21275309480777266,0.21705426356589147
German Credit,R3_F5,3,5,971,0,0.35363887275893857,0.2809075147683579,0.21705426356589147
German Credit,R3_F5,3,5,974,0,0.1501926526629601,0.11851661234289665,0.12755102040816324
German Credit,R3_F5,3,5,976,0,0.07145621432659083,0.05779441911398261,0.043478260869565216
German Credit,R3_F5,3,5,977,0,0.20414960219063957,0.16044399884867744,0.12755102040816324
German Credit,R3_F5,3,5,979,1,0.818964634338648,0.741524787249707,0.72
German Credit,R3_F5,3,5,980,1,0.22394559787079302,0.1759839146524722,0.12755102040816324
German Credit,R3_F5,3,5,993,0,0.7797026235014594,0.6947175793270739,0.72
German Credit,R4_F1,4,1,2,0,0.07641848359768515,0.05871830132896344,0.03636363636363636
German Credit,R4_F1,4,1,6,0,0.11545902563894928,0.08821907174857663,0.109375
German Credit,R4_F1,4,1,12,0,0.4801504576680786,0.3889595029431452,0.3783783783783784
German Credit,R4_F1,4,1,13,1,0.49078928711730446,0.3987490043995686,0.3783783783783784
German Credit,R4_F1,4,1,15,1,0.657858062347496,0.563216682298854,0.6119402985074627
German Credit,R4_F1,4,1,17,0,0.6684696660620668,0.5744345049950985,0.6119402985074627
German Credit,R4_F1,4,1,18,1,0.7380815539904937,0.6507319238660373,0.6326530612244898
German Credit,R4_F1,4,1,21,0,0.2755439493671983,0.21317354513885525,0.1875
German Credit,R4_F1,4,1,23,0,0.13955381164471967,0.10654712684926534,0.109375
German Credit,R4_F1,4,1,38,0,0.34485187117656885,0.27030678279378206,0.25
German Credit,R4_F1,4,1,42,0,0.6382176833772615,0.5427220375277825,0.6119402985074627
German Credit,R4_F1,4,1,47,0,0.3375151484910654,0.26415319587121966,0.25
German Credit,R4_F1,4,1,56,1,0.2793105926477334,0.21622366314448613,0.1875
German Credit,R4_F1,4,1,57,0,0.5218613366883488,0.427768826061058,0.4033219132287598
German Credit,R4_F1,4,1,68,1,0.38808464865384024,0.3071180923254685,0.3191489361702128
German Credit,R4_F1,4,1,71,0,0.03378921268923856,0.026502795683389656,0.0
German Credit,R4_F1,4,1,73,0,0.5960335209712855,0.4998209760718932,0.6119402985074627
German Credit,R4_F1,4,1,86,0,0.5601608960840042,0.46446266464024627,0.4666666666666667
German Credit,R4_F1,4,1,91,0,0.12902442496826064,0.09852293500258989,0.109375
German Credit,R4_F1,4,1,97,0,0.4326753519441102,0.3461366500925477,0.34375
German Credit,R4_F1,4,1,99,0,0.16695305307654337,0.12755422837789182,0.109375
German Credit,R4_F1,4,1,100,0,0.2172835651623739,0.1667171144484239,0.1875
German Credit,R4_F1,4,1,111,0,0.4913598123710375,0.3992760561517438,0.3783783783783784
German Credit,R4_F1,4,1,114,0,0.38064483996970394,0.3007143121197126,0.3191489361702128
German Credit,R4_F1,4,1,118,1,0.5607586634391737,0.4650438218575004,0.4666666666666667
German Credit,R4_F1,4,1,120,1,0.6619716955526326,0.5675530697704422,0.6119402985074627
German Credit,R4_F1,4,1,125,0,0.4972976170562767,0.4047740690261588,0.3783783783783784
German Credit,R4_F1,4,1,129,1,0.3946356154537857,0.31278136099278175,0.3191489361702128
German Credit,R4_F1,4,1,130,0,0.5346153295842374,0.4398716466721784,0.41379310344827586
German Credit,R4_F1,4,1,136,0,0.1701046658509584,0.12998353921844813,0.109375
German Credit,R4_F1,4,1,160,0,0.06701331767502743,0.05162758890835708,0.03636363636363636
German Credit,R4_F1,4,1,162,0,0.10265717191683714,0.07852506009156221,0.1016949152542373
German Credit,R4_F1,4,1,169,1,0.4469918549215386,0.35890593378877395,0.34375
German Credit,R4_F1,4,1,170,1,0.8153047978301924,0.7416165015404033,0.7368421052631579
German Credit,R4_F1,4,1,171,0,0.17748031563861896,0.135680064285622,0.109375
German Credit,R4_F1,4,1,184,1,0.6529100367033717,0.5580210399474441,0.6119402985074627
German Credit,R4_F1,4,1,186,1,0.4993361847764802,0.4066670044109058,0.3783783783783784
German Credit,R4_F1,4,1,204,0,0.07429235743374454,0.05711534294979834,0.03636363636363636
German Credit,R4_F1,4,1,209,0,0.03841405096553651,0.030016905563782337,0.0
German Credit,R4_F1,4,1,211,0,0.10713031997252898,0.08190936659262384,0.1016949152542373
German Credit,R4_F1,4,1,212,1,0.7401546535966119,0.6530808655468489,0.6326530612244898
German Credit,R4_F1,4,1,222,0,0.3660568374440331,0.2882422365299563,0.25
German Credit,R4_F1,4,1,240,1,0.775261982482169,0.6935939290713813,0.7368421052631579
German Credit,R4_F1,4,1,242,1,0.7278603405799725,0.6392186460813037,0.6326530612244898
German Credit,R4_F1,4,1,244,0,0.2067550979177867,0.15845635477916084,0.109375
German Credit,R4_F1,4,1,245,0,0.1287343564323907,0.09830222330598097,0.109375
German Credit,R4_F1,4,1,246,0,0.04639419155657987,0.036062655858058006,0.03636363636363636
German Credit,R4_F1,4,1,250,0,0.09231502659460294,0.07071047263794863,0.1016949152542373
German Credit,R4_F1,4,1,256,0,0.08636491911838622,0.06621970789685351,0.1016949152542373
German Credit,R4_F1,4,1,271,0,0.06066709172357293,0.04684179871138398,0.03636363636363636
German Credit,R4_F1,4,1,277,0,0.4227678004577576,0.33737017101681877,0.3191489361702128
German Credit,R4_F1,4,1,280,0,0.04172145208946918,0.03252494066076772,0.0
German Credit,R4_F1,4,1,283,0,0.04891446947700303,0.03796849965360424,0.03636363636363636
German Credit,R4_F1,4,1,300,0,0.09103186800832504,0.06974175142742571,0.1016949152542373
German Credit,R4_F1,4,1,304,1,0.4443686415280743,0.3565571036391973,0.34375
German Credit,R4_F1,4,1,310,0,0.3625879337912061,0.285292670782046,0.25
German Credit,R4_F1,4,1,322,0,0.33848711372445667,0.26496691554073576,0.25
German Credit,R4_F1,4,1,328,0,0.5644405574803398,0.4686292924838432,0.4666666666666667
German Credit,R4_F1,4,1,332,1,0.7503349524326618,0.664684440359908,0.6326530612244898
German Credit,R4_F1,4,1,338,0,0.6378911041968737,0.5423841295357765,0.6119402985074627
German Credit,R4_F1,4,1,343,0,0.6932087427979567,0.6009968317054377,0.6326530612244898
German Credit,R4_F1,4,1,345,0,0.06538363551457656,0.05039881582098773,0.03636363636363636
German Credit,R4_F1,4,1,350,0,0.3686546677793028,0.2904551797555521,0.25
German Credit,R4_F1,4,1,352,0,0.028140780110986936,0.02219657617455418,0.0
German Credit,R4_F1,4,1,353,1,0.6586474269844955,0.5640475971678498,0.6119402985074627
German Credit,R4_F1,4,1,356,0,0.029318431170250802,0.02309592087773619,0.0
German Credit,R4_F1,4,1,358,0,0.15468145024543054,0.11812138816690637,0.109375
German Credit,R4_F1,4,1,360,0,0.642456323508425,0.5471161558049759,0.6119402985074627
German Credit,R4_F1,4,1,363,0,0.2781599027105852,0.215291233912558,0.1875
German Credit,R4_F1,4,1,364,1,0.6494390824953892,0.5543895132433374,0.6119402985074627
German Credit,R4_F1,4,1,366,0,0.03421752944633378,0.02682864071867925,0.0
German Credit,R4_F1,4,1,367,0,0.7000800442528942,0.6084795618695001,0.6326530612244898
German Credit,R4_F1,4,1,368,1,0.6747982235494204,0.581174182433464,0.625
German Credit,R4_F1,4,1,370,0,0.14486175533068776,0.11060183946447472,0.109375
German Credit,R4_F1,4,1,373,0,0.36177380306107976,0.2846013152732454,0.25
German Credit,R4_F1,4,1,374,1,0.779584920833047,0.6986819050116355,0.7368421052631579
German Credit,R4_F1,4,1,380,0,0.3012834885485402,0.23413810632359078,0.1875
German Credit,R4_F1,4,1,389,0,0.17830995793146265,0.1363218392810272,0.109375
German Credit,R4_F1,4,1,393,0,0.21418696565558148,0.16428348972562332,0.1875
German Credit,R4_F1,4,1,410,0,0.6163573251604589,0.5203050945926558,0.6119402985074627
German Credit,R4_F1,4,1,415,0,0.06297638675298335,0.04858354164791947,0.03636363636363636
German Credit,R4_F1,4,1,416,1,0.5154028470023371,0.4216831873235093,0.3888888888888889
German Credit,R4_F1,4,1,417,0,0.6833641297108036,0.5903566584432441,0.625
German Credit,R4_F1,4,1,419,1,0.5557484876470871,0.4601810742663988,0.45098868940279513
German Credit,R4_F1,4,1,420,0,0.15687621151805967,0.11980544878442635,0.109375
German Credit,R4_F1,4,1,425,0,0.38193391983419805,0.301821775056939,0.3191489361702128
German Credit,R4_F1,4,1,433,0,0.23318354746371436,0.17926703115341666,0.1875
German Credit,R4_F1,4,1,442,0,0.5938343305656674,0.4976244641084465,0.6119402985074627
German Credit,R4_F1,4,1,446,1,0.7851983838122943,0.7053226419278379,0.7368421052631579
German Credit,R4_F1,4,1,447,0,0.07662258270299549,0.05887218417568588,0.03636363636363636
German Credit,R4_F1,4,1,452,0,0.305618492291571,0.2376975093581083,0.1875
German Credit,R4_F1,4,1,454,1,0.651732259459751,0.5567875686666002,0.6119402985074627
German Credit,R4_F1,4,1,458,0,0.4687322169639268,0.3785333047323129,0.3783783783783784
German Credit,R4_F1,4,1,459,0,0.35324814263590265,0.2773815114280276,0.25
German Credit,R4_F1,4,1,464,0,0.2591902366151097,0.19999897831832933,0.1875
German Credit,R4_F1,4,1,466,1,0.6516647064117304,0.5567168588945725,0.6119402985074627
German Credit,R4_F1,4,1,469,0,0.0548286394717025,0.042436087858146385,0.03636363636363636
German Credit,R4_F1,4,1,472,1,0.6024108307611403,0.5062124262519757,0.6119402985074627
German Credit,R4_F1,4,1,485,1,0.2500532865597664,0.19268528182417222,0.1875
German Credit,R4_F1,4,1,490,0,0.08391644567321437,0.06437259293416017,0.1016949152542373
German Credit,R4_F1,4,1,494,0,0.2789205708432206,0.21590755727511476,0.1875
German Credit,R4_F1,4,1,495,1,0.4452016130709488,0.35730250131621777,0.34375
German Credit,R4_F1,4,1,504,1,0.8262659772747246,0.7551275790062891,0.7368421052631579
German Credit,R4_F1,4,1,510,1,0.59645823748334,0.5002456199183328,0.6119402985074627
German Credit,R4_F1,4,1,512,0,0.25852481707625996,0.1994652204087043,0.1875
German Credit,R4_F1,4,1,522,1,0.8437731148230384,0.7770572438504402,0.7368421052631579
German Credit,R4_F1,4,1,531,1,0.5305895389959138,0.43603907415577897,0.41379310344827586
German Credit,R4_F1,4,1,538,1,0.8028741837492078,0.7264895124007076,0.7368421052631579
German Credit,R4_F1,4,1,547,0,0.2387915100909501,0.18371560572783635,0.1875
German Credit,R4_F1,4,1,553,0,0.3892658435528104,0.30813751877648576,0.3191489361702128
German Credit,R4_F1,4,1,554,0,0.30686650911809854,0.2387238022644668,0.1875
German Credit,R4_F1,4,1,562,0,0.5468615707246103,0.4516011409201308,0.41379310344827586
German Credit,R4_F1,4,1,564,0,0.37021158301651186,0.29178309373107714,0.25
German Credit,R4_F1,4,1,568,0,0.2855428914739658,0.22128360453454385,0.1875
German Credit,R4_F1,4,1,569,1,0.804756586331818,0.7287671864736861,0.7368421052631579
German Credit,R4_F1,4,1,571,0,0.13412387366217873,0.10240602520255718,0.109375
German Credit,R4_F1,4,1,574,0,0.33213358151397615,0.2596560411664981,0.2145784470624635
German Credit,R4_F1,4,1,582,0,0.31569419884846506,0.246003367990615,0.1875
German Credit,R4_F1,4,1,593,1,0.7266141334075514,0.6378225486392052,0.6326530612244898
German Credit,R4_F1,4,1,595,1,0.6525649278213337,0.5576594829525153,0.6119402985074627
German Credit,R4_F1,4,1,603,1,0.2539053623249587,0.19576465518066094,0.1875
German Credit,R4_F1,4,1,611,1,0.28599358152328636,0.22165015920927378,0.1875
German Credit,R4_F1,4,1,622,1,0.28449410183344553,0.22043094187881884,0.1875
German Credit,R4_F1,4,1,623,0,0.7291625880411186,0.6406792863264976,0.6326530612244898
German Credit,R4_F1,4,1,626,0,0.1868725231746546,0.14295770084346612,0.109375
German Credit,R4_F1,4,1,627,1,0.5218252636268709,0.4277347556825066,0.4026903491001982
German Credit,R4_F1,4,1,629,0,0.11460986667087814,0.08757522672526488,0.109375
German Credit,R4_F1,4,1,640,1,0.8108866865709606,0.7362166325948135,0.7368421052631579
German Credit,R4_F1,4,1,645,1,0.3700637773112152,0.2916569744404254,0.25
German Credit,R4_F1,4,1,663,0,0.36025937286842313,0.2833161654549915,0.25
German Credit,R4_F1,4,1,668,1,0.5746567709722787,0.47863148949638334,0.4666666666666667
German Credit,R4_F1,4,1,669,0,0.24233463737965788,0.1865323509984545,0.1875
German Credit,R4_F1,4,1,676,0,0.12386322526583422,0.09459839964213984,0.109375
German Credit,R4_F1,4,1,677,1,0.6601498310810248,0.5656306489125963,0.6119402985074627
German Credit,R4_F1,4,1,681,0,0.09261329309706028,0.07093567269088444,0.1016949152542373
German Credit,R4_F1,4,1,683,0,0.19145129091275326,0.14651553532049486,0.109375
German Credit,R4_F1,4,1,687,0,0.6896254398098293,0.5971130739404464,0.6326530612244898
German Credit,R4_F1,4,1,691,0,0.6079078358265505,0.5117480101092373,0.6119402985074627
German Credit,R4_F1,4,1,705,0,0.29406180942588966,0.2282270723276248,0.1875
German Credit,R4_F1,4,1,706,1,0.5783009790980412,0.4822186173977554,0.6119402985074627
German Credit,R4_F1,4,1,707,1,0.7201699495931898,0.6306294027545926,0.6326530612244898
German Credit,R4_F1,4,1,712,0,0.022618091726214623,0.017965645833378396,0.0
German Credit,R4_F1,4,1,716,0,0.032233929972585756,0.02531884431671423,0.0
German Credit,R4_F1,4,1,721,1,0.6325464002486375,0.5368671559702837,0.6119402985074627
German Credit,R4_F1,4,1,723,0,0.3779943102814988,0.29843996809159345,0.3191489361702128
German Credit,R4_F1,4,1,725,0,0.14382298457292084,0.10980779566522558,0.109375
German Credit,R4_F1,4,1,729,0,0.1770138310879342,0.13531930275971732,0.109375
German Credit,R4_F1,4,1,740,0,0.7413920125646719,0.6544851042597348,0.6326530612244898
German Credit,R4_F1,4,1,743,0,0.59734787434656,0.5011355721593634,0.6119402985074627
German Credit,R4_F1,4,1,746,0,0.6673389668642239,0.5732342799263637,0.6119402985074627
German Credit,R4_F1,4,1,749,0,0.04032002972671436,0.03146268178831289,0.0
German Credit,R4_F1,4,1,752,0,0.46600517513870615,0.3760553319500921,0.3783783783783784
German Credit,R4_F1,4,1,755,1,0.729486724240683,0.6410431278758314,0.6326530612244898
German Credit,R4_F1,4,1,756,0,0.05677466371746123,0.04390497835297775,0.03636363636363636
German Credit,R4_F1,4,1,763,1,0.2080243805694492,0.15945022334636785,0.109375
German Credit,R4_F1,4,1,766,1,0.730675986314793,0.6423790296888415,0.6326530612244898
German Credit,R4_F1,4,1,767,0,0.06612489611753947,0.05095773532479749,0.03636363636363636
German Credit,R4_F1,4,1,776,0,0.09872062822432809,0.07554904299804868,0.1016949152542373
German Credit,R4_F1,4,1,779,0,0.4960184614129039,0.4035876966777533,0.3783783783783784
German Credit,R4_F1,4,1,782,0,0.4988539277996298,0.406218950739759,0.3783783783783784
German Credit,R4_F1,4,1,789,1,0.7695820904064882,0.6869428505935201,0.7368421052631579
German Credit,R4_F1,4,1,813,1,0.7435933317739406,0.6569874676160697,0.6326530612244898
German Credit,R4_F1,4,1,816,0,0.10868210694643837,0.0830841222498101,0.1016949152542373
German Credit,R4_F1,4,1,819,1,0.6713540178367836,0.5775015926203013,0.6119402985074627
German Credit,R4_F1,4,1,832,1,0.8425977374282425,0.7755710607356268,0.7368421052631579
German Credit,R4_F1,4,1,833,0,0.3575144489353699,0.28098977641279954,0.25
German Credit,R4_F1,4,1,839,0,0.13783430775853,0.10523503109302844,0.109375
German Credit,R4_F1,4,1,844,0,0.23269125869060703,0.17887707949255052,0.1875
German Credit,R4_F1,4,1,845,0,0.13420195781455177,0.10246552828483828,0.109375
German Credit,R4_F1,4,1,854,0,0.47798002414430535,0.3869712783052623,0.3783783783783784
German Credit,R4_F1,4,1,863,0,0.27387987948751047,0.21182792647595752,0.1875
German Credit,R4_F1,4,1,865,0,0.4445820115588344,0.356748001632516,0.34375
German Credit,R4_F1,4,1,867,0,0.24408689374538708,0.18792714609481392,0.1875
German Credit,R4_F1,4,1,871,0,0.05574856952823587,0.04313052511233091,0.03636363636363636
German Credit,R4_F1,4,1,876,0,0.8360619696148758,0.7673439131731147,0.7368421052631579
German Credit,R4_F1,4,1,881,0,0.25952395126029376,0.20026673020813573,0.1875
German Credit,R4_F1,4,1,884,1,0.39264006422299497,0.31105376506673293,0.3191489361702128
German Credit,R4_F1,4,1,888,0,0.18486403846790264,0.14139912845212246,0.109375
German Credit,R4_F1,4,1,890,0,0.5722706469984132,0.4762882550071704,0.4666666666666667
German Credit,R4_F1,4,1,892,0,0.5163231126457548,0.42254857566816073,0.3888888888888889
German Credit,R4_F1,4,1,901,0,0.08160065152088211,0.06262593196653488,0.1016949152542373
German Credit,R4_F1,4,1,903,0,0.11236981394191205,0.08587738493729842,0.109375
German Credit,R4_F1,4,1,908,0,0.13510826456186276,0.10315626775280973,0.109375
German Credit,R4_F1,4,1,921,0,0.20443530043288463,0.1566413286697347,0.109375
German Credit,R4_F1,4,1,924,1,0.8108731027926522,0.7362000704655817,0.7368421052631579
German Credit,R4_F1,4,1,929,0,0.6425103697039893,0.5471722860248731,0.6119402985074627
German Credit,R4_F1,4,1,931,1,0.5563407877505783,0.4607549760207332,0.4666666666666667
German Credit,R4_F1,4,1,940,0,0.10794050718846963,0.08252265929235522,0.1016949152542373
German Credit,R4_F1,4,1,941,0,0.06889993428899614,0.05304998712435954,0.03636363636363636
German Credit,R4_F1,4,1,952,1,0.3391428169821596,0.2655161222999169,0.25
German Credit,R4_F1,4,1,959,0,0.5861805708513373,0.49000990900882907,0.6119402985074627
German Credit,R4_F1,4,1,962,0,0.15817082001610538,0.12079941356305546,0.109375
German Credit,R4_F1,4,1,964,0,0.508256088263091,0.4149822311030946,0.3888888888888889
German Credit,R4_F1,4,1,965,0,0.35392760164439513,0.27795555865711524,0.25
German Credit,R4_F1,4,1,968,0,0.19565779019235285,0.14979000381783975,0.109375
German Credit,R4_F1,4,1,971,0,0.3537802103215257,0.27783101412310324,0.25
German Credit,R4_F1,4,1,978,1,0.1935121071525209,0.14811902571237962,0.109375
German Credit,R4_F1,4,1,981,1,0.5737352083214436,0.47772597574963116,0.4666666666666667
German Credit,R4_F1,4,1,989,0,0.2532571860168541,0.19524609005910804,0.1875
German Credit,R4_F1,4,1,990,0,0.1148039713351678,0.08772238862233182,0.109375
German Credit,R4_F2,4,2,0,0,0.08254535050836866,0.06934266590547526,0.10204081632653061
German Credit,R4_F2,4,2,16,0,0.023266144962960103,0.02133583709761792,0.0
German Credit,R4_F2,4,2,33,0,0.08205567584623176,0.06895673970975591,0.09687532621143509
German Credit,R4_F2,4,2,40,0,0.41431524460007846,0.3340595491347257,0.3404255319148936
German Credit,R4_F2,4,2,45,0,0.16952642254472808,0.13714547215796358,0.14814814814814814
German Credit,R4_F2,4,2,51,0,0.22934087417516946,0.18382946517326756,0.14814814814814814
German Credit,R4_F2,4,2,54,1,0.8067319968329696,0.7214433406482023,0.6981132075471698
German Credit,R4_F2,4,2,55,0,0.16650701170393237,0.13479874534569367,0.14814814814814814
German Credit,R4_F2,4,2,66,0,0.2765501416660182,0.2211362812953742,0.1951219512195122
German Credit,R4_F2,4,2,69,0,0.2249591029341833,0.18039150584594846,0.14814814814814814
German Credit,R4_F2,4,2,75,0,0.24586783630100614,0.19683123659603,0.14814814814814814
German Credit,R4_F2,4,2,78,0,0.1455406600603025,0.11851068662175328,0.10204081632653061
German Credit,R4_F2,4,2,80,1,0.05477172275946379,0.04725797272860271,0.0
German Credit,R4_F2,4,2,82,0,0.24986558760591357,0.19998511441604078,0.1951219512195122
German Credit,R4_F2,4,2,83,0,0.2653525361877247,0.21223865520133273,0.1951219512195122
German Credit,R4_F2,4,2,85,0,0.0824172473889147,0.06924171358328894,0.10204081632653061
German Credit,R4_F2,4,2,88,0,0.4799895186109264,0.3908287242683541,0.3939393939393939
German Credit,R4_F2,4,2,92,1,0.10860298003633329,0.08976755560533799,0.10204081632653061
German Credit,R4_F2,4,2,93,0,0.31461694703801746,0.25165407224313985,0.3404255319148936
German Credit,R4_F2,4,2,98,0,0.48497718387690175,0.39523542808268236,0.3939393939393939
German Credit,R4_F2,4,2,101,0,0.7207231243190358,0.6240911640886467,0.5882352941176471
German Credit,R4_F2,4,2,109,0,0.20458414118888638,0.16444908951202955,0.14814814814814814
German Credit,R4_F2,4,2,112,0,0.6179894713838877,0.5187563293655298,0.46153846153846156
German Credit,R4_F2,4,2,113,1,0.6396208010318011,0.5401090442202052,0.5476190476190477
German Credit,R4_F2,4,2,115,0,0.051924245376334575,0.0449644772275789,0.0
German Credit,R4_F2,4,2,116,1,0.3979855032472779,0.32027727932113564,0.3404255319148936
German Credit,R4_F2,4,2,117,0,0.16843423959803036,0.13629655794702716,0.14814814814814814
German Credit,R4_F2,4,2,119,0,0.27514040238263004,0.22001425706988165,0.1951219512195122
German Credit,R4_F2,4,2,122,0,0.24041294562142243,0.1925335308394707,0.14814814814814814
German Credit,R4_F2,4,2,131,1,0.8208593637251553,0.7384411245319993,0.6981132075471698
German Credit,R4_F2,4,2,132,0,0.29093502699608575,0.2326172403525766,0.3404255319148936
German Credit,R4_F2,4,2,144,0,0.25555649630835314,0.20448111360660337,0.1951219512195122
German Credit,R4_F2,4,2,150,0,0.14964971742364958,0.12170260699725721,0.10204081632653061
German Credit,R4_F2,4,2,151,0,0.03533315092315922,0.03143424003453068,0.0
German Credit,R4_F2,4,2,152,0,0.7028037833087817,0.6049556121862882,0.5882352941176471
German Credit,R4_F2,4,2,157,0,0.5852483036663169,0.48717186813389546,0.46153846153846156
German Credit,R4_F2,4,2,161,0,0.31166417675040636,0.24927072310190732,0.3404255319148936
German Credit,R4_F2,4,2,163,0,0.6822566090081388,0.5834363002933809,0.5476190476190477
German Credit,R4_F2,4,2,164,0,0.27630686484032224,0.22094261631696774,0.1951219512195122
German Credit,R4_F2,4,2,165,0,0.03889807983233549,0.034369761046149666,0.0
German Credit,R4_F2,4,2,168,0,0.19715743899061064,0.15865374011771977,0.14814814814814814
German Credit,R4_F2,4,2,185,0,0.05977119022631324,0.051268903153749275,0.0
German Credit,R4_F2,4,2,189,0,0.5609623231114934,0.46427569259584384,0.43137254901960786
German Credit,R4_F2,4,2,190,1,0.07139292905762852,0.06052684126744895,0.045454545454545456
German Credit,R4_F2,4,2,197,1,0.6422818235476543,0.542763937039479,0.5476190476190477
German Credit,R4_F2,4,2,198,0,0.25107014046036186,0.20093611738701528,0.1951219512195122
German Credit,R4_F2,4,2,203,1,0.46864839823615706,0.38086128131583263,0.3939393939393939
German Credit,R4_F2,4,2,210,0,0.015644534307659014,0.01477395407909884,0.0
German Credit,R4_F2,4,2,223,0,0.12202192653419197,0.10022627325867384,0.10204081632653061
German Credit,R4_F2,4,2,226,1,0.41139924496083996,0.3315893696756984,0.3404255319148936
German Credit,R4_F2,4,2,232,0,0.07302696705209479,0.0618222365310365,0.045454545454545456
German Credit,R4_F2,4,2,241,0,0.0419210909547497,0.036845597120348586,0.0
German Credit,R4_F2,4,2,248,0,0.5700528833627584,0.47279527794892073,0.46153846153846156
German Credit,R4_F2,4,2,252,1,0.7361660412268763,0.6408739029207422,0.5882352941176471
German Credit,R4_F2,4,2,253,0,0.12985833175377026,0.10632309965672902,0.10204081632653061
German Credit,R4_F2,4,2,260,0,0.3433047206377748,0.27496578123852594,0.3404255319148936
German Credit,R4_F2,4,2,267,0,0.31159299503541255,0.24921330366693425,0.3404255319148936
German Credit,R4_F2,4,2,269,0,0.05924271068550638,0.05084581302395966,0.0
German Credit,R4_F2,4,2,275,0,0.060150708476693814,0.051572613719798634,0.0
German Credit,R4_F2,4,2,278,1,0.09526744901892514,0.07933899901768976,0.10204081632653061
German Credit,R4_F2,4,2,281,0,0.07867643679368605,0.0662907559585466,0.045454545454545456
German Credit,R4_F2,4,2,285,0,0.8349782572854126,0.7557595327608645,0.75
German Credit,R4_F2,4,2,287,0,0.5283769128227416,0.43421102341243023,0.43137254901960786
German Credit,R4_F2,4,2,290,0,0.021250563920508624,0.019617808296936455,0.0
German Credit,R4_F2,4,2,292,0,0.385320423073179,0.30967096060725574,0.3404255319148936
German Credit,R4_F2,4,2,295,1,0.7729168066035484,0.6819888574493469,0.6981132075471698
German Credit,R4_F2,4,2,296,0,0.09544359424516378,0.07947703999625631,0.10204081632653061
German Credit,R4_F2,4,2,301,1,0.6781919533030271,0.5792304811781337,0.5476190476190477
German Credit,R4_F2,4,2,306,0,0.10421837028628855,0.08634329541346077,0.10204081632653061
German Credit,R4_F2,4,2,313,1,0.6100828881408796,0.5110502289220936,0.46153846153846156
German Credit,R4_F2,4,2,315,1,0.8304579835502857,0.7501776072989969,0.6981132075471698
German Credit,R4_F2,4,2,318,0,0.25123537308266547,0.20106659590417167,0.1951219512195122
German Credit,R4_F2,4,2,334,1,0.8218344272746761,0.7396262766439633,0.6981132075471698
German Credit,R4_F2,4,2,342,0,0.5612152534014783,0.4645119328819595,0.43137254901960786
German Credit,R4_F2,4,2,351,1,0.22411548504857867,0.1797300109501087,0.14814814814814814
German Credit,R4_F2,4,2,362,0,0.43713611111852657,0.35353327675397134,0.3404255319148936
German Credit,R4_F2,4,2,365,0,0.05791263355238385,0.04978007128172975,0.0
German Credit,R4_F2,4,2,375,1,0.6118977564997637,0.5128145292429869,0.46153846153846156
German Credit,R4_F2,4,2,376,0,0.2500882484938974,0.20016088152374603,0.1951219512195122
German Credit,R4_F2,4,2,377,0,0.09460485678473246,0.07881966086641776,0.10204081632653061
German Credit,R4_F2,4,2,383,0,0.6528803859613153,0.5534013376372842,0.5476190476190477
German Credit,R4_F2,4,2,390,0,0.26801497423921283,0.21435123656487962,0.1951219512195122
German Credit,R4_F2,4,2,394,0,0.09378659361645199,0.07817813160161963,0.10204081632653061
German Credit,R4_F2,4,2,395,0,0.6073926712580271,0.508439908457978,0.46153846153846156
German Credit,R4_F2,4,2,398,1,0.468589096413439,0.3808093517228076,0.3939393939393939
German Credit,R4_F2,4,2,424,1,0.19912613867058856,0.16018927765251725,0.14814814814814814
German Credit,R4_F2,4,2,427,0,0.016409994064449387,0.015441857650443688,0.0
German Credit,R4_F2,4,2,430,0,0.038847356612817914,0.034328117861951064,0.0
German Credit,R4_F2,4,2,432,0,0.354573130660964,0.28420458777991037,0.3404255319148936
German Credit,R4_F2,4,2,434,0,0.5018359225138328,0.4102384615084446,0.43137254901960786
German Credit,R4_F2,4,2,437,0,0.05081328771018773,0.04406772422168395,0.0
German Credit,R4_F2,4,2,439,1,0.45189183973417757,0.36626419838978885,0.3404255319148936
German Credit,R4_F2,4,2,440,0,0.2352118629428038,0.18844170728231546,0.14814814814814814
German Credit,R4_F2,4,2,441,0,0.3569491549100108,0.2861588916333219,0.3404255319148936
German Credit,R4_F2,4,2,445,0,0.1174156946695455,0.09663925937612737,0.10204081632653061
German Credit,R4_F2,4,2,448,0,0.14563016362234094,0.11858021594388926,0.10204081632653061
German Credit,R4_F2,4,2,449,1,0.17288492833531088,0.13975635212313947,0.14814814814814814
German Credit,R4_F2,4,2,462,0,0.6176871048950464,0.5184606785449315,0.46153846153846156
German Credit,R4_F2,4,2,467,0,0.34089503214575007,0.27299632745769253,0.3404255319148936
German Credit,R4_F2,4,2,471,1,0.4735784891797101,0.3851853271299914,0.3939393939393939
German Credit,R4_F2,4,2,475,1,0.6522550081142868,0.5527708265400768,0.5476190476190477
German Credit,R4_F2,4,2,477,0,0.6126397955827958,0.5135366696151199,0.46153846153846156
German Credit,R4_F2,4,2,479,0,0.3273031730268771,0.26192721899763277,0.3404255319148936
German Credit,R4_F2,4,2,480,0,0.234243777100434,0.18768070622975863,0.14814814814814814
German Credit,R4_F2,4,2,486,0,0.061080924602185366,0.05231659008457051,0.0
German Credit,R4_F2,4,2,496,1,0.8262361772798202,0.7449962429370467,0.6981132075471698
German Credit,R4_F2,4,2,498,0,0.2618436168639418,0.20945717803328243,0.1951219512195122
German Credit,R4_F2,4,2,499,0,0.3099962730906029,0.24792572687038433,0.3404255319148936
German Credit,R4_F2,4,2,513,0,0.42782208501898644,0.3455544486639768,0.3404255319148936
German Credit,R4_F2,4,2,514,0,0.1120439586707453,0.09245222616761353,0.10204081632653061
German Credit,R4_F2,4,2,515,0,0.1430700481014505,0.11659135838011431,0.10204081632653061
German Credit,R4_F2,4,2,516,0,0.0960491189256794,0.0799515087415099,0.10204081632653061
German Credit,R4_F2,4,2,518,0,0.5363931425420523,0.44154044328094805,0.43137254901960786
German Credit,R4_F2,4,2,520,0,0.18339641211121901,0.14793315247243083,0.14814814814814814
German Credit,R4_F2,4,2,529,0,0.46297478663070174,0.3759017790317111,0.3939393939393939
German Credit,R4_F2,4,2,533,0,0.1003147903686075,0.08329113291749218,0.10204081632653061
German Credit,R4_F2,4,2,535,1,0.5519853306376322,0.4559203643056661,0.43137254901960786
German Credit,R4_F2,4,2,537,0,0.2890121742172819,0.2310791099855873,0.3
German Credit,R4_F2,4,2,541,0,0.45192851906791853,0.3662959859806748,0.3404255319148936
German Credit,R4_F2,4,2,548,1,0.6270600697257255,0.5276612036698283,0.4845831647024087
German Credit,R4_F2,4,2,565,0,0.6126146486067652,0.5135121895879478,0.46153846153846156
German Credit,R4_F2,4,2,567,0,0.019616183073296448,0.018216287232374805,0.0
German Credit,R4_F2,4,2,575,0,0.25718589152892907,0.20576980375449672,0.1951219512195122
German Credit,R4_F2,4,2,579,0,0.15488103557666308,0.12576617697893128,0.14814814814814814
German Credit,R4_F2,4,2,585,1,0.6880442048037746,0.5894536078363848,0.5476190476190477
German Credit,R4_F2,4,2,586,0,0.3186372865323504,0.25490377376848244,0.3404255319148936
German Credit,R4_F2,4,2,589,1,0.1454825963511015,0.1184655807259703,0.10204081632653061
German Credit,R4_F2,4,2,591,0,0.608076741009748,0.509103104899232,0.46153846153846156
German Credit,R4_F2,4,2,596,1,0.8663936480159675,0.7955996027116171,0.9411764705882353
German Credit,R4_F2,4,2,604,0,0.47003030305292776,0.3820719444930548,0.3939393939393939
German Credit,R4_F2,4,2,618,1,0.6626600444102715,0.563308556722446,0.5476190476190477
German Credit,R4_F2,4,2,620,0,0.18693262603290006,0.15068611245647737,0.14814814814814814
German Credit,R4_F2,4,2,628,0,0.13333943893604674,0.10902966587747039,0.10204081632653061
German Credit,R4_F2,4,2,631,1,0.7518212684002266,0.6581784225381503,0.5882352941176471
German Credit,R4_F2,4,2,633,1,0.31277649826334436,0.25016820406501816,0.3404255319148936
German Credit,R4_F2,4,2,638,0,0.2055667130418883,0.16521639994690085,0.14814814814814814
German Credit,R4_F2,4,2,641,0,0.7018219010181559,0.6039172111319706,0.5882352941176471
German Credit,R4_F2,4,2,654,0,0.023990166302012988,0.021950387230543,0.0
German Credit,R4_F2,4,2,658,0,0.7841445158539454,0.6949058284567233,0.6981132075471698
German Credit,R4_F2,4,2,661,1,0.6486502575264381,0.5491434772528414,0.5476190476190477
German Credit,R4_F2,4,2,679,0,0.22895480704032897,0.1835264084879395,0.14814814814814814
German Credit,R4_F2,4,2,680,0,0.1254303527334838,0.10287884670230862,0.10204081632653061
German Credit,R4_F2,4,2,684,0,0.46067481698157525,0.3738963142333292,0.3939393939393939
German Credit,R4_F2,4,2,688,0,0.09382638666185643,0.07820933445562257,0.10204081632653061
German Credit,R4_F2,4,2,694,0,0.13560567018576222,0.11079120533226908,0.10204081632653061
German Credit,R4_F2,4,2,696,0,0.07065321709211735,0.05993996647274444,0.045454545454545456
German Credit,R4_F2,4,2,699,0,0.5870462232781355,0.4888843979403963,0.46153846153846156
German Credit,R4_F2,4,2,700,1,0.17990651603609617,0.14521739499642622,0.14814814814814814
German Credit,R4_F2,4,2,708,0,0.44984223188759526,0.3644890651031083,0.3404255319148936
German Credit,R4_F2,4,2,709,0,0.2897342467182034,0.23165658317314097,0.3
German Credit,R4_F2,4,2,710,0,0.23940219385831765,0.19173790289402123,0.14814814814814814
German Credit,R4_F2,4,2,713,0,0.28869467363550344,0.23082523924100376,0.3
German Credit,R4_F2,4,2,722,1,0.7476482560569417,0.6535362460958081,0.5882352941176471
German Credit,R4_F2,4,2,730,0,0.5110997771522875,0.4185556118248981,0.43137254901960786
German Credit,R4_F2,4,2,735,0,0.6709542215757801,0.571781872014313,0.5476190476190477
German Credit,R4_F2,4,2,736,1,0.6885842017137677,0.5900167761880355,0.5476190476190477
German Credit,R4_F2,4,2,738,0,0.08504309946971857,0.07130974567601285,0.10204081632653061
German Credit,R4_F2,4,2,753,0,0.15666667499831677,0.12715326862267948,0.14814814814814814
German Credit,R4_F2,4,2,771,1,0.8221777734997437,0.740043977279295,0.6981132075471698
German Credit,R4_F2,4,2,772,0,0.022364286404781625,0.020568463627506375,0.0
German Credit,R4_F2,4,2,775,1,0.8112801342617568,0.7268806930821823,0.6981132075471698
German Credit,R4_F2,4,2,798,0,0.25444135435373405,0.2035995141330128,0.1951219512195122
German Credit,R4_F2,4,2,799,0,0.37672066831943146,0.30250883129220074,0.3404255319148936
German Credit,R4_F2,4,2,800,0,0.18773282868959806,0.1513092473953004,0.14814814814814814
German Credit,R4_F2,4,2,801,0,0.36617406158131477,0.29376763118844434,0.3404255319148936
German Credit,R4_F2,4,2,804,0,0.5558618099979814,0.4595214353972678,0.43137254901960786
German Credit,R4_F2,4,2,805,1,0.798135909225333,0.7112541879812478,0.6981132075471698
German Credit,R4_F2,4,2,809,1,0.7522949023114287,0.6587066883572993,0.5882352941176471
German Credit,R4_F2,4,2,837,0,0.08895550125521846,0.0743862788188913,0.10204081632653061
German Credit,R4_F2,4,2,843,0,0.3118556026676076,0.2494251469422679,0.3404255319148936
German Credit,R4_F2,4,2,849,1,0.38933756010473325,0.313027450325471,0.3404255319148936
German Credit,R4_F2,4,2,851,0,0.014759509540828575,0.013998758908920649,0.0
German Credit,R4_F2,4,2,861,1,0.23950481493965872,0.19181867268173283,0.14814814814814814
German Credit,R4_F2,4,2,872,0,0.4024286583393783,0.3240151443140153,0.3404255319148936
German Credit,R4_F2,4,2,883,0,0.099580166774393,0.08271632876010665,0.10204081632653061
German Credit,R4_F2,4,2,885,1,0.5364059375434371,0.4415521760596273,0.43137254901960786
German Credit,R4_F2,4,2,891,0,0.05303124661542621,0.04585693902775306,0.0
German Credit,R4_F2,4,2,893,0,0.2894092727725583,0.23139666822413527,0.3
German Credit,R4_F2,4,2,898,0,0.11163913573321856,0.09213649235476376,0.10204081632653061
German Credit,R4_F2,4,2,914,1,0.7573184573844015,0.6643272334973453,0.6444437539478293
German Credit,R4_F2,4,2,915,1,0.6495442741282696,0.5500419912511806,0.5476190476190477
German Credit,R4_F2,4,2,918,1,0.4422321990320226,0.3579173551048043,0.3404255319148936
German Credit,R4_F2,4,2,927,1,0.6348643738228388,0.5353791806001877,0.5476190476190477
German Credit,R4_F2,4,2,930,0,0.44002857741245816,0.3560199889785622,0.3404255319148936
German Credit,R4_F2,4,2,933,0,0.0410856363169587,0.036162517650176425,0.0
German Credit,R4_F2,4,2,934,0,0.6898289031521619,0.591316027374847,0.5476190476190477
German Credit,R4_F2,4,2,939,0,0.02758557868471057,0.024983940856346285,0.0
German Credit,R4_F2,4,2,943,0,0.027661201411486026,0.025047441831933918,0.0
German Credit,R4_F2,4,2,946,1,0.6188258284700586,0.5195745079082228,0.46153846153846156
German Credit,R4_F2,4,2,948,1,0.12976902192725315,0.10625364856362925,0.10204081632653061
German Credit,R4_F2,4,2,949,1,0.0540402520075657,0.04666947114192492,0.0
German Credit,R4_F2,4,2,956,0,0.13210766256525597,0.1080720623297427,0.10204081632653061
German Credit,R4_F2,4,2,957,0,0.19757268165572608,0.15897757789663194,0.14814814814814814
German Credit,R4_F2,4,2,966,1,0.32211750361007585,0.2577212881919989,0.3404255319148936
German Credit,R4_F2,4,2,967,0,0.27313678729276797,0.21842049002872482,0.1951219512195122
German Credit,R4_F2,4,2,975,0,0.3334382684514889,0.26691537160275397,0.3404255319148936
German Credit,R4_F2,4,2,991,0,0.3306141411567035,0.2646175509490436,0.3404255319148936
German Credit,R4_F2,4,2,992,0,0.41571602982405703,0.33524760123854036,0.3404255319148936
German Credit,R4_F2,4,2,997,0,0.1476352726579476,0.12013781248159072,0.10204081632653061
German Credit,R4_F2,4,2,998,1,0.8616383737001758,0.789445129400704,0.9411764705882353
German Credit,R4_F3,4,3,1,1,0.782662104525336,0.6858249048015898,0.6436781609195402
German Credit,R4_F3,4,3,3,0,0.6053685013139053,0.5017170684297622,0.5
German Credit,R4_F3,4,3,5,0,0.21771923113436695,0.17640592936786312,0.17777777777777778
German Credit,R4_F3,4,3,7,0,0.5971290398793886,0.493926402523798,0.5
German Credit,R4_F3,4,3,8,0,0.027802222625345513,0.026488824315601133,0.0
German Credit,R4_F3,4,3,9,1,0.7663937924949625,0.6673383739766013,0.6436781609195402
German Credit,R4_F3,4,3,24,0,0.03760328870518328,0.0348518211798013,0.0
German Credit,R4_F3,4,3,30,0,0.3052452231765155,0.24473518876747755,0.25
German Credit,R4_F3,4,3,31,0,0.7631861333861775,0.6637391531754927,0.6436781609195402
German Credit,R4_F3,4,3,35,1,0.690815188223456,0.5860979106561095,0.6436781609195402
German Credit,R4_F3,4,3,39,0,0.27231718647013287,0.21884895603548174,0.22807017543859648
German Credit,R4_F3,4,3,50,0,0.32072260054053,0.257001350549673,0.25
German Credit,R4_F3,4,3,53,0,0.04930183364911395,0.04459686376034129,0.0
German Credit,R4_F3,4,3,58,0,0.45830041782463593,0.3698816363539237,0.3305084745762712
German Credit,R4_F3,4,3,70,0,0.5803163327354236,0.478197322527975,0.5
German Credit,R4_F3,4,3,72,0,0.3755836685319274,0.3010992950672118,0.3305084745762712
German Credit,R4_F3,4,3,74,1,0.5655819108742023,0.4645904528350756,0.5
German Credit,R4_F3,4,3,76,1,0.7950379024991413,0.7001600727947036,0.6436781609195402
German Credit,R4_F3,4,3,79,0,0.7270877353994193,0.6242005102861224,0.6436781609195402
German Credit,R4_F3,4,3,87,1,0.7314705142508021,0.62891049562281,0.6436781609195402
German Credit,R4_F3,4,3,90,0,0.028015366770448566,0.026673153303532576,0.0
German Credit,R4_F3,4,3,95,1,0.872423046669699,0.7961153331143193,0.9486850438708653
German Credit,R4_F3,4,3,96,0,0.037894124546294046,0.035096864650219106,0.0
German Credit,R4_F3,4,3,107,0,0.34253009887315056,0.27440747643804175,0.25
German Credit,R4_F3,4,3,110,0,0.3498256285892731,0.2802653193650209,0.25
German Credit,R4_F3,4,3,121,0,0.11756963497395673,0.09895817563112788,0.125
German Credit,R4_F3,4,3,123,0,0.28418180573163904,0.22814600814522895,0.22807017543859648
German Credit,R4_F3,4,3,139,0,0.24686025932488742,0.198999144373056,0.19047619047619047
German Credit,R4_F3,4,3,141,0,0.7865192503911868,0.6902667902989974,0.6436781609195402
German Credit,R4_F3,4,3,142,0,0.6947668321360635,0.5901761398568912,0.6436781609195402
German Credit,R4_F3,4,3,145,0,0.6604476763404318,0.5553077201258233,0.5517241379310345
German Credit,R4_F3,4,3,147,0,0.07118500515125353,0.06236957086851596,0.1
German Credit,R4_F3,4,3,149,0,0.020399957545108992,0.020000692658318282,0.0
German Credit,R4_F3,4,3,154,0,0.26345561593569744,0.21192500497675684,0.22807017543859648
German Credit,R4_F3,4,3,156,0,0.03708302031192632,0.03441306933084015,0.0
German Credit,R4_F3,4,3,158,0,0.3782297193301523,0.3032536361909148,0.3305084745762712
German Credit,R4_F3,4,3,167,0,0.26078836737456546,0.20984407328827795,0.22807017543859648
German Credit,R4_F3,4,3,173,0,0.02805134149756398,0.026704252368758143,0.0
German Credit,R4_F3,4,3,174,1,0.7302889237535325,0.627638329853077,0.6436781609195402
German Credit,R4_F3,4,3,176,0,0.592227511143622,0.48931783732808415,0.5
German Credit,R4_F3,4,3,201,0,0.7141767270518464,0.610462251327468,0.6436781609195402
German Credit,R4_F3,4,3,202,0,0.24662461201543281,0.1988159525632729,0.19047619047619047
German Credit,R4_F3,4,3,205,0,0.5379074094175303,0.4394566977642656,0.5
German Credit,R4_F3,4,3,220,0,0.3066827802895115,0.24587162679119282,0.25
German Credit,R4_F3,4,3,224,0,0.11662676137461547,0.09822324532150657,0.125
German Credit,R4_F3,4,3,225,0,0.5015064013437668,0.4071738441947525,0.3305084745762712
German Credit,R4_F3,4,3,228,1,0.06651485854200052,0.05861526458528348,0.04
German Credit,R4_F3,4,3,231,0,0.10825554864563046,0.09168632649162291,0.1
German Credit,R4_F3,4,3,236,1,0.44089327560830255,0.35514103000953096,0.3305084745762712
German Credit,R4_F3,4,3,237,1,0.5549018563724387,0.4548271839956863,0.5
German Credit,R4_F3,4,3,243,0,0.06901046832336707,0.06062368981411769,0.1
German Credit,R4_F3,4,3,254,0,0.13108192158020507,0.10946544422420205,0.13636363636363635
German Credit,R4_F3,4,3,257,1,0.7014502259086267,0.5971129206422081,0.6436781609195402
German Credit,R4_F3,4,3,263,0,0.2955553513961442,0.23708951186027258,0.22807017543859648
German Credit,R4_F3,4,3,265,1,0.4057986632244501,0.325868449472702,0.3305084745762712
German Credit,R4_F3,4,3,266,0,0.06901596756918803,0.06062810980253639,0.1
German Credit,R4_F3,4,3,268,1,0.4227918520838487,0.33997108963538847,0.3305084745762712
German Credit,R4_F3,4,3,273,1,0.5443118557830511,0.4452258414881733,0.5
German Credit,R4_F3,4,3,284,0,0.5307553576634958,0.43304661686937107,0.5
German Credit,R4_F3,4,3,286,0,0.7741479119885256,0.6761006360510061,0.6436781609195402
German Credit,R4_F3,4,3,293,0,0.2848218704136096,0.22864848019258696,0.22807017543859648
German Credit,R4_F3,4,3,294,0,0.429355796019369,0.3454539389441387,0.3305084745762712
German Credit,R4_F3,4,3,302,1,0.1514313025872087,0.1252234253986273,0.13636363636363635
German Credit,R4_F3,4,3,303,0,0.48136047622703343,0.3896548697079675,0.3305084745762712
German Credit,R4_F3,4,3,307,1,0.736427951199484,0.6342671641780225,0.6436781609195402
German Credit,R4_F3,4,3,309,0,0.48941201062425815,0.39662825721886746,0.3305084745762712
German Credit,R4_F3,4,3,311,0,0.36084864167120995,0.2891513299180382,0.25
German Credit,R4_F3,4,3,312,0,0.372276569011309,0.29841056401883215,0.3305084745762712
German Credit,R4_F3,4,3,316,0,0.296161134007815,0.23756677402146392,0.22807017543859648
German Credit,R4_F3,4,3,317,0,0.4752013541066414,0.38434519614892093,0.3305084745762712
German Credit,R4_F3,4,3,319,0,0.46327289387105347,0.37412111595782344,0.3305084745762712
German Credit,R4_F3,4,3,321,1,0.7421713157462135,0.6405124430959529,0.6436781609195402
German Credit,R4_F3,4,3,323,0,0.416601804656729,0.33481887835458685,0.3305084745762712
German Credit,R4_F3,4,3,330,0,0.3383058013606084,0.27102383407925784,0.25
German Credit,R4_F3,4,3,335,1,0.2280833698545676,0.18442853120482972,0.17777777777777778
German Credit,R4_F3,4,3,344,0,0.16823724736755621,0.13820267262408212,0.13636363636363635
German Credit,R4_F3,4,3,347,0,0.5243836993966454,0.42736428098793217,0.5
German Credit,R4_F3,4,3,349,1,0.22196078854231327,0.17968774228551326,0.17777777777777778
German Credit,R4_F3,4,3,354,0,0.14950521027656996,0.1237343644589044,0.13636363636363635
German Credit,R4_F3,4,3,359,1,0.6249540100881414,0.5204631800914608,0.5217391304347826
German Credit,R4_F3,4,3,378,1,0.7872291570943785,0.6910868480546047,0.6436781609195402
German Credit,R4_F3,4,3,381,1,0.6460091848560087,0.540991773445896,0.5217391304347826
German Credit,R4_F3,4,3,384,0,0.3135281331449903,0.25129102539267445,0.25
German Credit,R4_F3,4,3,385,0,0.13593077087857522,0.11322624166181162,0.13636363636363635
German Credit,R4_F3,4,3,400,0,0.11985210192377005,0.10073623490842554,0.125
German Credit,R4_F3,4,3,402,1,0.5214689702982628,0.42477362933801405,0.5
German Credit,R4_F3,4,3,403,0,0.30889563513776047,0.2476220809911649,0.25
German Credit,R4_F3,4,3,404,0,0.24639786551308884,0.19863968888041522,0.19047619047619047
German Credit,R4_F3,4,3,408,0,0.18174430386151094,0.14862490803328918,0.13636363636363635
German Credit,R4_F3,4,3,409,1,0.22397063065981151,0.18124350179090593,0.17777777777777778
German Credit,R4_F3,4,3,413,0,0.07362249194059235,0.06432221361539894,0.1
German Credit,R4_F3,4,3,414,1,0.7149655003874146,0.611295828446283,0.6436781609195402
German Credit,R4_F3,4,3,422,0,0.1868513544528839,0.15256533016406595,0.15789473684210525
German Credit,R4_F3,4,3,438,0,0.7244521139087415,0.621379583434393,0.6436781609195402
German Credit,R4_F3,4,3,453,0,0.08854968541449593,0.07619295663026643,0.1
German Credit,R4_F3,4,3,463,0,0.3054342884536341,0.24488461892620572,0.25
German Credit,R4_F3,4,3,484,0,0.04499048641771531,0.041030192934752754,0.0
German Credit,R4_F3,4,3,491,1,0.7286325741761148,0.6258579517250883,0.6436781609195402
German Credit,R4_F3,4,3,497,0,0.05603231987760788,0.05011642788418275,0.0
German Credit,R4_F3,4,3,502,0,0.14479919495711013,0.12009431694016398,0.13636363636363635
German Credit,R4_F3,4,3,505,1,0.06441010963849238,0.05691723050945838,0.04
German Credit,R4_F3,4,3,506,0,0.04698899286805417,0.042686773689654206,0.0
German Credit,R4_F3,4,3,507,1,0.5911373006552679,0.4882953852329587,0.5
German Credit,R4_F3,4,3,508,0,0.20163450720280438,0.1639756856908463,0.17777777777777778
German Credit,R4_F3,4,3,509,0,0.1956461562315164,0.15935248511848052,0.15789473684210525
German Credit,R4_F3,4,3,519,0,0.019452654252447025,0.019156371533488353,0.0
German Credit,R4_F3,4,3,524,0,0.240833704552841,0.1943169251083623,0.19047619047619047
German Credit,R4_F3,4,3,525,0,0.5691548475358746,0.4678751404437269,0.5
German Credit,R4_F3,4,3,527,0,0.006963420244549456,0.007548791473767398,0.0
German Credit,R4_F3,4,3,528,1,0.787106776172425,0.6909454217091286,0.6436781609195402
German Credit,R4_F3,4,3,539,0,0.35475522743319116,0.28423388982782355,0.25
German Credit,R4_F3,4,3,544,0,0.05092129736694351,0.04593006256905391,0.0
German Credit,R4_F3,4,3,545,1,0.6004093442062621,0.4970214145903528,0.5
German Credit,R4_F3,4,3,563,1,0.40376462652757134,0.324189004819989,0.3305084745762712
German Credit,R4_F3,4,3,566,1,0.5658067350009356,0.4647968633113521,0.5
German Credit,R4_F3,4,3,570,1,0.6740908156441833,0.5690230957533271,0.5517241379310345
German Credit,R4_F3,4,3,573,0,0.6789155375887038,0.5739186975409698,0.5517241379310345
German Credit,R4_F3,4,3,576,0,0.22797888561379545,0.18434758989086072,0.17777777777777778
German Credit,R4_F3,4,3,592,0,0.16324700574847326,0.13435069217671375,0.13636363636363635
German Credit,R4_F3,4,3,597,1,0.42983103965443564,0.34585169748370065,0.3305084745762712
German Credit,R4_F3,4,3,610,1,0.7043780940608179,0.6001675958145275,0.6436781609195402
German Credit,R4_F3,4,3,613,0,0.36427105784343944,0.2919191656005044,0.3305084745762712
German Credit,R4_F3,4,3,617,0,0.1815923917372575,0.14850770145465222,0.13636363636363635
German Credit,R4_F3,4,3,619,0,0.14768687183614418,0.12232822305622951,0.13636363636363635
German Credit,R4_F3,4,3,625,0,0.03606087566449713,0.03354954955056863,0.0
German Credit,R4_F3,4,3,637,0,0.5023036076886308,0.4078720085278561,0.3305084745762712
German Credit,R4_F3,4,3,639,1,0.7674642045452518,0.6685427399970795,0.6436781609195402
German Credit,R4_F3,4,3,642,1,0.24157135431858665,0.1948897205883732,0.19047619047619047
German Credit,R4_F3,4,3,643,0,0.045003166127849825,0.04104072179757728,0.0
German Credit,R4_F3,4,3,648,1,0.5179115638128456,0.42161909921342156,0.5
German Credit,R4_F3,4,3,650,0,0.8699618350675856,0.7928680999978083,0.8356907863675269
German Credit,R4_F3,4,3,652,1,0.5715337653363662,0.4700673557907458,0.5
German Credit,R4_F3,4,3,655,0,0.6785454324821117,0.5735422994372881,0.5517241379310345
German Credit,R4_F3,4,3,656,1,0.7513637290819252,0.6505984334226658,0.6436781609195402
German Credit,R4_F3,4,3,657,0,0.21345696142788007,0.1731099245826691,0.17777777777777778
German Credit,R4_F3,4,3,659,0,0.4547449133896719,0.36685819553528315,0.3305084745762712
German Credit,R4_F3,4,3,660,0,0.3118527199493315,0.24996339222111924,0.25
German Credit,R4_F3,4,3,665,0,0.48830370957158903,0.3956661617708746,0.3305084745762712
German Credit,R4_F3,4,3,666,0,0.6392887698378285,0.5343955983152516,0.5217391304347826
German Credit,R4_F3,4,3,671,0,0.1827121626139286,0.14937165415921821,0.13636363636363635
German Credit,R4_F3,4,3,673,0,0.1263481795745549,0.10578935392540423,0.13636363636363635
German Credit,R4_F3,4,3,674,1,0.19032757557897276,0.1552477235135994,0.15789473684210525
German Credit,R4_F3,4,3,675,0,0.18821118637353218,0.153614597151255,0.15789473684210525
German Credit,R4_F3,4,3,682,0,0.16356696952654995,0.1345977120958331,0.13636363636363635
German Credit,R4_F3,4,3,686,0,0.032039475753891856,0.0301312521525695,0.0
German Credit,R4_F3,4,3,692,0,0.5634288449965223,0.46261559344326836,0.5
German Credit,R4_F3,4,3,695,0,0.050723492879819705,0.04576740465405237,0.0
German Credit,R4_F3,4,3,717,0,0.13515893271771792,0.11262789171439916,0.13636363636363635
German Credit,R4_F3,4,3,719,0,0.4241692099058822,0.34111992117234163,0.3305084745762712
German Credit,R4_F3,4,3,720,1,0.2217643241387758,0.17953568939808917,0.17777777777777778
German Credit,R4_F3,4,3,728,1,0.8501314500940769,0.767222556237611,0.8260869565217391
German Credit,R4_F3,4,3,731,1,0.5989126541956363,0.4956081883680612,0.5
German Credit,R4_F3,4,3,733,0,0.14269859132052423,0.1184685950445752,0.13636363636363635
German Credit,R4_F3,4,3,737,0,0.6609630855973584,0.5558224833862654,0.5517241379310345
German Credit,R4_F3,4,3,741,0,0.5414386878364684,0.4426342447591226,0.5
German Credit,R4_F3,4,3,745,0,0.3335441751363337,0.26721681421675636,0.25
German Credit,R4_F3,4,3,747,1,0.5779804530672595,0.47602932911082163,0.5
German Credit,R4_F3,4,3,750,0,0.41560748715784124,0.3339929014638007,0.3305084745762712
German Credit,R4_F3,4,3,754,1,0.06991047688492495,0.06134674086669802,0.1
German Credit,R4_F3,4,3,757,1,0.06481679101952975,0.0572456330481531,0.04
German Credit,R4_F3,4,3,760,0,0.12634381098381864,0.1057859591341373,0.13636363636363635
German Credit,R4_F3,4,3,764,0,0.14373930655816836,0.11927411313349275,0.13636363636363635
German Credit,R4_F3,4,3,774,0,0.23920828630113997,0.1930550575416029,0.19047619047619047
German Credit,R4_F3,4,3,785,0,0.23453994162753256,0.18943302826968955,0.19047619047619047
German Credit,R4_F3,4,3,786,0,0.1061782325096829,0.09006057781718395,0.1
German Credit,R4_F3,4,3,790,1,0.49375485200489316,0.40040506029793377,0.3305084745762712
German Credit,R4_F3,4,3,802,0,0.587673182784975,0.4850527791505464,0.5
German Credit,R4_F3,4,3,814,1,0.7661980562355355,0.6671183214725587,0.6436781609195402
German Credit,R4_F3,4,3,820,0,0.1834769802695264,0.14996174935816858,0.13636363636363635
German Credit,R4_F3,4,3,824,0,0.2207672767427932,0.17876409385146638,0.17777777777777778
German Credit,R4_F3,4,3,827,1,0.49311084105981323,0.39984429450145775,0.3305084745762712
German Credit,R4_F3,4,3,828,1,0.48918200863031264,0.39642853849411563,0.3305084745762712
German Credit,R4_F3,4,3,834,1,0.25651710686933704,0.2065145742026944,0.22807017543859648
German Credit,R4_F3,4,3,842,1,0.3149047945265967,0.25238252516843473,0.25
German Credit,R4_F3,4,3,848,0,0.17947273872108704,0.14687230315209288,0.13636363636363635
German Credit,R4_F3,4,3,850,1,0.4518761506340845,0.3644234976588481,0.3305084745762712
German Credit,R4_F3,4,3,864,1,0.16727197998562482,0.13745767311931822,0.13636363636363635
German Credit,R4_F3,4,3,866,0,0.7281672990459113,0.6253584512827766,0.6436781609195402
German Credit,R4_F3,4,3,895,0,0.10229600055951386,0.08701799048882515,0.1
German Credit,R4_F3,4,3,896,0,0.7866773808432983,0.6904493882216856,0.6436781609195402
German Credit,R4_F3,4,3,897,0,0.014243074145201129,0.01443962510054968,0.0
German Credit,R4_F3,4,3,906,0,0.16590267506855882,0.136400763507661,0.13636363636363635
German Credit,R4_F3,4,3,907,0,0.5045637593111532,0.4098534488482961,0.3305084745762712
German Credit,R4_F3,4,3,911,1,0.7261646328835732,0.6232115329960554,0.6436781609195402
German Credit,R4_F3,4,3,920,0,0.2974619487019665,0.23859193343332466,0.22807017543859648
German Credit,R4_F3,4,3,925,1,0.8265824773653728,0.7378617808898453,0.8260869565217391
German Credit,R4_F3,4,3,928,0,0.07647126848528957,0.06659881738125618,0.1
German Credit,R4_F3,4,3,947,0,0.0985355865752852,0.08406517491717924,0.1
German Credit,R4_F3,4,3,951,1,0.6572996630666382,0.5521692997592617,0.5517241379310345
German Credit,R4_F3,4,3,953,1,0.6142097167868601,0.5101390234358396,0.5
German Credit,R4_F3,4,3,955,0,0.29785483862430495,0.23890165257880913,0.22807017543859648
German Credit,R4_F3,4,3,958,1,0.7996801776236945,0.7056009084571362,0.6436781609195402
German Credit,R4_F3,4,3,960,0,0.04832703775953657,0.04379270854103799,0.0
German Credit,R4_F3,4,3,970,0,0.18164279324511215,0.14854658832408804,0.13636363636363635
German Credit,R4_F3,4,3,973,1,0.8912354337392108,0.8214489882507837,1.0
German Credit,R4_F3,4,3,974,0,0.1617024105531966,0.13315813992653372,0.13636363636363635
German Credit,R4_F3,4,3,984,0,0.08670595882528682,0.07473399964805591,0.1
German Credit,R4_F3,4,3,987,0,0.06412173606240289,0.05668427289106333,0.04
German Credit,R4_F3,4,3,988,0,0.49011110148507986,0.39723548987847623,0.3305084745762712
German Credit,R4_F3,4,3,999,0,0.5039301720678032,0.4092976813707189,0.3305084745762712
German Credit,R4_F4,4,4,4,1,0.7662382871641104,0.6578685320804674,0.7058823529411765
German Credit,R4_F4,4,4,10,1,0.7428014636055694,0.6321060945336763,0.660377358490566
German Credit,R4_F4,4,4,11,1,0.8676730088868881,0.7807676548697012,0.7058823529411765
German Credit,R4_F4,4,4,22,0,0.13803080728510883,0.11610939636497976,0.05982905982905983
German Credit,R4_F4,4,4,25,0,0.2506891710020081,0.2018394714673392,0.2
German Credit,R4_F4,4,4,29,1,0.8133603422820452,0.712381673322173,0.7058823529411765
German Credit,R4_F4,4,4,32,0,0.4161508763197408,0.3312578463895365,0.3333333333333333
German Credit,R4_F4,4,4,34,0,0.4682770409044433,0.37414743812384066,0.35555555555555557
German Credit,R4_F4,4,4,36,0,0.6459528656210823,0.5331992939619082,0.47058823529411764
German Credit,R4_F4,4,4,52,0,0.1400653678277652,0.1176688879196916,0.05982905982905983
German Credit,R4_F4,4,4,59,1,0.8018647723158581,0.6987168682291505,0.7058823529411765
German Credit,R4_F4,4,4,60,0,0.4422286895310206,0.3525486641189217,0.3333333333333333
German Credit,R4_F4,4,4,61,0,0.05243300570019866,0.048596321494245594,0.03333333333333333
German Credit,R4_F4,4,4,62,1,0.8066748903804339,0.7044039768144391,0.7058823529411765
German Credit,R4_F4,4,4,65,0,0.21003525280309732,0.17092464394276183,0.2
German Credit,R4_F4,4,4,67,0,0.48225190847050375,0.38588349570548114,0.35555555555555557
German Credit,R4_F4,4,4,84,0,0.3206546582862981,0.2556141279132477,0.2441860465116279
German Credit,R4_F4,4,4,89,1,0.5773900337954875,0.4690123213424327,0.4461538461538462
German Credit,R4_F4,4,4,94,0,0.36477925987769355,0.29016442657486835,0.27423642946978066
German Credit,R4_F4,4,4,105,1,0.47297258587524066,0.3780787554389119,0.35555555555555557
German Credit,R4_F4,4,4,106,1,0.41965375708391367,0.33409956237162985,0.3333333333333333
German Credit,R4_F4,4,4,124,1,0.42536599218340526,0.33874543612442537,0.3333333333333333
German Credit,R4_F4,4,4,127,1,0.5128377093443235,0.4119624837278928,0.4461538461538462
German Credit,R4_F4,4,4,133,0,0.396348805557966,0.3152929762113335,0.2777777777777778
German Credit,R4_F4,4,4,134,0,0.4401520111071109,0.35084143856737576,0.3333333333333333
German Credit,R4_F4,4,4,140,0,0.11224468068154535,0.09623038495230658,0.05982905982905983
German Credit,R4_F4,4,4,143,1,0.49826562821101406,0.39946792788651764,0.4461538461538462
German Credit,R4_F4,4,4,146,0,0.3244089627527708,0.25853112658210475,0.2441860465116279
German Credit,R4_F4,4,4,148,0,0.5298809850587972,0.42674577056272345,0.4461538461538462
German Credit,R4_F4,4,4,155,1,0.5583546323034552,0.4518809343963875,0.4461538461538462
German Credit,R4_F4,4,4,175,1,0.2018813346337612,0.1647345811499948,0.2
German Credit,R4_F4,4,4,178,0,0.08846132630837528,0.07762960551232395,0.05982905982905983
German Credit,R4_F4,4,4,179,0,0.4481247045815113,0.3574072914836055,0.35555555555555557
German Credit,R4_F4,4,4,182,1,0.6320011921562035,0.5197961983281159,0.47058823529411764
German Credit,R4_F4,4,4,187,0,0.37820199611783595,0.3008027251746178,0.2777777777777778
German Credit,R4_F4,4,4,192,1,0.47140219519311133,0.3767626220407666,0.35555555555555557
German Credit,R4_F4,4,4,193,0,0.048584640649670885,0.04540108145763439,0.03333333333333333
German Credit,R4_F4,4,4,194,1,0.6245983017467279,0.5127591478163918,0.47058823529411764
German Credit,R4_F4,4,4,207,0,0.22260814095685913,0.1804729577262606,0.2
German Credit,R4_F4,4,4,208,0,0.6671446067970029,0.5539278938853281,0.47058823529411764
German Credit,R4_F4,4,4,213,1,0.2982875838932783,0.23831099957532167,0.2441860465116279
German Credit,R4_F4,4,4,216,0,0.6196705711449217,0.5081028170000501,0.47058823529411764
German Credit,R4_F4,4,4,218,0,0.8058676395302679,0.7034465019769287,0.7058823529411765
German Credit,R4_F4,4,4,219,0,0.1424527085441122,0.11949744113199269,0.08333333333333333
German Credit,R4_F4,4,4,221,0,0.799739127475727,0.6962174195809666,0.7058823529411765
German Credit,R4_F4,4,4,227,1,0.7493522303348307,0.6392249368941676,0.660377358490566
German Credit,R4_F4,4,4,230,1,0.24766503183331337,0.1995345376312406,0.2
German Credit,R4_F4,4,4,233,0,0.2511225496004256,0.20216987749377482,0.2
German Credit,R4_F4,4,4,234,0,0.00735460045578637,0.008478197283526695,0.0
German Credit,R4_F4,4,4,235,1,0.7214990486087034,0.6093693730221691,0.660377358490566
German Credit,R4_F4,4,4,238,0,0.09728585624640129,0.08456924487681762,0.05982905982905983
German Credit,R4_F4,4,4,239,0,0.2977711454283547,0.23791291176953563,0.2441860465116279
German Credit,R4_F4,4,4,249,1,0.2017539149861677,0.16463785408492507,0.2
German Credit,R4_F4,4,4,258,0,0.1154334606789263,0.09870215762247483,0.05982905982905983
German Credit,R4_F4,4,4,259,0,0.04609338086039005,0.043319303638533875,0.03333333333333333
German Credit,R4_F4,4,4,262,0,0.5315064859451945,0.428165655353835,0.4461538461538462
German Credit,R4_F4,4,4,274,1,0.8018092765988816,0.6986515070894287,0.7058823529411765
German Credit,R4_F4,4,4,276,0,0.06626516336258241,0.059906396959414056,0.05982905982905983
German Credit,R4_F4,4,4,279,0,0.16818627408166584,0.13913449365186992,0.2
German Credit,R4_F4,4,4,282,0,0.20056040609075634,0.16373183330058289,0.2
German Credit,R4_F4,4,4,289,1,0.7363487872230238,0.6251534404676089,0.660377358490566
German Credit,R4_F4,4,4,291,1,0.4542637722750303,0.3624846800218195,0.35555555555555557
German Credit,R4_F4,4,4,297,0,0.17887858265217638,0.14726594662164594,0.2
German Credit,R4_F4,4,4,299,0,0.11975378748264792,0.1020442414226558,0.05982905982905983
German Credit,R4_F4,4,4,305,0,0.12086310729442017,0.10290118552324541,0.05982905982905983
German Credit,R4_F4,4,4,324,0,0.15091179554996842,0.12596596338226615,0.08333333333333333
German Credit,R4_F4,4,4,325,0,0.06273546145302134,0.05704340823315281,0.05982905982905983
German Credit,R4_F4,4,4,326,0,0.1001550011108704,0.08681514470925993,0.05982905982905983
German Credit,R4_F4,4,4,337,1,0.6512774814951071,0.5383646051725134,0.47058823529411764
German Credit,R4_F4,4,4,339,0,0.6987880070281213,0.585779642599446,0.660377358490566
German Credit,R4_F4,4,4,340,0,0.7714837599473467,0.6637496017661675,0.7058823529411765
German Credit,R4_F4,4,4,346,0,0.2862990959596577,0.22908497196824423,0.2441860465116279
German Credit,R4_F4,4,4,348,0,0.06335627004920517,0.05754800786130422,0.05982905982905983
German Credit,R4_F4,4,4,357,1,0.215628015505385,0.1751712025229339,0.2
German Credit,R4_F4,4,4,371,0,0.07129724466375663,0.06396426617354457,0.05982905982905983
German Credit,R4_F4,4,4,379,0,0.08495737873568347,0.0748593245521353,0.05982905982905983
German Credit,R4_F4,4,4,382,0,0.36004582005620606,0.2864281575508864,0.2727272727272727
German Credit,R4_F4,4,4,387,0,0.5773389101783808,0.46896594060650315,0.4461538461538462
German Credit,R4_F4,4,4,391,0,0.3349063129058909,0.2667083366903407,0.2441860465116279
German Credit,R4_F4,4,4,392,0,0.7081779611062139,0.595455140706059,0.660377358490566
German Credit,R4_F4,4,4,399,0,0.042933052144409574,0.04066199284413751,0.0
German Credit,R4_F4,4,4,401,0,0.44240508010977947,0.3526937707319891,0.3333333333333333
German Credit,R4_F4,4,4,405,1,0.4235897962025128,0.33729923572892945,0.3333333333333333
German Credit,R4_F4,4,4,407,0,0.3292218660749857,0.2622763558591818,0.2441860465116279
German Credit,R4_F4,4,4,411,0,0.027177859339254002,0.027069205263917553,0.0
German Credit,R4_F4,4,4,423,0,0.11790803251313252,0.10061734039881794,0.05982905982905983
German Credit,R4_F4,4,4,426,0,0.07015917890574867,0.06304884108166911,0.05982905982905983
German Credit,R4_F4,4,4,428,0,0.2524334405907718,0.20316944318521646,0.2
German Credit,R4_F4,4,4,435,1,0.14071029533472487,0.11816300221295882,0.05982905982905983
German Credit,R4_F4,4,4,444,1,0.729255411903411,0.6175768264208746,0.660377358490566
German Credit,R4_F4,4,4,450,0,0.2374843841786561,0.19178280078742624,0.2
German Credit,R4_F4,4,4,451,0,0.09533778475989761,0.08304155664692242,0.05982905982905983
German Credit,R4_F4,4,4,456,0,0.2573379000862744,0.20691118441962053,0.2441860465116279
German Credit,R4_F4,4,4,465,0,0.2717889029292518,0.21795717592302663,0.2441860465116279
German Credit,R4_F4,4,4,470,1,0.44617934211722626,0.3558023080017115,0.35555555555555557
German Credit,R4_F4,4,4,476,0,0.133973576547459,0.11299617757599567,0.05982905982905983
German Credit,R4_F4,4,4,478,0,0.21193534538671924,0.17236726809955483,0.2
German Credit,R4_F4,4,4,482,0,0.6387911137537964,0.526295767153674,0.47058823529411764
German Credit,R4_F4,4,4,483,0,0.15605744672419855,0.12989362900919776,0.18181818181818182
German Credit,R4_F4,4,4,488,0,0.05771955284910666,0.05294882265952378,0.03333333333333333
German Credit,R4_F4,4,4,489,0,0.23239719412439483,0.1879132193069944,0.2
German Credit,R4_F4,4,4,500,1,0.7925065953116329,0.6877746685497983,0.7058823529411765
German Credit,R4_F4,4,4,511,0,0.12024809573771213,0.10242615054377582,0.05982905982905983
German Credit,R4_F4,4,4,523,0,0.08866388423212866,0.07778948032279917,0.05982905982905983
German Credit,R4_F4,4,4,530,0,0.5503005910449926,0.4447133822184529,0.4461538461538462
German Credit,R4_F4,4,4,536,0,0.5507999523229679,0.44515642237665237,0.4461538461538462
German Credit,R4_F4,4,4,540,1,0.21804058913524046,0.17700340906874834,0.2
German Credit,R4_F4,4,4,543,1,0.13600917813680624,0.11455872181921944,0.05982905982905983
German Credit,R4_F4,4,4,546,0,0.16485936442436674,0.13660182313814442,0.2
German Credit,R4_F4,4,4,556,1,0.672586604804203,0.5593265070497526,0.625
German Credit,R4_F4,4,4,558,1,0.5128593746510824,0.4119811579832053,0.4461538461538462
German Credit,R4_F4,4,4,560,0,0.5080832693135111,0.40787152688784273,0.4461538461538462
German Credit,R4_F4,4,4,561,1,0.5400817786981368,0.4356857350682928,0.4461538461538462
German Credit,R4_F4,4,4,577,0,0.19339853073531396,0.15829474974057128,0.2
German Credit,R4_F4,4,4,587,0,0.29927416576111515,0.23907165846051306,0.2441860465116279
German Credit,R4_F4,4,4,598,1,0.1439986332284071,0.12068078184218115,0.08333333333333333
German Credit,R4_F4,4,4,606,0,0.12102131961714485,0.10302336541854556,0.05982905982905983
German Credit,R4_F4,4,4,609,0,0.15561742222532093,0.12955794753333733,0.18181818181818182
German Credit,R4_F4,4,4,612,0,0.5969808788965993,0.4869391259511965,0.47058823529411764
German Credit,R4_F4,4,4,621,1,0.2772109879413646,0.22211071639451485,0.2441860465116279
German Credit,R4_F4,4,4,632,0,0.32653421998129883,0.2601841221891517,0.2441860465116279
German Credit,R4_F4,4,4,634,1,0.777282014467409,0.6703019521384628,0.7058823529411765
German Credit,R4_F4,4,4,636,0,0.13558540895669788,0.11423353013255057,0.05982905982905983
German Credit,R4_F4,4,4,644,0,0.42805711899277327,0.34093934062466624,0.3333333333333333
German Credit,R4_F4,4,4,649,1,0.7438620754497783,0.6332545028729344,0.660377358490566
German Credit,R4_F4,4,4,653,1,0.4432942600549543,0.3534254810690792,0.3333333333333333
German Credit,R4_F4,4,4,667,0,0.5677506038720149,0.4603028433778331,0.4461538461538462
German Credit,R4_F4,4,4,670,0,0.17088483796049017,0.14118784151500482,0.2
German Credit,R4_F4,4,4,678,0,0.6846857796744853,0.571445091460676,0.660377358490566
German Credit,R4_F4,4,4,685,0,0.4037906557916872,0.3212733484632431,0.3333333333333333
German Credit,R4_F4,4,4,690,0,0.5798472316741456,0.4712439692584981,0.47058823529411764
German Credit,R4_F4,4,4,693,0,0.18216483930745567,0.14976311531294062,0.2
German Credit,R4_F4,4,4,697,0,0.1376064825982126,0.11578401361019411,0.05982905982905983
German Credit,R4_F4,4,4,701,1,0.5117288557291397,0.4110071088272189,0.4461538461538462
German Credit,R4_F4,4,4,703,0,0.5738427096576862,0.46579891188379613,0.4461538461538462
German Credit,R4_F4,4,4,704,0,0.6992239880198027,0.5862265234802445,0.660377358490566
German Credit,R4_F4,4,4,711,1,0.7784068562636485,0.6715794672957995,0.7058823529411765
German Credit,R4_F4,4,4,714,1,0.8544531148874377,0.7634796096705042,0.7058823529411765
German Credit,R4_F4,4,4,715,0,0.03315406986211691,0.03230318623565146,0.0
German Credit,R4_F4,4,4,718,0,0.10318512786315448,0.08918201223072458,0.05982905982905983
German Credit,R4_F4,4,4,724,1,0.48709072616005394,0.3899725938350921,0.35555555555555557
German Credit,R4_F4,4,4,739,1,0.7416327195255134,0.6308424526514783,0.660377358490566
German Credit,R4_F4,4,4,742,0,0.06969518964889389,0.06267524426508833,0.05982905982905983
German Credit,R4_F4,4,4,744,0,0.6182445386580885,0.5067594170693445,0.47058823529411764
German Credit,R4_F4,4,4,761,1,0.5969161525988881,0.48687938233483263,0.47058823529411764
German Credit,R4_F4,4,4,762,0,0.5916393388329141,0.482020453814945,0.47058823529411764
German Credit,R4_F4,4,4,768,0,0.2035752098355564,0.16602044030000335,0.2
German Credit,R4_F4,4,4,784,0,0.20203072535791788,0.16484798692639638,0.2
German Credit,R4_F4,4,4,788,1,0.7660401839554116,0.6576472776969092,0.7058823529411765
German Credit,R4_F4,4,4,791,0,0.05860900654613754,0.05367727180476353,0.03333333333333333
German Credit,R4_F4,4,4,792,0,0.05981560908484307,0.05466379039382338,0.03333333333333333
German Credit,R4_F4,4,4,794,0,0.19944451427914697,0.1628847272099453,0.2
German Credit,R4_F4,4,4,797,0,0.21454661986599075,0.1743500232669014,0.2
German Credit,R4_F4,4,4,806,0,0.11288006399230871,0.09672325577582509,0.05982905982905983
German Credit,R4_F4,4,4,810,0,0.37226159467082814,0.2960865603457644,0.2777777777777778
German Credit,R4_F4,4,4,812,1,0.45110538091122776,0.35987011523355156,0.35555555555555557
German Credit,R4_F4,4,4,815,0,0.7127555880775717,0.6002112662401906,0.660377358490566
German Credit,R4_F4,4,4,817,0,0.03452438719162069,0.033488527976903104,0.0
German Credit,R4_F4,4,4,822,1,0.7019705845845826,0.5890470259022752,0.660377358490566
German Credit,R4_F4,4,4,823,0,0.3357273527945483,0.26734925867315984,0.2441860465116279
German Credit,R4_F4,4,4,825,0,0.6260241728903744,0.5141106158714989,0.47058823529411764
German Credit,R4_F4,4,4,826,1,0.6644035687905886,0.5512206567323593,0.47058823529411764
German Credit,R4_F4,4,4,829,0,0.42307386221421844,0.33687942533868487,0.3333333333333333
German Credit,R4_F4,4,4,830,0,0.3574457034854894,0.2843790629070382,0.2727272727272727
German Credit,R4_F4,4,4,831,1,0.8702471131812023,0.7841879940433374,0.7058823529411765
German Credit,R4_F4,4,4,835,1,0.8366416478060424,0.7408711410195359,0.7058823529411765
German Credit,R4_F4,4,4,838,0,0.22684114203381014,0.18368945958081231,0.2
German Credit,R4_F4,4,4,840,1,0.6885577941241765,0.5753579698633554,0.660377358490566
German Credit,R4_F4,4,4,846,1,0.20386767495830227,0.1662424580542538,0.2
German Credit,R4_F4,4,4,852,0,0.09848822961126506,0.08551101733178611,0.05982905982905983
German Credit,R4_F4,4,4,853,1,0.7906441291746996,0.6856157060430811,0.7058823529411765
German Credit,R4_F4,4,4,859,0,0.10398589330419294,0.08980666969419175,0.05982905982905983
German Credit,R4_F4,4,4,860,0,0.03836058350919285,0.036781338493477464,0.0
German Credit,R4_F4,4,4,862,1,0.6670536100292074,0.5538378916264083,0.47058823529411764
German Credit,R4_F4,4,4,868,0,0.26957466330074487,0.216262467961272,0.2441860465116279
German Credit,R4_F4,4,4,869,0,0.7351949720792557,0.6239163357269609,0.660377358490566
German Credit,R4_F4,4,4,873,0,0.17511463895896276,0.14440474466892878,0.2
German Credit,R4_F4,4,4,878,1,0.6480828212905295,0.5352621434704739,0.47058823529411764
German Credit,R4_F4,4,4,880,0,0.05048130726465766,0.046978856908528294,0.03333333333333333
German Credit,R4_F4,4,4,887,1,0.8619150832447172,0.7731817363041417,0.7058823529411765
German Credit,R4_F4,4,4,889,0,0.15491714881127938,0.12902365986727915,0.18181818181818182
German Credit,R4_F4,4,4,894,0,0.08257293649862867,0.07296887090701884,0.05982905982905983
German Credit,R4_F4,4,4,902,0,0.10405987838579485,0.08986436656206773,0.05982905982905983
German Credit,R4_F4,4,4,904,0,0.07266184075618526,0.06506020402188366,0.05982905982905983
German Credit,R4_F4,4,4,905,0,0.4621623434587458,0.3690457016302683,0.35555555555555557
German Credit,R4_F4,4,4,910,0,0.2742512809518729,0.21984280443514295,0.2441860465116279
German Credit,R4_F4,4,4,916,0,0.05559223365992769,0.05120219564258687,0.03333333333333333
German Credit,R4_F4,4,4,932,0,0.10104172095542448,0.08750829571562772,0.05982905982905983
German Credit,R4_F4,4,4,938,1,0.816446889603636,0.7160943383777729,0.7058823529411765
German Credit,R4_F4,4,4,944,0,0.437364257920122,0.34855292849338565,0.3333333333333333
German Credit,R4_F4,4,4,945,0,0.7646426237574442,0.6560881390675343,0.7058823529411765
German Credit,R4_F4,4,4,961,0,0.6811172742433514,0.567853958587741,0.6354868682993654
German Credit,R4_F4,4,4,963,1,0.10140880678556892,0.08779511932567245,0.05982905982905983
German Credit,R4_F4,4,4,972,1,0.7630133066467796,0.6542742927789159,0.7058823529411765
German Credit,R4_F4,4,4,979,1,0.7340704532531218,0.6227124052052199,0.660377358490566
German Credit,R4_F4,4,4,983,1,0.42991564198468385,0.34245643101444384,0.3333333333333333
German Credit,R4_F4,4,4,993,0,0.7460245890723236,0.6356010060376871,0.660377358490566
German Credit,R4_F4,4,4,994,0,0.09309460363075091,0.08127952584342216,0.05982905982905983
German Credit,R4_F4,4,4,995,0,0.10143496137343029,0.08781555244812192,0.05982905982905983
German Credit,R4_F4,4,4,996,0,0.6094890507183668,0.49855085161290946,0.47058823529411764
German Credit,R4_F5,4,5,14,0,0.8237354030096826,0.7177424429690975,0.825
German Credit,R4_F5,4,5,19,0,0.1839254878427479,0.1567811374947506,0.18125
German Credit,R4_F5,4,5,20,0,0.08511640890446039,0.07975183563907617,0.06666666666666667
German Credit,R4_F5,4,5,26,0,0.23047816801726492,0.19200297919176432,0.18125
German Credit,R4_F5,4,5,27,0,0.3540912258448747,0.285872167816244,0.32432432432432434
German Credit,R4_F5,4,5,28,0,0.06024728275557323,0.05913425450191145,0.056179775280898875
German Credit,R4_F5,4,5,37,1,0.35236514952795517,0.284543332545251,0.32432432432432434
German Credit,R4_F5,4,5,41,0,0.4307383272143282,0.3458143198563631,0.3333333333333333
German Credit,R4_F5,4,5,43,0,0.22726314533175163,0.18957659033119267,0.18125
German Credit,R4_F5,4,5,44,1,0.6425945033560283,0.5272706317717792,0.47692307692307695
German Credit,R4_F5,4,5,46,0,0.16421637992498195,0.14175964553738613,0.16981132075471697
German Credit,R4_F5,4,5,48,0,0.12111184796156733,0.10843640192338788,0.11363636363636363
German Credit,R4_F5,4,5,49,0,0.2442279532713155,0.20237744525152082,0.18125
German Credit,R4_F5,4,5,63,1,0.8861086943862474,0.7978730257880997,0.825
German Credit,R4_F5,4,5,64,0,0.3190541072230608,0.2590365310067092,0.2
German Credit,R4_F5,4,5,77,0,0.17514537115839668,0.1501010992186613,0.18125
German Credit,R4_F5,4,5,81,0,0.1227244343177631,0.10969921335066161,0.11363636363636363
German Credit,R4_F5,4,5,102,0,0.08430939166985403,0.07909529402632327,0.06666666666666667
German Credit,R4_F5,4,5,103,0,0.14188413531480235,0.12459586681411408,0.16981132075471697
German Credit,R4_F5,4,5,104,0,0.10410728728167952,0.09501612370958641,0.11363636363636363
German Credit,R4_F5,4,5,108,0,0.4522321728442304,0.36302167930633533,0.38202247191011235
German Credit,R4_F5,4,5,126,0,0.5643357240988626,0.4566914238148895,0.38202247191011235
German Credit,R4_F5,4,5,128,0,0.09792697306564402,0.09008472578787266,0.11363636363636363
German Credit,R4_F5,4,5,135,0,0.0319613444557241,0.03424111144108132,0.0
German Credit,R4_F5,4,5,137,1,0.16601037341692707,0.14313115369351426,0.16981132075471697
German Credit,R4_F5,4,5,138,0,0.08416491149059557,0.07897767758665251,0.06666666666666667
German Credit,R4_F5,4,5,153,0,0.3100442336311777,0.2521768011920987,0.18125
German Credit,R4_F5,4,5,159,0,0.011282884595153662,0.013980200123311904,0.0
German Credit,R4_F5,4,5,166,1,0.763650966348801,0.6490552224609145,0.6923076923076923
German Credit,R4_F5,4,5,172,1,0.48426552035538345,0.3890655509082453,0.38202247191011235
German Credit,R4_F5,4,5,177,0,0.1267461608462731,0.11284201869139542,0.11363636363636363
German Credit,R4_F5,4,5,180,1,0.669083741682118,0.5524257446182345,0.47692307692307695
German Credit,R4_F5,4,5,181,1,0.5127922054672247,0.4127107159864312,0.38202247191011235
German Credit,R4_F5,4,5,183,0,0.03452535478410718,0.03659279740429682,0.056179775280898875
German Credit,R4_F5,4,5,188,1,0.5192717574550628,0.41814651291693433,0.38202247191011235
German Credit,R4_F5,4,5,191,1,0.5605817944068218,0.4534280205710613,0.38202247191011235
German Credit,R4_F5,4,5,195,1,0.2041671447979553,0.17212653220748853,0.18125
German Credit,R4_F5,4,5,196,0,0.03486431574711676,0.03690187216310019,0.056179775280898875
German Credit,R4_F5,4,5,199,1,0.5699119576029863,0.4615577916078712,0.38202247191011235
German Credit,R4_F5,4,5,200,0,0.05803918929497536,0.057257829417237484,0.056179775280898875
German Credit,R4_F5,4,5,206,0,0.030565459281428994,0.03295006012202377,0.0
German Credit,R4_F5,4,5,214,0,0.03632739483519551,0.038231327042697216,0.056179775280898875
German Credit,R4_F5,4,5,215,0,0.07591452022115136,0.07222087832560689,0.056179775280898875
German Credit,R4_F5,4,5,217,0,0.505309346811745,0.40646402639303,0.38202247191011235
German Credit,R4_F5,4,5,229,0,0.7713575632979547,0.6574951668765333,0.7142857142857143
German Credit,R4_F5,4,5,247,0,0.43831340040320105,0.3518558489723425,0.3333333333333333
German Credit,R4_F5,4,5,251,0,0.2168015548472276,0.18167761130585053,0.18125
German Credit,R4_F5,4,5,255,0,0.3282624368758816,0.2660632214392779,0.2
German Credit,R4_F5,4,5,261,0,0.6213896083881257,0.5076284740901608,0.47692307692307695
German Credit,R4_F5,4,5,264,0,0.02910447072263289,0.031590093603800155,0.0
German Credit,R4_F5,4,5,270,0,0.07672476182069808,0.07288812525000968,0.056179775280898875
German Credit,R4_F5,4,5,272,0,0.7783664476586369,0.6652581998940087,0.7142857142857143
German Credit,R4_F5,4,5,288,0,0.10298815810090257,0.0941254854710248,0.11363636363636363
German Credit,R4_F5,4,5,298,0,0.14220833854519985,0.12484641233652202,0.16981132075471697
German Credit,R4_F5,4,5,308,1,0.20143739467524044,0.17006067369604938,0.18125
German Credit,R4_F5,4,5,314,0,0.07469371541299774,0.07121391912173548,0.056179775280898875
German Credit,R4_F5,4,5,320,1,0.7358631500712874,0.6194020238215863,0.6666666666666666
German Credit,R4_F5,4,5,327,0,0.1348352168526447,0.11913671841099929,0.11363636363636363
German Credit,R4_F5,4,5,329,0,0.2511859852892168,0.20762752001008317,0.18125
German Credit,R4_F5,4,5,331,1,0.0755102978656734,0.07188767824108881,0.056179775280898875
German Credit,R4_F5,4,5,333,1,0.4442515086836179,0.3566089892241337,0.38202247191011235
German Credit,R4_F5,4,5,336,0,0.2779133073657348,0.22781438950337135,0.18125
German Credit,R4_F5,4,5,341,0,0.5241054317010679,0.4222180800113037,0.38202247191011235
German Credit,R4_F5,4,5,355,1,0.6439720751424846,0.5285614026573787,0.47692307692307695
German Credit,R4_F5,4,5,361,0,0.1348017261663088,0.11911072537794634,0.11363636363636363
German Credit,R4_F5,4,5,369,0,0.2535761776601137,0.2094312626062971,0.18125
German Credit,R4_F5,4,5,372,0,0.13343846244682886,0.11805219233802848,0.11363636363636363
German Credit,R4_F5,4,5,386,0,0.3332387545085216,0.2698678024119765,0.2
German Credit,R4_F5,4,5,388,0,0.2514705069418439,0.20784222340200803,0.18125
German Credit,R4_F5,4,5,396,0,0.5794239367147026,0.46991193725304137,0.38202247191011235
German Credit,R4_F5,4,5,397,0,0.5135084998779639,0.41331039646044865,0.38202247191011235
German Credit,R4_F5,4,5,406,0,0.0052210200894159285,0.007202313348717143,0.0
German Credit,R4_F5,4,5,412,1,0.10744716825464262,0.09766827025730157,0.11363636363636363
German Credit,R4_F5,4,5,418,0,0.26804765111035583,0.2203575073565778,0.18125
German Credit,R4_F5,4,5,421,0,0.1082022548043638,0.09826669442874576,0.11363636363636363
German Credit,R4_F5,4,5,429,1,0.3969780093489557,0.3191652914224054,0.32432432432432434
German Credit,R4_F5,4,5,431,1,0.7739354477076391,0.66034060653572,0.7142857142857143
German Credit,R4_F5,4,5,436,0,0.09057462028980194,0.08417412830806607,0.06666666666666667
German Credit,R4_F5,4,5,443,1,0.3578992754494735,0.28880659858939406,0.32432432432432434
German Credit,R4_F5,4,5,455,0,0.1997412274364813,0.16877653783497468,0.18125
German Credit,R4_F5,4,5,457,1,0.26208347957803885,0.21585306707647317,0.18125
German Credit,R4_F5,4,5,460,0,0.30756373202990367,0.25029073813337577,0.18125
German Credit,R4_F5,4,5,461,0,0.5040136507809295,0.4053856650369103,0.38202247191011235
German Credit,R4_F5,4,5,468,0,0.40364907679335454,0.32439742022131807,0.32432432432432434
German Credit,R4_F5,4,5,473,0,0.07623644429553732,0.07248608884204918,0.056179775280898875
German Credit,R4_F5,4,5,474,1,0.3291813207233772,0.26676534619466497,0.2
German Credit,R4_F5,4,5,481,0,0.7050314588755962,0.5877901731849816,0.5869565217391305
German Credit,R4_F5,4,5,487,0,0.475861329331029,0.38218341444714843,0.38202247191011235
German Credit,R4_F5,4,5,492,0,0.03476124256085009,0.03680793036383822,0.056179775280898875
German Credit,R4_F5,4,5,493,0,0.1251369072266575,0.11158556298104995,0.11363636363636363
German Credit,R4_F5,4,5,501,0,0.483264369819352,0.3882437920602752,0.38202247191011235
German Credit,R4_F5,4,5,503,1,0.37431885266605375,0.3015053872016653,0.32432432432432434
German Credit,R4_F5,4,5,517,1,0.3927425138738701,0.315851430636893,0.32432432432432434
German Credit,R4_F5,4,5,521,1,0.5891928806004841,0.47856362920839396,0.47692307692307695
German Credit,R4_F5,4,5,526,0,0.0981406170467432,0.09025573689720448,0.11363636363636363
German Credit,R4_F5,4,5,532,0,0.09325897892165962,0.08633798191266198,0.11061638101028068
German Credit,R4_F5,4,5,534,0,0.1904556927618765,0.16173912830816511,0.18125
German Credit,R4_F5,4,5,542,1,0.5095808228666989,0.41002586239723865,0.38202247191011235
German Credit,R4_F5,4,5,549,0,0.060056807199277897,0.058972737492124574,0.056179775280898875
German Credit,R4_F5,4,5,550,0,0.0664095788245198,0.06432631558830446,0.056179775280898875
German Credit,R4_F5,4,5,551,0,0.19545992545786897,0.1655334451424983,0.18125
German Credit,R4_F5,4,5,552,1,0.4041257442821958,0.3247718774410406,0.32432432432432434
German Credit,R4_F5,4,5,555,1,0.3392824790738942,0.2744957686845869,0.32432432432432434
German Credit,R4_F5,4,5,557,1,0.5399924223186886,0.4357032899937681,0.38202247191011235
German Credit,R4_F5,4,5,559,1,0.14935733936514226,0.13036005153234612,0.16981132075471697
German Credit,R4_F5,4,5,572,0,0.1222686470149373,0.10934244483007664,0.11363636363636363
German Credit,R4_F5,4,5,578,1,0.723139363341093,0.6062017200978655,0.5869565217391305
German Credit,R4_F5,4,5,580,1,0.4216028086415465,0.3385597687806467,0.32673205176625864
German Credit,R4_F5,4,5,581,0,0.24745157125215514,0.2048096697594093,0.18125
German Credit,R4_F5,4,5,583,1,0.7175779046406925,0.6005014396523872,0.5869565217391305
German Credit,R4_F5,4,5,584,0,0.1965483083225563,0.16635815227807363,0.18125
German Credit,R4_F5,4,5,588,1,0.5817149104977432,0.471934263918252,0.38202247191011235
German Credit,R4_F5,4,5,590,0,0.133399984445457,0.11802230200569298,0.11363636363636363
German Credit,R4_F5,4,5,594,1,0.4884526426684617,0.39250813832536324,0.38202247191011235
German Credit,R4_F5,4,5,599,0,0.2189869786978665,0.18332827011239253,0.18125
German Credit,R4_F5,4,5,600,0,0.09598145041958649,0.0885255728341973,0.11363636363636363
German Credit,R4_F5,4,5,601,1,0.5208571781740309,0.41948039387469016,0.38202247191011235
German Credit,R4_F5,4,5,602,1,0.7414568608728107,0.6252777399303047,0.6666666666666666
German Credit,R4_F5,4,5,605,0,0.45140365481893846,0.3623546031415982,0.38202247191011235
German Credit,R4_F5,4,5,607,1,0.6448997506390415,0.5294316683122952,0.47692307692307695
German Credit,R4_F5,4,5,608,0,0.1779766357334546,0.1522570549432842,0.18125
German Credit,R4_F5,4,5,614,1,0.24523264149788182,0.20313547048627736,0.18125
German Credit,R4_F5,4,5,615,0,0.6849496701967297,0.5678499394554549,0.5869565217391305
German Credit,R4_F5,4,5,616,0,0.5239235014842459,0.4220645745981591,0.38202247191011235
German Credit,R4_F5,4,5,624,1,0.4620577881416484,0.3709570001978177,0.38202247191011235
German Credit,R4_F5,4,5,630,0,0.5727206437243917,0.4640175594386315,0.38202247191011235
German Credit,R4_F5,4,5,635,0,0.23816715954951648,0.19780472037531074,0.18125
German Credit,R4_F5,4,5,646,0,0.6176919134016793,0.5042454182320493,0.47692307692307695
German Credit,R4_F5,4,5,647,1,0.2681579720209805,0.2204408495700763,0.18125
German Credit,R4_F5,4,5,651,1,0.26769333407665546,0.2200898435303201,0.18125
German Credit,R4_F5,4,5,662,0,0.11707615430009051,0.10526908071663049,0.11363636363636363
German Credit,R4_F5,4,5,664,0,0.1560663720045816,0.1355164267320521,0.16981132075471697
German Credit,R4_F5,4,5,672,0,0.5111149748953973,0.41130772473633115,0.38202247191011235
German Credit,R4_F5,4,5,689,0,0.35032574507227077,0.28297426855302477,0.32432432432432434
German Credit,R4_F5,4,5,698,0,0.0794868983626912,0.0751565828291118,0.06666666666666667
German Credit,R4_F5,4,5,702,0,0.42404263673295245,0.3404939512786033,0.3333333333333333
German Credit,R4_F5,4,5,726,0,0.0435342538316274,0.044680504442174945,0.056179775280898875
German Credit,R4_F5,4,5,727,1,0.7453377981740674,0.6293812419044307,0.6666666666666666
German Credit,R4_F5,4,5,732,0,0.06711008001610169,0.06491262825573521,0.056179775280898875
German Credit,R4_F5,4,5,734,0,0.02715264020822453,0.029758410789770276,0.0
German Credit,R4_F5,4,5,748,0,0.05898728872698914,0.058064609310522396,0.056179775280898875
German Credit,R4_F5,4,5,751,1,0.7620172961102175,0.6472786511228714,0.6923076923076923
German Credit,R4_F5,4,5,758,0,0.16900136983009953,0.1454157229839817,0.18125
German Credit,R4_F5,4,5,759,1,0.42985913609748144,0.34511467272025825,0.3333333333333333
German Credit,R4_F5,4,5,765,0,0.1696708829991489,0.14592676841418378,0.18125
German Credit,R4_F5,4,5,769,0,0.012654104783821675,0.015430078699479353,0.0
German Credit,R4_F5,4,5,770,0,0.30585651887431325,0.24899323803826262,0.18125
German Credit,R4_F5,4,5,773,0,0.12263535833552602,0.1096294985844928,0.11363636363636363
German Credit,R4_F5,4,5,777,0,0.2843614715604387,0.23269308717555293,0.18125
German Credit,R4_F5,4,5,778,0,0.02320352372175505,0.025994697254191505,0.0
German Credit,R4_F5,4,5,780,1,0.26355619682896014,0.2169651290279771,0.18125
German Credit,R4_F5,4,5,781,0,0.0661951359758205,0.06414667653800298,0.056179775280898875
German Credit,R4_F5,4,5,783,1,0.7902733411623029,0.6786454206731146,0.7142857142857143
German Credit,R4_F5,4,5,787,0,0.030041522064944787,0.03246340065562491,0.0
German Credit,R4_F5,4,5,793,0,0.5571040203378411,0.4504136205217654,0.38202247191011235
German Credit,R4_F5,4,5,795,0,0.3142467333588114,0.2553745940000759,0.18125
German Credit,R4_F5,4,5,796,1,0.19932768041477708,0.16846339005120162,0.18125
German Credit,R4_F5,4,5,803,0,0.03233416861662001,0.034584617356851095,0.0
German Credit,R4_F5,4,5,807,0,0.012133316060089239,0.01488214936765393,0.0
German Credit,R4_F5,4,5,808,0,0.7709076132318605,0.6569996740618951,0.7142857142857143
German Credit,R4_F5,4,5,811,0,0.08143770013699776,0.07675312746355276,0.06666666666666667
German Credit,R4_F5,4,5,818,0,0.8581498332860634,0.76060520344084,0.825
German Credit,R4_F5,4,5,821,0,0.33720342489596433,0.2729028079134182,0.32432432432432434
German Credit,R4_F5,4,5,836,0,0.2691851455604248,0.22121687291289382,0.18125
German Credit,R4_F5,4,5,841,0,0.08563641699025042,0.08017450590084618,0.06666666666666667
German Credit,R4_F5,4,5,847,0,0.38868637708229287,0.3126835918340499,0.32432432432432434
German Credit,R4_F5,4,5,855,0,0.2641005971604829,0.21737624321081747,0.18125
German Credit,R4_F5,4,5,856,0,0.06300980155003034,0.06146965786687307,0.056179775280898875
German Credit,R4_F5,4,5,857,0,0.12836587827468718,0.11410519735768171,0.11363636363636363
German Credit,R4_F5,4,5,858,1,0.7000205977110173,0.5827690636991691,0.5869565217391305
German Credit,R4_F5,4,5,870,0,0.16973586179078426,0.1459763608592968,0.18125
German Credit,R4_F5,4,5,874,0,0.3755772932631933,0.3024819025656315,0.32432432432432434
German Credit,R4_F5,4,5,875,0,0.2550075261609202,0.2105115106525129,0.18125
German Credit,R4_F5,4,5,877,0,0.3288524146116296,0.2665140066965663,0.2
German Credit,R4_F5,4,5,879,0,0.03766332591576768,0.03943891610183291,0.056179775280898875
German Credit,R4_F5,4,5,882,0,0.20694046694237264,0.17422444458385947,0.18125
German Credit,R4_F5,4,5,886,0,0.12045183455659618,0.10791909618183677,0.11363636363636363
German Credit,R4_F5,4,5,899,1,0.5925961620161603,0.4815952837611462,0.47692307692307695
German Credit,R4_F5,4,5,900,1,0.4799967861685072,0.38556535261391955,0.38202247191011235
German Credit,R4_F5,4,5,909,0,0.23555514671026456,0.1958339510457928,0.18125
German Credit,R4_F5,4,5,912,0,0.3389479860465479,0.27423941480549024,0.32432432432432434
German Credit,R4_F5,4,5,913,0,0.07873492589999466,0.07453994517931518,0.06401820744762422
German Credit,R4_F5,4,5,917,1,0.6835863371139449,0.5665134621943343,0.5869565217391305
German Credit,R4_F5,4,5,919,1,0.652009107857364,0.536129271338094,0.47692307692307695
German Credit,R4_F5,4,5,922,1,0.6003099810967901,0.4885013443151601,0.47692307692307695
German Credit,R4_F5,4,5,923,0,0.3827645642682482,0.3080683842950342,0.32432432432432434
German Credit,R4_F5,4,5,926,0,0.5358580308034827,0.43217839045730866,0.38202247191011235
German Credit,R4_F5,4,5,935,1,0.3329221591300053,0.26962559466796343,0.2
German Credit,R4_F5,4,5,936,1,0.2586030521148244,0.21322543658339688,0.18125
German Credit,R4_F5,4,5,937,0,0.5361032769478892,0.4323871726104229,0.38202247191011235
German Credit,R4_F5,4,5,942,0,0.10885453015174067,0.09878329733200929,0.11363636363636363
German Credit,R4_F5,4,5,950,0,0.27056759917876055,0.22226143278540597,0.18125
German Credit,R4_F5,4,5,954,0,0.49764305005369386,0.40009746710811983,0.38202247191011235
German Credit,R4_F5,4,5,969,0,0.1718617050011727,0.14759820666221002,0.18125
German Credit,R4_F5,4,5,976,0,0.045785490948567126,0.046664762870379364,0.056179775280898875
German Credit,R4_F5,4,5,977,0,0.18961126242028672,0.16109844657980865,0.18125
German Credit,R4_F5,4,5,980,1,0.21003727164837702,0.17656605706608897,0.18125
German Credit,R4_F5,4,5,982,0,0.5197296637681131,0.4185316119598152,0.38202247191011235
German Credit,R4_F5,4,5,985,0,0.5549379212970862,0.44854042032567715,0.38202247191011235
German Credit,R4_F5,4,5,986,0,0.7197944381331469,0.6027683555893404,0.5869565217391305
German Credit,R5_F1,5,1,2,0,0.03148042057803244,0.02670379293188246,0.0
German Credit,R5_F1,5,1,4,1,0.7624776286304188,0.6761695689419219,0.6864406779661016
German Credit,R5_F1,5,1,11,1,0.8368678131586241,0.7646630047318622,0.6923076923076923
German Credit,R5_F1,5,1,12,0,0.5399789215617107,0.4470140664860128,0.42857142857142855
German Credit,R5_F1,5,1,13,1,0.4327303272612171,0.3499486132196395,0.3150684931506849
German Credit,R5_F1,5,1,15,1,0.6985819635026224,0.6056232812910181,0.6864406779661016
German Credit,R5_F1,5,1,17,0,0.7593137843855429,0.6725674534511997,0.6864406779661016
German Credit,R5_F1,5,1,21,0,0.21126284358406533,0.16707697777357708,0.17307692307692307
German Credit,R5_F1,5,1,35,1,0.7093638633751297,0.6172182329866638,0.6864406779661016
German Credit,R5_F1,5,1,38,0,0.4107235948343053,0.3308377433589997,0.3150684931506849
German Credit,R5_F1,5,1,43,0,0.35187190210288827,0.28088668903503544,0.26666666666666666
German Credit,R5_F1,5,1,57,0,0.4656076429112259,0.37898110895976794,0.3150684931506849
German Credit,R5_F1,5,1,60,0,0.4140870670105173,0.33374257205616487,0.3150684931506849
German Credit,R5_F1,5,1,65,0,0.1824706795074679,0.1444877616356105,0.13043478260869565
German Credit,R5_F1,5,1,66,0,0.29534512955128317,0.23431078850611048,0.17307692307692307
German Credit,R5_F1,5,1,68,1,0.4813464706465463,0.39309532566943317,0.39622641509433965
German Credit,R5_F1,5,1,71,0,0.04356357304023493,0.03634702738621826,0.0
German Credit,R5_F1,5,1,73,0,0.6150356616740439,0.5194993000995622,0.5909090909090909
German Credit,R5_F1,5,1,78,0,0.16009984767228103,0.12704527289145195,0.13043478260869565
German Credit,R5_F1,5,1,82,0,0.2919351207974909,0.23154003484211094,0.17307692307692307
German Credit,R5_F1,5,1,86,0,0.5138550911366117,0.42271993022004856,0.39622641509433965
German Credit,R5_F1,5,1,88,0,0.5329443400603492,0.44042768435953883,0.42857142857142855
German Credit,R5_F1,5,1,89,1,0.6809842568631085,0.5869481584665655,0.6864406779661016
German Credit,R5_F1,5,1,99,0,0.23600165250841665,0.18664258465044856,0.17307692307692307
German Credit,R5_F1,5,1,100,0,0.19610928249701218,0.15516602654417896,0.17307692307692307
German Credit,R5_F1,5,1,104,0,0.08235007651025095,0.06673600508113202,0.078125
German Credit,R5_F1,5,1,111,0,0.6416641157769322,0.5462744462642636,0.6864406779661016
German Credit,R5_F1,5,1,117,0,0.23556221496084517,0.18629362260807708,0.17307692307692307
German Credit,R5_F1,5,1,124,1,0.37948952444885936,0.30412729108513575,0.3150684931506849
German Credit,R5_F1,5,1,125,0,0.5215955395706072,0.4298715023410827,0.39622641509433965
German Credit,R5_F1,5,1,134,0,0.44417136043270194,0.35998447316812054,0.3150684931506849
German Credit,R5_F1,5,1,142,0,0.6494933907658683,0.5542620014941937,0.6864406779661016
German Credit,R5_F1,5,1,144,0,0.2678778017007014,0.21210687811703868,0.17307692307692307
German Credit,R5_F1,5,1,146,0,0.38818059978096775,0.3115127247669826,0.3150684931506849
German Credit,R5_F1,5,1,151,0,0.0458673973555519,0.03817194257953093,0.03880097523777491
German Credit,R5_F1,5,1,157,0,0.7685978370564945,0.6831721461471846,0.6864406779661016
German Credit,R5_F1,5,1,160,0,0.04786724348166652,0.039753176531893725,0.05263157894736842
German Credit,R5_F1,5,1,163,0,0.7011136584403509,0.6083352576571249,0.6864406779661016
German Credit,R5_F1,5,1,164,0,0.21417766007995018,0.16937418627011838,0.17307692307692307
German Credit,R5_F1,5,1,166,1,0.7756294078135948,0.6912747327176103,0.6864406779661016
German Credit,R5_F1,5,1,169,1,0.46055766712949975,0.3744826866152583,0.3150684931506849
German Credit,R5_F1,5,1,171,0,0.22847285622299576,0.18067120436596162,0.17307692307692307
German Credit,R5_F1,5,1,198,0,0.30085997128126113,0.23880065396908723,0.17846472943863526
German Credit,R5_F1,5,1,204,0,0.056166230740466026,0.04629011453868483,0.06666666666666667
German Credit,R5_F1,5,1,208,0,0.7260893626536619,0.6354446781474367,0.6864406779661016
German Credit,R5_F1,5,1,212,1,0.7119309607734805,0.6199965294892802,0.6864406779661016
German Credit,R5_F1,5,1,213,1,0.280663648941005,0.22241063780906256,0.17307692307692307
German Credit,R5_F1,5,1,216,0,0.7196119823271178,0.6283507477798106,0.6864406779661016
German Credit,R5_F1,5,1,218,0,0.7565905149613338,0.6694765737273374,0.6864406779661016
German Credit,R5_F1,5,1,221,0,0.8401365860858651,0.768735761572033,0.6923076923076923
German Credit,R5_F1,5,1,222,0,0.3623479088474461,0.2896624864009323,0.26666666666666666
German Credit,R5_F1,5,1,225,0,0.491544561594136,0.4023188940731529,0.39622641509433965
German Credit,R5_F1,5,1,226,1,0.5739005346335032,0.4792567358213683,0.5454545454545454
German Credit,R5_F1,5,1,232,0,0.10148120047960811,0.0815830545091378,0.078125
German Credit,R5_F1,5,1,242,1,0.7688075111538463,0.683412865220796,0.6864406779661016
German Credit,R5_F1,5,1,245,0,0.12883071570839208,0.10277289019703757,0.08695652173913043
German Credit,R5_F1,5,1,246,0,0.02793858681145056,0.02384817918830657,0.0
German Credit,R5_F1,5,1,253,0,0.19906112866274747,0.15748220242897776,0.17307692307692307
German Credit,R5_F1,5,1,260,0,0.35333683556844075,0.28211100695299146,0.26666666666666666
German Credit,R5_F1,5,1,271,0,0.08142467516404857,0.06601650335895315,0.078125
German Credit,R5_F1,5,1,276,0,0.08648043187390313,0.06994552129537492,0.078125
German Credit,R5_F1,5,1,277,0,0.42446691706136414,0.34274327761044754,0.3150684931506849
German Credit,R5_F1,5,1,278,1,0.1746300600836924,0.138365021683039,0.13043478260869565
German Credit,R5_F1,5,1,283,0,0.025903526356329976,0.02219982106275916,0.0
German Credit,R5_F1,5,1,306,0,0.11865277869738233,0.09488712375308549,0.08695652173913043
German Credit,R5_F1,5,1,310,0,0.45944574554803813,0.37349415044882733,0.3150684931506849
German Credit,R5_F1,5,1,315,1,0.8630162342406598,0.7977391738647177,0.6923076923076923
German Credit,R5_F1,5,1,331,1,0.14958967137071696,0.118875820866726,0.13043478260869565
German Credit,R5_F1,5,1,332,1,0.7363892050951942,0.6468191342330317,0.6864406779661016
German Credit,R5_F1,5,1,337,1,0.6935935233504503,0.6002984355112618,0.6864406779661016
German Credit,R5_F1,5,1,338,0,0.6189682977795684,0.523416452557028,0.5909090909090909
German Credit,R5_F1,5,1,345,0,0.06401447300761193,0.0524418650894795,0.06666666666666667
German Credit,R5_F1,5,1,346,0,0.20677052510862215,0.1635404817481576,0.17307692307692307
German Credit,R5_F1,5,1,347,0,0.5363998201915924,0.4436588331564007,0.42857142857142855
German Credit,R5_F1,5,1,352,0,0.030611057808382136,0.026004310826545963,0.0
German Credit,R5_F1,5,1,353,1,0.7609101763818854,0.6743834755953324,0.6864406779661016
German Credit,R5_F1,5,1,358,0,0.13908484746726202,0.110722749484221,0.13043478260869565
German Credit,R5_F1,5,1,359,1,0.7351625530988691,0.6454583411887668,0.6864406779661016
German Credit,R5_F1,5,1,360,0,0.6574146506756128,0.5623985616269044,0.6864406779661016
German Credit,R5_F1,5,1,367,0,0.6255063788491945,0.5299569075053039,0.5909090909090909
German Credit,R5_F1,5,1,369,0,0.30432664865620745,0.24162870870260839,0.18181818181818182
German Credit,R5_F1,5,1,370,0,0.12715911520867965,0.10147750380053998,0.08695652173913043
German Credit,R5_F1,5,1,372,0,0.13970625632030428,0.11120475862637502,0.13043478260869565
German Credit,R5_F1,5,1,373,0,0.5175327000227014,0.4261129313560145,0.39622641509433965
German Credit,R5_F1,5,1,374,1,0.8075241387487372,0.7288360017776433,0.6864406779661016
German Credit,R5_F1,5,1,375,1,0.6454461712862873,0.5501262621205538,0.6864406779661016
German Credit,R5_F1,5,1,377,0,0.08150590231040461,0.06607966413873038,0.078125
German Credit,R5_F1,5,1,380,0,0.38046718554234155,0.3049563211311265,0.3150684931506849
German Credit,R5_F1,5,1,381,1,0.7209990328044217,0.6298660317978809,0.6864406779661016
German Credit,R5_F1,5,1,386,0,0.2671696994089797,0.21153780810580108,0.17307692307692307
German Credit,R5_F1,5,1,390,0,0.2657745904098092,0.21041709402446032,0.17307692307692307
German Credit,R5_F1,5,1,393,0,0.16339864090536685,0.12961238931631006,0.13043478260869565
German Credit,R5_F1,5,1,395,0,0.6737884545019068,0.5793981569945659,0.6864406779661016
German Credit,R5_F1,5,1,399,0,0.022996021092474523,0.019833802136096305,0.0
German Credit,R5_F1,5,1,402,1,0.584361616567279,0.4893678243036205,0.5454545454545454
German Credit,R5_F1,5,1,410,0,0.5713558694273863,0.47680946024990256,0.5454545454545454
German Credit,R5_F1,5,1,411,0,0.041624205982217395,0.034807828770681,0.0
German Credit,R5_F1,5,1,417,0,0.7729817648188845,0.6882165452369746,0.6864406779661016
German Credit,R5_F1,5,1,419,1,0.5458727278438256,0.452558236349759,0.42857142857142855
German Credit,R5_F1,5,1,432,0,0.3853239447065113,0.3090813144676526,0.3150684931506849
German Credit,R5_F1,5,1,447,0,0.07453504645519245,0.06065420938398689,0.078125
German Credit,R5_F1,5,1,449,1,0.3106374167849195,0.24678838969987235,0.19929938964568658
German Credit,R5_F1,5,1,454,1,0.5561995281574724,0.4623303499360265,0.42857142857142855
German Credit,R5_F1,5,1,462,0,0.5354127223847489,0.4427349995806783,0.42857142857142855
German Credit,R5_F1,5,1,465,0,0.28585753945448006,0.2266119789667254,0.17307692307692307
German Credit,R5_F1,5,1,469,0,0.04310305314486374,0.035981785794295014,0.0
German Credit,R5_F1,5,1,472,1,0.651274470888064,0.5560866171821053,0.6864406779661016
German Credit,R5_F1,5,1,475,1,0.6774463312929814,0.5832299377485823,0.6864406779661016
German Credit,R5_F1,5,1,477,0,0.4605513209243946,0.3744770426415115,0.3150684931506849
German Credit,R5_F1,5,1,490,0,0.07408351811534726,0.060302396084491235,0.078125
German Credit,R5_F1,5,1,495,1,0.5668904523018224,0.47252637588570506,0.5454545454545454
German Credit,R5_F1,5,1,498,0,0.23591704390707866,0.1865753918861758,0.17307692307692307
German Credit,R5_F1,5,1,516,0,0.08040836629231268,0.06522613146853999,0.078125
German Credit,R5_F1,5,1,518,0,0.46761057006308443,0.3807693089744553,0.3150684931506849
German Credit,R5_F1,5,1,522,1,0.8439088721708377,0.7734572872849024,0.6923076923076923
German Credit,R5_F1,5,1,530,0,0.6271705214020912,0.5316273158830395,0.5909090909090909
German Credit,R5_F1,5,1,531,1,0.5524217083210268,0.4587468107438066,0.42857142857142855
German Credit,R5_F1,5,1,534,0,0.14328375027112902,0.11398036486873371,0.13043478260869565
German Credit,R5_F1,5,1,540,1,0.4494216346247322,0.3646136209250346,0.3150684931506849
German Credit,R5_F1,5,1,541,0,0.28096172441418005,0.22265150126553682,0.17307692307692307
German Credit,R5_F1,5,1,554,0,0.4505851763645187,0.3656415590645634,0.3150684931506849
German Credit,R5_F1,5,1,562,0,0.5403366231418784,0.44734987181499986,0.42857142857142855
German Credit,R5_F1,5,1,564,0,0.47764528301492176,0.38976316374162606,0.3150684931506849
German Credit,R5_F1,5,1,565,0,0.592145680387421,0.49694491101749394,0.5454545454545454
German Credit,R5_F1,5,1,567,0,0.03722704387016721,0.03130675961513706,0.0
German Credit,R5_F1,5,1,569,1,0.8290243088527035,0.7549591213318484,0.6864406779661016
German Credit,R5_F1,5,1,575,0,0.28727467493848274,0.22775991832797296,0.17307692307692307
German Credit,R5_F1,5,1,579,0,0.22608421414963767,0.17877987038134666,0.17307692307692307
German Credit,R5_F1,5,1,582,0,0.25270274082588645,0.19994605349156722,0.17307692307692307
German Credit,R5_F1,5,1,594,1,0.5509919234435883,0.4573931650307896,0.42857142857142855
German Credit,R5_F1,5,1,596,1,0.8081038777158045,0.7295315717960476,0.6864406779661016
German Credit,R5_F1,5,1,603,1,0.33771609951188736,0.2691028391452952,0.26666666666666666
German Credit,R5_F1,5,1,613,0,0.463175715601798,0.3768129840655357,0.3150684931506849
German Credit,R5_F1,5,1,620,0,0.2274447032853791,0.17985692443277113,0.17307692307692307
German Credit,R5_F1,5,1,623,0,0.759692376254443,0.6729978542522408,0.6864406779661016
German Credit,R5_F1,5,1,629,0,0.07036781861652631,0.05740522325046871,0.078125
German Credit,R5_F1,5,1,632,0,0.3685323621752494,0.2948658971994528,0.2857142857142857
German Credit,R5_F1,5,1,641,0,0.5788762579799592,0.48405582256551966,0.5454545454545454
German Credit,R5_F1,5,1,643,0,0.050342700918417256,0.04170702562957158,0.05263157894736842
German Credit,R5_F1,5,1,655,0,0.6564928805103211,0.5614488493197665,0.6864406779661016
German Credit,R5_F1,5,1,656,1,0.8062328015414603,0.7272883649017092,0.6864406779661016
German Credit,R5_F1,5,1,663,0,0.6035252036085234,0.508105878038565,0.5615447945727204
German Credit,R5_F1,5,1,676,0,0.10204105564501038,0.08201698722389097,0.078125
German Credit,R5_F1,5,1,705,0,0.2517692664080002,0.1992003188700687,0.17307692307692307
German Credit,R5_F1,5,1,706,1,0.6310049138785624,0.5354849771720315,0.5909090909090909
German Credit,R5_F1,5,1,707,1,0.7747325723511773,0.6902378438233768,0.6864406779661016
German Credit,R5_F1,5,1,719,0,0.4694420312730447,0.3824064430235595,0.3150684931506849
German Credit,R5_F1,5,1,723,0,0.39487656920458186,0.3172271103201457,0.3150684931506849
German Credit,R5_F1,5,1,725,0,0.15759562174801753,0.12509749199245104,0.13043478260869565
German Credit,R5_F1,5,1,731,1,0.7169561277786961,0.6254550762682404,0.6864406779661016
German Credit,R5_F1,5,1,735,0,0.7145061084448793,0.6227904474506573,0.6864406779661016
German Credit,R5_F1,5,1,740,0,0.7816680518019602,0.6982830507733535,0.6864406779661016
German Credit,R5_F1,5,1,741,0,0.49304582349125897,0.4036819976202011,0.39622641509433965
German Credit,R5_F1,5,1,752,0,0.46335503324178634,0.3769727351875161,0.3150684931506849
German Credit,R5_F1,5,1,755,1,0.7681132703213586,0.6826160409951951,0.6864406779661016
German Credit,R5_F1,5,1,763,1,0.25394480261195623,0.20093872128712878,0.17307692307692307
German Credit,R5_F1,5,1,766,1,0.6653263158049018,0.5705817691840159,0.6864406779661016
German Credit,R5_F1,5,1,767,0,0.03727445230488344,0.03134459650407469,0.0
German Credit,R5_F1,5,1,768,0,0.2656673588992587,0.210330979036882,0.17307692307692307
German Credit,R5_F1,5,1,771,1,0.8439743348462415,0.7735394272826505,0.6923076923076923
German Credit,R5_F1,5,1,775,1,0.7329295154960529,0.6429854139262482,0.6864406779661016
German Credit,R5_F1,5,1,782,0,0.5003787547852586,0.41035993533810594,0.39622641509433965
German Credit,R5_F1,5,1,791,0,0.05578155520464579,0.04598790493671657,0.06146957402392168
German Credit,R5_F1,5,1,792,0,0.05175120241789399,0.04281715186140816,0.05263157894736842
German Credit,R5_F1,5,1,795,0,0.4123463488076731,0.3322385076931381,0.3150684931506849
German Credit,R5_F1,5,1,801,0,0.3386904674348828,0.2699112579426185,0.26666666666666666
German Credit,R5_F1,5,1,827,1,0.4105999488383416,0.33073106607113395,0.3150684931506849
German Credit,R5_F1,5,1,831,1,0.8970870426429226,0.8427054450948553,0.9623770802942225
German Credit,R5_F1,5,1,840,1,0.5921801403281849,0.4969785575487038,0.5454545454545454
German Credit,R5_F1,5,1,842,1,0.35047821507304894,0.2797227699078946,0.26666666666666666
German Credit,R5_F1,5,1,845,0,0.12452080343206882,0.09943321338844072,0.08695652173913043
German Credit,R5_F1,5,1,851,0,0.014177106095241823,0.012554317549601703,0.0
German Credit,R5_F1,5,1,855,0,0.19162916213701622,0.15165421053169126,0.13043478260869565
German Credit,R5_F1,5,1,863,0,0.13512599723183705,0.10765268839927149,0.13043478260869565
German Credit,R5_F1,5,1,864,1,0.31595171176013664,0.25114502998205024,0.2
German Credit,R5_F1,5,1,865,0,0.4311557951155815,0.34857292617424684,0.3150684931506849
German Credit,R5_F1,5,1,870,0,0.183381624355225,0.14519984370445674,0.13043478260869565
German Credit,R5_F1,5,1,884,1,0.4168825614655145,0.336161220723931,0.3150684931506849
German Credit,R5_F1,5,1,888,0,0.19928965609086083,0.15766159587566525,0.17307692307692307
German Credit,R5_F1,5,1,892,0,0.6123537772148041,0.5168351828663462,0.5909090909090909
German Credit,R5_F1,5,1,897,0,0.02370212610803388,0.02040968076248732,0.0
German Credit,R5_F1,5,1,901,0,0.07670584721846259,0.062344917091234464,0.078125
German Credit,R5_F1,5,1,902,0,0.09955695736266025,0.08009144970260917,0.078125
German Credit,R5_F1,5,1,903,0,0.09319968020647303,0.0751613144425527,0.078125
German Credit,R5_F1,5,1,905,0,0.5511415729335011,0.4575347784668345,0.42857142857142855
German Credit,R5_F1,5,1,908,0,0.07395548209335806,0.06020262602409012,0.078125
German Credit,R5_F1,5,1,920,0,0.16872912096288997,0.13376394191286614,0.13043478260869565
German Credit,R5_F1,5,1,921,0,0.23510204507767737,0.18592825423770457,0.17307692307692307
German Credit,R5_F1,5,1,924,1,0.8168440757009495,0.7400763908979394,0.6864406779661016
German Credit,R5_F1,5,1,941,0,0.049123943065113494,0.04074553242771929,0.05263157894736842
German Credit,R5_F1,5,1,943,0,0.022084223715664722,0.019088870994378494,0.0
German Credit,R5_F1,5,1,952,1,0.3437180260607695,0.2740888046607693,0.26666666666666666
German Credit,R5_F1,5,1,956,0,0.14910940661801655,0.11850283179732167,0.13043478260869565
German Credit,R5_F1,5,1,959,0,0.5381499765747352,0.4452984360054576,0.42857142857142855
German Credit,R5_F1,5,1,964,0,0.4820766445057818,0.39375365570816667,0.39622641509433965
German Credit,R5_F1,5,1,978,1,0.1594458574863817,0.12653651919140274,0.13043478260869565
German Credit,R5_F1,5,1,982,0,0.45875558005984046,0.3728809205235866,0.3150684931506849
German Credit,R5_F1,5,1,990,0,0.09888967252820402,0.07957413092316563,0.078125
German Credit,R5_F1,5,1,992,0,0.5019595340523972,0.4118038668144978,0.39622641509433965
German Credit,R5_F1,5,1,999,0,0.28507567232384057,0.2259789321992222,0.17307692307692307
German Credit,R5_F2,5,2,0,0,0.03747402617111308,0.027332905676520615,0.0
German Credit,R5_F2,5,2,6,0,0.09078089077486741,0.0655422952307191,0.05660377358490566
German Credit,R5_F2,5,2,7,0,0.41637342264843474,0.32139044055464716,0.26881720430107525
German Credit,R5_F2,5,2,14,0,0.7839542347679549,0.6968521953582151,0.7391304347826086
German Credit,R5_F2,5,2,16,0,0.02190113603256925,0.0161556976544396,0.0
German Credit,R5_F2,5,2,23,0,0.14928747803714545,0.10817121615558176,0.13451741981750828
German Credit,R5_F2,5,2,33,0,0.08987360868620835,0.0648885301507868,0.05660377358490566
German Credit,R5_F2,5,2,41,0,0.3027545349345864,0.22624449359691803,0.23076923076923078
German Credit,R5_F2,5,2,50,0,0.39023138178210653,0.29881987931802484,0.26881720430107525
German Credit,R5_F2,5,2,53,0,0.03653374999847997,0.026659735530511906,0.0
German Credit,R5_F2,5,2,55,0,0.16735824575723834,0.12156098569167517,0.14285714285714285
German Credit,R5_F2,5,2,58,0,0.6485702327974975,0.543813575595256,0.47333333333333333
German Credit,R5_F2,5,2,69,0,0.1908149043298659,0.13912417347468276,0.15384615384615385
German Credit,R5_F2,5,2,75,0,0.27163907124851766,0.20143160548115666,0.19298245614035087
German Credit,R5_F2,5,2,81,0,0.10429449854870652,0.07530274232256563,0.10256410256410256
German Credit,R5_F2,5,2,84,0,0.2518245206490673,0.18588069143359817,0.19298245614035087
German Credit,R5_F2,5,2,92,1,0.08637315992142251,0.06236786597399945,0.05660377358490566
German Credit,R5_F2,5,2,93,0,0.42678455842944185,0.3305007535522007,0.26881720430107525
German Credit,R5_F2,5,2,98,0,0.37791672860270414,0.2883345776219283,0.26881720430107525
German Credit,R5_F2,5,2,109,0,0.09865915073023795,0.0712271143786715,0.10256410256410256
German Credit,R5_F2,5,2,110,0,0.28722361413870684,0.21379797258175992,0.19298245614035087
German Credit,R5_F2,5,2,116,1,0.48477505537729687,0.3825847388729032,0.47333333333333333
German Credit,R5_F2,5,2,118,1,0.35226051630014604,0.26678059614750416,0.2682926829268293
German Credit,R5_F2,5,2,120,1,0.6252385430408353,0.5194131226268809,0.47333333333333333
German Credit,R5_F2,5,2,121,0,0.11357889452112535,0.08203565733368409,0.10256410256410256
German Credit,R5_F2,5,2,122,0,0.248085532433345,0.18296724377264215,0.19298245614035087
German Credit,R5_F2,5,2,127,1,0.5297015423187889,0.42460395073722573,0.47333333333333333
German Credit,R5_F2,5,2,129,1,0.4374778840745263,0.3399320849798145,0.26881720430107525
German Credit,R5_F2,5,2,131,1,0.7833574453075105,0.6961294929379458,0.7391304347826086
German Credit,R5_F2,5,2,137,1,0.07511722670581357,0.05427901707888595,0.05660377358490566
German Credit,R5_F2,5,2,139,0,0.3104738341204159,0.2324775208533379,0.23076923076923078
German Credit,R5_F2,5,2,143,1,0.5221374844710817,0.41742155519899743,0.47333333333333333
German Credit,R5_F2,5,2,145,0,0.6214239387417871,0.5154730490344347,0.47333333333333333
German Credit,R5_F2,5,2,155,1,0.56853916867746,0.46220473531449296,0.47333333333333333
German Credit,R5_F2,5,2,158,0,0.3981650389032864,0.3056242939898384,0.26881720430107525
German Credit,R5_F2,5,2,162,0,0.07371382295271298,0.053272077110566175,0.05660377358490566
German Credit,R5_F2,5,2,168,0,0.19529693317662764,0.14250483750253656,0.15384615384615385
German Credit,R5_F2,5,2,173,0,0.028598202649230867,0.020971572123995835,0.0
German Credit,R5_F2,5,2,175,1,0.1422971341088615,0.1030224790621343,0.12903225806451613
German Credit,R5_F2,5,2,178,0,0.10901100984022975,0.0787201697954437,0.10256410256410256
German Credit,R5_F2,5,2,182,1,0.6274131488562092,0.5216653670766611,0.47333333333333333
German Credit,R5_F2,5,2,197,1,0.7042099982776479,0.6042115123810661,0.5739647864113061
German Credit,R5_F2,5,2,202,0,0.29076852011329546,0.21662794227436893,0.19298245614035087
German Credit,R5_F2,5,2,209,0,0.0342626723709455,0.02503322403677202,0.0
German Credit,R5_F2,5,2,211,0,0.03741416654926935,0.02729005424638792,0.0
German Credit,R5_F2,5,2,217,0,0.45107407094354496,0.3520343286815807,0.26881720430107525
German Credit,R5_F2,5,2,223,0,0.10175032120782836,0.07346173320522124,0.10256410256410256
German Credit,R5_F2,5,2,236,1,0.5027587401105698,0.39922192104467125,0.47333333333333333
German Credit,R5_F2,5,2,243,0,0.07852212282786745,0.05672340268698629,0.05660377358490566
German Credit,R5_F2,5,2,247,0,0.3007551302613855,0.22463516135610406,0.23076923076923078
German Credit,R5_F2,5,2,252,1,0.7757091669800421,0.6869090803822783,0.7391304347826086
German Credit,R5_F2,5,2,255,0,0.25028608328462953,0.18468113498123098,0.19298245614035087
German Credit,R5_F2,5,2,262,0,0.5435368560132464,0.4378581302958388,0.47333333333333333
German Credit,R5_F2,5,2,265,1,0.3537480833748314,0.2680198070332967,0.2682926829268293
German Credit,R5_F2,5,2,267,0,0.3897900332611113,0.29844249297746467,0.26881720430107525
German Credit,R5_F2,5,2,268,1,0.37190653400349977,0.28325048482095716,0.26881720430107525
German Credit,R5_F2,5,2,269,0,0.05798458988973918,0.04200471361508084,0.0
German Credit,R5_F2,5,2,273,1,0.5877603984821373,0.48127960639733386,0.47333333333333333
German Credit,R5_F2,5,2,275,0,0.04710305639299023,0.034221667263301746,0.0
German Credit,R5_F2,5,2,280,0,0.09142074441930875,0.06600346794290687,0.05660377358490566
German Credit,R5_F2,5,2,285,0,0.8267151635914557,0.7499118881731274,0.8
German Credit,R5_F2,5,2,286,0,0.710026123263814,0.6107154181936786,0.6
German Credit,R5_F2,5,2,291,1,0.5859737293607948,0.4794930879861001,0.47333333333333333
German Credit,R5_F2,5,2,292,0,0.4761880121208916,0.3747240121777661,0.47333333333333333
German Credit,R5_F2,5,2,293,0,0.46903424789478465,0.36821567361847296,0.47333333333333333
German Credit,R5_F2,5,2,295,1,0.7756538532598674,0.6868426753811562,0.7391304347826086
German Credit,R5_F2,5,2,296,0,0.1420673874183661,0.10285354054287713,0.12903225806451613
German Credit,R5_F2,5,2,301,1,0.5460085835245205,0.4402421882244306,0.47333333333333333
German Credit,R5_F2,5,2,316,0,0.19248231772322913,0.14038090318349924,0.15384615384615385
German Credit,R5_F2,5,2,321,1,0.7392814496316019,0.6440131325775964,0.6666666666666666
German Credit,R5_F2,5,2,322,0,0.3021290479209477,0.22574081086776138,0.23076923076923078
German Credit,R5_F2,5,2,334,1,0.8029167298463022,0.7200654894385283,0.7558396744312657
German Credit,R5_F2,5,2,351,1,0.22400872558252613,0.1643604743489195,0.15384615384615385
German Credit,R5_F2,5,2,354,0,0.20924088380350522,0.15307531264898758,0.15384615384615385
German Credit,R5_F2,5,2,363,0,0.20161858014115175,0.14728704683279464,0.15384615384615385
German Credit,R5_F2,5,2,366,0,0.03614522654816692,0.026381542114726823,0.0
German Credit,R5_F2,5,2,368,1,0.7440193661682467,0.6494999414128286,0.6666666666666666
German Credit,R5_F2,5,2,371,0,0.08026744021073086,0.057977168409454764,0.05660377358490566
German Credit,R5_F2,5,2,383,0,0.5980843201201914,0.491657655038849,0.47333333333333333
German Credit,R5_F2,5,2,385,0,0.12179616104511597,0.08801488983212,0.10256410256410256
German Credit,R5_F2,5,2,394,0,0.11989673426971774,0.0866310343638767,0.10256410256410256
German Credit,R5_F2,5,2,398,1,0.3346302852319459,0.2521897466029955,0.2682926829268293
German Credit,R5_F2,5,2,405,1,0.43847450566606766,0.3408149626609463,0.26881720430107525
German Credit,R5_F2,5,2,406,0,0.010639612024755085,0.00799036365363235,0.0
German Credit,R5_F2,5,2,414,1,0.7278784436778422,0.6309168436068149,0.6666666666666666
German Credit,R5_F2,5,2,415,0,0.058736610648209404,0.042542809188123726,0.0
German Credit,R5_F2,5,2,416,1,0.6228511182965494,0.5169455768698846,0.47333333333333333
German Credit,R5_F2,5,2,424,1,0.17790423139624942,0.12943089524021334,0.14285714285714285
German Credit,R5_F2,5,2,429,1,0.3838819142998659,0.29340210268535427,0.26881720430107525
German Credit,R5_F2,5,2,435,1,0.10883798519284556,0.07859469674744674,0.10256410256410256
German Credit,R5_F2,5,2,437,0,0.080094418810128,0.057852851791406125,0.05660377358490566
German Credit,R5_F2,5,2,438,0,0.6490615592693626,0.5443330784302164,0.47333333333333333
German Credit,R5_F2,5,2,441,0,0.41345389634409885,0.3188482934969591,0.26881720430107525
German Credit,R5_F2,5,2,442,0,0.46764331523671093,0.36695444859769977,0.47333333333333333
German Credit,R5_F2,5,2,445,0,0.11891843157250269,0.08591869361737514,0.10256410256410256
German Credit,R5_F2,5,2,452,0,0.19478577369748054,0.14211887221417285,0.15384615384615385
German Credit,R5_F2,5,2,453,0,0.08492980550666292,0.06132926107171094,0.05660377358490566
German Credit,R5_F2,5,2,458,0,0.37804070128302286,0.2884396756837126,0.26881720430107525
German Credit,R5_F2,5,2,460,0,0.27933270331878285,0.20752134661430832,0.19298245614035087
German Credit,R5_F2,5,2,463,0,0.21123191174814637,0.1545913151366228,0.15384615384615385
German Credit,R5_F2,5,2,466,1,0.7882345305115971,0.7020494585718672,0.7391304347826086
German Credit,R5_F2,5,2,471,1,0.4478933923904978,0.34919190566533354,0.26881720430107525
German Credit,R5_F2,5,2,480,0,0.15364270507906827,0.11138758987711117,0.14285714285714285
German Credit,R5_F2,5,2,485,1,0.2900954831730992,0.21609015043792365,0.19298245614035087
German Credit,R5_F2,5,2,486,0,0.07799555878820334,0.05634524864244457,0.05660377358490566
German Credit,R5_F2,5,2,496,1,0.8561821017345318,0.7880454404032601,0.875
German Credit,R5_F2,5,2,508,0,0.14588012212565915,0.10565944519723137,0.12903225806451613
German Credit,R5_F2,5,2,510,1,0.6244944211722104,0.5186434550459442,0.47333333333333333
German Credit,R5_F2,5,2,520,0,0.27287015770335926,0.20240407874056626,0.19298245614035087
German Credit,R5_F2,5,2,521,1,0.4604510152246804,0.3604545404676217,0.26881720430107525
German Credit,R5_F2,5,2,527,0,0.012294388708347094,0.009198526219928114,0.0
German Credit,R5_F2,5,2,529,0,0.35454603532353035,0.26868506263259656,0.2682926829268293
German Credit,R5_F2,5,2,547,0,0.1925290905230589,0.1404161720638376,0.15384615384615385
German Credit,R5_F2,5,2,553,0,0.5021802048198786,0.398682966616009,0.47333333333333333
German Credit,R5_F2,5,2,568,0,0.22672348916471582,0.16644538738640882,0.15384615384615385
German Credit,R5_F2,5,2,574,0,0.30779695449094246,0.23031248283300346,0.23076923076923078
German Credit,R5_F2,5,2,576,0,0.18519205067288244,0.13489445658363092,0.15384615384615385
German Credit,R5_F2,5,2,577,0,0.15647553928530733,0.11348325244748671,0.14285714285714285
German Credit,R5_F2,5,2,580,1,0.48308994118766085,0.38103795549165687,0.47333333333333333
German Credit,R5_F2,5,2,584,0,0.14761969843953784,0.10694129441695842,0.12903225806451613
German Credit,R5_F2,5,2,597,1,0.4522918302420235,0.35312441539147427,0.26881720430107525
German Credit,R5_F2,5,2,608,0,0.17819057712298614,0.12964517296299993,0.14285714285714285
German Credit,R5_F2,5,2,610,1,0.6801738443184884,0.5777235653139914,0.5
German Credit,R5_F2,5,2,612,0,0.46341246455524887,0.363126507048936,0.26881720430107525
German Credit,R5_F2,5,2,622,1,0.2565643839875713,0.18958350450028147,0.19298245614035087
German Credit,R5_F2,5,2,624,1,0.49009385340064204,0.3874804832442382,0.47333333333333333
German Credit,R5_F2,5,2,631,1,0.7310998497903398,0.6346011375048831,0.6666666666666666
German Credit,R5_F2,5,2,636,0,0.09752010426675438,0.07040428857403688,0.10256410256410256
German Credit,R5_F2,5,2,638,0,0.21024295910962595,0.15383809873567783,0.15384615384615385
German Credit,R5_F2,5,2,639,1,0.7178151555873296,0.6194847858453573,0.6666666666666666
German Credit,R5_F2,5,2,640,1,0.7574529185699644,0.6652048920500322,0.7142857142857143
German Credit,R5_F2,5,2,654,0,0.03310750967724754,0.02420554691633683,0.0
German Credit,R5_F2,5,2,665,0,0.5548069672983217,0.4487688432862272,0.47333333333333333
German Credit,R5_F2,5,2,666,0,0.5090435797278786,0.4050930143750396,0.47333333333333333
German Credit,R5_F2,5,2,668,1,0.6301019837222825,0.5244563708486554,0.47333333333333333
German Credit,R5_F2,5,2,669,0,0.22449597227698162,0.16473443508522653,0.15384615384615385
German Credit,R5_F2,5,2,673,0,0.08030700363569819,0.05800559568280092,0.05660377358490566
German Credit,R5_F2,5,2,681,0,0.10539467182994498,0.07609936475892616,0.10256410256410256
German Credit,R5_F2,5,2,684,0,0.39376640392440493,0.301846924049555,0.26881720430107525
German Credit,R5_F2,5,2,687,0,0.7125817345361142,0.613585157968788,0.6
German Credit,R5_F2,5,2,688,0,0.12541955941083846,0.09065777165615077,0.12903225806451613
German Credit,R5_F2,5,2,691,0,0.47632700336213474,0.3748508247000946,0.47333333333333333
German Credit,R5_F2,5,2,699,0,0.6124167916726326,0.506223317425162,0.47333333333333333
German Credit,R5_F2,5,2,700,1,0.17637975679111337,0.12829063642092073,0.14285714285714285
German Credit,R5_F2,5,2,708,0,0.3504978794422322,0.26531388607640066,0.2682926829268293
German Credit,R5_F2,5,2,710,0,0.16575438688197255,0.1203677832503913,0.14285714285714285
German Credit,R5_F2,5,2,711,1,0.7735905200178755,0.6843684467224049,0.7391304347826086
German Credit,R5_F2,5,2,721,1,0.4559965865767673,0.3564470254319039,0.26881720430107525
German Credit,R5_F2,5,2,722,1,0.7220071124662116,0.6242327926564288,0.6666666666666666
German Credit,R5_F2,5,2,737,0,0.6589337718863608,0.5548221081939563,0.47333333333333333
German Credit,R5_F2,5,2,738,0,0.09300070968057073,0.06714261868299644,0.10256410256410256
German Credit,R5_F2,5,2,743,0,0.5330700148720051,0.4278169157595278,0.47333333333333333
German Credit,R5_F2,5,2,746,0,0.6467951464704641,0.5419386689075235,0.47333333333333333
German Credit,R5_F2,5,2,749,0,0.0291122540614813,0.021340522603336447,0.0
German Credit,R5_F2,5,2,762,0,0.49826379991452036,0.3950410887184856,0.47333333333333333
German Credit,R5_F2,5,2,770,0,0.2871201776795594,0.21371549322246775,0.19298245614035087
German Credit,R5_F2,5,2,772,0,0.0274060634267973,0.020115607412394952,0.0
German Credit,R5_F2,5,2,776,0,0.17582391261504574,0.12787510533968643,0.14285714285714285
German Credit,R5_F2,5,2,777,0,0.3320036626410752,0.25003088651196476,0.2682926829268293
German Credit,R5_F2,5,2,788,1,0.8467751460063289,0.775723785708575,0.875
German Credit,R5_F2,5,2,789,1,0.7407586482234784,0.6457209389050232,0.6666666666666666
German Credit,R5_F2,5,2,790,1,0.29432080306565683,0.2194702486688609,0.19298245614035087
German Credit,R5_F2,5,2,797,0,0.2233169849628348,0.1638297449447524,0.15384615384615385
German Credit,R5_F2,5,2,805,1,0.8142671255336874,0.7341986325751804,0.8
German Credit,R5_F2,5,2,819,1,0.5714124936656454,0.4650360751553854,0.47333333333333333
German Credit,R5_F2,5,2,820,0,0.15584451840822505,0.11301619120824535,0.14285714285714285
German Credit,R5_F2,5,2,824,0,0.1820115525388818,0.1325075292548884,0.15384615384615385
German Credit,R5_F2,5,2,826,1,0.5867675646031311,0.48028651201268263,0.47333333333333333
German Credit,R5_F2,5,2,832,1,0.855607480505392,0.787288671228069,0.875
German Credit,R5_F2,5,2,833,0,0.20945827982502951,0.15324075960659214,0.15384615384615385
German Credit,R5_F2,5,2,835,1,0.8207011931074875,0.7422920692012495,0.8
German Credit,R5_F2,5,2,837,0,0.1750528081049001,0.1272988491251992,0.14285714285714285
German Credit,R5_F2,5,2,838,0,0.2905229280362485,0.21643167448581366,0.19298245614035087
German Credit,R5_F2,5,2,841,0,0.19710249854892278,0.14386903571879514,0.15384615384615385
German Credit,R5_F2,5,2,846,1,0.13611359185887165,0.09848167834976504,0.12903225806451613
German Credit,R5_F2,5,2,848,0,0.18837102271726672,0.13728424302072317,0.15384615384615385
German Credit,R5_F2,5,2,849,1,0.400553989542735,0.307680882918678,0.26881720430107525
German Credit,R5_F2,5,2,852,0,0.12496165753171985,0.09032356137760654,0.12903225806451613
German Credit,R5_F2,5,2,876,0,0.8353218939739834,0.7609108414623991,0.8592079315259891
German Credit,R5_F2,5,2,893,0,0.29539387620803154,0.22033012843487973,0.20875731204493023
German Credit,R5_F2,5,2,894,0,0.04598867151441114,0.03342468742890968,0.0
German Credit,R5_F2,5,2,914,1,0.8200611332543946,0.7414842370194963,0.8
German Credit,R5_F2,5,2,915,1,0.5424030735671137,0.4367662125766972,0.47333333333333333
German Credit,R5_F2,5,2,927,1,0.7171882388241578,0.6187764305654014,0.6666666666666666
German Credit,R5_F2,5,2,929,0,0.629700675429412,0.5240393794011264,0.47333333333333333
German Credit,R5_F2,5,2,930,0,0.4213334207679648,0.32572191761057645,0.26881720430107525
German Credit,R5_F2,5,2,934,0,0.6563865427369676,0.5521064390631955,0.47333333333333333
German Credit,R5_F2,5,2,939,0,0.027555174427144568,0.02022269652827326,0.0
German Credit,R5_F2,5,2,940,0,0.08506906748181196,0.06142945218797712,0.05660377358490566
German Credit,R5_F2,5,2,948,1,0.296706754644457,0.22138297868627552,0.23076923076923078
German Credit,R5_F2,5,2,949,1,0.05938443893068345,0.04300638710191058,0.0
German Credit,R5_F2,5,2,965,0,0.2760547474925507,0.20492315643236225,0.19298245614035087
German Credit,R5_F2,5,2,966,1,0.27051374224981295,0.20054332546054748,0.19298245614035087
German Credit,R5_F2,5,2,972,1,0.8286301196469249,0.752349449367822,0.8112149442513467
German Credit,R5_F2,5,2,973,1,0.8902491902419044,0.8339157546889859,0.9239132664904425
German Credit,R5_F2,5,2,983,1,0.4803507780071545,0.37852803786292777,0.47333333333333333
German Credit,R5_F2,5,2,985,0,0.4757528522712085,0.37432707140625393,0.47333333333333333
German Credit,R5_F2,5,2,987,0,0.039890042820954874,0.029062073431330458,0.0
German Credit,R5_F2,5,2,994,0,0.06853250918120331,0.04955711475254791,0.05660377358490566
German Credit,R5_F2,5,2,997,0,0.10336886587648962,0.07463274654244939,0.10256410256410256
German Credit,R5_F3,5,3,1,1,0.6841173493447835,0.5747731122005878,0.5957446808510638
German Credit,R5_F3,5,3,20,0,0.08021920181091997,0.07240417637187642,0.047619047619047616
German Credit,R5_F3,5,3,25,0,0.21898260120800625,0.18040517567000533,0.18875502008032127
German Credit,R5_F3,5,3,31,0,0.5554682720533642,0.45341007820198154,0.5100000000000001
German Credit,R5_F3,5,3,36,0,0.4938173187556673,0.39971603357083063,0.38461538461538464
German Credit,R5_F3,5,3,40,0,0.36294181293901656,0.29231306249100397,0.18875502008032127
German Credit,R5_F3,5,3,42,0,0.54227381266772,0.44171317239124874,0.5100000000000001
German Credit,R5_F3,5,3,48,0,0.14392414522101662,0.12263847104434172,0.18875502008032127
German Credit,R5_F3,5,3,61,0,0.09362097624225178,0.08316156772650486,0.07954545454545454
German Credit,R5_F3,5,3,74,1,0.5346200195553018,0.43498172784041605,0.5100000000000001
German Credit,R5_F3,5,3,79,0,0.6067879910106986,0.5001142182890853,0.5100000000000001
German Credit,R5_F3,5,3,80,1,0.0840059113235408,0.07545807993536602,0.047619047619047616
German Credit,R5_F3,5,3,91,0,0.16196981298881086,0.13659119839833328,0.18875502008032127
German Credit,R5_F3,5,3,101,0,0.6308425103978844,0.522737588974433,0.5100000000000001
German Credit,R5_F3,5,3,105,1,0.4277514912511546,0.3445540434604071,0.3050847457627119
German Credit,R5_F3,5,3,107,0,0.49919555638173924,0.40430760488439355,0.38461538461538464
German Credit,R5_F3,5,3,112,0,0.6902089460589936,0.5809100260229044,0.5957446808510638
German Credit,R5_F3,5,3,113,1,0.5917392691124268,0.48620823739113683,0.5100000000000001
German Credit,R5_F3,5,3,119,0,0.27330365801787665,0.22220200848011445,0.18875502008032127
German Credit,R5_F3,5,3,123,0,0.21851677038862105,0.18004764675648927,0.18875502008032127
German Credit,R5_F3,5,3,130,0,0.5806706392340514,0.4760948803605235,0.5100000000000001
German Credit,R5_F3,5,3,132,0,0.4091125459144498,0.32936176033543113,0.3050847457627119
German Credit,R5_F3,5,3,135,0,0.032943592941823176,0.03276981891264003,0.047619047619047616
German Credit,R5_F3,5,3,140,0,0.09156736852352813,0.08152194255265677,0.07954545454545454
German Credit,R5_F3,5,3,141,0,0.7769974377260778,0.6733751483273362,0.7166666666666667
German Credit,R5_F3,5,3,149,0,0.031384360274261336,0.03138901738124974,0.0
German Credit,R5_F3,5,3,150,0,0.09295847244146971,0.08263293665465457,0.07954545454545454
German Credit,R5_F3,5,3,156,0,0.08882940797116666,0.07933124874165384,0.07954545454545454
German Credit,R5_F3,5,3,165,0,0.06972443588248801,0.06387130522455843,0.047619047619047616
German Credit,R5_F3,5,3,167,0,0.280283039355655,0.22759780028764012,0.18875502008032127
German Credit,R5_F3,5,3,170,1,0.8926572582009508,0.8169464447819942,0.8609009931108745
German Credit,R5_F3,5,3,172,1,0.5622442356630698,0.4594639244300306,0.5100000000000001
German Credit,R5_F3,5,3,176,0,0.4932592603155897,0.3992405425337686,0.38461538461538464
German Credit,R5_F3,5,3,179,0,0.5510985163796512,0.449523074291611,0.5100000000000001
German Credit,R5_F3,5,3,180,1,0.5446416468528246,0.44380354278065454,0.5100000000000001
German Credit,R5_F3,5,3,184,1,0.6242231628668548,0.5164617173454089,0.5100000000000001
German Credit,R5_F3,5,3,186,1,0.3252640865063694,0.2626007158782724,0.18875502008032127
German Credit,R5_F3,5,3,188,1,0.3199523458259974,0.2584435267405062,0.18875502008032127
German Credit,R5_F3,5,3,189,0,0.6124990800039497,0.505440428053994,0.5100000000000001
German Credit,R5_F3,5,3,191,1,0.44209212441951884,0.3563463061394088,0.38461538461538464
German Credit,R5_F3,5,3,192,1,0.4601380135317123,0.3713222733148514,0.38461538461538464
German Credit,R5_F3,5,3,201,0,0.7032965976283045,0.5942367733779628,0.5957446808510638
German Credit,R5_F3,5,3,203,1,0.3564195312162665,0.28713928408046796,0.18875502008032127
German Credit,R5_F3,5,3,206,0,0.05147803159040621,0.04873118044707783,0.047619047619047616
German Credit,R5_F3,5,3,207,0,0.2533725677404856,0.20683225608827918,0.18875502008032127
German Credit,R5_F3,5,3,215,0,0.07963096754158971,0.07192866833924917,0.047619047619047616
German Credit,R5_F3,5,3,220,0,0.47389432345562804,0.38284709975492986,0.38461538461538464
German Credit,R5_F3,5,3,227,1,0.6371173752066951,0.5287234047899506,0.5100000000000001
German Credit,R5_F3,5,3,228,1,0.09353492998598363,0.08309292592536388,0.07954545454545454
German Credit,R5_F3,5,3,231,0,0.16018132088470566,0.13521135382125274,0.18875502008032127
German Credit,R5_F3,5,3,237,1,0.5137668202845219,0.4168321519617841,0.38461538461538464
German Credit,R5_F3,5,3,241,0,0.034905391779732314,0.034497154511446436,0.047619047619047616
German Credit,R5_F3,5,3,244,0,0.17618909537611013,0.14754367699792775,0.18875502008032127
German Credit,R5_F3,5,3,266,0,0.11061814454384915,0.0966311006800269,0.07954545454545454
German Credit,R5_F3,5,3,284,0,0.5584506896620495,0.4560706610768916,0.5100000000000001
German Credit,R5_F3,5,3,290,0,0.039911819922020204,0.03885965704457313,0.047619047619047616
German Credit,R5_F3,5,3,294,0,0.4423146552609423,0.3565300339837287,0.38461538461538464
German Credit,R5_F3,5,3,298,0,0.17402467633983987,0.14587831715354416,0.18875502008032127
German Credit,R5_F3,5,3,299,0,0.11135124268934031,0.09720844778293496,0.07954545454545454
German Credit,R5_F3,5,3,304,1,0.32438180014012125,0.26190970688001164,0.18875502008032127
German Credit,R5_F3,5,3,307,1,0.4980060494426981,0.40329066189435375,0.38461538461538464
German Credit,R5_F3,5,3,308,1,0.32084641343228076,0.2591427652762765,0.18875502008032127
German Credit,R5_F3,5,3,314,0,0.08897882373743893,0.07945094089443437,0.07954545454545454
German Credit,R5_F3,5,3,318,0,0.2467440877430923,0.20173139040153792,0.18875502008032127
German Credit,R5_F3,5,3,319,0,0.3819183489404985,0.307446577776094,0.3050847457627119
German Credit,R5_F3,5,3,323,0,0.38078987471208947,0.3065431428602556,0.3050847457627119
German Credit,R5_F3,5,3,325,0,0.05608320030243787,0.052595762799062445,0.047619047619047616
German Credit,R5_F3,5,3,333,1,0.4204169834541047,0.3385582136084355,0.3050847457627119
German Credit,R5_F3,5,3,335,1,0.20865722330956094,0.17248108703247525,0.18875502008032127
German Credit,R5_F3,5,3,342,0,0.6020422187051339,0.4957089357758173,0.5100000000000001
German Credit,R5_F3,5,3,344,0,0.2663217447017237,0.2168118138246927,0.18875502008032127
German Credit,R5_F3,5,3,356,0,0.0126036533531379,0.013975145089511885,0.0
German Credit,R5_F3,5,3,364,1,0.6595046540113086,0.5503815582324073,0.5100000000000001
German Credit,R5_F3,5,3,378,1,0.8565194108363093,0.7687906360090965,0.8571428571428571
German Credit,R5_F3,5,3,379,0,0.0772591656598691,0.07000822538452733,0.047619047619047616
German Credit,R5_F3,5,3,384,0,0.20920174659308918,0.17289896096427618,0.18875502008032127
German Credit,R5_F3,5,3,387,0,0.4656066014690879,0.37589217677728015,0.38461538461538464
German Credit,R5_F3,5,3,403,0,0.39587685411957424,0.3186600507099849,0.3050847457627119
German Credit,R5_F3,5,3,404,0,0.47809191291873626,0.3863833580489296,0.38461538461538464
German Credit,R5_F3,5,3,408,0,0.21133033184485353,0.1745324575452912,0.18875502008032127
German Credit,R5_F3,5,3,409,1,0.20336651095217304,0.16842077247472415,0.18875502008032127
German Credit,R5_F3,5,3,413,0,0.10330455378493092,0.09085598091214214,0.07954545454545454
German Credit,R5_F3,5,3,425,0,0.38513228163636737,0.31002210228928506,0.3050847457627119
German Credit,R5_F3,5,3,426,0,0.11583424187139119,0.10073335750248148,0.07954545454545454
German Credit,R5_F3,5,3,428,0,0.17731226379643053,0.14840765581741916,0.18875502008032127
German Credit,R5_F3,5,3,430,0,0.03370489577468693,0.03344141649454943,0.047619047619047616
German Credit,R5_F3,5,3,431,1,0.6152725422769395,0.5080369302897365,0.5100000000000001
German Credit,R5_F3,5,3,433,0,0.28224177352857144,0.22911356130225397,0.18875502008032127
German Credit,R5_F3,5,3,439,1,0.48610059571876074,0.3931564875295853,0.38461538461538464
German Credit,R5_F3,5,3,443,1,0.3461914676694917,0.2790525765688861,0.18875502008032127
German Credit,R5_F3,5,3,448,0,0.15415492885365917,0.1305574469316798,0.18875502008032127
German Credit,R5_F3,5,3,450,0,0.1389154883593103,0.11875183620708367,0.07954545454545454
German Credit,R5_F3,5,3,459,0,0.28948444981791405,0.234724194088189,0.18875502008032127
German Credit,R5_F3,5,3,464,0,0.32151513219270034,0.2596658914494148,0.18875502008032127
German Credit,R5_F3,5,3,479,0,0.28931309030836855,0.2345913370978736,0.18875502008032127
German Credit,R5_F3,5,3,491,1,0.7220474574216732,0.6136840316530077,0.5957446808510638
German Credit,R5_F3,5,3,494,0,0.24723483008078082,0.20210888285163084,0.18875502008032127
German Credit,R5_F3,5,3,497,0,0.07087221762614056,0.06480991191648038,0.047619047619047616
German Credit,R5_F3,5,3,505,1,0.15120947469090165,0.1282800749057477,0.18875502008032127
German Credit,R5_F3,5,3,506,0,0.04447373176873346,0.04278445697703862,0.047619047619047616
German Credit,R5_F3,5,3,507,1,0.5418186792549666,0.44131180189685426,0.5100000000000001
German Credit,R5_F3,5,3,514,0,0.20489711401956553,0.16959546307625115,0.18875502008032127
German Credit,R5_F3,5,3,515,0,0.19750795655027154,0.16392395101087162,0.18875502008032127
German Credit,R5_F3,5,3,517,1,0.3540364115329578,0.28525223549481254,0.18875502008032127
German Credit,R5_F3,5,3,519,0,0.04912825574642332,0.04674601913880676,0.047619047619047616
German Credit,R5_F3,5,3,523,0,0.07865930922717328,0.07114253750603512,0.047619047619047616
German Credit,R5_F3,5,3,524,0,0.5115078815930728,0.4148822465645667,0.38461538461538464
German Credit,R5_F3,5,3,526,0,0.31305287248480096,0.25305408675504165,0.18875502008032127
German Credit,R5_F3,5,3,535,1,0.4517393693078566,0.36433281273996476,0.38461538461538464
German Credit,R5_F3,5,3,538,1,0.8373208764359849,0.7445743194190471,0.8571428571428571
German Credit,R5_F3,5,3,551,0,0.13308818943988593,0.11422061812740042,0.07954545454545454
German Credit,R5_F3,5,3,560,0,0.25650851208248443,0.20924714232238698,0.18875502008032127
German Credit,R5_F3,5,3,563,1,0.5502605092696117,0.4487791550943924,0.5100000000000001
German Credit,R5_F3,5,3,571,0,0.06542520742495073,0.0603425599292266,0.047619047619047616
German Credit,R5_F3,5,3,573,0,0.6393202349295396,0.5308333766360009,0.5100000000000001
German Credit,R5_F3,5,3,586,0,0.26784561179675165,0.21798766576481945,0.18875502008032127
German Credit,R5_F3,5,3,591,0,0.5431802416020582,0.4425129413873572,0.5100000000000001
German Credit,R5_F3,5,3,595,1,0.6023836710612365,0.49602527128599605,0.5100000000000001
German Credit,R5_F3,5,3,600,0,0.17284268426625138,0.14496861905094843,0.18875502008032127
German Credit,R5_F3,5,3,605,0,0.5723593652682043,0.46856240248991377,0.5100000000000001
German Credit,R5_F3,5,3,607,1,0.5002070245208047,0.4051729782482813,0.38461538461538464
German Credit,R5_F3,5,3,617,0,0.20827863152441436,0.1721905500866925,0.18875502008032127
German Credit,R5_F3,5,3,618,1,0.627768285300633,0.5198180141689714,0.5100000000000001
German Credit,R5_F3,5,3,619,0,0.2272530954781029,0.1867539848063185,0.18875502008032127
German Credit,R5_F3,5,3,627,1,0.388602518883689,0.3128072468447519,0.3050847457627119
German Credit,R5_F3,5,3,628,0,0.11280130442561793,0.09834965639030802,0.07954545454545454
German Credit,R5_F3,5,3,637,0,0.5065705754356487,0.41063103304773957,0.38461538461538464
German Credit,R5_F3,5,3,642,1,0.19762231460703636,0.1640117392960714,0.18875502008032127
German Credit,R5_F3,5,3,644,0,0.35256467212422377,0.28408773284730127,0.18875502008032127
German Credit,R5_F3,5,3,648,1,0.6220634907258894,0.5144225270479869,0.5100000000000001
German Credit,R5_F3,5,3,652,1,0.7051874922464069,0.5961786356065037,0.5957446808510638
German Credit,R5_F3,5,3,660,0,0.34861032706077794,0.2809621615317698,0.18875502008032127
German Credit,R5_F3,5,3,661,1,0.6599761626590506,0.5508429624305432,0.5100000000000001
German Credit,R5_F3,5,3,662,0,0.1777249798640899,0.14872509530979924,0.18875502008032127
German Credit,R5_F3,5,3,674,1,0.3440928014336297,0.2773971708063961,0.18875502008032127
German Credit,R5_F3,5,3,675,0,0.22830742267250795,0.187563532786963,0.18875502008032127
German Credit,R5_F3,5,3,677,1,0.6696329705849013,0.5603423606512999,0.5957446808510638
German Credit,R5_F3,5,3,679,0,0.2597643890690861,0.21175561562080206,0.18875502008032127
German Credit,R5_F3,5,3,682,0,0.22960671919528616,0.18856125256255934,0.18875502008032127
German Credit,R5_F3,5,3,686,0,0.0811485336584028,0.07315479669445188,0.047619047619047616
German Credit,R5_F3,5,3,690,0,0.3669407537734337,0.29549201758346283,0.23925334968834122
German Credit,R5_F3,5,3,698,0,0.09649024657639504,0.0854476287890833,0.07954545454545454
German Credit,R5_F3,5,3,703,0,0.48352638957956356,0.3909756259346412,0.38461538461538464
German Credit,R5_F3,5,3,709,0,0.17832289576143068,0.14918494770941,0.18875502008032127
German Credit,R5_F3,5,3,715,0,0.05752134758097979,0.053796052023367257,0.047619047619047616
German Credit,R5_F3,5,3,720,1,0.32100970787243993,0.25927049716663586,0.18875502008032127
German Credit,R5_F3,5,3,728,1,0.8537061174937216,0.7651878382794597,0.8571428571428571
German Credit,R5_F3,5,3,729,0,0.20771554544123594,0.1717584277145384,0.18875502008032127
German Credit,R5_F3,5,3,730,0,0.4910885596969646,0.39739267398502987,0.38461538461538464
German Credit,R5_F3,5,3,733,0,0.10069550755603425,0.08878856692345286,0.07954545454545454
German Credit,R5_F3,5,3,750,0,0.27608093234060377,0.22434818738272677,0.18875502008032127
German Credit,R5_F3,5,3,751,1,0.7313026055292763,0.6234449755599362,0.7166666666666667
German Credit,R5_F3,5,3,753,0,0.16359598157751348,0.13784532161154917,0.18875502008032127
German Credit,R5_F3,5,3,756,0,0.05900076997556301,0.055027714521863474,0.047619047619047616
German Credit,R5_F3,5,3,758,0,0.19178790703811255,0.15953211934546416,0.18875502008032127
German Credit,R5_F3,5,3,760,0,0.09375521032055117,0.08326864037508874,0.07954545454545454
German Credit,R5_F3,5,3,764,0,0.10986421179536905,0.09603706461029111,0.07954545454545454
German Credit,R5_F3,5,3,769,0,0.022540413722168876,0.023400228865337068,0.0
German Credit,R5_F3,5,3,784,0,0.2731970995376336,0.22211968798395434,0.18875502008032127
German Credit,R5_F3,5,3,798,0,0.18372959689110346,0.15334155403271246,0.18875502008032127
German Credit,R5_F3,5,3,799,0,0.30316383591693435,0.24534867764684837,0.18875502008032127
German Credit,R5_F3,5,3,811,0,0.19917263747215927,0.16520181344440224,0.18875502008032127
German Credit,R5_F3,5,3,814,1,0.7155116095386429,0.6068565644761824,0.5957446808510638
German Credit,R5_F3,5,3,816,0,0.08399049706441726,0.07544567301143051,0.047619047619047616
German Credit,R5_F3,5,3,828,1,0.507774468723016,0.41166629478632843,0.38461538461538464
German Credit,R5_F3,5,3,830,0,0.2439508697526821,0.19958320039957003,0.18875502008032127
German Credit,R5_F3,5,3,843,0,0.3121603729552899,0.25235774944445133,0.18875502008032127
German Credit,R5_F3,5,3,847,0,0.4039413362791311,0.32517232831406045,0.3050847457627119
German Credit,R5_F3,5,3,850,1,0.6262336194372788,0.5183637185268649,0.5100000000000001
German Credit,R5_F3,5,3,859,0,0.0624436692864725,0.05788253482358556,0.047619047619047616
German Credit,R5_F3,5,3,868,0,0.2152275969030949,0.1775233056995619,0.18875502008032127
German Credit,R5_F3,5,3,871,0,0.06437368171591872,0.05947620637659399,0.047619047619047616
German Credit,R5_F3,5,3,872,0,0.19154612443792549,0.15934644153407496,0.18875502008032127
German Credit,R5_F3,5,3,873,0,0.16563499541155424,0.13941721188498377,0.18875502008032127
German Credit,R5_F3,5,3,879,0,0.04352073020505859,0.04196817763406032,0.047619047619047616
German Credit,R5_F3,5,3,880,0,0.0538092142895597,0.05069160710291591,0.047619047619047616
German Credit,R5_F3,5,3,881,0,0.13253455256750404,0.1137895559258258,0.07954545454545454
German Credit,R5_F3,5,3,885,1,0.682053068467261,0.5727027308850906,0.5957446808510638
German Credit,R5_F3,5,3,891,0,0.038505182723747734,0.03764015394493817,0.047619047619047616
German Credit,R5_F3,5,3,896,0,0.7878631913107865,0.6857158766568189,0.7166666666666667
German Credit,R5_F3,5,3,899,1,0.5806008474518936,0.47603141147918254,0.5100000000000001
German Credit,R5_F3,5,3,904,0,0.08801095250236594,0.07867531356426048,0.07954545454545454
German Credit,R5_F3,5,3,907,0,0.4194822073614391,0.33779571540382497,0.3050847457627119
German Credit,R5_F3,5,3,909,0,0.3203096175053564,0.25872292044322576,0.18875502008032127
German Credit,R5_F3,5,3,911,1,0.551424339314774,0.44981244567345935,0.5100000000000001
German Credit,R5_F3,5,3,919,1,0.6476213145070391,0.5388253067360829,0.5100000000000001
German Credit,R5_F3,5,3,923,0,0.46945447456535966,0.37911682841802224,0.38461538461538464
German Credit,R5_F3,5,3,928,0,0.08361192333203259,0.07514089819023853,0.047619047619047616
German Credit,R5_F3,5,3,931,1,0.3615309685490689,0.2911927594039424,0.18875502008032127
German Credit,R5_F3,5,3,937,0,0.41932057813226115,0.3376639119251144,0.3050847457627119
German Credit,R5_F3,5,3,944,0,0.6116224732654093,0.5046211131160692,0.5100000000000001
German Credit,R5_F3,5,3,945,0,0.7597147078295525,0.6541321914172034,0.7166666666666667
German Credit,R5_F3,5,3,947,0,0.12918627331597943,0.11118036651228572,0.07954545454545454
German Credit,R5_F3,5,3,951,1,0.5585943821673239,0.4561990056719255,0.5100000000000001
German Credit,R5_F3,5,3,953,1,0.6670023333038131,0.557745157857288,0.5592965335223493
German Credit,R5_F3,5,3,960,0,0.05828389573397641,0.05443127847309398,0.047619047619047616
German Credit,R5_F3,5,3,968,0,0.18131285679100592,0.1514839434304175,0.18875502008032127
German Credit,R5_F3,5,3,970,0,0.4091477106704988,0.32939028585628244,0.3050847457627119
German Credit,R5_F3,5,3,995,0,0.12830840376204167,0.11049562661047915,0.07954545454545454
German Credit,R5_F3,5,3,998,1,0.7562469589137445,0.6503255322697632,0.7166666666666667
German Credit,R5_F4,5,4,3,0,0.6590563414017822,0.5458298143113753,0.6136363636363636
German Credit,R5_F4,5,4,5,0,0.4391283941990533,0.35211860183414956,0.32558139534883723
German Credit,R5_F4,5,4,8,0,0.03718365399138353,0.03725327259783639,0.03076923076923077
German Credit,R5_F4,5,4,10,1,0.6864163108653442,0.5727304115354759,0.6136363636363636
German Credit,R5_F4,5,4,19,0,0.06509278483310658,0.06096441977739431,0.0449438202247191
German Credit,R5_F4,5,4,22,0,0.11979706411122364,0.10470343098173215,0.10714285714285714
German Credit,R5_F4,5,4,24,0,0.03181034618264835,0.03248409597974186,0.03076923076923077
German Credit,R5_F4,5,4,26,0,0.22495749853875405,0.18527122956528305,0.2523364485981308
German Credit,R5_F4,5,4,29,1,0.8794837446819196,0.7941768433542421,1.0
German Credit,R5_F4,5,4,30,0,0.3617577189247658,0.29041122221526733,0.2564102564102564
German Credit,R5_F4,5,4,37,1,0.4776527564088841,0.3838068897760998,0.32558139534883723
German Credit,R5_F4,5,4,44,1,0.6614930215222232,0.5481932813865851,0.6136363636363636
German Credit,R5_F4,5,4,47,0,0.19222773109470162,0.1603792366294196,0.2523364485981308
German Credit,R5_F4,5,4,56,1,0.24419902469664767,0.19990359716302653,0.2523364485981308
German Credit,R5_F4,5,4,62,1,0.8403838221957525,0.7433850056573791,0.7543859649122807
German Credit,R5_F4,5,4,64,0,0.2956252734447353,0.23917288810454682,0.2564102564102564
German Credit,R5_F4,5,4,72,0,0.40367274203594644,0.32355485558677805,0.32558139534883723
German Credit,R5_F4,5,4,76,1,0.7937938582190456,0.6875489468821007,0.7543859649122807
German Credit,R5_F4,5,4,83,0,0.3566616689823083,0.28642156830598847,0.2564102564102564
German Credit,R5_F4,5,4,85,0,0.04921892893323593,0.04766168747602911,0.03076923076923077
German Credit,R5_F4,5,4,87,1,0.8151829718783038,0.712628990170602,0.7543859649122807
German Credit,R5_F4,5,4,95,1,0.9205132682575915,0.8526783937182862,1.0
German Credit,R5_F4,5,4,114,0,0.48016322830681996,0.38589802416807834,0.32558139534883723
German Credit,R5_F4,5,4,126,0,0.6642484293206901,0.5508732976255778,0.6136363636363636
German Credit,R5_F4,5,4,136,0,0.07522618274570603,0.06927030357057117,0.0449438202247191
German Credit,R5_F4,5,4,147,0,0.04585017222231816,0.044781234580421145,0.03076923076923077
German Credit,R5_F4,5,4,148,0,0.5036530743437653,0.40563256595851627,0.32558139534883723
German Credit,R5_F4,5,4,154,0,0.3385721075238983,0.2723208755987977,0.2564102564102564
German Credit,R5_F4,5,4,194,1,0.4725835640919926,0.3795946106551653,0.32558139534883723
German Credit,R5_F4,5,4,205,0,0.620846740429187,0.5095299754212326,0.4375
German Credit,R5_F4,5,4,229,0,0.8225443359202641,0.7214708235277084,0.7543859649122807
German Credit,R5_F4,5,4,230,1,0.3739261342302811,0.2999708806166506,0.26666666666666666
German Credit,R5_F4,5,4,233,0,0.24390932879123925,0.19968316848241288,0.2523364485981308
German Credit,R5_F4,5,4,234,0,0.01327747699485782,0.015100642781677217,0.0
German Credit,R5_F4,5,4,239,0,0.30769928799667934,0.24845127222360908,0.2564102564102564
German Credit,R5_F4,5,4,256,0,0.06601902771758701,0.061728918639893396,0.0449438202247191
German Credit,R5_F4,5,4,259,0,0.09873799427963355,0.08814190965840525,0.0449438202247191
German Credit,R5_F4,5,4,261,0,0.7544344838435988,0.6435136467774658,0.6136363636363636
German Credit,R5_F4,5,4,263,0,0.5165610944957736,0.4166129269396046,0.33853277401591986
German Credit,R5_F4,5,4,272,0,0.7940319940045905,0.6878234213610378,0.7543859649122807
German Credit,R5_F4,5,4,274,1,0.8201077435211123,0.7185317034981715,0.7543859649122807
German Credit,R5_F4,5,4,281,0,0.1328092315595395,0.11482195367149435,0.10714285714285714
German Credit,R5_F4,5,4,289,1,0.773958092846489,0.6650367512519287,0.7543859649122807
German Credit,R5_F4,5,4,297,0,0.22791687146770648,0.1875209375866266,0.2523364485981308
German Credit,R5_F4,5,4,300,0,0.10815216502600648,0.09557804957391898,0.0449438202247191
German Credit,R5_F4,5,4,302,1,0.2443720071455955,0.20003522148712327,0.2523364485981308
German Credit,R5_F4,5,4,303,0,0.3188586959174804,0.25705349640654696,0.2564102564102564
German Credit,R5_F4,5,4,309,0,0.4292238477210757,0.3440853026960321,0.32558139534883723
German Credit,R5_F4,5,4,313,1,0.5936992395117697,0.4845413520458189,0.4375
German Credit,R5_F4,5,4,317,0,0.4865329922379103,0.3912190668672241,0.32558139534883723
German Credit,R5_F4,5,4,328,0,0.34581029098549526,0.27795187353962864,0.2564102564102564
German Credit,R5_F4,5,4,329,0,0.2794106533906371,0.22675358680127214,0.2564102564102564
German Credit,R5_F4,5,4,330,0,0.18442428641155684,0.1544340942004292,0.2523364485981308
German Credit,R5_F4,5,4,339,0,0.6368649155101275,0.524578409967246,0.6136363636363636
German Credit,R5_F4,5,4,340,0,0.7307823301973401,0.6182050515819214,0.6136363636363636
German Credit,R5_F4,5,4,341,0,0.405910093297197,0.32534199046696066,0.32558139534883723
German Credit,R5_F4,5,4,343,0,0.6503739103901701,0.5374573283580489,0.6136363636363636
German Credit,R5_F4,5,4,348,0,0.046625043324408394,0.045445855820321394,0.03076923076923077
German Credit,R5_F4,5,4,355,1,0.6469823314852001,0.5342072661866417,0.6136363636363636
German Credit,R5_F4,5,4,357,1,0.23748769324460914,0.19479820441667106,0.2523364485981308
German Credit,R5_F4,5,4,361,0,0.10339613042881156,0.0918285278652129,0.0449438202247191
German Credit,R5_F4,5,4,362,0,0.31046664229724263,0.25058198008267746,0.2564102564102564
German Credit,R5_F4,5,4,376,0,0.18806602036857115,0.15720941348014342,0.2523364485981308
German Credit,R5_F4,5,4,382,0,0.287242172594317,0.2327466092003935,0.2564102564102564
German Credit,R5_F4,5,4,389,0,0.17430964280384278,0.14671668342502284,0.2523364485981308
German Credit,R5_F4,5,4,392,0,0.763255936308653,0.6531642453731822,0.7543859649122807
German Credit,R5_F4,5,4,396,0,0.7388759197735606,0.6267758403010009,0.6136363636363636
German Credit,R5_F4,5,4,397,0,0.6884137354966815,0.5747265740267123,0.6136363636363636
German Credit,R5_F4,5,4,400,0,0.13373933242050354,0.11554249851185644,0.10714285714285714
German Credit,R5_F4,5,4,401,0,0.5067018760819705,0.408217082368517,0.32558139534883723
German Credit,R5_F4,5,4,407,0,0.5032751013212926,0.4053125332022977,0.32558139534883723
German Credit,R5_F4,5,4,412,1,0.11103100518864166,0.09784098159338585,0.1
German Credit,R5_F4,5,4,420,0,0.0959434401625077,0.08592291937212757,0.0449438202247191
German Credit,R5_F4,5,4,421,0,0.10120023827324463,0.09009245103728668,0.0449438202247191
German Credit,R5_F4,5,4,422,0,0.22307615387979948,0.18384109244953614,0.2523364485981308
German Credit,R5_F4,5,4,423,0,0.08033057430332359,0.07341021595777004,0.0449438202247191
German Credit,R5_F4,5,4,427,0,0.019761845790426485,0.02139802532599813,0.0
German Credit,R5_F4,5,4,434,0,0.4071841783842356,0.32636057217878317,0.32558139534883723
German Credit,R5_F4,5,4,440,0,0.13932237003846457,0.11986086855879448,0.10714285714285714
German Credit,R5_F4,5,4,444,1,0.6577529521232954,0.5445680874609132,0.6136363636363636
German Credit,R5_F4,5,4,446,1,0.8922428143993111,0.8117150929215408,1.0
German Credit,R5_F4,5,4,451,0,0.11452132991915648,0.10057825520540961,0.1
German Credit,R5_F4,5,4,456,0,0.2514473888530468,0.20542074938693078,0.2523364485981308
German Credit,R5_F4,5,4,461,0,0.500336112769314,0.4028269122105383,0.32558139534883723
German Credit,R5_F4,5,4,467,0,0.2717072035424994,0.22086735945941396,0.2523364485981308
German Credit,R5_F4,5,4,468,0,0.3430910400611691,0.2758347256137519,0.2564102564102564
German Credit,R5_F4,5,4,470,1,0.5350396361083796,0.4325113433821334,0.3488372093023256
German Credit,R5_F4,5,4,476,0,0.09010563971978257,0.08126841926921896,0.0449438202247191
German Credit,R5_F4,5,4,478,0,0.18921148462577864,0.15808204909944765,0.2523364485981308
German Credit,R5_F4,5,4,488,0,0.06239171665623722,0.058728365736753295,0.0449438202247191
German Credit,R5_F4,5,4,492,0,0.07290722142677876,0.06738029783204703,0.0449438202247191
German Credit,R5_F4,5,4,493,0,0.13770558083529053,0.11861147506660477,0.10714285714285714
German Credit,R5_F4,5,4,501,0,0.5249240697489483,0.4237813482017172,0.3488372093023256
German Credit,R5_F4,5,4,502,0,0.23077562216063555,0.18969431643969295,0.2523364485981308
German Credit,R5_F4,5,4,504,1,0.9246545061076458,0.8589609610999746,1.0
German Credit,R5_F4,5,4,512,0,0.17590623346595924,0.14793587942758293,0.2523364485981308
German Credit,R5_F4,5,4,513,0,0.524109797550275,0.42308146024123167,0.3488372093023256
German Credit,R5_F4,5,4,525,0,0.3835988999650588,0.3076049879411316,0.3157894736842105
German Credit,R5_F4,5,4,528,1,0.8404828950183586,0.7435087301924869,0.7543859649122807
German Credit,R5_F4,5,4,533,0,0.09747660589450151,0.08714101516834244,0.0449438202247191
German Credit,R5_F4,5,4,550,0,0.05569661470492258,0.05313972729976104,0.03076923076923077
German Credit,R5_F4,5,4,555,1,0.3596773465753927,0.28878155553472223,0.2564102564102564
German Credit,R5_F4,5,4,559,1,0.27671650589320246,0.22469404215789493,0.2564102564102564
German Credit,R5_F4,5,4,561,1,0.557421201256929,0.45206962875999607,0.3488372093023256
German Credit,R5_F4,5,4,566,1,0.5192370128694453,0.4189018831573613,0.3488372093023256
German Credit,R5_F4,5,4,581,0,0.35488892395667065,0.2850355483119762,0.2564102564102564
German Credit,R5_F4,5,4,585,1,0.713164067131499,0.5998520543737781,0.6136363636363636
German Credit,R5_F4,5,4,587,0,0.2340509942062076,0.19218471615985858,0.2523364485981308
German Credit,R5_F4,5,4,593,1,0.729175066166289,0.6165137229830187,0.6136363636363636
German Credit,R5_F4,5,4,604,0,0.48672739849825114,0.3913818141007496,0.32558139534883723
German Credit,R5_F4,5,4,609,0,0.1036475759246175,0.09202711856996144,0.0449438202247191
German Credit,R5_F4,5,4,611,1,0.3987072517000012,0.3195954785825058,0.3157894736842105
German Credit,R5_F4,5,4,614,1,0.14762614649607694,0.12626400898247359,0.10714285714285714
German Credit,R5_F4,5,4,621,1,0.41181700462088894,0.330069773912761,0.32558139534883723
German Credit,R5_F4,5,4,626,0,0.13005882961206977,0.1126892342026026,0.10714285714285714
German Credit,R5_F4,5,4,634,1,0.6466340170848393,0.5338741259763995,0.6136363636363636
German Credit,R5_F4,5,4,649,1,0.8113018134526473,0.7080119835987809,0.7543859649122807
German Credit,R5_F4,5,4,650,0,0.9301925985272929,0.8674920807780163,1.0
German Credit,R5_F4,5,4,653,1,0.3838612855742405,0.3078125229191023,0.3157894736842105
German Credit,R5_F4,5,4,657,0,0.1989031134102409,0.16546034436907853,0.2523364485981308
German Credit,R5_F4,5,4,659,0,0.29636103696406585,0.2397374976229367,0.2564102564102564
German Credit,R5_F4,5,4,670,0,0.162088194198538,0.13736888321577292,0.125
German Credit,R5_F4,5,4,671,0,0.14731871864702661,0.12602733268585642,0.10714285714285714
German Credit,R5_F4,5,4,678,0,0.8408953657438448,0.7440240827387326,0.7543859649122807
German Credit,R5_F4,5,4,680,0,0.3745358881060243,0.3004511820900855,0.26666666666666666
German Credit,R5_F4,5,4,683,0,0.2565856620842884,0.20933433296431453,0.2523364485981308
German Credit,R5_F4,5,4,685,0,0.4427491758482897,0.3550663722390119,0.32558139534883723
German Credit,R5_F4,5,4,692,0,0.3540355543200539,0.28436867610949074,0.2564102564102564
German Credit,R5_F4,5,4,693,0,0.1540709328840246,0.13121939387711426,0.10714285714285714
German Credit,R5_F4,5,4,694,0,0.07913252840142752,0.0724409471823193,0.0449438202247191
German Credit,R5_F4,5,4,696,0,0.062274834446470716,0.05863137597341179,0.0449438202247191
German Credit,R5_F4,5,4,697,0,0.17404697523126192,0.14651606430858294,0.2523364485981308
German Credit,R5_F4,5,4,701,1,0.45996241283548905,0.3691646112895474,0.32558139534883723
German Credit,R5_F4,5,4,702,0,0.3153825862954762,0.25437101340882,0.2564102564102564
German Credit,R5_F4,5,4,704,0,0.7618266243450407,0.6515924290153515,0.7543859649122807
German Credit,R5_F4,5,4,714,1,0.8464640012500974,0.7510215232548135,0.7543859649122807
German Credit,R5_F4,5,4,717,0,0.1507823767099683,0.12869227328197616,0.10714285714285714
German Credit,R5_F4,5,4,726,0,0.12069120088679348,0.1054011826609748,0.10714285714285714
German Credit,R5_F4,5,4,736,1,0.6894658425715855,0.5757798517922679,0.6136363636363636
German Credit,R5_F4,5,4,742,0,0.05446823188533285,0.052106609763448546,0.03076923076923077
German Credit,R5_F4,5,4,744,0,0.646872573720734,0.5341022771614145,0.6136363636363636
German Credit,R5_F4,5,4,745,0,0.4507491218126924,0.36160096078897275,0.32558139534883723
German Credit,R5_F4,5,4,754,1,0.10837919969857622,0.09575668902219851,0.0449438202247191
German Credit,R5_F4,5,4,757,1,0.07170728002519773,0.06639992750645295,0.0449438202247191
German Credit,R5_F4,5,4,759,1,0.4213264285095469,0.3377107120308514,0.32558139534883723
German Credit,R5_F4,5,4,761,1,0.6275847112038889,0.5158314022170596,0.4375
German Credit,R5_F4,5,4,774,0,0.30704812565987855,0.2479501450661712,0.2564102564102564
German Credit,R5_F4,5,4,780,1,0.15378353878459133,0.1309986584836061,0.10714285714285714
German Credit,R5_F4,5,4,783,1,0.8195612664473209,0.7178742314571506,0.7543859649122807
German Credit,R5_F4,5,4,785,0,0.28754038624515915,0.23297500746113903,0.2564102564102564
German Credit,R5_F4,5,4,786,0,0.10155014973541653,0.09036930703987552,0.0449438202247191
German Credit,R5_F4,5,4,793,0,0.590152919297478,0.48132231981987206,0.4375
German Credit,R5_F4,5,4,800,0,0.28826231390424084,0.2335279838938069,0.2564102564102564
German Credit,R5_F4,5,4,806,0,0.16278933146686478,0.13790596789032622,0.125
German Credit,R5_F4,5,4,809,1,0.7055134388347426,0.5920062731918362,0.6136363636363636
German Credit,R5_F4,5,4,812,1,0.47319798986887746,0.38010445318833225,0.32558139534883723
German Credit,R5_F4,5,4,817,0,0.029326269767372442,0.03024761008304988,0.03076923076923077
German Credit,R5_F4,5,4,821,0,0.3416674126214653,0.27472713650351316,0.2564102564102564
German Credit,R5_F4,5,4,822,1,0.7690896011313172,0.6596130000310978,0.7543859649122807
German Credit,R5_F4,5,4,823,0,0.2711204849710554,0.22041937446740498,0.2523364485981308
German Credit,R5_F4,5,4,825,0,0.6257899808209146,0.5141489424032297,0.4375
German Credit,R5_F4,5,4,829,0,0.4536036116669961,0.36393994456156203,0.32558139534883723
German Credit,R5_F4,5,4,839,0,0.22032725772728376,0.18175150340793048,0.2523364485981308
German Credit,R5_F4,5,4,844,0,0.30239887592574577,0.24437462939585355,0.2564102564102564
German Credit,R5_F4,5,4,853,1,0.8633576146562164,0.7727266258164018,0.7697856881457269
German Credit,R5_F4,5,4,854,0,0.47673208791674165,0.3830408467680545,0.32558139534883723
German Credit,R5_F4,5,4,861,1,0.23879049279324627,0.195789073447452,0.2523364485981308
German Credit,R5_F4,5,4,866,0,0.7678228552066105,0.6582080792251817,0.7543859649122807
German Credit,R5_F4,5,4,867,0,0.09769873944317164,0.08731735774964039,0.0449438202247191
German Credit,R5_F4,5,4,878,1,0.5989888025746858,0.4893616798079517,0.4375
German Credit,R5_F4,5,4,883,0,0.15454228190894762,0.1315813707978859,0.10714285714285714
German Credit,R5_F4,5,4,890,0,0.5708544704669993,0.4639777173787845,0.4375
German Credit,R5_F4,5,4,895,0,0.07800069850970151,0.07152391877301496,0.0449438202247191
German Credit,R5_F4,5,4,898,0,0.14805215753058268,0.1265919314372081,0.10714285714285714
German Credit,R5_F4,5,4,906,0,0.21031260434344792,0.1741382099364054,0.2523364485981308
German Credit,R5_F4,5,4,910,0,0.39262229910744423,0.3147562003428698,0.3157894736842105
German Credit,R5_F4,5,4,912,0,0.26876821703448023,0.21862375514215665,0.2523364485981308
German Credit,R5_F4,5,4,916,0,0.07289516031677361,0.06737045196144302,0.0449438202247191
German Credit,R5_F4,5,4,918,1,0.5629994691201282,0.45699861836403416,0.3488372093023256
German Credit,R5_F4,5,4,925,1,0.8110341461889218,0.7076946818366725,0.7543859649122807
German Credit,R5_F4,5,4,926,0,0.6266614031089314,0.5149654862855709,0.4375
German Credit,R5_F4,5,4,932,0,0.05426144618059681,0.05193244346976128,0.03076923076923077
German Credit,R5_F4,5,4,933,0,0.02852486062913609,0.029521312718455286,0.03076923076923077
German Credit,R5_F4,5,4,935,1,0.44894712158597,0.3601264007574788,0.32558139534883723
German Credit,R5_F4,5,4,938,1,0.8781186254580433,0.792331181750632,0.7777777777777778
German Credit,R5_F4,5,4,946,1,0.6340389641886414,0.5219063404836312,0.6136363636363636
German Credit,R5_F4,5,4,950,0,0.4473825879937199,0.3588474074437312,0.32558139534883723
German Credit,R5_F4,5,4,957,0,0.10666903698655746,0.09441030257092804,0.0449438202247191
German Credit,R5_F4,5,4,961,0,0.6169701428833717,0.5059229295717678,0.4375
German Credit,R5_F4,5,4,963,1,0.10023216813765112,0.08932606405443709,0.0449438202247191
German Credit,R5_F4,5,4,967,0,0.32020564531203227,0.25809366388015254,0.2564102564102564
German Credit,R5_F4,5,4,971,0,0.38049486946215144,0.3051516691642119,0.26666666666666666
German Credit,R5_F4,5,4,974,0,0.13488446569106907,0.11642917277861442,0.10714285714285714
German Credit,R5_F4,5,4,975,0,0.42479429690109277,0.34050659093940655,0.32558139534883723
German Credit,R5_F4,5,4,979,1,0.7549386311034342,0.6440619748091807,0.6136363636363636
German Credit,R5_F4,5,4,980,1,0.32675287571769246,0.2631557624854258,0.2564102564102564
German Credit,R5_F4,5,4,984,0,0.05516504766405227,0.05269297045187405,0.03076923076923077
German Credit,R5_F4,5,4,986,0,0.7184028386960516,0.6052669994696417,0.6136363636363636
German Credit,R5_F4,5,4,991,0,0.1949414959254769,0.1624453200866387,0.2523364485981308
German Credit,R5_F4,5,4,993,0,0.7754882374611731,0.6667494437351329,0.7543859649122807
German Credit,R5_F5,5,5,9,1,0.5547095920210875,0.4517328233274891,0.4457831325301205
German Credit,R5_F5,5,5,18,1,0.8259636685518171,0.7352379910065319,0.8421052631578947
German Credit,R5_F5,5,5,27,0,0.29089612008231586,0.23100056187090354,0.22580645161290322
German Credit,R5_F5,5,5,28,0,0.09429246713230076,0.07956095926057166,0.09523809523809523
German Credit,R5_F5,5,5,32,0,0.5727852886505214,0.4683176274910621,0.4457831325301205
German Credit,R5_F5,5,5,34,0,0.4214496493085691,0.336024165290441,0.2692307692307692
German Credit,R5_F5,5,5,39,0,0.23080605607851282,0.1844099349623923,0.18085106382978725
German Credit,R5_F5,5,5,45,0,0.1778896324094409,0.14384128171337918,0.17857142857142858
German Credit,R5_F5,5,5,46,0,0.13088316955501708,0.10783954634888925,0.09523809523809523
German Credit,R5_F5,5,5,49,0,0.23460811371177911,0.18733698416890177,0.18085106382978725
German Credit,R5_F5,5,5,51,0,0.16810446721151906,0.136356390421501,0.17857142857142858
German Credit,R5_F5,5,5,52,0,0.12590697920794403,0.10401406785659052,0.09523809523809523
German Credit,R5_F5,5,5,54,1,0.7351838534132752,0.6304813053997047,0.64
German Credit,R5_F5,5,5,59,1,0.8118938946775823,0.7181160098748932,0.8421052631578947
German Credit,R5_F5,5,5,63,1,0.8815573289186363,0.8069192755038749,0.8947368421052632
German Credit,R5_F5,5,5,67,0,0.4930906624748368,0.396907169127405,0.4457831325301205
German Credit,R5_F5,5,5,70,0,0.5697288083373807,0.4654960024650702,0.4457831325301205
German Credit,R5_F5,5,5,77,0,0.30311807791136536,0.24058208867146721,0.22580645161290322
German Credit,R5_F5,5,5,90,0,0.03551195834950018,0.03253005232368683,0.0
German Credit,R5_F5,5,5,94,0,0.3449859784231082,0.2737500446562689,0.2692307692307692
German Credit,R5_F5,5,5,96,0,0.062438343042920175,0.05446538702342677,0.09523809523809523
German Credit,R5_F5,5,5,97,0,0.3891401351137412,0.3094097143619965,0.2692307692307692
German Credit,R5_F5,5,5,102,0,0.08271859852662515,0.07051391143652927,0.09523809523809523
German Credit,R5_F5,5,5,103,0,0.1693408041425143,0.13730211775211823,0.17857142857142858
German Credit,R5_F5,5,5,106,1,0.5034652166273271,0.4059652332807728,0.4457831325301205
German Credit,R5_F5,5,5,108,0,0.4932509368166243,0.39704660573245826,0.4457831325301205
German Credit,R5_F5,5,5,115,0,0.07513532823722348,0.06454648786596236,0.09523809523809523
German Credit,R5_F5,5,5,128,0,0.11779978139040796,0.09777061352269271,0.09523809523809523
German Credit,R5_F5,5,5,133,0,0.4858054125678648,0.3905853526986758,0.34615384615384615
German Credit,R5_F5,5,5,138,0,0.11384595678625133,0.0947199735877651,0.09523809523809523
German Credit,R5_F5,5,5,152,0,0.6190106895385904,0.511904462817227,0.5
German Credit,R5_F5,5,5,153,0,0.4060861829397234,0.3233096273738883,0.2692307692307692
German Credit,R5_F5,5,5,159,0,0.018051901854418132,0.017576645634941393,0.0
German Credit,R5_F5,5,5,161,0,0.24641481402207532,0.19644172236742466,0.18085106382978725
German Credit,R5_F5,5,5,174,1,0.5603351417262922,0.456868310425435,0.4457831325301205
German Credit,R5_F5,5,5,177,0,0.13505267440808755,0.11104153294288178,0.09523809523809523
German Credit,R5_F5,5,5,181,1,0.6593803910086711,0.5515070003554292,0.5333333333333333
German Credit,R5_F5,5,5,183,0,0.05653733401506939,0.04973329273824857,0.09523809523809523
German Credit,R5_F5,5,5,185,0,0.0576291837910007,0.050611434645170456,0.09523809523809523
German Credit,R5_F5,5,5,187,0,0.3968738585632093,0.31573755392339603,0.2692307692307692
German Credit,R5_F5,5,5,190,1,0.15395785019647193,0.12553151202069524,0.09523809523809523
German Credit,R5_F5,5,5,193,0,0.0490194181235531,0.04365122664210056,0.0
German Credit,R5_F5,5,5,195,1,0.24093369075585133,0.19221196324668963,0.18085106382978725
German Credit,R5_F5,5,5,196,0,0.03619851598411566,0.033102658705178825,0.0
German Credit,R5_F5,5,5,199,1,0.5995804942432461,0.4933682702574941,0.5
German Credit,R5_F5,5,5,200,0,0.07696053596172922,0.06598604043490287,0.09523809523809523
German Credit,R5_F5,5,5,210,0,0.023891907305886907,0.022677998526986518,0.0
German Credit,R5_F5,5,5,214,0,0.05000377267023326,0.04445136644608243,0.0
German Credit,R5_F5,5,5,219,0,0.22537216845601793,0.18023037990219626,0.18085106382978725
German Credit,R5_F5,5,5,224,0,0.10888178035251246,0.09088362575914233,0.09523809523809523
German Credit,R5_F5,5,5,235,1,0.6965732672544189,0.5894375506806734,0.5333333333333333
German Credit,R5_F5,5,5,238,0,0.07555929361448964,0.06488106637276865,0.09523809523809523
German Credit,R5_F5,5,5,240,1,0.7979148216464695,0.7014563526240728,0.8421052631578947
German Credit,R5_F5,5,5,248,0,0.33981217191532753,0.2696198318221074,0.2692307692307692
German Credit,R5_F5,5,5,249,1,0.16812020711098805,0.13636843069886057,0.17857142857142858
German Credit,R5_F5,5,5,250,0,0.13284382431901473,0.10934559234483307,0.09523809523809523
German Credit,R5_F5,5,5,251,0,0.22520399274426217,0.18010109265505495,0.18085106382978725
German Credit,R5_F5,5,5,254,0,0.12299465671017534,0.10177293455891924,0.09523809523809523
German Credit,R5_F5,5,5,257,1,0.7294385295923881,0.6242573244037275,0.64
German Credit,R5_F5,5,5,258,0,0.09822418373190549,0.0826202639212412,0.09523809523809523
German Credit,R5_F5,5,5,264,0,0.01849605538897838,0.017969251996070756,0.0
German Credit,R5_F5,5,5,270,0,0.043187021409766414,0.03888381565069025,0.0
German Credit,R5_F5,5,5,279,0,0.277922027662293,0.2208730145232847,0.18085106382978725
German Credit,R5_F5,5,5,282,0,0.41256450670164974,0.32865754007223424,0.2692307692307692
German Credit,R5_F5,5,5,287,0,0.5727149968995079,0.46825265657281195,0.4457831325301205
German Credit,R5_F5,5,5,288,0,0.209332501455166,0.16791586701694103,0.18085106382978725
German Credit,R5_F5,5,5,305,0,0.1053784141468257,0.08817164447702677,0.09523809523809523
German Credit,R5_F5,5,5,311,0,0.47374602904909047,0.38018929190153733,0.34615384615384615
German Credit,R5_F5,5,5,312,0,0.3677016066702985,0.29199990990738006,0.2692307692307692
German Credit,R5_F5,5,5,320,1,0.5638377443139292,0.46007758007496785,0.4457831325301205
German Credit,R5_F5,5,5,324,0,0.19316700020393815,0.15553114725660633,0.18085106382978725
German Credit,R5_F5,5,5,326,0,0.11694897533430004,0.09711450290556554,0.09523809523809523
German Credit,R5_F5,5,5,327,0,0.156610444521904,0.12756198464989016,0.09523809523809523
German Credit,R5_F5,5,5,336,0,0.2650699405088958,0.21088126018492215,0.18085106382978725
German Credit,R5_F5,5,5,349,1,0.1727928133664284,0.13994262364085586,0.17857142857142858
German Credit,R5_F5,5,5,350,0,0.10677338355303434,0.08925197790052637,0.09523809523809523
German Credit,R5_F5,5,5,365,0,0.07965074872654453,0.06810397269311122,0.09523809523809523
German Credit,R5_F5,5,5,388,0,0.2439599037646163,0.19454661403738052,0.18085106382978725
German Credit,R5_F5,5,5,391,0,0.44309902649494465,0.3541345272010189,0.2692307692307692
German Credit,R5_F5,5,5,418,0,0.19125749055753063,0.15406948347020583,0.18085106382978725
German Credit,R5_F5,5,5,436,0,0.09294507567035722,0.07851102757656031,0.09523809523809523
German Credit,R5_F5,5,5,455,0,0.20208929280070229,0.16236404695053744,0.18085106382978725
German Credit,R5_F5,5,5,457,1,0.22931828744974714,0.18326516560430187,0.18085106382978725
German Credit,R5_F5,5,5,473,0,0.09536175878642851,0.08039362464825449,0.09523809523809523
German Credit,R5_F5,5,5,474,1,0.4362856964585482,0.34840969451813164,0.2692307692307692
German Credit,R5_F5,5,5,481,0,0.7739693834496566,0.6736722897944589,0.8333333333333334
German Credit,R5_F5,5,5,482,0,0.6104146175383128,0.5036639462266395,0.5
German Credit,R5_F5,5,5,483,0,0.09109409397150599,0.07706735322071964,0.09523809523809523
German Credit,R5_F5,5,5,484,0,0.10166255140484533,0.08529063508005666,0.09523809523809523
German Credit,R5_F5,5,5,487,0,0.43035412047187144,0.3434448356987047,0.2692307692307692
German Credit,R5_F5,5,5,489,0,0.19352656421586292,0.15580640488627281,0.18085106382978725
German Credit,R5_F5,5,5,499,0,0.18579265574765066,0.14988736941252637,0.17857142857142858
German Credit,R5_F5,5,5,500,1,0.7944222107294959,0.6973461464195515,0.8421052631578947
German Credit,R5_F5,5,5,503,1,0.5744552689320935,0.46986231302865583,0.4457831325301205
German Credit,R5_F5,5,5,509,0,0.23427720983519382,0.18708214469086068,0.18085106382978725
German Credit,R5_F5,5,5,511,0,0.1288968390053622,0.10631309550198116,0.09523809523809523
German Credit,R5_F5,5,5,532,0,0.12974015907053513,0.10696125474356417,0.09523809523809523
German Credit,R5_F5,5,5,536,0,0.6391966104673489,0.5315151113790046,0.5
German Credit,R5_F5,5,5,537,0,0.2994963097715005,0.23773841602596182,0.22580645161290322
German Credit,R5_F5,5,5,539,0,0.31617253188175853,0.25086391282354137,0.25
German Credit,R5_F5,5,5,542,1,0.5430093768805049,0.4411250873858788,0.4457831325301205
German Credit,R5_F5,5,5,543,1,0.19312892229947173,0.15550199787010852,0.18085106382978725
German Credit,R5_F5,5,5,544,0,0.0754263161652109,0.0647761380744013,0.09523809523809523
German Credit,R5_F5,5,5,545,1,0.7272142786740549,0.6218591180834568,0.64
German Credit,R5_F5,5,5,546,0,0.23177093787381717,0.1851525459274322,0.18085106382978725
German Credit,R5_F5,5,5,548,1,0.6740301806927361,0.5662720072778465,0.5333333333333333
German Credit,R5_F5,5,5,549,0,0.07136978658575023,0.06156946819129488,0.09523809523809523
German Credit,R5_F5,5,5,552,1,0.5045444842848814,0.40691136178731474,0.4457831325301205
German Credit,R5_F5,5,5,556,1,0.6893097650510622,0.5819125839901568,0.5333333333333333
German Credit,R5_F5,5,5,557,1,0.5293357481928227,0.4288497273338803,0.4457831325301205
German Credit,R5_F5,5,5,558,1,0.541736871531525,0.43997725281460115,0.4457831325301205
German Credit,R5_F5,5,5,570,1,0.7481445631191814,0.6446811693826465,0.64
German Credit,R5_F5,5,5,572,0,0.1263089042735778,0.10432322606308572,0.09523809523809523
German Credit,R5_F5,5,5,578,1,0.5644246287113276,0.46061620837466494,0.4457831325301205
German Credit,R5_F5,5,5,583,1,0.7579367521808734,0.6555614093920759,0.64
German Credit,R5_F5,5,5,588,1,0.6212646978664167,0.5140759678560091,0.5
German Credit,R5_F5,5,5,589,1,0.18473411851100527,0.14907744338609902,0.17857142857142858
German Credit,R5_F5,5,5,590,0,0.23860599415274522,0.1904172827519308,0.18085106382978725
German Credit,R5_F5,5,5,592,0,0.27827064649344785,0.2211445903123947,0.18085106382978725
German Credit,R5_F5,5,5,598,1,0.20107754036607442,0.16158892377136747,0.18085106382978725
German Credit,R5_F5,5,5,599,0,0.17930744870828294,0.14492584826119323,0.17857142857142858
German Credit,R5_F5,5,5,601,1,0.6007121940721353,0.4944391017016554,0.5
German Credit,R5_F5,5,5,602,1,0.7447885393590018,0.6409826825454229,0.64
German Credit,R5_F5,5,5,606,0,0.1290812711806608,0.10645485755357442,0.09523809523809523
German Credit,R5_F5,5,5,615,0,0.5104268445377502,0.4120809338401334,0.4457831325301205
German Credit,R5_F5,5,5,616,0,0.3919566244843317,0.31171120356260656,0.2692307692307692
German Credit,R5_F5,5,5,625,0,0.04823710105924254,0.04301443726838432,0.0
German Credit,R5_F5,5,5,630,0,0.5671569895701847,0.46312730361853743,0.4457831325301205
German Credit,R5_F5,5,5,633,1,0.351576333764916,0.27902495763143115,0.2692307692307692
German Credit,R5_F5,5,5,635,0,0.3655384697614294,0.2902535781540094,0.2692307692307692
German Credit,R5_F5,5,5,645,1,0.4034317391071043,0.3211239013415284,0.2692307692307692
German Credit,R5_F5,5,5,646,0,0.6415056019607812,0.5337822743095724,0.5
German Credit,R5_F5,5,5,647,1,0.19168940350800204,0.1544000798830048,0.18085106382978725
German Credit,R5_F5,5,5,651,1,0.3825371333318757,0.3040273246919986,0.2692307692307692
German Credit,R5_F5,5,5,658,0,0.7950887876547471,0.6981290246113474,0.8421052631578947
German Credit,R5_F5,5,5,664,0,0.22346147906397462,0.17876174254837346,0.18085106382978725
German Credit,R5_F5,5,5,667,0,0.485987990931329,0.39074340031469884,0.34615384615384615
German Credit,R5_F5,5,5,672,0,0.43850816464529424,0.35027450179665554,0.2692307692307692
German Credit,R5_F5,5,5,689,0,0.28551842691719664,0.22679750514065122,0.18085106382978725
German Credit,R5_F5,5,5,695,0,0.05297998461669601,0.04686343965149874,0.09523809523809523
German Credit,R5_F5,5,5,712,0,0.034489106743182264,0.0316752635937079,0.0
German Credit,R5_F5,5,5,713,0,0.1622483876895714,0.13187635655348157,0.09523809523809523
German Credit,R5_F5,5,5,716,0,0.03101249028410209,0.028753628910152266,0.0
German Credit,R5_F5,5,5,718,0,0.17128277950576734,0.1387875808495456,0.17857142857142858
German Credit,R5_F5,5,5,724,1,0.36297165707571816,0.2881837202179732,0.2692307692307692
German Credit,R5_F5,5,5,727,1,0.739246147551467,0.6349079367047696,0.64
German Credit,R5_F5,5,5,732,0,0.13609388237265174,0.11184070385754748,0.09523809523809523
German Credit,R5_F5,5,5,734,0,0.04561789551970342,0.040876564595945276,0.0
German Credit,R5_F5,5,5,739,1,0.8330194082658154,0.7439659656183708,0.8947368421052632
German Credit,R5_F5,5,5,747,1,0.6819551691325906,0.5743527663216387,0.5333333333333333
German Credit,R5_F5,5,5,748,0,0.05837253897088579,0.05120860128372778,0.09523809523809523
German Credit,R5_F5,5,5,765,0,0.2113643192552037,0.16947414651963386,0.18085106382978725
German Credit,R5_F5,5,5,773,0,0.2260827367892112,0.18077668217375317,0.18085106382978725
German Credit,R5_F5,5,5,778,0,0.036120914163029726,0.03303798201911318,0.0
German Credit,R5_F5,5,5,779,0,0.5015366445883508,0.40427637698659474,0.4457831325301205
German Credit,R5_F5,5,5,781,0,0.06208417705161242,0.054182304663365335,0.09523809523809523
German Credit,R5_F5,5,5,787,0,0.04247718628667301,0.03830026365395232,0.0
German Credit,R5_F5,5,5,794,0,0.20634306613308673,0.16562391231880838,0.18085106382978725
German Credit,R5_F5,5,5,796,1,0.21735389186279497,0.1740704242900474,0.18085106382978725
German Credit,R5_F5,5,5,802,0,0.3848596155000396,0.3059183817476559,0.2692307692307692
German Credit,R5_F5,5,5,803,0,0.027597759743255765,0.025856907264864983,0.0
German Credit,R5_F5,5,5,804,0,0.536441504323853,0.43521279671851565,0.4457831325301205
German Credit,R5_F5,5,5,807,0,0.025336044917338495,0.02392152928847189,0.0
German Credit,R5_F5,5,5,808,0,0.7008564804440685,0.5939029210852451,0.5333333333333333
German Credit,R5_F5,5,5,810,0,0.24622328998861676,0.19629383267517284,0.18085106382978725
German Credit,R5_F5,5,5,813,1,0.7370458250740203,0.6325075844681917,0.64
German Credit,R5_F5,5,5,815,0,0.8113836235395498,0.7175018640720554,0.8421052631578947
German Credit,R5_F5,5,5,818,0,0.8819141020869704,0.8074030329079128,0.8947368421052632
German Credit,R5_F5,5,5,834,1,0.1884382110497811,0.15191177916476573,0.17857142857142858
German Credit,R5_F5,5,5,836,0,0.19590358060160887,0.1576262896100579,0.18085106382978725
German Credit,R5_F5,5,5,856,0,0.09892654200553978,0.08316611286792223,0.09523809523809523
German Credit,R5_F5,5,5,857,0,0.11844442104635729,0.098267615615962,0.09523809523809523
German Credit,R5_F5,5,5,858,1,0.5485189980536282,0.44610808451124395,0.4457831325301205
German Credit,R5_F5,5,5,860,0,0.030981915497023237,0.02872781692666632,0.0
German Credit,R5_F5,5,5,862,1,0.671404367349024,0.5636092427829191,0.5333333333333333
German Credit,R5_F5,5,5,869,0,0.6656235457030387,0.5577723310544991,0.5333333333333333
German Credit,R5_F5,5,5,874,0,0.4382857095095969,0.3500877335209729,0.2692307692307692
German Credit,R5_F5,5,5,875,0,0.3421513327634252,0.27148599697732245,0.2692307692307692
German Credit,R5_F5,5,5,877,0,0.25009211840936196,0.19928256553597457,0.18085106382978725
German Credit,R5_F5,5,5,882,0,0.2900689333951176,0.23035355913640929,0.22580645161290322
German Credit,R5_F5,5,5,886,0,0.14039573596186747,0.11514092140240521,0.09523809523809523
German Credit,R5_F5,5,5,887,1,0.8629176803314919,0.782098691479595,0.8947368421052632
German Credit,R5_F5,5,5,889,0,0.320485910364338,0.2542726158870021,0.25
German Credit,R5_F5,5,5,900,1,0.5006809347589651,0.40352776814795593,0.4457831325301205
German Credit,R5_F5,5,5,913,0,0.06118754532292605,0.05346512384743876,0.09523809523809523
German Credit,R5_F5,5,5,917,1,0.7067562245432771,0.6000882383644136,0.6
German Credit,R5_F5,5,5,922,1,0.5020132005765333,0.4046934836233185,0.4457831325301205
German Credit,R5_F5,5,5,936,1,0.19261101813436088,0.15510554054151884,0.18085106382978725
German Credit,R5_F5,5,5,942,0,0.20148293624802224,0.16189949532585995,0.18085106382978725
German Credit,R5_F5,5,5,954,0,0.45879527160053274,0.36741517044285166,0.2692307692307692
German Credit,R5_F5,5,5,955,0,0.32740955460407434,0.25975651962269275,0.2692307692307692
German Credit,R5_F5,5,5,958,1,0.6630209125958503,0.5551556504849622,0.5333333333333333
German Credit,R5_F5,5,5,962,0,0.14834082081414093,0.1212301654241899,0.09523809523809523
German Credit,R5_F5,5,5,969,0,0.18567529676754,0.14979757163500024,0.17857142857142858
German Credit,R5_F5,5,5,976,0,0.12276704726192911,0.1015977052092845,0.09523809523809523
German Credit,R5_F5,5,5,977,0,0.20340719977797703,0.1633738497667252,0.18085106382978725
German Credit,R5_F5,5,5,981,1,0.6751612739577011,0.5674212494802303,0.5333333333333333
German Credit,R5_F5,5,5,988,0,0.41433570403224945,0.33012306127847435,0.2692307692307692
German Credit,R5_F5,5,5,989,0,0.2909221929856644,0.23102095834971825,0.22580645161290322
German Credit,R5_F5,5,5,996,0,0.4612018255618846,0.36946301873500625,0.34615384615384615
