run_id,inner_fold,feature_regime,training_regime,selected_source_features,selected_features
R1_F1,1,AllFeatures,Unweighted,20,status;credit_history;purpose;savings;employment_duration;personal_status_sex;other_debtors;property;other_installment_plans;housing;job;telephone;foreign_worker;duration;amount;installment_rate;present_residence;age;number_credits;people_liable
R1_F1,2,AllFeatures,Unweighted,20,status;credit_history;purpose;savings;employment_duration;personal_status_sex;other_debtors;property;other_installment_plans;housing;job;telephone;foreign_worker;duration;amount;installment_rate;present_residence;age;number_credits;people_liable
R1_F1,3,AllFeatures,Unweighted,20,status;credit_history;purpose;savings;employment_duration;personal_status_sex;other_debtors;property;other_installment_plans;housing;job;telephone;foreign_worker;duration;amount;installment_rate;present_residence;age;number_credits;people_liable
R1_F1,4,AllFeatures,Unweighted,20,status;credit_history;purpose;savings;employment_duration;personal_status_sex;other_debtors;property;other_installment_plans;housing;job;telephone;foreign_worker;duration;amount;installment_rate;present_residence;age;number_credits;people_liable
R1_F1,5,AllFeatures,Unweighted,20,status;credit_history;purpose;savings;employment_duration;personal_status_sex;other_debtors;property;other_installment_plans;housing;job;telephone;foreign_worker;duration;amount;installment_rate;present_residence;age;number_credits;people_liable
R1_F1,1,AllFeatures,Balanced,20,status;credit_history;purpose;savings;employment_duration;personal_status_sex;other_debtors;property;other_installment_plans;housing;job;telephone;foreign_worker;duration;amount;installment_rate;present_residence;age;number_credits;people_liable
R1_F1,2,AllFeatures,Balanced,20,status;credit_history;purpose;savings;employment_duration;personal_status_sex;other_debtors;property;other_installment_plans;housing;job;telephone;foreign_worker;duration;amount;installment_rate;present_residence;age;number_credits;people_liable
R1_F1,3,AllFeatures,Balanced,20,status;credit_history;purpose;savings;employment_duration;personal_status_sex;other_debtors;property;other_installment_plans;housing;job;telephone;foreign_worker;duration;amount;installment_rate;present_residence;age;number_credits;people_liable
R1_F1,4,AllFeatures,Balanced,20,status;credit_history;purpose;savings;employment_duration;personal_status_sex;other_debtors;property;other_installment_plans;housing;job;telephone;foreign_worker;duration;amount;installment_rate;present_residence;age;number_credits;people_liable
R1_F1,5,AllFeatures,Balanced,20,status;credit_history;purpose;savings;employment_duration;personal_status_sex;other_debtors;property;other_installment_plans;housing;job;telephone;foreign_worker;duration;amount;installment_rate;present_residence;age;number_credits;people_liable
R1_F1,1,FrozenChi2Top75,Unweighted,15,status;savings;other_installment_plans;housing;credit_history;duration;foreign_worker;amount;purpose;personal_status_sex;employment_duration;property;other_debtors;age;installment_rate
R1_F1,2,FrozenChi2Top75,Unweighted,15,status;housing;duration;savings;credit_history;other_installment_plans;amount;employment_duration;property;purpose;foreign_worker;personal_status_sex;other_debtors;telephone;installment_rate
R1_F1,3,FrozenChi2Top75,Unweighted,15,status;savings;other_installment_plans;credit_history;purpose;housing;employment_duration;property;duration;amount;foreign_worker;other_debtors;personal_status_sex;job;age
R1_F1,4,FrozenChi2Top75,Unweighted,15,status;housing;savings;duration;credit_history;other_installment_plans;amount;foreign_worker;property;purpose;other_debtors;installment_rate;employment_duration;job;people_liable
R1_F1,5,FrozenChi2Top75,Unweighted,15,housing;credit_history;savings;status;duration;other_installment_plans;amount;property;employment_duration;foreign_worker;other_debtors;purpose;personal_status_sex;installment_rate;job
R1_F1,1,FrozenChi2Top75,Balanced,15,status;savings;other_installment_plans;housing;credit_history;duration;foreign_worker;amount;purpose;personal_status_sex;employment_duration;property;other_debtors;age;installment_rate
R1_F1,2,FrozenChi2Top75,Balanced,15,status;housing;duration;savings;credit_history;other_installment_plans;amount;employment_duration;property;purpose;foreign_worker;personal_status_sex;other_debtors;telephone;installment_rate
R1_F1,3,FrozenChi2Top75,Balanced,15,status;savings;other_installment_plans;credit_history;purpose;housing;employment_duration;property;duration;amount;foreign_worker;other_debtors;personal_status_sex;job;age
R1_F1,4,FrozenChi2Top75,Balanced,15,status;housing;savings;duration;credit_history;other_installment_plans;amount;foreign_worker;property;purpose;other_debtors;installment_rate;employment_duration;job;people_liable
R1_F1,5,FrozenChi2Top75,Balanced,15,housing;credit_history;savings;status;duration;other_installment_plans;amount;property;employment_duration;foreign_worker;other_debtors;purpose;personal_status_sex;installment_rate;job
R1_F2,1,AllFeatures,Unweighted,20,status;credit_history;purpose;savings;employment_duration;personal_status_sex;other_debtors;property;other_installment_plans;housing;job;telephone;foreign_worker;duration;amount;installment_rate;present_residence;age;number_credits;people_liable
R1_F2,2,AllFeatures,Unweighted,20,status;credit_history;purpose;savings;employment_duration;personal_status_sex;other_debtors;property;other_installment_plans;housing;job;telephone;foreign_worker;duration;amount;installment_rate;present_residence;age;number_credits;people_liable
R1_F2,3,AllFeatures,Unweighted,20,status;credit_history;purpose;savings;employment_duration;personal_status_sex;other_debtors;property;other_installment_plans;housing;job;telephone;foreign_worker;duration;amount;installment_rate;present_residence;age;number_credits;people_liable
R1_F2,4,AllFeatures,Unweighted,20,status;credit_history;purpose;savings;employment_duration;personal_status_sex;other_debtors;property;other_installment_plans;housing;job;telephone;foreign_worker;duration;amount;installment_rate;present_residence;age;number_credits;people_liable
R1_F2,5,AllFeatures,Unweighted,20,status;credit_history;purpose;savings;employment_duration;personal_status_sex;other_debtors;property;other_installment_plans;housing;job;telephone;foreign_worker;duration;amount;installment_rate;present_residence;age;number_credits;people_liable
R1_F2,1,AllFeatures,Balanced,20,status;credit_history;purpose;savings;employment_duration;personal_status_sex;other_debtors;property;other_installment_plans;housing;job;telephone;foreign_worker;duration;amount;installment_rate;present_residence;age;number_credits;people_liable
R1_F2,2,AllFeatures,Balanced,20,status;credit_history;purpose;savings;employment_duration;personal_status_sex;other_debtors;property;other_installment_plans;housing;job;telephone;foreign_worker;duration;amount;installment_rate;present_residence;age;number_credits;people_liable
R1_F2,3,AllFeatures,Balanced,20,status;credit_history;purpose;savings;employment_duration;personal_status_sex;other_debtors;property;other_installment_plans;housing;job;telephone;foreign_worker;duration;amount;installment_rate;present_residence;age;number_credits;people_liable
R1_F2,4,AllFeatures,Balanced,20,status;credit_history;purpose;savings;employment_duration;personal_status_sex;other_debtors;property;other_installment_plans;housing;job;telephone;foreign_worker;duration;amount;installment_rate;present_residence;age;number_credits;people_liable
R1_F2,5,AllFeatures,Balanced,20,status;credit_history;purpose;savings;employment_duration;personal_status_sex;other_debtors;property;other_installment_plans;housing;job;telephone;foreign_worker;duration;amount;installment_rate;present_residence;age;number_credits;people_liable
R1_F2,1,FrozenChi2Top75,Unweighted,15,status;duration;credit_history;housing;amount;savings;foreign_worker;personal_status_sex;property;purpose;telephone;other_installment_plans;employment_duration;other_debtors;installment_rate
R1_F2,2,FrozenChi2Top75,Unweighted,15,status;duration;housing;credit_history;savings;amount;other_installment_plans;purpose;employment_duration;telephone;property;other_debtors;personal_status_sex;foreign_worker;number_credits
R1_F2,3,FrozenChi2Top75,Unweighted,15,status;duration;credit_history;other_installment_plans;amount;savings;housing;property;employment_duration;personal_status_sex;number_credits;purpose;age;foreign_worker;telephone
R1_F2,4,FrozenChi2Top75,Unweighted,15,status;duration;amount;credit_history;housing;installment_rate;other_installment_plans;savings;telephone;property;foreign_worker;employment_duration;purpose;number_credits;age
R1_F2,5,FrozenChi2Top75,Unweighted,15,duration;status;savings;housing;property;credit_history;employment_duration;amount;other_debtors;purpose;number_credits;installment_rate;personal_status_sex;other_installment_plans;foreign_worker
R1_F2,1,FrozenChi2Top75,Balanced,15,status;duration;credit_history;housing;amount;savings;foreign_worker;personal_status_sex;property;purpose;telephone;other_installment_plans;employment_duration;other_debtors;installment_rate
R1_F2,2,FrozenChi2Top75,Balanced,15,status;duration;housing;credit_history;savings;amount;other_installment_plans;purpose;employment_duration;telephone;property;other_debtors;personal_status_sex;foreign_worker;number_credits
R1_F2,3,FrozenChi2Top75,Balanced,15,status;duration;credit_history;other_installment_plans;amount;savings;housing;property;employment_duration;personal_status_sex;number_credits;purpose;age;foreign_worker;telephone
R1_F2,4,FrozenChi2Top75,Balanced,15,status;duration;amount;credit_history;housing;installment_rate;other_installment_plans;savings;telephone;property;foreign_worker;employment_duration;purpose;number_credits;age
R1_F2,5,FrozenChi2Top75,Balanced,15,duration;status;savings;housing;property;credit_history;employment_duration;amount;other_debtors;purpose;number_credits;installment_rate;personal_status_sex;other_installment_plans;foreign_worker
R1_F3,1,AllFeatures,Unweighted,20,status;credit_history;purpose;savings;employment_duration;personal_status_sex;other_debtors;property;other_installment_plans;housing;job;telephone;foreign_worker;duration;amount;installment_rate;present_residence;age;number_credits;people_liable
R1_F3,2,AllFeatures,Unweighted,20,status;credit_history;purpose;savings;employment_duration;personal_status_sex;other_debtors;property;other_installment_plans;housing;job;telephone;foreign_worker;duration;amount;installment_rate;present_residence;age;number_credits;people_liable
R1_F3,3,AllFeatures,Unweighted,20,status;credit_history;purpose;savings;employment_duration;personal_status_sex;other_debtors;property;other_installment_plans;housing;job;telephone;foreign_worker;duration;amount;installment_rate;present_residence;age;number_credits;people_liable
R1_F3,4,AllFeatures,Unweighted,20,status;credit_history;purpose;savings;employment_duration;personal_status_sex;other_debtors;property;other_installment_plans;housing;job;telephone;foreign_worker;duration;amount;installment_rate;present_residence;age;number_credits;people_liable
R1_F3,5,AllFeatures,Unweighted,20,status;credit_history;purpose;savings;employment_duration;personal_status_sex;other_debtors;property;other_installment_plans;housing;job;telephone;foreign_worker;duration;amount;installment_rate;present_residence;age;number_credits;people_liable
R1_F3,1,AllFeatures,Balanced,20,status;credit_history;purpose;savings;employment_duration;personal_status_sex;other_debtors;property;other_installment_plans;housing;job;telephone;foreign_worker;duration;amount;installment_rate;present_residence;age;number_credits;people_liable
R1_F3,2,AllFeatures,Balanced,20,status;credit_history;purpose;savings;employment_duration;personal_status_sex;other_debtors;property;other_installment_plans;housing;job;telephone;foreign_worker;duration;amount;installment_rate;present_residence;age;number_credits;people_liable
R1_F3,3,AllFeatures,Balanced,20,status;credit_history;purpose;savings;employment_duration;personal_status_sex;other_debtors;property;other_installment_plans;housing;job;telephone;foreign_worker;duration;amount;installment_rate;present_residence;age;number_credits;people_liable
R1_F3,4,AllFeatures,Balanced,20,status;credit_history;purpose;savings;employment_duration;personal_status_sex;other_debtors;property;other_installment_plans;housing;job;telephone;foreign_worker;duration;amount;installment_rate;present_residence;age;number_credits;people_liable
R1_F3,5,AllFeatures,Balanced,20,status;credit_history;purpose;savings;employment_duration;personal_status_sex;other_debtors;property;other_installment_plans;housing;job;telephone;foreign_worker;duration;amount;installment_rate;present_residence;age;number_credits;people_liable
R1_F3,1,FrozenChi2Top75,Unweighted,15,status;housing;credit_history;other_installment_plans;duration;savings;amount;purpose;property;foreign_worker;personal_status_sex;employment_duration;age;telephone;installment_rate
R1_F3,2,FrozenChi2Top75,Unweighted,15,status;duration;savings;housing;other_installment_plans;credit_history;property;amount;foreign_worker;age;purpose;personal_status_sex;installment_rate;employment_duration;people_liable
R1_F3,3,FrozenChi2Top75,Unweighted,15,status;other_installment_plans;duration;credit_history;savings;housing;amount;property;personal_status_sex;employment_duration;age;purpose;foreign_worker;installment_rate;telephone
R1_F3,4,FrozenChi2Top75,Unweighted,15,status;credit_history;savings;duration;housing;employment_duration;other_installment_plans;age;amount;purpose;property;foreign_worker;number_credits;personal_status_sex;job
R1_F3,5,FrozenChi2Top75,Unweighted,15,status;duration;credit_history;savings;property;installment_rate;housing;personal_status_sex;employment_duration;purpose;other_installment_plans;amount;age;foreign_worker;telephone
R1_F3,1,FrozenChi2Top75,Balanced,15,status;housing;credit_history;other_installment_plans;duration;savings;amount;purpose;property;foreign_worker;personal_status_sex;employment_duration;age;telephone;installment_rate
R1_F3,2,FrozenChi2Top75,Balanced,15,status;duration;savings;housing;other_installment_plans;credit_history;property;amount;foreign_worker;age;purpose;personal_status_sex;installment_rate;employment_duration;people_liable
R1_F3,3,FrozenChi2Top75,Balanced,15,status;other_installment_plans;duration;credit_history;savings;housing;amount;property;personal_status_sex;employment_duration;age;purpose;foreign_worker;installment_rate;telephone
R1_F3,4,FrozenChi2Top75,Balanced,15,status;credit_history;savings;duration;housing;employment_duration;other_installment_plans;age;amount;purpose;property;foreign_worker;number_credits;personal_status_sex;job
R1_F3,5,FrozenChi2Top75,Balanced,15,status;duration;credit_history;savings;property;installment_rate;housing;personal_status_sex;employment_duration;purpose;other_installment_plans;amount;age;foreign_worker;telephone
R1_F4,1,AllFeatures,Unweighted,20,status;credit_history;purpose;savings;employment_duration;personal_status_sex;other_debtors;property;other_installment_plans;housing;job;telephone;foreign_worker;duration;amount;installment_rate;present_residence;age;number_credits;people_liable
R1_F4,2,AllFeatures,Unweighted,20,status;credit_history;purpose;savings;employment_duration;personal_status_sex;other_debtors;property;other_installment_plans;housing;job;telephone;foreign_worker;duration;amount;installment_rate;present_residence;age;number_credits;people_liable
R1_F4,3,AllFeatures,Unweighted,20,status;credit_history;purpose;savings;employment_duration;personal_status_sex;other_debtors;property;other_installment_plans;housing;job;telephone;foreign_worker;duration;amount;installment_rate;present_residence;age;number_credits;people_liable
R1_F4,4,AllFeatures,Unweighted,20,status;credit_history;purpose;savings;employment_duration;personal_status_sex;other_debtors;property;other_installment_plans;housing;job;telephone;foreign_worker;duration;amount;installment_rate;present_residence;age;number_credits;people_liable
R1_F4,5,AllFeatures,Unweighted,20,status;credit_history;purpose;savings;employment_duration;personal_status_sex;other_debtors;property;other_installment_plans;housing;job;telephone;foreign_worker;duration;amount;installment_rate;present_residence;age;number_credits;people_liable
R1_F4,1,AllFeatures,Balanced,20,status;credit_history;purpose;savings;employment_duration;personal_status_sex;other_debtors;property;other_installment_plans;housing;job;telephone;foreign_worker;duration;amount;installment_rate;present_residence;age;number_credits;people_liable
R1_F4,2,AllFeatures,Balanced,20,status;credit_history;purpose;savings;employment_duration;personal_status_sex;other_debtors;property;other_installment_plans;housing;job;telephone;foreign_worker;duration;amount;installment_rate;present_residence;age;number_credits;people_liable
R1_F4,3,AllFeatures,Balanced,20,status;credit_history;purpose;savings;employment_duration;personal_status_sex;other_debtors;property;other_installment_plans;housing;job;telephone;foreign_worker;duration;amount;installment_rate;present_residence;age;number_credits;people_liable
R1_F4,4,AllFeatures,Balanced,20,status;credit_history;purpose;savings;employment_duration;personal_status_sex;other_debtors;property;other_installment_plans;housing;job;telephone;foreign_worker;duration;amount;installment_rate;present_residence;age;number_credits;people_liable
R1_F4,5,AllFeatures,Balanced,20,status;credit_history;purpose;savings;employment_duration;personal_status_sex;other_debtors;property;other_installment_plans;housing;job;telephone;foreign_worker;duration;amount;installment_rate;present_residence;age;number_credits;people_liable
R1_F4,1,FrozenChi2Top75,Unweighted,15,status;housing;duration;credit_history;savings;employment_duration;amount;personal_status_sex;telephone;foreign_worker;property;purpose;other_installment_plans;age;people_liable
R1_F4,2,FrozenChi2Top75,Unweighted,15,status;savings;housing;credit_history;duration;property;employment_duration;personal_status_sex;amount;age;purpose;other_installment_plans;foreign_worker;other_debtors;job
R1_F4,3,FrozenChi2Top75,Unweighted,15,status;housing;savings;credit_history;employment_duration;personal_status_sex;duration;people_liable;property;amount;age;telephone;purpose;other_debtors;foreign_worker
R1_F4,4,FrozenChi2Top75,Unweighted,15,status;housing;savings;duration;credit_history;property;other_installment_plans;amount;employment_duration;personal_status_sex;other_debtors;age;telephone;purpose;foreign_worker
R1_F4,5,FrozenChi2Top75,Unweighted,15,status;duration;housing;amount;credit_history;savings;personal_status_sex;property;employment_duration;other_debtors;purpose;people_liable;other_installment_plans;job;foreign_worker
R1_F4,1,FrozenChi2Top75,Balanced,15,status;housing;duration;credit_history;savings;employment_duration;amount;personal_status_sex;telephone;foreign_worker;property;purpose;other_installment_plans;age;people_liable
R1_F4,2,FrozenChi2Top75,Balanced,15,status;savings;housing;credit_history;duration;property;employment_duration;personal_status_sex;amount;age;purpose;other_installment_plans;foreign_worker;other_debtors;job
R1_F4,3,FrozenChi2Top75,Balanced,15,status;housing;savings;credit_history;employment_duration;personal_status_sex;duration;people_liable;property;amount;age;telephone;purpose;other_debtors;foreign_worker
R1_F4,4,FrozenChi2Top75,Balanced,15,status;housing;savings;duration;credit_history;property;other_installment_plans;amount;employment_duration;personal_status_sex;other_debtors;age;telephone;purpose;foreign_worker
R1_F4,5,FrozenChi2Top75,Balanced,15,status;duration;housing;amount;credit_history;savings;personal_status_sex;property;employment_duration;other_debtors;purpose;people_liable;other_installment_plans;job;foreign_worker
R1_F5,1,AllFeatures,Unweighted,20,status;credit_history;purpose;savings;employment_duration;personal_status_sex;other_debtors;property;other_installment_plans;housing;job;telephone;foreign_worker;duration;amount;installment_rate;present_residence;age;number_credits;people_liable
R1_F5,2,AllFeatures,Unweighted,20,status;credit_history;purpose;savings;employment_duration;personal_status_sex;other_debtors;property;other_installment_plans;housing;job;telephone;foreign_worker;duration;amount;installment_rate;present_residence;age;number_credits;people_liable
R1_F5,3,AllFeatures,Unweighted,20,status;credit_history;purpose;savings;employment_duration;personal_status_sex;other_debtors;property;other_installment_plans;housing;job;telephone;foreign_worker;duration;amount;installment_rate;present_residence;age;number_credits;people_liable
R1_F5,4,AllFeatures,Unweighted,20,status;credit_history;purpose;savings;employment_duration;personal_status_sex;other_debtors;property;other_installment_plans;housing;job;telephone;foreign_worker;duration;amount;installment_rate;present_residence;age;number_credits;people_liable
R1_F5,5,AllFeatures,Unweighted,20,status;credit_history;purpose;savings;employment_duration;personal_status_sex;other_debtors;property;other_installment_plans;housing;job;telephone;foreign_worker;duration;amount;installment_rate;present_residence;age;number_credits;people_liable
R1_F5,1,AllFeatures,Balanced,20,status;credit_history;purpose;savings;employment_duration;personal_status_sex;other_debtors;property;other_installment_plans;housing;job;telephone;foreign_worker;duration;amount;installment_rate;present_residence;age;number_credits;people_liable
R1_F5,2,AllFeatures,Balanced,20,status;credit_history;purpose;savings;employment_duration;personal_status_sex;other_debtors;property;other_installment_plans;housing;job;telephone;foreign_worker;duration;amount;installment_rate;present_residence;age;number_credits;people_liable
R1_F5,3,AllFeatures,Balanced,20,status;credit_history;purpose;savings;employment_duration;personal_status_sex;other_debtors;property;other_installment_plans;housing;job;telephone;foreign_worker;duration;amount;installment_rate;present_residence;age;number_credits;people_liable
R1_F5,4,AllFeatures,Balanced,20,status;credit_history;purpose;savings;employment_duration;personal_status_sex;other_debtors;property;other_installment_plans;housing;job;telephone;foreign_worker;duration;amount;installment_rate;present_residence;age;number_credits;people_liable
R1_F5,5,AllFeatures,Balanced,20,status;credit_history;purpose;savings;employment_duration;personal_status_sex;other_debtors;property;other_installment_plans;housing;job;telephone;foreign_worker;duration;amount;installment_rate;present_residence;age;number_credits;people_liable
R1_F5,1,FrozenChi2Top75,Unweighted,15,status;housing;duration;credit_history;other_installment_plans;property;amount;savings;foreign_worker;purpose;other_debtors;personal_status_sex;employment_duration;installment_rate;age
R1_F5,2,FrozenChi2Top75,Unweighted,15,status;duration;housing;savings;credit_history;amount;property;foreign_worker;other_installment_plans;personal_status_sex;installment_rate;purpose;other_debtors;employment_duration;telephone
R1_F5,3,FrozenChi2Top75,Unweighted,15,status;duration;savings;housing;amount;credit_history;property;other_installment_plans;employment_duration;purpose;foreign_worker;installment_rate;other_debtors;personal_status_sex;people_liable
R1_F5,4,FrozenChi2Top75,Unweighted,15,duration;status;other_installment_plans;credit_history;savings;property;housing;foreign_worker;installment_rate;purpose;amount;other_debtors;personal_status_sex;employment_duration;number_credits
R1_F5,5,FrozenChi2Top75,Unweighted,15,status;housing;credit_history;duration;savings;installment_rate;other_installment_plans;property;purpose;other_debtors;employment_duration;amount;foreign_worker;age;number_credits
R1_F5,1,FrozenChi2Top75,Balanced,15,status;housing;duration;credit_history;other_installment_plans;property;amount;savings;foreign_worker;purpose;other_debtors;personal_status_sex;employment_duration;installment_rate;age
R1_F5,2,FrozenChi2Top75,Balanced,15,status;duration;housing;savings;credit_history;amount;property;foreign_worker;other_installment_plans;personal_status_sex;installment_rate;purpose;other_debtors;employment_duration;telephone
R1_F5,3,FrozenChi2Top75,Balanced,15,status;duration;savings;housing;amount;credit_history;property;other_installment_plans;employment_duration;purpose;foreign_worker;installment_rate;other_debtors;personal_status_sex;people_liable
R1_F5,4,FrozenChi2Top75,Balanced,15,duration;status;other_installment_plans;credit_history;savings;property;housing;foreign_worker;installment_rate;purpose;amount;other_debtors;personal_status_sex;employment_duration;number_credits
R1_F5,5,FrozenChi2Top75,Balanced,15,status;housing;credit_history;duration;savings;installment_rate;other_installment_plans;property;purpose;other_debtors;employment_duration;amount;foreign_worker;age;number_credits
R2_F1,1,AllFeatures,Unweighted,20,status;credit_history;purpose;savings;employment_duration;personal_status_sex;other_debtors;property;other_installment_plans;housing;job;telephone;foreign_worker;duration;amount;installment_rate;present_residence;age;number_credits;people_liable
R2_F1,2,AllFeatures,Unweighted,20,status;credit_history;purpose;savings;employment_duration;personal_status_sex;other_debtors;property;other_installment_plans;housing;job;telephone;foreign_worker;duration;amount;installment_rate;present_residence;age;number_credits;people_liable
R2_F1,3,AllFeatures,Unweighted,20,status;credit_history;purpose;savings;employment_duration;personal_status_sex;other_debtors;property;other_installment_plans;housing;job;telephone;foreign_worker;duration;amount;installment_rate;present_residence;age;number_credits;people_liable
R2_F1,4,AllFeatures,Unweighted,20,status;credit_history;purpose;savings;employment_duration;personal_status_sex;other_debtors;property;other_installment_plans;housing;job;telephone;foreign_worker;duration;amount;installment_rate;present_residence;age;number_credits;people_liable
R2_F1,5,AllFeatures,Unweighted,20,status;credit_history;purpose;savings;employment_duration;personal_status_sex;other_debtors;property;other_installment_plans;housing;job;telephone;foreign_worker;duration;amount;installment_rate;present_residence;age;number_credits;people_liable
R2_F1,1,AllFeatures,Balanced,20,status;credit_history;purpose;savings;employment_duration;personal_status_sex;other_debtors;property;other_installment_plans;housing;job;telephone;foreign_worker;duration;amount;installment_rate;present_residence;age;number_credits;people_liable
R2_F1,2,AllFeatures,Balanced,20,status;credit_history;purpose;savings;employment_duration;personal_status_sex;other_debtors;property;other_installment_plans;housing;job;telephone;foreign_worker;duration;amount;installment_rate;present_residence;age;number_credits;people_liable
R2_F1,3,AllFeatures,Balanced,20,status;credit_history;purpose;savings;employment_duration;personal_status_sex;other_debtors;property;other_installment_plans;housing;job;telephone;foreign_worker;duration;amount;installment_rate;present_residence;age;number_credits;people_liable
R2_F1,4,AllFeatures,Balanced,20,status;credit_history;purpose;savings;employment_duration;personal_status_sex;other_debtors;property;other_installment_plans;housing;job;telephone;foreign_worker;duration;amount;installment_rate;present_residence;age;number_credits;people_liable
R2_F1,5,AllFeatures,Balanced,20,status;credit_history;purpose;savings;employment_duration;personal_status_sex;other_debtors;property;other_installment_plans;housing;job;telephone;foreign_worker;duration;amount;installment_rate;present_residence;age;number_credits;people_liable
R2_F1,1,FrozenChi2Top75,Unweighted,15,status;housing;savings;credit_history;duration;employment_duration;amount;other_installment_plans;personal_status_sex;foreign_worker;other_debtors;purpose;property;people_liable;age
R2_F1,2,FrozenChi2Top75,Unweighted,15,status;amount;savings;credit_history;other_installment_plans;duration;housing;purpose;personal_status_sex;property;employment_duration;age;foreign_worker;other_debtors;telephone
R2_F1,3,FrozenChi2Top75,Unweighted,15,status;duration;amount;housing;other_installment_plans;savings;credit_history;employment_duration;purpose;property;personal_status_sex;installment_rate;age;foreign_worker;people_liable
R2_F1,4,FrozenChi2Top75,Unweighted,15,status;savings;credit_history;duration;housing;amount;other_installment_plans;foreign_worker;employment_duration;personal_status_sex;other_debtors;purpose;age;property;number_credits
R2_F1,5,FrozenChi2Top75,Unweighted,15,status;credit_history;savings;housing;personal_status_sex;other_installment_plans;duration;employment_duration;property;purpose;amount;foreign_worker;people_liable;other_debtors;installment_rate
R2_F1,1,FrozenChi2Top75,Balanced,15,status;housing;savings;credit_history;duration;employment_duration;amount;other_installment_plans;personal_status_sex;foreign_worker;other_debtors;purpose;property;people_liable;age
R2_F1,2,FrozenChi2Top75,Balanced,15,status;amount;savings;credit_history;other_installment_plans;duration;housing;purpose;personal_status_sex;property;employment_duration;age;foreign_worker;other_debtors;telephone
R2_F1,3,FrozenChi2Top75,Balanced,15,status;duration;amount;housing;other_installment_plans;savings;credit_history;employment_duration;purpose;property;personal_status_sex;installment_rate;age;foreign_worker;people_liable
R2_F1,4,FrozenChi2Top75,Balanced,15,status;savings;credit_history;duration;housing;amount;other_installment_plans;foreign_worker;employment_duration;personal_status_sex;other_debtors;purpose;age;property;number_credits
R2_F1,5,FrozenChi2Top75,Balanced,15,status;credit_history;savings;housing;personal_status_sex;other_installment_plans;duration;employment_duration;property;purpose;amount;foreign_worker;people_liable;other_debtors;installment_rate
R2_F2,1,AllFeatures,Unweighted,20,status;credit_history;purpose;savings;employment_duration;personal_status_sex;other_debtors;property;other_installment_plans;housing;job;telephone;foreign_worker;duration;amount;installment_rate;present_residence;age;number_credits;people_liable
R2_F2,2,AllFeatures,Unweighted,20,status;credit_history;purpose;savings;employment_duration;personal_status_sex;other_debtors;property;other_installment_plans;housing;job;telephone;foreign_worker;duration;amount;installment_rate;present_residence;age;number_credits;people_liable
R2_F2,3,AllFeatures,Unweighted,20,status;credit_history;purpose;savings;employment_duration;personal_status_sex;other_debtors;property;other_installment_plans;housing;job;telephone;foreign_worker;duration;amount;installment_rate;present_residence;age;number_credits;people_liable
R2_F2,4,AllFeatures,Unweighted,20,status;credit_history;purpose;savings;employment_duration;personal_status_sex;other_debtors;property;other_installment_plans;housing;job;telephone;foreign_worker;duration;amount;installment_rate;present_residence;age;number_credits;people_liable
R2_F2,5,AllFeatures,Unweighted,20,status;credit_history;purpose;savings;employment_duration;personal_status_sex;other_debtors;property;other_installment_plans;housing;job;telephone;foreign_worker;duration;amount;installment_rate;present_residence;age;number_credits;people_liable
R2_F2,1,AllFeatures,Balanced,20,status;credit_history;purpose;savings;employment_duration;personal_status_sex;other_debtors;property;other_installment_plans;housing;job;telephone;foreign_worker;duration;amount;installment_rate;present_residence;age;number_credits;people_liable
R2_F2,2,AllFeatures,Balanced,20,status;credit_history;purpose;savings;employment_duration;personal_status_sex;other_debtors;property;other_installment_plans;housing;job;telephone;foreign_worker;duration;amount;installment_rate;present_residence;age;number_credits;people_liable
R2_F2,3,AllFeatures,Balanced,20,status;credit_history;purpose;savings;employment_duration;personal_status_sex;other_debtors;property;other_installment_plans;housing;job;telephone;foreign_worker;duration;amount;installment_rate;present_residence;age;number_credits;people_liable
R2_F2,4,AllFeatures,Balanced,20,status;credit_history;purpose;savings;employment_duration;personal_status_sex;other_debtors;property;other_installment_plans;housing;job;telephone;foreign_worker;duration;amount;installment_rate;present_residence;age;number_credits;people_liable
R2_F2,5,AllFeatures,Balanced,20,status;credit_history;purpose;savings;employment_duration;personal_status_sex;other_debtors;property;other_installment_plans;housing;job;telephone;foreign_worker;duration;amount;installment_rate;present_residence;age;number_credits;people_liable
R2_F2,1,FrozenChi2Top75,Unweighted,15,housing;status;other_installment_plans;duration;credit_history;property;foreign_worker;personal_status_sex;savings;telephone;purpose;employment_duration;amount;other_debtors;people_liable
R2_F2,2,FrozenChi2Top75,Unweighted,15,housing;duration;status;other_installment_plans;credit_history;property;savings;telephone;purpose;employment_duration;installment_rate;foreign_worker;personal_status_sex;people_liable;other_debtors
R2_F2,3,FrozenChi2Top75,Unweighted,15,duration;status;housing;credit_history;savings;other_installment_plans;purpose;property;employment_duration;amount;foreign_worker;installment_rate;personal_status_sex;job;other_debtors
R2_F2,4,FrozenChi2Top75,Unweighted,15,duration;status;credit_history;other_installment_plans;housing;people_liable;property;savings;employment_duration;number_credits;purpose;installment_rate;amount;foreign_worker;personal_status_sex
R2_F2,5,FrozenChi2Top75,Unweighted,15,duration;status;housing;credit_history;savings;property;amount;employment_duration;other_installment_plans;purpose;other_debtors;personal_status_sex;number_credits;foreign_worker;installment_rate
R2_F2,1,FrozenChi2Top75,Balanced,15,housing;status;other_installment_plans;duration;credit_history;property;foreign_worker;personal_status_sex;savings;telephone;purpose;employment_duration;amount;other_debtors;people_liable
R2_F2,2,FrozenChi2Top75,Balanced,15,housing;duration;status;other_installment_plans;credit_history;property;savings;telephone;purpose;employment_duration;installment_rate;foreign_worker;personal_status_sex;people_liable;other_debtors
R2_F2,3,FrozenChi2Top75,Balanced,15,duration;status;housing;credit_history;savings;other_installment_plans;purpose;property;employment_duration;amount;foreign_worker;installment_rate;personal_status_sex;job;other_debtors
R2_F2,4,FrozenChi2Top75,Balanced,15,duration;status;credit_history;other_installment_plans;housing;people_liable;property;savings;employment_duration;number_credits;purpose;installment_rate;amount;foreign_worker;personal_status_sex
R2_F2,5,FrozenChi2Top75,Balanced,15,duration;status;housing;credit_history;savings;property;amount;employment_duration;other_installment_plans;purpose;other_debtors;personal_status_sex;number_credits;foreign_worker;installment_rate
R2_F3,1,AllFeatures,Unweighted,20,status;credit_history;purpose;savings;employment_duration;personal_status_sex;other_debtors;property;other_installment_plans;housing;job;telephone;foreign_worker;duration;amount;installment_rate;present_residence;age;number_credits;people_liable
R2_F3,2,AllFeatures,Unweighted,20,status;credit_history;purpose;savings;employment_duration;personal_status_sex;other_debtors;property;other_installment_plans;housing;job;telephone;foreign_worker;duration;amount;installment_rate;present_residence;age;number_credits;people_liable
R2_F3,3,AllFeatures,Unweighted,20,status;credit_history;purpose;savings;employment_duration;personal_status_sex;other_debtors;property;other_installment_plans;housing;job;telephone;foreign_worker;duration;amount;installment_rate;present_residence;age;number_credits;people_liable
R2_F3,4,AllFeatures,Unweighted,20,status;credit_history;purpose;savings;employment_duration;personal_status_sex;other_debtors;property;other_installment_plans;housing;job;telephone;foreign_worker;duration;amount;installment_rate;present_residence;age;number_credits;people_liable
R2_F3,5,AllFeatures,Unweighted,20,status;credit_history;purpose;savings;employment_duration;personal_status_sex;other_debtors;property;other_installment_plans;housing;job;telephone;foreign_worker;duration;amount;installment_rate;present_residence;age;number_credits;people_liable
R2_F3,1,AllFeatures,Balanced,20,status;credit_history;purpose;savings;employment_duration;personal_status_sex;other_debtors;property;other_installment_plans;housing;job;telephone;foreign_worker;duration;amount;installment_rate;present_residence;age;number_credits;people_liable
R2_F3,2,AllFeatures,Balanced,20,status;credit_history;purpose;savings;employment_duration;personal_status_sex;other_debtors;property;other_installment_plans;housing;job;telephone;foreign_worker;duration;amount;installment_rate;present_residence;age;number_credits;people_liable
R2_F3,3,AllFeatures,Balanced,20,status;credit_history;purpose;savings;employment_duration;personal_status_sex;other_debtors;property;other_installment_plans;housing;job;telephone;foreign_worker;duration;amount;installment_rate;present_residence;age;number_credits;people_liable
R2_F3,4,AllFeatures,Balanced,20,status;credit_history;purpose;savings;employment_duration;personal_status_sex;other_debtors;property;other_installment_plans;housing;job;telephone;foreign_worker;duration;amount;installment_rate;present_residence;age;number_credits;people_liable
R2_F3,5,AllFeatures,Balanced,20,status;credit_history;purpose;savings;employment_duration;personal_status_sex;other_debtors;property;other_installment_plans;housing;job;telephone;foreign_worker;duration;amount;installment_rate;present_residence;age;number_credits;people_liable
R2_F3,1,FrozenChi2Top75,Unweighted,15,status;savings;housing;credit_history;duration;amount;foreign_worker;purpose;property;telephone;other_installment_plans;people_liable;employment_duration;other_debtors;personal_status_sex
R2_F3,2,FrozenChi2Top75,Unweighted,15,housing;savings;duration;status;credit_history;personal_status_sex;amount;property;purpose;other_debtors;age;telephone;foreign_worker;present_residence;other_installment_plans
R2_F3,3,FrozenChi2Top75,Unweighted,15,status;savings;duration;credit_history;housing;amount;other_installment_plans;property;purpose;employment_duration;other_debtors;age;telephone;personal_status_sex;installment_rate
R2_F3,4,FrozenChi2Top75,Unweighted,15,housing;duration;status;savings;amount;credit_history;purpose;other_installment_plans;property;foreign_worker;employment_duration;people_liable;personal_status_sex;age;installment_rate
R2_F3,5,FrozenChi2Top75,Unweighted,15,savings;status;duration;credit_history;housing;installment_rate;amount;personal_status_sex;employment_duration;property;other_debtors;foreign_worker;age;purpose;telephone
R2_F3,1,FrozenChi2Top75,Balanced,15,status;savings;housing;credit_history;duration;amount;foreign_worker;purpose;property;telephone;other_installment_plans;people_liable;employment_duration;other_debtors;personal_status_sex
R2_F3,2,FrozenChi2Top75,Balanced,15,housing;savings;duration;status;credit_history;personal_status_sex;amount;property;purpose;other_debtors;age;telephone;foreign_worker;present_residence;other_installment_plans
R2_F3,3,FrozenChi2Top75,Balanced,15,status;savings;duration;credit_history;housing;amount;other_installment_plans;property;purpose;employment_duration;other_debtors;age;telephone;personal_status_sex;installment_rate
R2_F3,4,FrozenChi2Top75,Balanced,15,housing;duration;status;savings;amount;credit_history;purpose;other_installment_plans;property;foreign_worker;employment_duration;people_liable;personal_status_sex;age;installment_rate
R2_F3,5,FrozenChi2Top75,Balanced,15,savings;status;duration;credit_history;housing;installment_rate;amount;personal_status_sex;employment_duration;property;other_debtors;foreign_worker;age;purpose;telephone
R2_F4,1,AllFeatures,Unweighted,20,status;credit_history;purpose;savings;employment_duration;personal_status_sex;other_debtors;property;other_installment_plans;housing;job;telephone;foreign_worker;duration;amount;installment_rate;present_residence;age;number_credits;people_liable
R2_F4,2,AllFeatures,Unweighted,20,status;credit_history;purpose;savings;employment_duration;personal_status_sex;other_debtors;property;other_installment_plans;housing;job;telephone;foreign_worker;duration;amount;installment_rate;present_residence;age;number_credits;people_liable
R2_F4,3,AllFeatures,Unweighted,20,status;credit_history;purpose;savings;employment_duration;personal_status_sex;other_debtors;property;other_installment_plans;housing;job;telephone;foreign_worker;duration;amount;installment_rate;present_residence;age;number_credits;people_liable
R2_F4,4,AllFeatures,Unweighted,20,status;credit_history;purpose;savings;employment_duration;personal_status_sex;other_debtors;property;other_installment_plans;housing;job;telephone;foreign_worker;duration;amount;installment_rate;present_residence;age;number_credits;people_liable
R2_F4,5,AllFeatures,Unweighted,20,status;credit_history;purpose;savings;employment_duration;personal_status_sex;other_debtors;property;other_installment_plans;housing;job;telephone;foreign_worker;duration;amount;installment_rate;present_residence;age;number_credits;people_liable
R2_F4,1,AllFeatures,Balanced,20,status;credit_history;purpose;savings;employment_duration;personal_status_sex;other_debtors;property;other_installment_plans;housing;job;telephone;foreign_worker;duration;amount;installment_rate;present_residence;age;number_credits;people_liable
R2_F4,2,AllFeatures,Balanced,20,status;credit_history;purpose;savings;employment_duration;personal_status_sex;other_debtors;property;other_installment_plans;housing;job;telephone;foreign_worker;duration;amount;installment_rate;present_residence;age;number_credits;people_liable
R2_F4,3,AllFeatures,Balanced,20,status;credit_history;purpose;savings;employment_duration;personal_status_sex;other_debtors;property;other_installment_plans;housing;job;telephone;foreign_worker;duration;amount;installment_rate;present_residence;age;number_credits;people_liable
R2_F4,4,AllFeatures,Balanced,20,status;credit_history;purpose;savings;employment_duration;personal_status_sex;other_debtors;property;other_installment_plans;housing;job;telephone;foreign_worker;duration;amount;installment_rate;present_residence;age;number_credits;people_liable
R2_F4,5,AllFeatures,Balanced,20,status;credit_history;purpose;savings;employment_duration;personal_status_sex;other_debtors;property;other_installment_plans;housing;job;telephone;foreign_worker;duration;amount;installment_rate;present_residence;age;number_credits;people_liable
R2_F4,1,FrozenChi2Top75,Unweighted,15,duration;status;other_installment_plans;savings;amount;housing;credit_history;employment_duration;property;foreign_worker;number_credits;telephone;purpose;personal_status_sex;other_debtors
R2_F4,2,FrozenChi2Top75,Unweighted,15,status;other_installment_plans;duration;savings;credit_history;housing;amount;property;foreign_worker;employment_duration;purpose;personal_status_sex;telephone;installment_rate;other_debtors
R2_F4,3,FrozenChi2Top75,Unweighted,15,status;duration;savings;other_installment_plans;amount;credit_history;housing;age;property;employment_duration;purpose;other_debtors;installment_rate;foreign_worker;job
R2_F4,4,FrozenChi2Top75,Unweighted,15,status;savings;other_installment_plans;duration;housing;amount;credit_history;employment_duration;property;purpose;personal_status_sex;installment_rate;other_debtors;job;foreign_worker
R2_F4,5,FrozenChi2Top75,Unweighted,15,status;duration;housing;credit_history;savings;other_installment_plans;amount;employment_duration;property;personal_status_sex;installment_rate;other_debtors;purpose;foreign_worker;people_liable
R2_F4,1,FrozenChi2Top75,Balanced,15,duration;status;other_installment_plans;savings;amount;housing;credit_history;employment_duration;property;foreign_worker;number_credits;telephone;purpose;personal_status_sex;other_debtors
R2_F4,2,FrozenChi2Top75,Balanced,15,status;other_installment_plans;duration;savings;credit_history;housing;amount;property;foreign_worker;employment_duration;purpose;personal_status_sex;telephone;installment_rate;other_debtors
R2_F4,3,FrozenChi2Top75,Balanced,15,status;duration;savings;other_installment_plans;amount;credit_history;housing;age;property;employment_duration;purpose;other_debtors;installment_rate;foreign_worker;job
R2_F4,4,FrozenChi2Top75,Balanced,15,status;savings;other_installment_plans;duration;housing;amount;credit_history;employment_duration;property;purpose;personal_status_sex;installment_rate;other_debtors;job;foreign_worker
R2_F4,5,FrozenChi2Top75,Balanced,15,status;duration;housing;credit_history;savings;other_installment_plans;amount;employment_duration;property;personal_status_sex;installment_rate;other_debtors;purpose;foreign_worker;people_liable
R2_F5,1,AllFeatures,Unweighted,20,status;credit_history;purpose;savings;employment_duration;personal_status_sex;other_debtors;property;other_installment_plans;housing;job;telephone;foreign_worker;duration;amount;installment_rate;present_residence;age;number_credits;people_liable
R2_F5,2,AllFeatures,Unweighted,20,status;credit_history;purpose;savings;employment_duration;personal_status_sex;other_debtors;property;other_installment_plans;housing;job;telephone;foreign_worker;duration;amount;installment_rate;present_residence;age;number_credits;people_liable
R2_F5,3,AllFeatures,Unweighted,20,status;credit_history;purpose;savings;employment_duration;personal_status_sex;other_debtors;property;other_installment_plans;housing;job;telephone;foreign_worker;duration;amount;installment_rate;present_residence;age;number_credits;people_liable
R2_F5,4,AllFeatures,Unweighted,20,status;credit_history;purpose;savings;employment_duration;personal_status_sex;other_debtors;property;other_installment_plans;housing;job;telephone;foreign_worker;duration;amount;installment_rate;present_residence;age;number_credits;people_liable
R2_F5,5,AllFeatures,Unweighted,20,status;credit_history;purpose;savings;employment_duration;personal_status_sex;other_debtors;property;other_installment_plans;housing;job;telephone;foreign_worker;duration;amount;installment_rate;present_residence;age;number_credits;people_liable
R2_F5,1,AllFeatures,Balanced,20,status;credit_history;purpose;savings;employment_duration;personal_status_sex;other_debtors;property;other_installment_plans;housing;job;telephone;foreign_worker;duration;amount;installment_rate;present_residence;age;number_credits;people_liable
R2_F5,2,AllFeatures,Balanced,20,status;credit_history;purpose;savings;employment_duration;personal_status_sex;other_debtors;property;other_installment_plans;housing;job;telephone;foreign_worker;duration;amount;installment_rate;present_residence;age;number_credits;people_liable
R2_F5,3,AllFeatures,Balanced,20,status;credit_history;purpose;savings;employment_duration;personal_status_sex;other_debtors;property;other_installment_plans;housing;job;telephone;foreign_worker;duration;amount;installment_rate;present_residence;age;number_credits;people_liable
R2_F5,4,AllFeatures,Balanced,20,status;credit_history;purpose;savings;employment_duration;personal_status_sex;other_debtors;property;other_installment_plans;housing;job;telephone;foreign_worker;duration;amount;installment_rate;present_residence;age;number_credits;people_liable
R2_F5,5,AllFeatures,Balanced,20,status;credit_history;purpose;savings;employment_duration;personal_status_sex;other_debtors;property;other_installment_plans;housing;job;telephone;foreign_worker;duration;amount;installment_rate;present_residence;age;number_credits;people_liable
R2_F5,1,FrozenChi2Top75,Unweighted,15,status;housing;credit_history;savings;duration;personal_status_sex;amount;property;purpose;employment_duration;foreign_worker;other_debtors;age;telephone;other_installment_plans
R2_F5,2,FrozenChi2Top75,Unweighted,15,status;duration;credit_history;housing;savings;employment_duration;amount;foreign_worker;other_installment_plans;property;personal_status_sex;purpose;age;installment_rate;other_debtors
R2_F5,3,FrozenChi2Top75,Unweighted,15,status;duration;housing;credit_history;savings;amount;other_installment_plans;purpose;employment_duration;foreign_worker;personal_status_sex;property;other_debtors;installment_rate;age
R2_F5,4,FrozenChi2Top75,Unweighted,15,housing;status;duration;credit_history;savings;amount;purpose;personal_status_sex;property;employment_duration;foreign_worker;other_installment_plans;number_credits;people_liable;other_debtors
R2_F5,5,FrozenChi2Top75,Unweighted,15,status;duration;credit_history;housing;savings;amount;employment_duration;other_installment_plans;personal_status_sex;purpose;number_credits;foreign_worker;property;age;other_debtors
R2_F5,1,FrozenChi2Top75,Balanced,15,status;housing;credit_history;savings;duration;personal_status_sex;amount;property;purpose;employment_duration;foreign_worker;other_debtors;age;telephone;other_installment_plans
R2_F5,2,FrozenChi2Top75,Balanced,15,status;duration;credit_history;housing;savings;employment_duration;amount;foreign_worker;other_installment_plans;property;personal_status_sex;purpose;age;installment_rate;other_debtors
R2_F5,3,FrozenChi2Top75,Balanced,15,status;duration;housing;credit_history;savings;amount;other_installment_plans;purpose;employment_duration;foreign_worker;personal_status_sex;property;other_debtors;installment_rate;age
R2_F5,4,FrozenChi2Top75,Balanced,15,housing;status;duration;credit_history;savings;amount;purpose;personal_status_sex;property;employment_duration;foreign_worker;other_installment_plans;number_credits;people_liable;other_debtors
R2_F5,5,FrozenChi2Top75,Balanced,15,status;duration;credit_history;housing;savings;amount;employment_duration;other_installment_plans;personal_status_sex;purpose;number_credits;foreign_worker;property;age;other_debtors
R3_F1,1,AllFeatures,Unweighted,20,status;credit_history;purpose;savings;employment_duration;personal_status_sex;other_debtors;property;other_installment_plans;housing;job;telephone;foreign_worker;duration;amount;installment_rate;present_residence;age;number_credits;people_liable
R3_F1,2,AllFeatures,Unweighted,20,status;credit_history;purpose;savings;employment_duration;personal_status_sex;other_debtors;property;other_installment_plans;housing;job;telephone;foreign_worker;duration;amount;installment_rate;present_residence;age;number_credits;people_liable
R3_F1,3,AllFeatures,Unweighted,20,status;credit_history;purpose;savings;employment_duration;personal_status_sex;other_debtors;property;other_installment_plans;housing;job;telephone;foreign_worker;duration;amount;installment_rate;present_residence;age;number_credits;people_liable
R3_F1,4,AllFeatures,Unweighted,20,status;credit_history;purpose;savings;employment_duration;personal_status_sex;other_debtors;property;other_installment_plans;housing;job;telephone;foreign_worker;duration;amount;installment_rate;present_residence;age;number_credits;people_liable
R3_F1,5,AllFeatures,Unweighted,20,status;credit_history;purpose;savings;employment_duration;personal_status_sex;other_debtors;property;other_installment_plans;housing;job;telephone;foreign_worker;duration;amount;installment_rate;present_residence;age;number_credits;people_liable
R3_F1,1,AllFeatures,Balanced,20,status;credit_history;purpose;savings;employment_duration;personal_status_sex;other_debtors;property;other_installment_plans;housing;job;telephone;foreign_worker;duration;amount;installment_rate;present_residence;age;number_credits;people_liable
R3_F1,2,AllFeatures,Balanced,20,status;credit_history;purpose;savings;employment_duration;personal_status_sex;other_debtors;property;other_installment_plans;housing;job;telephone;foreign_worker;duration;amount;installment_rate;present_residence;age;number_credits;people_liable
R3_F1,3,AllFeatures,Balanced,20,status;credit_history;purpose;savings;employment_duration;personal_status_sex;other_debtors;property;other_installment_plans;housing;job;telephone;foreign_worker;duration;amount;installment_rate;present_residence;age;number_credits;people_liable
R3_F1,4,AllFeatures,Balanced,20,status;credit_history;purpose;savings;employment_duration;personal_status_sex;other_debtors;property;other_installment_plans;housing;job;telephone;foreign_worker;duration;amount;installment_rate;present_residence;age;number_credits;people_liable
R3_F1,5,AllFeatures,Balanced,20,status;credit_history;purpose;savings;employment_duration;personal_status_sex;other_debtors;property;other_installment_plans;housing;job;telephone;foreign_worker;duration;amount;installment_rate;present_residence;age;number_credits;people_liable
R3_F1,1,FrozenChi2Top75,Unweighted,15,status;housing;savings;other_installment_plans;credit_history;amount;duration;personal_status_sex;purpose;property;people_liable;other_debtors;foreign_worker;employment_duration;age
R3_F1,2,FrozenChi2Top75,Unweighted,15,housing;status;savings;duration;amount;other_installment_plans;credit_history;property;foreign_worker;purpose;installment_rate;employment_duration;telephone;age;other_debtors
R3_F1,3,FrozenChi2Top75,Unweighted,15,status;housing;other_installment_plans;duration;savings;amount;credit_history;personal_status_sex;purpose;property;foreign_worker;installment_rate;employment_duration;other_debtors;age
R3_F1,4,FrozenChi2Top75,Unweighted,15,housing;savings;status;other_installment_plans;duration;amount;property;credit_history;purpose;employment_duration;foreign_worker;personal_status_sex;age;other_debtors;job
R3_F1,5,FrozenChi2Top75,Unweighted,15,housing;duration;savings;status;other_installment_plans;credit_history;people_liable;property;foreign_worker;amount;purpose;installment_rate;employment_duration;other_debtors;job
R3_F1,1,FrozenChi2Top75,Balanced,15,status;housing;savings;other_installment_plans;credit_history;amount;duration;personal_status_sex;purpose;property;people_liable;other_debtors;foreign_worker;employment_duration;age
R3_F1,2,FrozenChi2Top75,Balanced,15,housing;status;savings;duration;amount;other_installment_plans;credit_history;property;foreign_worker;purpose;installment_rate;employment_duration;telephone;age;other_debtors
R3_F1,3,FrozenChi2Top75,Balanced,15,status;housing;other_installment_plans;duration;savings;amount;credit_history;personal_status_sex;purpose;property;foreign_worker;installment_rate;employment_duration;other_debtors;age
R3_F1,4,FrozenChi2Top75,Balanced,15,housing;savings;status;other_installment_plans;duration;amount;property;credit_history;purpose;employment_duration;foreign_worker;personal_status_sex;age;other_debtors;job
R3_F1,5,FrozenChi2Top75,Balanced,15,housing;duration;savings;status;other_installment_plans;credit_history;people_liable;property;foreign_worker;amount;purpose;installment_rate;employment_duration;other_debtors;job
R3_F2,1,AllFeatures,Unweighted,20,status;credit_history;purpose;savings;employment_duration;personal_status_sex;other_debtors;property;other_installment_plans;housing;job;telephone;foreign_worker;duration;amount;installment_rate;present_residence;age;number_credits;people_liable
R3_F2,2,AllFeatures,Unweighted,20,status;credit_history;purpose;savings;employment_duration;personal_status_sex;other_debtors;property;other_installment_plans;housing;job;telephone;foreign_worker;duration;amount;installment_rate;present_residence;age;number_credits;people_liable
R3_F2,3,AllFeatures,Unweighted,20,status;credit_history;purpose;savings;employment_duration;personal_status_sex;other_debtors;property;other_installment_plans;housing;job;telephone;foreign_worker;duration;amount;installment_rate;present_residence;age;number_credits;people_liable
R3_F2,4,AllFeatures,Unweighted,20,status;credit_history;purpose;savings;employment_duration;personal_status_sex;other_debtors;property;other_installment_plans;housing;job;telephone;foreign_worker;duration;amount;installment_rate;present_residence;age;number_credits;people_liable
R3_F2,5,AllFeatures,Unweighted,20,status;credit_history;purpose;savings;employment_duration;personal_status_sex;other_debtors;property;other_installment_plans;housing;job;telephone;foreign_worker;duration;amount;installment_rate;present_residence;age;number_credits;people_liable
R3_F2,1,AllFeatures,Balanced,20,status;credit_history;purpose;savings;employment_duration;personal_status_sex;other_debtors;property;other_installment_plans;housing;job;telephone;foreign_worker;duration;amount;installment_rate;present_residence;age;number_credits;people_liable
R3_F2,2,AllFeatures,Balanced,20,status;credit_history;purpose;savings;employment_duration;personal_status_sex;other_debtors;property;other_installment_plans;housing;job;telephone;foreign_worker;duration;amount;installment_rate;present_residence;age;number_credits;people_liable
R3_F2,3,AllFeatures,Balanced,20,status;credit_history;purpose;savings;employment_duration;personal_status_sex;other_debtors;property;other_installment_plans;housing;job;telephone;foreign_worker;duration;amount;installment_rate;present_residence;age;number_credits;people_liable
R3_F2,4,AllFeatures,Balanced,20,status;credit_history;purpose;savings;employment_duration;personal_status_sex;other_debtors;property;other_installment_plans;housing;job;telephone;foreign_worker;duration;amount;installment_rate;present_residence;age;number_credits;people_liable
R3_F2,5,AllFeatures,Balanced,20,status;credit_history;purpose;savings;employment_duration;personal_status_sex;other_debtors;property;other_installment_plans;housing;job;telephone;foreign_worker;duration;amount;installment_rate;present_residence;age;number_credits;people_liable
R3_F2,1,FrozenChi2Top75,Unweighted,15,status;housing;savings;duration;other_installment_plans;credit_history;personal_status_sex;employment_duration;amount;telephone;purpose;property;age;number_credits;people_liable
R3_F2,2,FrozenChi2Top75,Unweighted,15,status;housing;duration;credit_history;savings;other_installment_plans;amount;employment_duration;property;personal_status_sex;foreign_worker;telephone;purpose;installment_rate;number_credits
R3_F2,3,FrozenChi2Top75,Unweighted,15,status;duration;housing;property;credit_history;savings;telephone;employment_duration;installment_rate;other_debtors;other_installment_plans;foreign_worker;personal_status_sex;amount;purpose
R3_F2,4,FrozenChi2Top75,Unweighted,15,status;savings;housing;credit_history;employment_duration;duration;telephone;people_liable;other_installment_plans;other_debtors;foreign_worker;installment_rate;purpose;number_credits;property
R3_F2,5,FrozenChi2Top75,Unweighted,15,status;credit_history;savings;duration;personal_status_sex;employment_duration;housing;other_installment_plans;other_debtors;purpose;number_credits;amount;property;foreign_worker;job
R3_F2,1,FrozenChi2Top75,Balanced,15,status;housing;savings;duration;other_installment_plans;credit_history;personal_status_sex;employment_duration;amount;telephone;purpose;property;age;number_credits;people_liable
R3_F2,2,FrozenChi2Top75,Balanced,15,status;housing;duration;credit_history;savings;other_installment_plans;amount;employment_duration;property;personal_status_sex;foreign_worker;telephone;purpose;installment_rate;number_credits
R3_F2,3,FrozenChi2Top75,Balanced,15,status;duration;housing;property;credit_history;savings;telephone;employment_duration;installment_rate;other_debtors;other_installment_plans;foreign_worker;personal_status_sex;amount;purpose
R3_F2,4,FrozenChi2Top75,Balanced,15,status;savings;housing;credit_history;employment_duration;duration;telephone;people_liable;other_installment_plans;other_debtors;foreign_worker;installment_rate;purpose;number_credits;property
R3_F2,5,FrozenChi2Top75,Balanced,15,status;credit_history;savings;duration;personal_status_sex;employment_duration;housing;other_installment_plans;other_debtors;purpose;number_credits;amount;property;foreign_worker;job
R3_F3,1,AllFeatures,Unweighted,20,status;credit_history;purpose;savings;employment_duration;personal_status_sex;other_debtors;property;other_installment_plans;housing;job;telephone;foreign_worker;duration;amount;installment_rate;present_residence;age;number_credits;people_liable
R3_F3,2,AllFeatures,Unweighted,20,status;credit_history;purpose;savings;employment_duration;personal_status_sex;other_debtors;property;other_installment_plans;housing;job;telephone;foreign_worker;duration;amount;installment_rate;present_residence;age;number_credits;people_liable
R3_F3,3,AllFeatures,Unweighted,20,status;credit_history;purpose;savings;employment_duration;personal_status_sex;other_debtors;property;other_installment_plans;housing;job;telephone;foreign_worker;duration;amount;installment_rate;present_residence;age;number_credits;people_liable
R3_F3,4,AllFeatures,Unweighted,20,status;credit_history;purpose;savings;employment_duration;personal_status_sex;other_debtors;property;other_installment_plans;housing;job;telephone;foreign_worker;duration;amount;installment_rate;present_residence;age;number_credits;people_liable
R3_F3,5,AllFeatures,Unweighted,20,status;credit_history;purpose;savings;employment_duration;personal_status_sex;other_debtors;property;other_installment_plans;housing;job;telephone;foreign_worker;duration;amount;installment_rate;present_residence;age;number_credits;people_liable
R3_F3,1,AllFeatures,Balanced,20,status;credit_history;purpose;savings;employment_duration;personal_status_sex;other_debtors;property;other_installment_plans;housing;job;telephone;foreign_worker;duration;amount;installment_rate;present_residence;age;number_credits;people_liable
R3_F3,2,AllFeatures,Balanced,20,status;credit_history;purpose;savings;employment_duration;personal_status_sex;other_debtors;property;other_installment_plans;housing;job;telephone;foreign_worker;duration;amount;installment_rate;present_residence;age;number_credits;people_liable
R3_F3,3,AllFeatures,Balanced,20,status;credit_history;purpose;savings;employment_duration;personal_status_sex;other_debtors;property;other_installment_plans;housing;job;telephone;foreign_worker;duration;amount;installment_rate;present_residence;age;number_credits;people_liable
R3_F3,4,AllFeatures,Balanced,20,status;credit_history;purpose;savings;employment_duration;personal_status_sex;other_debtors;property;other_installment_plans;housing;job;telephone;foreign_worker;duration;amount;installment_rate;present_residence;age;number_credits;people_liable
R3_F3,5,AllFeatures,Balanced,20,status;credit_history;purpose;savings;employment_duration;personal_status_sex;other_debtors;property;other_installment_plans;housing;job;telephone;foreign_worker;duration;amount;installment_rate;present_residence;age;number_credits;people_liable
R3_F3,1,FrozenChi2Top75,Unweighted,15,status;duration;amount;savings;housing;credit_history;employment_duration;age;other_debtors;purpose;personal_status_sex;other_installment_plans;property;installment_rate;foreign_worker
R3_F3,2,FrozenChi2Top75,Unweighted,15,status;duration;savings;housing;credit_history;other_installment_plans;property;amount;purpose;number_credits;foreign_worker;personal_status_sex;employment_duration;age;other_debtors
R3_F3,3,FrozenChi2Top75,Unweighted,15,status;duration;housing;credit_history;savings;amount;installment_rate;age;foreign_worker;employment_duration;property;purpose;number_credits;other_installment_plans;personal_status_sex
R3_F3,4,FrozenChi2Top75,Unweighted,15,status;housing;duration;savings;credit_history;other_installment_plans;amount;property;purpose;employment_duration;age;foreign_worker;personal_status_sex;other_debtors;installment_rate
R3_F3,5,FrozenChi2Top75,Unweighted,15,status;duration;amount;savings;credit_history;other_installment_plans;housing;property;employment_duration;purpose;other_debtors;foreign_worker;age;number_credits;personal_status_sex
R3_F3,1,FrozenChi2Top75,Balanced,15,status;duration;amount;savings;housing;credit_history;employment_duration;age;other_debtors;purpose;personal_status_sex;other_installment_plans;property;installment_rate;foreign_worker
R3_F3,2,FrozenChi2Top75,Balanced,15,status;duration;savings;housing;credit_history;other_installment_plans;property;amount;purpose;number_credits;foreign_worker;personal_status_sex;employment_duration;age;other_debtors
R3_F3,3,FrozenChi2Top75,Balanced,15,status;duration;housing;credit_history;savings;amount;installment_rate;age;foreign_worker;employment_duration;property;purpose;number_credits;other_installment_plans;personal_status_sex
R3_F3,4,FrozenChi2Top75,Balanced,15,status;housing;duration;savings;credit_history;other_installment_plans;amount;property;purpose;employment_duration;age;foreign_worker;personal_status_sex;other_debtors;installment_rate
R3_F3,5,FrozenChi2Top75,Balanced,15,status;duration;amount;savings;credit_history;other_installment_plans;housing;property;employment_duration;purpose;other_debtors;foreign_worker;age;number_credits;personal_status_sex
R3_F4,1,AllFeatures,Unweighted,20,status;credit_history;purpose;savings;employment_duration;personal_status_sex;other_debtors;property;other_installment_plans;housing;job;telephone;foreign_worker;duration;amount;installment_rate;present_residence;age;number_credits;people_liable
R3_F4,2,AllFeatures,Unweighted,20,status;credit_history;purpose;savings;employment_duration;personal_status_sex;other_debtors;property;other_installment_plans;housing;job;telephone;foreign_worker;duration;amount;installment_rate;present_residence;age;number_credits;people_liable
R3_F4,3,AllFeatures,Unweighted,20,status;credit_history;purpose;savings;employment_duration;personal_status_sex;other_debtors;property;other_installment_plans;housing;job;telephone;foreign_worker;duration;amount;installment_rate;present_residence;age;number_credits;people_liable
R3_F4,4,AllFeatures,Unweighted,20,status;credit_history;purpose;savings;employment_duration;personal_status_sex;other_debtors;property;other_installment_plans;housing;job;telephone;foreign_worker;duration;amount;installment_rate;present_residence;age;number_credits;people_liable
R3_F4,5,AllFeatures,Unweighted,20,status;credit_history;purpose;savings;employment_duration;personal_status_sex;other_debtors;property;other_installment_plans;housing;job;telephone;foreign_worker;duration;amount;installment_rate;present_residence;age;number_credits;people_liable
R3_F4,1,AllFeatures,Balanced,20,status;credit_history;purpose;savings;employment_duration;personal_status_sex;other_debtors;property;other_installment_plans;housing;job;telephone;foreign_worker;duration;amount;installment_rate;present_residence;age;number_credits;people_liable
R3_F4,2,AllFeatures,Balanced,20,status;credit_history;purpose;savings;employment_duration;personal_status_sex;other_debtors;property;other_installment_plans;housing;job;telephone;foreign_worker;duration;amount;installment_rate;present_residence;age;number_credits;people_liable
R3_F4,3,AllFeatures,Balanced,20,status;credit_history;purpose;savings;employment_duration;personal_status_sex;other_debtors;property;other_installment_plans;housing;job;telephone;foreign_worker;duration;amount;installment_rate;present_residence;age;number_credits;people_liable
R3_F4,4,AllFeatures,Balanced,20,status;credit_history;purpose;savings;employment_duration;personal_status_sex;other_debtors;property;other_installment_plans;housing;job;telephone;foreign_worker;duration;amount;installment_rate;present_residence;age;number_credits;people_liable
R3_F4,5,AllFeatures,Balanced,20,status;credit_history;purpose;savings;employment_duration;personal_status_sex;other_debtors;property;other_installment_plans;housing;job;telephone;foreign_worker;duration;amount;installment_rate;present_residence;age;number_credits;people_liable
R3_F4,1,FrozenChi2Top75,Unweighted,15,status;duration;housing;amount;credit_history;property;savings;personal_status_sex;other_installment_plans;foreign_worker;purpose;other_debtors;employment_duration;telephone;job
R3_F4,2,FrozenChi2Top75,Unweighted,15,status;housing;credit_history;savings;duration;personal_status_sex;amount;other_installment_plans;purpose;employment_duration;property;foreign_worker;people_liable;telephone;other_debtors
R3_F4,3,FrozenChi2Top75,Unweighted,15,status;credit_history;duration;savings;amount;employment_duration;other_installment_plans;foreign_worker;other_debtors;purpose;housing;personal_status_sex;property;age;telephone
R3_F4,4,FrozenChi2Top75,Unweighted,15,status;credit_history;amount;duration;savings;other_installment_plans;employment_duration;foreign_worker;purpose;housing;installment_rate;property;age;other_debtors;personal_status_sex
R3_F4,5,FrozenChi2Top75,Unweighted,15,status;credit_history;duration;savings;employment_duration;amount;personal_status_sex;number_credits;purpose;housing;other_installment_plans;foreign_worker;age;property;other_debtors
R3_F4,1,FrozenChi2Top75,Balanced,15,status;duration;housing;amount;credit_history;property;savings;personal_status_sex;other_installment_plans;foreign_worker;purpose;other_debtors;employment_duration;telephone;job
R3_F4,2,FrozenChi2Top75,Balanced,15,status;housing;credit_history;savings;duration;personal_status_sex;amount;other_installment_plans;purpose;employment_duration;property;foreign_worker;people_liable;telephone;other_debtors
R3_F4,3,FrozenChi2Top75,Balanced,15,status;credit_history;duration;savings;amount;employment_duration;other_installment_plans;foreign_worker;other_debtors;purpose;housing;personal_status_sex;property;age;telephone
R3_F4,4,FrozenChi2Top75,Balanced,15,status;credit_history;amount;duration;savings;other_installment_plans;employment_duration;foreign_worker;purpose;housing;installment_rate;property;age;other_debtors;personal_status_sex
R3_F4,5,FrozenChi2Top75,Balanced,15,status;credit_history;duration;savings;employment_duration;amount;personal_status_sex;number_credits;purpose;housing;other_installment_plans;foreign_worker;age;property;other_debtors
R3_F5,1,AllFeatures,Unweighted,20,status;credit_history;purpose;savings;employment_duration;personal_status_sex;other_debtors;property;other_installment_plans;housing;job;telephone;foreign_worker;duration;amount;installment_rate;present_residence;age;number_credits;people_liable
R3_F5,2,AllFeatures,Unweighted,20,status;credit_history;purpose;savings;employment_duration;personal_status_sex;other_debtors;property;other_installment_plans;housing;job;telephone;foreign_worker;duration;amount;installment_rate;present_residence;age;number_credits;people_liable
R3_F5,3,AllFeatures,Unweighted,20,status;credit_history;purpose;savings;employment_duration;personal_status_sex;other_debtors;property;other_installment_plans;housing;job;telephone;foreign_worker;duration;amount;installment_rate;present_residence;age;number_credits;people_liable
R3_F5,4,AllFeatures,Unweighted,20,status;credit_history;purpose;savings;employment_duration;personal_status_sex;other_debtors;property;other_installment_plans;housing;job;telephone;foreign_worker;duration;amount;installment_rate;present_residence;age;number_credits;people_liable
R3_F5,5,AllFeatures,Unweighted,20,status;credit_history;purpose;savings;employment_duration;personal_status_sex;other_debtors;property;other_installment_plans;housing;job;telephone;foreign_worker;duration;amount;installment_rate;present_residence;age;number_credits;people_liable
R3_F5,1,AllFeatures,Balanced,20,status;credit_history;purpose;savings;employment_duration;personal_status_sex;other_debtors;property;other_installment_plans;housing;job;telephone;foreign_worker;duration;amount;installment_rate;present_residence;age;number_credits;people_liable
R3_F5,2,AllFeatures,Balanced,20,status;credit_history;purpose;savings;employment_duration;personal_status_sex;other_debtors;property;other_installment_plans;housing;job;telephone;foreign_worker;duration;amount;installment_rate;present_residence;age;number_credits;people_liable
R3_F5,3,AllFeatures,Balanced,20,status;credit_history;purpose;savings;employment_duration;personal_status_sex;other_debtors;property;other_installment_plans;housing;job;telephone;foreign_worker;duration;amount;installment_rate;present_residence;age;number_credits;people_liable
R3_F5,4,AllFeatures,Balanced,20,status;credit_history;purpose;savings;employment_duration;personal_status_sex;other_debtors;property;other_installment_plans;housing;job;telephone;foreign_worker;duration;amount;installment_rate;present_residence;age;number_credits;people_liable
R3_F5,5,AllFeatures,Balanced,20,status;credit_history;purpose;savings;employment_duration;personal_status_sex;other_debtors;property;other_installment_plans;housing;job;telephone;foreign_worker;duration;amount;installment_rate;present_residence;age;number_credits;people_liable
R3_F5,1,FrozenChi2Top75,Unweighted,15,duration;status;credit_history;housing;savings;amount;property;purpose;other_installment_plans;personal_status_sex;employment_duration;foreign_worker;installment_rate;other_debtors;age
R3_F5,2,FrozenChi2Top75,Unweighted,15,status;credit_history;duration;property;other_installment_plans;employment_duration;housing;savings;amount;personal_status_sex;foreign_worker;purpose;installment_rate;other_debtors;age
R3_F5,3,FrozenChi2Top75,Unweighted,15,status;duration;savings;credit_history;housing;amount;property;employment_duration;foreign_worker;purpose;other_installment_plans;personal_status_sex;age;installment_rate;other_debtors
R3_F5,4,FrozenChi2Top75,Unweighted,15,status;credit_history;savings;duration;housing;amount;property;other_installment_plans;employment_duration;personal_status_sex;foreign_worker;installment_rate;purpose;age;number_credits
R3_F5,5,FrozenChi2Top75,Unweighted,15,duration;status;credit_history;housing;property;installment_rate;other_installment_plans;savings;personal_status_sex;amount;employment_duration;purpose;foreign_worker;other_debtors;job
R3_F5,1,FrozenChi2Top75,Balanced,15,duration;status;credit_history;housing;savings;amount;property;purpose;other_installment_plans;personal_status_sex;employment_duration;foreign_worker;installment_rate;other_debtors;age
R3_F5,2,FrozenChi2Top75,Balanced,15,status;credit_history;duration;property;other_installment_plans;employment_duration;housing;savings;amount;personal_status_sex;foreign_worker;purpose;installment_rate;other_debtors;age
R3_F5,3,FrozenChi2Top75,Balanced,15,status;duration;savings;credit_history;housing;amount;property;employment_duration;foreign_worker;purpose;other_installment_plans;personal_status_sex;age;installment_rate;other_debtors
R3_F5,4,FrozenChi2Top75,Balanced,15,status;credit_history;savings;duration;housing;amount;property;other_installment_plans;employment_duration;personal_status_sex;foreign_worker;installment_rate;purpose;age;number_credits
R3_F5,5,FrozenChi2Top75,Balanced,15,duration;status;credit_history;housing;property;installment_rate;other_installment_plans;savings;personal_status_sex;amount;employment_duration;purpose;foreign_worker;other_debtors;job
R4_F1,1,AllFeatures,Unweighted,20,status;credit_history;purpose;savings;employment_duration;personal_status_sex;other_debtors;property;other_installment_plans;housing;job;telephone;foreign_worker;duration;amount;installment_rate;present_residence;age;number_credits;people_liable
R4_F1,2,AllFeatures,Unweighted,20,status;credit_history;purpose;savings;employment_duration;personal_status_sex;other_debtors;property;other_installment_plans;housing;job;telephone;foreign_worker;duration;amount;installment_rate;present_residence;age;number_credits;people_liable
R4_F1,3,AllFeatures,Unweighted,20,status;credit_history;purpose;savings;employment_duration;personal_status_sex;other_debtors;property;other_installment_plans;housing;job;telephone;foreign_worker;duration;amount;installment_rate;present_residence;age;number_credits;people_liable
R4_F1,4,AllFeatures,Unweighted,20,status;credit_history;purpose;savings;employment_duration;personal_status_sex;other_debtors;property;other_installment_plans;housing;job;telephone;foreign_worker;duration;amount;installment_rate;present_residence;age;number_credits;people_liable
R4_F1,5,AllFeatures,Unweighted,20,status;credit_history;purpose;savings;employment_duration;personal_status_sex;other_debtors;property;other_installment_plans;housing;job;telephone;foreign_worker;duration;amount;installment_rate;present_residence;age;number_credits;people_liable
R4_F1,1,AllFeatures,Balanced,20,status;credit_history;purpose;savings;employment_duration;personal_status_sex;other_debtors;property;other_installment_plans;housing;job;telephone;foreign_worker;duration;amount;installment_rate;present_residence;age;number_credits;people_liable
R4_F1,2,AllFeatures,Balanced,20,status;credit_history;purpose;savings;employment_duration;personal_status_sex;other_debtors;property;other_installment_plans;housing;job;telephone;foreign_worker;duration;amount;installment_rate;present_residence;age;number_credits;people_liable
R4_F1,3,AllFeatures,Balanced,20,status;credit_history;purpose;savings;employment_duration;personal_status_sex;other_debtors;property;other_installment_plans;housing;job;telephone;foreign_worker;duration;amount;installment_rate;present_residence;age;number_credits;people_liable
R4_F1,4,AllFeatures,Balanced,20,status;credit_history;purpose;savings;employment_duration;personal_status_sex;other_debtors;property;other_installment_plans;housing;job;telephone;foreign_worker;duration;amount;installment_rate;present_residence;age;number_credits;people_liable
R4_F1,5,AllFeatures,Balanced,20,status;credit_history;purpose;savings;employment_duration;personal_status_sex;other_debtors;property;other_installment_plans;housing;job;telephone;foreign_worker;duration;amount;installment_rate;present_residence;age;number_credits;people_liable
R4_F1,1,FrozenChi2Top75,Unweighted,15,housing;status;savings;credit_history;duration;amount;other_installment_plans;purpose;personal_status_sex;property;employment_duration;foreign_worker;people_liable;age;other_debtors
R4_F1,2,FrozenChi2Top75,Unweighted,15,status;duration;credit_history;amount;housing;savings;purpose;other_installment_plans;employment_duration;other_debtors;property;foreign_worker;age;personal_status_sex;telephone
R4_F1,3,FrozenChi2Top75,Unweighted,15,status;savings;duration;other_installment_plans;credit_history;housing;amount;telephone;purpose;employment_duration;age;property;foreign_worker;personal_status_sex;other_debtors
R4_F1,4,FrozenChi2Top75,Unweighted,15,status;credit_history;savings;housing;duration;other_installment_plans;purpose;other_debtors;employment_duration;property;foreign_worker;installment_rate;amount;age;personal_status_sex
R4_F1,5,FrozenChi2Top75,Unweighted,15,status;duration;housing;credit_history;amount;other_installment_plans;savings;employment_duration;personal_status_sex;age;purpose;property;other_debtors;foreign_worker;installment_rate
R4_F1,1,FrozenChi2Top75,Balanced,15,housing;status;savings;credit_history;duration;amount;other_installment_plans;purpose;personal_status_sex;property;employment_duration;foreign_worker;people_liable;age;other_debtors
R4_F1,2,FrozenChi2Top75,Balanced,15,status;duration;credit_history;amount;housing;savings;purpose;other_installment_plans;employment_duration;other_debtors;property;foreign_worker;age;personal_status_sex;telephone
R4_F1,3,FrozenChi2Top75,Balanced,15,status;savings;duration;other_installment_plans;credit_history;housing;amount;telephone;purpose;employment_duration;age;property;foreign_worker;personal_status_sex;other_debtors
R4_F1,4,FrozenChi2Top75,Balanced,15,status;credit_history;savings;housing;duration;other_installment_plans;purpose;other_debtors;employment_duration;property;foreign_worker;installment_rate;amount;age;personal_status_sex
R4_F1,5,FrozenChi2Top75,Balanced,15,status;duration;housing;credit_history;amount;other_installment_plans;savings;employment_duration;personal_status_sex;age;purpose;property;other_debtors;foreign_worker;installment_rate
R4_F2,1,AllFeatures,Unweighted,20,status;credit_history;purpose;savings;employment_duration;personal_status_sex;other_debtors;property;other_installment_plans;housing;job;telephone;foreign_worker;duration;amount;installment_rate;present_residence;age;number_credits;people_liable
R4_F2,2,AllFeatures,Unweighted,20,status;credit_history;purpose;savings;employment_duration;personal_status_sex;other_debtors;property;other_installment_plans;housing;job;telephone;foreign_worker;duration;amount;installment_rate;present_residence;age;number_credits;people_liable
R4_F2,3,AllFeatures,Unweighted,20,status;credit_history;purpose;savings;employment_duration;personal_status_sex;other_debtors;property;other_installment_plans;housing;job;telephone;foreign_worker;duration;amount;installment_rate;present_residence;age;number_credits;people_liable
R4_F2,4,AllFeatures,Unweighted,20,status;credit_history;purpose;savings;employment_duration;personal_status_sex;other_debtors;property;other_installment_plans;housing;job;telephone;foreign_worker;duration;amount;installment_rate;present_residence;age;number_credits;people_liable
R4_F2,5,AllFeatures,Unweighted,20,status;credit_history;purpose;savings;employment_duration;personal_status_sex;other_debtors;property;other_installment_plans;housing;job;telephone;foreign_worker;duration;amount;installment_rate;present_residence;age;number_credits;people_liable
R4_F2,1,AllFeatures,Balanced,20,status;credit_history;purpose;savings;employment_duration;personal_status_sex;other_debtors;property;other_installment_plans;housing;job;telephone;foreign_worker;duration;amount;installment_rate;present_residence;age;number_credits;people_liable
R4_F2,2,AllFeatures,Balanced,20,status;credit_history;purpose;savings;employment_duration;personal_status_sex;other_debtors;property;other_installment_plans;housing;job;telephone;foreign_worker;duration;amount;installment_rate;present_residence;age;number_credits;people_liable
R4_F2,3,AllFeatures,Balanced,20,status;credit_history;purpose;savings;employment_duration;personal_status_sex;other_debtors;property;other_installment_plans;housing;job;telephone;foreign_worker;duration;amount;installment_rate;present_residence;age;number_credits;people_liable
R4_F2,4,AllFeatures,Balanced,20,status;credit_history;purpose;savings;employment_duration;personal_status_sex;other_debtors;property;other_installment_plans;housing;job;telephone;foreign_worker;duration;amount;installment_rate;present_residence;age;number_credits;people_liable
R4_F2,5,AllFeatures,Balanced,20,status;credit_history;purpose;savings;employment_duration;personal_status_sex;other_debtors;property;other_installment_plans;housing;job;telephone;foreign_worker;duration;amount;installment_rate;present_residence;age;number_credits;people_liable
R4_F2,1,FrozenChi2Top75,Unweighted,15,status;housing;savings;credit_history;duration;amount;other_installment_plans;foreign_worker;purpose;property;employment_duration;personal_status_sex;other_debtors;age;job
R4_F2,2,FrozenChi2Top75,Unweighted,15,status;savings;duration;amount;housing;other_installment_plans;credit_history;property;purpose;employment_duration;installment_rate;foreign_worker;other_debtors;telephone;age
R4_F2,3,FrozenChi2Top75,Unweighted,15,savings;housing;status;duration;credit_history;property;installment_rate;other_debtors;amount;foreign_worker;purpose;people_liable;other_installment_plans;employment_duration;personal_status_sex
R4_F2,4,FrozenChi2Top75,Unweighted,15,status;savings;duration;housing;credit_history;amount;employment_duration;property;foreign_worker;other_installment_plans;number_credits;purpose;installment_rate;telephone;other_debtors
R4_F2,5,FrozenChi2Top75,Unweighted,15,status;savings;duration;credit_history;housing;installment_rate;employment_duration;purpose;foreign_worker;property;other_installment_plans;amount;other_debtors;number_credits;personal_status_sex
R4_F2,1,FrozenChi2Top75,Balanced,15,status;housing;savings;credit_history;duration;amount;other_installment_plans;foreign_worker;purpose;property;employment_duration;personal_status_sex;other_debtors;age;job
R4_F2,2,FrozenChi2Top75,Balanced,15,status;savings;duration;amount;housing;other_installment_plans;credit_history;property;purpose;employment_duration;installment_rate;foreign_worker;other_debtors;telephone;age
R4_F2,3,FrozenChi2Top75,Balanced,15,savings;housing;status;duration;credit_history;property;installment_rate;other_debtors;amount;foreign_worker;purpose;people_liable;other_installment_plans;employment_duration;personal_status_sex
R4_F2,4,FrozenChi2Top75,Balanced,15,status;savings;duration;housing;credit_history;amount;employment_duration;property;foreign_worker;other_installment_plans;number_credits;purpose;installment_rate;telephone;other_debtors
R4_F2,5,FrozenChi2Top75,Balanced,15,status;savings;duration;credit_history;housing;installment_rate;employment_duration;purpose;foreign_worker;property;other_installment_plans;amount;other_debtors;number_credits;personal_status_sex
R4_F3,1,AllFeatures,Unweighted,20,status;credit_history;purpose;savings;employment_duration;personal_status_sex;other_debtors;property;other_installment_plans;housing;job;telephone;foreign_worker;duration;amount;installment_rate;present_residence;age;number_credits;people_liable
R4_F3,2,AllFeatures,Unweighted,20,status;credit_history;purpose;savings;employment_duration;personal_status_sex;other_debtors;property;other_installment_plans;housing;job;telephone;foreign_worker;duration;amount;installment_rate;present_residence;age;number_credits;people_liable
R4_F3,3,AllFeatures,Unweighted,20,status;credit_history;purpose;savings;employment_duration;personal_status_sex;other_debtors;property;other_installment_plans;housing;job;telephone;foreign_worker;duration;amount;installment_rate;present_residence;age;number_credits;people_liable
R4_F3,4,AllFeatures,Unweighted,20,status;credit_history;purpose;savings;employment_duration;personal_status_sex;other_debtors;property;other_installment_plans;housing;job;telephone;foreign_worker;duration;amount;installment_rate;present_residence;age;number_credits;people_liable
R4_F3,5,AllFeatures,Unweighted,20,status;credit_history;purpose;savings;employment_duration;personal_status_sex;other_debtors;property;other_installment_plans;housing;job;telephone;foreign_worker;duration;amount;installment_rate;present_residence;age;number_credits;people_liable
R4_F3,1,AllFeatures,Balanced,20,status;credit_history;purpose;savings;employment_duration;personal_status_sex;other_debtors;property;other_installment_plans;housing;job;telephone;foreign_worker;duration;amount;installment_rate;present_residence;age;number_credits;people_liable
R4_F3,2,AllFeatures,Balanced,20,status;credit_history;purpose;savings;employment_duration;personal_status_sex;other_debtors;property;other_installment_plans;housing;job;telephone;foreign_worker;duration;amount;installment_rate;present_residence;age;number_credits;people_liable
R4_F3,3,AllFeatures,Balanced,20,status;credit_history;purpose;savings;employment_duration;personal_status_sex;other_debtors;property;other_installment_plans;housing;job;telephone;foreign_worker;duration;amount;installment_rate;present_residence;age;number_credits;people_liable
R4_F3,4,AllFeatures,Balanced,20,status;credit_history;purpose;savings;employment_duration;personal_status_sex;other_debtors;property;other_installment_plans;housing;job;telephone;foreign_worker;duration;amount;installment_rate;present_residence;age;number_credits;people_liable
R4_F3,5,AllFeatures,Balanced,20,status;credit_history;purpose;savings;employment_duration;personal_status_sex;other_debtors;property;other_installment_plans;housing;job;telephone;foreign_worker;duration;amount;installment_rate;present_residence;age;number_credits;people_liable
R4_F3,1,FrozenChi2Top75,Unweighted,15,status;duration;housing;amount;credit_history;savings;other_installment_plans;property;foreign_worker;personal_status_sex;purpose;telephone;employment_duration;other_debtors;age
R4_F3,2,FrozenChi2Top75,Unweighted,15,status;savings;duration;other_installment_plans;housing;credit_history;property;personal_status_sex;amount;purpose;foreign_worker;other_debtors;age;telephone;employment_duration
R4_F3,3,FrozenChi2Top75,Unweighted,15,status;duration;housing;other_installment_plans;credit_history;savings;property;people_liable;employment_duration;foreign_worker;amount;purpose;personal_status_sex;installment_rate;number_credits
R4_F3,4,FrozenChi2Top75,Unweighted,15,status;duration;other_installment_plans;savings;credit_history;housing;employment_duration;property;other_debtors;amount;age;purpose;foreign_worker;installment_rate;personal_status_sex
R4_F3,5,FrozenChi2Top75,Unweighted,15,status;savings;credit_history;other_installment_plans;employment_duration;duration;property;housing;age;foreign_worker;purpose;amount;personal_status_sex;number_credits;installment_rate
R4_F3,1,FrozenChi2Top75,Balanced,15,status;duration;housing;amount;credit_history;savings;other_installment_plans;property;foreign_worker;personal_status_sex;purpose;telephone;employment_duration;other_debtors;age
R4_F3,2,FrozenChi2Top75,Balanced,15,status;savings;duration;other_installment_plans;housing;credit_history;property;personal_status_sex;amount;purpose;foreign_worker;other_debtors;age;telephone;employment_duration
R4_F3,3,FrozenChi2Top75,Balanced,15,status;duration;housing;other_installment_plans;credit_history;savings;property;people_liable;employment_duration;foreign_worker;amount;purpose;personal_status_sex;installment_rate;number_credits
R4_F3,4,FrozenChi2Top75,Balanced,15,status;duration;other_installment_plans;savings;credit_history;housing;employment_duration;property;other_debtors;amount;age;purpose;foreign_worker;installment_rate;personal_status_sex
R4_F3,5,FrozenChi2Top75,Balanced,15,status;savings;credit_history;other_installment_plans;employment_duration;duration;property;housing;age;foreign_worker;purpose;amount;personal_status_sex;number_credits;installment_rate
R4_F4,1,AllFeatures,Unweighted,20,status;credit_history;purpose;savings;employment_duration;personal_status_sex;other_debtors;property;other_installment_plans;housing;job;telephone;foreign_worker;duration;amount;installment_rate;present_residence;age;number_credits;people_liable
R4_F4,2,AllFeatures,Unweighted,20,status;credit_history;purpose;savings;employment_duration;personal_status_sex;other_debtors;property;other_installment_plans;housing;job;telephone;foreign_worker;duration;amount;installment_rate;present_residence;age;number_credits;people_liable
R4_F4,3,AllFeatures,Unweighted,20,status;credit_history;purpose;savings;employment_duration;personal_status_sex;other_debtors;property;other_installment_plans;housing;job;telephone;foreign_worker;duration;amount;installment_rate;present_residence;age;number_credits;people_liable
R4_F4,4,AllFeatures,Unweighted,20,status;credit_history;purpose;savings;employment_duration;personal_status_sex;other_debtors;property;other_installment_plans;housing;job;telephone;foreign_worker;duration;amount;installment_rate;present_residence;age;number_credits;people_liable
R4_F4,5,AllFeatures,Unweighted,20,status;credit_history;purpose;savings;employment_duration;personal_status_sex;other_debtors;property;other_installment_plans;housing;job;telephone;foreign_worker;duration;amount;installment_rate;present_residence;age;number_credits;people_liable
R4_F4,1,AllFeatures,Balanced,20,status;credit_history;purpose;savings;employment_duration;personal_status_sex;other_debtors;property;other_installment_plans;housing;job;telephone;foreign_worker;duration;amount;installment_rate;present_residence;age;number_credits;people_liable
R4_F4,2,AllFeatures,Balanced,20,status;credit_history;purpose;savings;employment_duration;personal_status_sex;other_debtors;property;other_installment_plans;housing;job;telephone;foreign_worker;duration;amount;installment_rate;present_residence;age;number_credits;people_liable
R4_F4,3,AllFeatures,Balanced,20,status;credit_history;purpose;savings;employment_duration;personal_status_sex;other_debtors;property;other_installment_plans;housing;job;telephone;foreign_worker;duration;amount;installment_rate;present_residence;age;number_credits;people_liable
R4_F4,4,AllFeatures,Balanced,20,status;credit_history;purpose;savings;employment_duration;personal_status_sex;other_debtors;property;other_installment_plans;housing;job;telephone;foreign_worker;duration;amount;installment_rate;present_residence;age;number_credits;people_liable
R4_F4,5,AllFeatures,Balanced,20,status;credit_history;purpose;savings;employment_duration;personal_status_sex;other_debtors;property;other_installment_plans;housing;job;telephone;foreign_worker;duration;amount;installment_rate;present_residence;age;number_credits;people_liable
R4_F4,1,FrozenChi2Top75,Unweighted,15,status;duration;housing;amount;savings;credit_history;other_installment_plans;property;personal_status_sex;purpose;other_debtors;foreign_worker;employment_duration;people_liable;telephone
R4_F4,2,FrozenChi2Top75,Unweighted,15,status;credit_history;savings;housing;personal_status_sex;other_installment_plans;property;telephone;duration;employment_duration;purpose;amount;age;foreign_worker;other_debtors
R4_F4,3,FrozenChi2Top75,Unweighted,15,status;duration;savings;other_installment_plans;personal_status_sex;credit_history;property;installment_rate;amount;housing;purpose;employment_duration;foreign_worker;age;other_debtors
R4_F4,4,FrozenChi2Top75,Unweighted,15,duration;status;other_installment_plans;amount;property;savings;credit_history;housing;employment_duration;purpose;personal_status_sex;job;age;installment_rate;foreign_worker
R4_F4,5,FrozenChi2Top75,Unweighted,15,status;credit_history;housing;other_installment_plans;duration;personal_status_sex;savings;employment_duration;amount;property;purpose;installment_rate;other_debtors;foreign_worker;age
R4_F4,1,FrozenChi2Top75,Balanced,15,status;duration;housing;amount;savings;credit_history;other_installment_plans;property;personal_status_sex;purpose;other_debtors;foreign_worker;employment_duration;people_liable;telephone
R4_F4,2,FrozenChi2Top75,Balanced,15,status;credit_history;savings;housing;personal_status_sex;other_installment_plans;property;telephone;duration;employment_duration;purpose;amount;age;foreign_worker;other_debtors
R4_F4,3,FrozenChi2Top75,Balanced,15,status;duration;savings;other_installment_plans;personal_status_sex;credit_history;property;installment_rate;amount;housing;purpose;employment_duration;foreign_worker;age;other_debtors
R4_F4,4,FrozenChi2Top75,Balanced,15,duration;status;other_installment_plans;amount;property;savings;credit_history;housing;employment_duration;purpose;personal_status_sex;job;age;installment_rate;foreign_worker
R4_F4,5,FrozenChi2Top75,Balanced,15,status;credit_history;housing;other_installment_plans;duration;personal_status_sex;savings;employment_duration;amount;property;purpose;installment_rate;other_debtors;foreign_worker;age
R4_F5,1,AllFeatures,Unweighted,20,status;credit_history;purpose;savings;employment_duration;personal_status_sex;other_debtors;property;other_installment_plans;housing;job;telephone;foreign_worker;duration;amount;installment_rate;present_residence;age;number_credits;people_liable
R4_F5,2,AllFeatures,Unweighted,20,status;credit_history;purpose;savings;employment_duration;personal_status_sex;other_debtors;property;other_installment_plans;housing;job;telephone;foreign_worker;duration;amount;installment_rate;present_residence;age;number_credits;people_liable
R4_F5,3,AllFeatures,Unweighted,20,status;credit_history;purpose;savings;employment_duration;personal_status_sex;other_debtors;property;other_installment_plans;housing;job;telephone;foreign_worker;duration;amount;installment_rate;present_residence;age;number_credits;people_liable
R4_F5,4,AllFeatures,Unweighted,20,status;credit_history;purpose;savings;employment_duration;personal_status_sex;other_debtors;property;other_installment_plans;housing;job;telephone;foreign_worker;duration;amount;installment_rate;present_residence;age;number_credits;people_liable
R4_F5,5,AllFeatures,Unweighted,20,status;credit_history;purpose;savings;employment_duration;personal_status_sex;other_debtors;property;other_installment_plans;housing;job;telephone;foreign_worker;duration;amount;installment_rate;present_residence;age;number_credits;people_liable
R4_F5,1,AllFeatures,Balanced,20,status;credit_history;purpose;savings;employment_duration;personal_status_sex;other_debtors;property;other_installment_plans;housing;job;telephone;foreign_worker;duration;amount;installment_rate;present_residence;age;number_credits;people_liable
R4_F5,2,AllFeatures,Balanced,20,status;credit_history;purpose;savings;employment_duration;personal_status_sex;other_debtors;property;other_installment_plans;housing;job;telephone;foreign_worker;duration;amount;installment_rate;present_residence;age;number_credits;people_liable
R4_F5,3,AllFeatures,Balanced,20,status;credit_history;purpose;savings;employment_duration;personal_status_sex;other_debtors;property;other_installment_plans;housing;job;telephone;foreign_worker;duration;amount;installment_rate;present_residence;age;number_credits;people_liable
R4_F5,4,AllFeatures,Balanced,20,status;credit_history;purpose;savings;employment_duration;personal_status_sex;other_debtors;property;other_installment_plans;housing;job;telephone;foreign_worker;duration;amount;installment_rate;present_residence;age;number_credits;people_liable
R4_F5,5,AllFeatures,Balanced,20,status;credit_history;purpose;savings;employment_duration;personal_status_sex;other_debtors;property;other_installment_plans;housing;job;telephone;foreign_worker;duration;amount;installment_rate;present_residence;age;number_credits;people_liable
R4_F5,1,FrozenChi2Top75,Unweighted,15,housing;status;duration;credit_history;amount;property;savings;personal_status_sex;purpose;foreign_worker;telephone;employment_duration;other_debtors;other_installment_plans;age
R4_F5,2,FrozenChi2Top75,Unweighted,15,duration;status;housing;credit_history;savings;property;employment_duration;amount;personal_status_sex;other_installment_plans;age;purpose;foreign_worker;other_debtors;installment_rate
R4_F5,3,FrozenChi2Top75,Unweighted,15,status;housing;duration;credit_history;savings;amount;employment_duration;property;other_installment_plans;personal_status_sex;purpose;age;foreign_worker;number_credits;installment_rate
R4_F5,4,FrozenChi2Top75,Unweighted,15,housing;status;duration;credit_history;savings;amount;employment_duration;property;foreign_worker;other_debtors;purpose;installment_rate;age;personal_status_sex;number_credits
R4_F5,5,FrozenChi2Top75,Unweighted,15,status;duration;housing;amount;credit_history;property;savings;other_installment_plans;personal_status_sex;employment_duration;foreign_worker;other_debtors;purpose;number_credits;installment_rate
R4_F5,1,FrozenChi2Top75,Balanced,15,housing;status;duration;credit_history;amount;property;savings;personal_status_sex;purpose;foreign_worker;telephone;employment_duration;other_debtors;other_installment_plans;age
R4_F5,2,FrozenChi2Top75,Balanced,15,duration;status;housing;credit_history;savings;property;employment_duration;amount;personal_status_sex;other_installment_plans;age;purpose;foreign_worker;other_debtors;installment_rate
R4_F5,3,FrozenChi2Top75,Balanced,15,status;housing;duration;credit_history;savings;amount;employment_duration;property;other_installment_plans;personal_status_sex;purpose;age;foreign_worker;number_credits;installment_rate
R4_F5,4,FrozenChi2Top75,Balanced,15,housing;status;duration;credit_history;savings;amount;employment_duration;property;foreign_worker;other_debtors;purpose;installment_rate;age;personal_status_sex;number_credits
R4_F5,5,FrozenChi2Top75,Balanced,15,status;duration;housing;amount;credit_history;property;savings;other_installment_plans;personal_status_sex;employment_duration;foreign_worker;other_debtors;purpose;number_credits;installment_rate
R5_F1,1,AllFeatures,Unweighted,20,status;credit_history;purpose;savings;employment_duration;personal_status_sex;other_debtors;property;other_installment_plans;housing;job;telephone;foreign_worker;duration;amount;installment_rate;present_residence;age;number_credits;people_liable
R5_F1,2,AllFeatures,Unweighted,20,status;credit_history;purpose;savings;employment_duration;personal_status_sex;other_debtors;property;other_installment_plans;housing;job;telephone;foreign_worker;duration;amount;installment_rate;present_residence;age;number_credits;people_liable
R5_F1,3,AllFeatures,Unweighted,20,status;credit_history;purpose;savings;employment_duration;personal_status_sex;other_debtors;property;other_installment_plans;housing;job;telephone;foreign_worker;duration;amount;installment_rate;present_residence;age;number_credits;people_liable
R5_F1,4,AllFeatures,Unweighted,20,status;credit_history;purpose;savings;employment_duration;personal_status_sex;other_debtors;property;other_installment_plans;housing;job;telephone;foreign_worker;duration;amount;installment_rate;present_residence;age;number_credits;people_liable
R5_F1,5,AllFeatures,Unweighted,20,status;credit_history;purpose;savings;employment_duration;personal_status_sex;other_debtors;property;other_installment_plans;housing;job;telephone;foreign_worker;duration;amount;installment_rate;present_residence;age;number_credits;people_liable
R5_F1,1,AllFeatures,Balanced,20,status;credit_history;purpose;savings;employment_duration;personal_status_sex;other_debtors;property;other_installment_plans;housing;job;telephone;foreign_worker;duration;amount;installment_rate;present_residence;age;number_credits;people_liable
R5_F1,2,AllFeatures,Balanced,20,status;credit_history;purpose;savings;employment_duration;personal_status_sex;other_debtors;property;other_installment_plans;housing;job;telephone;foreign_worker;duration;amount;installment_rate;present_residence;age;number_credits;people_liable
R5_F1,3,AllFeatures,Balanced,20,status;credit_history;purpose;savings;employment_duration;personal_status_sex;other_debtors;property;other_installment_plans;housing;job;telephone;foreign_worker;duration;amount;installment_rate;present_residence;age;number_credits;people_liable
R5_F1,4,AllFeatures,Balanced,20,status;credit_history;purpose;savings;employment_duration;personal_status_sex;other_debtors;property;other_installment_plans;housing;job;telephone;foreign_worker;duration;amount;installment_rate;present_residence;age;number_credits;people_liable
R5_F1,5,AllFeatures,Balanced,20,status;credit_history;purpose;savings;employment_duration;personal_status_sex;other_debtors;property;other_installment_plans;housing;job;telephone;foreign_worker;duration;amount;installment_rate;present_residence;age;number_credits;people_liable
R5_F1,1,FrozenChi2Top75,Unweighted,15,status;housing;savings;credit_history;duration;other_installment_plans;employment_duration;age;amount;property;purpose;personal_status_sex;foreign_worker;other_debtors;telephone
R5_F1,2,FrozenChi2Top75,Unweighted,15,status;other_installment_plans;duration;savings;housing;credit_history;amount;employment_duration;property;age;personal_status_sex;foreign_worker;purpose;people_liable;telephone
R5_F1,3,FrozenChi2Top75,Unweighted,15,status;housing;savings;credit_history;other_installment_plans;duration;amount;property;employment_duration;foreign_worker;installment_rate;number_credits;purpose;age;other_debtors
R5_F1,4,FrozenChi2Top75,Unweighted,15,status;other_installment_plans;credit_history;duration;savings;housing;amount;employment_duration;property;other_debtors;purpose;personal_status_sex;foreign_worker;number_credits;age
R5_F1,5,FrozenChi2Top75,Unweighted,15,status;housing;duration;savings;credit_history;amount;property;other_installment_plans;employment_duration;purpose;personal_status_sex;age;other_debtors;installment_rate;people_liable
R5_F1,1,FrozenChi2Top75,Balanced,15,status;housing;savings;credit_history;duration;other_installment_plans;employment_duration;age;amount;property;purpose;personal_status_sex;foreign_worker;other_debtors;telephone
R5_F1,2,FrozenChi2Top75,Balanced,15,status;other_installment_plans;duration;savings;housing;credit_history;amount;employment_duration;property;age;personal_status_sex;foreign_worker;purpose;people_liable;telephone
R5_F1,3,FrozenChi2Top75,Balanced,15,status;housing;savings;credit_history;other_installment_plans;duration;amount;property;employment_duration;foreign_worker;installment_rate;number_credits;purpose;age;other_debtors
R5_F1,4,FrozenChi2Top75,Balanced,15,status;other_installment_plans;credit_history;duration;savings;housing;amount;employment_duration;property;other_debtors;purpose;personal_status_sex;foreign_worker;number_credits;age
R5_F1,5,FrozenChi2Top75,Balanced,15,status;housing;duration;savings;credit_history;amount;property;other_installment_plans;employment_duration;purpose;personal_status_sex;age;other_debtors;installment_rate;people_liable
R5_F2,1,AllFeatures,Unweighted,20,status;credit_history;purpose;savings;employment_duration;personal_status_sex;other_debtors;property;other_installment_plans;housing;job;telephone;foreign_worker;duration;amount;installment_rate;present_residence;age;number_credits;people_liable
R5_F2,2,AllFeatures,Unweighted,20,status;credit_history;purpose;savings;employment_duration;personal_status_sex;other_debtors;property;other_installment_plans;housing;job;telephone;foreign_worker;duration;amount;installment_rate;present_residence;age;number_credits;people_liable
R5_F2,3,AllFeatures,Unweighted,20,status;credit_history;purpose;savings;employment_duration;personal_status_sex;other_debtors;property;other_installment_plans;housing;job;telephone;foreign_worker;duration;amount;installment_rate;present_residence;age;number_credits;people_liable
R5_F2,4,AllFeatures,Unweighted,20,status;credit_history;purpose;savings;employment_duration;personal_status_sex;other_debtors;property;other_installment_plans;housing;job;telephone;foreign_worker;duration;amount;installment_rate;present_residence;age;number_credits;people_liable
R5_F2,5,AllFeatures,Unweighted,20,status;credit_history;purpose;savings;employment_duration;personal_status_sex;other_debtors;property;other_installment_plans;housing;job;telephone;foreign_worker;duration;amount;installment_rate;present_residence;age;number_credits;people_liable
R5_F2,1,AllFeatures,Balanced,20,status;credit_history;purpose;savings;employment_duration;personal_status_sex;other_debtors;property;other_installment_plans;housing;job;telephone;foreign_worker;duration;amount;installment_rate;present_residence;age;number_credits;people_liable
R5_F2,2,AllFeatures,Balanced,20,status;credit_history;purpose;savings;employment_duration;personal_status_sex;other_debtors;property;other_installment_plans;housing;job;telephone;foreign_worker;duration;amount;installment_rate;present_residence;age;number_credits;people_liable
R5_F2,3,AllFeatures,Balanced,20,status;credit_history;purpose;savings;employment_duration;personal_status_sex;other_debtors;property;other_installment_plans;housing;job;telephone;foreign_worker;duration;amount;installment_rate;present_residence;age;number_credits;people_liable
R5_F2,4,AllFeatures,Balanced,20,status;credit_history;purpose;savings;employment_duration;personal_status_sex;other_debtors;property;other_installment_plans;housing;job;telephone;foreign_worker;duration;amount;installment_rate;present_residence;age;number_credits;people_liable
R5_F2,5,AllFeatures,Balanced,20,status;credit_history;purpose;savings;employment_duration;personal_status_sex;other_debtors;property;other_installment_plans;housing;job;telephone;foreign_worker;duration;amount;installment_rate;present_residence;age;number_credits;people_liable
R5_F2,1,FrozenChi2Top75,Unweighted,15,duration;housing;status;savings;property;credit_history;foreign_worker;amount;other_installment_plans;personal_status_sex;purpose;employment_duration;age;other_debtors;telephone
R5_F2,2,FrozenChi2Top75,Unweighted,15,duration;status;savings;housing;other_installment_plans;credit_history;amount;property;foreign_worker;installment_rate;purpose;personal_status_sex;employment_duration;age;other_debtors
R5_F2,3,FrozenChi2Top75,Unweighted,15,status;housing;savings;duration;amount;credit_history;other_installment_plans;property;employment_duration;purpose;foreign_worker;number_credits;other_debtors;age;installment_rate
R5_F2,4,FrozenChi2Top75,Unweighted,15,housing;status;savings;duration;property;credit_history;amount;other_installment_plans;age;foreign_worker;installment_rate;employment_duration;purpose;other_debtors;personal_status_sex
R5_F2,5,FrozenChi2Top75,Unweighted,15,housing;credit_history;savings;duration;status;amount;foreign_worker;property;employment_duration;personal_status_sex;number_credits;other_installment_plans;job;purpose;other_debtors
R5_F2,1,FrozenChi2Top75,Balanced,15,duration;housing;status;savings;property;credit_history;foreign_worker;amount;other_installment_plans;personal_status_sex;purpose;employment_duration;age;other_debtors;telephone
R5_F2,2,FrozenChi2Top75,Balanced,15,duration;status;savings;housing;other_installment_plans;credit_history;amount;property;foreign_worker;installment_rate;purpose;personal_status_sex;employment_duration;age;other_debtors
R5_F2,3,FrozenChi2Top75,Balanced,15,status;housing;savings;duration;amount;credit_history;other_installment_plans;property;employment_duration;purpose;foreign_worker;number_credits;other_debtors;age;installment_rate
R5_F2,4,FrozenChi2Top75,Balanced,15,housing;status;savings;duration;property;credit_history;amount;other_installment_plans;age;foreign_worker;installment_rate;employment_duration;purpose;other_debtors;personal_status_sex
R5_F2,5,FrozenChi2Top75,Balanced,15,housing;credit_history;savings;duration;status;amount;foreign_worker;property;employment_duration;personal_status_sex;number_credits;other_installment_plans;job;purpose;other_debtors
R5_F3,1,AllFeatures,Unweighted,20,status;credit_history;purpose;savings;employment_duration;personal_status_sex;other_debtors;property;other_installment_plans;housing;job;telephone;foreign_worker;duration;amount;installment_rate;present_residence;age;number_credits;people_liable
R5_F3,2,AllFeatures,Unweighted,20,status;credit_history;purpose;savings;employment_duration;personal_status_sex;other_debtors;property;other_installment_plans;housing;job;telephone;foreign_worker;duration;amount;installment_rate;present_residence;age;number_credits;people_liable
R5_F3,3,AllFeatures,Unweighted,20,status;credit_history;purpose;savings;employment_duration;personal_status_sex;other_debtors;property;other_installment_plans;housing;job;telephone;foreign_worker;duration;amount;installment_rate;present_residence;age;number_credits;people_liable
R5_F3,4,AllFeatures,Unweighted,20,status;credit_history;purpose;savings;employment_duration;personal_status_sex;other_debtors;property;other_installment_plans;housing;job;telephone;foreign_worker;duration;amount;installment_rate;present_residence;age;number_credits;people_liable
R5_F3,5,AllFeatures,Unweighted,20,status;credit_history;purpose;savings;employment_duration;personal_status_sex;other_debtors;property;other_installment_plans;housing;job;telephone;foreign_worker;duration;amount;installment_rate;present_residence;age;number_credits;people_liable
R5_F3,1,AllFeatures,Balanced,20,status;credit_history;purpose;savings;employment_duration;personal_status_sex;other_debtors;property;other_installment_plans;housing;job;telephone;foreign_worker;duration;amount;installment_rate;present_residence;age;number_credits;people_liable
R5_F3,2,AllFeatures,Balanced,20,status;credit_history;purpose;savings;employment_duration;personal_status_sex;other_debtors;property;other_installment_plans;housing;job;telephone;foreign_worker;duration;amount;installment_rate;present_residence;age;number_credits;people_liable
R5_F3,3,AllFeatures,Balanced,20,status;credit_history;purpose;savings;employment_duration;personal_status_sex;other_debtors;property;other_installment_plans;housing;job;telephone;foreign_worker;duration;amount;installment_rate;present_residence;age;number_credits;people_liable
R5_F3,4,AllFeatures,Balanced,20,status;credit_history;purpose;savings;employment_duration;personal_status_sex;other_debtors;property;other_installment_plans;housing;job;telephone;foreign_worker;duration;amount;installment_rate;present_residence;age;number_credits;people_liable
R5_F3,5,AllFeatures,Balanced,20,status;credit_history;purpose;savings;employment_duration;personal_status_sex;other_debtors;property;other_installment_plans;housing;job;telephone;foreign_worker;duration;amount;installment_rate;present_residence;age;number_credits;people_liable
R5_F3,1,FrozenChi2Top75,Unweighted,15,status;duration;housing;savings;credit_history;purpose;amount;other_installment_plans;personal_status_sex;employment_duration;telephone;property;foreign_worker;other_debtors;installment_rate
R5_F3,2,FrozenChi2Top75,Unweighted,15,status;duration;other_installment_plans;credit_history;savings;housing;employment_duration;purpose;telephone;foreign_worker;personal_status_sex;property;amount;age;installment_rate
R5_F3,3,FrozenChi2Top75,Unweighted,15,status;duration;amount;savings;personal_status_sex;credit_history;other_installment_plans;purpose;telephone;property;employment_duration;age;other_debtors;foreign_worker;housing
R5_F3,4,FrozenChi2Top75,Unweighted,15,status;credit_history;savings;duration;housing;other_installment_plans;employment_duration;amount;foreign_worker;purpose;age;property;personal_status_sex;other_debtors;installment_rate
R5_F3,5,FrozenChi2Top75,Unweighted,15,status;duration;savings;credit_history;housing;installment_rate;people_liable;employment_duration;amount;other_installment_plans;personal_status_sex;purpose;property;age;foreign_worker
R5_F3,1,FrozenChi2Top75,Balanced,15,status;duration;housing;savings;credit_history;purpose;amount;other_installment_plans;personal_status_sex;employment_duration;telephone;property;foreign_worker;other_debtors;installment_rate
R5_F3,2,FrozenChi2Top75,Balanced,15,status;duration;other_installment_plans;credit_history;savings;housing;employment_duration;purpose;telephone;foreign_worker;personal_status_sex;property;amount;age;installment_rate
R5_F3,3,FrozenChi2Top75,Balanced,15,status;duration;amount;savings;personal_status_sex;credit_history;other_installment_plans;purpose;telephone;property;employment_duration;age;other_debtors;foreign_worker;housing
R5_F3,4,FrozenChi2Top75,Balanced,15,status;credit_history;savings;duration;housing;other_installment_plans;employment_duration;amount;foreign_worker;purpose;age;property;personal_status_sex;other_debtors;installment_rate
R5_F3,5,FrozenChi2Top75,Balanced,15,status;duration;savings;credit_history;housing;installment_rate;people_liable;employment_duration;amount;other_installment_plans;personal_status_sex;purpose;property;age;foreign_worker
R5_F4,1,AllFeatures,Unweighted,20,status;credit_history;purpose;savings;employment_duration;personal_status_sex;other_debtors;property;other_installment_plans;housing;job;telephone;foreign_worker;duration;amount;installment_rate;present_residence;age;number_credits;people_liable
R5_F4,2,AllFeatures,Unweighted,20,status;credit_history;purpose;savings;employment_duration;personal_status_sex;other_debtors;property;other_installment_plans;housing;job;telephone;foreign_worker;duration;amount;installment_rate;present_residence;age;number_credits;people_liable
R5_F4,3,AllFeatures,Unweighted,20,status;credit_history;purpose;savings;employment_duration;personal_status_sex;other_debtors;property;other_installment_plans;housing;job;telephone;foreign_worker;duration;amount;installment_rate;present_residence;age;number_credits;people_liable
R5_F4,4,AllFeatures,Unweighted,20,status;credit_history;purpose;savings;employment_duration;personal_status_sex;other_debtors;property;other_installment_plans;housing;job;telephone;foreign_worker;duration;amount;installment_rate;present_residence;age;number_credits;people_liable
R5_F4,5,AllFeatures,Unweighted,20,status;credit_history;purpose;savings;employment_duration;personal_status_sex;other_debtors;property;other_installment_plans;housing;job;telephone;foreign_worker;duration;amount;installment_rate;present_residence;age;number_credits;people_liable
R5_F4,1,AllFeatures,Balanced,20,status;credit_history;purpose;savings;employment_duration;personal_status_sex;other_debtors;property;other_installment_plans;housing;job;telephone;foreign_worker;duration;amount;installment_rate;present_residence;age;number_credits;people_liable
R5_F4,2,AllFeatures,Balanced,20,status;credit_history;purpose;savings;employment_duration;personal_status_sex;other_debtors;property;other_installment_plans;housing;job;telephone;foreign_worker;duration;amount;installment_rate;present_residence;age;number_credits;people_liable
R5_F4,3,AllFeatures,Balanced,20,status;credit_history;purpose;savings;employment_duration;personal_status_sex;other_debtors;property;other_installment_plans;housing;job;telephone;foreign_worker;duration;amount;installment_rate;present_residence;age;number_credits;people_liable
R5_F4,4,AllFeatures,Balanced,20,status;credit_history;purpose;savings;employment_duration;personal_status_sex;other_debtors;property;other_installment_plans;housing;job;telephone;foreign_worker;duration;amount;installment_rate;present_residence;age;number_credits;people_liable
R5_F4,5,AllFeatures,Balanced,20,status;credit_history;purpose;savings;employment_duration;personal_status_sex;other_debtors;property;other_installment_plans;housing;job;telephone;foreign_worker;duration;amount;installment_rate;present_residence;age;number_credits;people_liable
R5_F4,1,FrozenChi2Top75,Unweighted,15,status;housing;savings;credit_history;duration;personal_status_sex;other_installment_plans;property;purpose;employment_duration;amount;other_debtors;telephone;foreign_worker;age
R5_F4,2,FrozenChi2Top75,Unweighted,15,status;credit_history;amount;savings;duration;housing;property;personal_status_sex;employment_duration;purpose;other_installment_plans;other_debtors;foreign_worker;job;installment_rate
R5_F4,3,FrozenChi2Top75,Unweighted,15,status;duration;housing;savings;credit_history;amount;employment_duration;property;other_debtors;purpose;other_installment_plans;age;job;personal_status_sex;foreign_worker
R5_F4,4,FrozenChi2Top75,Unweighted,15,status;housing;credit_history;duration;savings;property;amount;other_debtors;personal_status_sex;employment_duration;purpose;telephone;other_installment_plans;installment_rate;foreign_worker
R5_F4,5,FrozenChi2Top75,Unweighted,15,status;credit_history;duration;savings;other_installment_plans;other_debtors;amount;purpose;housing;property;employment_duration;personal_status_sex;installment_rate;age;foreign_worker
R5_F4,1,FrozenChi2Top75,Balanced,15,status;housing;savings;credit_history;duration;personal_status_sex;other_installment_plans;property;purpose;employment_duration;amount;other_debtors;telephone;foreign_worker;age
R5_F4,2,FrozenChi2Top75,Balanced,15,status;credit_history;amount;savings;duration;housing;property;personal_status_sex;employment_duration;purpose;other_installment_plans;other_debtors;foreign_worker;job;installment_rate
R5_F4,3,FrozenChi2Top75,Balanced,15,status;duration;housing;savings;credit_history;amount;employment_duration;property;other_debtors;purpose;other_installment_plans;age;job;personal_status_sex;foreign_worker
R5_F4,4,FrozenChi2Top75,Balanced,15,status;housing;credit_history;duration;savings;property;amount;other_debtors;personal_status_sex;employment_duration;purpose;telephone;other_installment_plans;installment_rate;foreign_worker
R5_F4,5,FrozenChi2Top75,Balanced,15,status;credit_history;duration;savings;other_installment_plans;other_debtors;amount;purpose;housing;property;employment_duration;personal_status_sex;installment_rate;age;foreign_worker
R5_F5,1,AllFeatures,Unweighted,20,status;credit_history;purpose;savings;employment_duration;personal_status_sex;other_debtors;property;other_installment_plans;housing;job;telephone;foreign_worker;duration;amount;installment_rate;present_residence;age;number_credits;people_liable
R5_F5,2,AllFeatures,Unweighted,20,status;credit_history;purpose;savings;employment_duration;personal_status_sex;other_debtors;property;other_installment_plans;housing;job;telephone;foreign_worker;duration;amount;installment_rate;present_residence;age;number_credits;people_liable
R5_F5,3,AllFeatures,Unweighted,20,status;credit_history;purpose;savings;employment_duration;personal_status_sex;other_debtors;property;other_installment_plans;housing;job;telephone;foreign_worker;duration;amount;installment_rate;present_residence;age;number_credits;people_liable
R5_F5,4,AllFeatures,Unweighted,20,status;credit_history;purpose;savings;employment_duration;personal_status_sex;other_debtors;property;other_installment_plans;housing;job;telephone;foreign_worker;duration;amount;installment_rate;present_residence;age;number_credits;people_liable
R5_F5,5,AllFeatures,Unweighted,20,status;credit_history;purpose;savings;employment_duration;personal_status_sex;other_debtors;property;other_installment_plans;housing;job;telephone;foreign_worker;duration;amount;installment_rate;present_residence;age;number_credits;people_liable
R5_F5,1,AllFeatures,Balanced,20,status;credit_history;purpose;savings;employment_duration;personal_status_sex;other_debtors;property;other_installment_plans;housing;job;telephone;foreign_worker;duration;amount;installment_rate;present_residence;age;number_credits;people_liable
R5_F5,2,AllFeatures,Balanced,20,status;credit_history;purpose;savings;employment_duration;personal_status_sex;other_debtors;property;other_installment_plans;housing;job;telephone;foreign_worker;duration;amount;installment_rate;present_residence;age;number_credits;people_liable
R5_F5,3,AllFeatures,Balanced,20,status;credit_history;purpose;savings;employment_duration;personal_status_sex;other_debtors;property;other_installment_plans;housing;job;telephone;foreign_worker;duration;amount;installment_rate;present_residence;age;number_credits;people_liable
R5_F5,4,AllFeatures,Balanced,20,status;credit_history;purpose;savings;employment_duration;personal_status_sex;other_debtors;property;other_installment_plans;housing;job;telephone;foreign_worker;duration;amount;installment_rate;present_residence;age;number_credits;people_liable
R5_F5,5,AllFeatures,Balanced,20,status;credit_history;purpose;savings;employment_duration;personal_status_sex;other_debtors;property;other_installment_plans;housing;job;telephone;foreign_worker;duration;amount;installment_rate;present_residence;age;number_credits;people_liable
R5_F5,1,FrozenChi2Top75,Unweighted,15,housing;status;credit_history;duration;amount;savings;foreign_worker;property;purpose;personal_status_sex;employment_duration;number_credits;installment_rate;other_debtors;other_installment_plans
R5_F5,2,FrozenChi2Top75,Unweighted,15,status;duration;housing;credit_history;savings;property;personal_status_sex;amount;employment_duration;purpose;other_installment_plans;foreign_worker;other_debtors;telephone;job
R5_F5,3,FrozenChi2Top75,Unweighted,15,status;duration;amount;other_installment_plans;savings;credit_history;personal_status_sex;property;housing;employment_duration;foreign_worker;purpose;age;installment_rate;other_debtors
R5_F5,4,FrozenChi2Top75,Unweighted,15,status;housing;duration;savings;credit_history;other_installment_plans;property;amount;purpose;installment_rate;personal_status_sex;employment_duration;foreign_worker;other_debtors;number_credits
R5_F5,5,FrozenChi2Top75,Unweighted,15,status;duration;credit_history;housing;number_credits;other_installment_plans;employment_duration;amount;savings;property;personal_status_sex;purpose;other_debtors;foreign_worker;job
R5_F5,1,FrozenChi2Top75,Balanced,15,housing;status;credit_history;duration;amount;savings;foreign_worker;property;purpose;personal_status_sex;employment_duration;number_credits;installment_rate;other_debtors;other_installment_plans
R5_F5,2,FrozenChi2Top75,Balanced,15,status;duration;housing;credit_history;savings;property;personal_status_sex;amount;employment_duration;purpose;other_installment_plans;foreign_worker;other_debtors;telephone;job
R5_F5,3,FrozenChi2Top75,Balanced,15,status;duration;amount;other_installment_plans;savings;credit_history;personal_status_sex;property;housing;employment_duration;foreign_worker;purpose;age;installment_rate;other_debtors
R5_F5,4,FrozenChi2Top75,Balanced,15,status;housing;duration;savings;credit_history;other_installment_plans;property;amount;purpose;installment_rate;personal_status_sex;employment_duration;foreign_worker;other_debtors;number_credits
R5_F5,5,FrozenChi2Top75,Balanced,15,status;duration;credit_history;housing;number_credits;other_installment_plans;employment_duration;amount;savings;property;personal_status_sex;purpose;other_debtors;foreign_worker;job
