dataset,run_id,repeat,fold,feature_regime,training_regime,selected_outer_source_features,selected_outer_features,base_model_runtime_seconds,meta_runtime_seconds,ensemble_type,accuracy,precision_adverse,recall_adverse,specificity,f1_adverse,balanced_accuracy,mcc,roc_auc,pr_auc,gmean,ks_statistic,tn,fp,fn,tp,cost_FN1_FP1_per100,cost_FN2_FP1_per100,cost_FN5_FP1_per100,cost_FN10_FP1_per100
German Credit,R1_F1,1,1,AllFeatures,Unweighted,20,status;credit_history;purpose;savings;employment_duration;personal_status_sex;other_debtors;property;other_installment_plans;housing;job;telephone;foreign_worker;duration;amount;installment_rate;present_residence;age;number_credits;people_liable,0.9202756000449881,0.008011900004930794,SoftVote,0.795,0.782608695652174,0.5373134328358209,0.924812030075188,0.6371681415929203,0.7310627314555045,0.5183031451143186,0.8425541465604309,0.7151126845204977,0.7049212201427644,0.5203680843900796,123,10,31,36,20.5,36.0,82.5,160.0
German Credit,R1_F1,1,1,AllFeatures,Unweighted,20,status;credit_history;purpose;savings;employment_duration;personal_status_sex;other_debtors;property;other_installment_plans;housing;job;telephone;foreign_worker;duration;amount;installment_rate;present_residence;age;number_credits;people_liable,0.9202756000449881,0.008011900004930794,Stack,0.79,0.7777777777777778,0.5223880597014925,0.924812030075188,0.625,0.7236000448883402,0.5054672217104351,0.8431152508136013,0.7201348093701876,0.6950616965274203,0.5349567949725059,123,10,32,35,21.0,37.0,85.0,165.0
German Credit,R1_F1,1,1,AllFeatures,Balanced,20,status;credit_history;purpose;savings;employment_duration;personal_status_sex;other_debtors;property;other_installment_plans;housing;job;telephone;foreign_worker;duration;amount;installment_rate;present_residence;age;number_credits;people_liable,0.9350967000355013,0.011174499988555908,SoftVote,0.745,0.6111111111111112,0.6567164179104478,0.7894736842105263,0.6330935251798561,0.723095051060487,0.4387447379730794,0.8453596678262821,0.7222750612032616,0.7200418945653794,0.5350690158231399,105,28,23,44,25.5,37.0,71.5,129.0
German Credit,R1_F1,1,1,AllFeatures,Balanced,20,status;credit_history;purpose;savings;employment_duration;personal_status_sex;other_debtors;property;other_installment_plans;housing;job;telephone;foreign_worker;duration;amount;installment_rate;present_residence;age;number_credits;people_liable,0.9350967000355013,0.011174499988555908,Stack,0.745,0.5833333333333334,0.835820895522388,0.6992481203007519,0.6871165644171779,0.76753450791157,0.5054995097440109,0.8455841095275503,0.718570116645221,0.7644908044588378,0.5427000336662553,93,40,11,56,25.5,31.0,47.5,75.0
German Credit,R1_F1,1,1,FrozenChi2Top75,Unweighted,15,status;housing;savings;other_installment_plans;credit_history;duration;amount;property;foreign_worker;purpose;employment_duration;personal_status_sex;installment_rate;other_debtors;age,0.9422379999887198,0.008027600008063018,SoftVote,0.78,0.7346938775510204,0.5373134328358209,0.9022556390977443,0.6206896551724138,0.7197845359667826,0.4823961533412663,0.8500729435529122,0.709809960592908,0.6962715524413492,0.5438222421725958,120,13,31,36,22.0,37.5,84.0,161.5
German Credit,R1_F1,1,1,FrozenChi2Top75,Unweighted,15,status;housing;savings;other_installment_plans;credit_history;duration;amount;property;foreign_worker;purpose;employment_duration;personal_status_sex;installment_rate;other_debtors;age,0.9422379999887198,0.008027600008063018,Stack,0.785,0.7608695652173914,0.5223880597014925,0.9172932330827067,0.6194690265486725,0.7198406463920997,0.4931305785716126,0.8518684771630569,0.7166365591911474,0.6922304762197227,0.5364156660307485,122,11,32,35,21.5,37.5,85.5,165.5
German Credit,R1_F1,1,1,FrozenChi2Top75,Balanced,15,status;housing;savings;other_installment_plans;credit_history;duration;amount;property;foreign_worker;purpose;employment_duration;personal_status_sex;installment_rate;other_debtors;age,0.8873784000752494,0.010339900036342442,SoftVote,0.765,0.6388888888888888,0.6865671641791045,0.8045112781954887,0.6618705035971223,0.7455392211872967,0.48288404762831877,0.8517562563124228,0.7205742037480634,0.7432032204052827,0.5345079115699697,107,26,21,46,23.5,34.0,65.5,118.0
German Credit,R1_F1,1,1,FrozenChi2Top75,Balanced,15,status;housing;savings;other_installment_plans;credit_history;duration;amount;property;foreign_worker;purpose;employment_duration;personal_status_sex;installment_rate;other_debtors;age,0.8873784000752494,0.010339900036342442,Stack,0.72,0.5567010309278351,0.8059701492537313,0.6766917293233082,0.6585365853658537,0.7413309392885198,0.4558287791092864,0.8526540231174952,0.7190624676565216,0.7385075044178443,0.5494332847042981,90,43,13,54,28.0,34.5,54.0,86.5
German Credit,R1_F2,1,2,AllFeatures,Unweighted,20,status;credit_history;purpose;savings;employment_duration;personal_status_sex;other_debtors;property;other_installment_plans;housing;job;telephone;foreign_worker;duration;amount;installment_rate;present_residence;age;number_credits;people_liable,0.9423035000800155,0.010083600005600601,SoftVote,0.785,0.5714285714285714,0.4166666666666667,0.9013157894736842,0.4819277108433735,0.6589912280701754,0.3574123688791589,0.7639802631578947,0.5258969756311396,0.6128199128732968,0.47258771929824556,137,15,28,20,21.5,35.5,77.5,147.5
German Credit,R1_F2,1,2,AllFeatures,Unweighted,20,status;credit_history;purpose;savings;employment_duration;personal_status_sex;other_debtors;property;other_installment_plans;housing;job;telephone;foreign_worker;duration;amount;installment_rate;present_residence;age;number_credits;people_liable,0.9423035000800155,0.010083600005600601,Stack,0.79,0.5882352941176471,0.4166666666666667,0.9078947368421053,0.4878048780487805,0.662280701754386,0.36901649783557855,0.7680921052631579,0.5358050234065239,0.6150524153958024,0.5054824561403508,138,14,28,20,21.0,35.0,77.0,147.0
German Credit,R1_F2,1,2,AllFeatures,Balanced,20,status;credit_history;purpose;savings;employment_duration;personal_status_sex;other_debtors;property;other_installment_plans;housing;job;telephone;foreign_worker;duration;amount;installment_rate;present_residence;age;number_credits;people_liable,0.9327117999200709,0.009206099959556013,SoftVote,0.77,0.5178571428571429,0.6041666666666666,0.8223684210526315,0.5576923076923077,0.7132675438596491,0.4057157954399254,0.7556195175438597,0.5125953073432683,0.7048741644572442,0.4385964912280702,125,27,19,29,23.0,32.5,61.0,108.5
German Credit,R1_F2,1,2,AllFeatures,Balanced,20,status;credit_history;purpose;savings;employment_duration;personal_status_sex;other_debtors;property;other_installment_plans;housing;job;telephone;foreign_worker;duration;amount;installment_rate;present_residence;age;number_credits;people_liable,0.9327117999200709,0.009206099959556013,Stack,0.72,0.44594594594594594,0.6875,0.7302631578947368,0.5409836065573771,0.7088815789473684,0.3695484776799263,0.7564418859649122,0.5141515228377787,0.7085590455654571,0.4385964912280702,111,41,15,33,28.0,35.5,58.0,95.5
German Credit,R1_F2,1,2,FrozenChi2Top75,Unweighted,15,status;duration;credit_history;housing;savings;amount;other_installment_plans;property;employment_duration;personal_status_sex;purpose;foreign_worker;number_credits;telephone;other_debtors,0.9169699000194669,0.008383599983062595,SoftVote,0.785,0.5581395348837209,0.5,0.875,0.5274725274725275,0.6875,0.38984289761013236,0.7717927631578947,0.5193083637631709,0.6614378277661477,0.47916666666666663,133,19,24,24,21.5,33.5,69.5,129.5
German Credit,R1_F2,1,2,FrozenChi2Top75,Unweighted,15,status;duration;credit_history;housing;savings;amount;other_installment_plans;property;employment_duration;personal_status_sex;purpose;foreign_worker;number_credits;telephone;other_debtors,0.9169699000194669,0.008383599983062595,Stack,0.79,0.5789473684210527,0.4583333333333333,0.8947368421052632,0.5116279069767442,0.6765350877192983,0.38437412143088856,0.7741228070175439,0.5238759065549738,0.640380917343924,0.474780701754386,136,16,26,22,21.0,34.0,73.0,138.0
German Credit,R1_F2,1,2,FrozenChi2Top75,Balanced,15,status;duration;credit_history;housing;savings;amount;other_installment_plans;property;employment_duration;personal_status_sex;purpose;foreign_worker;number_credits;telephone;other_debtors,0.8906172000570223,0.009234099998138845,SoftVote,0.75,0.4838709677419355,0.625,0.7894736842105263,0.5454545454545454,0.7072368421052632,0.3827401178155846,0.7711074561403509,0.5323199913587472,0.7024393586862705,0.4868421052631579,120,32,18,30,25.0,34.0,61.0,106.0
German Credit,R1_F2,1,2,FrozenChi2Top75,Balanced,15,status;duration;credit_history;housing;savings;amount;other_installment_plans;property;employment_duration;personal_status_sex;purpose;foreign_worker;number_credits;telephone;other_debtors,0.8906172000570223,0.009234099998138845,Stack,0.735,0.4675324675324675,0.75,0.7302631578947368,0.576,0.7401315789473684,0.42152541683963557,0.7724780701754385,0.538284329087279,0.7400657865494477,0.5,111,41,12,36,26.5,32.5,50.5,80.5
German Credit,R1_F3,1,3,AllFeatures,Unweighted,20,status;credit_history;purpose;savings;employment_duration;personal_status_sex;other_debtors;property;other_installment_plans;housing;job;telephone;foreign_worker;duration;amount;installment_rate;present_residence;age;number_credits;people_liable,0.9604195999563672,0.01132379996124655,SoftVote,0.78,0.7317073170731707,0.47619047619047616,0.9197080291970803,0.5769230769230769,0.6979492526937783,0.4555372859434098,0.7978218051210753,0.6952147359804353,0.6617825960083583,0.49183176920403193,126,11,33,30,22.0,38.5,88.0,170.5
German Credit,R1_F3,1,3,AllFeatures,Unweighted,20,status;credit_history;purpose;savings;employment_duration;personal_status_sex;other_debtors;property;other_installment_plans;housing;job;telephone;foreign_worker;duration;amount;installment_rate;present_residence;age;number_credits;people_liable,0.9604195999563672,0.01132379996124655,Stack,0.775,0.7368421052631579,0.4444444444444444,0.927007299270073,0.5544554455445545,0.6857258718572588,0.4398287904445937,0.7990962808481057,0.6942065018273975,0.6418747885063195,0.49183176920403193,127,10,35,28,22.5,40.0,92.5,180.0
German Credit,R1_F3,1,3,AllFeatures,Balanced,20,status;credit_history;purpose;savings;employment_duration;personal_status_sex;other_debtors;property;other_installment_plans;housing;job;telephone;foreign_worker;duration;amount;installment_rate;present_residence;age;number_credits;people_liable,0.9985406000050716,0.01068100001430139,SoftVote,0.755,0.6206896551724138,0.5714285714285714,0.8394160583941606,0.5950413223140496,0.705422314911366,0.4205813435079715,0.7933032093616035,0.683157928417046,0.6925794677019941,0.4737573861661453,115,22,27,36,24.5,38.0,78.5,146.0
German Credit,R1_F3,1,3,AllFeatures,Balanced,20,status;credit_history;purpose;savings;employment_duration;personal_status_sex;other_debtors;property;other_installment_plans;housing;job;telephone;foreign_worker;duration;amount;installment_rate;present_residence;age;number_credits;people_liable,0.9985406000050716,0.01068100001430139,Stack,0.74,0.5733333333333334,0.6825396825396826,0.7664233576642335,0.6231884057971014,0.7244815201019581,0.4307799785864612,0.7957362993859344,0.6875233464026946,0.7232664482962994,0.47978218051210747,105,32,20,43,26.0,36.0,66.0,116.0
German Credit,R1_F3,1,3,FrozenChi2Top75,Unweighted,15,status;duration;credit_history;savings;housing;other_installment_plans;amount;property;purpose;employment_duration;age;personal_status_sex;foreign_worker;installment_rate;telephone,0.9258742000092752,0.01094760000705719,SoftVote,0.75,0.6756756756756757,0.3968253968253968,0.9124087591240876,0.5,0.6546170779747422,0.36993323579215404,0.7877418607345615,0.6657110546891136,0.6017200078993418,0.46958637469586373,125,12,38,25,25.0,44.0,101.0,196.0
German Credit,R1_F3,1,3,FrozenChi2Top75,Unweighted,15,status;duration;credit_history;savings;housing;other_installment_plans;amount;property;purpose;employment_duration;age;personal_status_sex;foreign_worker;installment_rate;telephone,0.9258742000092752,0.01094760000705719,Stack,0.75,0.6756756756756757,0.3968253968253968,0.9124087591240876,0.5,0.6546170779747422,0.36993323579215404,0.7936507936507936,0.6748816085421498,0.6017200078993418,0.4673850075309929,125,12,38,25,25.0,44.0,101.0,196.0
German Credit,R1_F3,1,3,FrozenChi2Top75,Balanced,15,status;duration;credit_history;savings;housing;other_installment_plans;amount;property;purpose;employment_duration;age;personal_status_sex;foreign_worker;installment_rate;telephone,0.9651248000445776,0.009811400028411299,SoftVote,0.76,0.631578947368421,0.5714285714285714,0.8467153284671532,0.6,0.7090719499478624,0.43027971984653157,0.7880894450237516,0.662621900775157,0.6955841649668708,0.4708608504228943,116,21,27,36,24.0,37.5,78.0,145.5
German Credit,R1_F3,1,3,FrozenChi2Top75,Balanced,15,status;duration;credit_history;savings;housing;other_installment_plans;amount;property;purpose;employment_duration;age;personal_status_sex;foreign_worker;installment_rate;telephone,0.9651248000445776,0.009811400028411299,Stack,0.73,0.5542168674698795,0.7301587301587301,0.7299270072992701,0.6301369863013698,0.7300428687290001,0.43374786658215153,0.7909859807670028,0.6592617956080518,0.7300428595351078,0.4686594832580234,100,37,17,46,27.0,35.5,61.0,103.5
German Credit,R1_F4,1,4,AllFeatures,Unweighted,20,status;credit_history;purpose;savings;employment_duration;personal_status_sex;other_debtors;property;other_installment_plans;housing;job;telephone;foreign_worker;duration;amount;installment_rate;present_residence;age;number_credits;people_liable,1.0077239000238478,0.011734800005797297,SoftVote,0.74,0.7105263157894737,0.39705882352941174,0.9166666666666666,0.5094339622641509,0.6568627450980392,0.3788278707002149,0.7722816399286987,0.67912505914382,0.6032997499048828,0.42201426024955435,121,11,41,27,26.0,46.5,108.0,210.5
German Credit,R1_F4,1,4,AllFeatures,Unweighted,20,status;credit_history;purpose;savings;employment_duration;personal_status_sex;other_debtors;property;other_installment_plans;housing;job;telephone;foreign_worker;duration;amount;installment_rate;present_residence;age;number_credits;people_liable,1.0077239000238478,0.011734800005797297,Stack,0.74,0.7,0.4117647058823529,0.9090909090909091,0.5185185185185185,0.660427807486631,0.37998029782867415,0.7632575757575758,0.6602085571452201,0.6118264057738428,0.3992869875222816,120,12,40,28,26.0,46.0,106.0,206.0
German Credit,R1_F4,1,4,AllFeatures,Balanced,20,status;credit_history;purpose;savings;employment_duration;personal_status_sex;other_debtors;property;other_installment_plans;housing;job;telephone;foreign_worker;duration;amount;installment_rate;present_residence;age;number_credits;people_liable,0.9922729999525473,0.0114853999693878,SoftVote,0.75,0.65,0.5735294117647058,0.8409090909090909,0.609375,0.7072192513368984,0.42841224443765613,0.7706105169340464,0.6742276070466572,0.6944682111203395,0.42245989304812837,111,21,29,39,25.0,39.5,83.0,155.5
German Credit,R1_F4,1,4,AllFeatures,Balanced,20,status;credit_history;purpose;savings;employment_duration;personal_status_sex;other_debtors;property;other_installment_plans;housing;job;telephone;foreign_worker;duration;amount;installment_rate;present_residence;age;number_credits;people_liable,0.9922729999525473,0.0114853999693878,Stack,0.705,0.5616438356164384,0.6029411764705882,0.7575757575757576,0.5815602836879432,0.6802584670231728,0.3547348040542657,0.7633689839572193,0.6582326678000779,0.6758502929927044,0.4006238859180036,100,32,27,41,29.5,43.0,83.5,151.0
German Credit,R1_F4,1,4,FrozenChi2Top75,Unweighted,15,status;housing;savings;credit_history;duration;amount;employment_duration;property;personal_status_sex;age;other_installment_plans;purpose;other_debtors;foreign_worker;telephone,0.9639742000144906,0.011430999962612987,SoftVote,0.75,0.7368421052631579,0.4117647058823529,0.9242424242424242,0.5283018867924528,0.6680035650623886,0.40573325924426423,0.7618092691622104,0.6409782590307056,0.6169038903931265,0.4157754010695187,122,10,40,28,25.0,45.0,105.0,205.0
German Credit,R1_F4,1,4,FrozenChi2Top75,Unweighted,15,status;housing;savings;credit_history;duration;amount;employment_duration;property;personal_status_sex;age;other_installment_plans;purpose;other_debtors;foreign_worker;telephone,0.9639742000144906,0.011430999962612987,Stack,0.74,0.7105263157894737,0.39705882352941174,0.9166666666666666,0.5094339622641509,0.6568627450980392,0.3788278707002149,0.7556818181818182,0.6274484040717948,0.6032997499048828,0.40819964349376114,121,11,41,27,26.0,46.5,108.0,210.5
German Credit,R1_F4,1,4,FrozenChi2Top75,Balanced,15,status;housing;savings;credit_history;duration;amount;employment_duration;property;personal_status_sex;age;other_installment_plans;purpose;other_debtors;foreign_worker;telephone,0.9684563000337221,0.012137600046116859,SoftVote,0.75,0.6607142857142857,0.5441176470588235,0.8560606060606061,0.5967741935483871,0.7000891265597148,0.42220137804328717,0.7571301247771836,0.6442694729163634,0.682493723567805,0.42290552584670227,113,19,31,37,25.0,40.5,87.0,164.5
German Credit,R1_F4,1,4,FrozenChi2Top75,Balanced,15,status;housing;savings;credit_history;duration;amount;employment_duration;property;personal_status_sex;age;other_installment_plans;purpose;other_debtors;foreign_worker;telephone,0.9684563000337221,0.012137600046116859,Stack,0.69,0.5394736842105263,0.6029411764705882,0.7348484848484849,0.5694444444444444,0.6688948306595366,0.3296629467167489,0.7496657754010695,0.6290429327678642,0.6656353430987381,0.4211229946524064,97,35,27,41,31.0,44.5,85.0,152.5
German Credit,R1_F5,1,5,AllFeatures,Unweighted,20,status;credit_history;purpose;savings;employment_duration;personal_status_sex;other_debtors;property;other_installment_plans;housing;job;telephone;foreign_worker;duration;amount;installment_rate;present_residence;age;number_credits;people_liable,1.0133590000332333,0.010776000039186329,SoftVote,0.76,0.56,0.5185185185185185,0.8493150684931506,0.5384615384615384,0.6839167935058346,0.37713258540975403,0.8001014713343481,0.6050861974233941,0.6636155446269493,0.5106544901065448,124,22,26,28,24.0,37.0,76.0,141.0
German Credit,R1_F5,1,5,AllFeatures,Unweighted,20,status;credit_history;purpose;savings;employment_duration;personal_status_sex;other_debtors;property;other_installment_plans;housing;job;telephone;foreign_worker;duration;amount;installment_rate;present_residence;age;number_credits;people_liable,1.0133590000332333,0.010776000039186329,Stack,0.755,0.5510204081632653,0.5,0.8493150684931506,0.5242718446601942,0.6746575342465753,0.36058205911873953,0.8012430238457635,0.603770078188211,0.6516575283433587,0.5030441400304414,124,22,27,27,24.5,38.0,78.5,146.0
German Credit,R1_F5,1,5,AllFeatures,Balanced,20,status;credit_history;purpose;savings;employment_duration;personal_status_sex;other_debtors;property;other_installment_plans;housing;job;telephone;foreign_worker;duration;amount;installment_rate;present_residence;age;number_credits;people_liable,1.006329099938739,0.011478699976578355,SoftVote,0.74,0.5142857142857142,0.6666666666666666,0.7671232876712328,0.5806451612903226,0.7168949771689497,0.4037681910079693,0.7938863521055302,0.5893736289996994,0.7151332219343157,0.5058346017250127,112,34,18,36,26.0,35.0,62.0,107.0
German Credit,R1_F5,1,5,AllFeatures,Balanced,20,status;credit_history;purpose;savings;employment_duration;personal_status_sex;other_debtors;property;other_installment_plans;housing;job;telephone;foreign_worker;duration;amount;installment_rate;present_residence;age;number_credits;people_liable,1.006329099938739,0.011478699976578355,Stack,0.715,0.4823529411764706,0.7592592592592593,0.6986301369863014,0.5899280575539568,0.7289446981227803,0.4112212141927953,0.7942668696093353,0.6069427436229268,0.7283140808088321,0.482496194824962,102,44,13,41,28.5,35.0,54.5,87.0
German Credit,R1_F5,1,5,FrozenChi2Top75,Unweighted,15,status;duration;housing;credit_history;other_installment_plans;savings;amount;property;installment_rate;foreign_worker;purpose;employment_duration;other_debtors;personal_status_sex;age,0.9783823000034317,0.008533099957276136,SoftVote,0.775,0.5849056603773585,0.5740740740740741,0.8493150684931506,0.5794392523364486,0.7116945712836124,0.42590861262538904,0.791349568746829,0.579520328068384,0.6982619576794687,0.471588026382547,124,22,23,31,22.5,34.0,68.5,126.0
German Credit,R1_F5,1,5,FrozenChi2Top75,Unweighted,15,status;duration;housing;credit_history;other_installment_plans;savings;amount;property;installment_rate;foreign_worker;purpose;employment_duration;other_debtors;personal_status_sex;age,0.9783823000034317,0.008533099957276136,Stack,0.77,0.5740740740740741,0.5740740740740741,0.8424657534246576,0.5740740740740741,0.7082699137493658,0.4165398274987316,0.7914764079147641,0.5821795102151611,0.6954406857068239,0.46752917300862507,123,23,23,31,23.0,34.5,69.0,126.5
German Credit,R1_F5,1,5,FrozenChi2Top75,Balanced,15,status;duration;housing;credit_history;other_installment_plans;savings;amount;property;installment_rate;foreign_worker;purpose;employment_duration;other_debtors;personal_status_sex;age,0.9776725999545306,0.00933119998080656,SoftVote,0.75,0.5285714285714286,0.6851851851851852,0.773972602739726,0.5967741935483871,0.7295788939624557,0.42738036592071604,0.7957889396245561,0.5885740627605509,0.7282269983572972,0.4708269913749366,113,33,17,37,25.0,33.5,59.0,101.5
German Credit,R1_F5,1,5,FrozenChi2Top75,Balanced,15,status;duration;housing;credit_history;other_installment_plans;savings;amount;property;installment_rate;foreign_worker;purpose;employment_duration;other_debtors;personal_status_sex;age,0.9776725999545306,0.00933119998080656,Stack,0.705,0.47126436781609193,0.7592592592592593,0.684931506849315,0.5815602836879432,0.7220953830542871,0.39778095482154424,0.7960426179604261,0.5890749193463416,0.7211383976281801,0.4736174530695078,100,46,13,41,29.5,36.0,55.5,88.0
German Credit,R2_F1,2,1,AllFeatures,Unweighted,20,status;credit_history;purpose;savings;employment_duration;personal_status_sex;other_debtors;property;other_installment_plans;housing;job;telephone;foreign_worker;duration;amount;installment_rate;present_residence;age;number_credits;people_liable,1.0133860999485478,0.00925999996252358,SoftVote,0.79,0.7692307692307693,0.47619047619047616,0.9343065693430657,0.5882352941176471,0.7052485227667709,0.48127727156370037,0.8158961881589619,0.7297572252013856,0.66701416039194,0.5296025952960259,128,9,33,30,21.0,37.5,87.0,169.5
German Credit,R2_F1,2,1,AllFeatures,Unweighted,20,status;credit_history;purpose;savings;employment_duration;personal_status_sex;other_debtors;property;other_installment_plans;housing;job;telephone;foreign_worker;duration;amount;installment_rate;present_residence;age;number_credits;people_liable,1.0133860999485478,0.00925999996252358,Stack,0.785,0.7631578947368421,0.4603174603174603,0.9343065693430657,0.5742574257425742,0.697312014830263,0.46726664387220407,0.8150851581508516,0.729224830666074,0.6558030399120753,0.5296025952960259,128,9,34,29,21.5,38.5,89.5,174.5
German Credit,R2_F1,2,1,AllFeatures,Balanced,20,status;credit_history;purpose;savings;employment_duration;personal_status_sex;other_debtors;property;other_installment_plans;housing;job;telephone;foreign_worker;duration;amount;installment_rate;present_residence;age;number_credits;people_liable,1.0083078000461683,0.009192500030621886,SoftVote,0.76,0.6153846153846154,0.6349206349206349,0.8175182481751825,0.625,0.7262194415479086,0.44871120776728257,0.8142741281427411,0.7276294974470146,0.7204576359443989,0.5159309465878809,112,25,23,40,24.0,35.5,70.0,127.5
German Credit,R2_F1,2,1,AllFeatures,Balanced,20,status;credit_history;purpose;savings;employment_duration;personal_status_sex;other_debtors;property;other_installment_plans;housing;job;telephone;foreign_worker;duration;amount;installment_rate;present_residence;age;number_credits;people_liable,1.0083078000461683,0.009192500030621886,Stack,0.745,0.573170731707317,0.746031746031746,0.7445255474452555,0.6482758620689655,0.7452786467385007,0.46331073769474823,0.8132313752751709,0.726538261244244,0.7452782662374005,0.5099061522419187,102,35,16,47,25.5,33.5,57.5,97.5
German Credit,R2_F1,2,1,FrozenChi2Top75,Unweighted,15,status;savings;housing;credit_history;duration;other_installment_plans;amount;employment_duration;personal_status_sex;purpose;foreign_worker;other_debtors;property;age;people_liable,0.9749077999731526,0.009100499970372766,SoftVote,0.785,0.7272727272727273,0.5079365079365079,0.9124087591240876,0.5981308411214953,0.7101726335302978,0.4713549613059804,0.8168230795968021,0.7098182015326759,0.680768476737996,0.5403777082609199,125,12,31,32,21.5,37.0,83.5,161.0
German Credit,R2_F1,2,1,FrozenChi2Top75,Unweighted,15,status;savings;housing;credit_history;duration;other_installment_plans;amount;employment_duration;personal_status_sex;purpose;foreign_worker;other_debtors;property;age;people_liable,0.9749077999731526,0.009100499970372766,Stack,0.78,0.7317073170731707,0.47619047619047616,0.9197080291970803,0.5769230769230769,0.6979492526937783,0.4555372859434098,0.8176341096049126,0.7111036739709173,0.6617825960083583,0.5343529139149578,126,11,33,30,22.0,38.5,88.0,170.5
German Credit,R2_F1,2,1,FrozenChi2Top75,Balanced,15,status;savings;housing;credit_history;duration;other_installment_plans;amount;employment_duration;personal_status_sex;purpose;foreign_worker;other_debtors;property;age;people_liable,0.9760374000179581,0.00932540005305782,SoftVote,0.77,0.6307692307692307,0.6507936507936508,0.8248175182481752,0.640625,0.737805584520913,0.4716925756426876,0.8126520681265207,0.7066453060193015,0.7326568118425493,0.5283281195689955,113,24,22,41,23.0,34.0,67.0,122.0
German Credit,R2_F1,2,1,FrozenChi2Top75,Balanced,15,status;savings;housing;credit_history;duration;other_installment_plans;amount;employment_duration;personal_status_sex;purpose;foreign_worker;other_debtors;property;age;people_liable,0.9760374000179581,0.00932540005305782,Stack,0.74,0.5647058823529412,0.7619047619047619,0.7299270072992701,0.6486486486486487,0.745915884602016,0.46215616765482304,0.813578959564361,0.70574198342898,0.7457445022956628,0.5283281195689955,100,37,15,48,26.0,33.5,56.0,93.5
German Credit,R2_F2,2,2,AllFeatures,Unweighted,20,status;credit_history;purpose;savings;employment_duration;personal_status_sex;other_debtors;property;other_installment_plans;housing;job;telephone;foreign_worker;duration;amount;installment_rate;present_residence;age;number_credits;people_liable,1.0354205000330694,0.008353099983651191,SoftVote,0.775,0.5135135135135135,0.41304347826086957,0.8831168831168831,0.4578313253012048,0.6480801806888763,0.3209752482050488,0.8088650479954829,0.5600714193612413,0.6039583339217162,0.5321852060982496,136,18,27,19,22.5,36.0,76.5,144.0
German Credit,R2_F2,2,2,AllFeatures,Unweighted,20,status;credit_history;purpose;savings;employment_duration;personal_status_sex;other_debtors;property;other_installment_plans;housing;job;telephone;foreign_worker;duration;amount;installment_rate;present_residence;age;number_credits;people_liable,1.0354205000330694,0.008353099983651191,Stack,0.78,0.5263157894736842,0.43478260869565216,0.8831168831168831,0.47619047619047616,0.6589497459062676,0.34101996409774554,0.8061829474872954,0.5612849271492303,0.6196481761650976,0.5124223602484472,136,18,26,20,22.0,35.0,74.0,139.0
German Credit,R2_F2,2,2,AllFeatures,Balanced,20,status;credit_history;purpose;savings;employment_duration;personal_status_sex;other_debtors;property;other_installment_plans;housing;job;telephone;foreign_worker;duration;amount;installment_rate;present_residence;age;number_credits;people_liable,1.0382170000229962,0.010337700019590557,SoftVote,0.755,0.4727272727272727,0.5652173913043478,0.8116883116883117,0.5148514851485149,0.6884528514963297,0.35522754895256436,0.812111801242236,0.5741358989846689,0.6773332636780051,0.5276679841897233,125,29,20,26,24.5,34.5,64.5,114.5
German Credit,R2_F2,2,2,AllFeatures,Balanced,20,status;credit_history;purpose;savings;employment_duration;personal_status_sex;other_debtors;property;other_installment_plans;housing;job;telephone;foreign_worker;duration;amount;installment_rate;present_residence;age;number_credits;people_liable,1.0382170000229962,0.010337700019590557,Stack,0.75,0.47368421052631576,0.782608695652174,0.7402597402597403,0.5901639344262295,0.7614342179559571,0.45332958531991885,0.8116883116883117,0.5750203140899507,0.7611397439159858,0.5276679841897233,114,40,10,36,25.0,30.0,45.0,70.0
German Credit,R2_F2,2,2,FrozenChi2Top75,Unweighted,15,duration;status;housing;other_installment_plans;credit_history;savings;property;employment_duration;purpose;amount;personal_status_sex;foreign_worker;other_debtors;installment_rate;telephone,1.007306299987249,0.00853099999949336,SoftVote,0.795,0.5609756097560976,0.5,0.8831168831168831,0.5287356321839081,0.6915584415584415,0.39937426528307685,0.8167701863354038,0.5730286228035422,0.6644986392449886,0.5471485036702428,136,18,23,23,20.5,32.0,66.5,124.0
German Credit,R2_F2,2,2,FrozenChi2Top75,Unweighted,15,duration;status;housing;other_installment_plans;credit_history;savings;property;employment_duration;purpose;amount;personal_status_sex;foreign_worker;other_debtors;installment_rate;telephone,1.007306299987249,0.00853099999949336,Stack,0.79,0.5526315789473685,0.45652173913043476,0.8896103896103896,0.5,0.6730660643704122,0.37130592893768744,0.8176171654432525,0.5728575204148466,0.6372805365091881,0.5406549971767363,137,17,25,21,21.0,33.5,71.0,133.5
German Credit,R2_F2,2,2,FrozenChi2Top75,Balanced,15,duration;status;housing;other_installment_plans;credit_history;savings;property;employment_duration;purpose;amount;personal_status_sex;foreign_worker;other_debtors;installment_rate;telephone,0.9924777999403886,0.013045999978203326,SoftVote,0.76,0.48333333333333334,0.6304347826086957,0.7987012987012987,0.5471698113207547,0.7145680406549972,0.39408931897634075,0.814652738565782,0.5658233292675998,0.7095978294893778,0.53613777526821,123,31,17,29,24.0,32.5,58.0,100.5
German Credit,R2_F2,2,2,FrozenChi2Top75,Balanced,15,duration;status;housing;other_installment_plans;credit_history;savings;property;employment_duration;purpose;amount;personal_status_sex;foreign_worker;other_debtors;installment_rate;telephone,0.9924777999403886,0.013045999978203326,Stack,0.73,0.4473684210526316,0.7391304347826086,0.7272727272727273,0.5573770491803278,0.733201581027668,0.40437390655966843,0.8142292490118577,0.564586339032471,0.7331776095289766,0.54686617730096,112,42,12,34,27.0,33.0,51.0,81.0
German Credit,R2_F3,2,3,AllFeatures,Unweighted,20,status;credit_history;purpose;savings;employment_duration;personal_status_sex;other_debtors;property;other_installment_plans;housing;job;telephone;foreign_worker;duration;amount;installment_rate;present_residence;age;number_credits;people_liable,1.0374176999903284,0.009024599974509329,SoftVote,0.74,0.6444444444444445,0.4461538461538462,0.8814814814814815,0.5272727272727272,0.6638176638176638,0.36748716934694914,0.7705982905982905,0.6512564079510519,0.6271174955910203,0.415954415954416,119,16,36,29,26.0,44.0,98.0,188.0
German Credit,R2_F3,2,3,AllFeatures,Unweighted,20,status;credit_history;purpose;savings;employment_duration;personal_status_sex;other_debtors;property;other_installment_plans;housing;job;telephone;foreign_worker;duration;amount;installment_rate;present_residence;age;number_credits;people_liable,1.0374176999903284,0.009024599974509329,Stack,0.75,0.6744186046511628,0.4461538461538462,0.8962962962962963,0.5370370370370371,0.6712250712250712,0.39042431749458073,0.7725356125356125,0.6519567624765579,0.6323654322352226,0.4307692307692308,121,14,36,29,25.0,43.0,97.0,187.0
German Credit,R2_F3,2,3,AllFeatures,Balanced,20,status;credit_history;purpose;savings;employment_duration;personal_status_sex;other_debtors;property;other_installment_plans;housing;job;telephone;foreign_worker;duration;amount;installment_rate;present_residence;age;number_credits;people_liable,1.2226310999831185,0.009580300014931709,SoftVote,0.71,0.5492957746478874,0.6,0.762962962962963,0.5735294117647058,0.6814814814814815,0.3552727065800707,0.7741310541310541,0.6661394528454805,0.6765927710061479,0.43190883190883195,103,32,26,39,29.0,42.0,81.0,146.0
German Credit,R2_F3,2,3,AllFeatures,Balanced,20,status;credit_history;purpose;savings;employment_duration;personal_status_sex;other_debtors;property;other_installment_plans;housing;job;telephone;foreign_worker;duration;amount;installment_rate;present_residence;age;number_credits;people_liable,1.2226310999831185,0.009580300014931709,Stack,0.675,0.5,0.7230769230769231,0.6518518518518519,0.5911949685534591,0.6874643874643875,0.35184831533600414,0.7756125356125356,0.6683749501387306,0.6865413544274164,0.43190883190883195,88,47,18,47,32.5,41.5,68.5,113.5
German Credit,R2_F3,2,3,FrozenChi2Top75,Unweighted,15,savings;status;housing;credit_history;duration;amount;property;purpose;other_installment_plans;employment_duration;foreign_worker;installment_rate;personal_status_sex;age;other_debtors,0.999517900054343,0.009158300003036857,SoftVote,0.735,0.6428571428571429,0.4153846153846154,0.8888888888888888,0.5046728971962616,0.6521367521367522,0.3498924006676127,0.7696866096866096,0.636956317373569,0.6076436202502,0.4307692307692308,120,15,38,27,26.5,45.5,102.5,197.5
German Credit,R2_F3,2,3,FrozenChi2Top75,Unweighted,15,savings;status;housing;credit_history;duration;amount;property;purpose;other_installment_plans;employment_duration;foreign_worker;installment_rate;personal_status_sex;age;other_debtors,0.999517900054343,0.009158300003036857,Stack,0.73,0.6341463414634146,0.4,0.8888888888888888,0.49056603773584906,0.6444444444444444,0.33516905166535393,0.7678632478632478,0.6327005059087856,0.5962847939999439,0.44558404558404563,120,15,39,26,27.0,46.5,105.0,202.5
German Credit,R2_F3,2,3,FrozenChi2Top75,Balanced,15,savings;status;housing;credit_history;duration;amount;property;purpose;other_installment_plans;employment_duration;foreign_worker;installment_rate;personal_status_sex;age;other_debtors,0.9849473000504076,0.009629599982872605,SoftVote,0.715,0.5540540540540541,0.6307692307692307,0.7555555555555555,0.5899280575539568,0.6931623931623931,0.37477878869960135,0.7748148148148148,0.6447706072163755,0.6903486051128057,0.43133903133903134,102,33,24,41,28.5,40.5,76.5,136.5
German Credit,R2_F3,2,3,FrozenChi2Top75,Balanced,15,savings;status;housing;credit_history;duration;amount;property;purpose;other_installment_plans;employment_duration;foreign_worker;installment_rate;personal_status_sex;age;other_debtors,0.9849473000504076,0.009629599982872605,Stack,0.68,0.5052631578947369,0.7384615384615385,0.6518518518518519,0.6,0.6951566951566952,0.36608384235228786,0.7753846153846153,0.6453885769401098,0.6938065446271903,0.43133903133903134,88,47,17,48,32.0,40.5,66.0,108.5
German Credit,R2_F4,2,4,AllFeatures,Unweighted,20,status;credit_history;purpose;savings;employment_duration;personal_status_sex;other_debtors;property;other_installment_plans;housing;job;telephone;foreign_worker;duration;amount;installment_rate;present_residence;age;number_credits;people_liable,1.0330105000175536,0.008854900021106005,SoftVote,0.77,0.6363636363636364,0.4827586206896552,0.8873239436619719,0.5490196078431373,0.6850412821758135,0.4053854492847596,0.8144730451675571,0.6205196571707686,0.654494677707282,0.5505099562894609,126,16,30,28,23.0,38.0,83.0,158.0
German Credit,R2_F4,2,4,AllFeatures,Unweighted,20,status;credit_history;purpose;savings;employment_duration;personal_status_sex;other_debtors;property;other_installment_plans;housing;job;telephone;foreign_worker;duration;amount;installment_rate;present_residence;age;number_credits;people_liable,1.0330105000175536,0.008854900021106005,Stack,0.765,0.6410256410256411,0.43103448275862066,0.9014084507042254,0.5154639175257731,0.666221466731423,0.3807413393398277,0.8119232637202525,0.6151704751999013,0.6233282644831256,0.5529383195726081,128,14,33,25,23.5,40.0,89.5,172.0
German Credit,R2_F4,2,4,AllFeatures,Balanced,20,status;credit_history;purpose;savings;employment_duration;personal_status_sex;other_debtors;property;other_installment_plans;housing;job;telephone;foreign_worker;duration;amount;installment_rate;present_residence;age;number_credits;people_liable,1.0499668000265956,0.010645700036548078,SoftVote,0.795,0.639344262295082,0.6724137931034483,0.8450704225352113,0.6554621848739496,0.7587421078193297,0.5100150111511201,0.8156872268091307,0.6361135038301359,0.7538149695093851,0.5395823215152987,120,22,19,39,20.5,30.0,58.5,106.0
German Credit,R2_F4,2,4,AllFeatures,Balanced,20,status;credit_history;purpose;savings;employment_duration;personal_status_sex;other_debtors;property;other_installment_plans;housing;job;telephone;foreign_worker;duration;amount;installment_rate;present_residence;age;number_credits;people_liable,1.0499668000265956,0.010645700036548078,Stack,0.73,0.5238095238095238,0.7586206896551724,0.7183098591549296,0.6197183098591549,0.738465274405051,0.4384748341528315,0.8179941719281205,0.6381024522884965,0.7381901657013743,0.5543953375424964,102,40,14,44,27.0,34.0,55.0,90.0
German Credit,R2_F4,2,4,FrozenChi2Top75,Unweighted,15,status;duration;other_installment_plans;savings;credit_history;amount;housing;employment_duration;property;foreign_worker;installment_rate;purpose;age;personal_status_sex;other_debtors,0.9999725000234321,0.007951500010676682,SoftVote,0.775,0.6585365853658537,0.46551724137931033,0.9014084507042254,0.5454545454545454,0.6834628460417679,0.41242577627396304,0.8058523555123848,0.5905833503411662,0.6477817343271027,0.5276833414278777,128,14,31,27,22.5,38.0,84.5,162.0
German Credit,R2_F4,2,4,FrozenChi2Top75,Unweighted,15,status;duration;other_installment_plans;savings;credit_history;amount;housing;employment_duration;property;foreign_worker;installment_rate;purpose;age;personal_status_sex;other_debtors,0.9999725000234321,0.007951500010676682,Stack,0.775,0.6857142857142857,0.41379310344827586,0.9225352112676056,0.5161290322580645,0.6681641573579408,0.40164799728766654,0.8065808644973288,0.5888649526706583,0.6178500692811593,0.5206410879067509,131,11,34,24,22.5,39.5,90.5,175.5
German Credit,R2_F4,2,4,FrozenChi2Top75,Balanced,15,status;duration;other_installment_plans;savings;credit_history;amount;housing;employment_duration;property;foreign_worker;installment_rate;purpose;age;personal_status_sex;other_debtors,0.9883940000436269,0.010267900011967868,SoftVote,0.765,0.5846153846153846,0.6551724137931034,0.8098591549295775,0.6178861788617886,0.7325157843613405,0.45052307784442325,0.8050024283632831,0.6002570521063835,0.7284211538441578,0.5216124332200096,115,27,20,38,23.5,33.5,63.5,113.5
German Credit,R2_F4,2,4,FrozenChi2Top75,Balanced,15,status;duration;other_installment_plans;savings;credit_history;amount;housing;employment_duration;property;foreign_worker;installment_rate;purpose;age;personal_status_sex;other_debtors,0.9883940000436269,0.010267900011967868,Stack,0.735,0.5308641975308642,0.7413793103448276,0.7323943661971831,0.6187050359712231,0.7368868382710054,0.4379384792593948,0.8065808644973288,0.601623062216139,0.7368731438393618,0.5216124332200096,104,38,15,43,26.5,34.0,56.5,94.0
German Credit,R2_F5,2,5,AllFeatures,Unweighted,20,status;credit_history;purpose;savings;employment_duration;personal_status_sex;other_debtors;property;other_installment_plans;housing;job;telephone;foreign_worker;duration;amount;installment_rate;present_residence;age;number_credits;people_liable,1.045194500067737,0.009191800025291741,SoftVote,0.725,0.6511627906976745,0.4117647058823529,0.8863636363636364,0.5045045045045045,0.6490641711229946,0.3437641892091006,0.7875445632798573,0.6624526401356271,0.6041301697747643,0.42557932263814624,117,15,40,28,27.5,47.5,107.5,207.5
German Credit,R2_F5,2,5,AllFeatures,Unweighted,20,status;credit_history;purpose;savings;employment_duration;personal_status_sex;other_debtors;property;other_installment_plans;housing;job;telephone;foreign_worker;duration;amount;installment_rate;present_residence;age;number_credits;people_liable,1.045194500067737,0.009191800025291741,Stack,0.72,0.6363636363636364,0.4117647058823529,0.8787878787878788,0.5,0.6452762923351159,0.3322595921860574,0.785427807486631,0.6594099824459642,0.6015428766447722,0.42468805704099827,116,16,40,28,28.0,48.0,108.0,208.0
German Credit,R2_F5,2,5,AllFeatures,Balanced,20,status;credit_history;purpose;savings;employment_duration;personal_status_sex;other_debtors;property;other_installment_plans;housing;job;telephone;foreign_worker;duration;amount;installment_rate;present_residence;age;number_credits;people_liable,1.0365509999683127,0.009665800025686622,SoftVote,0.735,0.6229508196721312,0.5588235294117647,0.8257575757575758,0.5891472868217055,0.6922905525846703,0.39569179732723303,0.7839795008912656,0.6549068331291753,0.6793031450857203,0.427807486631016,109,23,30,38,26.5,41.5,86.5,161.5
German Credit,R2_F5,2,5,AllFeatures,Balanced,20,status;credit_history;purpose;savings;employment_duration;personal_status_sex;other_debtors;property;other_installment_plans;housing;job;telephone;foreign_worker;duration;amount;installment_rate;present_residence;age;number_credits;people_liable,1.0365509999683127,0.009665800025686622,Stack,0.71,0.5641025641025641,0.6470588235294118,0.7424242424242424,0.6027397260273972,0.6947415329768272,0.3782707716003419,0.7833110516934046,0.6495420639540145,0.6931032800836721,0.4273618538324421,98,34,24,44,29.0,41.0,77.0,137.0
German Credit,R2_F5,2,5,FrozenChi2Top75,Unweighted,15,status;housing;duration;credit_history;savings;amount;employment_duration;personal_status_sex;purpose;property;other_installment_plans;foreign_worker;other_debtors;age;installment_rate,0.9878527000546455,0.009211699943989515,SoftVote,0.73,0.6590909090909091,0.4264705882352941,0.8863636363636364,0.5178571428571429,0.6564171122994652,0.35773962226167527,0.7847593582887701,0.6567680644898963,0.6148235693191781,0.4202317290552584,117,15,39,29,27.0,46.5,105.0,202.5
German Credit,R2_F5,2,5,FrozenChi2Top75,Unweighted,15,status;housing;duration;credit_history;savings;amount;employment_duration;personal_status_sex;purpose;property;other_installment_plans;foreign_worker;other_debtors;age;installment_rate,0.9878527000546455,0.009211699943989515,Stack,0.725,0.6511627906976745,0.4117647058823529,0.8863636363636364,0.5045045045045045,0.6490641711229946,0.3437641892091006,0.7829768270944741,0.6541973265054046,0.6041301697747643,0.427807486631016,117,15,40,28,27.5,47.5,107.5,207.5
German Credit,R2_F5,2,5,FrozenChi2Top75,Balanced,15,status;housing;duration;credit_history;savings;amount;employment_duration;personal_status_sex;purpose;property;other_installment_plans;foreign_worker;other_debtors;age;installment_rate,0.9971679999725893,0.00960079999640584,SoftVote,0.755,0.6557377049180327,0.5882352941176471,0.8409090909090909,0.6201550387596899,0.714572192513369,0.441542527029114,0.7846479500891266,0.6588813138194846,0.7033152965897389,0.429144385026738,111,21,28,40,24.5,38.5,80.5,150.5
German Credit,R2_F5,2,5,FrozenChi2Top75,Balanced,15,status;housing;duration;credit_history;savings;amount;employment_duration;personal_status_sex;purpose;property;other_installment_plans;foreign_worker;other_debtors;age;installment_rate,0.9971679999725893,0.00960079999640584,Stack,0.7,0.5512820512820513,0.6323529411764706,0.7348484848484849,0.589041095890411,0.6836007130124777,0.35663056727537956,0.7873217468805704,0.6627496695565397,0.6816770501586601,0.4367201426024956,97,35,25,43,30.0,42.5,80.0,142.5
German Credit,R3_F1,3,1,AllFeatures,Unweighted,20,status;credit_history;purpose;savings;employment_duration;personal_status_sex;other_debtors;property;other_installment_plans;housing;job;telephone;foreign_worker;duration;amount;installment_rate;present_residence;age;number_credits;people_liable,1.0332006000098772,0.009654499997850507,SoftVote,0.81,0.7,0.5185185185185185,0.9178082191780822,0.5957446808510638,0.7181633688483003,0.4842784545196316,0.8191273465246068,0.6509198970094385,0.689855461739877,0.49264332825976664,134,12,26,28,19.0,32.0,71.0,136.0
German Credit,R3_F1,3,1,AllFeatures,Unweighted,20,status;credit_history;purpose;savings;employment_duration;personal_status_sex;other_debtors;property;other_installment_plans;housing;job;telephone;foreign_worker;duration;amount;installment_rate;present_residence;age;number_credits;people_liable,1.0332006000098772,0.009654499997850507,Stack,0.82,0.7142857142857143,0.5555555555555556,0.9178082191780822,0.625,0.7366818873668188,0.5159589361230313,0.8182394723490615,0.6587680105822293,0.7140682426063594,0.4885844748858447,134,12,24,30,18.0,30.0,66.0,126.0
German Credit,R3_F1,3,1,AllFeatures,Balanced,20,status;credit_history;purpose;savings;employment_duration;personal_status_sex;other_debtors;property;other_installment_plans;housing;job;telephone;foreign_worker;duration;amount;installment_rate;present_residence;age;number_credits;people_liable,1.0205097999423742,0.009681699972134084,SoftVote,0.795,0.6101694915254238,0.6666666666666666,0.8424657534246576,0.6371681415929203,0.754566210045662,0.4956424535786527,0.8245814307458142,0.6768801611681966,0.7494290063884893,0.5091324200913242,123,23,18,36,20.5,29.5,56.5,101.5
German Credit,R3_F1,3,1,AllFeatures,Balanced,20,status;credit_history;purpose;savings;employment_duration;personal_status_sex;other_debtors;property;other_installment_plans;housing;job;telephone;foreign_worker;duration;amount;installment_rate;present_residence;age;number_credits;people_liable,1.0205097999423742,0.009681699972134084,Stack,0.715,0.4810126582278481,0.7037037037037037,0.7191780821917808,0.5714285714285714,0.7114408929477423,0.38404848557093946,0.8222983257229832,0.6759024404516696,0.711398819271499,0.5091324200913242,105,41,16,38,28.5,36.5,60.5,100.5
German Credit,R3_F1,3,1,FrozenChi2Top75,Unweighted,15,status;housing;savings;other_installment_plans;duration;credit_history;amount;purpose;property;foreign_worker;personal_status_sex;installment_rate;age;employment_duration;other_debtors,0.9965432999888435,0.009152100014034659,SoftVote,0.795,0.6756756756756757,0.46296296296296297,0.9178082191780822,0.5494505494505495,0.6903855910705226,0.43535417722032155,0.8219178082191781,0.6286499186199631,0.6518521401226244,0.4982242516489092,134,12,29,25,20.5,35.0,78.5,151.0
German Credit,R3_F1,3,1,FrozenChi2Top75,Unweighted,15,status;housing;savings;other_installment_plans;duration;credit_history;amount;purpose;property;foreign_worker;personal_status_sex;installment_rate;age;employment_duration;other_debtors,0.9965432999888435,0.009152100014034659,Stack,0.795,0.6857142857142857,0.4444444444444444,0.9246575342465754,0.5393258426966292,0.68455098934551,0.4312644768616442,0.8210299340436327,0.6291209411014983,0.6410607647560324,0.4982242516489092,135,11,30,24,20.5,35.5,80.5,155.5
German Credit,R3_F1,3,1,FrozenChi2Top75,Balanced,15,status;housing;savings;other_installment_plans;duration;credit_history;amount;purpose;property;foreign_worker;personal_status_sex;installment_rate;age;employment_duration;other_debtors,0.9867275000433438,0.00932079995982349,SoftVote,0.775,0.5692307692307692,0.6851851851851852,0.8082191780821918,0.6218487394957983,0.7467021816336885,0.46768423529575004,0.8263571790969051,0.653674826552567,0.7441638308897206,0.5078640284119735,118,28,17,37,22.5,31.0,56.5,99.0
German Credit,R3_F1,3,1,FrozenChi2Top75,Balanced,15,status;housing;savings;other_installment_plans;duration;credit_history;amount;purpose;property;foreign_worker;personal_status_sex;installment_rate;age;employment_duration;other_debtors,0.9867275000433438,0.00932079995982349,Stack,0.725,0.49382716049382713,0.7407407407407407,0.7191780821917808,0.5925925925925926,0.7299594114662608,0.41594748415015037,0.8267376966007103,0.6503820979521482,0.7298797882714968,0.5284119736174531,105,41,14,40,27.5,34.5,55.5,90.5
German Credit,R3_F2,3,2,AllFeatures,Unweighted,20,status;credit_history;purpose;savings;employment_duration;personal_status_sex;other_debtors;property;other_installment_plans;housing;job;telephone;foreign_worker;duration;amount;installment_rate;present_residence;age;number_credits;people_liable,1.0298565999837592,0.009114600019529462,SoftVote,0.76,0.68,0.5151515151515151,0.8805970149253731,0.5862068965517241,0.6978742650384442,0.4297471900655251,0.8021257349615558,0.7020247731840275,0.6735286827423962,0.47942107643600185,118,16,32,34,24.0,40.0,88.0,168.0
German Credit,R3_F2,3,2,AllFeatures,Unweighted,20,status;credit_history;purpose;savings;employment_duration;personal_status_sex;other_debtors;property;other_installment_plans;housing;job;telephone;foreign_worker;duration;amount;installment_rate;present_residence;age;number_credits;people_liable,1.0298565999837592,0.009114600019529462,Stack,0.76,0.6956521739130435,0.48484848484848486,0.8955223880597015,0.5714285714285714,0.6901854364540931,0.42500334081510516,0.8007688828584351,0.701500582689053,0.6589329806578536,0.47173224785165085,120,14,34,32,24.0,41.0,92.0,177.0
German Credit,R3_F2,3,2,AllFeatures,Balanced,20,status;credit_history;purpose;savings;employment_duration;personal_status_sex;other_debtors;property;other_installment_plans;housing;job;telephone;foreign_worker;duration;amount;installment_rate;present_residence;age;number_credits;people_liable,1.0655283998930827,0.010174399998504668,SoftVote,0.765,0.6507936507936508,0.6212121212121212,0.835820895522388,0.6356589147286822,0.7285165083672547,0.46263808744891793,0.8028041610131162,0.7058513435800429,0.7205706568136656,0.49592944369063774,112,22,25,41,23.5,36.0,73.5,136.0
German Credit,R3_F2,3,2,AllFeatures,Balanced,20,status;credit_history;purpose;savings;employment_duration;personal_status_sex;other_debtors;property;other_installment_plans;housing;job;telephone;foreign_worker;duration;amount;installment_rate;present_residence;age;number_credits;people_liable,1.0655283998930827,0.010174399998504668,Stack,0.75,0.6,0.7272727272727273,0.7611940298507462,0.6575342465753424,0.7442333785617368,0.4688390349635609,0.8023518769787427,0.7057608643472382,0.744040091710971,0.48846675712347354,102,32,18,48,25.0,34.0,61.0,106.0
German Credit,R3_F2,3,2,FrozenChi2Top75,Unweighted,15,status;housing;savings;duration;credit_history;other_installment_plans;employment_duration;telephone;amount;personal_status_sex;property;other_debtors;purpose;foreign_worker;number_credits,0.9898775999899954,0.009131299972068518,SoftVote,0.765,0.6938775510204082,0.5151515151515151,0.8880597014925373,0.591304347826087,0.7016056083220262,0.4408293058496567,0.7927408412483039,0.666356376815969,0.6763765968518447,0.495703301673451,119,15,32,34,23.5,39.5,87.5,167.5
German Credit,R3_F2,3,2,FrozenChi2Top75,Unweighted,15,status;housing;savings;duration;credit_history;other_installment_plans;employment_duration;telephone;amount;personal_status_sex;property;other_debtors;purpose;foreign_worker;number_credits,0.9898775999899954,0.009131299972068518,Stack,0.765,0.7021276595744681,0.5,0.8955223880597015,0.584070796460177,0.6977611940298507,0.4386324865668807,0.793306196291271,0.6664535304290631,0.6691496051182058,0.5031659882406152,120,14,33,33,23.5,40.0,89.5,172.0
German Credit,R3_F2,3,2,FrozenChi2Top75,Balanced,15,status;housing;savings;duration;credit_history;other_installment_plans;employment_duration;telephone;amount;personal_status_sex;property;other_debtors;purpose;foreign_worker;number_credits,0.9749181000515819,0.009307899978011847,SoftVote,0.755,0.6197183098591549,0.6666666666666666,0.7985074626865671,0.6423357664233577,0.7325870646766168,0.45710491484203986,0.7946630483943917,0.6546675701688515,0.7296151783356151,0.48869289914066033,107,27,22,44,24.5,35.5,68.5,123.5
German Credit,R3_F2,3,2,FrozenChi2Top75,Balanced,15,status;housing;savings;duration;credit_history;other_installment_plans;employment_duration;telephone;amount;personal_status_sex;property;other_debtors;purpose;foreign_worker;number_credits,0.9749181000515819,0.009307899978011847,Stack,0.75,0.5975609756097561,0.7424242424242424,0.753731343283582,0.6621621621621622,0.7480777928539122,0.47434499453566825,0.7945499773857982,0.6522064188630263,0.7480564293746295,0.4963817277250113,101,33,17,49,25.0,33.5,59.0,101.5
German Credit,R3_F3,3,3,AllFeatures,Unweighted,20,status;credit_history;purpose;savings;employment_duration;personal_status_sex;other_debtors;property;other_installment_plans;housing;job;telephone;foreign_worker;duration;amount;installment_rate;present_residence;age;number_credits;people_liable,1.037297699949704,0.009351499960757792,SoftVote,0.77,0.5348837209302325,0.46938775510204084,0.8675496688741722,0.5,0.6684687119881065,0.3527375635908228,0.7914583051763753,0.5647948975220485,0.6381357155906309,0.48803892417894307,131,20,26,23,23.0,36.0,75.0,140.0
German Credit,R3_F3,3,3,AllFeatures,Unweighted,20,status;credit_history;purpose;savings;employment_duration;personal_status_sex;other_debtors;property;other_installment_plans;housing;job;telephone;foreign_worker;duration;amount;installment_rate;present_residence;age;number_credits;people_liable,1.037297699949704,0.009351499960757792,Stack,0.76,0.5121951219512195,0.42857142857142855,0.8675496688741722,0.4666666666666667,0.6480605487228004,0.31547530825505854,0.7918637653736992,0.5619106734352618,0.6097597895450911,0.4819570212190837,131,20,28,21,24.0,38.0,80.0,150.0
German Credit,R3_F3,3,3,AllFeatures,Balanced,20,status;credit_history;purpose;savings;employment_duration;personal_status_sex;other_debtors;property;other_installment_plans;housing;job;telephone;foreign_worker;duration;amount;installment_rate;present_residence;age;number_credits;people_liable,1.033210399968084,0.009799899999052286,SoftVote,0.765,0.5185185185185185,0.5714285714285714,0.8278145695364238,0.5436893203883495,0.6996215704824976,0.3867681200569196,0.78443032842276,0.5585972548171899,0.6877767783794074,0.4735775104743884,125,26,21,28,23.5,34.0,65.5,118.0
German Credit,R3_F3,3,3,AllFeatures,Balanced,20,status;credit_history;purpose;savings;employment_duration;personal_status_sex;other_debtors;property;other_installment_plans;housing;job;telephone;foreign_worker;duration;amount;installment_rate;present_residence;age;number_credits;people_liable,1.033210399968084,0.009799899999052286,Stack,0.735,0.4714285714285714,0.673469387755102,0.7549668874172185,0.5546218487394958,0.7142181375861603,0.3863243231663239,0.7836194080281119,0.5463439377749132,0.7130547576759089,0.4802000270306798,114,37,16,33,26.5,34.5,58.5,98.5
German Credit,R3_F3,3,3,FrozenChi2Top75,Unweighted,15,status;duration;housing;savings;amount;credit_history;other_installment_plans;property;employment_duration;purpose;age;foreign_worker;other_debtors;personal_status_sex;number_credits,0.9924295999808237,0.009171999990940094,SoftVote,0.755,0.5,0.3877551020408163,0.8741721854304636,0.4367816091954023,0.63096364373564,0.28715603859264,0.7833491012298959,0.5535319629176638,0.5822067716566278,0.5161508311934045,132,19,30,19,24.5,39.5,84.5,159.5
German Credit,R3_F3,3,3,FrozenChi2Top75,Unweighted,15,status;duration;housing;savings;amount;credit_history;other_installment_plans;property;employment_duration;purpose;age;foreign_worker;other_debtors;personal_status_sex;number_credits,0.9924295999808237,0.009171999990940094,Stack,0.765,0.53125,0.3469387755102041,0.9006622516556292,0.41975308641975306,0.6238005135829167,0.29047537807757345,0.7814569536423842,0.5424242779994216,0.5589943280013379,0.5161508311934045,136,15,32,17,23.5,39.5,87.5,167.5
German Credit,R3_F3,3,3,FrozenChi2Top75,Balanced,15,status;duration;housing;savings;amount;credit_history;other_installment_plans;property;employment_duration;purpose;age;foreign_worker;other_debtors;personal_status_sex;number_credits,1.0143364999094047,0.009886300016660243,SoftVote,0.77,0.5254237288135594,0.6326530612244898,0.8145695364238411,0.5740740740740741,0.7236112988241654,0.4217690343751833,0.7780781186646843,0.5352565635656854,0.717871792730956,0.4962832815245304,123,28,18,31,23.0,32.0,59.0,104.0
German Credit,R3_F3,3,3,FrozenChi2Top75,Balanced,15,status;duration;housing;savings;amount;credit_history;other_installment_plans;property;employment_duration;purpose;age;foreign_worker;other_debtors;personal_status_sex;number_credits,1.0143364999094047,0.009886300016660243,Stack,0.755,0.5,0.7142857142857143,0.7682119205298014,0.5882352941176471,0.7412488174077578,0.43507187183084434,0.7769968914718205,0.5273384744894186,0.7407582604186265,0.5029057980808218,116,35,14,35,24.5,31.5,52.5,87.5
German Credit,R3_F4,3,4,AllFeatures,Unweighted,20,status;credit_history;purpose;savings;employment_duration;personal_status_sex;other_debtors;property;other_installment_plans;housing;job;telephone;foreign_worker;duration;amount;installment_rate;present_residence;age;number_credits;people_liable,1.0293270000256598,0.011598600016441196,SoftVote,0.705,0.6136363636363636,0.391304347826087,0.8702290076335878,0.4778761061946903,0.6307666777298374,0.300122559538564,0.7748644761588672,0.5902363178880617,0.5835446806298588,0.5039274256001771,114,17,42,27,29.5,50.5,113.5,218.5
German Credit,R3_F4,3,4,AllFeatures,Unweighted,20,status;credit_history;purpose;savings;employment_duration;personal_status_sex;other_debtors;property;other_installment_plans;housing;job;telephone;foreign_worker;duration;amount;installment_rate;present_residence;age;number_credits;people_liable,1.0293270000256598,0.011598600016441196,Stack,0.715,0.6304347826086957,0.42028985507246375,0.8702290076335878,0.5043478260869565,0.6452594313530258,0.32816726100435495,0.7805066932182764,0.6022585151152061,0.6047713811831497,0.5039274256001771,114,17,40,29,28.5,48.5,108.5,208.5
German Credit,R3_F4,3,4,AllFeatures,Balanced,20,status;credit_history;purpose;savings;employment_duration;personal_status_sex;other_debtors;property;other_installment_plans;housing;job;telephone;foreign_worker;duration;amount;installment_rate;present_residence;age;number_credits;people_liable,1.0405410999665037,0.010568599973339587,SoftVote,0.705,0.578125,0.5362318840579711,0.7938931297709924,0.556390977443609,0.6650625069144818,0.336417968868728,0.7751963712800088,0.5986955734173879,0.6524651781649183,0.4802522402920677,104,27,32,37,29.5,45.5,93.5,173.5
German Credit,R3_F4,3,4,AllFeatures,Balanced,20,status;credit_history;purpose;savings;employment_duration;personal_status_sex;other_debtors;property;other_installment_plans;housing;job;telephone;foreign_worker;duration;amount;installment_rate;present_residence;age;number_credits;people_liable,1.0405410999665037,0.010568599973339587,Stack,0.7,0.5494505494505495,0.7246376811594203,0.6870229007633588,0.625,0.7058302909613896,0.3929755511251319,0.7744219493306782,0.6029769937983744,0.7055796777916572,0.48257550614005973,90,41,19,50,30.0,39.5,68.0,115.5
German Credit,R3_F4,3,4,FrozenChi2Top75,Unweighted,15,status;duration;credit_history;savings;amount;housing;other_installment_plans;personal_status_sex;employment_duration;foreign_worker;purpose;property;other_debtors;age;telephone,1.0937306999694556,0.012121199979446828,SoftVote,0.71,0.627906976744186,0.391304347826087,0.8778625954198473,0.48214285714285715,0.6345834716229671,0.3114568319316799,0.782166168823985,0.5854756927374087,0.5860984988734227,0.48866025002765795,115,16,42,27,29.0,50.0,113.0,218.0
German Credit,R3_F4,3,4,FrozenChi2Top75,Unweighted,15,status;duration;credit_history;savings;amount;housing;other_installment_plans;personal_status_sex;employment_duration;foreign_worker;purpose;property;other_debtors;age;telephone,1.0937306999694556,0.012121199979446828,Stack,0.7,0.6097560975609756,0.36231884057971014,0.8778625954198473,0.45454545454545453,0.6200907179997788,0.28281936298241445,0.7828299590662684,0.5874695486187897,0.5639735434936769,0.4939705719659254,115,16,44,25,30.0,52.0,118.0,228.0
German Credit,R3_F4,3,4,FrozenChi2Top75,Balanced,15,status;duration;credit_history;savings;amount;housing;other_installment_plans;personal_status_sex;employment_duration;foreign_worker;purpose;property;other_debtors;age;telephone,1.0012691000010818,0.011616699979640543,SoftVote,0.715,0.581081081081081,0.6231884057971014,0.7633587786259542,0.6013986013986014,0.6932735922115278,0.38059368241101865,0.7768558468857175,0.5878243018476528,0.6897219296956788,0.47870339639340637,100,31,26,43,28.5,41.5,80.5,145.5
German Credit,R3_F4,3,4,FrozenChi2Top75,Balanced,15,status;duration;credit_history;savings;amount;housing;other_installment_plans;personal_status_sex;employment_duration;foreign_worker;purpose;property;other_debtors;age;telephone,1.0012691000010818,0.011616699979640543,Stack,0.705,0.5555555555555556,0.7246376811594203,0.6946564885496184,0.6289308176100629,0.7096470848545193,0.4006465611853194,0.7753070029870561,0.5849469962930057,0.7094887363904665,0.4665339086182099,91,40,19,50,29.5,39.0,67.5,115.0
German Credit,R3_F5,3,5,AllFeatures,Unweighted,20,status;credit_history;purpose;savings;employment_duration;personal_status_sex;other_debtors;property;other_installment_plans;housing;job;telephone;foreign_worker;duration;amount;installment_rate;present_residence;age;number_credits;people_liable,1.0451587000279687,0.009177800035104156,SoftVote,0.755,0.6857142857142857,0.3870967741935484,0.9202898550724637,0.4948453608247423,0.6536933146330061,0.37414880827107916,0.7968676951846657,0.6868535756928462,0.5968594761094096,0.47685834502103785,127,11,38,24,24.5,43.5,100.5,195.5
German Credit,R3_F5,3,5,AllFeatures,Unweighted,20,status;credit_history;purpose;savings;employment_duration;personal_status_sex;other_debtors;property;other_installment_plans;housing;job;telephone;foreign_worker;duration;amount;installment_rate;present_residence;age;number_credits;people_liable,1.0451587000279687,0.009177800035104156,Stack,0.74,0.6470588235294118,0.3548387096774194,0.9130434782608695,0.4583333333333333,0.6339410939691444,0.3298266341086284,0.7958158017765311,0.6796449310232827,0.5691951947315348,0.46072931276297335,126,12,40,22,26.0,46.0,106.0,206.0
German Credit,R3_F5,3,5,AllFeatures,Balanced,20,status;credit_history;purpose;savings;employment_duration;personal_status_sex;other_debtors;property;other_installment_plans;housing;job;telephone;foreign_worker;duration;amount;installment_rate;present_residence;age;number_credits;people_liable,1.0351799000054598,0.010535200010053813,SoftVote,0.77,0.6428571428571429,0.5806451612903226,0.855072463768116,0.6101694915254238,0.7178588125292193,0.4488128225438685,0.7971014492753623,0.6856435821396619,0.7046230826758028,0.45839177185600744,118,20,26,36,23.0,36.0,75.0,140.0
German Credit,R3_F5,3,5,AllFeatures,Balanced,20,status;credit_history;purpose;savings;employment_duration;personal_status_sex;other_debtors;property;other_installment_plans;housing;job;telephone;foreign_worker;duration;amount;installment_rate;present_residence;age;number_credits;people_liable,1.0351799000054598,0.010535200010053813,Stack,0.71,0.525,0.6774193548387096,0.7246376811594203,0.5915492957746479,0.701028517999065,0.3795661179548695,0.7981533426834969,0.6815727479519462,0.7006308517777625,0.45839177185600744,100,38,20,42,29.0,39.0,69.0,119.0
German Credit,R3_F5,3,5,FrozenChi2Top75,Unweighted,15,status;duration;credit_history;housing;savings;amount;property;other_installment_plans;employment_duration;personal_status_sex;purpose;foreign_worker;installment_rate;age;other_debtors,1.0020666999043897,0.012329499993938953,SoftVote,0.76,0.6944444444444444,0.4032258064516129,0.9202898550724637,0.5102040816326531,0.6617578307620383,0.3894552148142021,0.7895044413277232,0.6748854221589138,0.6091671519220584,0.44460028050490885,127,11,37,25,24.0,42.5,98.0,190.5
German Credit,R3_F5,3,5,FrozenChi2Top75,Unweighted,15,status;duration;credit_history;housing;savings;amount;property;other_installment_plans;employment_duration;personal_status_sex;purpose;foreign_worker;installment_rate;age;other_debtors,1.0020666999043897,0.012329499993938953,Stack,0.765,0.7027027027027027,0.41935483870967744,0.9202898550724637,0.5252525252525253,0.6698223468910706,0.4045438076134385,0.7899719495091164,0.6735677891824668,0.6212310389380633,0.4357176250584386,127,11,36,26,23.5,41.5,95.5,185.5
German Credit,R3_F5,3,5,FrozenChi2Top75,Balanced,15,status;duration;credit_history;housing;savings;amount;property;other_installment_plans;employment_duration;personal_status_sex;purpose;foreign_worker;installment_rate;age;other_debtors,1.0041397000313736,0.012174099974799901,SoftVote,0.745,0.5932203389830508,0.5645161290322581,0.8260869565217391,0.5785123966942148,0.6953015427769986,0.39612795822631774,0.7861150070126226,0.6601117243317391,0.6828904823906184,0.41654978962131833,114,24,27,35,25.5,39.0,79.5,147.0
German Credit,R3_F5,3,5,FrozenChi2Top75,Balanced,15,status;duration;credit_history;housing;savings;amount;property;other_installment_plans;employment_duration;personal_status_sex;purpose;foreign_worker;installment_rate;age;other_debtors,1.0041397000313736,0.012174099974799901,Stack,0.7,0.5128205128205128,0.6451612903225806,0.7246376811594203,0.5714285714285714,0.6848994857410005,0.3506500217663153,0.7903225806451613,0.6650665913299442,0.6837456993599114,0.42683496961196826,100,38,22,40,30.0,41.0,74.0,129.0
German Credit,R4_F1,4,1,AllFeatures,Unweighted,20,status;credit_history;purpose;savings;employment_duration;personal_status_sex;other_debtors;property;other_installment_plans;housing;job;telephone;foreign_worker;duration;amount;installment_rate;present_residence;age;number_credits;people_liable,1.0364642000058666,0.009152300015557557,SoftVote,0.785,0.7045454545454546,0.5081967213114754,0.9064748201438849,0.5904761904761905,0.7073357707276802,0.460880052138056,0.8588276919448048,0.7385668883128722,0.678724930696178,0.5810826748437316,126,13,30,31,21.5,36.5,81.5,156.5
German Credit,R4_F1,4,1,AllFeatures,Unweighted,20,status;credit_history;purpose;savings;employment_duration;personal_status_sex;other_debtors;property;other_installment_plans;housing;job;telephone;foreign_worker;duration;amount;installment_rate;present_residence;age;number_credits;people_liable,1.0364642000058666,0.009152300015557557,Stack,0.79,0.7317073170731707,0.4918032786885246,0.920863309352518,0.5882352941176471,0.7063332940205214,0.4706316545346033,0.8562330463498053,0.737793841165747,0.6729662656950447,0.5718834768250973,128,11,31,30,21.0,36.5,83.0,160.5
German Credit,R4_F1,4,1,AllFeatures,Balanced,20,status;credit_history;purpose;savings;employment_duration;personal_status_sex;other_debtors;property;other_installment_plans;housing;job;telephone;foreign_worker;duration;amount;installment_rate;present_residence;age;number_credits;people_liable,1.0609885000158101,0.010372999997343868,SoftVote,0.77,0.6086956521739131,0.6885245901639344,0.8057553956834532,0.6461538461538462,0.7471399929236938,0.47872394419508846,0.8549357235523057,0.7267544877775307,0.7448371658190323,0.6026654086566812,112,27,19,42,23.0,32.5,61.0,108.5
German Credit,R4_F1,4,1,AllFeatures,Balanced,20,status;credit_history;purpose;savings;employment_duration;personal_status_sex;other_debtors;property;other_installment_plans;housing;job;telephone;foreign_worker;duration;amount;installment_rate;present_residence;age;number_credits;people_liable,1.0609885000158101,0.010372999997343868,Stack,0.76,0.5764705882352941,0.8032786885245902,0.7410071942446043,0.6712328767123288,0.7721429413845973,0.506921842468184,0.851869324212761,0.7288392587343604,0.7715149299787347,0.562684278806463,103,36,12,49,24.0,30.0,48.0,78.0
German Credit,R4_F1,4,1,FrozenChi2Top75,Unweighted,15,status;duration;housing;credit_history;savings;other_installment_plans;amount;purpose;employment_duration;property;foreign_worker;other_debtors;age;personal_status_sex;telephone,1.0308734000427648,0.008924599969759583,SoftVote,0.795,0.717391304347826,0.5409836065573771,0.9064748201438849,0.616822429906542,0.723729213350631,0.48953723738914573,0.8578841844557141,0.7034374273555756,0.7002771004787237,0.5738884302394149,126,13,28,33,20.5,34.5,76.5,146.5
German Credit,R4_F1,4,1,FrozenChi2Top75,Unweighted,15,status;duration;housing;credit_history;savings;other_installment_plans;amount;purpose;employment_duration;property;foreign_worker;other_debtors;age;personal_status_sex;telephone,1.0308734000427648,0.008924599969759583,Stack,0.79,0.7111111111111111,0.5245901639344263,0.9064748201438849,0.6037735849056604,0.7155324920391556,0.4752727972440417,0.8582379997641231,0.7044829113378889,0.6895852191728808,0.5666941856350984,126,13,29,32,21.0,35.5,79.0,151.5
German Credit,R4_F1,4,1,FrozenChi2Top75,Balanced,15,status;duration;housing;credit_history;savings;other_installment_plans;amount;purpose;employment_duration;property;foreign_worker;other_debtors;age;personal_status_sex;telephone,0.9871228000847623,0.010392300027888268,SoftVote,0.78,0.6197183098591549,0.7213114754098361,0.8057553956834532,0.6666666666666666,0.7635334355466447,0.5071238168967489,0.8559971694775328,0.7191711926537372,0.7623651443238129,0.5718834768250973,112,27,17,44,22.0,30.5,56.0,98.5
German Credit,R4_F1,4,1,FrozenChi2Top75,Balanced,15,status;duration;housing;credit_history;savings;other_installment_plans;amount;purpose;employment_duration;property;foreign_worker;other_debtors;age;personal_status_sex;telephone,0.9871228000847623,0.010392300027888268,Stack,0.75,0.5632183908045977,0.8032786885245902,0.7266187050359713,0.6621621621621622,0.7649486967802808,0.49211347036133596,0.8561151079136691,0.7150345148974202,0.7639877750584305,0.5718834768250973,101,38,12,49,25.0,31.0,49.0,79.0
German Credit,R4_F2,4,2,AllFeatures,Unweighted,20,status;credit_history;purpose;savings;employment_duration;personal_status_sex;other_debtors;property;other_installment_plans;housing;job;telephone;foreign_worker;duration;amount;installment_rate;present_residence;age;number_credits;people_liable,1.0364402999985032,0.01170169998658821,SoftVote,0.82,0.725,0.5370370370370371,0.9246575342465754,0.6170212765957447,0.7308472856418062,0.5124341786196102,0.7907153729071538,0.6758262807911706,0.7046810217862784,0.5187721968543887,135,11,25,29,18.0,30.5,68.0,130.5
German Credit,R4_F2,4,2,AllFeatures,Unweighted,20,status;credit_history;purpose;savings;employment_duration;personal_status_sex;other_debtors;property;other_installment_plans;housing;job;telephone;foreign_worker;duration;amount;installment_rate;present_residence;age;number_credits;people_liable,1.0364402999985032,0.01170169998658821,Stack,0.82,0.7647058823529411,0.48148148148148145,0.9452054794520548,0.5909090909090909,0.7133434804667681,0.5043002422504669,0.7895738203957382,0.6731563659775758,0.6746102093438768,0.5002536783358702,138,8,28,26,18.0,32.0,74.0,144.0
German Credit,R4_F2,4,2,AllFeatures,Balanced,20,status;credit_history;purpose;savings;employment_duration;personal_status_sex;other_debtors;property;other_installment_plans;housing;job;telephone;foreign_worker;duration;amount;installment_rate;present_residence;age;number_credits;people_liable,1.0416397999506444,0.00961110001662746,SoftVote,0.765,0.5614035087719298,0.5925925925925926,0.8287671232876712,0.5765765765765766,0.7106798579401319,0.4144010753804058,0.785134449518011,0.6732245340505892,0.700800441098995,0.48655504819888384,121,25,22,32,23.5,34.5,67.5,122.5
German Credit,R4_F2,4,2,AllFeatures,Balanced,20,status;credit_history;purpose;savings;employment_duration;personal_status_sex;other_debtors;property;other_installment_plans;housing;job;telephone;foreign_worker;duration;amount;installment_rate;present_residence;age;number_credits;people_liable,1.0416397999506444,0.00961110001662746,Stack,0.735,0.5066666666666667,0.7037037037037037,0.7465753424657534,0.5891472868217055,0.7251395230847286,0.41292331671005744,0.7839928970065957,0.6704499830457914,0.7248226221545597,0.4817351598173516,109,37,16,38,26.5,34.5,58.5,98.5
German Credit,R4_F2,4,2,FrozenChi2Top75,Unweighted,15,status;savings;duration;housing;credit_history;amount;other_installment_plans;installment_rate;employment_duration;foreign_worker;purpose;property;other_debtors;personal_status_sex;age,1.0031120000057854,0.00924970000050962,SoftVote,0.805,0.6744186046511628,0.5370370370370371,0.9041095890410958,0.5979381443298969,0.7205733130390665,0.47672970745304244,0.7861491628614916,0.6575443067210892,0.6968072436875232,0.5071029934043634,132,14,25,29,19.5,32.0,69.5,132.0
German Credit,R4_F2,4,2,FrozenChi2Top75,Unweighted,15,status;savings;duration;housing;credit_history;amount;other_installment_plans;installment_rate;employment_duration;foreign_worker;purpose;property;other_debtors;personal_status_sex;age,1.0031120000057854,0.00924970000050962,Stack,0.805,0.6923076923076923,0.5,0.9178082191780822,0.5806451612903226,0.7089041095890412,0.46817157876740895,0.7886859462201928,0.6646318099247184,0.6774246154289355,0.5071029934043634,134,12,27,27,19.5,33.0,73.5,141.0
German Credit,R4_F2,4,2,FrozenChi2Top75,Balanced,15,status;savings;duration;housing;credit_history;amount;other_installment_plans;installment_rate;employment_duration;foreign_worker;purpose;property;other_debtors;personal_status_sex;age,0.984376699954737,0.010558100009802729,SoftVote,0.765,0.5614035087719298,0.5925925925925926,0.8287671232876712,0.5765765765765766,0.7106798579401319,0.4144010753804058,0.7773972602739727,0.6388493046674293,0.700800441098995,0.480466768138001,121,25,22,32,23.5,34.5,67.5,122.5
German Credit,R4_F2,4,2,FrozenChi2Top75,Balanced,15,status;savings;duration;housing;credit_history;amount;other_installment_plans;installment_rate;employment_duration;foreign_worker;purpose;property;other_debtors;personal_status_sex;age,0.984376699954737,0.010558100009802729,Stack,0.75,0.527027027027027,0.7222222222222222,0.7602739726027398,0.609375,0.741248097412481,0.4436761340403663,0.7794266869609334,0.6417510911487831,0.7410038852738005,0.4873160832064941,111,35,15,39,25.0,32.5,55.0,92.5
German Credit,R4_F3,4,3,AllFeatures,Unweighted,20,status;credit_history;purpose;savings;employment_duration;personal_status_sex;other_debtors;property;other_installment_plans;housing;job;telephone;foreign_worker;duration;amount;installment_rate;present_residence;age;number_credits;people_liable,1.2981178000336513,0.012124700006097555,SoftVote,0.755,0.6444444444444445,0.46774193548387094,0.8840579710144928,0.5420560747663551,0.6758999532491818,0.3896359331055541,0.7708041140719962,0.6313459045488993,0.6430481991594897,0.45932678821879386,122,16,33,29,24.5,41.0,90.5,173.0
German Credit,R4_F3,4,3,AllFeatures,Unweighted,20,status;credit_history;purpose;savings;employment_duration;personal_status_sex;other_debtors;property;other_installment_plans;housing;job;telephone;foreign_worker;duration;amount;installment_rate;present_residence;age;number_credits;people_liable,1.2981178000336513,0.012124700006097555,Stack,0.76,0.6666666666666666,0.45161290322580644,0.8985507246376812,0.5384615384615384,0.6750818139317438,0.39760627739036564,0.7681159420289855,0.6337063751911652,0.6370220572706061,0.42309490416082285,124,14,34,28,24.0,41.0,92.0,177.0
German Credit,R4_F3,4,3,AllFeatures,Balanced,20,status;credit_history;purpose;savings;employment_duration;personal_status_sex;other_debtors;property;other_installment_plans;housing;job;telephone;foreign_worker;duration;amount;installment_rate;present_residence;age;number_credits;people_liable,1.3706293000141159,0.009415900043677539,SoftVote,0.73,0.5571428571428572,0.6290322580645161,0.7753623188405797,0.5909090909090909,0.7021972884525479,0.3921209215955284,0.7697522206638616,0.6434143847563101,0.6983751930290975,0.46330060776063586,107,31,23,39,27.0,38.5,73.0,130.5
German Credit,R4_F3,4,3,AllFeatures,Balanced,20,status;credit_history;purpose;savings;employment_duration;personal_status_sex;other_debtors;property;other_installment_plans;housing;job;telephone;foreign_worker;duration;amount;installment_rate;present_residence;age;number_credits;people_liable,1.3706293000141159,0.009415900043677539,Stack,0.67,0.4777777777777778,0.6935483870967742,0.6594202898550725,0.5657894736842105,0.6764843384759234,0.3281360589316106,0.7613370733987844,0.6258035880373964,0.6762690873076137,0.42613370733987843,91,47,19,43,33.0,42.5,71.0,118.5
German Credit,R4_F3,4,3,FrozenChi2Top75,Unweighted,15,status;duration;other_installment_plans;savings;housing;credit_history;property;amount;employment_duration;foreign_worker;purpose;personal_status_sex;other_debtors;age;people_liable,1.4695119999814779,0.013274500030092895,SoftVote,0.755,0.6511627906976745,0.45161290322580644,0.8913043478260869,0.5333333333333333,0.6714586255259467,0.38604743173685657,0.7773492286115008,0.630846533516177,0.634448220250891,0.48503973819541846,123,15,34,28,24.5,41.5,92.5,177.5
German Credit,R4_F3,4,3,FrozenChi2Top75,Unweighted,15,status;duration;other_installment_plans;savings;housing;credit_history;property;amount;employment_duration;foreign_worker;purpose;personal_status_sex;other_debtors;age;people_liable,1.4695119999814779,0.013274500030092895,Stack,0.75,0.6428571428571429,0.43548387096774194,0.8913043478260869,0.5192307692307693,0.6633941093969145,0.37106380226417296,0.769050958391772,0.6191665280694447,0.6230157843920835,0.44647031323048153,123,15,35,27,25.0,42.5,95.0,182.5
German Credit,R4_F3,4,3,FrozenChi2Top75,Balanced,15,status;duration;other_installment_plans;savings;housing;credit_history;property;amount;employment_duration;foreign_worker;purpose;personal_status_sex;other_debtors;age;people_liable,1.0460351000656374,0.012367899995297194,SoftVote,0.735,0.5652173913043478,0.6290322580645161,0.782608695652174,0.5954198473282443,0.705820476858345,0.40049193101935826,0.773141654978962,0.6225828061332398,0.701631039084655,0.4698457223001402,108,30,23,39,26.5,38.0,72.5,130.0
German Credit,R4_F3,4,3,FrozenChi2Top75,Balanced,15,status;duration;other_installment_plans;savings;housing;credit_history;property;amount;employment_duration;foreign_worker;purpose;personal_status_sex;other_debtors;age;people_liable,1.0460351000656374,0.012367899995297194,Stack,0.695,0.5053763440860215,0.7580645161290323,0.6666666666666666,0.6064516129032258,0.7123655913978495,0.3938366892292974,0.7615708274894811,0.5998717755405493,0.7108982656372299,0.43922393641888735,92,46,15,47,30.5,38.0,60.5,98.0
German Credit,R4_F4,4,4,AllFeatures,Unweighted,20,status;credit_history;purpose;savings;employment_duration;personal_status_sex;other_debtors;property;other_installment_plans;housing;job;telephone;foreign_worker;duration;amount;installment_rate;present_residence;age;number_credits;people_liable,1.0513138999813236,0.009392399981152266,SoftVote,0.76,0.6808510638297872,0.49230769230769234,0.8888888888888888,0.5714285714285714,0.6905982905982906,0.4210928963801285,0.80991452991453,0.7054748369654193,0.6615185844757784,0.5111111111111112,120,15,33,32,24.0,40.5,90.0,172.5
German Credit,R4_F4,4,4,AllFeatures,Unweighted,20,status;credit_history;purpose;savings;employment_duration;personal_status_sex;other_debtors;property;other_installment_plans;housing;job;telephone;foreign_worker;duration;amount;installment_rate;present_residence;age;number_credits;people_liable,1.0513138999813236,0.009392399981152266,Stack,0.765,0.6956521739130435,0.49230769230769234,0.8962962962962963,0.5765765765765766,0.6943019943019944,0.43250540596778786,0.8087749287749288,0.7054743948209025,0.6642691933648295,0.49629629629629635,121,14,33,32,23.5,40.0,89.5,172.0
German Credit,R4_F4,4,4,AllFeatures,Balanced,20,status;credit_history;purpose;savings;employment_duration;personal_status_sex;other_debtors;property;other_installment_plans;housing;job;telephone;foreign_worker;duration;amount;installment_rate;present_residence;age;number_credits;people_liable,1.0561434000264853,0.008967799949459732,SoftVote,0.755,0.6142857142857143,0.6615384615384615,0.8,0.6370370370370371,0.7307692307692308,0.4532217720285996,0.8143589743589744,0.699102120088781,0.7274824872330393,0.5111111111111112,108,27,22,43,24.5,35.5,68.5,123.5
German Credit,R4_F4,4,4,AllFeatures,Balanced,20,status;credit_history;purpose;savings;employment_duration;personal_status_sex;other_debtors;property;other_installment_plans;housing;job;telephone;foreign_worker;duration;amount;installment_rate;present_residence;age;number_credits;people_liable,1.0561434000264853,0.008967799949459732,Stack,0.74,0.5730337078651685,0.7846153846153846,0.7185185185185186,0.6623376623376623,0.7515669515669516,0.4741881018546314,0.8147008547008547,0.6996364527806552,0.7508399854567441,0.5185185185185186,97,38,14,51,26.0,33.0,54.0,89.0
German Credit,R4_F4,4,4,FrozenChi2Top75,Unweighted,15,status;duration;other_installment_plans;savings;housing;credit_history;personal_status_sex;property;amount;employment_duration;purpose;installment_rate;foreign_worker;age;other_debtors,1.0245204999228008,0.009032399975694716,SoftVote,0.75,0.6470588235294118,0.5076923076923077,0.8666666666666667,0.5689655172413793,0.6871794871794872,0.4022847681817508,0.8036467236467236,0.6921683776411653,0.6633249580710799,0.5105413105413106,117,18,32,33,25.0,41.0,89.0,169.0
German Credit,R4_F4,4,4,FrozenChi2Top75,Unweighted,15,status;duration;other_installment_plans;savings;housing;credit_history;personal_status_sex;property;amount;employment_duration;purpose;installment_rate;foreign_worker;age;other_debtors,1.0245204999228008,0.009032399975694716,Stack,0.76,0.673469387755102,0.5076923076923077,0.8814814814814815,0.5789473684210527,0.6945868945868946,0.42381920430616,0.8030769230769232,0.6931697969095387,0.6689703786576559,0.4877492877492878,119,16,32,33,24.0,40.0,88.0,168.0
German Credit,R4_F4,4,4,FrozenChi2Top75,Balanced,15,status;duration;other_installment_plans;savings;housing;credit_history;personal_status_sex;property;amount;employment_duration;purpose;installment_rate;foreign_worker;age;other_debtors,1.0637858000118285,0.013356100011151284,SoftVote,0.73,0.5774647887323944,0.6307692307692307,0.7777777777777778,0.6029411764705882,0.7042735042735042,0.3998909428852601,0.8103703703703704,0.6931642076020218,0.7004272200580804,0.5190883190883191,105,30,24,41,27.0,39.0,75.0,135.0
German Credit,R4_F4,4,4,FrozenChi2Top75,Balanced,15,status;duration;other_installment_plans;savings;housing;credit_history;personal_status_sex;property;amount;employment_duration;purpose;installment_rate;foreign_worker;age;other_debtors,1.0637858000118285,0.013356100011151284,Stack,0.725,0.5520833333333334,0.8153846153846154,0.6814814814814815,0.6583850931677019,0.7484330484330484,0.4658119658119658,0.8117378917378917,0.6935707740645832,0.7454324353484463,0.5264957264957265,92,43,12,53,27.5,33.5,51.5,81.5
German Credit,R4_F5,4,5,AllFeatures,Unweighted,20,status;credit_history;purpose;savings;employment_duration;personal_status_sex;other_debtors;property;other_installment_plans;housing;job;telephone;foreign_worker;duration;amount;installment_rate;present_residence;age;number_credits;people_liable,1.0726246000267565,0.012961600034032017,SoftVote,0.735,0.5862068965517241,0.29310344827586204,0.9154929577464789,0.39080459770114945,0.6042982030111704,0.2688239365119463,0.7747693054881011,0.532625078626757,0.5180097902431584,0.4592034968431277,130,12,41,17,26.5,47.0,108.5,211.0
German Credit,R4_F5,4,5,AllFeatures,Unweighted,20,status;credit_history;purpose;savings;employment_duration;personal_status_sex;other_debtors;property;other_installment_plans;housing;job;telephone;foreign_worker;duration;amount;installment_rate;present_residence;age;number_credits;people_liable,1.0726246000267565,0.012961600034032017,Stack,0.725,0.5517241379310345,0.27586206896551724,0.9084507042253521,0.367816091954023,0.5921563865954347,0.237528949723594,0.7719766877124818,0.5348275857986464,0.500606722708342,0.4528897523069451,129,13,42,16,27.5,48.5,111.5,216.5
German Credit,R4_F5,4,5,AllFeatures,Balanced,20,status;credit_history;purpose;savings;employment_duration;personal_status_sex;other_debtors;property;other_installment_plans;housing;job;telephone;foreign_worker;duration;amount;installment_rate;present_residence;age;number_credits;people_liable,1.0878250999376178,0.011474200000520796,SoftVote,0.73,0.54,0.46551724137931033,0.8380281690140845,0.5,0.6517727051966974,0.31809087296630334,0.7802331228751821,0.5460423087652251,0.6245931167068615,0.4684312773190869,119,23,31,27,27.0,42.5,89.0,166.5
German Credit,R4_F5,4,5,AllFeatures,Balanced,20,status;credit_history;purpose;savings;employment_duration;personal_status_sex;other_debtors;property;other_installment_plans;housing;job;telephone;foreign_worker;duration;amount;installment_rate;present_residence;age;number_credits;people_liable,1.0878250999376178,0.011474200000520796,Stack,0.705,0.4927536231884058,0.5862068965517241,0.7535211267605634,0.5354330708661418,0.6698640116561437,0.3242868573346787,0.7703982515784361,0.5422603908312086,0.6646196515334678,0.4456046624575037,107,35,24,34,29.5,41.5,77.5,137.5
German Credit,R4_F5,4,5,FrozenChi2Top75,Unweighted,15,status;housing;duration;credit_history;amount;savings;property;employment_duration;personal_status_sex;foreign_worker;age;purpose;other_installment_plans;installment_rate;other_debtors,1.0195713000139222,0.013066500017885119,SoftVote,0.75,0.6538461538461539,0.29310344827586204,0.9366197183098591,0.40476190476190477,0.6148615832928606,0.3099571542722764,0.7864254492472074,0.5422029120560672,0.5239527356162827,0.4528897523069451,133,9,41,17,25.0,45.5,107.0,209.5
German Credit,R4_F5,4,5,FrozenChi2Top75,Unweighted,15,status;housing;duration;credit_history;amount;savings;property;employment_duration;personal_status_sex;foreign_worker;age;purpose;other_installment_plans;installment_rate;other_debtors,1.0195713000139222,0.013066500017885119,Stack,0.75,0.6538461538461539,0.29310344827586204,0.9366197183098591,0.40476190476190477,0.6148615832928606,0.3099571542722764,0.7733122875182128,0.5190402012826448,0.5239527356162827,0.44511898980087417,133,9,41,17,25.0,45.5,107.0,209.5
German Credit,R4_F5,4,5,FrozenChi2Top75,Balanced,15,status;housing;duration;credit_history;amount;savings;property;employment_duration;personal_status_sex;foreign_worker;age;purpose;other_installment_plans;installment_rate;other_debtors,1.048576800036244,0.013369000051170588,SoftVote,0.73,0.5384615384615384,0.4827586206896552,0.8309859154929577,0.509090909090909,0.6568722680913065,0.3245650939247319,0.7878824672170957,0.5476835808939932,0.6333763607649963,0.4698882952889752,118,24,30,28,27.0,42.0,87.0,162.0
German Credit,R4_F5,4,5,FrozenChi2Top75,Balanced,15,status;housing;duration;credit_history;amount;savings;property;employment_duration;personal_status_sex;foreign_worker;age;purpose;other_installment_plans;installment_rate;other_debtors,1.048576800036244,0.013369000051170588,Stack,0.7,0.4852941176470588,0.5689655172413793,0.7535211267605634,0.5238095238095238,0.6612433220009714,0.30890751924228893,0.7705196697425936,0.5207067078874039,0.6547728901226981,0.44269062651772706,107,35,25,33,30.0,42.5,80.0,142.5
German Credit,R5_F1,5,1,AllFeatures,Unweighted,20,status;credit_history;purpose;savings;employment_duration;personal_status_sex;other_debtors;property;other_installment_plans;housing;job;telephone;foreign_worker;duration;amount;installment_rate;present_residence;age;number_credits;people_liable,1.0845382999395952,0.009738299995660782,SoftVote,0.785,0.6274509803921569,0.5714285714285714,0.8680555555555556,0.5981308411214953,0.7197420634920635,0.4527309982336594,0.8046875,0.6502418303972803,0.7042952122737638,0.4702380952380953,125,19,24,32,21.5,33.5,69.5,129.5
German Credit,R5_F1,5,1,AllFeatures,Unweighted,20,status;credit_history;purpose;savings;employment_duration;personal_status_sex;other_debtors;property;other_installment_plans;housing;job;telephone;foreign_worker;duration;amount;installment_rate;present_residence;age;number_credits;people_liable,1.0845382999395952,0.009738299995660782,Stack,0.785,0.6274509803921569,0.5714285714285714,0.8680555555555556,0.5981308411214953,0.7197420634920635,0.4527309982336594,0.8040674603174602,0.6554288256205054,0.7042952122737638,0.4702380952380953,125,19,24,32,21.5,33.5,69.5,129.5
German Credit,R5_F1,5,1,AllFeatures,Balanced,20,status;credit_history;purpose;savings;employment_duration;personal_status_sex;other_debtors;property;other_installment_plans;housing;job;telephone;foreign_worker;duration;amount;installment_rate;present_residence;age;number_credits;people_liable,1.051297899975907,0.009662600001320243,SoftVote,0.735,0.5205479452054794,0.6785714285714286,0.7569444444444444,0.5891472868217055,0.7177579365079365,0.4061775887899025,0.8102678571428571,0.6571149856424561,0.7166874304854753,0.4771825396825397,109,35,18,38,26.5,35.5,62.5,107.5
German Credit,R5_F1,5,1,AllFeatures,Balanced,20,status;credit_history;purpose;savings;employment_duration;personal_status_sex;other_debtors;property;other_installment_plans;housing;job;telephone;foreign_worker;duration;amount;installment_rate;present_residence;age;number_credits;people_liable,1.051297899975907,0.009662600001320243,Stack,0.67,0.4444444444444444,0.7142857142857143,0.6527777777777778,0.547945205479452,0.683531746031746,0.331282774099323,0.8093998015873016,0.6590214352544101,0.6828395428428565,0.4732142857142857,94,50,16,40,33.0,41.0,65.0,105.0
German Credit,R5_F1,5,1,FrozenChi2Top75,Unweighted,15,status;housing;savings;credit_history;other_installment_plans;duration;amount;employment_duration;property;foreign_worker;purpose;age;personal_status_sex;other_debtors;installment_rate,1.0204226999194361,0.011923599988222122,SoftVote,0.785,0.6274509803921569,0.5714285714285714,0.8680555555555556,0.5981308411214953,0.7197420634920635,0.4527309982336594,0.8054315476190477,0.6387498169821884,0.7042952122737638,0.488095238095238,125,19,24,32,21.5,33.5,69.5,129.5
German Credit,R5_F1,5,1,FrozenChi2Top75,Unweighted,15,status;housing;savings;credit_history;other_installment_plans;duration;amount;employment_duration;property;foreign_worker;purpose;age;personal_status_sex;other_debtors;installment_rate,1.0204226999194361,0.011923599988222122,Stack,0.785,0.6274509803921569,0.5714285714285714,0.8680555555555556,0.5981308411214953,0.7197420634920635,0.4527309982336594,0.8039434523809523,0.6340026354428556,0.7042952122737638,0.4811507936507936,125,19,24,32,21.5,33.5,69.5,129.5
German Credit,R5_F1,5,1,FrozenChi2Top75,Balanced,15,status;housing;savings;credit_history;other_installment_plans;duration;amount;employment_duration;property;foreign_worker;purpose;age;personal_status_sex;other_debtors;installment_rate,1.059943399974145,0.010113899945281446,SoftVote,0.73,0.5131578947368421,0.6964285714285714,0.7430555555555556,0.5909090909090909,0.7197420634920635,0.4065376898328641,0.8138640873015873,0.6537856664236311,0.7193643854456648,0.5158730158730158,107,37,17,39,27.0,35.5,61.0,103.5
German Credit,R5_F1,5,1,FrozenChi2Top75,Balanced,15,status;housing;savings;credit_history;other_installment_plans;duration;amount;employment_duration;property;foreign_worker;purpose;age;personal_status_sex;other_debtors;installment_rate,1.059943399974145,0.010113899945281446,Stack,0.68,0.4583333333333333,0.7857142857142857,0.6388888888888888,0.5789473684210527,0.7123015873015872,0.3815981058222307,0.8132440476190477,0.6402243356582067,0.7085083817317386,0.498015873015873,92,52,12,44,32.0,38.0,56.0,86.0
German Credit,R5_F2,5,2,AllFeatures,Unweighted,20,status;credit_history;purpose;savings;employment_duration;personal_status_sex;other_debtors;property;other_installment_plans;housing;job;telephone;foreign_worker;duration;amount;installment_rate;present_residence;age;number_credits;people_liable,1.0735658000339754,0.012502399971708655,SoftVote,0.76,0.775,0.44285714285714284,0.9307692307692308,0.5636363636363636,0.6868131868131868,0.4455210556068153,0.8118681318681318,0.7071454385546998,0.6420263251594923,0.489010989010989,121,9,39,31,24.0,43.5,102.0,199.5
German Credit,R5_F2,5,2,AllFeatures,Unweighted,20,status;credit_history;purpose;savings;employment_duration;personal_status_sex;other_debtors;property;other_installment_plans;housing;job;telephone;foreign_worker;duration;amount;installment_rate;present_residence;age;number_credits;people_liable,1.0735658000339754,0.012502399971708655,Stack,0.75,0.7631578947368421,0.4142857142857143,0.9307692307692308,0.5370370370370371,0.6725274725274726,0.4195267390460524,0.8087912087912088,0.7040438026442953,0.6209705271624376,0.49560439560439556,121,9,41,29,25.0,45.5,107.0,209.5
German Credit,R5_F2,5,2,AllFeatures,Balanced,20,status;credit_history;purpose;savings;employment_duration;personal_status_sex;other_debtors;property;other_installment_plans;housing;job;telephone;foreign_worker;duration;amount;installment_rate;present_residence;age;number_credits;people_liable,1.0634521000320092,0.012496299983467907,SoftVote,0.75,0.6724137931034483,0.5571428571428572,0.8538461538461538,0.609375,0.7054945054945054,0.43200894284692865,0.8094505494505494,0.706545184089578,0.6897204402613321,0.5010989010989011,111,19,31,39,25.0,40.5,87.0,164.5
German Credit,R5_F2,5,2,AllFeatures,Balanced,20,status;credit_history;purpose;savings;employment_duration;personal_status_sex;other_debtors;property;other_installment_plans;housing;job;telephone;foreign_worker;duration;amount;installment_rate;present_residence;age;number_credits;people_liable,1.0634521000320092,0.012496299983467907,Stack,0.71,0.573170731707317,0.6714285714285714,0.7307692307692307,0.618421052631579,0.701098901098901,0.39004297418069966,0.8067032967032967,0.7036393363488435,0.7004707992909773,0.532967032967033,95,35,23,47,29.0,40.5,75.0,132.5
German Credit,R5_F2,5,2,FrozenChi2Top75,Unweighted,15,housing;status;savings;duration;credit_history;amount;other_installment_plans;foreign_worker;property;employment_duration;installment_rate;personal_status_sex;purpose;age;other_debtors,1.0471577999996953,0.013251599972136319,SoftVote,0.755,0.7560975609756098,0.44285714285714284,0.9230769230769231,0.5585585585585585,0.682967032967033,0.43234759434014824,0.8096703296703297,0.6986441286809387,0.639367819640001,0.5087912087912088,120,10,39,31,24.5,44.0,102.5,200.0
German Credit,R5_F2,5,2,FrozenChi2Top75,Unweighted,15,housing;status;savings;duration;credit_history;amount;other_installment_plans;foreign_worker;property;employment_duration;installment_rate;personal_status_sex;purpose;age;other_debtors,1.0471577999996953,0.013251599972136319,Stack,0.74,0.75,0.38571428571428573,0.9307692307692308,0.5094339622641509,0.6582417582417582,0.3929150075559484,0.8078021978021978,0.7040589474576272,0.5991752573421144,0.5010989010989011,121,9,43,27,26.0,47.5,112.0,219.5
German Credit,R5_F2,5,2,FrozenChi2Top75,Balanced,15,housing;status;savings;duration;credit_history;amount;other_installment_plans;foreign_worker;property;employment_duration;installment_rate;personal_status_sex;purpose;age;other_debtors,1.0287026999867521,0.012681399995926768,SoftVote,0.755,0.6779661016949152,0.5714285714285714,0.8538461538461538,0.6201550387596899,0.7126373626373625,0.444789684618333,0.8056043956043957,0.6971858037057643,0.6985070421349293,0.5065934065934066,111,19,30,40,24.5,39.5,84.5,159.5
German Credit,R5_F2,5,2,FrozenChi2Top75,Balanced,15,housing;status;savings;duration;credit_history;amount;other_installment_plans;foreign_worker;property;employment_duration;installment_rate;personal_status_sex;purpose;age;other_debtors,1.0287026999867521,0.012681399995926768,Stack,0.72,0.5795454545454546,0.7285714285714285,0.7153846153846154,0.6455696202531646,0.721978021978022,0.4265896571064096,0.8032967032967033,0.6953172685185777,0.7219479144708372,0.5208791208791209,93,37,19,51,28.0,37.5,66.0,113.5
German Credit,R5_F3,5,3,AllFeatures,Unweighted,20,status;credit_history;purpose;savings;employment_duration;personal_status_sex;other_debtors;property;other_installment_plans;housing;job;telephone;foreign_worker;duration;amount;installment_rate;present_residence;age;number_credits;people_liable,1.0687524999957532,0.008836900000460446,SoftVote,0.74,0.6206896551724138,0.3050847457627119,0.9219858156028369,0.4090909090909091,0.6135352806827744,0.29410292352651723,0.8264214448852026,0.6524495731770232,0.5303619595615979,0.6047601875225388,130,11,41,18,26.0,46.5,108.0,210.5
German Credit,R5_F3,5,3,AllFeatures,Unweighted,20,status;credit_history;purpose;savings;employment_duration;personal_status_sex;other_debtors;property;other_installment_plans;housing;job;telephone;foreign_worker;duration;amount;installment_rate;present_residence;age;number_credits;people_liable,1.0687524999957532,0.008836900000460446,Stack,0.74,0.6296296296296297,0.288135593220339,0.9290780141843972,0.3953488372093023,0.6086068037023681,0.28987960226760323,0.8290659935088353,0.6600127471666644,0.5173977626207866,0.5976679889409784,131,10,42,17,26.0,47.0,110.0,215.0
German Credit,R5_F3,5,3,AllFeatures,Balanced,20,status;credit_history;purpose;savings;employment_duration;personal_status_sex;other_debtors;property;other_installment_plans;housing;job;telephone;foreign_worker;duration;amount;installment_rate;present_residence;age;number_credits;people_liable,1.0973830000730231,0.011288600042462349,SoftVote,0.775,0.6296296296296297,0.576271186440678,0.8581560283687943,0.6017699115044248,0.7172136074047362,0.44625107803518954,0.8222142084385142,0.6393623257042474,0.7032286915501281,0.5933405457386706,121,20,25,34,22.5,35.0,72.5,135.0
German Credit,R5_F3,5,3,AllFeatures,Balanced,20,status;credit_history;purpose;savings;employment_duration;personal_status_sex;other_debtors;property;other_installment_plans;housing;job;telephone;foreign_worker;duration;amount;installment_rate;present_residence;age;number_credits;people_liable,1.0973830000730231,0.011288600042462349,Stack,0.75,0.5616438356164384,0.6949152542372882,0.7730496453900709,0.6212121212121212,0.7339824498136795,0.4432875673365079,0.8258204111071042,0.6416888217762999,0.7329420105740199,0.6004327443202309,109,32,18,41,25.0,34.0,61.0,106.0
German Credit,R5_F3,5,3,FrozenChi2Top75,Unweighted,15,status;duration;credit_history;savings;housing;other_installment_plans;employment_duration;purpose;amount;personal_status_sex;foreign_worker;property;age;telephone;installment_rate,1.0395505000487901,0.012078700005076826,SoftVote,0.775,0.71875,0.3898305084745763,0.9361702127659575,0.5054945054945055,0.6630003606202669,0.4055314056678568,0.8257002043514846,0.6420888171624134,0.6041090216685275,0.6004327443202309,132,9,36,23,22.5,40.5,94.5,184.5
German Credit,R5_F3,5,3,FrozenChi2Top75,Unweighted,15,status;duration;credit_history;savings;housing;other_installment_plans;employment_duration;purpose;amount;personal_status_sex;foreign_worker;property;age;telephone;installment_rate,1.0395505000487901,0.012078700005076826,Stack,0.755,0.6923076923076923,0.3050847457627119,0.9432624113475178,0.4235294117647059,0.6241735785551148,0.33677004651975945,0.8260608246183435,0.6388493428805838,0.5364466170584731,0.6004327443202309,133,8,41,18,24.5,45.0,106.5,209.0
German Credit,R5_F3,5,3,FrozenChi2Top75,Balanced,15,status;duration;credit_history;savings;housing;other_installment_plans;employment_duration;purpose;amount;personal_status_sex;foreign_worker;property;age;telephone;installment_rate,1.0439075999893248,0.009718599962070584,SoftVote,0.78,0.6363636363636364,0.5932203389830508,0.8581560283687943,0.6140350877192983,0.7256881836759226,0.4610086065885724,0.8224546219497536,0.6409557613964563,0.7134953469009344,0.57915614857555,121,20,24,35,22.0,34.0,70.0,130.0
German Credit,R5_F3,5,3,FrozenChi2Top75,Balanced,15,status;duration;credit_history;savings;housing;other_installment_plans;employment_duration;purpose;amount;personal_status_sex;foreign_worker;property;age;telephone;installment_rate,1.0439075999893248,0.009718599962070584,Stack,0.735,0.5405405405405406,0.6779661016949152,0.7588652482269503,0.6015037593984962,0.7184156749609327,0.4126180558046174,0.8210121408823177,0.6371900768748701,0.7172760375560929,0.5720639499939897,107,34,19,40,26.5,36.0,64.5,112.0
German Credit,R5_F4,5,4,AllFeatures,Unweighted,20,status;credit_history;purpose;savings;employment_duration;personal_status_sex;other_debtors;property;other_installment_plans;housing;job;telephone;foreign_worker;duration;amount;installment_rate;present_residence;age;number_credits;people_liable,1.0780100000556558,0.011043499980587512,SoftVote,0.74,0.5576923076923077,0.5,0.8380281690140845,0.5272727272727272,0.6690140845070423,0.3496862312254077,0.7702768334142788,0.631451561303026,0.6473129726083374,0.4315201554152502,119,23,29,29,26.0,40.5,84.0,156.5
German Credit,R5_F4,5,4,AllFeatures,Unweighted,20,status;credit_history;purpose;savings;employment_duration;personal_status_sex;other_debtors;property;other_installment_plans;housing;job;telephone;foreign_worker;duration;amount;installment_rate;present_residence;age;number_credits;people_liable,1.0780100000556558,0.011043499980587512,Stack,0.735,0.5490196078431373,0.4827586206896552,0.8380281690140845,0.5137614678899083,0.6603933948518699,0.33396151462219986,0.7674842156386595,0.6237291494238818,0.6360544968572399,0.4463331714424478,119,23,30,28,26.5,41.5,86.5,161.5
German Credit,R5_F4,5,4,AllFeatures,Balanced,20,status;credit_history;purpose;savings;employment_duration;personal_status_sex;other_debtors;property;other_installment_plans;housing;job;telephone;foreign_worker;duration;amount;installment_rate;present_residence;age;number_credits;people_liable,1.1187582000275142,0.011353900015819818,SoftVote,0.715,0.5076923076923077,0.5689655172413793,0.7746478873239436,0.5365853658536586,0.6718067022826615,0.332893031409848,0.7714910150558524,0.6315866099983259,0.6638884965799673,0.43856240893637694,110,32,25,33,28.5,41.0,78.5,141.0
German Credit,R5_F4,5,4,AllFeatures,Balanced,20,status;credit_history;purpose;savings;employment_duration;personal_status_sex;other_debtors;property;other_installment_plans;housing;job;telephone;foreign_worker;duration;amount;installment_rate;present_residence;age;number_credits;people_liable,1.1187582000275142,0.011353900015819818,Stack,0.7,0.4883720930232558,0.7241379310344828,0.6901408450704225,0.5833333333333334,0.7071393880524526,0.37970752343442804,0.7637202525497815,0.6146751154363027,0.7069350491181529,0.4424477901894123,98,44,16,42,30.0,38.0,62.0,102.0
German Credit,R5_F4,5,4,FrozenChi2Top75,Unweighted,15,status;savings;credit_history;duration;housing;amount;other_installment_plans;property;employment_duration;other_debtors;purpose;personal_status_sex;foreign_worker;telephone;installment_rate,1.0455496999784373,0.011425199976656586,SoftVote,0.755,0.5918367346938775,0.5,0.8591549295774648,0.5420560747663551,0.6795774647887324,0.37892519870777114,0.7736765420106847,0.6050227435382617,0.6554215931663622,0.45798931520155417,122,20,29,29,24.5,39.0,82.5,155.0
German Credit,R5_F4,5,4,FrozenChi2Top75,Unweighted,15,status;savings;credit_history;duration;housing;amount;other_installment_plans;property;employment_duration;other_debtors;purpose;personal_status_sex;foreign_worker;telephone;installment_rate,1.0455496999784373,0.011425199976656586,Stack,0.76,0.6190476190476191,0.4482758620689655,0.8873239436619719,0.52,0.6677999028654686,0.37387521953594177,0.7710053423992229,0.5979803477129815,0.6306868523915055,0.4431762991743565,126,16,32,26,24.0,40.0,88.0,168.0
German Credit,R5_F4,5,4,FrozenChi2Top75,Balanced,15,status;savings;credit_history;duration;housing;amount;other_installment_plans;property;employment_duration;other_debtors;purpose;personal_status_sex;foreign_worker;telephone;installment_rate,1.0948730999953113,0.010431699978653342,SoftVote,0.73,0.5303030303030303,0.603448275862069,0.7816901408450704,0.5645161290322581,0.6925692083535697,0.3716641250136264,0.7722195240407965,0.5914130538005384,0.6868111587265713,0.4409907722195241,111,31,23,35,27.0,38.5,73.0,130.5
German Credit,R5_F4,5,4,FrozenChi2Top75,Balanced,15,status;savings;credit_history;duration;housing;amount;other_installment_plans;property;employment_duration;other_debtors;purpose;personal_status_sex;foreign_worker;telephone;installment_rate,1.0948730999953113,0.010431699978653342,Stack,0.71,0.5,0.7068965517241379,0.7112676056338029,0.5857142857142857,0.7090820786789704,0.38579539902267324,0.7640845070422534,0.5805898960940634,0.7090787105643627,0.4276347741622146,101,41,17,41,29.0,37.5,63.0,105.5
German Credit,R5_F5,5,5,AllFeatures,Unweighted,20,status;credit_history;purpose;savings;employment_duration;personal_status_sex;other_debtors;property;other_installment_plans;housing;job;telephone;foreign_worker;duration;amount;installment_rate;present_residence;age;number_credits;people_liable,1.0771806999691762,0.008996200049296021,SoftVote,0.805,0.75,0.47368421052631576,0.9370629370629371,0.5806451612903226,0.7053735737946264,0.48262168139490186,0.835357624831309,0.6347601658615962,0.6662371331261325,0.5166237271500429,134,9,30,27,19.5,34.5,79.5,154.5
German Credit,R5_F5,5,5,AllFeatures,Unweighted,20,status;credit_history;purpose;savings;employment_duration;personal_status_sex;other_debtors;property;other_installment_plans;housing;job;telephone;foreign_worker;duration;amount;installment_rate;present_residence;age;number_credits;people_liable,1.0771806999691762,0.008996200049296021,Stack,0.79,0.7419354838709677,0.40350877192982454,0.9440559440559441,0.5227272727272727,0.6737823579928843,0.43352777689982824,0.8397742608268923,0.653378265626921,0.6171992017323622,0.5059501901607164,135,8,34,23,21.0,38.0,89.0,174.0
German Credit,R5_F5,5,5,AllFeatures,Balanced,20,status;credit_history;purpose;savings;employment_duration;personal_status_sex;other_debtors;property;other_installment_plans;housing;job;telephone;foreign_worker;duration;amount;installment_rate;present_residence;age;number_credits;people_liable,1.098300100013148,0.010287300043273717,SoftVote,0.81,0.6938775510204082,0.5964912280701754,0.8951048951048951,0.6415094339622641,0.7457980615875353,0.5159734822167965,0.8462765304870568,0.6676959936859607,0.7306998139679142,0.5481536007851797,128,15,23,34,19.0,30.5,65.0,122.5
German Credit,R5_F5,5,5,AllFeatures,Balanced,20,status;credit_history;purpose;savings;employment_duration;personal_status_sex;other_debtors;property;other_installment_plans;housing;job;telephone;foreign_worker;duration;amount;installment_rate;present_residence;age;number_credits;people_liable,1.098300100013148,0.010287300043273717,Stack,0.765,0.5714285714285714,0.7017543859649122,0.7902097902097902,0.6299212598425197,0.7459820880873512,0.4656056373167749,0.8479941111520058,0.6707468504731624,0.7446698504116662,0.5481536007851797,113,30,17,40,23.5,32.0,57.5,100.0
German Credit,R5_F5,5,5,FrozenChi2Top75,Unweighted,15,status;duration;housing;credit_history;savings;amount;other_installment_plans;personal_status_sex;employment_duration;property;purpose;foreign_worker;other_debtors;installment_rate;number_credits,1.110423100006301,0.009196600003633648,SoftVote,0.8,0.717948717948718,0.49122807017543857,0.9230769230769231,0.5833333333333334,0.7071524966261808,0.4720417073745402,0.8284873021715127,0.636732066547631,0.6733804983414345,0.5268065268065267,132,11,29,28,20.0,34.5,78.0,150.5
German Credit,R5_F5,5,5,FrozenChi2Top75,Unweighted,15,status;duration;housing;credit_history;savings;amount;other_installment_plans;personal_status_sex;employment_duration;property;purpose;foreign_worker;other_debtors;installment_rate;number_credits,1.110423100006301,0.009196600003633648,Stack,0.795,0.7352941176470589,0.43859649122807015,0.9370629370629371,0.5494505494505495,0.6878297141455036,0.45144644480583573,0.8302048828364618,0.6376849314344483,0.6410869802574952,0.5407925407925407,134,9,32,25,20.5,36.5,84.5,164.5
German Credit,R5_F5,5,5,FrozenChi2Top75,Balanced,15,status;duration;housing;credit_history;savings;amount;other_installment_plans;personal_status_sex;employment_duration;property;purpose;foreign_worker;other_debtors;installment_rate;number_credits,1.0324692000285722,0.012475000054109842,SoftVote,0.83,0.7017543859649122,0.7017543859649122,0.8811188811188811,0.7017543859649122,0.7914366335418968,0.5828732670837934,0.8333946754999386,0.6513639067785759,0.7863390104666504,0.5828732670837934,126,17,17,40,17.0,25.5,51.0,93.5
German Credit,R5_F5,5,5,FrozenChi2Top75,Balanced,15,status;duration;housing;credit_history;savings;amount;other_installment_plans;personal_status_sex;employment_duration;property;purpose;foreign_worker;other_debtors;installment_rate;number_credits,1.0324692000285722,0.012475000054109842,Stack,0.765,0.5714285714285714,0.7017543859649122,0.7902097902097902,0.6299212598425197,0.7459820880873512,0.4656056373167749,0.8373205741626795,0.6646340104260477,0.7446698504116662,0.5549012391117654,113,30,17,40,23.5,32.0,57.5,100.0
