dataset,run_id,repeat,fold,feature_regime,weight_strategy,scale_pos_weight,source_features,transformed_features,feature_selection_runtime_seconds,model_runtime_seconds,accuracy,precision_adverse,recall_adverse,specificity,f1_adverse,balanced_accuracy,mcc,roc_auc,pr_auc,gmean,ks_statistic,tn,fp,fn,tp,cost_FN1_FP1_per100,cost_FN2_FP1_per100,cost_FN5_FP1_per100,cost_FN10_FP1_per100
Australian Credit Approval,R1_F1,1,1,AllFeatures,Unweighted,1.0,14,42,0.0,0.2760668999981135,0.8405797101449275,0.9041095890410958,0.8148148148148148,0.8771929824561403,0.8571428571428571,0.8460038986354775,0.6826102681188947,0.9287416071041802,0.9469172564880869,0.8454287891696468,0.7322936972059779,50,7,15,66,15.942028985507246,26.81159420289855,59.42028985507246,113.76811594202898
Australian Credit Approval,R1_F1,1,1,AllFeatures,Balanced,0.8278145695364238,14,42,0.0,0.2568727000034414,0.8478260869565217,0.9166666666666666,0.8148148148148148,0.8947368421052632,0.8627450980392157,0.854775828460039,0.6994001801312533,0.9315572882824344,0.9483142081425484,0.8538412231252319,0.7270955165692008,51,6,15,66,15.217391304347826,26.08695652173913,58.69565217391305,113.04347826086956
Australian Credit Approval,R1_F1,1,1,AllFeatures,Cost2,1.6556291390728477,14,42,0.0,0.25937009998597205,0.8188405797101449,0.868421052631579,0.8148148148148148,0.8245614035087719,0.8407643312101911,0.8196881091617934,0.6328980753553142,0.9285250162443144,0.946087835710327,0.8196736224275146,0.737491877842755,47,10,15,66,18.115942028985508,28.985507246376812,61.594202898550726,115.94202898550725
Australian Credit Approval,R1_F1,1,1,AllFeatures,Cost5,4.139072847682119,14,42,0.0,0.2550331999664195,0.8405797101449275,0.8641975308641975,0.8641975308641975,0.8070175438596491,0.8641975308641975,0.8356075373619233,0.6712150747238467,0.9252761533463288,0.9459496140713641,0.8351182962716108,0.7270955165692008,46,11,11,70,15.942028985507246,23.91304347826087,47.82608695652174,87.68115942028986
Australian Credit Approval,R1_F1,1,1,FrozenChi2Top75,Unweighted,1.0,11,36,0.02175610000267625,0.22737280000001192,0.855072463768116,0.9178082191780822,0.8271604938271605,0.8947368421052632,0.8701298701298701,0.8609486679662118,0.7120939041127624,0.9189950184102231,0.9503117771225328,0.8602853992490769,0.7322936972059779,51,6,14,67,14.492753623188406,24.63768115942029,55.072463768115945,105.79710144927536
Australian Credit Approval,R1_F1,1,1,FrozenChi2Top75,Balanced,0.8278145695364238,11,36,0.02175610000267625,0.23205260001122952,0.855072463768116,0.9178082191780822,0.8271604938271605,0.8947368421052632,0.8701298701298701,0.8609486679662118,0.7120939041127624,0.9166125189517003,0.9490030610700749,0.8602853992490769,0.7218973359324237,51,6,14,67,14.492753623188406,24.63768115942029,55.072463768115945,105.79710144927536
Australian Credit Approval,R1_F1,1,1,FrozenChi2Top75,Cost2,1.6556291390728477,11,36,0.02175610000267625,0.25230290001491085,0.855072463768116,0.9178082191780822,0.8271604938271605,0.8947368421052632,0.8701298701298701,0.8609486679662118,0.7120939041127624,0.9187784275503574,0.9509582723912499,0.8602853992490769,0.7342430149447693,51,6,14,67,14.492753623188406,24.63768115942029,55.072463768115945,105.79710144927536
Australian Credit Approval,R1_F1,1,1,FrozenChi2Top75,Cost5,4.139072847682119,11,36,0.02175610000267625,0.23870869999518618,0.8260869565217391,0.8607594936708861,0.8395061728395061,0.8070175438596491,0.85,0.8232618583495777,0.6434648776556792,0.9161793372319689,0.9487755137967742,0.8231015791868901,0.7218973359324237,46,11,13,68,17.391304347826086,26.81159420289855,55.072463768115945,102.17391304347827
Australian Credit Approval,R1_F2,1,2,AllFeatures,Unweighted,1.0,14,42,0.0,0.25826400000369176,0.855072463768116,0.9066666666666666,0.8395061728395061,0.8771929824561403,0.8717948717948718,0.8583495776478232,0.7084609602852625,0.9369720597790773,0.9471047518813246,0.8581427174680365,0.7569850552306693,50,7,13,68,14.492753623188406,23.91304347826087,52.17391304347826,99.27536231884058
Australian Credit Approval,R1_F2,1,2,AllFeatures,Balanced,0.8278145695364238,14,42,0.0,0.25262590002967045,0.8623188405797102,0.918918918918919,0.8395061728395061,0.8947368421052632,0.8774193548387097,0.8671215074723846,0.7249597817163093,0.9378384232185402,0.9492987272455853,0.8666816612887889,0.7569850552306693,51,6,13,68,13.768115942028986,23.18840579710145,51.44927536231884,98.55072463768116
Australian Credit Approval,R1_F2,1,2,AllFeatures,Cost2,1.6556291390728477,14,42,0.0,0.2587370000546798,0.8333333333333334,0.8625,0.8518518518518519,0.8070175438596491,0.8571428571428571,0.8294346978557505,0.657234393342203,0.9354559237600173,0.9453706951730466,0.8291317080016751,0.7641325536062378,46,11,12,69,16.666666666666668,25.36231884057971,51.44927536231884,94.92753623188406
Australian Credit Approval,R1_F2,1,2,AllFeatures,Cost5,4.139072847682119,14,42,0.0,0.26083980000112206,0.855072463768116,0.8674698795180723,0.8888888888888888,0.8070175438596491,0.8780487804878049,0.8479532163742689,0.6998587509534344,0.9369720597790773,0.9461171854359403,0.8469645375546981,0.7569850552306693,46,11,9,72,14.492753623188406,21.014492753623188,40.57971014492754,73.18840579710145
Australian Credit Approval,R1_F2,1,2,FrozenChi2Top75,Unweighted,1.0,11,37,0.0381385000073351,0.23950819997116923,0.8478260869565217,0.8846153846153846,0.8518518518518519,0.8421052631578947,0.8679245283018868,0.8469785575048733,0.6892704238533526,0.9315572882824344,0.9451552333715687,0.8469645375546981,0.7621832358674463,48,9,12,69,15.217391304347826,23.91304347826087,50.0,93.47826086956522
Australian Credit Approval,R1_F2,1,2,FrozenChi2Top75,Balanced,0.8278145695364238,11,37,0.0381385000073351,0.2355550000211224,0.8478260869565217,0.8846153846153846,0.8518518518518519,0.8421052631578947,0.8679245283018868,0.8469785575048733,0.6892704238533526,0.9293913796837774,0.9400560244806402,0.8469645375546981,0.7498375568551008,48,9,12,69,15.217391304347826,23.91304347826087,50.0,93.47826086956522
Australian Credit Approval,R1_F2,1,2,FrozenChi2Top75,Cost2,1.6556291390728477,11,37,0.0381385000073351,0.24067049997393042,0.8478260869565217,0.8846153846153846,0.8518518518518519,0.8421052631578947,0.8679245283018868,0.8469785575048733,0.6892704238533526,0.9309075157028373,0.9433425901672345,0.8469645375546981,0.7569850552306693,48,9,12,69,15.217391304347826,23.91304347826087,50.0,93.47826086956522
Australian Credit Approval,R1_F2,1,2,FrozenChi2Top75,Cost5,4.139072847682119,11,37,0.0381385000073351,0.24034009996103123,0.855072463768116,0.8588235294117647,0.9012345679012346,0.7894736842105263,0.8795180722891566,0.8453541260558805,0.6992414815334496,0.9233268356075374,0.9317988195111551,0.8435051716847203,0.7446393762183235,45,12,8,73,14.492753623188406,20.28985507246377,37.68115942028985,66.66666666666667
Australian Credit Approval,R1_F3,1,3,AllFeatures,Unweighted,1.0,14,42,0.0,0.2592112999991514,0.8695652173913043,0.9078947368421053,0.8625,0.8793103448275862,0.8846153846153846,0.8709051724137931,0.7361210464400549,0.934051724137931,0.9433906687929983,0.8708646119884498,0.7698275862068966,51,7,11,69,13.043478260869565,21.014492753623188,44.927536231884055,84.78260869565217
Australian Credit Approval,R1_F3,1,3,AllFeatures,Balanced,0.8217821782178217,14,42,0.0,0.25472670001909137,0.8768115942028986,0.9090909090909091,0.875,0.8793103448275862,0.89171974522293,0.8771551724137931,0.7497194432170575,0.9323275862068965,0.9423723558851604,0.8771525247778392,0.7620689655172415,51,7,10,70,12.318840579710145,19.565217391304348,41.30434782608695,77.53623188405797
Australian Credit Approval,R1_F3,1,3,AllFeatures,Cost2,1.6435643564356435,14,42,0.0,0.2618271000101231,0.8768115942028986,0.8888888888888888,0.9,0.8448275862068966,0.8944099378881988,0.8724137931034484,0.7466804942112601,0.9336206896551724,0.9435879678985717,0.8719775384642697,0.7685344827586207,49,9,8,72,12.318840579710145,18.115942028985508,35.507246376811594,64.4927536231884
Australian Credit Approval,R1_F3,1,3,AllFeatures,Cost5,4.108910891089109,14,42,0.0,0.2659872999647632,0.8623188405797102,0.8505747126436781,0.925,0.7758620689655172,0.8862275449101796,0.8504310344827586,0.7167155585435772,0.9299568965517242,0.9383863465496625,0.8471554838358206,0.7560344827586206,45,13,6,74,13.768115942028986,18.115942028985508,31.159420289855074,52.89855072463768
Australian Credit Approval,R1_F3,1,3,FrozenChi2Top75,Unweighted,1.0,11,37,0.037980400025844574,0.24115429999073967,0.8768115942028986,0.8888888888888888,0.9,0.8448275862068966,0.8944099378881988,0.8724137931034484,0.7466804942112601,0.9344827586206896,0.9487628443437309,0.8719775384642697,0.7793103448275862,49,9,8,72,12.318840579710145,18.115942028985508,35.507246376811594,64.4927536231884
Australian Credit Approval,R1_F3,1,3,FrozenChi2Top75,Balanced,0.8217821782178217,11,37,0.037980400025844574,0.23733159998664632,0.8840579710144928,0.9,0.9,0.8620689655172413,0.9,0.8810344827586207,0.7620689655172413,0.9338362068965517,0.9435103513656452,0.8808303292720552,0.7793103448275862,50,8,8,72,11.594202898550725,17.391304347826086,34.78260869565217,63.768115942028984
Australian Credit Approval,R1_F3,1,3,FrozenChi2Top75,Cost2,1.6435643564356435,11,37,0.037980400025844574,0.24046040000393987,0.8768115942028986,0.8705882352941177,0.925,0.8103448275862069,0.896969696969697,0.8676724137931034,0.746281429171255,0.9325431034482758,0.9443898155913575,0.865776510144068,0.7668103448275861,47,11,6,74,12.318840579710145,16.666666666666668,29.71014492753623,51.44927536231884
Australian Credit Approval,R1_F3,1,3,FrozenChi2Top75,Cost5,4.108910891089109,11,37,0.037980400025844574,0.24146799999289215,0.855072463768116,0.8409090909090909,0.925,0.7586206896551724,0.8809523809523809,0.8418103448275862,0.7020173572682915,0.9327586206896552,0.9485095142367488,0.8376897623410677,0.8043103448275862,44,14,6,74,14.492753623188406,18.840579710144926,31.884057971014492,53.6231884057971
Australian Credit Approval,R1_F4,1,4,AllFeatures,Unweighted,1.0,14,42,0.0,0.26318369997898117,0.8623188405797102,0.8076923076923077,0.9402985074626866,0.7887323943661971,0.8689655172413793,0.8645154509144419,0.7350038036331852,0.9217994534370402,0.8816515481189896,0.8611874901611184,0.7555181837292411,56,15,4,63,13.768115942028986,16.666666666666668,25.36231884057971,39.85507246376812
Australian Credit Approval,R1_F4,1,4,AllFeatures,Balanced,0.7468354430379747,14,42,0.0,0.2584894000319764,0.855072463768116,0.8051948051948052,0.9253731343283582,0.7887323943661971,0.8611111111111112,0.8570527643472776,0.7186520869021499,0.9199075047298717,0.8808409271681843,0.8543253290877888,0.7555181837292411,56,15,5,62,14.492753623188406,18.115942028985508,28.985507246376812,47.10144927536232
Australian Credit Approval,R1_F4,1,4,AllFeatures,Cost2,1.4936708860759493,14,42,0.0,0.3123300999868661,0.8695652173913043,0.810126582278481,0.9552238805970149,0.7887323943661971,0.8767123287671232,0.871978137481606,0.7515786513951523,0.9180155560227033,0.8712299419825978,0.8679954023490297,0.7456380071473617,56,15,3,64,13.043478260869565,15.217391304347826,21.73913043478261,32.608695652173914
Australian Credit Approval,R1_F4,1,4,AllFeatures,Cost5,3.7341772151898733,14,42,0.0,0.26108249998651445,0.855072463768116,0.7831325301204819,0.9701492537313433,0.7464788732394366,0.8666666666666667,0.85831406348539,0.7315432957884377,0.9159133907925163,0.8657044341095038,0.8509970163281734,0.7588816480975404,53,18,2,65,14.492753623188406,15.942028985507246,20.28985507246377,27.536231884057973
Australian Credit Approval,R1_F4,1,4,FrozenChi2Top75,Unweighted,1.0,11,37,0.03819240001030266,0.2400729000219144,0.8478260869565217,0.8026315789473685,0.9104477611940298,0.7887323943661971,0.8531468531468531,0.8495900777801135,0.7025108373018846,0.911709060332142,0.8618599544264596,0.847407601235622,0.7298717679209585,56,15,6,61,15.217391304347826,19.565217391304348,32.608695652173914,54.34782608695652
Australian Credit Approval,R1_F4,1,4,FrozenChi2Top75,Balanced,0.7468354430379747,11,37,0.03819240001030266,0.23549130000174046,0.8405797101449275,0.8082191780821918,0.8805970149253731,0.8028169014084507,0.8428571428571429,0.8417069581669119,0.6842775399930485,0.9138112255623292,0.8698599587268862,0.840808044033785,0.7298717679209585,57,14,8,59,15.942028985507246,21.73913043478261,39.130434782608695,68.1159420289855
Australian Credit Approval,R1_F4,1,4,FrozenChi2Top75,Cost2,1.4936708860759493,11,37,0.03819240001030266,0.23919049999676645,0.8405797101449275,0.7777777777777778,0.9402985074626866,0.7464788732394366,0.8513513513513513,0.8433886903510617,0.6971121007998781,0.9112886272861047,0.8701392448734518,0.8378024649996384,0.7174689930628547,53,18,4,63,15.942028985507246,18.840579710144926,27.536231884057973,42.028985507246375
Australian Credit Approval,R1_F4,1,4,FrozenChi2Top75,Cost5,3.7341772151898733,11,37,0.03819240001030266,0.23980270000174642,0.8333333333333334,0.75,0.9850746268656716,0.6901408450704225,0.8516129032258064,0.837607735968047,0.7020735677358526,0.907504729871768,0.8727582147966854,0.8245242479408994,0.6817321841496742,49,22,1,66,16.666666666666668,17.391304347826086,19.565217391304348,23.18840579710145
Australian Credit Approval,R1_F5,1,5,AllFeatures,Unweighted,1.0,14,42,0.0,0.2585440999828279,0.9202898550724637,0.9565217391304348,0.8918918918918919,0.953125,0.9230769230769231,0.9225084459459459,0.8427953808926898,0.9451013513513514,0.9548840161032203,0.9220002491645322,0.856418918918919,61,3,8,66,7.971014492753623,13.768115942028986,31.159420289855074,60.14492753623188
Australian Credit Approval,R1_F5,1,5,AllFeatures,Balanced,0.7864077669902912,14,42,0.0,0.2606532999780029,0.9202898550724637,0.9436619718309859,0.9054054054054054,0.9375,0.9241379310344827,0.9214527027027026,0.8410428247619354,0.9472128378378379,0.958572220076586,0.9213129585366568,0.856418918918919,60,4,7,67,7.971014492753623,13.043478260869565,28.26086956521739,53.6231884057971
Australian Credit Approval,R1_F5,1,5,AllFeatures,Cost2,1.5728155339805825,14,42,0.0,0.2547681999858469,0.9202898550724637,0.9436619718309859,0.9054054054054054,0.9375,0.9241379310344827,0.9214527027027026,0.8410428247619354,0.9474239864864865,0.9587109354771906,0.9213129585366568,0.8450168918918919,60,4,7,67,7.971014492753623,13.043478260869565,28.26086956521739,53.6231884057971
Australian Credit Approval,R1_F5,1,5,AllFeatures,Cost5,3.9320388349514563,14,42,0.0,0.2719689999939874,0.9202898550724637,0.9315068493150684,0.918918918918919,0.921875,0.9251700680272109,0.9203969594594594,0.8399961594993663,0.9459459459459459,0.9570677341959162,0.9203957726860649,0.8450168918918919,59,5,6,68,7.971014492753623,12.318840579710145,25.36231884057971,47.10144927536232
Australian Credit Approval,R1_F5,1,5,FrozenChi2Top75,Unweighted,1.0,11,37,0.03821389999939129,0.2392960999859497,0.8913043478260869,0.927536231884058,0.8648648648648649,0.921875,0.8951048951048951,0.8933699324324325,0.7846715615207802,0.9410895270270271,0.9551626817156764,0.8929150560368536,0.8023648648648649,59,5,10,64,10.869565217391305,18.115942028985508,39.85507246376812,76.08695652173913
Australian Credit Approval,R1_F5,1,5,FrozenChi2Top75,Balanced,0.7864077669902912,11,37,0.03821389999939129,0.23531089996686205,0.8985507246376812,0.9545454545454546,0.8513513513513513,0.953125,0.9,0.9022381756756757,0.803120872121694,0.9404560810810811,0.9541454780078743,0.9008020075226058,0.8158783783783784,61,3,11,63,10.144927536231885,18.115942028985508,42.028985507246375,81.8840579710145
Australian Credit Approval,R1_F5,1,5,FrozenChi2Top75,Cost2,1.5728155339805825,11,37,0.03821389999939129,0.24291050003375858,0.8913043478260869,0.927536231884058,0.8648648648648649,0.921875,0.8951048951048951,0.8933699324324325,0.7846715615207802,0.9408783783783785,0.9547460910551382,0.8929150560368536,0.8044763513513513,59,5,10,64,10.869565217391305,18.115942028985508,39.85507246376812,76.08695652173913
Australian Credit Approval,R1_F5,1,5,FrozenChi2Top75,Cost5,3.9320388349514563,11,37,0.03821389999939129,0.2418916000169702,0.9057971014492754,0.9066666666666666,0.918918918918919,0.890625,0.912751677852349,0.9047719594594594,0.8104856973673661,0.9442567567567568,0.9570527365588818,0.9046613521988005,0.809543918918919,57,7,6,68,9.420289855072463,13.768115942028986,26.81159420289855,48.55072463768116
Australian Credit Approval,R2_F1,2,1,AllFeatures,Unweighted,1.0,14,42,0.0,0.2629664000123739,0.8478260869565217,0.8513513513513513,0.863013698630137,0.8307692307692308,0.8571428571428571,0.8468914646996839,0.694441827491691,0.8998946259220232,0.886221752477256,0.8467379916799929,0.7262381454162276,54,11,10,63,15.217391304347826,22.463768115942027,44.20289855072464,80.43478260869566
Australian Credit Approval,R2_F1,2,1,AllFeatures,Balanced,0.7806451612903226,14,42,0.0,0.25467270001536235,0.8478260869565217,0.8513513513513513,0.863013698630137,0.8307692307692308,0.8571428571428571,0.8468914646996839,0.694441827491691,0.9017913593256058,0.8931556208387968,0.8467379916799929,0.7262381454162276,54,11,10,63,15.217391304347826,22.463768115942027,44.20289855072464,80.43478260869566
Australian Credit Approval,R2_F1,2,1,AllFeatures,Cost2,1.5612903225806452,14,42,0.0,0.2641711000469513,0.8333333333333334,0.8205128205128205,0.8767123287671232,0.7846153846153846,0.847682119205298,0.8306638566912539,0.6659044303677515,0.9047418335089568,0.8992753184019066,0.82938650883208,0.7245521601685985,51,14,9,64,16.666666666666668,23.18840579710145,42.7536231884058,75.3623188405797
Australian Credit Approval,R2_F1,2,1,AllFeatures,Cost5,3.903225806451613,14,42,0.0,0.2587677999981679,0.8333333333333334,0.8048780487804879,0.9041095890410958,0.7538461538461538,0.8516129032258064,0.8289778714436249,0.6688270827785756,0.9062170706006322,0.8993605582298618,0.8255661913826515,0.7262381454162276,49,16,7,66,16.666666666666668,21.73913043478261,36.95652173913044,62.31884057971015
Australian Credit Approval,R2_F1,2,1,FrozenChi2Top75,Unweighted,1.0,11,37,0.037896000023465604,0.2417221000068821,0.8115942028985508,0.8051948051948052,0.8493150684931506,0.7692307692307693,0.8266666666666667,0.80927291886196,0.6216983533884065,0.9032665964172814,0.9029604216661754,0.8082816857112808,0.6680716543730242,50,15,11,62,18.840579710144926,26.81159420289855,50.72463768115942,90.57971014492753
Australian Credit Approval,R2_F1,2,1,FrozenChi2Top75,Balanced,0.7806451612903226,11,37,0.037896000023465604,0.233556299994234,0.8115942028985508,0.8133333333333334,0.8356164383561644,0.7846153846153846,0.8243243243243243,0.8101159114857746,0.6215430967882567,0.9034773445732349,0.8955867295758402,0.8097144639758881,0.6680716543730242,51,14,12,61,18.840579710144926,27.536231884057973,53.6231884057971,97.10144927536231
Australian Credit Approval,R2_F1,2,1,FrozenChi2Top75,Cost2,1.5612903225806452,11,37,0.037896000023465604,0.24052920000394806,0.8115942028985508,0.7974683544303798,0.863013698630137,0.7538461538461538,0.8289473684210527,0.8084299262381454,0.6223935202904763,0.9055848261327714,0.9032347402051207,0.8065851210063775,0.6748155953635405,49,16,10,63,18.840579710144926,26.08695652173913,47.82608695652174,84.05797101449275
Australian Credit Approval,R2_F1,2,1,FrozenChi2Top75,Cost5,3.903225806451613,11,37,0.037896000023465604,0.24628119997214526,0.8043478260869565,0.7613636363636364,0.9178082191780822,0.676923076923077,0.8322981366459627,0.7973656480505795,0.6176075021619297,0.9062170706006323,0.9016439921886621,0.7882166984727722,0.6731296101159114,44,21,6,67,19.565217391304348,23.91304347826087,36.95652173913044,58.69565217391305
Australian Credit Approval,R2_F2,2,2,AllFeatures,Unweighted,1.0,14,42,0.0,0.2590134000056423,0.8405797101449275,0.9452054794520548,0.7931034482758621,0.9215686274509803,0.8625,0.8573360378634212,0.6910881071087144,0.9168356997971603,0.9376983636499537,0.8549264624833096,0.749154834347532,47,4,18,69,15.942028985507246,28.985507246376812,68.1159420289855,133.33333333333334
Australian Credit Approval,R2_F2,2,2,AllFeatures,Balanced,0.8648648648648649,14,42,0.0,0.2615288000088185,0.8478260869565217,0.9459459459459459,0.8045977011494253,0.9215686274509803,0.8695652173913043,0.8630831643002028,0.7028699478477669,0.914131169709263,0.9362510734184417,0.8610992968865379,0.737660581473969,47,4,17,70,15.217391304347826,27.536231884057973,64.4927536231884,126.08695652173913
Australian Credit Approval,R2_F2,2,2,AllFeatures,Cost2,1.7297297297297298,14,42,0.0,0.2586528999963775,0.8478260869565217,0.9230769230769231,0.8275862068965517,0.8823529411764706,0.8727272727272727,0.8549695740365111,0.6912623650661462,0.9127789046653144,0.9360173263027541,0.8545309378438276,0.749154834347532,45,6,15,72,15.217391304347826,26.08695652173913,58.69565217391305,113.04347826086956
Australian Credit Approval,R2_F2,2,2,AllFeatures,Cost5,4.324324324324325,14,42,0.0,0.2651280999998562,0.8333333333333334,0.8636363636363636,0.8735632183908046,0.7647058823529411,0.8685714285714285,0.8191345503718729,0.6409471140618049,0.9089474870407934,0.9303981012637933,0.8173242512678889,0.737660581473969,39,12,11,76,16.666666666666668,24.63768115942029,48.55072463768116,88.40579710144928
Australian Credit Approval,R2_F2,2,2,FrozenChi2Top75,Unweighted,1.0,11,37,0.03823109995573759,0.24615039996569976,0.8478260869565217,0.9230769230769231,0.8275862068965517,0.8823529411764706,0.8727272727272727,0.8549695740365111,0.6912623650661462,0.8988054992111787,0.9278412072608369,0.8545309378438276,0.7295469912102772,45,6,15,72,15.217391304347826,26.08695652173913,58.69565217391305,113.04347826086956
Australian Credit Approval,R2_F2,2,2,FrozenChi2Top75,Balanced,0.8648648648648649,11,37,0.03823109995573759,0.24038030003430322,0.855072463768116,0.935064935064935,0.8275862068965517,0.9019607843137255,0.8780487804878049,0.8647734956051386,0.7090677039927678,0.9012846517917512,0.9291403101379726,0.863973555301107,0.7295469912102772,46,5,15,72,14.492753623188406,25.36231884057971,57.971014492753625,112.31884057971014
Australian Credit Approval,R2_F2,2,2,FrozenChi2Top75,Cost2,1.7297297297297298,11,37,0.03823109995573759,0.24570309999398887,0.8260869565217391,0.8888888888888888,0.8275862068965517,0.8235294117647058,0.8571428571428571,0.8255578093306288,0.6382971278118316,0.8976786116745549,0.9282073595349033,0.8255553174379664,0.718052738336714,42,9,15,72,17.391304347826086,28.26086956521739,60.869565217391305,115.21739130434783
Australian Credit Approval,R2_F2,2,2,FrozenChi2Top75,Cost5,4.324324324324325,11,37,0.03823109995573759,0.24945179995847866,0.8188405797101449,0.8780487804878049,0.8275862068965517,0.803921568627451,0.8520710059171598,0.8157538877620014,0.6207582167990109,0.8949740815866577,0.9220279868979914,0.8156680707387767,0.6869506423258959,41,10,15,72,18.115942028985508,28.985507246376812,61.594202898550726,115.94202898550725
Australian Credit Approval,R2_F3,2,3,AllFeatures,Unweighted,1.0,14,42,0.0,0.2654010999831371,0.8840579710144928,0.8783783783783784,0.9027777777777778,0.8636363636363636,0.8904109589041096,0.8832070707070707,0.7677076683116035,0.9307659932659933,0.9242566475016017,0.882990213519786,0.7840909090909091,57,9,7,65,11.594202898550725,16.666666666666668,31.884057971014492,57.2463768115942
Australian Credit Approval,R2_F3,2,3,AllFeatures,Balanced,0.77491961414791,14,42,0.0,0.2628135000122711,0.8985507246376812,0.9027777777777778,0.9027777777777778,0.8939393939393939,0.9027777777777778,0.8983585858585859,0.7967171717171717,0.9337121212121211,0.9263617777804465,0.898347716381925,0.7979797979797979,59,7,7,65,10.144927536231885,15.217391304347826,30.434782608695652,55.79710144927536
Australian Credit Approval,R2_F3,2,3,AllFeatures,Cost2,1.54983922829582,14,42,0.0,0.2675543000223115,0.8768115942028986,0.8666666666666667,0.9027777777777778,0.8484848484848485,0.8843537414965986,0.8756313131313131,0.7534060332609398,0.9307659932659933,0.9265779222603917,0.8752104124113618,0.7840909090909091,56,10,7,65,12.318840579710145,17.391304347826086,32.608695652173914,57.971014492753625
Australian Credit Approval,R2_F3,2,3,AllFeatures,Cost5,3.87459807073955,14,42,0.0,0.2693417000118643,0.8840579710144928,0.8589743589743589,0.9305555555555556,0.8333333333333334,0.8933333333333333,0.8819444444444444,0.7697425291963289,0.9311868686868687,0.93120787414538,0.8806037491192977,0.7840909090909091,55,11,5,67,11.594202898550725,15.217391304347826,26.08695652173913,44.20289855072464
Australian Credit Approval,R2_F3,2,3,FrozenChi2Top75,Unweighted,1.0,11,37,0.03903310000896454,0.24154469999484718,0.8913043478260869,0.9014084507042254,0.8888888888888888,0.8939393939393939,0.8951048951048951,0.8914141414141414,0.7824167660659824,0.9305555555555556,0.9197986421920159,0.8914105645620286,0.8156565656565657,59,7,8,64,10.869565217391305,16.666666666666668,34.05797101449275,63.04347826086956
Australian Credit Approval,R2_F3,2,3,FrozenChi2Top75,Balanced,0.77491961414791,11,37,0.03903310000896454,0.24901589995715767,0.8768115942028986,0.8873239436619719,0.875,0.8787878787878788,0.8811188811188811,0.8768939393939394,0.7533916279699863,0.9307659932659933,0.9083699364098504,0.876891894100632,0.8156565656565657,58,8,9,63,12.318840579710145,18.840579710144926,38.405797101449274,71.01449275362319
Australian Credit Approval,R2_F3,2,3,FrozenChi2Top75,Cost2,1.54983922829582,11,37,0.03903310000896454,0.24684550001984462,0.8768115942028986,0.8767123287671232,0.8888888888888888,0.8636363636363636,0.8827586206896552,0.8762626262626263,0.7530801245411998,0.9290824915824916,0.9187505081318381,0.8761716542303613,0.7992424242424242,57,9,8,64,12.318840579710145,18.115942028985508,35.507246376811594,64.4927536231884
Australian Credit Approval,R2_F3,2,3,FrozenChi2Top75,Cost5,3.87459807073955,11,37,0.03903310000896454,0.2430129999993369,0.855072463768116,0.8333333333333334,0.9027777777777778,0.803030303030303,0.8666666666666667,0.8529040404040404,0.7112166509433848,0.9223484848484849,0.9003573795647999,0.8514446032819237,0.7853535353535354,53,13,7,65,14.492753623188406,19.565217391304348,34.78260869565217,60.14492753623188
Australian Credit Approval,R2_F4,2,4,AllFeatures,Unweighted,1.0,14,42,0.0,0.26791059999959543,0.8623188405797102,0.868421052631579,0.88,0.8412698412698413,0.8741721854304636,0.8606349206349206,0.7222641164819655,0.9261375661375661,0.9208141138139275,0.8604170269802083,0.7447619047619047,53,10,9,66,13.768115942028986,20.28985507246377,39.85507246376812,72.46376811594203
Australian Credit Approval,R2_F4,2,4,AllFeatures,Balanced,0.7922077922077922,14,42,0.0,0.26138939999509603,0.8768115942028986,0.881578947368421,0.8933333333333333,0.8571428571428571,0.8874172185430463,0.8752380952380951,0.7515107268324677,0.9341798941798942,0.9317438307134296,0.8750510189207745,0.7714285714285715,54,9,8,67,12.318840579710145,18.115942028985508,35.507246376811594,64.4927536231884
Australian Credit Approval,R2_F4,2,4,AllFeatures,Cost2,1.5844155844155845,14,42,0.0,0.2681979000335559,0.855072463768116,0.8481012658227848,0.8933333333333333,0.8095238095238095,0.8701298701298701,0.8514285714285714,0.7076661424086023,0.9278306878306879,0.9245814346955562,0.8503967328104002,0.7714285714285715,51,12,8,67,14.492753623188406,20.28985507246377,37.68115942028985,66.66666666666667
Australian Credit Approval,R2_F4,2,4,AllFeatures,Cost5,3.961038961038961,14,42,0.0,0.26797090005129576,0.8478260869565217,0.8292682926829268,0.9066666666666666,0.7777777777777778,0.8662420382165605,0.8422222222222222,0.6942856186939228,0.9261375661375661,0.917583089017687,0.8397530501196082,0.7473015873015874,49,14,7,68,15.217391304347826,20.28985507246377,35.507246376811594,60.869565217391305
Australian Credit Approval,R2_F4,2,4,FrozenChi2Top75,Unweighted,1.0,11,37,0.0386902000172995,0.24432979995617643,0.8405797101449275,0.8533333333333334,0.8533333333333334,0.8253968253968254,0.8533333333333334,0.8393650793650793,0.6787301587301587,0.9161904761904762,0.9081723529122141,0.8392488453007394,0.7320634920634921,52,11,11,64,15.942028985507246,23.91304347826087,47.82608695652174,87.68115942028986
Australian Credit Approval,R2_F4,2,4,FrozenChi2Top75,Balanced,0.7922077922077922,11,37,0.0386902000172995,0.2366821999894455,0.855072463768116,0.8767123287671232,0.8533333333333334,0.8571428571428571,0.8648648648648649,0.8552380952380952,0.7089772938899687,0.9161904761904762,0.9046209880113605,0.855235974119758,0.7346031746031746,54,9,11,64,14.492753623188406,22.463768115942027,46.3768115942029,86.23188405797102
Australian Credit Approval,R2_F4,2,4,FrozenChi2Top75,Cost2,1.5844155844155845,11,37,0.0386902000172995,0.2725108999875374,0.8623188405797102,0.8589743589743589,0.8933333333333333,0.8253968253968254,0.8758169934640523,0.8593650793650793,0.7221773255510654,0.9123809523809524,0.9024299655784518,0.8586934827716449,0.7346031746031746,52,11,8,67,13.768115942028986,19.565217391304348,36.95652173913044,65.94202898550725
Australian Credit Approval,R2_F4,2,4,FrozenChi2Top75,Cost5,3.961038961038961,11,37,0.0386902000172995,0.2544227000325918,0.8333333333333334,0.8095238095238095,0.9066666666666666,0.746031746031746,0.8553459119496856,0.8263492063492064,0.6661575279315098,0.9094179894179895,0.9008011003524238,0.8224366944647572,0.713015873015873,47,16,7,68,16.666666666666668,21.73913043478261,36.95652173913044,62.31884057971015
Australian Credit Approval,R2_F5,2,5,AllFeatures,Unweighted,1.0,14,42,0.0,0.26613339997129515,0.9057971014492754,0.8987341772151899,0.9342105263157895,0.8709677419354839,0.9161290322580645,0.9025891341256367,0.8095713569330298,0.9785653650254669,0.9824965916378956,0.9020350506480461,0.8565365025466893,54,8,5,71,9.420289855072463,13.043478260869565,23.91304347826087,42.028985507246375
Australian Credit Approval,R2_F5,2,5,AllFeatures,Balanced,0.7980456026058632,14,42,0.0,0.2670980999828316,0.9057971014492754,0.8987341772151899,0.9342105263157895,0.8709677419354839,0.9161290322580645,0.9025891341256367,0.8095713569330298,0.9779286926994907,0.9819399542447871,0.9020350506480461,0.8624787775891342,54,8,5,71,9.420289855072463,13.043478260869565,23.91304347826087,42.028985507246375
Australian Credit Approval,R2_F5,2,5,AllFeatures,Cost2,1.5960912052117264,14,42,0.0,0.2672498999745585,0.9202898550724637,0.891566265060241,0.9736842105263158,0.8548387096774194,0.9308176100628931,0.9142614601018676,0.8417570785527269,0.9798387096774195,0.9840077449336883,0.9123283148952424,0.8786078098471987,53,9,2,74,7.971014492753623,9.420289855072463,13.768115942028986,21.014492753623188
Australian Credit Approval,R2_F5,2,5,AllFeatures,Cost5,3.990228013029316,14,42,0.0,0.27133919997140765,0.9057971014492754,0.8539325842696629,1.0,0.7903225806451613,0.9212121212121213,0.8951612903225806,0.821512144582776,0.9802631578947367,0.9833465992884067,0.8890008890013334,0.8595076400679118,49,13,0,76,9.420289855072463,9.420289855072463,9.420289855072463,9.420289855072463
Australian Credit Approval,R2_F5,2,5,FrozenChi2Top75,Unweighted,1.0,11,35,0.03796739998506382,0.25185150001198053,0.9057971014492754,0.8987341772151899,0.9342105263157895,0.8709677419354839,0.9161290322580645,0.9025891341256367,0.8095713569330298,0.9800509337860781,0.9834648294010678,0.9020350506480461,0.8887945670628183,54,8,5,71,9.420289855072463,13.043478260869565,23.91304347826087,42.028985507246375
Australian Credit Approval,R2_F5,2,5,FrozenChi2Top75,Balanced,0.7980456026058632,11,35,0.03796739998506382,0.25326699996367097,0.9130434782608695,0.9102564102564102,0.9342105263157895,0.8870967741935484,0.922077922077922,0.9106536502546689,0.8241104052471173,0.9781409168081494,0.9826520776896653,0.9103489135009686,0.8756366723259763,55,7,5,71,8.695652173913043,12.318840579710145,23.18840579710145,41.30434782608695
Australian Credit Approval,R2_F5,2,5,FrozenChi2Top75,Cost2,1.5960912052117264,11,35,0.03796739998506382,0.26076500001363456,0.9202898550724637,0.9012345679012346,0.9605263157894737,0.8709677419354839,0.9299363057324841,0.9157470288624787,0.8400049658679272,0.9817487266553481,0.9849031942915261,0.914651538200624,0.8887945670628183,54,8,3,73,7.971014492753623,10.144927536231885,16.666666666666668,27.536231884057973
Australian Credit Approval,R2_F5,2,5,FrozenChi2Top75,Cost5,3.990228013029316,11,35,0.03796739998506382,0.25855899997986853,0.9057971014492754,0.8705882352941177,0.9736842105263158,0.8225806451612904,0.9192546583850931,0.8981324278438031,0.8143531697835359,0.981748726655348,0.9846404741017069,0.8949490410509967,0.885823429541596,51,11,2,74,9.420289855072463,10.869565217391305,15.217391304347826,22.463768115942027
Australian Credit Approval,R3_F1,3,1,AllFeatures,Unweighted,1.0,14,42,0.0,0.27141079999273643,0.8115942028985508,0.8026315789473685,0.8472222222222222,0.7727272727272727,0.8243243243243243,0.8099747474747474,0.6225752987168809,0.9105639730639731,0.9167151334441678,0.809117863584606,0.7007575757575757,51,15,11,61,18.840579710144926,26.81159420289855,50.72463768115942,90.57971014492753
Australian Credit Approval,R3_F1,3,1,AllFeatures,Balanced,0.77491961414791,14,42,0.0,0.2637916000094265,0.8115942028985508,0.8026315789473685,0.8472222222222222,0.7727272727272727,0.8243243243243243,0.8099747474747474,0.6225752987168809,0.9116161616161617,0.9197132029082281,0.809117863584606,0.7159090909090908,51,15,11,61,18.840579710144926,26.81159420289855,50.72463768115942,90.57971014492753
Australian Credit Approval,R3_F1,3,1,AllFeatures,Cost2,1.54983922829582,14,42,0.0,0.275074900011532,0.8115942028985508,0.8026315789473685,0.8472222222222222,0.7727272727272727,0.8243243243243243,0.8099747474747474,0.6225752987168809,0.9021464646464648,0.9087864403259034,0.809117863584606,0.7146464646464646,51,15,11,61,18.840579710144926,26.81159420289855,50.72463768115942,90.57971014492753
Australian Credit Approval,R3_F1,3,1,AllFeatures,Cost5,3.87459807073955,14,42,0.0,0.26551260001724586,0.7971014492753623,0.7619047619047619,0.8888888888888888,0.696969696969697,0.8205128205128205,0.7929292929292929,0.5996453800345701,0.9048821548821548,0.9072247490033628,0.7871014035869962,0.7007575757575757,46,20,8,64,20.28985507246377,26.08695652173913,43.47826086956522,72.46376811594203
Australian Credit Approval,R3_F1,3,1,FrozenChi2Top75,Unweighted,1.0,11,37,0.039082399976905435,0.23997760005295277,0.8115942028985508,0.8026315789473685,0.8472222222222222,0.7727272727272727,0.8243243243243243,0.8099747474747474,0.6225752987168809,0.9143518518518519,0.934252866616817,0.809117863584606,0.6994949494949495,51,15,11,61,18.840579710144926,26.81159420289855,50.72463768115942,90.57971014492753
Australian Credit Approval,R3_F1,3,1,FrozenChi2Top75,Balanced,0.77491961414791,11,37,0.039082399976905435,0.24189940001815557,0.8260869565217391,0.8243243243243243,0.8472222222222222,0.803030303030303,0.8356164383561644,0.8251262626262625,0.6513499986498777,0.9154040404040404,0.9348796734986539,0.8248303570099235,0.6982323232323232,53,13,11,61,17.391304347826086,25.36231884057971,49.27536231884058,89.1304347826087
Australian Credit Approval,R3_F1,3,1,FrozenChi2Top75,Cost2,1.54983922829582,11,37,0.039082399976905435,0.24077309999847785,0.8115942028985508,0.7875,0.875,0.7424242424242424,0.8289473684210527,0.8087121212121212,0.6248314819835368,0.9067760942760943,0.9291123114483614,0.8059908263257171,0.6742424242424242,49,17,9,63,18.840579710144926,25.36231884057971,44.927536231884055,77.53623188405797
Australian Credit Approval,R3_F1,3,1,FrozenChi2Top75,Cost5,3.87459807073955,11,37,0.039082399976905435,0.24943740002345294,0.7971014492753623,0.7619047619047619,0.8888888888888888,0.696969696969697,0.8205128205128205,0.7929292929292929,0.5996453800345701,0.9046717171717171,0.9251303640741082,0.7871014035869962,0.6590909090909091,46,20,8,64,20.28985507246377,26.08695652173913,43.47826086956522,72.46376811594203
Australian Credit Approval,R3_F2,3,2,AllFeatures,Unweighted,1.0,14,42,0.0,0.2617296000244096,0.8768115942028986,0.8933333333333333,0.881578947368421,0.8709677419354839,0.8874172185430463,0.8762733446519524,0.7515107268324677,0.9293293718166384,0.9355792333170568,0.8762572824960341,0.765704584040747,54,8,9,67,12.318840579710145,18.840579710144926,38.405797101449274,71.01449275362319
Australian Credit Approval,R3_F2,3,2,AllFeatures,Balanced,0.7980456026058632,14,42,0.0,0.2640463999705389,0.8768115942028986,0.8933333333333333,0.881578947368421,0.8709677419354839,0.8874172185430463,0.8762733446519524,0.7515107268324677,0.9325127334465195,0.9404071893178632,0.8762572824960341,0.765704584040747,54,8,9,67,12.318840579710145,18.840579710144926,38.405797101449274,71.01449275362319
Australian Credit Approval,R3_F2,3,2,AllFeatures,Cost2,1.5960912052117264,14,42,0.0,0.26498749997699633,0.8695652173913043,0.8717948717948718,0.8947368421052632,0.8387096774193549,0.8831168831168831,0.866723259762309,0.7359497572439373,0.9291171477079796,0.9365815300857073,0.8662704244156773,0.765704584040747,52,10,8,68,13.043478260869565,18.840579710144926,36.231884057971016,65.21739130434783
Australian Credit Approval,R3_F2,3,2,AllFeatures,Cost5,3.990228013029316,14,42,0.0,0.2846494000405073,0.8768115942028986,0.8734177215189873,0.9078947368421053,0.8387096774193549,0.8903225806451613,0.8733022071307301,0.7506779213733261,0.9284804753820033,0.9349579422984571,0.8726168127348751,0.7627334465195247,52,10,7,69,12.318840579710145,17.391304347826086,32.608695652173914,57.971014492753625
Australian Credit Approval,R3_F2,3,2,FrozenChi2Top75,Unweighted,1.0,11,37,0.03944719996070489,0.24614399997517467,0.8768115942028986,0.9041095890410958,0.868421052631579,0.8870967741935484,0.8859060402684564,0.8777589134125636,0.7528860472241714,0.9168081494057725,0.913704725513597,0.8777092425349293,0.7584889643463497,55,7,10,66,12.318840579710145,19.565217391304348,41.30434782608695,77.53623188405797
Australian Credit Approval,R3_F2,3,2,FrozenChi2Top75,Balanced,0.7980456026058632,11,37,0.03944719996070489,0.2468535000225529,0.8695652173913043,0.9027777777777778,0.8552631578947368,0.8870967741935484,0.8783783783783784,0.8711799660441426,0.7392289188430581,0.9151103565365025,0.9042372359313138,0.8710345506666245,0.7584889643463497,55,7,11,65,13.043478260869565,21.014492753623188,44.927536231884055,84.78260869565217
Australian Credit Approval,R3_F2,3,2,FrozenChi2Top75,Cost2,1.5960912052117264,11,37,0.03944719996070489,0.24660140002379194,0.8405797101449275,0.8552631578947368,0.8552631578947368,0.8225806451612904,0.8552631578947368,0.8389219015280136,0.6778438030560272,0.9153225806451613,0.9093646494385388,0.8387627317684871,0.7614601018675721,51,11,11,65,15.942028985507246,23.91304347826087,47.82608695652174,87.68115942028986
Australian Credit Approval,R3_F2,3,2,FrozenChi2Top75,Cost5,3.990228013029316,11,37,0.03944719996070489,0.2555152999702841,0.8695652173913043,0.8717948717948718,0.8947368421052632,0.8387096774193549,0.8831168831168831,0.866723259762309,0.7359497572439373,0.9121392190152801,0.9069956464589151,0.8662704244156773,0.74830220713073,52,10,8,68,13.043478260869565,18.840579710144926,36.231884057971016,65.21739130434783
Australian Credit Approval,R3_F3,3,3,AllFeatures,Unweighted,1.0,14,42,0.0,0.3207673000288196,0.8913043478260869,0.8961038961038961,0.9078947368421053,0.8709677419354839,0.9019607843137255,0.8894312393887946,0.7801051469274306,0.9617996604414261,0.9740906255348891,0.8892395790013391,0.8111205432937182,54,8,7,69,10.869565217391305,15.942028985507246,31.159420289855074,56.52173913043478
Australian Credit Approval,R3_F3,3,3,AllFeatures,Balanced,0.7980456026058632,14,42,0.0,0.26345900003798306,0.8913043478260869,0.9066666666666666,0.8947368421052632,0.8870967741935484,0.9006622516556292,0.8909168081494058,0.7807573371829698,0.9613752122241086,0.9735801121342216,0.8909086184248647,0.7920203735144312,55,7,8,68,10.869565217391305,16.666666666666668,34.05797101449275,63.04347826086956
Australian Credit Approval,R3_F3,3,3,AllFeatures,Cost2,1.5960912052117264,14,42,0.0,0.2655953000066802,0.8768115942028986,0.8554216867469879,0.9342105263157895,0.8064516129032258,0.8930817610062893,0.8703310696095077,0.752492880161121,0.9601018675721562,0.9729938321864176,0.8679836321835451,0.797962648556876,50,12,5,71,12.318840579710145,15.942028985507246,26.81159420289855,44.927536231884055
Australian Credit Approval,R3_F3,3,3,AllFeatures,Cost5,3.990228013029316,14,42,0.0,0.2667980999685824,0.8478260869565217,0.8089887640449438,0.9473684210526315,0.7258064516129032,0.8727272727272727,0.8365874363327674,0.699741278898111,0.9617996604414261,0.9737915219475922,0.829220183096341,0.8140916808149405,45,17,4,72,15.217391304347826,18.115942028985508,26.81159420289855,41.30434782608695
Australian Credit Approval,R3_F3,3,3,FrozenChi2Top75,Unweighted,1.0,11,37,0.03960289998212829,0.24735510000027716,0.8478260869565217,0.8571428571428571,0.868421052631579,0.8225806451612904,0.8627450980392157,0.8455008488964346,0.6921041848489684,0.9410016977928692,0.9567910137246585,0.8451901263889274,0.7775891341256367,51,11,10,66,15.217391304347826,22.463768115942027,44.20289855072464,80.43478260869566
Australian Credit Approval,R3_F3,3,3,FrozenChi2Top75,Balanced,0.7980456026058632,11,37,0.03960289998212829,0.2503256000345573,0.8623188405797102,0.88,0.868421052631579,0.8548387096774194,0.8741721854304636,0.8616298811544991,0.7222641164819655,0.9390916808149405,0.9551656950821942,0.8616031175014894,0.767402376910017,53,9,10,66,13.768115942028986,21.014492753623188,42.7536231884058,78.98550724637681
Australian Credit Approval,R3_F3,3,3,FrozenChi2Top75,Cost2,1.5960912052117264,11,37,0.03960289998212829,0.25320239999564365,0.855072463768116,0.8589743589743589,0.881578947368421,0.8225806451612904,0.8701298701298701,0.8520797962648556,0.7065628745762107,0.9410016977928692,0.9565832244416776,0.851569010290374,0.7877758913412564,51,11,9,67,14.492753623188406,21.014492753623188,40.57971014492754,73.18840579710145
Australian Credit Approval,R3_F3,3,3,FrozenChi2Top75,Cost5,3.990228013029316,11,37,0.03960289998212829,0.2500270999735221,0.8405797101449275,0.813953488372093,0.9210526315789473,0.7419354838709677,0.8641975308641975,0.8314940577249575,0.6805460018352462,0.9422750424448216,0.9593482915931164,0.8266568997360116,0.7877758913412564,46,16,6,70,15.942028985507246,20.28985507246377,33.333333333333336,55.072463768115945
Australian Credit Approval,R3_F4,3,4,AllFeatures,Unweighted,1.0,14,42,0.0,0.2770530999987386,0.8913043478260869,0.8933333333333333,0.9054054054054054,0.875,0.8993288590604027,0.8902027027027026,0.7813132857250352,0.9284206081081081,0.9092611680835676,0.8900728788867402,0.8074324324324325,56,8,7,67,10.869565217391305,15.942028985507246,31.159420289855074,56.52173913043478
Australian Credit Approval,R3_F4,3,4,AllFeatures,Balanced,0.7864077669902912,14,42,0.0,0.2644459999864921,0.8768115942028986,0.8904109589041096,0.8783783783783784,0.875,0.8843537414965986,0.8766891891891893,0.7526635602947612,0.9286317567567568,0.9016660108671208,0.8766875618377856,0.8053209459459459,56,8,9,65,12.318840579710145,18.840579710144926,38.405797101449274,71.01449275362319
Australian Credit Approval,R3_F4,3,4,AllFeatures,Cost2,1.5728155339805825,14,42,0.0,0.2691415000008419,0.8768115942028986,0.8701298701298701,0.9054054054054054,0.84375,0.8874172185430463,0.8745777027027026,0.7522591591553982,0.9282094594594594,0.9107264979757477,0.8740342160412319,0.7804054054054054,54,10,7,67,12.318840579710145,17.391304347826086,32.608695652173914,57.971014492753625
Australian Credit Approval,R3_F4,3,4,AllFeatures,Cost5,3.9320388349514563,14,42,0.0,0.2673132999916561,0.8840579710144928,0.8625,0.9324324324324325,0.828125,0.8961038961038961,0.8802787162162162,0.7683849878632619,0.9271537162162162,0.9139390704398032,0.8787323870827273,0.7732263513513513,53,11,5,69,11.594202898550725,15.217391304347826,26.08695652173913,44.20289855072464
Australian Credit Approval,R3_F4,3,4,FrozenChi2Top75,Unweighted,1.0,11,37,0.03924610000103712,0.2511433000327088,0.9057971014492754,0.9066666666666666,0.918918918918919,0.890625,0.912751677852349,0.9047719594594594,0.8104856973673661,0.9343327702702703,0.9357990946574605,0.9046613521988005,0.809543918918919,57,7,6,68,9.420289855072463,13.768115942028986,26.81159420289855,48.55072463768116
Australian Credit Approval,R3_F4,3,4,FrozenChi2Top75,Balanced,0.7864077669902912,11,37,0.03924610000103712,0.2530174000421539,0.8985507246376812,0.9054054054054054,0.9054054054054054,0.890625,0.9054054054054054,0.8980152027027026,0.7960304054054054,0.9339104729729729,0.9334488591949502,0.8979847934064302,0.809543918918919,57,7,7,67,10.144927536231885,15.217391304347826,30.434782608695652,55.79710144927536
Australian Credit Approval,R3_F4,3,4,FrozenChi2Top75,Cost2,1.5728155339805825,11,37,0.03924610000103712,0.2488199999788776,0.8913043478260869,0.8831168831168831,0.918918918918919,0.859375,0.9006622516556292,0.8891469594594594,0.7815183936434041,0.9355996621621623,0.9412667859426123,0.8886483815018997,0.8116554054054054,55,9,6,68,10.869565217391305,15.217391304347826,28.26086956521739,50.0
Australian Credit Approval,R3_F4,3,4,FrozenChi2Top75,Cost5,3.9320388349514563,11,37,0.03924610000103712,0.25518320000264794,0.8623188405797102,0.8395061728395061,0.918918918918919,0.796875,0.8774193548387097,0.8578969594594594,0.7249597817163093,0.9385557432432432,0.9436967634728942,0.8557239703978811,0.809543918918919,51,13,6,68,13.768115942028986,18.115942028985508,31.159420289855074,52.89855072463768
Australian Credit Approval,R3_F5,3,5,AllFeatures,Unweighted,1.0,14,42,0.0,0.2663427999941632,0.8913043478260869,0.9166666666666666,0.9058823529411765,0.8679245283018868,0.9112426035502958,0.8869034406215317,0.7711581666508851,0.9258601553829079,0.9278972082706791,0.8867003517950548,0.7784683684794673,46,7,8,77,10.869565217391305,16.666666666666668,34.05797101449275,63.04347826086956
Australian Credit Approval,R3_F5,3,5,AllFeatures,Balanced,0.8523489932885906,14,42,0.0,0.26526370004285127,0.8840579710144928,0.9058823529411765,0.9058823529411765,0.8490566037735849,0.9058823529411765,0.8774694783573807,0.7549389567147614,0.9254162042175361,0.922842384578042,0.8770093465902512,0.7784683684794673,45,8,8,77,11.594202898550725,17.391304347826086,34.78260869565217,63.768115942028984
Australian Credit Approval,R3_F5,3,5,AllFeatures,Cost2,1.7046979865771812,14,42,0.0,0.2682201000279747,0.8985507246376812,0.9080459770114943,0.9294117647058824,0.8490566037735849,0.9186046511627907,0.8892341842397337,0.7844109613523519,0.9278579356270811,0.9292685920540016,0.8883260642626618,0.7784683684794673,45,8,6,79,10.144927536231885,14.492753623188406,27.536231884057973,49.27536231884058
Australian Credit Approval,R3_F5,3,5,AllFeatures,Cost5,4.2617449664429525,14,42,0.0,0.2709731999784708,0.8840579710144928,0.8791208791208791,0.9411764705882353,0.7924528301886793,0.9090909090909091,0.8668146503884573,0.7529297215228129,0.9269700332963375,0.93052538674487,0.8636191045968352,0.7667036625971143,42,11,5,80,11.594202898550725,15.217391304347826,26.08695652173913,44.20289855072464
Australian Credit Approval,R3_F5,3,5,FrozenChi2Top75,Unweighted,1.0,11,37,0.03960620000725612,0.2529363000066951,0.855072463768116,0.8823529411764706,0.8823529411764706,0.8113207547169812,0.8823529411764706,0.8468368479467259,0.6936736958934517,0.9223085460599334,0.911521061525927,0.8460917528034665,0.7480577136514983,43,10,10,75,14.492753623188406,21.73913043478261,43.47826086956522,79.71014492753623
Australian Credit Approval,R3_F5,3,5,FrozenChi2Top75,Balanced,0.8523489932885906,11,37,0.03960620000725612,0.24561799998627976,0.8478260869565217,0.8902439024390244,0.8588235294117647,0.8301886792452831,0.874251497005988,0.8445061043285238,0.6824539868586954,0.9207547169811321,0.9144337215519147,0.8443847296032333,0.7362930077691454,44,9,12,73,15.217391304347826,23.91304347826087,50.0,93.47826086956522
Australian Credit Approval,R3_F5,3,5,FrozenChi2Top75,Cost2,1.7046979865771812,11,37,0.03960620000725612,0.24855730001581833,0.855072463768116,0.8571428571428571,0.9176470588235294,0.7547169811320755,0.8863636363636364,0.8361820199778025,0.6900526857768835,0.9245283018867925,0.9190579915006285,0.8322041924792389,0.7833518312985571,40,13,7,78,14.492753623188406,19.565217391304348,34.78260869565217,60.14492753623188
Australian Credit Approval,R3_F5,3,5,FrozenChi2Top75,Cost5,4.2617449664429525,11,37,0.03960620000725612,0.2510605999850668,0.8768115942028986,0.8617021276595744,0.9529411764705882,0.7547169811320755,0.9050279329608939,0.8538290788013319,0.7385512712600321,0.9271920088790233,0.9286023573400208,0.8480571253767819,0.7598224195338513,40,13,4,81,12.318840579710145,15.217391304347826,23.91304347826087,38.405797101449274
Australian Credit Approval,R4_F1,4,1,AllFeatures,Unweighted,1.0,14,42,0.0,0.2679501000093296,0.8623188405797102,0.8666666666666667,0.8783783783783784,0.84375,0.87248322147651,0.8610641891891893,0.7229684624403735,0.9275760135135136,0.9310625099846452,0.8608900956316996,0.7356418918918919,54,10,9,65,13.768115942028986,20.28985507246377,39.85507246376812,72.46376811594203
Australian Credit Approval,R4_F1,4,1,AllFeatures,Balanced,0.7864077669902912,14,42,0.0,0.2647881000302732,0.855072463768116,0.875,0.8513513513513513,0.859375,0.863013698630137,0.8553631756756757,0.7095288334807407,0.9292652027027026,0.9316984323377122,0.8553537674948112,0.7263513513513513,55,9,11,63,14.492753623188406,22.463768115942027,46.3768115942029,86.23188405797102
Australian Credit Approval,R4_F1,4,1,AllFeatures,Cost2,1.5728155339805825,14,42,0.0,0.2695022999541834,0.8478260869565217,0.8271604938271605,0.9054054054054054,0.78125,0.864516129032258,0.8433277027027026,0.6954481445844949,0.9258868243243243,0.9312909736581643,0.8410398165205812,0.7242398648648649,50,14,7,67,15.217391304347826,20.28985507246377,35.507246376811594,60.869565217391305
Australian Credit Approval,R4_F1,4,1,AllFeatures,Cost5,3.9320388349514563,14,42,0.0,0.27556449995609,0.8188405797101449,0.788235294117647,0.9054054054054054,0.71875,0.8427672955974843,0.8120777027027026,0.6399575766978643,0.9258868243243243,0.9313837263443994,0.8066970528861098,0.7263513513513513,46,18,7,67,18.115942028985508,23.18840579710145,38.405797101449274,63.768115942028984
Australian Credit Approval,R4_F1,4,1,FrozenChi2Top75,Unweighted,1.0,11,36,0.039670799975283444,0.2426765999989584,0.8478260869565217,0.8441558441558441,0.8783783783783784,0.8125,0.8609271523178808,0.8454391891891893,0.6937406901793864,0.9330658783783784,0.9432364545740992,0.844797272978809,0.7440878378378378,52,12,9,65,15.217391304347826,21.73913043478261,41.30434782608695,73.91304347826087
Australian Credit Approval,R4_F1,4,1,FrozenChi2Top75,Balanced,0.7864077669902912,11,36,0.039670799975283444,0.24068280000938103,0.855072463768116,0.8552631578947368,0.8783783783783784,0.828125,0.8666666666666667,0.8532516891891893,0.7083003377328887,0.9360219594594594,0.9460268459842585,0.8528816416095464,0.7461993243243243,53,11,9,65,14.492753623188406,21.014492753623188,40.57971014492754,73.18840579710145
Australian Credit Approval,R4_F1,4,1,FrozenChi2Top75,Cost2,1.5728155339805825,11,36,0.039670799975283444,0.24832830001832917,0.8478260869565217,0.8354430379746836,0.8918918918918919,0.796875,0.8627450980392157,0.8443834459459459,0.6942862404542155,0.933910472972973,0.9462426747719004,0.8430458773704734,0.7440878378378378,51,13,8,66,15.217391304347826,21.014492753623188,38.405797101449274,67.3913043478261
Australian Credit Approval,R4_F1,4,1,FrozenChi2Top75,Cost5,3.9320388349514563,11,36,0.039670799975283444,0.24593220005044714,0.8333333333333334,0.8072289156626506,0.9054054054054054,0.75,0.8535031847133758,0.8277027027027026,0.6675679450884471,0.9309543918918919,0.9404646884924937,0.824047361535764,0.7483108108108109,48,16,7,67,16.666666666666668,21.73913043478261,36.95652173913044,62.31884057971015
Australian Credit Approval,R4_F2,4,2,AllFeatures,Unweighted,1.0,14,42,0.0,0.26928379997843876,0.8188405797101449,0.8428571428571429,0.8082191780821918,0.8307692307692308,0.8251748251748252,0.8194942044257113,0.6379808049517419,0.9209694415173867,0.9316777725536864,0.8194166369242709,0.6870389884088515,54,11,14,59,18.115942028985508,28.26086956521739,58.69565217391305,109.42028985507247
Australian Credit Approval,R4_F2,4,2,AllFeatures,Balanced,0.7806451612903226,14,42,0.0,0.2822454000124708,0.8188405797101449,0.8529411764705882,0.7945205479452054,0.8461538461538461,0.8226950354609929,0.8203371970495258,0.6396641316138837,0.9192834562697576,0.9262045450771994,0.819930861409727,0.6868282402528978,55,10,15,58,18.115942028985508,28.985507246376812,61.594202898550726,115.94202898550725
Australian Credit Approval,R4_F2,4,2,AllFeatures,Cost2,1.5612903225806452,14,42,0.0,0.2896367000066675,0.8188405797101449,0.8333333333333334,0.821917808219178,0.8153846153846154,0.8275862068965517,0.8186512118018967,0.6368328569945717,0.9173867228661748,0.9247795492613553,0.8186446945608091,0.6868282402528978,53,12,13,60,18.115942028985508,27.536231884057973,55.79710144927536,102.89855072463769
Australian Credit Approval,R4_F2,4,2,AllFeatures,Cost5,3.903225806451613,14,42,0.0,0.28900819999398664,0.8260869565217391,0.810126582278481,0.8767123287671232,0.7692307692307693,0.8421052631578947,0.8229715489989462,0.6517376630305125,0.9146469968387777,0.9236212215969223,0.8212150138980858,0.6851422550052687,50,15,9,64,17.391304347826086,23.91304347826087,43.47826086956522,76.08695652173913
Australian Credit Approval,R4_F2,4,2,FrozenChi2Top75,Unweighted,1.0,11,37,0.03950400004396215,0.2765040000085719,0.8188405797101449,0.8428571428571429,0.8082191780821918,0.8307692307692308,0.8251748251748252,0.8194942044257113,0.6379808049517419,0.916754478398314,0.9345259148711199,0.8194166369242709,0.6935721812434141,54,11,14,59,18.115942028985508,28.26086956521739,58.69565217391305,109.42028985507247
Australian Credit Approval,R4_F2,4,2,FrozenChi2Top75,Balanced,0.7806451612903226,11,37,0.03950400004396215,0.2674514999962412,0.8188405797101449,0.8636363636363636,0.7808219178082192,0.8615384615384616,0.8201438848920863,0.8211801896733404,0.6418870860183381,0.9135932560590095,0.9322802552408475,0.8201878527532606,0.7072708113804005,56,9,16,57,18.115942028985508,29.71014492753623,64.4927536231884,122.46376811594203
Australian Credit Approval,R4_F2,4,2,FrozenChi2Top75,Cost2,1.5612903225806452,11,37,0.03950400004396215,0.2734389000106603,0.8043478260869565,0.8285714285714286,0.7945205479452054,0.8153846153846154,0.8111888111888111,0.8049525816649103,0.6089434200297958,0.9127502634351949,0.9314230907127341,0.8048849802310111,0.7072708113804005,53,12,15,58,19.565217391304348,30.434782608695652,63.04347826086956,117.3913043478261
Australian Credit Approval,R4_F2,4,2,FrozenChi2Top75,Cost5,3.903225806451613,11,37,0.03950400004396215,0.2720369000453502,0.8043478260869565,0.7948717948717948,0.8493150684931506,0.7538461538461538,0.8211920529801324,0.8015806111696522,0.6073353982512761,0.9089567966280295,0.9294983249361086,0.8001580455054765,0.7072708113804005,49,16,11,62,19.565217391304348,27.536231884057973,51.44927536231884,91.30434782608695
Australian Credit Approval,R4_F3,4,3,AllFeatures,Unweighted,1.0,14,42,0.0,0.28790009999647737,0.8840579710144928,0.8985507246376812,0.8732394366197183,0.8955223880597015,0.8857142857142857,0.88438091233971,0.7684388154951274,0.9373554761404247,0.9140967947129034,0.8843107291159588,0.8391843598906874,60,7,9,62,11.594202898550725,18.115942028985508,37.68115942028985,70.28985507246377
Australian Credit Approval,R4_F3,4,3,AllFeatures,Balanced,0.7692307692307693,14,42,0.0,0.2870751000009477,0.8840579710144928,0.8985507246376812,0.8732394366197183,0.8955223880597015,0.8857142857142857,0.88438091233971,0.7684388154951274,0.9377759091864621,0.9177013691318237,0.8843107291159588,0.8250998528484339,60,7,9,62,11.594202898550725,18.115942028985508,37.68115942028985,70.28985507246377
Australian Credit Approval,R4_F3,4,3,AllFeatures,Cost2,1.5384615384615385,14,42,0.0,0.28825020004296675,0.8913043478260869,0.9,0.8873239436619719,0.8955223880597015,0.8936170212765957,0.8914231658608367,0.7825995975667648,0.935673743956275,0.918920126360996,0.8914137406450054,0.8110153458061804,60,7,8,63,10.869565217391305,16.666666666666668,34.05797101449275,63.04347826086956
Australian Credit Approval,R4_F3,4,3,AllFeatures,Cost5,3.8461538461538463,14,42,0.0,0.28879820002475753,0.8985507246376812,0.8701298701298701,0.9436619718309859,0.8507462686567164,0.9054054054054054,0.8972041202438512,0.7994660690030098,0.9333613622030692,0.9163316780814401,0.8960005030179674,0.824258986756359,57,10,4,67,10.144927536231885,13.043478260869565,21.73913043478261,36.231884057971016
Australian Credit Approval,R4_F3,4,3,FrozenChi2Top75,Unweighted,1.0,11,37,0.04101380001520738,0.26765299995895475,0.8623188405797102,0.8714285714285714,0.8591549295774648,0.8656716417910447,0.8652482269503546,0.8624132856842548,0.7245981236332452,0.9209585873449654,0.8969670805702847,0.8624071303277782,0.7397519445028379,58,9,10,61,13.768115942028986,21.014492753623188,42.7536231884058,78.98550724637681
Australian Credit Approval,R4_F3,4,3,FrozenChi2Top75,Balanced,0.7692307692307693,11,37,0.04101380001520738,0.26354050001828,0.855072463768116,0.8805970149253731,0.8309859154929577,0.8805970149253731,0.855072463768116,0.8557914652091654,0.7115829304183309,0.9224301030060964,0.9049805422215695,0.855431888947406,0.7389110784107631,59,8,12,59,14.492753623188406,23.18840579710145,49.27536231884058,92.7536231884058
Australian Credit Approval,R4_F3,4,3,FrozenChi2Top75,Cost2,1.5384615384615385,11,37,0.04101380001520738,0.2711276999907568,0.855072463768116,0.8591549295774648,0.8591549295774648,0.8507462686567164,0.8591549295774648,0.8549505991170906,0.7099011982341812,0.9209585873449654,0.8993190900244142,0.8549402613844151,0.7405928105949128,57,10,10,61,14.492753623188406,21.73913043478261,43.47826086956522,79.71014492753623
Australian Credit Approval,R4_F3,4,3,FrozenChi2Top75,Cost5,3.8461538461538463,11,37,0.04101380001520738,0.3226366000017151,0.8623188405797102,0.8421052631578947,0.9014084507042254,0.8208955223880597,0.8707482993197279,0.8611519865461426,0.7257448096720611,0.9184359890687408,0.9033199170034606,0.8602105329661203,0.7363884801345386,55,12,7,64,13.768115942028986,18.840579710144926,34.05797101449275,59.42028985507246
Australian Credit Approval,R4_F4,4,4,AllFeatures,Unweighted,1.0,14,42,0.0,0.28009860002202913,0.8985507246376812,0.9418604651162791,0.9,0.8958333333333334,0.9204545454545454,0.8979166666666667,0.7821915167482881,0.9293981481481481,0.9537115532534974,0.8979142498033985,0.8055555555555555,43,5,9,81,10.144927536231885,16.666666666666668,36.231884057971016,68.84057971014492
Australian Credit Approval,R4_F4,4,4,AllFeatures,Balanced,0.8839590443686007,14,42,0.0,0.28862669999944046,0.8913043478260869,0.9411764705882353,0.8888888888888888,0.8958333333333334,0.9142857142857143,0.8923611111111112,0.7684408206606191,0.9277777777777778,0.9520562898811218,0.8923543557893895,0.7958333333333334,43,5,10,80,10.869565217391305,18.115942028985508,39.85507246376812,76.08695652173913
Australian Credit Approval,R4_F4,4,4,AllFeatures,Cost2,1.7679180887372015,14,42,0.0,0.30635759996948764,0.8913043478260869,0.9310344827586207,0.9,0.875,0.9152542372881356,0.8875,0.7647136838422457,0.9282407407407408,0.9551200547237828,0.8874119674649424,0.7958333333333334,42,6,9,81,10.869565217391305,17.391304347826086,36.95652173913044,69.56521739130434
Australian Credit Approval,R4_F4,4,4,AllFeatures,Cost5,4.419795221843003,14,42,0.0,0.31499769998481497,0.8768115942028986,0.9101123595505618,0.9,0.8333333333333334,0.9050279329608939,0.8666666666666667,0.729877971160973,0.9333333333333333,0.959497652341931,0.8660254037844386,0.8055555555555555,40,8,9,81,12.318840579710145,18.840579710144926,38.405797101449274,71.01449275362319
Australian Credit Approval,R4_F4,4,4,FrozenChi2Top75,Unweighted,1.0,11,37,0.043318499985616654,0.2745581000344828,0.8405797101449275,0.9047619047619048,0.8444444444444444,0.8333333333333334,0.8735632183908046,0.8388888888888889,0.661443382776228,0.9148148148148147,0.9510771158752658,0.8388704928078611,0.7236111111111111,40,8,14,76,15.942028985507246,26.08695652173913,56.52173913043478,107.2463768115942
Australian Credit Approval,R4_F4,4,4,FrozenChi2Top75,Balanced,0.8839590443686007,11,37,0.043318499985616654,0.2688108999864198,0.8405797101449275,0.8953488372093024,0.8555555555555555,0.8125,0.875,0.8340277777777778,0.6566040480906223,0.913425925925926,0.9491096179462136,0.8337498958853842,0.7291666666666667,39,9,13,77,15.942028985507246,25.36231884057971,53.6231884057971,100.72463768115942
Australian Credit Approval,R4_F4,4,4,FrozenChi2Top75,Cost2,1.7679180887372015,11,37,0.043318499985616654,0.2695349000277929,0.855072463768116,0.8977272727272727,0.8777777777777778,0.8125,0.8876404494382022,0.8451388888888889,0.6839737390847515,0.9185185185185185,0.9552840083934714,0.8445084040105489,0.7402777777777778,39,9,11,79,14.492753623188406,22.463768115942027,46.3768115942029,86.23188405797102
Australian Credit Approval,R4_F4,4,4,FrozenChi2Top75,Cost5,4.419795221843003,11,37,0.043318499985616654,0.2736400999710895,0.855072463768116,0.8888888888888888,0.8888888888888888,0.7916666666666666,0.8888888888888888,0.8402777777777777,0.6805555555555556,0.920138888888889,0.957486062198639,0.838870492807861,0.7166666666666667,38,10,10,80,14.492753623188406,21.73913043478261,43.47826086956522,79.71014492753623
Australian Credit Approval,R4_F5,4,5,AllFeatures,Unweighted,1.0,14,42,0.0,0.29015549999894574,0.9347826086956522,0.9230769230769231,0.96,0.9047619047619048,0.9411764705882353,0.9323809523809523,0.8689094676683313,0.9396825396825398,0.9321453060556003,0.931971796017148,0.8647619047619047,57,6,3,72,6.521739130434782,8.695652173913043,15.217391304347826,26.08695652173913
Australian Credit Approval,R4_F5,4,5,AllFeatures,Balanced,0.7922077922077922,14,42,0.0,0.28484739997657016,0.9347826086956522,0.9230769230769231,0.96,0.9047619047619048,0.9411764705882353,0.9323809523809523,0.8689094676683313,0.939047619047619,0.9303117882371398,0.931971796017148,0.8647619047619047,57,6,3,72,6.521739130434782,8.695652173913043,15.217391304347826,26.08695652173913
Australian Credit Approval,R4_F5,4,5,AllFeatures,Cost2,1.5844155844155845,14,42,0.0,0.28701279999222606,0.9130434782608695,0.8888888888888888,0.96,0.8571428571428571,0.9230769230769231,0.9085714285714286,0.8266448376129945,0.9382010582010583,0.9313733183098184,0.9071147352221453,0.8647619047619047,54,9,3,72,8.695652173913043,10.869565217391305,17.391304347826086,28.26086956521739
Australian Credit Approval,R4_F5,4,5,AllFeatures,Cost5,3.961038961038961,14,42,0.0,0.2927064000396058,0.9057971014492754,0.8780487804878049,0.96,0.8412698412698413,0.9171974522292994,0.9006349206349207,0.8127907706787854,0.93989417989418,0.9398950942433311,0.8986762752065104,0.8647619047619047,53,10,3,72,9.420289855072463,11.594202898550725,18.115942028985508,28.985507246376812
Australian Credit Approval,R4_F5,4,5,FrozenChi2Top75,Unweighted,1.0,11,37,0.04108460003044456,0.26657489995704964,0.9202898550724637,0.9102564102564102,0.9466666666666667,0.8888888888888888,0.9281045751633987,0.9177777777777778,0.8395630392448782,0.9377777777777778,0.9251308342477232,0.9173229973577908,0.8463492063492064,56,7,4,71,7.971014492753623,10.869565217391305,19.565217391304348,34.05797101449275
Australian Credit Approval,R4_F5,4,5,FrozenChi2Top75,Balanced,0.7922077922077922,11,37,0.04108460003044456,0.265917900018394,0.9130434782608695,0.92,0.92,0.9047619047619048,0.92,0.9123809523809524,0.8247619047619048,0.9415873015873016,0.9281223109958093,0.9123491395189413,0.8647619047619047,57,6,6,69,8.695652173913043,13.043478260869565,26.08695652173913,47.82608695652174
Australian Credit Approval,R4_F5,4,5,FrozenChi2Top75,Cost2,1.5844155844155845,11,37,0.04108460003044456,0.2705859999987297,0.927536231884058,0.9113924050632911,0.96,0.8888888888888888,0.935064935064935,0.9244444444444444,0.8546970482387545,0.9377777777777778,0.9271840747411941,0.9237604307034012,0.8488888888888888,56,7,3,72,7.246376811594203,9.420289855072463,15.942028985507246,26.81159420289855
Australian Credit Approval,R4_F5,4,5,FrozenChi2Top75,Cost5,3.961038961038961,11,37,0.04108460003044456,0.27323289995547384,0.9202898550724637,0.8902439024390244,0.9733333333333334,0.8571428571428571,0.9299363057324841,0.9152380952380952,0.8424170586750009,0.9352380952380952,0.9199541900667264,0.9133924207511874,0.8463492063492064,54,9,2,73,7.971014492753623,9.420289855072463,13.768115942028986,21.014492753623188
Australian Credit Approval,R5_F1,5,1,AllFeatures,Unweighted,1.0,14,42,0.0,0.2916406999574974,0.8260869565217391,0.8311688311688312,0.8533333333333334,0.7936507936507936,0.8421052631578947,0.8234920634920635,0.6489096792387729,0.9373544973544973,0.9545037603642232,0.8229511997978235,0.7549206349206349,50,13,11,64,17.391304347826086,25.36231884057971,49.27536231884058,89.1304347826087
Australian Credit Approval,R5_F1,5,1,AllFeatures,Balanced,0.7922077922077922,14,42,0.0,0.2896857999730855,0.8478260869565217,0.8552631578947368,0.8666666666666667,0.8253968253968254,0.8609271523178808,0.846031746031746,0.6930175061314634,0.9417989417989417,0.9587356594562988,0.845780063222062,0.7580952380952382,52,11,10,65,15.217391304347826,22.463768115942027,44.20289855072464,80.43478260869566
Australian Credit Approval,R5_F1,5,1,AllFeatures,Cost2,1.5844155844155845,14,42,0.0,0.2899658000096679,0.8333333333333334,0.825,0.88,0.7777777777777778,0.8516129032258064,0.8288888888888889,0.6637753393652293,0.9382010582010583,0.9549665308067355,0.8273115763993905,0.7498412698412699,49,14,9,66,16.666666666666668,23.18840579710145,42.7536231884058,75.3623188405797
Australian Credit Approval,R5_F1,5,1,AllFeatures,Cost5,3.961038961038961,14,42,0.0,0.2894146000035107,0.8405797101449275,0.8192771084337349,0.9066666666666666,0.7619047619047619,0.8607594936708861,0.8342857142857143,0.6801870020005545,0.9405291005291004,0.957845122190509,0.8311399706389115,0.7815873015873016,48,15,7,68,15.942028985507246,21.014492753623188,36.231884057971016,61.594202898550726
Australian Credit Approval,R5_F1,5,1,FrozenChi2Top75,Unweighted,1.0,11,37,0.04198679997352883,0.26987280003959313,0.8478260869565217,0.8552631578947368,0.8666666666666667,0.8253968253968254,0.8609271523178808,0.846031746031746,0.6930175061314634,0.9358730158730159,0.9523909271792562,0.845780063222062,0.7473015873015874,52,11,10,65,15.217391304347826,22.463768115942027,44.20289855072464,80.43478260869566
Australian Credit Approval,R5_F1,5,1,FrozenChi2Top75,Balanced,0.7922077922077922,11,37,0.04198679997352883,0.2639363000052981,0.8405797101449275,0.8533333333333334,0.8533333333333334,0.8253968253968254,0.8533333333333334,0.8393650793650793,0.6787301587301587,0.9365079365079365,0.9532275148279853,0.8392488453007394,0.773968253968254,52,11,11,64,15.942028985507246,23.91304347826087,47.82608695652174,87.68115942028986
Australian Credit Approval,R5_F1,5,1,FrozenChi2Top75,Cost2,1.5844155844155845,11,37,0.04198679997352883,0.2695819999789819,0.8260869565217391,0.8227848101265823,0.8666666666666667,0.7777777777777778,0.8441558441558441,0.8222222222222222,0.6488537800765414,0.9373544973544973,0.9522372660977508,0.821020142307163,0.7631746031746032,49,14,10,65,17.391304347826086,24.63768115942029,46.3768115942029,82.6086956521739
Australian Credit Approval,R5_F1,5,1,FrozenChi2Top75,Cost5,3.961038961038961,11,37,0.04198679997352883,0.27116070000920445,0.8260869565217391,0.8072289156626506,0.8933333333333333,0.746031746031746,0.8481012658227848,0.8196825396825397,0.6504732298333887,0.9343915343915343,0.9500335557117612,0.8163669680082766,0.7498412698412699,47,16,8,67,17.391304347826086,23.18840579710145,40.57971014492754,69.56521739130434
Australian Credit Approval,R5_F2,5,2,AllFeatures,Unweighted,1.0,14,42,0.0,0.2831927999504842,0.8695652173913043,0.8860759493670886,0.8860759493670886,0.847457627118644,0.8860759493670886,0.8667667882428662,0.7335335764857327,0.9341343059429307,0.9431835506223878,0.8665516842621291,0.7461918043338339,50,9,9,70,13.043478260869565,19.565217391304348,39.130434782608695,71.73913043478261
Australian Credit Approval,R5_F2,5,2,AllFeatures,Balanced,0.8157894736842105,14,42,0.0,0.2952407000120729,0.8623188405797102,0.8846153846153846,0.8734177215189873,0.847457627118644,0.8789808917197452,0.8604376743188157,0.7194105450681291,0.9330615747693628,0.9412429646244759,0.8603397641408037,0.7545591074876636,50,9,10,69,13.768115942028986,21.014492753623188,42.7536231884058,78.98550724637681
Australian Credit Approval,R5_F2,5,2,AllFeatures,Cost2,1.631578947368421,14,42,0.0,0.28381870000157505,0.8768115942028986,0.8875,0.8987341772151899,0.847457627118644,0.8930817610062893,0.8730959021669169,0.7478784786661238,0.9326324822999357,0.9422765871225738,0.8727193897428954,0.7588500321819351,50,9,8,71,12.318840579710145,18.115942028985508,35.507246376811594,64.4927536231884
Australian Credit Approval,R5_F2,5,2,AllFeatures,Cost5,4.078947368421052,14,42,0.0,0.2875717999995686,0.8623188405797102,0.8571428571428571,0.9113924050632911,0.7966101694915254,0.8834355828220859,0.8540012872774083,0.7176916037561323,0.9270542801973826,0.935713169946093,0.8520706885410138,0.7588500321819351,47,12,7,72,13.768115942028986,18.840579710144926,34.05797101449275,59.42028985507246
Australian Credit Approval,R5_F2,5,2,FrozenChi2Top75,Unweighted,1.0,11,37,0.04152819997398183,0.2650451000081375,0.8478260869565217,0.8625,0.8734177215189873,0.8135593220338984,0.8679245283018868,0.8434885217764428,0.6885298702383348,0.920188800686548,0.9362548292274124,0.8429573710285589,0.7337481227204463,48,11,10,69,15.217391304347826,22.463768115942027,44.20289855072464,80.43478260869566
Australian Credit Approval,R5_F2,5,2,FrozenChi2Top75,Balanced,0.8157894736842105,11,37,0.04152819997398183,0.26292010000906885,0.8478260869565217,0.8625,0.8734177215189873,0.8135593220338984,0.8679245283018868,0.8434885217764428,0.6885298702383348,0.9225488092683973,0.9384627610206498,0.8429573710285589,0.7464063505685474,48,11,10,69,15.217391304347826,22.463768115942027,44.20289855072464,80.43478260869566
Australian Credit Approval,R5_F2,5,2,FrozenChi2Top75,Cost2,1.631578947368421,11,37,0.04152819997398183,0.2716997999814339,0.8405797101449275,0.8352941176470589,0.8987341772151899,0.7627118644067796,0.8658536585365854,0.8307230208109848,0.6728009183739451,0.9182578845741257,0.9341327160319278,0.8279343089339217,0.721089894872345,45,14,8,71,15.942028985507246,21.73913043478261,39.130434782608695,68.1159420289855
Australian Credit Approval,R5_F2,5,2,FrozenChi2Top75,Cost5,4.078947368421052,11,37,0.04152819997398183,0.2713506000000052,0.8405797101449275,0.8275862068965517,0.9113924050632911,0.7457627118644068,0.8674698795180723,0.828577558463849,0.673538973938342,0.9184724308088392,0.9363473411015872,0.8244285727536521,0.721089894872345,44,15,7,72,15.942028985507246,21.014492753623188,36.231884057971016,61.594202898550726
Australian Credit Approval,R5_F3,5,3,AllFeatures,Unweighted,1.0,14,42,0.0,0.2794522999902256,0.8695652173913043,0.8873239436619719,0.863013698630137,0.8769230769230769,0.875,0.8699683877766069,0.7390029046187614,0.9382507903055848,0.927839598869692,0.8699405887929961,0.7673340358271865,57,8,10,63,13.043478260869565,20.28985507246377,42.028985507246375,78.26086956521739
Australian Credit Approval,R5_F3,5,3,AllFeatures,Balanced,0.7806451612903226,14,42,0.0,0.2862666000146419,0.8913043478260869,0.9027777777777778,0.8904109589041096,0.8923076923076924,0.896551724137931,0.8913593256059009,0.7821419414278569,0.940990516332982,0.9307109225572013,0.8913588210957502,0.8014752370916755,58,7,8,65,10.869565217391305,16.666666666666668,34.05797101449275,63.04347826086956
Australian Credit Approval,R5_F3,5,3,AllFeatures,Cost2,1.5612903225806452,14,42,0.0,0.28265229996759444,0.8768115942028986,0.868421052631579,0.9041095890410958,0.8461538461538461,0.8859060402684564,0.875131717597471,0.7528860472241714,0.9388830347734457,0.9289897226317929,0.8746518199327642,0.7757639620653318,55,10,7,66,12.318840579710145,17.391304347826086,32.608695652173914,57.971014492753625
Australian Credit Approval,R5_F3,5,3,AllFeatures,Cost5,3.903225806451613,14,42,0.0,0.3452378999791108,0.8695652173913043,0.8395061728395061,0.9315068493150684,0.8,0.8831168831168831,0.8657534246575342,0.7415775401066301,0.9399367755532139,0.9332397342121975,0.8632528479258292,0.7757639620653318,52,13,5,68,13.043478260869565,16.666666666666668,27.536231884057973,45.65217391304348
Australian Credit Approval,R5_F3,5,3,FrozenChi2Top75,Unweighted,1.0,11,37,0.042164099984802306,0.2734801000333391,0.8768115942028986,0.8783783783783784,0.8904109589041096,0.8615384615384616,0.8843537414965986,0.8759747102212856,0.7526635602947612,0.9264488935721812,0.9128673031724052,0.8758557459257963,0.7740779768177029,56,9,8,65,12.318840579710145,18.115942028985508,35.507246376811594,64.4927536231884
Australian Credit Approval,R5_F3,5,3,FrozenChi2Top75,Balanced,0.7806451612903226,11,37,0.042164099984802306,0.2551524000009522,0.8695652173913043,0.8767123287671232,0.8767123287671232,0.8615384615384616,0.8767123287671232,0.8691253951527924,0.7382507903055848,0.9289778714436249,0.9180318775227376,0.8690922798747146,0.7877766069546891,56,9,9,64,13.043478260869565,19.565217391304348,39.130434782608695,71.73913043478261
Australian Credit Approval,R5_F3,5,3,FrozenChi2Top75,Cost2,1.5612903225806452,11,37,0.042164099984802306,0.2693132999702357,0.8840579710144928,0.88,0.9041095890410958,0.8615384615384616,0.8918918918918919,0.8828240252897788,0.7672667586244434,0.923709167544784,0.9077506164986807,0.8825673823593507,0.7740779768177029,56,9,7,66,11.594202898550725,16.666666666666668,31.884057971014492,57.2463768115942
Australian Credit Approval,R5_F3,5,3,FrozenChi2Top75,Cost5,3.903225806451613,11,37,0.042164099984802306,0.2740250000497326,0.8333333333333334,0.8048780487804879,0.9041095890410958,0.7538461538461538,0.8516129032258064,0.8289778714436249,0.6688270827785756,0.9281348788198103,0.9188645902533409,0.8255661913826515,0.7690200210748155,49,16,7,66,16.666666666666668,21.73913043478261,36.95652173913044,62.31884057971015
Australian Credit Approval,R5_F4,5,4,AllFeatures,Unweighted,1.0,14,42,0.0,0.28525019995868206,0.8913043478260869,0.9113924050632911,0.9,0.8793103448275862,0.9056603773584906,0.8896551724137931,0.7775527828800183,0.9230603448275861,0.9385635397495186,0.8895950260342217,0.7965517241379311,51,7,8,72,10.869565217391305,16.666666666666668,34.05797101449275,63.04347826086956
Australian Credit Approval,R5_F4,5,4,AllFeatures,Balanced,0.8217821782178217,14,42,0.0,0.28539599996292964,0.8913043478260869,0.9113924050632911,0.9,0.8793103448275862,0.9056603773584906,0.8896551724137931,0.7775527828800183,0.9213362068965518,0.9352990983477723,0.8895950260342217,0.7965517241379311,51,7,8,72,10.869565217391305,16.666666666666668,34.05797101449275,63.04347826086956
Australian Credit Approval,R5_F4,5,4,AllFeatures,Cost2,1.6435643564356435,14,42,0.0,0.2937528999755159,0.8840579710144928,0.9,0.9,0.8620689655172413,0.9,0.8810344827586207,0.7620689655172413,0.922198275862069,0.9344019942888862,0.8808303292720552,0.7965517241379311,50,8,8,72,11.594202898550725,17.391304347826086,34.78260869565217,63.768115942028984
Australian Credit Approval,R5_F4,5,4,AllFeatures,Cost5,4.108910891089109,14,42,0.0,0.2914294999791309,0.8840579710144928,0.872093023255814,0.9375,0.8103448275862069,0.9036144578313253,0.8739224137931034,0.761762495872043,0.921551724137931,0.931736727732192,0.871606720867886,0.7887931034482758,47,11,5,75,11.594202898550725,15.217391304347826,26.08695652173913,44.20289855072464
Australian Credit Approval,R5_F4,5,4,FrozenChi2Top75,Unweighted,1.0,11,37,0.041863300022669137,0.2678855000413023,0.8840579710144928,0.9,0.9,0.8620689655172413,0.9,0.8810344827586207,0.7620689655172413,0.9247844827586207,0.9429989917486925,0.8808303292720552,0.7870689655172414,50,8,8,72,11.594202898550725,17.391304347826086,34.78260869565217,63.768115942028984
Australian Credit Approval,R5_F4,5,4,FrozenChi2Top75,Balanced,0.8217821782178217,11,37,0.041863300022669137,0.26668660005088896,0.8840579710144928,0.9,0.9,0.8620689655172413,0.9,0.8810344827586207,0.7620689655172413,0.9286637931034483,0.9455723726354976,0.8808303292720552,0.7870689655172414,50,8,8,72,11.594202898550725,17.391304347826086,34.78260869565217,63.768115942028984
Australian Credit Approval,R5_F4,5,4,FrozenChi2Top75,Cost2,1.6435643564356435,11,37,0.041863300022669137,0.27032920002238825,0.8840579710144928,0.9,0.9,0.8620689655172413,0.9,0.8810344827586207,0.7620689655172413,0.9252155172413793,0.9419402026427206,0.8808303292720552,0.7793103448275862,50,8,8,72,11.594202898550725,17.391304347826086,34.78260869565217,63.768115942028984
Australian Credit Approval,R5_F4,5,4,FrozenChi2Top75,Cost5,4.108910891089109,11,37,0.041863300022669137,0.26879369997186586,0.8840579710144928,0.8809523809523809,0.925,0.8275862068965517,0.9024390243902439,0.8762931034482759,0.7611648449463927,0.9299568965517241,0.9455609434472976,0.874938421478512,0.7793103448275862,48,10,6,74,11.594202898550725,15.942028985507246,28.985507246376812,50.72463768115942
Australian Credit Approval,R5_F5,5,5,AllFeatures,Unweighted,1.0,14,42,0.0,0.29001810000045225,0.8913043478260869,0.9178082191780822,0.881578947368421,0.9032258064516129,0.8993288590604027,0.8924023769100169,0.7820709557963443,0.9265704584040747,0.9051533102051725,0.8923367389543064,0.8374363327674024,56,6,9,67,10.869565217391305,17.391304347826086,36.95652173913044,69.56521739130434
Australian Credit Approval,R5_F5,5,5,AllFeatures,Balanced,0.7980456026058632,14,42,0.0,0.29126430000178516,0.8913043478260869,0.9178082191780822,0.881578947368421,0.9032258064516129,0.8993288590604027,0.8924023769100169,0.7820709557963443,0.9259337860780985,0.8958370226900417,0.8923367389543064,0.8213073005093379,56,6,9,67,10.869565217391305,17.391304347826086,36.95652173913044,69.56521739130434
Australian Credit Approval,R5_F5,5,5,AllFeatures,Cost2,1.5960912052117264,14,42,0.0,0.2861692000296898,0.8985507246376812,0.918918918918919,0.8947368421052632,0.9032258064516129,0.9066666666666666,0.898981324278438,0.7959382157428756,0.9320882852292021,0.9133098898286459,0.89897130419858,0.8374363327674024,56,6,8,68,10.144927536231885,15.942028985507246,33.333333333333336,62.31884057971015
Australian Credit Approval,R5_F5,5,5,AllFeatures,Cost5,3.990228013029316,14,42,0.0,0.2870940999710001,0.9202898550724637,0.922077922077922,0.9342105263157895,0.9032258064516129,0.9281045751633987,0.9187181663837012,0.8387724549797387,0.9267826825127334,0.9016209355682668,0.918587533132888,0.8374363327674024,56,6,5,71,7.971014492753623,11.594202898550725,22.463768115942027,40.57971014492754
Australian Credit Approval,R5_F5,5,5,FrozenChi2Top75,Unweighted,1.0,11,37,0.04158560000360012,0.26946109998971224,0.8478260869565217,0.8985507246376812,0.8157894736842105,0.8870967741935484,0.8551724137931035,0.8514431239388794,0.699259856097678,0.9223259762308997,0.911465761401939,0.8506963092234007,0.7920203735144312,55,7,14,62,15.217391304347826,25.36231884057971,55.79710144927536,106.52173913043478
Australian Credit Approval,R5_F5,5,5,FrozenChi2Top75,Balanced,0.7980456026058632,11,37,0.04158560000360012,0.26287460001185536,0.8405797101449275,0.9090909090909091,0.7894736842105263,0.9032258064516129,0.8450704225352113,0.8463497453310695,0.6897779277026134,0.9221137521222409,0.9098665722792917,0.844436501516472,0.7860780984719864,56,6,16,60,15.942028985507246,27.536231884057973,62.31884057971015,120.28985507246377
Australian Credit Approval,R5_F5,5,5,FrozenChi2Top75,Cost2,1.5960912052117264,11,37,0.04158560000360012,0.26960659999167547,0.8695652173913043,0.9027777777777778,0.8552631578947368,0.8870967741935484,0.8783783783783784,0.8711799660441426,0.7392289188430581,0.9210526315789473,0.9157949987635539,0.8710345506666245,0.7860780984719864,55,7,11,65,13.043478260869565,21.014492753623188,44.927536231884055,84.78260869565217
Australian Credit Approval,R5_F5,5,5,FrozenChi2Top75,Cost5,3.990228013029316,11,37,0.04158560000360012,0.2756429999717511,0.8695652173913043,0.8918918918918919,0.868421052631579,0.8709677419354839,0.88,0.8696943972835314,0.7375129637362177,0.9193548387096774,0.9116868593504502,0.8696934651127157,0.7699490662139219,54,8,10,66,13.043478260869565,20.28985507246377,42.028985507246375,78.26086956521739
German Credit,R1_F1,1,1,AllFeatures,Unweighted,1.0,20,61,0.0,0.26672119996510446,0.81,0.7959183673469388,0.582089552238806,0.924812030075188,0.6724137931034483,0.753450791156997,0.5562888497938473,0.8305465155425878,0.7029175365070379,0.7337052681366867,0.5278868813825608,123,10,28,39,19.0,33.0,75.0,145.0
German Credit,R1_F1,1,1,AllFeatures,Balanced,2.4334763948497855,20,61,0.0,0.28150710003683344,0.75,0.6164383561643836,0.6716417910447762,0.7894736842105263,0.6428571428571429,0.7305577376276513,0.45207410262507736,0.8285265402311749,0.7005348425852094,0.7281782194256265,0.5052182695544832,105,28,22,45,25.0,36.0,69.0,124.0
German Credit,R1_F1,1,1,AllFeatures,Cost2,4.866952789699571,20,61,0.0,0.2847009000252001,0.71,0.5483870967741935,0.7611940298507462,0.6842105263157895,0.6375,0.7227022780832679,0.4214873200837193,0.8277409942767366,0.7067948436693721,0.7216764980187562,0.4982605768151723,91,42,16,51,29.0,37.0,61.0,101.0
German Credit,R1_F1,1,1,AllFeatures,Cost5,12.167381974248928,20,61,0.0,0.28153149998979643,0.69,0.5233644859813084,0.835820895522388,0.6165413533834586,0.6436781609195402,0.7261811244529233,0.4280714001656519,0.821681068342498,0.6850445201537075,0.7178566333966326,0.5200314218381775,82,51,11,56,31.0,36.5,53.0,80.5
German Credit,R1_F1,1,1,FrozenChi2Top75,Unweighted,1.0,15,52,0.049513200006913394,0.2669366000336595,0.785,0.7222222222222222,0.582089552238806,0.8872180451127819,0.6446280991735537,0.734653798675794,0.49893905350521156,0.8350353495679497,0.7150964496777249,0.7186378466361816,0.5348445741218718,118,15,28,39,21.5,35.5,77.5,147.5
German Credit,R1_F1,1,1,FrozenChi2Top75,Balanced,2.4334763948497855,15,52,0.049513200006913394,0.2664109999896027,0.77,0.6363636363636364,0.7313432835820896,0.7894736842105263,0.6805555555555556,0.7604084838963079,0.5051849782668207,0.8327909325552687,0.7026705472154151,0.7598527992395474,0.5284479856357311,105,28,18,49,23.0,32.0,59.0,104.0
German Credit,R1_F1,1,1,FrozenChi2Top75,Cost2,4.866952789699571,15,52,0.049513200006913394,0.26732119999360293,0.74,0.5789473684210527,0.8208955223880597,0.6992481203007519,0.6790123456790124,0.7600718213444058,0.4916205909029478,0.8330153742565369,0.6952026573089722,0.7576342461855553,0.5430366962181574,93,40,12,55,26.0,32.0,50.0,80.0
German Credit,R1_F1,1,1,FrozenChi2Top75,Cost5,12.167381974248928,15,52,0.049513200006913394,0.26553279999643564,0.685,0.5181818181818182,0.8507462686567164,0.6015037593984962,0.6440677966101694,0.7261250140276063,0.4290661239170281,0.8276287734261025,0.6796293842105725,0.7153510179564002,0.5801817977780271,80,53,10,57,31.5,36.5,51.5,76.5
German Credit,R1_F2,1,2,AllFeatures,Unweighted,1.0,20,61,0.0,0.2657401000033133,0.765,0.5128205128205128,0.4166666666666667,0.875,0.45977011494252873,0.6458333333333334,0.31440103672139846,0.7420504385964911,0.47602315017911606,0.60380736442456,0.43201754385964913,133,19,28,20,23.5,37.5,79.5,149.5
German Credit,R1_F2,1,2,AllFeatures,Balanced,2.1746031746031744,20,61,0.0,0.2788441000157036,0.71,0.41935483870967744,0.5416666666666666,0.7631578947368421,0.4727272727272727,0.6524122807017544,0.28148611839347226,0.736842105263158,0.4596181496403027,0.6429441600811505,0.40789473684210525,116,36,22,26,29.0,40.0,73.0,128.0
German Credit,R1_F2,1,2,AllFeatures,Cost2,4.349206349206349,20,61,0.0,0.3226629999699071,0.72,0.44594594594594594,0.6875,0.7302631578947368,0.5409836065573771,0.7088815789473684,0.3695484776799263,0.7384868421052632,0.475991125597951,0.7085590455654571,0.4309210526315789,111,41,15,33,28.0,35.5,58.0,95.5
German Credit,R1_F2,1,2,AllFeatures,Cost5,10.873015873015872,20,61,0.0,0.2871409999788739,0.65,0.3829787234042553,0.75,0.618421052631579,0.5070422535211268,0.6842105263157895,0.315260813800182,0.7469846491228069,0.4792563355618259,0.6810402260319754,0.4309210526315789,94,58,12,36,35.0,41.0,59.0,89.0
German Credit,R1_F2,1,2,FrozenChi2Top75,Unweighted,1.0,15,53,0.04910780000500381,0.2683244000072591,0.755,0.4897959183673469,0.5,0.8355263157894737,0.4948453608247423,0.6677631578947368,0.333182733684121,0.7543859649122807,0.49122415224635857,0.646346004779744,0.4298245614035087,127,25,24,24,24.5,36.5,72.5,132.5
German Credit,R1_F2,1,2,FrozenChi2Top75,Balanced,2.1746031746031744,15,53,0.04910780000500381,0.26304190000519156,0.745,0.47692307692307695,0.6458333333333334,0.7763157894736842,0.5486725663716814,0.7110745614035088,0.38493264268078065,0.7546600877192983,0.5020999886498159,0.7080752883945942,0.4364035087719298,118,34,17,31,25.5,34.0,59.5,102.0
German Credit,R1_F2,1,2,FrozenChi2Top75,Cost2,4.349206349206349,15,53,0.04910780000500381,0.2708081000018865,0.685,0.4074074074074074,0.6875,0.6842105263157895,0.5116279069767442,0.6858552631578947,0.3233934968569405,0.7519188596491229,0.5050005353821211,0.6858532910485341,0.4221491228070176,104,48,15,33,31.5,39.0,61.5,99.0
German Credit,R1_F2,1,2,FrozenChi2Top75,Cost5,10.873015873015872,15,53,0.04910780000500381,0.26902259996859357,0.67,0.40217391304347827,0.7708333333333334,0.6381578947368421,0.5285714285714286,0.7044956140350878,0.3504698112866922,0.7649396929824561,0.5232535989903782,0.701365366405401,0.4364035087719298,97,55,11,37,33.0,38.5,55.0,82.5
German Credit,R1_F3,1,3,AllFeatures,Unweighted,1.0,20,61,0.0,0.2645735999685712,0.755,0.6521739130434783,0.47619047619047616,0.8832116788321168,0.5504587155963303,0.6797010775112965,0.39670891380520035,0.7814853435291392,0.6698895847519888,0.6485190744458142,0.4451396130228247,121,16,33,30,24.5,41.0,90.5,173.0
German Credit,R1_F3,1,3,AllFeatures,Balanced,2.3755274261603376,20,61,0.0,0.2743084999965504,0.76,0.6190476190476191,0.6190476190476191,0.8248175182481752,0.6190476190476191,0.7219325686478971,0.44386513729579424,0.7729115977291159,0.6459543184857912,0.7145637276130793,0.4537133588228479,113,24,24,39,24.0,36.0,72.0,132.0
German Credit,R1_F3,1,3,AllFeatures,Cost2,4.751054852320675,20,61,0.0,0.2854243000037968,0.71,0.5316455696202531,0.6666666666666666,0.7299270072992701,0.5915492957746479,0.6982968369829683,0.37685138005780205,0.7686247248291044,0.6314852742130709,0.6975801064151558,0.42416869424168696,100,37,21,42,29.0,39.5,71.0,123.5
German Credit,R1_F3,1,3,AllFeatures,Cost5,11.877637130801688,20,61,0.0,0.2826628000475466,0.65,0.4631578947368421,0.6984126984126984,0.6277372262773723,0.5569620253164557,0.6630749623450354,0.3033831028055529,0.7659599119453133,0.6280057557279295,0.6621326529468866,0.4232418028038466,86,51,19,44,35.0,44.5,73.0,120.5
German Credit,R1_F3,1,3,FrozenChi2Top75,Unweighted,1.0,15,51,0.04921899997862056,0.2666832000249997,0.755,0.675,0.42857142857142855,0.9051094890510949,0.5242718446601942,0.6668404588112617,0.38750021023237596,0.7654964662263932,0.6343867850751181,0.6228194495487304,0.47816012049588696,124,13,36,27,24.5,42.5,96.5,186.5
German Credit,R1_F3,1,3,FrozenChi2Top75,Balanced,2.3755274261603376,15,51,0.04921899997862056,0.2728436999605037,0.755,0.6,0.6666666666666666,0.7956204379562044,0.631578947368421,0.7311435523114356,0.45021674236291376,0.7672343876723439,0.6407634787719582,0.7282950125492665,0.4841849148418491,109,28,21,42,24.5,35.0,66.5,119.0
German Credit,R1_F3,1,3,FrozenChi2Top75,Cost2,4.751054852320675,15,51,0.04921899997862056,0.2700691999634728,0.72,0.5443037974683544,0.6825396825396826,0.7372262773722628,0.6056338028169014,0.7098829799559727,0.39887015774157664,0.7573861661452902,0.6152983653916947,0.7093561794455422,0.427065229984938,101,36,20,43,28.0,38.0,68.0,118.0
German Credit,R1_F3,1,3,FrozenChi2Top75,Cost5,11.877637130801688,15,51,0.04921899997862056,0.2691624999861233,0.66,0.4742268041237113,0.7301587301587301,0.6277372262773723,0.575,0.6789479782180512,0.33264643275919364,0.7546054918317693,0.6032512833892628,0.6770138964689348,0.3902212953307844,86,51,17,46,34.0,42.5,68.0,110.5
German Credit,R1_F4,1,4,AllFeatures,Unweighted,1.0,20,61,0.0,0.29155900003388524,0.745,0.7297297297297297,0.39705882352941174,0.9242424242424242,0.5142857142857142,0.660650623885918,0.3919757230117758,0.7742869875222818,0.6871894209532132,0.6057875944798378,0.4211229946524064,122,10,41,27,25.5,46.0,107.5,210.0
German Credit,R1_F4,1,4,AllFeatures,Balanced,2.4482758620689653,20,61,0.0,0.3164689000113867,0.735,0.6229508196721312,0.5588235294117647,0.8257575757575758,0.5891472868217055,0.6922905525846703,0.39569179732723303,0.7735071301247772,0.6903771511758972,0.6793031450857203,0.4340463458110517,109,23,30,38,26.5,41.5,86.5,161.5
German Credit,R1_F4,1,4,AllFeatures,Cost2,4.896551724137931,20,61,0.0,0.3061644999543205,0.715,0.5753424657534246,0.6176470588235294,0.7651515151515151,0.5957446808510638,0.6913992869875223,0.3766590811898817,0.7691622103386809,0.6927314822728886,0.6874544224075517,0.4367201426024956,101,31,26,42,28.5,41.5,80.5,145.5
German Credit,R1_F4,1,4,AllFeatures,Cost5,12.241379310344826,20,61,0.0,0.29829590005101636,0.67,0.5111111111111111,0.6764705882352942,0.6666666666666666,0.5822784810126582,0.6715686274509804,0.32673201960653564,0.7717245989304813,0.6886413249496597,0.6715507368448513,0.43003565062388593,88,44,22,46,33.0,44.0,77.0,132.0
German Credit,R1_F4,1,4,FrozenChi2Top75,Unweighted,1.0,15,53,0.04963860003044829,0.2686915000085719,0.75,0.7142857142857143,0.4411764705882353,0.9090909090909091,0.5454545454545454,0.6751336898395721,0.4073689529040217,0.767602495543672,0.664960658157006,0.6333004963811236,0.4215686274509804,120,12,38,30,25.0,44.0,101.0,196.0
German Credit,R1_F4,1,4,FrozenChi2Top75,Balanced,2.4482758620689653,15,53,0.04963860003044829,0.2739304000278935,0.73,0.6129032258064516,0.5588235294117647,0.8181818181818182,0.5846153846153846,0.6885026737967914,0.3861477818490156,0.7627005347593584,0.6502938675800707,0.6761798956911529,0.4407308377896614,108,24,30,38,27.0,42.0,87.0,162.0
German Credit,R1_F4,1,4,FrozenChi2Top75,Cost2,4.896551724137931,15,53,0.04963860003044829,0.2724826000048779,0.7,0.5526315789473685,0.6176470588235294,0.7424242424242424,0.5833333333333334,0.6800356506238859,0.3514085236769566,0.759469696969697,0.6479718854103836,0.677167741207908,0.447415329768271,98,34,26,42,30.0,43.0,82.0,147.0
German Credit,R1_F4,1,4,FrozenChi2Top75,Cost5,12.241379310344826,15,53,0.04963860003044829,0.2795515000470914,0.69,0.5319148936170213,0.7352941176470589,0.6666666666666666,0.6172839506172839,0.7009803921568627,0.38151203932580435,0.7628119429590018,0.6457920551682464,0.7001400420140049,0.44429590017825316,88,44,18,50,31.0,40.0,67.0,112.0
German Credit,R1_F5,1,5,AllFeatures,Unweighted,1.0,20,61,0.0,0.2629660000093281,0.76,0.5576923076923077,0.5370370370370371,0.8424657534246576,0.5471698113207547,0.6897513952308474,0.3841101220961904,0.7954084221207509,0.5809594924991544,0.6726331184415121,0.5086250634195839,123,23,25,29,24.0,36.5,74.0,136.5
German Credit,R1_F5,1,5,AllFeatures,Balanced,2.252032520325203,20,61,0.0,0.2819811999797821,0.755,0.5352112676056338,0.7037037037037037,0.773972602739726,0.608,0.7388381532217149,0.4431828830283984,0.7929984779299847,0.5749281815541335,0.7380022947885329,0.5271435819381025,113,33,16,38,24.5,32.5,56.5,96.5
German Credit,R1_F5,1,5,AllFeatures,Cost2,4.504065040650406,20,61,0.0,0.2838171999901533,0.725,0.49411764705882355,0.7777777777777778,0.7054794520547946,0.60431654676259,0.7416286149162862,0.4340035529292382,0.7978183663115169,0.5735835040756642,0.740747082671989,0.5235920852359208,103,43,12,42,27.5,33.5,51.5,81.5
German Credit,R1_F5,1,5,AllFeatures,Cost5,11.260162601626016,20,61,0.0,0.2801756000262685,0.675,0.44329896907216493,0.7962962962962963,0.6301369863013698,0.5695364238410596,0.713216641298833,0.37880867997414835,0.7904616945712837,0.5596254677507275,0.7083613120089851,0.5284119736174531,92,54,11,43,32.5,38.0,54.5,82.0
German Credit,R1_F5,1,5,FrozenChi2Top75,Unweighted,1.0,15,52,0.049731100036296993,0.2627206000033766,0.75,0.5357142857142857,0.5555555555555556,0.821917808219178,0.5454545454545454,0.6887366818873668,0.37323671597923114,0.7773972602739727,0.5529431059288595,0.6757373783994859,0.4764079147640792,120,26,24,30,25.0,37.0,73.0,133.0
German Credit,R1_F5,1,5,FrozenChi2Top75,Balanced,2.252032520325203,15,52,0.049731100036296993,0.27140959998359904,0.74,0.5135135135135135,0.7037037037037037,0.7534246575342466,0.59375,0.7285641806189751,0.42034931311290225,0.7900811770674785,0.5498965144954422,0.7281399054910697,0.4928970065956367,110,36,16,38,26.0,34.0,58.0,98.0
German Credit,R1_F5,1,5,FrozenChi2Top75,Cost2,4.504065040650406,15,52,0.049731100036296993,0.2678897000150755,0.71,0.47674418604651164,0.7592592592592593,0.6917808219178082,0.5857142857142857,0.7255200405885338,0.40447044533954174,0.7869101978691019,0.5626070534536494,0.7247351201777631,0.48604769152714355,101,45,13,41,29.0,35.5,55.0,87.5
German Credit,R1_F5,1,5,FrozenChi2Top75,Cost5,11.260162601626016,15,52,0.049731100036296993,0.264393099991139,0.655,0.42718446601941745,0.8148148148148148,0.5958904109589042,0.5605095541401274,0.7053526128868595,0.36483715221781454,0.7853881278538812,0.5547972166457394,0.6968072436875232,0.4928970065956367,87,59,10,44,34.5,39.5,54.5,79.5
German Credit,R2_F1,2,1,AllFeatures,Unweighted,1.0,20,61,0.0,0.28975270001683384,0.805,0.7608695652173914,0.5555555555555556,0.9197080291970803,0.6422018348623854,0.7376317923763179,0.5245970227043623,0.8097555323832696,0.7158187572378861,0.7148069005748959,0.5365542810798285,126,11,28,35,19.5,33.5,75.5,145.5
German Credit,R2_F1,2,1,AllFeatures,Balanced,2.3755274261603376,20,61,0.0,0.2823087999713607,0.785,0.6470588235294118,0.6984126984126984,0.8248175182481752,0.6717557251908397,0.7616151083304368,0.5130762985664804,0.8103348395319198,0.7241175043391458,0.7589881610524456,0.5378287568068589,113,24,19,44,21.5,31.0,59.5,107.0
German Credit,R2_F1,2,1,AllFeatures,Cost2,4.751054852320675,20,61,0.0,0.34896680002566427,0.725,0.5465116279069767,0.746031746031746,0.7153284671532847,0.6308724832214765,0.7306801065925154,0.4328815202070891,0.7970107751129649,0.7190158948179455,0.7305188192898097,0.5194067894797822,98,39,16,47,27.5,35.5,59.5,99.5
German Credit,R2_F1,2,1,AllFeatures,Cost5,11.877637130801688,20,61,0.0,0.28868950001196936,0.66,0.47572815533980584,0.7777777777777778,0.6058394160583942,0.5903614457831325,0.691808596918086,0.35655303945150213,0.7978218051210753,0.7169782122662843,0.6864462358495999,0.5099061522419187,83,54,14,49,34.0,41.0,62.0,97.0
German Credit,R2_F1,2,1,FrozenChi2Top75,Unweighted,1.0,15,52,0.049643300008028746,0.2679064000258222,0.785,0.6923076923076923,0.5714285714285714,0.8832116788321168,0.6260869565217392,0.727320125130344,0.4814663183976856,0.8057003823427181,0.7157601956952307,0.7104170520926892,0.5133819951338199,121,16,27,36,21.5,35.0,75.5,143.0
German Credit,R2_F1,2,1,FrozenChi2Top75,Balanced,2.3755274261603376,15,52,0.049643300008028746,0.26212470000609756,0.74,0.5733333333333334,0.6825396825396826,0.7664233576642335,0.6231884057971014,0.7244815201019581,0.4307799785864612,0.8046576294751477,0.7091303521065424,0.7232664482962994,0.5051558336229869,105,32,20,43,26.0,36.0,66.0,116.0
German Credit,R2_F1,2,1,FrozenChi2Top75,Cost2,4.751054852320675,15,52,0.049643300008028746,0.26589809998404235,0.73,0.5517241379310345,0.7619047619047619,0.7153284671532847,0.64,0.7386166145290233,0.4471594214749623,0.7955045765264743,0.6934914882648806,0.73824939244819,0.5330784381879272,98,39,15,48,27.0,34.5,57.0,94.5
German Credit,R2_F1,2,1,FrozenChi2Top75,Cost5,11.877637130801688,15,52,0.049643300008028746,0.2668875999515876,0.675,0.49,0.7777777777777778,0.6277372262773723,0.6012269938650306,0.702757502027575,0.37673631550369885,0.7986328351291855,0.7053265840588785,0.6987417726760013,0.5146564708608504,86,51,14,49,32.5,39.5,60.5,95.5
German Credit,R2_F2,2,2,AllFeatures,Unweighted,1.0,20,61,0.0,0.2686470000189729,0.775,0.5121951219512195,0.45652173913043476,0.8701298701298701,0.4827586206896552,0.6633258046301524,0.3405129144675902,0.8027950310559008,0.5495064512871637,0.6302643902213004,0.5211744776962168,134,20,25,21,22.5,35.0,72.5,135.0
German Credit,R2_F2,2,2,AllFeatures,Balanced,2.1496062992125986,20,61,0.0,0.2818529999931343,0.755,0.4716981132075472,0.5434782608695652,0.8181818181818182,0.5050505050505051,0.6808300395256917,0.3448603359800324,0.8063241106719367,0.5463926916270835,0.6668313367115806,0.5189158667419537,126,28,21,25,24.5,35.0,66.5,119.0
German Credit,R2_F2,2,2,AllFeatures,Cost2,4.299212598425197,20,61,0.0,0.2857296000001952,0.72,0.4305555555555556,0.6739130434782609,0.7337662337662337,0.5254237288135594,0.7038396386222473,0.3574264433424051,0.7957368718238284,0.5511718586966308,0.7032031255611594,0.4929418407679277,113,41,15,31,28.0,35.5,58.0,95.5
German Credit,R2_F2,2,2,AllFeatures,Cost5,10.748031496062993,20,61,0.0,0.2802699999883771,0.705,0.42857142857142855,0.8478260869565217,0.6623376623376623,0.5693430656934306,0.755081874647092,0.4311366340879243,0.7919254658385093,0.4983317088316753,0.7493644964259184,0.5276679841897233,102,52,7,39,29.5,33.0,43.5,61.0
German Credit,R2_F2,2,2,FrozenChi2Top75,Unweighted,1.0,15,53,0.05034489999525249,0.26205799996387213,0.795,0.5555555555555556,0.5434782608695652,0.8701298701298701,0.5494505494505495,0.7068040654997176,0.4168273795567536,0.8123941276115189,0.5613014316652942,0.687674827624832,0.5448898927159797,134,20,21,25,20.5,31.0,62.5,115.0
German Credit,R2_F2,2,2,FrozenChi2Top75,Balanced,2.1496062992125986,15,53,0.05034489999525249,0.26138659997377545,0.74,0.453125,0.6304347826086957,0.7727272727272727,0.5272727272727272,0.7015810276679841,0.36371355406021727,0.7982778091473743,0.5402595197686918,0.6979642900590463,0.5059288537549407,119,35,17,29,26.0,34.5,60.0,102.5
German Credit,R2_F2,2,2,FrozenChi2Top75,Cost2,4.299212598425197,15,53,0.05034489999525249,0.2648533000028692,0.71,0.42857142857142855,0.782608695652174,0.6883116883116883,0.5538461538461539,0.7354601919819311,0.4015301195107625,0.8011010728402033,0.5589585631547748,0.7339473500134435,0.5143986448334275,106,48,10,36,29.0,34.0,49.0,74.0
German Credit,R2_F2,2,2,FrozenChi2Top75,Cost5,10.748031496062993,15,53,0.05034489999525249,0.2686859999666922,0.67,0.3979591836734694,0.8478260869565217,0.6168831168831169,0.5416666666666666,0.7323546019198193,0.391207729088944,0.8035008469791078,0.5748707722967156,0.7231940258993818,0.5166572557876905,95,59,7,39,33.0,36.5,47.0,64.5
German Credit,R2_F3,2,3,AllFeatures,Unweighted,1.0,20,61,0.0,0.2715288999606855,0.725,0.6,0.46153846153846156,0.8518518518518519,0.5217391304347826,0.6566951566951567,0.3389834532487511,0.7603418803418803,0.6347435895073967,0.6270266287506402,0.4256410256410256,115,20,35,30,27.5,45.0,97.5,185.0
German Credit,R2_F3,2,3,AllFeatures,Balanced,2.404255319148936,20,61,0.0,0.2800956999999471,0.695,0.5263157894736842,0.6153846153846154,0.7333333333333333,0.5673758865248227,0.6743589743589744,0.33649624728242866,0.7717378917378918,0.6508884467422346,0.6717752982077052,0.42849002849002854,99,36,25,40,30.5,43.0,80.5,143.0
German Credit,R2_F3,2,3,AllFeatures,Cost2,4.808510638297872,20,61,0.0,0.2818489999626763,0.695,0.5227272727272727,0.7076923076923077,0.6888888888888889,0.6013071895424836,0.6982905982905983,0.37420133621706914,0.7693447293447293,0.6435035430013029,0.698227303620653,0.4056980056980057,93,42,19,46,30.5,40.0,68.5,116.0
German Credit,R2_F3,2,3,AllFeatures,Cost5,12.02127659574468,20,61,0.0,0.2851565000019036,0.645,0.47115384615384615,0.7538461538461538,0.5925925925925926,0.5798816568047337,0.6732193732193732,0.3247863247863248,0.7498575498575499,0.6270493152222286,0.668373882436804,0.41196581196581195,80,55,16,49,35.5,43.5,67.5,107.5
German Credit,R2_F3,2,3,FrozenChi2Top75,Unweighted,1.0,15,52,0.048616599990054965,0.26782579999417067,0.735,0.6428571428571429,0.4153846153846154,0.8888888888888888,0.5046728971962616,0.6521367521367522,0.3498924006676127,0.7536182336182335,0.6167265083174625,0.6076436202502,0.45299145299145305,120,15,38,27,26.5,45.5,102.5,197.5
German Credit,R2_F3,2,3,FrozenChi2Top75,Balanced,2.404255319148936,15,52,0.048616599990054965,0.2652692000265233,0.74,0.5783132530120482,0.7384615384615385,0.7407407407407407,0.6486486486486487,0.7396011396011396,0.455523157855629,0.7675213675213676,0.6170938021094823,0.7396002616336389,0.49401709401709404,100,35,17,48,26.0,34.5,60.0,102.5
German Credit,R2_F3,2,3,FrozenChi2Top75,Cost2,4.808510638297872,15,52,0.048616599990054965,0.2719238999998197,0.7,0.5268817204301075,0.7538461538461538,0.674074074074074,0.620253164556962,0.7139601139601139,0.40183986167221697,0.766951566951567,0.6130957075667396,0.7128451081042417,0.45014245014245013,91,44,16,49,30.0,38.0,62.0,102.0
German Credit,R2_F3,2,3,FrozenChi2Top75,Cost5,12.02127659574468,15,52,0.048616599990054965,0.27267410000786185,0.655,0.4811320754716981,0.7846153846153846,0.5925925925925926,0.5964912280701754,0.6886039886039885,0.3539872108699616,0.7538461538461537,0.6111498815877044,0.6818777492756783,0.44102564102564107,80,55,14,51,34.5,41.5,62.5,97.5
German Credit,R2_F4,2,4,AllFeatures,Unweighted,1.0,20,61,0.0,0.27804369997465983,0.77,0.625,0.5172413793103449,0.8732394366197183,0.5660377358490566,0.6952404079650316,0.41487327382900147,0.8000242836328315,0.6199497186338137,0.6720681294819533,0.5152986886838271,124,18,28,30,23.0,37.0,79.0,149.0
German Credit,R2_F4,2,4,AllFeatures,Balanced,2.3057851239669422,20,61,0.0,0.28619590000016615,0.76,0.578125,0.6379310344827587,0.8098591549295775,0.6065573770491803,0.7238950947061681,0.4355853875979619,0.796138902379796,0.6358235417874872,0.7187727655452438,0.49951432734337065,115,27,21,37,24.0,34.5,66.0,118.5
German Credit,R2_F4,2,4,AllFeatures,Cost2,4.6115702479338845,20,61,0.0,0.2832878000335768,0.74,0.5394736842105263,0.7068965517241379,0.7535211267605634,0.6119402985074627,0.7302088392423507,0.43042007711753477,0.7956532297231667,0.6398164697919599,0.7298366160712474,0.4839728023312287,107,35,17,41,26.0,34.5,60.0,102.5
German Credit,R2_F4,2,4,AllFeatures,Cost5,11.52892561983471,20,61,0.0,0.2811121999984607,0.71,0.5,0.7931034482758621,0.676056338028169,0.6133333333333333,0.7345798931520156,0.42714286603796064,0.7951675570665372,0.6415846149458736,0.7322449132079326,0.5082564351627004,96,46,12,46,29.0,35.0,53.0,83.0
German Credit,R2_F4,2,4,FrozenChi2Top75,Unweighted,1.0,15,52,0.048889199970290065,0.2611287999898195,0.745,0.574468085106383,0.46551724137931033,0.8591549295774648,0.5142857142857142,0.6623360854783875,0.3474630196327308,0.7822972316658572,0.5735068261245262,0.632417135073313,0.4611461874696455,122,20,31,27,25.5,41.0,87.5,165.0
German Credit,R2_F4,2,4,FrozenChi2Top75,Balanced,2.3057851239669422,15,52,0.048889199970290065,0.26898090000031516,0.765,0.5901639344262295,0.6206896551724138,0.823943661971831,0.6050420168067226,0.7223166585721223,0.4382156196235105,0.7751335599805731,0.5864868187910113,0.715131671394011,0.46357455075279264,117,25,22,36,23.5,34.5,67.5,122.5
German Credit,R2_F4,2,4,FrozenChi2Top75,Cost2,4.6115702479338845,15,52,0.048889199970290065,0.2700073999585584,0.705,0.4939759036144578,0.7068965517241379,0.704225352112676,0.5815602836879432,0.705560951918407,0.37861412110781073,0.7750121418164158,0.5888248306095978,0.7055596877976855,0.45191840699368624,100,42,17,41,29.5,38.0,63.5,106.0
German Credit,R2_F4,2,4,FrozenChi2Top75,Cost5,11.52892561983471,15,52,0.048889199970290065,0.26468990003922954,0.69,0.4791666666666667,0.7931034482758621,0.647887323943662,0.5974025974025974,0.720495386109762,0.4005303081097288,0.770033997085964,0.5855737635284379,0.7168275041555945,0.4698882952889752,92,50,12,46,31.0,37.0,55.0,85.0
German Credit,R2_F5,2,5,AllFeatures,Unweighted,1.0,20,61,0.0,0.32703639997635037,0.725,0.6382978723404256,0.4411764705882353,0.8712121212121212,0.5217391304347826,0.6561942959001783,0.3490132725484676,0.7781862745098038,0.6346753506296392,0.619966360998767,0.4353832442067736,115,17,38,30,27.5,46.5,103.5,198.5
German Credit,R2_F5,2,5,AllFeatures,Balanced,2.4482758620689653,20,61,0.0,0.28341430000727996,0.725,0.5942028985507246,0.6029411764705882,0.7878787878787878,0.5985401459854015,0.695409982174688,0.3894556148687908,0.7711675579322638,0.6192329770109288,0.6892347664474401,0.42602495543672014,104,28,27,41,27.5,41.0,81.5,149.0
German Credit,R2_F5,2,5,AllFeatures,Cost2,4.896551724137931,20,61,0.0,0.2799809999996796,0.74,0.6052631578947368,0.6764705882352942,0.7727272727272727,0.6388888888888888,0.7245989304812834,0.43839083151778746,0.7827540106951871,0.637844078282997,0.7229988054812212,0.45677361853832443,102,30,22,46,26.0,37.0,70.0,125.0
German Credit,R2_F5,2,5,AllFeatures,Cost5,12.241379310344826,20,61,0.0,0.2793804999673739,0.685,0.5252525252525253,0.7647058823529411,0.6439393939393939,0.6227544910179641,0.7043226381461676,0.387177062791462,0.7775178253119429,0.6190493148171701,0.701729465267237,0.46479500891265596,85,47,16,52,31.5,39.5,63.5,103.5
German Credit,R2_F5,2,5,FrozenChi2Top75,Unweighted,1.0,15,52,0.048984199995175004,0.2621262000175193,0.73,0.6458333333333334,0.45588235294117646,0.8712121212121212,0.5344827586206896,0.6635472370766489,0.36280412531966827,0.7721702317290553,0.628256728164444,0.630214433132926,0.42602495543672014,115,17,37,31,27.0,45.5,101.0,193.5
German Credit,R2_F5,2,5,FrozenChi2Top75,Balanced,2.4482758620689653,15,52,0.048984199995175004,0.2617430000100285,0.735,0.6153846153846154,0.5882352941176471,0.8106060606060606,0.6015037593984962,0.6994206773618539,0.4033834185065438,0.7677139037433156,0.6063344708348237,0.6905266790458956,0.42557932263814624,107,25,28,40,26.5,40.5,82.5,152.5
German Credit,R2_F5,2,5,FrozenChi2Top75,Cost2,4.896551724137931,15,52,0.048984199995175004,0.26929819997167215,0.695,0.5432098765432098,0.6470588235294118,0.7196969696969697,0.5906040268456376,0.6833778966131907,0.35391780715809795,0.7614750445632799,0.5904985976392931,0.6824121002076414,0.42825311942959005,95,37,24,44,30.5,42.5,78.5,138.5
German Credit,R2_F5,2,5,FrozenChi2Top75,Cost5,12.241379310344826,15,52,0.048984199995175004,0.263525300018955,0.645,0.48514851485148514,0.7205882352941176,0.6060606060606061,0.5798816568047337,0.6633244206773619,0.3094883173676572,0.7600267379679144,0.5996216972143749,0.6608480480431909,0.42691622103386806,80,52,19,49,35.5,45.0,73.5,121.0
German Credit,R3_F1,3,1,AllFeatures,Unweighted,1.0,20,61,0.0,0.2634443999850191,0.78,0.6190476190476191,0.48148148148148145,0.8904109589041096,0.5416666666666666,0.6859462201927955,0.40535680619312114,0.8012430238457635,0.6175357464600374,0.6547643756501244,0.4756468797564688,130,16,28,26,22.0,36.0,78.0,148.0
German Credit,R3_F1,3,1,AllFeatures,Balanced,2.252032520325203,20,61,0.0,0.28567409998504445,0.765,0.5573770491803278,0.6296296296296297,0.815068493150685,0.591304347826087,0.7223490613901573,0.42881136417320304,0.802257737189244,0.6282614959355217,0.7163736967988468,0.45941146626078133,119,27,20,34,23.5,33.5,63.5,113.5
German Credit,R3_F1,3,1,AllFeatures,Cost2,4.504065040650406,20,61,0.0,0.28503919998183846,0.695,0.4588235294117647,0.7222222222222222,0.684931506849315,0.5611510791366906,0.7035768645357686,0.3656565367199094,0.8040334855403348,0.6219270110978374,0.7033297625912951,0.4720953830542872,100,46,15,39,30.5,38.0,60.5,98.0
German Credit,R3_F1,3,1,AllFeatures,Cost5,11.260162601626016,20,61,0.0,0.2829462999943644,0.68,0.45,0.8333333333333334,0.6232876712328768,0.5844155844155844,0.7283105022831051,0.4054424270396916,0.8020040588533739,0.6369124551991211,0.7206985449507054,0.4599188229325215,91,55,9,45,32.0,36.5,50.0,72.5
German Credit,R3_F1,3,1,FrozenChi2Top75,Unweighted,1.0,15,52,0.04897269996581599,0.26348520000465214,0.775,0.6153846153846154,0.4444444444444444,0.8972602739726028,0.5161290322580645,0.6708523592085236,0.38289442416496655,0.8084728564180619,0.6101329383401108,0.631492156711248,0.5134449518011162,131,15,30,24,22.5,37.5,82.5,157.5
German Credit,R3_F1,3,1,FrozenChi2Top75,Balanced,2.252032520325203,15,52,0.04897269996581599,0.2678400999866426,0.76,0.5441176470588235,0.6851851851851852,0.7876712328767124,0.6065573770491803,0.7364282090309489,0.44316063288504864,0.8107559614408929,0.6087758003791282,0.7346432192320795,0.49543378995433784,115,31,17,37,24.0,32.5,58.0,100.5
German Credit,R3_F1,3,1,FrozenChi2Top75,Cost2,4.504065040650406,15,52,0.04897269996581599,0.2649817000492476,0.695,0.45977011494252873,0.7407407407407407,0.678082191780822,0.5673758865248227,0.7094114662607813,0.375063595893986,0.8049213597158803,0.6103003777374494,0.7087193415046826,0.45154743784880774,99,47,14,40,30.5,37.5,58.5,93.5
German Credit,R3_F1,3,1,FrozenChi2Top75,Cost5,11.260162601626016,15,52,0.04897269996581599,0.26848709996556863,0.645,0.4174757281553398,0.7962962962962963,0.589041095890411,0.5477707006369427,0.6926686960933537,0.3423024300301793,0.7989599188229325,0.626653410080199,0.6848731583467451,0.47691527143581935,86,60,11,43,35.5,41.0,57.5,85.0
German Credit,R3_F2,3,2,AllFeatures,Unweighted,1.0,20,61,0.0,0.27061790000880137,0.765,0.6666666666666666,0.5757575757575758,0.8582089552238806,0.6178861788617886,0.7169832654907282,0.452038220783977,0.7990728177295342,0.6924571481464091,0.7029369157706425,0.48756218905472637,115,19,28,38,23.5,37.5,79.5,149.5
German Credit,R3_F2,3,2,AllFeatures,Balanced,2.4188034188034186,20,61,0.0,0.2783767000073567,0.755,0.6164383561643836,0.6818181818181818,0.7910447761194029,0.6474820143884892,0.7364314789687924,0.46184513265312815,0.7963591135232926,0.6902129949140776,0.7344036430945192,0.47286295793758476,106,28,21,45,24.5,35.0,66.5,119.0
German Credit,R3_F2,3,2,AllFeatures,Cost2,4.837606837606837,20,61,0.0,0.28139509999891743,0.74,0.5875,0.7121212121212122,0.753731343283582,0.6438356164383562,0.732926277702397,0.44713352408561824,0.7964721845318861,0.6802265469292498,0.7326309287716797,0.5255540479421077,101,33,19,47,26.0,35.5,64.0,111.5
German Credit,R3_F2,3,2,AllFeatures,Cost5,12.094017094017094,20,61,0.0,0.2843599999905564,0.685,0.5154639175257731,0.7575757575757576,0.6492537313432836,0.6134969325153374,0.7034147444595206,0.3827650824076701,0.7825644504748983,0.6742230499377888,0.701326519804631,0.495703301673451,87,47,16,50,31.5,39.5,63.5,103.5
German Credit,R3_F2,3,2,FrozenChi2Top75,Unweighted,1.0,15,53,0.04878820001613349,0.2619968000217341,0.765,0.6727272727272727,0.5606060606060606,0.8656716417910447,0.6115702479338843,0.7131388511985526,0.4489021003277125,0.788783355947535,0.6657878445519179,0.6966353198646035,0.494572591587517,116,18,29,37,23.5,38.0,81.5,154.0
German Credit,R3_F2,3,2,FrozenChi2Top75,Balanced,2.4188034188034186,15,53,0.04878820001613349,0.2638858000282198,0.755,0.6197183098591549,0.6666666666666666,0.7985074626865671,0.6423357664233577,0.7325870646766168,0.45710491484203986,0.788783355947535,0.6445346684954197,0.7296151783356151,0.4665309814563546,107,27,22,44,24.5,35.5,68.5,123.5
German Credit,R3_F2,3,2,FrozenChi2Top75,Cost2,4.837606837606837,15,53,0.04878820001613349,0.2724078999599442,0.725,0.5647058823529412,0.7272727272727273,0.7238805970149254,0.6357615894039735,0.7255766621438263,0.4291312539728854,0.7881049298959747,0.6329395578040344,0.7255746798303087,0.46607869742198105,97,37,18,48,27.5,36.5,63.5,108.5
German Credit,R3_F2,3,2,FrozenChi2Top75,Cost5,12.094017094017094,15,53,0.04878820001613349,0.2686534999520518,0.7,0.53125,0.7727272727272727,0.664179104477612,0.6296296296296297,0.7184531886024423,0.4112069673826136,0.7836951605608322,0.623366409833241,0.7164002428848188,0.473767526006332,89,45,15,51,30.0,37.5,60.0,97.5
German Credit,R3_F3,3,3,AllFeatures,Unweighted,1.0,20,61,0.0,0.2698298000032082,0.775,0.55,0.4489795918367347,0.8807947019867549,0.4943820224719101,0.6648871469117448,0.3545792570360052,0.770509528314637,0.5528639169617,0.6288551866606267,0.5050682524665495,133,18,27,22,22.5,36.0,76.5,144.0
German Credit,R3_F3,3,3,AllFeatures,Balanced,2.187250996015936,20,61,0.0,0.28957349999109283,0.76,0.509090909090909,0.5714285714285714,0.8211920529801324,0.5384615384615384,0.6963103122043519,0.3781762727616717,0.760778483578862,0.5463318187609556,0.6850201469321415,0.4814164076226517,124,27,21,28,24.0,34.5,66.0,118.5
German Credit,R3_F3,3,3,AllFeatures,Cost2,4.374501992031872,20,61,0.0,0.2851465999847278,0.74,0.48,0.7346938775510204,0.7417218543046358,0.5806451612903226,0.7382078659278282,0.42324025703815876,0.7548317340181105,0.5433781567169902,0.7381995023050381,0.4764157318556562,112,39,13,36,26.0,32.5,52.0,84.5
German Credit,R3_F3,3,3,AllFeatures,Cost5,10.936254980079681,20,61,0.0,0.28502389998175204,0.695,0.42857142857142855,0.7346938775510204,0.6821192052980133,0.5413533834586466,0.7084065414245169,0.36321118836694466,0.7509122854439789,0.5490880450497512,0.707918642142173,0.44776321124476276,103,48,13,36,30.5,37.0,56.5,89.0
German Credit,R3_F3,3,3,FrozenChi2Top75,Unweighted,1.0,15,52,0.05131419998360798,0.26773449999745935,0.77,0.5348837209302325,0.46938775510204084,0.8675496688741722,0.5,0.6684687119881065,0.3527375635908228,0.7737532098932287,0.5467141550759647,0.6381357155906309,0.5161508311934045,131,20,26,23,23.0,36.0,75.0,140.0
German Credit,R3_F3,3,3,FrozenChi2Top75,Balanced,2.187250996015936,15,52,0.05131419998360798,0.2702587000094354,0.765,0.5172413793103449,0.6122448979591837,0.8145695364238411,0.5607476635514018,0.7134072171915125,0.4045455637319612,0.7699689147182052,0.5404065132119996,0.7061983026802557,0.5039870252736856,123,28,19,30,23.5,33.0,61.5,109.0
German Credit,R3_F3,3,3,FrozenChi2Top75,Cost2,4.374501992031872,15,52,0.05131419998360798,0.2702137000160292,0.745,0.4857142857142857,0.6938775510204082,0.7615894039735099,0.5714285714285714,0.727733477496959,0.41069809749858416,0.7560481146100824,0.5258781483793908,0.7269455210070638,0.4764157318556562,115,36,15,34,25.5,33.0,55.5,93.0
German Credit,R3_F3,3,3,FrozenChi2Top75,Cost5,10.936254980079681,15,52,0.05131419998360798,0.2701534000225365,0.69,0.4235294117647059,0.7346938775510204,0.6754966887417219,0.5373134328358209,0.7050952831463712,0.35687308793164735,0.7484795242600352,0.5331205414274273,0.7044737621264048,0.41411001486687393,102,49,13,36,31.0,37.5,57.0,89.5
German Credit,R3_F4,3,4,AllFeatures,Unweighted,1.0,20,61,0.0,0.2712519000051543,0.685,0.5652173913043478,0.37681159420289856,0.8473282442748091,0.45217391304347826,0.6120699192388539,0.25318616557304763,0.7631375152118597,0.5685538680470902,0.565051419375559,0.43146365748423504,111,20,43,26,31.5,53.0,117.5,225.0
German Credit,R3_F4,3,4,AllFeatures,Balanced,2.463203463203463,20,61,0.0,0.33789429999887943,0.715,0.5909090909090909,0.5652173913043478,0.7938931297709924,0.5777777777777777,0.67955526053767,0.36304792203210734,0.7756388981081979,0.5746024424625116,0.669867303115777,0.5047018475495076,104,27,30,39,28.5,43.5,88.5,163.5
German Credit,R3_F4,3,4,AllFeatures,Cost2,4.926406926406926,20,61,0.0,0.28821179998340085,0.685,0.5357142857142857,0.6521739130434783,0.7022900763358778,0.5882352941176471,0.6772319946896781,0.34140012561337424,0.765571412766899,0.5788636403714114,0.6767682521924122,0.4535899988936829,92,39,24,45,31.5,43.5,79.5,139.5
German Credit,R3_F4,3,4,AllFeatures,Cost5,12.316017316017316,20,61,0.0,0.288326199981384,0.67,0.514018691588785,0.7971014492753623,0.6030534351145038,0.625,0.7000774421949331,0.3813773989289906,0.7685584688571745,0.584987801228786,0.6933215467012811,0.4344507135745104,79,52,14,55,33.0,40.0,61.0,96.0
German Credit,R3_F4,3,4,FrozenChi2Top75,Unweighted,1.0,15,53,0.05135530000552535,0.2721986999968067,0.705,0.6041666666666666,0.42028985507246375,0.8549618320610687,0.49572649572649574,0.6376258435667662,0.30637108186155265,0.7765239517645757,0.5805985895614028,0.5994428951029737,0.4993915256112402,112,19,40,29,29.5,49.5,109.5,209.5
German Credit,R3_F4,3,4,FrozenChi2Top75,Balanced,2.463203463203463,15,53,0.05135530000552535,0.27291840000543743,0.705,0.5675675675675675,0.6086956521739131,0.7557251908396947,0.5874125874125874,0.6822104215068039,0.35880812531823,0.7729837371390641,0.5834359846521057,0.6782378918214632,0.4856731939373824,99,32,27,42,29.5,43.0,83.5,151.0
German Credit,R3_F4,3,4,FrozenChi2Top75,Cost2,4.926406926406926,15,53,0.05135530000552535,0.27654490002896637,0.695,0.5425531914893617,0.7391304347826086,0.6717557251908397,0.6257668711656442,0.7054430799867242,0.39134955720874104,0.7661245713021352,0.5709686616435168,0.7046382768683602,0.45668768669100557,88,43,18,51,30.5,39.5,66.5,111.5
German Credit,R3_F4,3,4,FrozenChi2Top75,Cost5,12.316017316017316,15,53,0.05135530000552535,0.27231420000316575,0.655,0.5,0.8115942028985508,0.5725190839694656,0.6187845303867403,0.6920566434340082,0.36784865793786387,0.7633587786259542,0.5747622796540443,0.6816547290222572,0.4253789135966368,75,56,13,56,34.5,41.0,60.5,93.0
German Credit,R3_F5,3,5,AllFeatures,Unweighted,1.0,20,61,0.0,0.2730720999534242,0.73,0.5952380952380952,0.4032258064516129,0.8768115942028986,0.4807692307692308,0.6400187003272557,0.3179788520117877,0.7702197288452549,0.6594730988384339,0.5946032813385645,0.41070593735390365,121,17,37,25,27.0,45.5,101.0,193.5
German Credit,R3_F5,3,5,AllFeatures,Balanced,2.361344537815126,20,61,0.0,0.2863342000055127,0.735,0.5818181818181818,0.5161290322580645,0.8333333333333334,0.5470085470085471,0.674731182795699,0.36196823032422004,0.7758298270219729,0.6710101385399851,0.6558258357839529,0.43267882187938295,115,23,30,32,26.5,41.5,86.5,161.5
German Credit,R3_F5,3,5,AllFeatures,Cost2,4.722689075630252,20,61,0.0,0.2908712000353262,0.71,0.527027027027027,0.6290322580645161,0.7463768115942029,0.5735294117647058,0.6877045348293596,0.35961600840785246,0.7681159420289855,0.6601341438570357,0.6851971184732868,0.40836839644693784,103,35,23,39,29.0,40.5,75.0,132.5
German Credit,R3_F5,3,5,AllFeatures,Cost5,11.806722689075631,20,61,0.0,0.28678170003695413,0.65,0.45918367346938777,0.7258064516129032,0.6159420289855072,0.5625,0.6708742402992052,0.31617596781543156,0.7759467040673212,0.6752723451784475,0.6686214911721152,0.46891070593735396,85,53,17,45,35.0,43.5,69.0,111.5
German Credit,R3_F5,3,5,FrozenChi2Top75,Unweighted,1.0,15,52,0.05113799998071045,0.29066290002083406,0.77,0.7105263157894737,0.43548387096774194,0.9202898550724637,0.54,0.6778868630201028,0.41943044825151354,0.7671809256661991,0.6637992616410326,0.6330650744586205,0.3931743805516596,127,11,35,27,23.0,40.5,93.0,180.5
German Credit,R3_F5,3,5,FrozenChi2Top75,Balanced,2.361344537815126,15,52,0.05113799998071045,0.2683612999971956,0.73,0.5714285714285714,0.5161290322580645,0.8260869565217391,0.5423728813559322,0.6711079943899019,0.3525010580494761,0.7592332865825151,0.6461602844809997,0.6529681932763456,0.4062646096306685,114,24,30,32,27.0,42.0,87.0,162.0
German Credit,R3_F5,3,5,FrozenChi2Top75,Cost2,4.722689075630252,15,52,0.05113799998071045,0.27499609999358654,0.69,0.5,0.5967741935483871,0.7318840579710145,0.5441176470588235,0.6643291257597008,0.3148319475849568,0.7518700327255727,0.6414076420423835,0.6608854049429245,0.3835904628330996,101,37,25,37,31.0,43.5,81.0,143.5
German Credit,R3_F5,3,5,FrozenChi2Top75,Cost5,11.806722689075631,15,52,0.05113799998071045,0.28631490003317595,0.645,0.45454545454545453,0.7258064516129032,0.6086956521739131,0.5590062111801242,0.6672510518934082,0.30942539732775326,0.759116409537167,0.655102184966358,0.6646767871804685,0.41631603553062174,84,54,17,45,35.5,44.0,69.5,112.0
German Credit,R4_F1,4,1,AllFeatures,Unweighted,1.0,20,61,0.0,0.27613579999888316,0.79,0.7021276595744681,0.5409836065573771,0.8992805755395683,0.6111111111111112,0.7201320910484728,0.4780694896171276,0.8307583441443567,0.6870645050839365,0.6974926874615887,0.509494044108975,125,14,28,33,21.0,35.0,77.0,147.0
German Credit,R4_F1,4,1,AllFeatures,Balanced,2.3472803347280333,20,61,0.0,0.28284010000061244,0.755,0.5882352941176471,0.6557377049180327,0.7985611510791367,0.6201550387596899,0.7271494279985847,0.441542527029114,0.8249793607736761,0.6886187592322489,0.7236343389069755,0.5114989975232929,111,28,21,40,24.5,35.0,66.5,119.0
German Credit,R4_F1,4,1,AllFeatures,Cost2,4.694560669456067,20,61,0.0,0.2902757999836467,0.725,0.5340909090909091,0.7704918032786885,0.7050359712230215,0.6308724832214765,0.737763887250855,0.44106018814769643,0.8214412076895861,0.6778525297354664,0.7370376088395811,0.4910956480717066,98,41,14,47,27.5,34.5,55.5,90.5
German Credit,R4_F1,4,1,AllFeatures,Cost5,11.736401673640167,20,61,0.0,0.2842812000308186,0.69,0.494949494949495,0.8032786885245902,0.6402877697841727,0.6125,0.7217832291543814,0.4084630083285915,0.8219129614341314,0.6911640930388948,0.7171677070187732,0.49628493926170536,89,50,12,49,31.0,37.0,55.0,85.0
German Credit,R4_F1,4,1,FrozenChi2Top75,Unweighted,1.0,15,53,0.051304399967193604,0.2725456000189297,0.78,0.660377358490566,0.5737704918032787,0.8705035971223022,0.6140350877192983,0.7221370444627904,0.4634754132984963,0.8285175138577663,0.6730756736344835,0.7067314037435909,0.5690529543578252,121,18,26,35,22.0,35.0,74.0,139.0
German Credit,R4_F1,4,1,FrozenChi2Top75,Balanced,2.3472803347280333,15,53,0.051304399967193604,0.2709953999728896,0.765,0.5875,0.7704918032786885,0.762589928057554,0.6666666666666666,0.7665408656681212,0.5009916651044681,0.8233282226677674,0.6675706272324212,0.7665306835549572,0.5546644651491921,106,33,14,47,23.5,30.5,51.5,86.5
German Credit,R4_F1,4,1,FrozenChi2Top75,Cost2,4.694560669456067,15,53,0.051304399967193604,0.2786843000212684,0.72,0.5274725274725275,0.7868852459016393,0.6906474820143885,0.631578947368421,0.738766363958014,0.44151098551551327,0.8117702559264064,0.6475746441889336,0.737197608322382,0.4910956480717066,96,43,13,48,28.0,34.5,54.0,86.5
German Credit,R4_F1,4,1,FrozenChi2Top75,Cost5,11.736401673640167,15,53,0.051304399967193604,0.2785643999814056,0.685,0.49056603773584906,0.8524590163934426,0.6115107913669064,0.6227544910179641,0.7319849038801745,0.4280013890789538,0.8177851161693596,0.6605224281617358,0.7220026923236565,0.5054841372803397,85,54,9,52,31.5,36.0,49.5,72.0
German Credit,R4_F2,4,2,AllFeatures,Unweighted,1.0,20,61,0.0,0.26975919998949394,0.8,0.6944444444444444,0.46296296296296297,0.9246575342465754,0.5555555555555556,0.6938102486047691,0.4479266144617314,0.7539320142059869,0.6167948388519782,0.6542799032377671,0.4386098427194318,135,11,29,25,20.0,34.5,78.0,150.5
German Credit,R4_F2,4,2,AllFeatures,Balanced,2.252032520325203,20,61,0.0,0.2819749999907799,0.735,0.509090909090909,0.5185185185185185,0.815068493150685,0.5137614678899083,0.6667935058346017,0.3316783275090273,0.7479705733130391,0.6164553598673249,0.6500985368077784,0.3926940639269406,119,27,26,28,26.5,39.5,78.5,143.5
German Credit,R4_F2,4,2,AllFeatures,Cost2,4.504065040650406,20,61,0.0,0.2835037999902852,0.735,0.5068493150684932,0.6851851851851852,0.7534246575342466,0.5826771653543307,0.7193049213597159,0.4044719330371371,0.7560882800608828,0.6221445766200772,0.7184952425003853,0.445459157787925,110,36,17,37,26.5,35.0,60.5,103.0
German Credit,R4_F2,4,2,AllFeatures,Cost5,11.260162601626016,20,61,0.0,0.28844949998892844,0.675,0.43529411764705883,0.6851851851851852,0.6712328767123288,0.5323741007194245,0.678209030948757,0.32009185924702344,0.7501268391679351,0.6153321087379104,0.678173151143955,0.40157280568239473,98,48,17,37,32.5,41.0,66.5,109.0
German Credit,R4_F2,4,2,FrozenChi2Top75,Unweighted,1.0,15,52,0.050147000001743436,0.2723462000139989,0.76,0.5714285714285714,0.4444444444444444,0.8767123287671232,0.5,0.6605783866057838,0.35005574122816596,0.7631912734652461,0.6102275336350981,0.6242194517126963,0.4728564180618976,128,18,30,24,24.0,39.0,84.0,159.0
German Credit,R4_F2,4,2,FrozenChi2Top75,Balanced,2.252032520325203,15,52,0.050147000001743436,0.27450339996721596,0.75,0.5333333333333333,0.5925925925925926,0.8082191780821918,0.5614035087719298,0.7004058853373922,0.3883060273455655,0.754185692541857,0.6133820744673981,0.6920583054358789,0.4474885844748858,118,28,22,32,25.0,36.0,69.0,124.0
German Credit,R4_F2,4,2,FrozenChi2Top75,Cost2,4.504065040650406,15,52,0.050147000001743436,0.27388009999413043,0.73,0.5,0.6666666666666666,0.7534246575342466,0.5714285714285714,0.7100456621004566,0.38854899257970443,0.762937595129376,0.609929630661235,0.7087193415046826,0.47006595636732623,110,36,18,36,27.0,36.0,63.0,108.0
German Credit,R4_F2,4,2,FrozenChi2Top75,Cost5,11.260162601626016,15,52,0.050147000001743436,0.32950589997926727,0.625,0.3894736842105263,0.6851851851851852,0.6027397260273972,0.4966442953020134,0.6439624556062913,0.255974142736391,0.7555809233891425,0.6111021906142595,0.642641681496423,0.44190766108574325,88,58,17,37,37.5,46.0,71.5,114.0
German Credit,R4_F3,4,3,AllFeatures,Unweighted,1.0,20,61,0.0,0.2801110000000335,0.76,0.625,0.5645161290322581,0.8478260869565217,0.5932203389830508,0.70617110799439,0.4247348814202704,0.7751285647498831,0.6251813364716579,0.691817534253984,0.49883122954651704,117,21,27,35,24.0,37.5,78.0,145.5
German Credit,R4_F3,4,3,AllFeatures,Balanced,2.361344537815126,20,61,0.0,0.28761920001124963,0.75,0.5833333333333334,0.6774193548387096,0.782608695652174,0.6268656716417911,0.7300140252454418,0.44324971881602077,0.7796867695184666,0.6436109494079861,0.7281169395776065,0.48667601683029454,108,30,20,42,25.0,35.0,65.0,115.0
German Credit,R4_F3,4,3,AllFeatures,Cost2,4.722689075630252,20,61,0.0,0.28629339998587966,0.73,0.5487804878048781,0.7258064516129032,0.7318840579710145,0.625,0.7288452547919588,0.43038721852302364,0.7685834502103787,0.6296574715066233,0.7288389198636379,0.4682094436652641,101,37,17,45,27.0,35.5,61.0,103.5
German Credit,R4_F3,4,3,AllFeatures,Cost5,11.806722689075631,20,61,0.0,0.2954062999924645,0.69,0.5,0.7419354838709677,0.6666666666666666,0.5974025974025974,0.7043010752688172,0.37916674872319145,0.7649602618045817,0.6108822726952591,0.7032948570222723,0.446236559139785,92,46,16,46,31.0,39.0,63.0,103.0
German Credit,R4_F3,4,3,FrozenChi2Top75,Unweighted,1.0,15,52,0.050561800017021596,0.2710230000084266,0.77,0.6538461538461539,0.5483870967741935,0.8695652173913043,0.5964912280701754,0.7089761570827489,0.44068634386771544,0.7843618513323983,0.6432761972976861,0.6905493067269257,0.4899485741000467,120,18,28,34,23.0,37.0,79.0,149.0
German Credit,R4_F3,4,3,FrozenChi2Top75,Balanced,2.361344537815126,15,52,0.050561800017021596,0.27664589998312294,0.745,0.5714285714285714,0.7096774193548387,0.7608695652173914,0.6330935251798561,0.735273492286115,0.44723982029386433,0.7766479663394109,0.6113713009777333,0.7348278366455073,0.48667601683029454,105,33,18,44,25.5,34.5,61.5,106.5
German Credit,R4_F3,4,3,FrozenChi2Top75,Cost2,4.722689075630252,15,52,0.050561800017021596,0.27191260003019124,0.715,0.5294117647058824,0.7258064516129032,0.7101449275362319,0.6122448979591837,0.7179756895745676,0.40786370576258835,0.77945301542777,0.631630812998878,0.7179329843279071,0.4803646563814866,98,40,17,45,28.5,37.0,62.5,105.0
German Credit,R4_F3,4,3,FrozenChi2Top75,Cost5,11.806722689075631,15,52,0.050561800017021596,0.2662514999974519,0.695,0.5052631578947369,0.7741935483870968,0.6594202898550725,0.6114649681528662,0.7168069191210846,0.40158924137084,0.7817905563347358,0.6262772224959154,0.7145060770079891,0.47452080411407194,91,47,14,48,30.5,37.5,58.5,93.5
German Credit,R4_F4,4,4,AllFeatures,Unweighted,1.0,20,61,0.0,0.2706856000004336,0.755,0.6481481481481481,0.5384615384615384,0.8592592592592593,0.5882352941176471,0.6988603988603989,0.41959331135788375,0.8011396011396013,0.6944713424677722,0.6802044271232456,0.45982905982905986,116,19,30,35,24.5,39.5,84.5,159.5
German Credit,R4_F4,4,4,AllFeatures,Balanced,2.404255319148936,20,61,0.0,0.29205729998648167,0.74,0.5866666666666667,0.676923076923077,0.7703703703703704,0.6285714285714286,0.7236467236467237,0.43274340734457173,0.802962962962963,0.6820523799887828,0.7221367470787521,0.4883190883190883,104,31,21,44,26.0,36.5,68.0,120.5
German Credit,R4_F4,4,4,AllFeatures,Cost2,4.808510638297872,20,61,0.0,0.28496689995517954,0.73,0.5632183908045977,0.7538461538461538,0.7185185185185186,0.6447368421052632,0.7361823361823362,0.4462745536214291,0.7999999999999999,0.6706568949658025,0.7359703945488716,0.47236467236467233,97,38,16,49,27.0,35.0,59.0,99.0
German Credit,R4_F4,4,4,AllFeatures,Cost5,12.02127659574468,20,61,0.0,0.29923419997794554,0.73,0.5555555555555556,0.8461538461538461,0.674074074074074,0.6707317073170732,0.7601139601139602,0.4873477160751674,0.802962962962963,0.6548209836082955,0.7552286874651746,0.5572649572649573,91,44,10,55,27.0,32.0,47.0,72.0
German Credit,R4_F4,4,4,FrozenChi2Top75,Unweighted,1.0,15,52,0.05098050000378862,0.2680625999928452,0.765,0.6607142857142857,0.5692307692307692,0.8592592592592593,0.6115702479338843,0.7142450142450143,0.4469809588447313,0.7997720797720799,0.6884618131181103,0.6993688648465909,0.4592592592592593,116,19,28,37,23.5,37.5,79.5,149.5
German Credit,R4_F4,4,4,FrozenChi2Top75,Balanced,2.404255319148936,15,52,0.05098050000378862,0.2735868999734521,0.73,0.5733333333333334,0.6615384615384615,0.762962962962963,0.6142857142857143,0.7122507122507122,0.4106927878620458,0.7932763532763533,0.6842803756776183,0.7104430622712454,0.46495726495726497,103,32,22,43,27.0,38.0,71.0,126.0
German Credit,R4_F4,4,4,FrozenChi2Top75,Cost2,4.808510638297872,15,52,0.05098050000378862,0.2859650999889709,0.73,0.5617977528089888,0.7692307692307693,0.7111111111111111,0.6493506493506493,0.7401709401709402,0.4527073271386798,0.7969230769230768,0.6730960496687827,0.7396002616336389,0.4911680911680911,96,39,15,50,27.0,34.5,57.0,94.5
German Credit,R4_F4,4,4,FrozenChi2Top75,Cost5,12.02127659574468,15,52,0.05098050000378862,0.27061419998062775,0.68,0.5048543689320388,0.8,0.6222222222222222,0.6190476190476191,0.7111111111111111,0.3956946425698432,0.7977207977207978,0.6717588312643851,0.7055336829505575,0.5002849002849004,84,51,13,52,32.0,38.5,58.0,90.5
German Credit,R4_F5,4,5,AllFeatures,Unweighted,1.0,20,61,0.0,0.2727360000135377,0.74,0.59375,0.3275862068965517,0.9084507042253521,0.4222222222222222,0.6180184555609519,0.29215172948250195,0.7850898494414764,0.5372123601255925,0.5455235286856877,0.47013113161729,129,13,39,19,26.0,45.5,104.0,201.5
German Credit,R4_F5,4,5,AllFeatures,Balanced,2.3057851239669422,20,61,0.0,0.28867039998294786,0.735,0.5471698113207547,0.5,0.8309859154929577,0.5225225225225225,0.6654929577464789,0.3403071550503119,0.7935891209324915,0.563954343057357,0.6445874321971217,0.4793589120932491,118,24,29,29,26.5,41.0,84.5,157.0
German Credit,R4_F5,4,5,AllFeatures,Cost2,4.6115702479338845,20,61,0.0,0.2898247999837622,0.73,0.5277777777777778,0.6551724137931034,0.7605633802816901,0.5846153846153846,0.7078678970373968,0.3930106814264568,0.7884895580378823,0.549159785290844,0.7059037793508383,0.4550752792617776,108,34,20,38,27.0,37.0,67.0,117.0
German Credit,R4_F5,4,5,AllFeatures,Cost5,11.52892561983471,20,61,0.0,0.284958700009156,0.71,0.5,0.7586206896551724,0.6901408450704225,0.6027397260273972,0.7243807673627974,0.4102262491870774,0.7886109762020398,0.5559827055683361,0.7235710910798796,0.48251578436134046,98,44,14,44,29.0,36.0,57.0,92.0
German Credit,R4_F5,4,5,FrozenChi2Top75,Unweighted,1.0,15,52,0.05275540001457557,0.2695763999945484,0.765,0.7037037037037037,0.3275862068965517,0.9436619718309859,0.4470588235294118,0.6356240893637688,0.3601803918020658,0.7932248664400194,0.5638825188533914,0.5559951851811608,0.4800874210781933,134,8,39,19,23.5,43.0,101.5,199.0
German Credit,R4_F5,4,5,FrozenChi2Top75,Balanced,2.3057851239669422,15,52,0.05275540001457557,0.2786719999858178,0.745,0.5660377358490566,0.5172413793103449,0.8380281690140845,0.5405405405405406,0.6776347741622146,0.3652746645917875,0.7966245750364255,0.5715192723495441,0.6583789532190165,0.4910150558523555,119,23,28,30,25.5,39.5,81.5,151.5
German Credit,R4_F5,4,5,FrozenChi2Top75,Cost2,4.6115702479338845,15,52,0.05275540001457557,0.28155799995874986,0.745,0.5522388059701493,0.6379310344827587,0.7887323943661971,0.592,0.713331714424478,0.4101855588394366,0.7992957746478873,0.5778178263145276,0.7093355145966479,0.49271491015055857,112,30,21,37,25.5,36.0,67.5,120.0
German Credit,R4_F5,4,5,FrozenChi2Top75,Cost5,11.52892561983471,15,52,0.05275540001457557,0.2716943999985233,0.73,0.5227272727272727,0.7931034482758621,0.704225352112676,0.6301369863013698,0.748664400194269,0.45462302940212906,0.7899465760077707,0.5556543452816285,0.7473443350449955,0.49732880038853816,100,42,12,46,27.0,33.0,51.0,81.0
German Credit,R5_F1,5,1,AllFeatures,Unweighted,1.0,20,61,0.0,0.2681250000023283,0.8,0.66,0.5892857142857143,0.8819444444444444,0.6226415094339622,0.7356150793650793,0.4886272748799577,0.8111359126984127,0.6539215584143447,0.7209141848408601,0.4890873015873015,127,17,23,33,20.0,31.5,66.0,123.5
German Credit,R5_F1,5,1,AllFeatures,Balanced,2.278688524590164,20,61,0.0,0.28607390000252053,0.73,0.5131578947368421,0.6964285714285714,0.7430555555555556,0.5909090909090909,0.7197420634920635,0.4065376898328641,0.814484126984127,0.6483732561306434,0.7193643854456648,0.4811507936507936,107,37,17,39,27.0,35.5,61.0,103.5
German Credit,R5_F1,5,1,AllFeatures,Cost2,4.557377049180328,20,61,0.0,0.2883620000211522,0.715,0.4943820224719101,0.7857142857142857,0.6875,0.6068965517241379,0.7366071428571428,0.42753986302534147,0.8081597222222222,0.6476155655379475,0.734968415259167,0.4732142857142857,99,45,12,44,28.5,34.5,52.5,82.5
German Credit,R5_F1,5,1,AllFeatures,Cost5,11.39344262295082,20,61,0.0,0.28754859999753535,0.645,0.43119266055045874,0.8392857142857143,0.5694444444444444,0.5696969696969697,0.7043650793650793,0.36853437117538324,0.808655753968254,0.6396513315777436,0.691322346884279,0.4841269841269842,82,62,9,47,35.5,40.0,53.5,76.0
German Credit,R5_F1,5,1,FrozenChi2Top75,Unweighted,1.0,15,52,0.052913300052750856,0.27427509997505695,0.77,0.5806451612903226,0.6428571428571429,0.8194444444444444,0.6101694915254238,0.7311507936507937,0.4488128225438685,0.8097718253968255,0.6403356463113422,0.7258000511750563,0.4920634920634921,118,26,20,36,23.0,33.0,63.0,113.0
German Credit,R5_F1,5,1,FrozenChi2Top75,Balanced,2.278688524590164,15,52,0.052913300052750856,0.3213151000090875,0.7,0.47560975609756095,0.6964285714285714,0.7013888888888888,0.5652173913043478,0.6989087301587301,0.3631710069814885,0.8208085317460317,0.6612399500523516,0.6989043295793509,0.4970238095238096,101,43,17,39,30.0,38.5,64.0,106.5
German Credit,R5_F1,5,1,FrozenChi2Top75,Cost2,4.557377049180328,15,52,0.052913300052750856,0.2809305000118911,0.695,0.47368421052631576,0.8035714285714286,0.6527777777777778,0.5960264900662252,0.7281746031746033,0.410313784121504,0.8177083333333334,0.6649179204541807,0.7242607068097588,0.5109126984126985,94,50,11,45,30.5,36.0,52.5,80.0
German Credit,R5_F1,5,1,FrozenChi2Top75,Cost5,11.39344262295082,15,52,0.052913300052750856,0.26997189997928217,0.615,0.41025641025641024,0.8571428571428571,0.5208333333333334,0.5549132947976878,0.6889880952380952,0.3444353568106172,0.8098958333333333,0.6585435962939526,0.6681531047810609,0.4553571428571429,75,69,8,48,38.5,42.5,54.5,74.5
German Credit,R5_F2,5,2,AllFeatures,Unweighted,1.0,20,61,0.0,0.2769057999830693,0.79,0.8181818181818182,0.5142857142857142,0.9384615384615385,0.631578947368421,0.7263736263736263,0.5213001890835093,0.8090109890109891,0.7047748857845937,0.6947210682262073,0.5120879120879122,122,8,34,36,21.0,38.0,89.0,174.0
German Credit,R5_F2,5,2,AllFeatures,Balanced,2.4782608695652173,20,61,0.0,0.2888662999612279,0.795,0.7457627118644068,0.6285714285714286,0.8846153846153846,0.6821705426356589,0.7565934065934066,0.5367358726531305,0.8032967032967032,0.7053816925718752,0.7456835495328805,0.5131868131868131,115,15,26,44,20.5,33.5,72.5,137.5
German Credit,R5_F2,5,2,AllFeatures,Cost2,4.956521739130435,20,61,0.0,0.2944203999941237,0.755,0.64,0.6857142857142857,0.7923076923076923,0.6620689655172414,0.739010989010989,0.4709588069058671,0.7925274725274726,0.6892411429666708,0.7370866321516781,0.5087912087912088,103,27,22,48,24.5,35.5,68.5,123.5
German Credit,R5_F2,5,2,AllFeatures,Cost5,12.391304347826086,20,61,0.0,0.282916700001806,0.705,0.5617977528089888,0.7142857142857143,0.7,0.6289308176100629,0.7071428571428571,0.3976162831933652,0.7836263736263737,0.6744613248190812,0.7071067811865476,0.4472527472527472,91,39,20,50,29.5,39.5,69.5,119.5
German Credit,R5_F2,5,2,FrozenChi2Top75,Unweighted,1.0,15,52,0.05118479998782277,0.2756820000358857,0.765,0.7674418604651163,0.4714285714285714,0.9230769230769231,0.584070796460177,0.6972527472527472,0.4580255431784663,0.8068131868131867,0.6859927211169037,0.6596702472939303,0.5087912087912088,120,10,37,33,23.5,42.0,97.5,190.0
German Credit,R5_F2,5,2,FrozenChi2Top75,Balanced,2.4782608695652173,15,52,0.05118479998782277,0.2768491000169888,0.755,0.6666666666666666,0.6,0.8384615384615385,0.631578947368421,0.7192307692307692,0.45021674236291376,0.7968131868131868,0.6783239794247464,0.7092791573681854,0.523076923076923,109,21,28,42,24.5,38.5,80.5,150.5
German Credit,R5_F2,5,2,FrozenChi2Top75,Cost2,4.956521739130435,15,52,0.05118479998782277,0.26845909998519346,0.75,0.6351351351351351,0.6714285714285714,0.7923076923076923,0.6527777777777778,0.7318681318681318,0.45813199426654155,0.790989010989011,0.6627392952232605,0.7293682348293089,0.4989010989010989,103,27,23,47,25.0,36.5,71.0,128.5
German Credit,R5_F2,5,2,FrozenChi2Top75,Cost5,12.391304347826086,15,52,0.05118479998782277,0.279248800012283,0.725,0.5806451612903226,0.7714285714285715,0.7,0.6625766871165644,0.7357142857142858,0.45082006045060835,0.7816483516483516,0.6801261493326042,0.7348469228349535,0.48681318681318686,91,39,16,54,27.5,35.5,59.5,99.5
German Credit,R5_F3,5,3,AllFeatures,Unweighted,1.0,20,61,0.0,0.2638557000318542,0.76,0.6571428571428571,0.3898305084745763,0.9148936170212766,0.48936170212765956,0.6523620627479264,0.36573490225046007,0.8291862002644548,0.6643056771153628,0.5972046918130739,0.5637696838562327,129,12,36,23,24.0,42.0,96.0,186.0
German Credit,R5_F3,5,3,AllFeatures,Balanced,2.319502074688797,20,61,0.0,0.28403689997503534,0.745,0.5689655172413793,0.559322033898305,0.8226950354609929,0.5641025641025641,0.691008534679649,0.38393717209404427,0.8099531193653082,0.6428225221173596,0.678344647293749,0.512922226229114,116,25,26,33,25.5,38.5,77.5,142.5
German Credit,R5_F3,5,3,AllFeatures,Cost2,4.639004149377594,20,61,0.0,0.303000699961558,0.73,0.5316455696202531,0.711864406779661,0.7375886524822695,0.6086956521739131,0.7247265296309653,0.41928919629131844,0.7988940978482991,0.6218716927159452,0.7246123850354065,0.5085947830268062,104,37,17,42,27.0,35.5,61.0,103.5
German Credit,R5_F3,5,3,AllFeatures,Cost5,11.597510373443985,20,61,0.0,0.2863499000086449,0.72,0.5168539325842697,0.7796610169491526,0.6950354609929078,0.6216216216216216,0.7373482389710302,0.4356072295153429,0.7942060343791321,0.6235091465030929,0.73613317703623,0.5030652722683016,98,43,13,46,28.0,34.5,54.0,86.5
German Credit,R5_F3,5,3,FrozenChi2Top75,Unweighted,1.0,15,51,0.050825699989218265,0.27119659999152645,0.755,0.631578947368421,0.4067796610169492,0.900709219858156,0.4948453608247423,0.6537444404375525,0.357450305364924,0.8129582882558,0.6302375297824038,0.6053017356069131,0.5203750450775333,127,14,35,24,24.5,42.0,94.5,182.0
German Credit,R5_F3,5,3,FrozenChi2Top75,Balanced,2.319502074688797,15,51,0.050825699989218265,0.2799527000170201,0.755,0.5806451612903226,0.6101694915254238,0.8156028368794326,0.5950413223140496,0.7128861642024282,0.419834000011256,0.8093520855872101,0.6407895908317917,0.7054473532910989,0.5141242937853108,115,26,23,36,24.5,36.0,70.5,128.0
German Credit,R5_F3,5,3,FrozenChi2Top75,Cost2,4.639004149377594,15,51,0.050825699989218265,0.2747361999936402,0.715,0.5121951219512195,0.711864406779661,0.7163120567375887,0.5957446808510638,0.7140882317586248,0.39701820649511127,0.7931241735785551,0.6087306504458242,0.7140847690145915,0.5085947830268062,101,40,17,42,28.5,37.0,62.5,105.0
German Credit,R5_F3,5,3,FrozenChi2Top75,Cost5,11.597510373443985,15,51,0.050825699989218265,0.2861708999844268,0.675,0.46938775510204084,0.7796610169491526,0.6312056737588653,0.5859872611464968,0.7054333453540089,0.37482053179678276,0.7898785911768241,0.605779309915528,0.7015172538911013,0.47782185358817164,89,52,13,46,32.5,39.0,58.5,91.0
German Credit,R5_F4,5,4,AllFeatures,Unweighted,1.0,20,61,0.0,0.26853460003621876,0.75,0.5769230769230769,0.5172413793103449,0.8450704225352113,0.5454545454545454,0.6811559009227781,0.37480736852608354,0.7822972316658572,0.6525096827013921,0.66113946408189,0.4315201554152502,120,22,28,30,25.0,39.0,81.0,151.0
German Credit,R5_F4,5,4,AllFeatures,Balanced,2.3057851239669422,20,61,0.0,0.2918253000243567,0.685,0.463768115942029,0.5517241379310345,0.7394366197183099,0.5039370078740157,0.6455803788246721,0.27792704928111495,0.7816901408450704,0.6379458373012699,0.6387214037189631,0.44803302574065085,105,37,26,32,31.5,44.5,83.5,148.5
German Credit,R5_F4,5,4,AllFeatures,Cost2,4.6115702479338845,20,61,0.0,0.29322519997367635,0.71,0.5,0.6896551724137931,0.7183098591549296,0.5797101449275363,0.7039825157843613,0.37787267835747657,0.7787761049052938,0.6225954108439586,0.7038367067452652,0.4652744050509956,102,40,18,40,29.0,38.0,65.0,110.0
German Credit,R5_F4,5,4,AllFeatures,Cost5,11.52892561983471,20,61,0.0,0.2865946000092663,0.67,0.46,0.7931034482758621,0.6197183098591549,0.5822784810126582,0.7064108790675085,0.37464569631307093,0.778169014084507,0.6280820391668804,0.7010711294219617,0.42302088392423504,88,54,12,46,33.0,39.0,57.0,87.0
German Credit,R5_F4,5,4,FrozenChi2Top75,Unweighted,1.0,15,53,0.050747199973557144,0.2696787000168115,0.75,0.5740740740740741,0.5344827586206896,0.8380281690140845,0.5535714285714286,0.686255463817387,0.38073594353445595,0.7808402136959688,0.6102311424855116,0.6692619872490095,0.48640116561437585,119,23,27,31,25.0,38.5,79.0,146.5
German Credit,R5_F4,5,4,FrozenChi2Top75,Balanced,2.3057851239669422,15,53,0.050747199973557144,0.2793987999903038,0.715,0.5072463768115942,0.603448275862069,0.7605633802816901,0.5511811023622047,0.6820058280718795,0.3474667613614606,0.7824186498300145,0.6141952472685646,0.677466353788004,0.47620203982515785,108,34,23,35,28.5,40.0,74.5,132.0
German Credit,R5_F4,5,4,FrozenChi2Top75,Cost2,4.6115702479338845,15,53,0.050747199973557144,0.27503219997743145,0.72,0.5113636363636364,0.7758620689655172,0.6971830985915493,0.6164383561643836,0.7365225837785332,0.43242463929460323,0.7809616318601262,0.6081906789319415,0.7354712239925023,0.4902865468674114,99,43,13,45,28.0,34.5,54.0,86.5
German Credit,R5_F4,5,4,FrozenChi2Top75,Cost5,11.52892561983471,15,53,0.050747199973557144,0.2723606000072323,0.67,0.46226415094339623,0.8448275862068966,0.5985915492957746,0.5975609756097561,0.7217095677513357,0.40313985981696127,0.777804759592035,0.608629865094293,0.7111305461836074,0.4754735308402137,85,57,9,49,33.0,37.5,51.0,73.5
German Credit,R5_F5,5,5,AllFeatures,Unweighted,1.0,20,61,0.0,0.2754288999713026,0.765,0.6470588235294118,0.38596491228070173,0.916083916083916,0.4835164835164835,0.6510244141823089,0.36298535176746166,0.8024782235308552,0.6103496393017911,0.5946227781653596,0.5166237271500429,131,12,35,22,23.5,41.0,93.5,181.0
German Credit,R5_F5,5,5,AllFeatures,Balanced,2.292181069958848,20,61,0.0,0.28319440002087504,0.795,0.6538461538461539,0.5964912280701754,0.8741258741258742,0.6238532110091743,0.7353085510980248,0.4843291655967201,0.8222304011777696,0.6126753696696479,0.7220861556249768,0.5411605937921726,125,18,23,34,20.5,32.0,66.5,124.0
German Credit,R5_F5,5,5,AllFeatures,Cost2,4.584362139917696,20,61,0.0,0.2907936000265181,0.805,0.640625,0.7192982456140351,0.8391608391608392,0.6776859504132231,0.7792295423874371,0.5404274071388865,0.8158508158508159,0.6067288698915203,0.776921437081249,0.576002944423997,120,23,16,41,19.5,27.5,51.5,91.5
German Credit,R5_F5,5,5,AllFeatures,Cost5,11.460905349794238,20,61,0.0,0.2917660999810323,0.73,0.5194805194805194,0.7017543859649122,0.7412587412587412,0.5970149253731343,0.7215065636118267,0.41098325131163893,0.8176910808489756,0.629085940945208,0.7212361421983452,0.49184149184149184,106,37,17,40,27.0,35.5,61.0,103.5
German Credit,R5_F5,5,5,FrozenChi2Top75,Unweighted,1.0,15,52,0.052366299962159246,0.2965126000344753,0.77,0.6341463414634146,0.45614035087719296,0.8951048951048951,0.5306122448979592,0.675622622991044,0.39275833559256,0.7905778432094221,0.590162078813304,0.6389784510646974,0.5095080358238253,128,15,31,26,23.0,38.5,85.0,162.5
German Credit,R5_F5,5,5,FrozenChi2Top75,Balanced,2.292181069958848,15,52,0.052366299962159246,0.28056539996759966,0.775,0.603448275862069,0.6140350877192983,0.8391608391608392,0.6086956521739131,0.7265979634400688,0.4508512473568508,0.8059133848607533,0.6117732858594487,0.7178260231314589,0.541037909458962,120,23,22,35,22.5,33.5,66.5,121.5
German Credit,R5_F5,5,5,FrozenChi2Top75,Cost2,4.584362139917696,15,52,0.052366299962159246,0.27499070001067594,0.74,0.5333333333333333,0.7017543859649122,0.7552447552447552,0.6060606060606061,0.7284995706048337,0.4261232123544878,0.7996564838670103,0.614750437799798,0.7280084611252836,0.5303643724696356,108,35,17,40,26.0,34.5,60.0,102.5
German Credit,R5_F5,5,5,FrozenChi2Top75,Cost5,11.460905349794238,15,52,0.052366299962159246,0.26877830002922565,0.73,0.5176470588235295,0.7719298245614035,0.7132867132867133,0.6197183098591549,0.7426082689240584,0.44308052153256006,0.7933995828732671,0.5937860646862366,0.7420291688669608,0.5199362041467304,102,41,13,44,27.0,33.5,53.0,85.5
Taiwan Credit Card Default,R1_F1,1,1,AllFeatures,Unweighted,1.0,23,29,0.0,0.9155145999975502,0.8269711618603101,0.6865248226950355,0.372021521906226,0.952958705832269,0.48255234297108673,0.6624901138692475,0.41587763560731567,0.7918201736948589,0.5631620173631597,0.5954167851660787,0.4403096939872364,4477,221,817,484,17.302883813968993,30.921820303383896,71.7786297716286,139.87331221870312
Taiwan Credit Card Default,R1_F1,1,1,AllFeatures,Balanced,3.498781630740394,23,29,0.0,0.9444948000018485,0.768628104684114,0.4746059544658494,0.6249039200614912,0.8084291187739464,0.5394824153948241,0.7166665194177189,0.3953777194902531,0.7919316738704125,0.5670629273226743,0.7107675607494309,0.44208322575979636,3798,900,488,813,23.137189531588596,31.271878646441074,55.6759459909985,96.34939156526087
Taiwan Credit Card Default,R1_F1,1,1,AllFeatures,Cost2,6.997563261480788,23,29,0.0,0.9524715999723412,0.6051008501416902,0.3345724907063197,0.830130668716372,0.5427841634738186,0.47692647383528375,0.6864574160950954,0.3082618537773387,0.7908768805735772,0.5631432756312486,0.6712538868365513,0.43738827486077614,2550,2148,221,1080,39.48991498583097,43.17386231038506,54.22570428404734,72.6454409068178
Taiwan Credit Card Default,R1_F1,1,1,AllFeatures,Cost5,17.49390815370197,23,29,0.0,0.9529493000009097,0.3605600933488915,0.24836212030970817,0.9615680245964643,0.194125159642401,0.39476175449668666,0.5778465921194327,0.17486030999731828,0.7877731181666262,0.5592414347719873,0.43204692601824723,0.437755251960947,912,3786,50,1251,63.94399066511085,64.77746291048508,67.27787964660777,71.44524087347891
Taiwan Credit Card Default,R1_F1,1,1,FrozenChi2Top75,Unweighted,1.0,18,24,0.13521129998844117,0.8520110999816097,0.8244707451241874,0.6771428571428572,0.36433512682551883,0.951894423158791,0.4737631184407796,0.658114774992155,0.40593044490911195,0.7897674415560745,0.5580176741346131,0.5889045554128973,0.43288294788467074,4472,226,827,474,17.552925487581263,31.338556426071012,72.69544924154026,141.623603933989
Taiwan Credit Card Default,R1_F1,1,1,FrozenChi2Top75,Balanced,3.498781630740394,18,24,0.13521129998844117,0.8146649000118487,0.7687947991331888,0.4746760895170789,0.6195234435049961,0.8101319710515112,0.5375125041680561,0.7148277072782536,0.3930627419944238,0.7903269875581184,0.5593081201913271,0.7084460095161254,0.4337232485473892,3806,892,495,806,23.120520086681115,31.371895315885983,56.12602100350058,97.38289714952492
Taiwan Credit Card Default,R1_F1,1,1,FrozenChi2Top75,Cost2,6.997563261480788,18,24,0.13521129998844117,0.8238134999992326,0.5987664610768462,0.33201701093560143,0.8401229823212913,0.5319284802043422,0.47594165033747005,0.6860257312628169,0.30812300834522754,0.7895181000042866,0.5587774780934202,0.6684948325685877,0.43276465789651936,2499,2199,208,1093,40.123353892315386,43.59059843307218,53.99233205534256,71.32855475912652
Taiwan Credit Card Default,R1_F1,1,1,FrozenChi2Top75,Cost5,17.49390815370197,18,24,0.13521129998844117,0.8153750999481417,0.354559093182197,0.2477928193054738,0.9707916986933128,0.1839080459770115,0.39481087839949985,0.5773498723351622,0.17837096662337582,0.7874607049821518,0.5567355059189302,0.4225356841231174,0.43113297594377575,864,3834,38,1263,64.54409068178029,65.1775295882647,67.07784630771795,70.24504084014002
Taiwan Credit Card Default,R1_F2,1,2,AllFeatures,Unweighted,1.0,23,29,0.0,0.9040050000185147,0.816741704185426,0.6625850340136055,0.3639760837070254,0.9467696930671818,0.46985045827303423,0.6553728883871036,0.39451230678891414,0.7795171824563801,0.5529774668776057,0.5870277038224817,0.4188484220232406,4411,248,851,487,18.325829581457395,32.51625812906453,75.08754377188595,146.03968650992164
Taiwan Credit Card Default,R1_F2,1,2,AllFeatures,Balanced,3.530577576443941,23,29,0.0,0.9539544999715872,0.7600466900116725,0.47055393586005834,0.6031390134529148,0.8051083923588753,0.5286603340976089,0.7041237029058951,0.3761338782898075,0.7761553173037959,0.549147981287746,0.6968445174427322,0.41611876141168497,3751,908,531,807,23.99533099883275,32.84975821243955,59.41303985325996,103.68517592129398
Taiwan Credit Card Default,R1_F2,1,2,AllFeatures,Cost2,7.061155152887882,23,29,0.0,0.956455800042022,0.6089711522427881,0.3402094573151381,0.8011958146487295,0.5537669027688346,0.47761194029850745,0.677481358708782,0.29594806375746224,0.7756058880845567,0.5466237809759068,0.6660898774109844,0.413022386874529,2580,2079,266,1072,39.10288477572119,43.53843588460897,56.8450892112723,79.02284475571119
Taiwan Credit Card Default,R1_F2,1,2,AllFeatures,Cost5,17.652887882219705,23,29,0.0,0.951099099998828,0.38335834583958645,0.2594781899714635,0.9514200298953662,0.22021893110109467,0.4077514413837284,0.5858194804982304,0.1852312005737973,0.771879474639791,0.546906534975911,0.4577343137800891,0.4134892011892696,1026,3633,65,1273,61.66416541604136,62.748040687010175,65.99966649991663,71.41904285476072
Taiwan Credit Card Default,R1_F2,1,2,FrozenChi2Top75,Unweighted,1.0,18,24,0.12022320000687614,0.8854778000386432,0.8187427046856762,0.6721536351165981,0.3662182361733931,0.9487014380768405,0.4741170778906628,0.6574598371251168,0.40122460500868123,0.7784457553745406,0.554330335823251,0.5894334290720726,0.4286977228123974,4420,239,848,490,18.125729531432384,32.266133066533264,74.68734367183592,145.38936134734033
Taiwan Credit Card Default,R1_F2,1,2,FrozenChi2Top75,Balanced,3.530577576443941,18,24,0.12022320000687614,0.8519272999837995,0.7592129398032349,0.4693995381062356,0.6076233183856502,0.8027473706804035,0.529641693811075,0.7051853445330268,0.3769791091924658,0.7778131497902865,0.5502926475619305,0.6984039097815693,0.42311712611782776,3740,919,525,813,24.078706019676506,32.8330832082708,59.09621477405369,102.86810071702519
Taiwan Credit Card Default,R1_F2,1,2,FrozenChi2Top75,Cost2,7.061155152887882,18,24,0.12022320000687614,0.82333430001745,0.5972986493246624,0.33323010219882315,0.804185351270553,0.5378836660227516,0.47120648127873876,0.6710345086466523,0.28567424385518464,0.775266846141531,0.5505161971652597,0.6576915423686086,0.41768812376258113,2506,2153,262,1076,40.270135067533765,44.63898615974654,57.74553943638486,79.58979489744873
Taiwan Credit Card Default,R1_F2,1,2,FrozenChi2Top75,Cost5,17.652887882219705,18,24,0.12022320000687614,0.8289325999794528,0.3761880940470235,0.25790852307072337,0.9566517189835575,0.20948701438076842,0.4062847167116331,0.5830693666821629,0.18311035308169119,0.7723953766453601,0.5476553729213802,0.4476674127207556,0.41250600361708906,976,3683,58,1280,62.381190595297646,63.34834083708521,66.2497915624479,71.08554277138569
Taiwan Credit Card Default,R1_F3,1,3,AllFeatures,Unweighted,1.0,23,29,0.0,0.9014797999989241,0.8170609796734422,0.6382978723404256,0.3675344563552833,0.9420783645655877,0.46647230320699706,0.6548064104604355,0.3858921969733155,0.7812585602813382,0.5439963994996716,0.5884269364710352,0.4342570393231605,4424,272,826,480,18.293902032655783,32.05598133955348,73.34221926024658,142.15261579473508
Taiwan Credit Card Default,R1_F3,1,3,AllFeatures,Balanced,3.502439024390244,23,29,0.0,0.958940899989102,0.7609130289903365,0.4634974533106961,0.6271056661562021,0.7981260647359455,0.5330296127562643,0.7126158654460738,0.3849606285135471,0.7816716550007696,0.5414232987700974,0.7074668737848177,0.43505012900751616,3748,948,487,819,23.908697100966343,32.02265911362879,56.36454515161613,96.93435521492836
Taiwan Credit Card Default,R1_F3,1,3,AllFeatures,Cost2,7.004878048780488,23,29,0.0,0.9536992000066675,0.5876374541819394,0.3255744553864518,0.835375191424196,0.5187393526405452,0.46854197981533174,0.6770572720323706,0.29423024887242477,0.7807163276034342,0.5385244586921015,0.6582871607523262,0.43270314444406766,2436,2260,215,1091,41.236254581806065,44.81839386871043,55.564811729423525,73.47550816394535
Taiwan Credit Card Default,R1_F3,1,3,AllFeatures,Cost5,17.51219512195122,23,29,0.0,0.9540003999718465,0.35604798400533155,0.24827857564430456,0.9663093415007658,0.18632879045996592,0.3950539990608859,0.5763190659803659,0.17489639765129342,0.7793620095692532,0.5385316117809251,0.42432446407437296,0.4287751982071999,875,3821,44,1262,64.39520159946684,65.12829056981006,67.32755748083972,70.99300233255582
Taiwan Credit Card Default,R1_F3,1,3,FrozenChi2Top75,Unweighted,1.0,18,24,0.12688880000496283,0.8204211000120267,0.8195601466177941,0.6508795669824087,0.3683001531393568,0.9450596252129472,0.4704156479217604,0.656679889176152,0.3934956898980741,0.7840129327099927,0.5458656355402961,0.5899708507136192,0.4433094145484998,4438,258,825,481,18.043985338220594,31.789403532155948,73.02565811396201,141.75274908363878
Taiwan Credit Card Default,R1_F3,1,3,FrozenChi2Top75,Balanced,3.502439024390244,18,24,0.12688880000496283,0.82063069997821,0.7604131956014661,0.4633333333333333,0.6385911179173047,0.7942930153321976,0.5370251126851255,0.7164420666247512,0.38980106707896706,0.7837087573797779,0.5443705339256811,0.7121997364608434,0.43887828682192787,3730,966,472,834,23.95868043985338,31.82272575808064,55.41486171276241,94.7350883038987
Taiwan Credit Card Default,R1_F3,1,3,FrozenChi2Top75,Cost2,7.004878048780488,18,24,0.12688880000496283,0.8240299000171944,0.5848050649783405,0.32486709982279977,0.8422664624808576,0.5132027257240205,0.46888320545609546,0.6777345941024391,0.29578438854091266,0.7825255634458703,0.537061401955047,0.6574598423714596,0.4377594172877898,2410,2286,206,1100,41.51949350216594,44.9516827724092,55.248250583138955,72.40919693435521
Taiwan Credit Card Default,R1_F3,1,3,FrozenChi2Top75,Cost5,17.51219512195122,18,24,0.12688880000496283,0.8458825000561774,0.35571476174608463,0.24857647751816217,0.9693721286370597,0.1850511073253833,0.3956868260665729,0.5772116179812214,0.17773767785689482,0.7803895694357845,0.535210108662121,0.42353675851648553,0.43308371009441415,869,3827,40,1266,64.42852382539154,65.09496834388537,67.09430189936688,70.42652449183605
Taiwan Credit Card Default,R1_F4,1,4,AllFeatures,Unweighted,1.0,23,29,0.0,0.9103321000002325,0.8251666666666667,0.6871657754010695,0.3867569601203913,0.9499036608863198,0.4949446316803081,0.6683303105033556,0.4232009039414193,0.7802620881384087,0.5704539588907159,0.6061203282283346,0.43357385491285994,4437,234,815,514,17.483333333333334,31.066666666666666,71.81666666666666,139.73333333333332
Taiwan Credit Card Default,R1_F4,1,4,AllFeatures,Balanced,3.5223289994347087,23,29,0.0,0.97130090004066,0.7598333333333334,0.46860986547085204,0.6290443942814146,0.7970456005138086,0.5371024734982333,0.7130449973976116,0.38709809535246753,0.7805959445268414,0.5758950113082427,0.7080798450668364,0.43290598104726685,3723,948,493,836,24.016666666666666,32.233333333333334,56.88333333333333,97.96666666666667
Taiwan Credit Card Default,R1_F4,1,4,AllFeatures,Cost2,7.044657998869417,23,29,0.0,0.9504410999943502,0.5978333333333333,0.33394607843137253,0.8201655379984951,0.5345750374652108,0.4746353146091879,0.677370287731853,0.2957639030388094,0.7795912341313507,0.5733515895067017,0.662148037226737,0.435056515563829,2497,2174,239,1090,40.21666666666667,44.2,56.15,76.06666666666666
Taiwan Credit Card Default,R1_F4,1,4,AllFeatures,Cost5,17.611644997173542,23,29,0.0,1.0240745999617502,0.38433333333333336,0.2569373072970195,0.9405568096313017,0.22607578676942838,0.40361640297061674,0.583316298200365,0.17668026111080645,0.7781299982811833,0.5696204929503563,0.4611259272029063,0.4334602873597381,1056,3615,79,1250,61.56666666666667,62.88333333333333,66.83333333333333,73.41666666666667
Taiwan Credit Card Default,R1_F4,1,4,FrozenChi2Top75,Unweighted,1.0,18,24,0.13562229997478426,0.8150257999659516,0.8271666666666667,0.6989100817438693,0.3860045146726862,0.9526867908370799,0.4973339796412991,0.669345652754883,0.4292230288412792,0.7780558169220165,0.5715914533686397,0.6064168552506979,0.42658099323765625,4450,221,816,513,17.283333333333335,30.883333333333333,71.68333333333334,139.68333333333334
Taiwan Credit Card Default,R1_F4,1,4,FrozenChi2Top75,Balanced,3.5223289994347087,18,24,0.13562229997478426,0.8348667999962345,0.76,0.4685195689166194,0.6215199398043642,0.7994005566259902,0.5342820181112549,0.7104602482151772,0.3837179449589808,0.7780654822456865,0.5719211805430129,0.7048711838582711,0.4272488671032493,3734,937,503,826,24.0,32.38333333333333,57.53333333333333,99.45
Taiwan Credit Card Default,R1_F4,1,4,FrozenChi2Top75,Cost2,7.044657998869417,18,24,0.13562229997478426,0.8135260000126436,0.5903333333333334,0.32961062481134923,0.8216704288939052,0.524512952258617,0.4704868591124515,0.6730916905762612,0.28908735016108683,0.7779114008775148,0.5691628580559884,0.6564882195765178,0.42438696476457927,2450,2221,237,1092,40.96666666666667,44.916666666666664,56.766666666666666,76.51666666666667
Taiwan Credit Card Default,R1_F4,1,4,FrozenChi2Top75,Cost5,17.611644997173542,18,24,0.13562229997478426,0.8342181000043638,0.37783333333333335,0.25648298217179905,0.9525959367945824,0.21430100620852066,0.4041500399042299,0.5834484715015515,0.18145018550853725,0.7782518619037885,0.5709193243416647,0.45182105723973,0.4289456146735078,1001,3670,63,1266,62.21666666666667,63.266666666666666,66.41666666666667,71.66666666666667
Taiwan Credit Card Default,R1_F5,1,5,AllFeatures,Unweighted,1.0,23,29,0.0,0.9106582999811508,0.8135621459513496,0.6708860759493671,0.3502202643171806,0.9495689655172413,0.4602026049204052,0.649894614917211,0.3885616094558854,0.785511924654413,0.5724658794380455,0.5766786749055665,0.4526362094283255,4406,234,885,477,18.643785404865046,33.388870376541156,77.62412529156947,151.34955014995
Taiwan Credit Card Default,R1_F5,1,5,AllFeatures,Balanced,3.5502464922260146,23,29,0.0,0.9651250000461005,0.7584138620459847,0.4764705882352941,0.6541850220264317,0.7890086206896552,0.5513613861386139,0.7215968213580435,0.4008114379644229,0.7861871170692187,0.5734194841757648,0.7184411053836679,0.44693054078687533,3661,979,471,891,24.158613795401532,32.005998000666445,55.54815061646118,94.78507164278574
Taiwan Credit Card Default,R1_F5,1,5,AllFeatures,Cost2,7.100492984452029,23,29,0.0,0.959823899960611,0.595134955014995,0.340406455469217,0.8362701908957415,0.524353448275862,0.483857264231096,0.6803118195858018,0.30410582020663307,0.7849822301129171,0.5720371270583391,0.662194199828491,0.4500901944402248,2433,2207,223,1139,40.4865044985005,44.20193268910363,55.34821726091303,73.92535821392869
Taiwan Credit Card Default,R1_F5,1,5,AllFeatures,Cost5,17.751232461130073,23,29,0.0,0.9698758000158705,0.3733755414861713,0.2595710563239126,0.9508076358296622,0.2038793103448276,0.40780979373327036,0.5773434730872449,0.1729775474208249,0.781064626689959,0.5682485196638035,0.440284005005346,0.4442677477340625,946,3694,67,1295,62.66244585138287,63.77874041986005,67.12762412529158,72.70909696767744
Taiwan Credit Card Default,R1_F5,1,5,FrozenChi2Top75,Unweighted,1.0,18,24,0.1203957999823615,1.0127914000186138,0.8150616461179607,0.6784702549575071,0.35168869309838474,0.9510775862068965,0.4632495164410058,0.6513831396526406,0.39362140677997676,0.7859200940553951,0.5711377669776189,0.5783452544356785,0.4528222947997367,4413,227,883,479,18.493835388203934,33.20559813395535,77.34088637120959,150.89970009996668
Taiwan Credit Card Default,R1_F5,1,5,FrozenChi2Top75,Balanced,3.5502464922260146,18,24,0.1203957999823615,1.106809200020507,0.7575808063978674,0.4751735184196476,0.6534508076358296,0.788146551724138,0.5502318392581144,0.7207986796799838,0.3991927835660575,0.7856556028153324,0.5708490201406995,0.7176454561686656,0.4480008481442098,3657,983,472,890,24.241919360213263,32.10596467844052,55.698100633122294,95.01832722425858
Taiwan Credit Card Default,R1_F5,1,5,FrozenChi2Top75,Cost2,7.100492984452029,18,24,0.1203957999823615,1.0588228999986313,0.5873042319226924,0.33607762422816817,0.8392070484581498,0.5133620689655173,0.47994961158933447,0.6762845587118336,0.298001411051451,0.7842524463263962,0.5643921332633255,0.6563665642664325,0.4428246366904654,2382,2258,219,1143,41.26957680773076,44.91836054648451,55.86471176274575,74.10863045651449
Taiwan Credit Card Default,R1_F5,1,5,FrozenChi2Top75,Cost5,17.751232461130073,18,24,0.1203957999823615,0.8354484000010416,0.3717094301899367,0.2590518103620724,0.9508076358296622,0.20172413793103447,0.4071686841691558,0.5762658868803483,0.1712441837653205,0.7828208865005823,0.5633305897305512,0.4379507400107729,0.44159356169932656,936,3704,67,1295,62.82905698100633,63.945351549483505,67.29423525491502,72.8757080973009
Taiwan Credit Card Default,R2_F1,2,1,AllFeatures,Unweighted,1.0,23,29,0.0,1.023542599985376,0.819349457881568,0.6615811373092927,0.36246200607902734,0.9478521051506732,0.4683357879234168,0.6551570556148503,0.3948828725676545,0.7882423146556009,0.555910351450321,0.5861402353525496,0.4498665381309882,4435,244,839,477,18.065054211843204,32.060050041701416,74.04503753127607,144.02001668056715
Taiwan Credit Card Default,R2_F1,2,1,AllFeatures,Balanced,3.512218045112782,23,29,0.0,1.0001517999917269,0.7666388657214346,0.47621776504297997,0.6314589665653495,0.8046591151955546,0.5429598170532506,0.718059040880452,0.3973894926399632,0.7865841102098168,0.5503673677292771,0.7128177981214928,0.4434787847921678,3765,914,485,831,23.336113427856546,31.426188490408673,55.696413678065056,96.14678899082568
Taiwan Credit Card Default,R2_F1,2,1,AllFeatures,Cost2,7.024436090225564,23,29,0.0,1.018992499972228,0.6035029190992494,0.33751914241960185,0.837386018237082,0.53772173541355,0.48111765989958527,0.687553876825316,0.3117723469269478,0.7887068652473608,0.5529326363628053,0.671029554444129,0.4468749330092225,2516,2163,214,1102,39.649708090075066,43.21934945788157,53.92827356130108,71.77648040033361
Taiwan Credit Card Default,R2_F1,2,1,AllFeatures,Cost5,17.56109022556391,23,29,0.0,0.975744700001087,0.3592994161801501,0.2498513968694274,0.9582066869300911,0.1908527463133148,0.39635392110639633,0.5745297166217029,0.16909980695816124,0.7842780846451617,0.5491690286604469,0.42764047719596254,0.4426722970317483,893,3786,55,1261,64.07005838198499,64.98748957464554,67.73978315262718,72.32693911592995
Taiwan Credit Card Default,R2_F1,2,1,FrozenChi2Top75,Unweighted,1.0,18,24,0.13848990004044026,0.8244650000124238,0.8206839032527106,0.6680613668061367,0.3639817629179331,0.9491344304338534,0.47122479094933595,0.6565580966758933,0.39940704866619137,0.7871039586433857,0.5533846319731436,0.5877649387598943,0.4476341618211358,4441,238,837,479,17.93160967472894,31.89324437030859,73.77814845704754,143.5863219349458
Taiwan Credit Card Default,R2_F1,2,1,FrozenChi2Top75,Balanced,3.512218045112782,18,24,0.13848990004044026,0.8300128999981098,0.7683069224353628,0.47901092581943644,0.6329787234042553,0.8063688822397949,0.5453355155482815,0.7196738028220251,0.4007394801926276,0.7868519109180189,0.5524845515186885,0.7144328839527627,0.4437168659554331,3773,906,483,833,23.16930775646372,31.22602168473728,55.39616346955796,95.67973311092577
Taiwan Credit Card Default,R2_F1,2,1,FrozenChi2Top75,Cost2,7.024436090225564,18,24,0.13848990004044026,0.8290107999928296,0.5921601334445371,0.3303276224827172,0.8351063829787234,0.5238298781790981,0.4734008184363558,0.6794681305789108,0.2989527060256298,0.7852832711117578,0.5489804113376422,0.6614028083266141,0.44200677410742295,2451,2228,217,1099,40.783986655546286,44.403669724770644,55.262718932443704,73.36113427856547
Taiwan Credit Card Default,R2_F1,2,1,FrozenChi2Top75,Cost5,17.56109022556391,18,24,0.13848990004044026,0.8265230000251904,0.3616346955796497,0.2503479817061046,0.9566869300911854,0.19427228040179526,0.3968479117415288,0.5754796052464903,0.16995529592493158,0.7845829941840637,0.549160989262709,0.43111222615394185,0.44381219586187004,909,3770,57,1259,63.83653044203503,64.78732276897415,67.63969974979149,72.39366138448707
Taiwan Credit Card Default,R2_F2,2,2,AllFeatures,Unweighted,1.0,23,29,0.0,0.9380604000180028,0.832027995334111,0.7075862068965517,0.3919022154316272,0.9548167092924126,0.504424778761062,0.6733594623620198,0.43934427884642785,0.7949299459379195,0.5931033954253029,0.6117146260331139,0.44515948671958905,4480,212,796,513,16.7972004665889,30.061656390601566,69.85502416263957,136.1773037827029
Taiwan Credit Card Default,R2_F2,2,2,AllFeatures,Balanced,3.505162380326638,23,29,0.0,0.9680059000384063,0.7650391601399766,0.4716132658797077,0.6409472880061116,0.7996589940323956,0.5433937823834197,0.7203031410192535,0.3984303577538608,0.7953897439003502,0.5897200379178963,0.7159184754947726,0.4482207902924015,3752,940,470,839,23.496083986002333,31.328111981336445,54.824195967338774,93.98433594400933
Taiwan Credit Card Default,R2_F2,2,2,AllFeatures,Cost2,7.010324760653276,23,29,0.0,0.9589448999613523,0.6045659056823862,0.3363076923076923,0.8349885408708938,0.5402813299232737,0.4794911164729107,0.6876349353970838,0.3110323395023341,0.7945771193853035,0.5914419597411793,0.6716611640793446,0.45003653635367186,2535,2157,216,1093,39.543409431761376,43.14280953174471,53.941009831694714,71.9380103316114
Taiwan Credit Card Default,R2_F2,2,2,AllFeatures,Cost5,17.52581190163319,23,29,0.0,0.9583377999952063,0.3687718713547742,0.2509543901948965,0.9541634835752483,0.20545609548167093,0.39739102768055995,0.5798097895284596,0.17522706530393323,0.7916604795836029,0.5859799173535496,0.44276258173716526,0.4438724106243288,964,3728,60,1249,63.12281286452258,64.12264622562907,67.12214630894852,72.12131311448093
Taiwan Credit Card Default,R2_F2,2,2,FrozenChi2Top75,Unweighted,1.0,18,24,0.12723310000728816,0.830454999988433,0.8330278286952174,0.7171145685997171,0.387318563789152,0.9573742540494459,0.5029761904761905,0.672346408919299,0.4415494864394025,0.7952659208300852,0.5889442842291936,0.608940736925312,0.4495189380099866,4492,200,802,507,16.697217130478254,30.061656390601566,70.1549741709715,136.97717047158807
Taiwan Credit Card Default,R2_F2,2,2,FrozenChi2Top75,Balanced,3.505162380326638,18,24,0.12723310000728816,0.8287495999829844,0.7635394100983169,0.46917040358744394,0.6394194041252865,0.7981670929241261,0.5412221144519883,0.7187932485247064,0.3953789207833777,0.7954845039620125,0.5887894568074379,0.7143973172891657,0.4472464875278175,3745,947,472,837,23.646058990168306,31.511414764205966,55.107482086318946,94.43426095650725
Taiwan Credit Card Default,R2_F2,2,2,FrozenChi2Top75,Cost2,7.010324760653276,18,24,0.12723310000728816,0.8339285000110976,0.5969005165805699,0.33313289236319904,0.8464476699770818,0.5272804774083546,0.47810140237324705,0.6868640736927182,0.3105143086007152,0.7951933040130722,0.5915109786996338,0.6680683584235262,0.4510800367577861,2474,2218,201,1108,40.30994834194301,43.65939010164973,53.70771538076987,70.45492417930345
Taiwan Credit Card Default,R2_F2,2,2,FrozenChi2Top75,Cost5,17.52581190163319,18,24,0.12723310000728816,0.8342628999962471,0.3644392601233128,0.2502492522432702,0.9587471352177235,0.19863597612958228,0.39690069576217585,0.5786915556736529,0.17540138793942828,0.7939171367221616,0.5902484418958747,0.43639623401836675,0.445928964471164,932,3760,54,1255,63.556073987668725,64.45592401266455,67.15547408765205,71.65472421263122
Taiwan Credit Card Default,R2_F3,2,3,AllFeatures,Unweighted,1.0,23,29,0.0,0.9738554999930784,0.8155614795068311,0.6492434662998624,0.3564954682779456,0.9454895254382215,0.46026328620185275,0.6509924968580836,0.38377884044839145,0.7796517962204004,0.5434480969808699,0.5805710388255613,0.4276865161732814,4423,255,852,472,18.443852049316895,32.639120293235585,75.22492502499166,146.20126624458513
Taiwan Credit Card Default,R2_F3,2,3,AllFeatures,Balanced,3.51769578313253,23,29,0.0,0.9733163000200875,0.7534155281572809,0.4567147613762486,0.6216012084592145,0.7907225309961522,0.5265515035188739,0.7061618697276834,0.3730013491895574,0.7796049742382225,0.5407087910160331,0.7010806521529009,0.42187025725611554,3699,979,501,823,24.65844718427191,33.005664778407194,58.04731756081306,99.7834055314895
Taiwan Credit Card Default,R2_F3,2,3,AllFeatures,Cost2,7.03539156626506,23,29,0.0,0.9778501999680884,0.5963012329223593,0.3314934069303895,0.8164652567975831,0.5339888841385207,0.47153762268266086,0.6752270704680519,0.2917261631136224,0.7762291093231932,0.5379972704322129,0.6602903690159445,0.41380654319440874,2498,2180,243,1081,40.36987670776408,44.41852715761413,56.56447850716428,76.80773075641453
Taiwan Credit Card Default,R2_F3,2,3,AllFeatures,Cost5,17.58847891566265,23,29,0.0,0.9788661999627948,0.37137620793068976,0.25416583015458744,0.9561933534743202,0.20585720393330484,0.40158604282315624,0.5810252787038125,0.1788353992470191,0.7744951621590552,0.5364729888883656,0.4436657414831956,0.4166136017535316,963,3715,58,1266,62.862379206931024,63.82872375874708,66.72775741419527,71.55948017327557
Taiwan Credit Card Default,R2_F3,2,3,FrozenChi2Top75,Unweighted,1.0,18,24,0.12582889996701851,0.8399960999959148,0.8162279240253248,0.649932157394844,0.36178247734138974,0.9448482257374946,0.4648229015041242,0.6533153515394422,0.3873974952339186,0.7786334988355857,0.5414555273334714,0.5846618953026848,0.4227275838953048,4420,258,845,479,18.37720759746751,32.455848050649784,74.6917694101966,145.08497167610795
Taiwan Credit Card Default,R2_F3,2,3,FrozenChi2Top75,Balanced,3.51769578313253,18,24,0.12582889996701851,0.8490074999863282,0.7534155281572809,0.45685840707964603,0.6238670694864048,0.7900812312954254,0.5274584929757343,0.706974150390915,0.37411642819468444,0.7779036410064983,0.5379592426082672,0.7020724054002461,0.4203758287490846,3696,982,498,826,24.65844718427191,32.95568143952016,57.84738420526491,99.33355548150617
Taiwan Credit Card Default,R2_F3,2,3,FrozenChi2Top75,Cost2,7.03539156626506,18,24,0.12582889996701851,0.8195151999825612,0.5923025658113962,0.331026181161601,0.8308157099697885,0.5247969217614366,0.4734237142242307,0.6778063158656125,0.2966195372345265,0.7773058534581748,0.5371894078476904,0.6603101749505209,0.4221705637624983,2455,2223,224,1100,40.76974341886038,44.50183272242586,55.698100633122294,74.35854715094969
Taiwan Credit Card Default,R2_F3,2,3,FrozenChi2Top75,Cost5,17.58847891566265,18,24,0.12582889996701851,0.8318656000192277,0.37604131956014664,0.25560266505148393,0.9561933534743202,0.21184266780675504,0.4033774095905687,0.5840180106405376,0.18346557360942894,0.7738435293312271,0.5332824972032337,0.45006949567715376,0.4149451246368875,991,3687,58,1266,62.39586804398534,63.3622125958014,66.26124625124959,71.0929690103299
Taiwan Credit Card Default,R2_F4,2,4,AllFeatures,Unweighted,1.0,23,29,0.0,0.9562181000364944,0.8202565383974679,0.6858710562414266,0.37037037037037035,0.9507844401461423,0.481000481000481,0.6605774052582563,0.4105008070068286,0.7788249715436476,0.5694337392417754,0.593415861971444,0.42788595171573895,4424,229,850,500,17.974346160253205,32.13393303348326,74.61269365317341,145.41062801932367
Taiwan Credit Card Default,R2_F4,2,4,AllFeatures,Balanced,3.539727582292849,23,29,0.0,0.9682190000312403,0.7546226886556722,0.4659279778393352,0.6229629629629629,0.7928218353750268,0.533122028526149,0.7078923991689949,0.3785665150723915,0.7786407017376283,0.5663089606667343,0.7027792254093466,0.4236377964037539,3689,964,509,841,24.537731134432782,33.0168249208729,58.45410628019324,100.8495752123938
Taiwan Credit Card Default,R2_F4,2,4,AllFeatures,Cost2,7.079455164585698,23,29,0.0,0.962218499975279,0.5938697318007663,0.3344491783323189,0.8140740740740741,0.5299806576402321,0.4741156169111303,0.6720273658571531,0.2885907100651324,0.7766545677420382,0.5668533678388451,0.6568435986942712,0.4230618239128877,2466,2187,251,1099,40.61302681992337,44.79426953190072,57.33799766783275,78.24421122771948
Taiwan Credit Card Default,R2_F4,2,4,AllFeatures,Cost5,17.698637911464246,23,29,0.0,0.9728450999828056,0.383808095952024,0.2611348383160464,0.9511111111111111,0.2192134107027724,0.4097654380086166,0.5851622609069418,0.18473346321724832,0.7752104178108906,0.5624249259706242,0.45661396236204843,0.42453184325524757,1020,3633,66,1284,61.6191904047976,62.71864067966017,66.01699150424787,71.51424287856072
Taiwan Credit Card Default,R2_F4,2,4,FrozenChi2Top75,Unweighted,1.0,18,24,0.1268815000075847,0.8351502000004984,0.8192570381475929,0.6822558459422283,0.3674074074074074,0.950354609929078,0.47761194029850745,0.6588810086682427,0.4066453360740874,0.7773479475607136,0.5642457037021138,0.5909038190363306,0.43217995558421096,4422,231,854,496,18.074296185240712,32.300516408462435,74.9791770781276,146.1102781942362
Taiwan Credit Card Default,R2_F4,2,4,FrozenChi2Top75,Balanced,3.539727582292849,18,24,0.1268815000075847,0.8343694999930449,0.7549558554056305,0.4662576687116564,0.6192592592592593,0.7943262411347518,0.5319758192809417,0.7067927501970055,0.37728324826425946,0.7769822734834555,0.5613075145106629,0.701351466595243,0.42878716240418363,3696,957,514,836,24.504414459436948,33.06679993336665,58.75395635515576,101.56588372480427
Taiwan Credit Card Default,R2_F4,2,4,FrozenChi2Top75,Cost2,7.079455164585698,18,24,0.1268815000075847,0.8920165000017732,0.5893719806763285,0.33343292500746935,0.8266666666666667,0.5205243928648184,0.47519693421332765,0.6735955297657426,0.291850238249584,0.775259848285853,0.5596343455065125,0.6559726859925266,0.4253341929937674,2422,2231,234,1116,41.06280193236715,44.96085290687989,56.655005830418126,76.14526070298184
Taiwan Credit Card Default,R2_F4,2,4,FrozenChi2Top75,Cost5,17.698637911464246,18,24,0.1268815000075847,0.8235564000206068,0.37248042645343993,0.25786415547986374,0.9533333333333334,0.2039544379969912,0.4059296640908374,0.5786438856651623,0.17540595282941376,0.7734494670901291,0.5619689520395884,0.44094961642323527,0.4229801561716455,949,3704,63,1287,62.75195735465601,63.80143261702482,66.94985840413126,72.19723471597534
Taiwan Credit Card Default,R2_F5,2,5,AllFeatures,Unweighted,1.0,23,29,0.0,0.9222591000143439,0.8179696616102684,0.6666666666666666,0.36649214659685864,0.9474474474474475,0.47297297297297297,0.6569697970221531,0.39847063392590054,0.7743983966871026,0.5452465183012184,0.5892639890598521,0.4255021663398627,4417,245,847,490,18.203033838973163,32.3220536756126,74.67911318553092,145.27421236872812
Taiwan Credit Card Default,R2_F5,2,5,AllFeatures,Balanced,3.5293451594640497,23,29,0.0,0.9638398000388406,0.7659609934989164,0.48053457292271934,0.6185489902767389,0.8082368082368082,0.540876389797253,0.7133928992567735,0.39269102234298164,0.7744321680372541,0.5508010232574176,0.7070601541873025,0.43033684394940935,3768,894,510,827,23.40390065010835,31.90531755292549,57.4095682613769,99.91665277546258
Taiwan Credit Card Default,R2_F5,2,5,AllFeatures,Cost2,7.058690318928099,23,29,0.0,0.9960121999611147,0.6009334889148191,0.33632703623412824,0.81226626776365,0.5403260403260404,0.4756898817345598,0.6762961540448451,0.2943410026813078,0.7728447541461753,0.5470179927090283,0.6624866913011492,0.42579527919842053,2519,2143,251,1086,39.90665110851808,44.09068178029671,56.64277379563261,77.56292715452575
Taiwan Credit Card Default,R2_F5,2,5,AllFeatures,Cost5,17.646725797320247,23,29,0.0,0.9904831000021659,0.3743957326221037,0.25586095392077607,0.9468960359012715,0.21021021021021022,0.4028639618138425,0.5785531230557408,0.17200025329381785,0.7705633029118444,0.5446270759360039,0.4461470774912921,0.43497948209990095,980,3682,71,1266,62.56042673778963,63.743957326221036,67.29454909151525,73.21220203367228
Taiwan Credit Card Default,R2_F5,2,5,FrozenChi2Top75,Unweighted,1.0,18,24,0.12189020001096651,0.8271840999950655,0.8171361893648942,0.6648351648351648,0.36200448765893795,0.9476619476619477,0.4687651331719128,0.6548332176604428,0.3946696906586359,0.7753263467549182,0.5491082110406116,0.5857114288087903,0.42920257579943444,4418,244,853,484,18.286381063510586,32.50541756959493,75.16252708784798,146.2577096182697
Taiwan Credit Card Default,R2_F5,2,5,FrozenChi2Top75,Balanced,3.5293451594640497,18,24,0.12189020001096651,0.8407779000117444,0.7656276046007668,0.4799767846778874,0.6185489902767389,0.8078078078078078,0.5405228758169934,0.7131783990422733,0.3921602251541205,0.774940422846182,0.5498222592447863,0.7068724806195142,0.4320023089656597,3766,896,510,827,23.437239539923322,31.938656442740456,57.44290715119187,99.94999166527755
Taiwan Credit Card Default,R2_F5,2,5,FrozenChi2Top75,Cost2,7.058690318928099,18,24,0.12189020001096651,0.8393913999898359,0.5944324054009001,0.3322106552357624,0.8115183246073299,0.5321750321750321,0.4714316749945688,0.671846678391181,0.28720703263160335,0.7737979725638664,0.5472215336731652,0.6571680078248895,0.42872753082177173,2481,2181,252,1085,40.55675945990998,44.7574595765961,57.35955992665444,78.36306051008502
Taiwan Credit Card Default,R2_F5,2,5,FrozenChi2Top75,Cost5,17.646725797320247,18,24,0.12189020001096651,0.8212256000260822,0.36772795465910985,0.2544,0.9513836948391923,0.20034320034320036,0.40145179106832884,0.5758634475911963,0.169491008101427,0.7719764052972728,0.5477516333851412,0.43658132596163857,0.431295918206913,934,3728,65,1272,63.22720453408901,64.31071845307551,67.561260210035,72.97882980496749
Taiwan Credit Card Default,R3_F1,3,1,AllFeatures,Unweighted,1.0,23,29,0.0,0.9200832000351511,0.8126354392398734,0.6545454545454545,0.3479553903345725,0.946927374301676,0.45436893203883494,0.6474413823181242,0.3795677415904132,0.7667620130902305,0.5441553358452116,0.5740108745865635,0.4129724919843505,4407,247,877,468,18.73645607601267,33.35555925987665,77.21286881146858,150.30838473078848
Taiwan Credit Card Default,R3_F1,3,1,AllFeatures,Balanced,3.536193536193536,23,29,0.0,0.9579062999691814,0.7544590765127521,0.4636363636363636,0.6066914498141264,0.7971637301246239,0.5256038647342995,0.7019275899693751,0.36992352180742566,0.7681348578110847,0.5411630909538454,0.69543685491103,0.41072124071231053,3710,944,529,816,24.554092348724787,33.37222870478413,59.82663777296216,103.91731955325888
Taiwan Credit Card Default,R3_F1,3,1,AllFeatures,Cost2,7.072387072387072,23,29,0.0,0.9750287999631837,0.6021003500583431,0.33789670192906035,0.8074349442379182,0.5427589170605931,0.4764202676025444,0.6750969306492556,0.29285141348831045,0.7661696458097362,0.5398048527001276,0.6619988791013568,0.4051480678570458,2526,2128,259,1086,39.78996499416569,44.1073512252042,57.05950991831972,78.64644107351225
Taiwan Credit Card Default,R3_F1,3,1,AllFeatures,Cost5,17.68096768096768,23,29,0.0,0.9711052000056952,0.3693948991498583,0.25610244097639057,0.9516728624535316,0.2011173184357542,0.40359451363708027,0.5763950904446429,0.17090493838822873,0.7649575134632558,0.5367462196822511,0.4374904503240415,0.4068609486503195,936,3718,65,1280,63.06051008501417,64.14402400400067,67.39456576096016,72.81213535589265
Taiwan Credit Card Default,R3_F1,3,1,FrozenChi2Top75,Unweighted,1.0,18,24,0.12877479998860508,0.9289795000222512,0.8139689948324721,0.662873399715505,0.3464684014869889,0.9490760636012032,0.455078125,0.647772232544096,0.38321765701217786,0.7680195155304708,0.5443174206871528,0.5734325301598023,0.4140297429720287,4417,237,879,466,18.603100516752793,33.25554259043174,77.21286881146858,150.47507917986331
Taiwan Credit Card Default,R3_F1,3,1,FrozenChi2Top75,Balanced,3.536193536193536,18,24,0.12877479998860508,0.8332191999652423,0.7582930488414735,0.4700854700854701,0.6133828996282528,0.8001718951439621,0.532258064516129,0.7067773973861075,0.3791238832403884,0.7688142110635933,0.5433285768275871,0.7005795866598153,0.4173614095401805,3724,930,520,825,24.17069511585264,32.838806467744625,58.84314052342057,102.18369728288047
Taiwan Credit Card Default,R3_F1,3,1,FrozenChi2Top75,Cost2,7.072387072387072,18,24,0.12877479998860508,0.8399248999776319,0.5895982663777296,0.3300882263462124,0.8066914498141264,0.5268586162440911,0.4684801381692573,0.6667750330291088,0.27950569939658254,0.7671085191936264,0.5373631543870788,0.6519297055549856,0.41395769398510773,2452,2202,260,1085,41.04017336222704,45.37422903817303,58.376396066011004,80.04667444574096
Taiwan Credit Card Default,R3_F1,3,1,FrozenChi2Top75,Cost5,17.68096768096768,18,24,0.12877479998860508,0.845714199997019,0.36906151025170864,0.25668129238133225,0.9568773234200744,0.19918349806617963,0.40478062588457303,0.578030410743127,0.17569440850650406,0.7660316184822424,0.5338332728600621,0.436570924935472,0.41464255874548495,927,3727,58,1287,63.093848974829136,64.06067677946325,66.96116019336556,71.7952992165361
Taiwan Credit Card Default,R3_F2,3,2,AllFeatures,Unweighted,1.0,23,29,0.0,0.9276205999776721,0.8197267577474175,0.6578212290502793,0.36009174311926606,0.9478057094162761,0.4654150197628458,0.653948726267771,0.3921583076737538,0.7875711429386725,0.5602870955173527,0.5842063077732894,0.4355960957380689,4449,245,837,471,18.027324225258248,31.972675774741752,73.80873042319227,143.5354881706098
Taiwan Credit Card Default,R3_F2,3,2,AllFeatures,Balanced,3.504129129129129,23,29,0.0,0.9843929000198841,0.7572475841386205,0.4594888526373029,0.6460244648318043,0.7882403067746059,0.5370193835398792,0.717132385803205,0.3888982103097173,0.7885630396797786,0.5611048779232797,0.7135982919983217,0.43911806209762216,3700,994,463,845,24.275241586137955,31.9893368877041,55.13162279240253,93.70209930023326
Taiwan Credit Card Default,R3_F2,3,2,AllFeatures,Cost2,7.008258258258258,23,29,0.0,0.9718045999761671,0.6007997334221926,0.3342474101157831,0.8386850152905199,0.5345121431614828,0.47799564270152506,0.6865985792260013,0.30949953623162013,0.7877944418601924,0.5627679072415367,0.6695426237069279,0.4391783251180178,2509,2185,211,1097,39.92002665778074,43.43552149283572,53.982005998000666,71.55948017327557
Taiwan Credit Card Default,R3_F2,3,2,AllFeatures,Cost5,17.520645645645644,23,29,0.0,0.9660820999997668,0.3615461512829057,0.24980174464710547,0.963302752293578,0.19386450788240306,0.3967254408060453,0.5785836300879905,0.17716062490373238,0.7875288773878814,0.5585949512929981,0.4321460563457208,0.44198234716972284,910,3784,48,1260,63.84538487170943,64.64511829390203,67.04431856047984,71.04298567144285
Taiwan Credit Card Default,R3_F2,3,2,FrozenChi2Top75,Unweighted,1.0,18,24,0.12564430001657456,0.8520590999978594,0.8217260913028991,0.6680790960451978,0.36162079510703365,0.949936088623775,0.46924603174603174,0.6557784418654043,0.39875318830947454,0.7852589159953041,0.5607404640416115,0.58610292924451,0.43614921254148376,4459,235,835,473,17.827390869710097,31.73942019326891,73.47550816394535,143.03565478173942
Taiwan Credit Card Default,R3_F2,3,2,FrozenChi2Top75,Balanced,3.504129129129129,18,24,0.12564430001657456,0.878255799994804,0.757080973008997,0.4596340150699677,0.6529051987767585,0.786109927567107,0.5394819962097284,0.7195075631719328,0.39203258894677095,0.785316247301194,0.5612591189131061,0.7164183543981723,0.44106993246632764,3690,1004,454,854,24.2919026991003,31.856047984005333,54.54848383872043,92.36921026324559
Taiwan Credit Card Default,R3_F2,3,2,FrozenChi2Top75,Cost2,7.008258258258258,18,24,0.12564430001657456,0.8442229999927804,0.5941352882372543,0.33063063063063064,0.841743119266055,0.5251384746484874,0.47477360931435963,0.6834407969572712,0.3047621264416213,0.7862407146086683,0.5598720680067409,0.6648546440367518,0.4396646639799132,2465,2229,207,1101,40.58647117627458,44.035321559480174,54.38187270909697,71.62612462512496
Taiwan Credit Card Default,R3_F2,3,2,FrozenChi2Top75,Cost5,17.520645645645644,18,24,0.12564430001657456,0.8502550999983214,0.3575474841719427,0.24842022116903634,0.9617737003058104,0.1891776736259054,0.3948524795982423,0.5754756869658579,0.17161854560059628,0.7861141622658374,0.5603649109596479,0.42655141680509273,0.4379088927370356,888,3806,50,1258,64.24525158280574,65.07830723092303,67.57747417527492,71.74275241586137
Taiwan Credit Card Default,R3_F3,3,3,AllFeatures,Unweighted,1.0,23,29,0.0,0.9217208999907598,0.8249708284714119,0.6892265193370166,0.3768882175226586,0.9518716577540107,0.4873046875,0.6643799376383347,0.41853626280503947,0.7822669111588607,0.5724381324211698,0.5989567700604503,0.44016349742313843,4450,225,825,499,17.50291715285881,31.25520920153359,72.51208534755793,141.27354559093183
Taiwan Credit Card Default,R3_F3,3,3,AllFeatures,Balanced,3.5182605421686746,23,29,0.0,1.0247800999786705,0.767627937989665,0.4798387096774194,0.629154078549849,0.8068449197860963,0.5444444444444444,0.7179994991679726,0.3987381273834773,0.7821959061020728,0.5746052723661015,0.7124814187336033,0.4383046028078905,3772,903,491,833,23.237206201033505,31.421903650608435,55.97599599933322,96.89948324720787
Taiwan Credit Card Default,R3_F3,3,3,AllFeatures,Cost2,7.036521084337349,23,29,0.0,0.9817887999815866,0.5897649608268045,0.3277794607694638,0.8172205438066465,0.5253475935828877,0.4678918918918919,0.6712840686947672,0.28558673519719097,0.779298350485484,0.5704369129081986,0.65522885018543,0.4355579430343958,2456,2219,242,1082,41.02350391731955,45.05750958493082,57.159526587764624,77.32955492582097
Taiwan Credit Card Default,R3_F3,3,3,AllFeatures,Cost5,17.591302710843372,23,29,0.0,0.9606126000289805,0.37389564927487917,0.25414476344520825,0.9493957703927492,0.2109090909090909,0.40095693779904307,0.58015243065092,0.17475928179893302,0.7789704670662553,0.5717594419737176,0.4474775959156735,0.4337804740132801,986,3689,67,1257,62.61043507251208,63.72728788131355,67.07784630771795,72.66211035172529
Taiwan Credit Card Default,R3_F3,3,3,FrozenChi2Top75,Unweighted,1.0,18,24,0.12325060000875965,0.8370837999973446,0.8258043007167861,0.6918844566712518,0.37990936555891236,0.9520855614973261,0.4904924427108727,0.6659974635281193,0.4219017643769616,0.7800051698789926,0.5708688493041485,0.6014201706180546,0.4392700777097436,4451,224,821,503,17.419569928321387,31.105184197366228,72.16202700450074,140.59009834972497
Taiwan Credit Card Default,R3_F3,3,3,FrozenChi2Top75,Balanced,3.5182605421686746,18,24,0.12325060000875965,0.8494823999935761,0.7654609101516919,0.4758861127251598,0.6185800604229608,0.8070588235294117,0.5379310344827586,0.7128194419761862,0.390270091879527,0.7796793059437452,0.5705072184341266,0.7065624500521572,0.4371707837213435,3773,902,505,819,23.453908984830804,31.871978663110518,57.12618769794966,99.21653608934822
Taiwan Credit Card Default,R3_F3,3,3,FrozenChi2Top75,Cost2,7.036521084337349,18,24,0.12325060000875965,0.8424576999968849,0.5855975995999333,0.326255980861244,0.8240181268882175,0.5180748663101604,0.46743787489288774,0.6710464965991889,0.28563642053254357,0.7777083703572063,0.5694641056188465,0.6533782066496878,0.4298129150039582,2422,2253,233,1091,41.44024004000667,45.32422070345058,56.9761626937823,76.39606601100184
Taiwan Credit Card Default,R3_F3,3,3,FrozenChi2Top75,Cost5,17.591302710843372,18,24,0.12325060000875965,0.8454841999919154,0.36039339889981664,0.25014913501690195,0.9501510574018127,0.19336898395721924,0.39603337006138833,0.5717600206795159,0.16166673448460778,0.775367707643343,0.5704293446440066,0.4286370779291801,0.4284120393557038,904,3771,66,1258,63.96066011001834,65.06084347391231,68.36139356559427,73.86231038506418
Taiwan Credit Card Default,R3_F4,3,4,AllFeatures,Unweighted,1.0,23,29,0.0,0.9389919000095688,0.8206666666666667,0.6815718157181572,0.3742559523809524,0.9495274914089347,0.48318924111431316,0.6618917218949435,0.41101451127314204,0.7884808132875143,0.5671252125930782,0.5961260903610472,0.4532707412862052,4421,235,841,503,17.933333333333334,31.95,74.0,144.08333333333334
Taiwan Credit Card Default,R3_F4,3,4,AllFeatures,Balanced,3.5351473922902494,23,29,0.0,0.9640818999614567,0.7636666666666667,0.4793756967670011,0.6398809523809523,0.7993986254295533,0.5481198215423837,0.7196397889052528,0.4000380300374948,0.787691940634716,0.5668133881697472,0.7152062316366425,0.44486377025036816,3722,934,484,860,23.633333333333333,31.7,55.9,96.23333333333333
Taiwan Credit Card Default,R3_F4,3,4,AllFeatures,Cost2,7.070294784580499,23,29,0.0,0.970073800010141,0.5996666666666667,0.33901399878271454,0.8288690476190477,0.5335051546391752,0.4812095032397408,0.6811871011291115,0.30354612368761985,0.7866238903207331,0.5647383080834427,0.6649856460297665,0.446060382916053,2484,2172,230,1114,40.03333333333333,43.86666666666667,55.36666666666667,74.53333333333333
Taiwan Credit Card Default,R3_F4,3,4,AllFeatures,Cost5,17.675736961451246,23,29,0.0,0.9510590999852866,0.377,0.25808407437348424,0.9501488095238095,0.2115549828178694,0.4059122695486332,0.5808518961708394,0.1772979075209342,0.7847231011444527,0.5661445192012389,0.44833995480352695,0.44114353215513014,985,3671,67,1277,62.3,63.416666666666664,66.76666666666667,72.35
Taiwan Credit Card Default,R3_F4,3,4,FrozenChi2Top75,Unweighted,1.0,18,24,0.1327259999816306,0.8497925000265241,0.8211666666666667,0.6828609986504723,0.37648809523809523,0.9495274914089347,0.4853717026378897,0.663007793323515,0.4131272049461291,0.7878053216024382,0.5708024156580799,0.597901159571343,0.45501196612665684,4421,235,838,506,17.883333333333333,31.85,73.75,143.58333333333334
Taiwan Credit Card Default,R3_F4,3,4,FrozenChi2Top75,Balanced,3.5351473922902494,18,24,0.1327259999816306,0.8385364999994636,0.766,0.48325892857142855,0.6443452380952381,0.8011168384879725,0.5522959183673469,0.7227310382916053,0.4057980812409431,0.7879652055463509,0.5730110310323187,0.7184676889308503,0.4514834928816887,3730,926,478,866,23.4,31.366666666666667,55.266666666666666,95.1
Taiwan Credit Card Default,R3_F4,3,4,FrozenChi2Top75,Cost2,7.070294784580499,18,24,0.1327259999816306,0.9177504000253975,0.5951666666666666,0.33674390610893773,0.8325892857142857,0.5266323024054983,0.479537175916006,0.679610794059892,0.30128616713792206,0.7867607624826133,0.5688727512052986,0.6621694741483207,0.4494661266568484,2452,2204,225,1119,40.483333333333334,44.233333333333334,55.483333333333334,74.23333333333333
Taiwan Credit Card Default,R3_F4,3,4,FrozenChi2Top75,Cost5,17.675736961451246,18,24,0.1327259999816306,0.8553938999539241,0.3765,0.25802543912780135,0.9508928571428571,0.2106958762886598,0.4059075750357313,0.5807943667157585,0.1775046327029741,0.7856464488985027,0.5675574168664969,0.4476038469364865,0.4401847079037801,981,3675,66,1278,62.35,63.45,66.75,72.25
Taiwan Credit Card Default,R3_F5,3,5,AllFeatures,Unweighted,1.0,23,29,0.0,0.9266775000141934,0.8196666666666667,0.6547144754316069,0.3749049429657795,0.9445037353255069,0.47678916827852996,0.6597043391456432,0.3988516247421987,0.7875936063238796,0.552056450813601,0.5950622816337588,0.4421310630561902,4425,260,822,493,18.033333333333335,31.733333333333334,72.83333333333333,141.33333333333334
Taiwan Credit Card Default,R3_F5,3,5,AllFeatures,Balanced,3.5104303702311594,23,29,0.0,0.973521800013259,0.7686666666666667,0.4787914003486345,0.626615969581749,0.8085378868729989,0.5428194993412385,0.717576928227374,0.3980145350650351,0.7861838810863893,0.5488881740516272,0.7117884179491141,0.4373548782417797,3788,897,491,824,23.133333333333333,31.316666666666666,55.86666666666667,96.78333333333333
Taiwan Credit Card Default,R3_F5,3,5,AllFeatures,Cost2,7.020860740462319,23,29,0.0,1.0119716000044718,0.6031666666666666,0.3354938271604938,0.8266159695817491,0.5404482390608324,0.4772777167947311,0.6835321043212907,0.3046720871274174,0.7854328392125991,0.548473785967877,0.6683884687365715,0.43868831437603223,2532,2153,228,1087,39.68333333333333,43.483333333333334,54.88333333333333,73.88333333333334
Taiwan Credit Card Default,R3_F5,3,5,AllFeatures,Cost5,17.5521518511558,23,29,0.0,0.9657741999835707,0.37883333333333336,0.2549776513612353,0.9543726235741445,0.21728922091782285,0.4024370691037358,0.5858309222459837,0.18497424509704144,0.7835333217005978,0.5473523129102833,0.45538432542383855,0.4355158239020253,1018,3667,60,1255,62.11666666666667,63.11666666666667,66.11666666666666,71.11666666666666
Taiwan Credit Card Default,R3_F5,3,5,FrozenChi2Top75,Unweighted,1.0,18,24,0.12715079996269196,0.845504000026267,0.8198333333333333,0.6576819407008087,0.37110266159695815,0.9457844183564568,0.4744773942634905,0.6584435399767075,0.3982079838081642,0.7880123848054832,0.5513568358087383,0.5924382794426877,0.4394236114774521,4431,254,827,488,18.016666666666666,31.8,73.15,142.06666666666666
Taiwan Credit Card Default,R3_F5,3,5,FrozenChi2Top75,Balanced,3.5104303702311594,18,24,0.12715079996269196,0.9140076999901794,0.7678333333333334,0.47758620689655173,0.6319391634980989,0.8059765208110993,0.5440261865793781,0.718957842154599,0.3992351310408908,0.7879429130263644,0.5486776590611729,0.7136722835871336,0.4394098145119729,3776,909,484,831,23.216666666666665,31.283333333333335,55.483333333333334,95.81666666666666
Taiwan Credit Card Default,R3_F5,3,5,FrozenChi2Top75,Cost2,7.020860740462319,18,24,0.12715079996269196,1.061996900010854,0.5991666666666666,0.33414485696895924,0.834980988593156,0.5329775880469584,0.4772875461856118,0.6839792883200572,0.30582846366158106,0.7853789498886098,0.548080303832479,0.6671028056944786,0.4394390316153406,2497,2188,217,1098,40.083333333333336,43.7,54.55,72.63333333333334
Taiwan Credit Card Default,R3_F5,3,5,FrozenChi2Top75,Cost5,17.5521518511558,18,24,0.12715079996269196,1.0676792000303976,0.37416666666666665,0.2540322580645161,0.9581749049429658,0.2102454642475987,0.401593625498008,0.5842101845952823,0.18405803498342754,0.7845611956287967,0.5471463222704379,0.44883396453491864,0.4423729157451781,985,3700,55,1260,62.583333333333336,63.5,66.25,70.83333333333333
Taiwan Credit Card Default,R4_F1,4,1,AllFeatures,Unweighted,1.0,23,29,0.0,0.9439956999849528,0.8246082027342447,0.7011494252873564,0.3663663663663664,0.9554222031718816,0.4812623274161736,0.660894284769124,0.41760973237218196,0.7872589423971763,0.5718378725666694,0.5916371868990578,0.44374035415612784,4458,208,844,488,17.539179726575526,31.610536845615204,73.82460820273424,144.18139379793266
Taiwan Credit Card Default,R4_F1,4,1,AllFeatures,Balanced,3.52526395173454,23,29,0.0,0.9660262999823317,0.7672557519173058,0.481941309255079,0.6411411411411412,0.8032576082297471,0.5502577319587629,0.7221993746854442,0.40485611433491925,0.7873118778873172,0.5704846715445108,0.7176360495200362,0.4462223689613317,3748,918,478,854,23.274424808269423,31.24374791597199,55.151717239079694,94.99833277759254
Taiwan Credit Card Default,R4_F1,4,1,AllFeatures,Cost2,7.05052790346908,23,29,0.0,1.144741099968087,0.6060353451150383,0.34094415303918546,0.8295795795795796,0.5422203171881698,0.483271375464684,0.6858999483838747,0.31008149263189294,0.7864941130586223,0.5676493582524115,0.6706824157322661,0.4453496574156668,2530,2136,227,1105,39.39646548849617,43.18106035345115,54.534844948316106,73.45781927309103
Taiwan Credit Card Default,R4_F1,4,1,AllFeatures,Cost5,17.6263197586727,23,29,0.0,1.1509061999968253,0.3729576525508503,0.2559774964838256,0.9564564564564565,0.20638662666095156,0.4038674908860358,0.5814215415587041,0.1800931127508327,0.7855465838749165,0.5693720444497571,0.4442969970595518,0.43989424486638373,963,3703,58,1274,62.70423474491497,63.67122374124708,66.57219073024342,71.40713571190396
Taiwan Credit Card Default,R4_F1,4,1,FrozenChi2Top75,Unweighted,1.0,18,24,0.13687239994760603,0.8415792000014335,0.8244414804934979,0.7007194244604317,0.3656156156156156,0.9554222031718816,0.48051307350764677,0.6605189093937487,0.41689574235996313,0.7832739780071543,0.5707120517435131,0.5910306903922293,0.4339883175073917,4458,208,845,487,17.555851950650215,31.64388129376459,73.90796932310771,144.34811603867956
Taiwan Credit Card Default,R4_F1,4,1,FrozenChi2Top75,Balanced,3.52526395173454,18,24,0.13687239994760603,0.8456748999888077,0.7650883627875958,0.47806267806267805,0.6298798798798799,0.8036862408915559,0.5435698088759313,0.7167830603857179,0.3960999084939283,0.7846924560651523,0.5709297519544478,0.7114954623002774,0.4400725200125115,3750,916,493,839,23.491163721240415,31.710570190063354,56.368789596532174,97.46582194064688
Taiwan Credit Card Default,R4_F1,4,1,FrozenChi2Top75,Cost2,7.05052790346908,18,24,0.13687239994760603,0.8351755000185221,0.5896965655218406,0.33124065769805683,0.8318318318318318,0.5205743677668239,0.47380799657900363,0.6762030997993278,0.29491803636469205,0.7850140914596551,0.5731244243486149,0.6580504007628708,0.4354627881203106,2429,2237,224,1108,41.03034344781594,44.76492164054685,55.96865621873958,74.64154718239413
Taiwan Credit Card Default,R4_F1,4,1,FrozenChi2Top75,Cost5,17.6263197586727,18,24,0.13687239994760603,0.8318732000188902,0.363621207069023,0.2528346926596379,0.9542042042042042,0.19502786112301757,0.3997483881113383,0.5746160326636108,0.16839243291077582,0.7835413102772726,0.5694369015680958,0.43138892547275365,0.43515482906824526,910,3756,61,1271,63.6378792930977,64.65488496165389,67.70590196732245,72.79093031010336
Taiwan Credit Card Default,R4_F2,4,2,AllFeatures,Unweighted,1.0,23,29,0.0,0.9126706999959424,0.8237254248583805,0.672883787661406,0.3610469591993841,0.9515203061875399,0.46993987975951906,0.656283632693462,0.4017690470324003,0.789230155779884,0.5612352321858743,0.5861258509616157,0.44584124558432153,4475,228,830,469,17.627457514161947,31.45618127290903,72.94235254915029,142.0859713428857
Taiwan Credit Card Default,R4_F2,4,2,AllFeatures,Balanced,3.496533633127225,23,29,0.0,0.9715317000518553,0.7634121959346885,0.4658385093167702,0.6351039260969977,0.7988517967254943,0.5374592833876222,0.7169778614112461,0.39183812685335534,0.789623906382459,0.5606923410250946,0.7122878017136066,0.44167703218606313,3757,946,474,825,23.658780406531157,31.556147950683105,55.248250583138955,94.7350883038987
Taiwan Credit Card Default,R4_F2,4,2,AllFeatures,Cost2,6.99306726625445,23,29,0.0,0.9678373000351712,0.599133622125958,0.33099236641221375,0.8344880677444187,0.5341271528811397,0.4739833843463052,0.6843076103127792,0.3048716966263388,0.7892813081653774,0.5603903055680333,0.6676246967702812,0.4366341435707508,2512,2191,215,1084,40.0866377874042,43.668777074308565,54.41519493502166,72.32589136954348
Taiwan Credit Card Default,R4_F2,4,2,AllFeatures,Cost5,17.482668165636127,23,29,0.0,0.9628693000413477,0.36987670776407866,0.2506527415143603,0.9607390300230947,0.20667658941101424,0.39757884676648614,0.5837078097170545,0.18334925894740844,0.7864788121908657,0.5563526405275687,0.4456032608040691,0.436053870909712,972,3731,51,1248,63.01232922359213,63.862045984671774,66.4111962679107,70.6597800733089
Taiwan Credit Card Default,R4_F2,4,2,FrozenChi2Top75,Unweighted,1.0,18,24,0.1256656000041403,0.825777999998536,0.8245584805064978,0.6772334293948127,0.36181678214010776,0.9523708271316181,0.47165077772202707,0.657093804635863,0.4046093608687083,0.7894759327617034,0.5613662395383098,0.5870125621116424,0.4462447356010945,4479,224,829,470,17.544151949350216,31.356214595134954,72.79240253248918,141.85271576141287
Taiwan Credit Card Default,R4_F2,4,2,FrozenChi2Top75,Balanced,3.496533633127225,18,24,0.1256656000041403,0.9000621000304818,0.7642452515828058,0.467525195968645,0.642802155504234,0.7977886455453965,0.5413290113452188,0.7202954005248152,0.3968592085576231,0.7883767703022182,0.5572253462375587,0.7161146982106876,0.44914855422079203,3752,951,464,835,23.575474841719426,31.306231256247916,54.49850049983339,93.15228257247584
Taiwan Credit Card Default,R4_F2,4,2,FrozenChi2Top75,Cost2,6.99306726625445,18,24,0.1256656000041403,0.8465003999881446,0.5898033988670444,0.3264697105341689,0.8421862971516552,0.5200935573038487,0.47053763440860213,0.6811399272277519,0.3004306045581865,0.789276070161103,0.5584244240239109,0.6618275207319204,0.44476401726773584,2446,2257,205,1094,41.019660113295565,44.435188270576475,54.68177274241919,71.75941352882373
Taiwan Credit Card Default,R4_F2,4,2,FrozenChi2Top75,Cost5,17.482668165636127,18,24,0.1256656000041403,0.8341861999942921,0.36721092969010327,0.24924744130042142,0.9561200923787528,0.20455028705081862,0.3954154727793696,0.5803351897147857,0.1762362927706656,0.7855516854342723,0.5583235426515774,0.44223821561589305,0.4377331423426024,962,3741,57,1242,63.27890703098967,64.22859046984338,67.07764078640453,71.82605798067311
Taiwan Credit Card Default,R4_F3,4,3,AllFeatures,Unweighted,1.0,23,29,0.0,0.9765946000115946,0.815,0.667578659370725,0.36014760147601477,0.9476856835306782,0.4678811121764142,0.6539166425033465,0.39350956744921295,0.7791599903081915,0.5620309588159844,0.58421462312812,0.43204016539627177,4402,243,867,488,18.5,32.95,76.3,148.55
Taiwan Credit Card Default,R4_F3,4,3,AllFeatures,Balanced,3.5445938269267185,23,29,0.0,0.961273799999617,0.7661666666666667,0.48599766627771296,0.614760147601476,0.8103336921420883,0.5428478331704139,0.7125469198717822,0.3934738058823164,0.7794385900801958,0.5595627034246268,0.7058051148778388,0.4316358104377599,3764,881,522,833,23.383333333333333,32.083333333333336,58.18333333333333,101.68333333333334
Taiwan Credit Card Default,R4_F3,4,3,AllFeatures,Cost2,7.089187653853437,23,29,0.0,1.0713006000150926,0.6035,0.3419753086419753,0.8177121771217712,0.5410118406889128,0.4822633297062024,0.679362008905342,0.30095108666267734,0.7793837757537962,0.5625878334724901,0.665125529579483,0.43028372371990675,2513,2132,247,1108,39.65,43.766666666666666,56.11666666666667,76.7
Taiwan Credit Card Default,R4_F3,4,3,AllFeatures,Cost5,17.722969134633594,23,29,0.0,1.1948189999675378,0.374,0.2585964206716268,0.9490774907749078,0.206243272335845,0.40644753476611883,0.5776603815553764,0.1724239424595351,0.7769543094785093,0.5627517218576731,0.44242609258237664,0.42924145710778955,958,3687,69,1286,62.6,63.75,67.2,72.95
Taiwan Credit Card Default,R4_F3,4,3,FrozenChi2Top75,Unweighted,1.0,18,24,0.12271880003390834,1.0324057000107132,0.8151666666666667,0.6713091922005571,0.35571955719557197,0.9491926803013994,0.46502653159671975,0.6524561187484856,0.39280403570172656,0.7813190392399079,0.5632451524754024,0.581073489268003,0.4342811974944292,4409,236,873,482,18.483333333333334,33.03333333333333,76.68333333333334,149.43333333333334
Taiwan Credit Card Default,R4_F3,4,3,FrozenChi2Top75,Balanced,3.5445938269267185,18,24,0.12271880003390834,0.9091511000297032,0.7653333333333333,0.4845481049562682,0.6132841328413284,0.8096878363832077,0.5413680781758957,0.7114859846122681,0.39144127618491814,0.7799019697409031,0.5587052590086599,0.7046763105202608,0.43047199901493094,3761,884,524,831,23.466666666666665,32.2,58.4,102.06666666666666
Taiwan Credit Card Default,R4_F3,4,3,FrozenChi2Top75,Cost2,7.089187653853437,18,24,0.12271880003390834,0.8621814000071026,0.595,0.33627779469996955,0.814760147601476,0.5308934337997847,0.4760672703751617,0.6728267907006303,0.2903509873915177,0.7792769275378437,0.5616355720490258,0.6576859527794151,0.43210371823847415,2466,2179,251,1104,40.5,44.68333333333333,57.233333333333334,78.15
Taiwan Credit Card Default,R4_F3,4,3,FrozenChi2Top75,Cost5,17.722969134633594,18,24,0.12271880003390834,0.8421354000456631,0.37483333333333335,0.2599198396793587,0.9571955719557196,0.20495156081808397,0.40882584712371944,0.5810735663869018,0.1812010961589701,0.7788901290519903,0.5601361068368552,0.44292067741355595,0.43249536262854554,952,3693,58,1297,62.516666666666666,63.483333333333334,66.38333333333334,71.21666666666667
Taiwan Credit Card Default,R4_F4,4,4,AllFeatures,Unweighted,1.0,23,29,0.0,0.9126461999840103,0.8163469557964971,0.6507713884992987,0.3525835866261398,0.9467835007480231,0.45736816165598815,0.6496835436870815,0.3827935010659395,0.7714208898194156,0.5520287810958993,0.5777718602114423,0.4193776954652847,4430,249,852,464,18.36530442035029,32.57714762301918,75.21267723102585,146.27189324437032
Taiwan Credit Card Default,R4_F4,4,4,AllFeatures,Balanced,3.512218045112782,23,29,0.0,0.9790893999743275,0.7591326105087572,0.4630057803468208,0.6086626139817629,0.8014533019876042,0.525935653315824,0.7050579579846836,0.3746524024407788,0.7712516670553485,0.5545787739645903,0.6984372998144432,0.4154832982653529,3750,929,515,801,24.08673894912427,32.67723102585488,58.4487072560467,101.40116763969975
Taiwan Credit Card Default,R4_F4,4,4,AllFeatures,Cost2,7.024436090225564,23,29,0.0,0.9825597999733873,0.5921601334445371,0.32763358778625956,0.8153495440729484,0.5293866210728788,0.4674362883903289,0.6723680825729136,0.28661651381281944,0.7707219121068006,0.5553367207053052,0.656989452069126,0.4151745722821557,2477,2202,243,1073,40.783986655546286,44.837364470392,56.997497914929106,77.26438698915763
Taiwan Credit Card Default,R4_F4,4,4,AllFeatures,Cost5,17.56109022556391,23,29,0.0,0.9817064999951981,0.3694745621351126,0.2505062778452815,0.9399696048632219,0.20901902115836718,0.39558682443236326,0.5744943130107946,0.1618246013709275,0.7693288287381178,0.5519720329569279,0.4432510876773207,0.416931923078672,978,3701,79,1237,63.05254378648874,64.37030859049207,68.32360300250208,74.91242702251877
Taiwan Credit Card Default,R4_F4,4,4,FrozenChi2Top75,Unweighted,1.0,18,24,0.12859159999061376,0.9141966000315733,0.8161801501251043,0.646978021978022,0.35790273556231,0.9450737337037829,0.4608610567514677,0.6514882346330464,0.3839423498974498,0.7720344441405724,0.5546774634634608,0.5815878906929459,0.4142245212554835,4422,257,845,471,18.381984987489574,32.477064220183486,74.76230191826522,145.23769808173478
Taiwan Credit Card Default,R4_F4,4,4,FrozenChi2Top75,Balanced,3.512218045112782,18,24,0.12859159999061376,0.8473785000387579,0.7569641367806506,0.45969125214408235,0.6109422492401215,0.7980337678991237,0.5246329526916803,0.7044880085696226,0.3724066339383577,0.7706278814154428,0.5525415444169304,0.6982496295236108,0.41470052118012907,3734,945,512,804,24.303586321934947,32.84403669724771,58.465387823185985,101.16763969974978
Taiwan Credit Card Default,R4_F4,4,4,FrozenChi2Top75,Cost2,7.024436090225564,18,24,0.12859159999061376,0.8275333999772556,0.5889908256880734,0.32606060606060605,0.817629179331307,0.5246847617012182,0.4662045060658579,0.6711569705162626,0.284834570744097,0.769993783255846,0.5534446820132956,0.654979061587017,0.41042577876575864,2455,2224,240,1076,41.10091743119266,45.10425354462052,57.11426188490409,77.13094245204337
Taiwan Credit Card Default,R4_F4,4,4,FrozenChi2Top75,Cost5,17.56109022556391,18,24,0.12859159999061376,0.83088319998933,0.3689741451209341,0.2507577288341079,0.9430091185410334,0.20752297499465697,0.3961691939345571,0.5752660467678452,0.16417574651360858,0.7688826295593518,0.5529974643618287,0.4423754714343059,0.4075764376951665,971,3708,75,1241,63.10258548790659,64.3536280233528,68.1067556296914,74.36196830692244
Taiwan Credit Card Default,R4_F5,4,5,AllFeatures,Unweighted,1.0,23,29,0.0,0.9206055999966338,0.8221482098251457,0.6722797927461139,0.38905547226386805,0.9458360094198245,0.4928774928774929,0.6674457408418463,0.4159134182382904,0.7862809122092776,0.55905982232178,0.6066157559188535,0.43647524343159194,4418,253,815,519,17.78517901748543,31.357202331390507,72.07327227310574,139.93338884263113
Taiwan Credit Card Default,R4_F5,4,5,AllFeatures,Balanced,3.525650697849868,23,29,0.0,1.0199642999796197,0.7515403830141548,0.4578891257995736,0.643928035982009,0.7822736030828517,0.535202492211838,0.7131008195324303,0.38226022011605576,0.7843652836394904,0.5565477973531329,0.7097379127774635,0.43477988045155325,3654,1017,475,859,24.845961698584514,32.75603663613655,56.486261448792675,96.03663613655287
Taiwan Credit Card Default,R4_F5,4,5,AllFeatures,Cost2,7.051301395699736,23,29,0.0,0.9796945999842137,0.5880099916736053,0.33086053412462907,0.835832083958021,0.5172339970027832,0.47406462585034015,0.6765330404804021,0.29575601445461347,0.7844467297500896,0.5537591245882013,0.6575110414348744,0.4312182380229282,2416,2255,219,1115,41.19900083263947,44.84596169858451,55.78684429641965,74.02164862614488
Taiwan Credit Card Default,R4_F5,4,5,AllFeatures,Cost5,17.62825348924934,23,29,0.0,0.9747106999857351,0.37185678601165695,0.25482703137570395,0.9497751124437781,0.20680796403339757,0.4018395179194418,0.5782915382385878,0.1724693590258524,0.7791880392494825,0.5477813393030585,0.44319415304591847,0.42931905916020796,966,3705,67,1267,62.8143213988343,63.9300582847627,67.27726894254788,72.85595337218984
Taiwan Credit Card Default,R4_F5,4,5,FrozenChi2Top75,Unweighted,1.0,18,24,0.13203949999297038,0.8394197000307031,0.82248126561199,0.6786666666666666,0.3815592203898051,0.9484050524512952,0.4884836852207294,0.6649821364205502,0.4148898166994562,0.7831484867713864,0.5554230967415364,0.6015585527835744,0.43370431033680334,4430,241,825,509,17.751873438801,31.490424646128226,72.7060782681099,141.39883430474603
Taiwan Credit Card Default,R4_F5,4,5,FrozenChi2Top75,Balanced,3.525650697849868,18,24,0.13203949999297038,0.8392065000371076,0.7485428809325562,0.4539267015706806,0.6499250374812594,0.7767073431813316,0.5345252774352651,0.7133161903312955,0.38079656866563216,0.7838450716838112,0.5543153724654842,0.7104938769117553,0.43220313414262684,3628,1043,467,867,25.14571190674438,32.9225645295587,56.253122398001665,95.13738551207327
Taiwan Credit Card Default,R4_F5,4,5,FrozenChi2Top75,Cost2,7.051301395699736,18,24,0.13203949999297038,0.8350991999614052,0.5845129059117402,0.3295154185022026,0.841079460269865,0.5112395632626846,0.4735176197510023,0.6761595117662749,0.2955790915068899,0.7816665687708491,0.55181641863144,0.6557385881108266,0.4329598206677008,2388,2283,212,1122,41.54870940882598,45.07910074937552,55.67027477102415,73.32223147377185
Taiwan Credit Card Default,R4_F5,4,5,FrozenChi2Top75,Cost5,17.62825348924934,18,24,0.13203949999297038,0.8572958000004292,0.3678601165695254,0.2538,0.9512743628185907,0.20124170413187753,0.40069466371960843,0.5762580334752341,0.16983625807355276,0.7796613093581661,0.5545793726157578,0.4375340830959105,0.4352080542901317,940,3731,65,1269,63.21398834304746,64.29641965029143,67.54371357202331,72.95587010824313
Taiwan Credit Card Default,R5_F1,5,1,AllFeatures,Unweighted,1.0,23,29,0.0,0.9783909000107087,0.8301383563927321,0.6907630522088354,0.39570552147239263,0.9507987220447285,0.5031691857630424,0.6732521217585605,0.43285505332927815,0.7947165925112867,0.5687410695172419,0.6133810431713665,0.4541809587277942,4464,231,788,516,16.98616436072679,30.12168694782464,69.52825470911819,135.20586764460742
Taiwan Credit Card Default,R5_F1,5,1,AllFeatures,Balanced,3.501312828207052,23,29,0.0,0.9632277999771759,0.768628104684114,0.4762174405436014,0.6449386503067485,0.8029818956336529,0.5478827361563517,0.7239602729702006,0.40535738905583696,0.7936690252650973,0.5677848702744251,0.7196346711983258,0.44979517434681204,3770,925,463,841,23.137189531588596,30.85514252375396,54.009001500250044,92.59876646107685
Taiwan Credit Card Default,R5_F1,5,1,AllFeatures,Cost2,7.002625656414104,23,29,0.0,0.9607939000125043,0.5934322387064511,0.32860163092721234,0.8343558282208589,0.526517571884984,0.4715059588299025,0.6804367000529215,0.2993072542845902,0.7933550082648948,0.5693043234902153,0.6627993699174218,0.4500947359480455,2472,2223,216,1088,40.656776129354895,44.25737622937156,55.05917652942157,73.06217702950492
Taiwan Credit Card Default,R5_F1,5,1,AllFeatures,Cost5,17.50656414103526,23,29,0.0,1.0003243000246584,0.3687281213535589,0.2519480519480519,0.9670245398773006,0.202555910543131,0.39974639404025997,0.5847902252102158,0.1881209422486131,0.7907381727069,0.5654963526912961,0.4425794123006615,0.4488138405953338,951,3744,43,1261,63.12718786464411,63.84397399566594,65.99433238873145,69.57826304384064
Taiwan Credit Card Default,R5_F1,5,1,FrozenChi2Top75,Unweighted,1.0,18,24,0.13023289997363463,0.8273661999846809,0.830305050841807,0.6901595744680851,0.39800613496932513,0.9503727369542067,0.504863813229572,0.674189435961766,0.4339542540920634,0.7914582475809666,0.5689250375391808,0.6150237229695802,0.45593161371253843,4462,233,785,519,16.969494915819304,30.055009168194697,69.31155192532088,134.73912318719786
Taiwan Credit Card Default,R5_F1,5,1,FrozenChi2Top75,Balanced,3.501312828207052,18,24,0.13023289997363463,0.82498089998262,0.7704617436239373,0.4791785510553337,0.6441717791411042,0.8055378061767838,0.549558390578999,0.724854792658944,0.407856873224233,0.7904818956336528,0.5664715210466881,0.7203504159576233,0.4519255898129455,3782,913,464,840,22.95382563760627,30.688448074679112,53.892315385897646,92.56542757126188
Taiwan Credit Card Default,R5_F1,5,1,FrozenChi2Top75,Cost2,7.002625656414104,18,24,0.13023289997363463,0.8327907999628223,0.585930988498083,0.32398568019093077,0.8328220858895705,0.5173588924387647,0.46649484536082475,0.6750904891641676,0.2908842253367287,0.7877065407005233,0.564688097633935,0.6564052954953745,0.45286412904996176,2429,2266,218,1086,41.4069011501917,45.040840140023334,55.94265710951825,74.11235205867645
Taiwan Credit Card Default,R5_F1,5,1,FrozenChi2Top75,Cost5,17.50656414103526,18,24,0.13023289997363463,0.821148999966681,0.3565594265710952,0.2478295185477506,0.9631901840490797,0.18807241746538872,0.39422473320778406,0.5756313007572342,0.17230386359687233,0.7864600279634384,0.5616664229143196,0.4256166190282554,0.44510835832402307,883,3812,48,1256,64.34405734289048,65.14419069844975,67.54459076512752,71.54525754292382
Taiwan Credit Card Default,R5_F2,5,2,AllFeatures,Unweighted,1.0,23,29,0.0,0.9147604000172578,0.8186062020673558,0.6781292984869326,0.36599851521900517,0.9496882390883681,0.47540983606557374,0.6578433771536867,0.40364503428165155,0.7819386336279751,0.568579585984189,0.5895629613767255,0.43848653856559816,4417,234,854,493,18.13937979326442,32.377459153051014,75.09169723241081,146.28209403134377
Taiwan Credit Card Default,R5_F2,5,2,AllFeatures,Balanced,3.5380979391189262,23,29,0.0,0.9748906000168063,0.7635878626208736,0.47977207977207975,0.6250927988121752,0.8036981294345302,0.5428755641521599,0.7143954641233528,0.3933031999883597,0.7810082113081827,0.5688010277074268,0.7087918686951342,0.4398134558317559,3738,913,505,842,23.641213737912636,32.060686895631875,57.3191063687896,99.4164721573858
Taiwan Credit Card Default,R5_F2,5,2,AllFeatures,Cost2,7.0761958782378525,23,29,0.0,0.9723144000163302,0.5901967322440813,0.33313307299489336,0.8233110616184113,0.522683293915287,0.4743370402053037,0.6729971777668491,0.29053255074314904,0.7828512583686532,0.5722393067936155,0.655996141454813,0.44139161425958,2431,2220,238,1109,40.98032677559186,44.948316105368455,56.852284094698234,76.69223074358119
Taiwan Credit Card Default,R5_F2,5,2,AllFeatures,Cost5,17.690489695594632,23,29,0.0,0.9566753000253811,0.3796265421807269,0.25854353132628155,0.9435783221974758,0.21629757041496453,0.4058757783809676,0.5799379463062202,0.17350835100879236,0.7791035511038729,0.5684226624453337,0.4517673057975119,0.44310337424541857,1006,3645,76,1271,62.03734578192731,63.30443481160387,67.10570190063355,73.44114704901634
Taiwan Credit Card Default,R5_F2,5,2,FrozenChi2Top75,Unweighted,1.0,18,24,0.12630709999939427,0.8942271000123583,0.8186062020673558,0.6796116504854369,0.3637713437268003,0.9503332616641582,0.4738878143133462,0.6570523026954793,0.4030603634999834,0.7825483004748522,0.5688104189311831,0.5879659918599406,0.441119782176786,4420,231,857,490,18.13937979326442,32.42747582527509,75.29176392130711,146.73224408136045
Taiwan Credit Card Default,R5_F2,5,2,FrozenChi2Top75,Balanced,3.5380979391189262,18,24,0.12630709999939427,0.8538240999914706,0.7657552517505836,0.48363431151241537,0.6362286562731997,0.8032681143840035,0.5495351074062199,0.7197483853286015,0.4019907415886384,0.7818958555902834,0.5686142296932026,0.7148861399143512,0.44155745896540677,3736,915,490,857,23.424474824941647,31.593864621540515,56.10203401133711,96.94898299433144
Taiwan Credit Card Default,R5_F2,5,2,FrozenChi2Top75,Cost2,7.0761958782378525,18,24,0.12630709999939427,0.849012499966193,0.5898632877625876,0.3333333333333333,0.8262806236080178,0.5213932487637067,0.47503201024327785,0.6738369361858623,0.29205298148266307,0.7830970724658363,0.5726565644056482,0.6563666191493028,0.4417850764346165,2425,2226,234,1113,41.01367122374125,44.91497165721907,56.61887295765255,76.12537512504169
Taiwan Credit Card Default,R5_F2,5,2,FrozenChi2Top75,Cost5,17.690489695594632,18,24,0.12630709999939427,0.8387473999755457,0.3757919306435478,0.25763397371081903,0.9458054936896808,0.21070737475811654,0.4049586776859504,0.5782564342238987,0.17167603920657953,0.7812503541558624,0.5681306405626533,0.4464170612859202,0.4443814479312269,980,3671,73,1274,62.42080693564522,63.6378792930977,67.28909636545515,73.37445815271757
Taiwan Credit Card Default,R5_F3,5,3,AllFeatures,Unweighted,1.0,23,29,0.0,0.9290275999810547,0.8164388129376459,0.6491935483870968,0.36507936507936506,0.9441711229946524,0.46734397677793904,0.6546252440370087,0.3890000180041463,0.7752042231033828,0.5492351697681787,0.5871093544725368,0.42589253883371536,4414,261,840,483,18.35611870623541,32.360786928976324,74.37479159719906,144.39813271090364
Taiwan Credit Card Default,R5_F3,5,3,AllFeatures,Balanced,3.5175983436853,23,29,0.0,0.9732883999822661,0.753084361453818,0.45654565456545654,0.6273620559334845,0.7886631016042781,0.5284941101560012,0.7080125787688814,0.37532305536195754,0.775476816989422,0.5454958944140065,0.7034040836257197,0.4197305588902228,3687,988,493,830,24.691563854618206,32.91097032344115,57.56918972990997,98.66622207402467
Taiwan Credit Card Default,R5_F3,5,3,AllFeatures,Cost2,7.0351966873706,23,29,0.0,0.9730361999827437,0.596865621873958,0.33107065720456647,0.8110355253212396,0.5362566844919786,0.47020157756354075,0.6736461049066091,0.2889401359520717,0.7732509569484358,0.5445892697302787,0.6594870899524706,0.41596565899086907,2507,2168,250,1073,40.3134378126042,44.48149383127709,56.98566188729576,77.82594198066022
Taiwan Credit Card Default,R5_F3,5,3,AllFeatures,Cost5,17.5879917184265,23,29,0.0,0.9747540000244044,0.3671223741247082,0.2518563114589605,0.9486016628873771,0.2025668449197861,0.3980336187757691,0.5755842539035816,0.16716817111651225,0.7705404586076855,0.5448284193822677,0.4383551595872444,0.41367318644629564,947,3728,68,1255,63.28776258752918,64.4214738246082,67.82260753584528,73.49116372124041
Taiwan Credit Card Default,R5_F3,5,3,FrozenChi2Top75,Unweighted,1.0,18,24,0.12686429999303073,0.8473335000453517,0.8169389796598866,0.654320987654321,0.36054421768707484,0.9460962566844919,0.4649122807017544,0.6533202371857834,0.38910995715314095,0.7768035699128137,0.5510421728382442,0.5840458327246074,0.4261093528320419,4423,252,846,477,18.30610203401134,32.4108036012004,74.72490830276759,145.2484161387129
Taiwan Credit Card Default,R5_F3,5,3,FrozenChi2Top75,Balanced,3.5175983436853,18,24,0.12686429999303073,0.829610800021328,0.7535845281760587,0.4573002754820937,0.6273620559334845,0.7893048128342246,0.5289993626513703,0.7083334343838545,0.37607758700438954,0.7767227294958388,0.5504622608560594,0.7036901947148854,0.42283838788040473,3690,985,493,830,24.64154718239413,32.86095365121707,57.5191730576859,98.6162054018006
Taiwan Credit Card Default,R5_F3,5,3,FrozenChi2Top75,Cost2,7.0351966873706,18,24,0.12686429999303073,0.8406883999705315,0.592864288096032,0.32916030534351143,0.8148148148148148,0.5300534759358289,0.4688995215311005,0.6724341453753218,0.2872066698876934,0.7755817478506555,0.5502918360760924,0.6571875111690736,0.41938714879891353,2478,2197,245,1078,40.7135711903968,44.79826608869623,57.052350783594534,77.4758252750917
Taiwan Credit Card Default,R5_F3,5,3,FrozenChi2Top75,Cost5,17.5879917184265,18,24,0.12686429999303073,0.8264268999919295,0.3659553184394798,0.25288959744918293,0.9591836734693877,0.19807486631016044,0.400252326131525,0.578629269889774,0.1763626444081844,0.7715964769746281,0.5471987066675195,0.4358786274748253,0.4182303224320031,926,3749,54,1269,63.40446815605202,64.30476825608537,67.0056685561854,71.50716905635211
Taiwan Credit Card Default,R5_F4,5,4,AllFeatures,Unweighted,1.0,23,29,0.0,0.9938296999898739,0.8163197335553706,0.6752873563218391,0.3489235337787676,0.9514813224559897,0.4601076847772883,0.6502024281173786,0.39145289253977633,0.7856721184076186,0.5625099252494936,0.5761894005931028,0.4389502553740433,4432,226,877,470,18.368026644462947,32.97252289758534,76.78601165695254,149.80849292256454
Taiwan Credit Card Default,R5_F4,5,4,AllFeatures,Balanced,3.536774437511817,23,29,0.0,0.973088699975051,0.766361365528726,0.484,0.6288047512991833,0.8061399742378703,0.5469809493057798,0.7174723627685269,0.399253564381639,0.7857196135489294,0.5631569730482291,0.7119723632367861,0.4406788872621537,3755,903,500,847,23.363863447127393,31.690258118234805,56.669442131557034,98.30141548709409
Taiwan Credit Card Default,R5_F4,5,4,AllFeatures,Cost2,7.073548875023634,23,29,0.0,0.9814135000342503,0.6004995836802665,0.338946723821188,0.821826280623608,0.5364963503649635,0.47994797311944504,0.6791613154942857,0.30009148449019507,0.7844278413330771,0.5599344617405302,0.6640081326223181,0.43309576199897803,2499,2159,240,1107,39.950041631973356,43.94671107410491,55.936719400499584,75.92006661115737
Taiwan Credit Card Default,R5_F4,5,4,AllFeatures,Cost5,17.683872187559086,23,29,0.0,0.9549752000020817,0.38051623646960864,0.2597691840453533,0.9524870081662955,0.21511378273937312,0.4082087177855552,0.5838003954528344,0.18296224824898213,0.7830141436705712,0.5574323429415035,0.4526511718053539,0.43361231150565016,1002,3656,64,1283,61.94837635303914,63.014154870940885,66.21149042464613,71.54038301415487
Taiwan Credit Card Default,R5_F4,5,4,FrozenChi2Top75,Unweighted,1.0,18,24,0.14396279997890815,0.8457624000147916,0.8164862614487927,0.6747503566333809,0.35115070527097253,0.9510519536281666,0.4619140625,0.6511013294495696,0.392573567292723,0.7843826571969643,0.5595496991688078,0.5778949422393892,0.43843227145035174,4430,228,874,473,18.351373855120734,32.90591174021649,76.56952539550375,149.34221482098252
Taiwan Credit Card Default,R5_F4,5,4,FrozenChi2Top75,Balanced,3.536774437511817,18,24,0.14396279997890815,0.8466215999796987,0.7643630308076603,0.48072562358276644,0.629547141796585,0.8033490768570202,0.5451623272259724,0.7164481093268026,0.39644587701245604,0.7861555169431745,0.5604571465028452,0.7111582912406085,0.43886164027817487,3742,916,499,848,23.563696919233973,31.873438800999168,56.802664446294756,98.35137385512073
Taiwan Credit Card Default,R5_F4,5,4,FrozenChi2Top75,Cost2,7.073548875023634,18,24,0.14396279997890815,0.8481775000109337,0.5988343047460449,0.3389933292904791,0.829992576095026,0.5319879776728209,0.4813778256189451,0.6809902768839234,0.3034585138000404,0.7848325063122318,0.559653791260308,0.6644893317730901,0.4396123185183556,2478,2180,229,1118,40.116569525395505,43.9300582847627,55.37052456286428,74.43796835970025
Taiwan Credit Card Default,R5_F4,5,4,FrozenChi2Top75,Cost5,17.683872187559086,18,24,0.14396279997890815,0.8259745000395924,0.38151540383014154,0.2613430127041742,0.9621380846325167,0.21361099184199228,0.4110371075166508,0.5878745382372546,0.19329191782526817,0.7825858108105954,0.5557955654453582,0.45334674427782823,0.4288157803722663,995,3663,51,1296,61.84845961698584,62.697751873438804,65.24562864279767,69.49208992506244
Taiwan Credit Card Default,R5_F5,5,5,AllFeatures,Unweighted,1.0,23,29,0.0,0.9300523999845609,0.8233333333333334,0.6763485477178424,0.37186311787072246,0.9500533617929563,0.47988223748773307,0.6609582398318394,0.4090705249559485,0.7828737455920725,0.5516035902824951,0.5943818682125913,0.43911358554727287,4451,234,826,489,17.666666666666668,31.433333333333334,72.73333333333333,141.56666666666666
Taiwan Credit Card Default,R5_F5,5,5,AllFeatures,Balanced,3.5104303702311594,23,29,0.0,0.9769682000041939,0.76,0.46494671901289963,0.6304182509505704,0.7963713980789755,0.5351839896707553,0.713394824514773,0.3863261266578497,0.7826607853719703,0.5578366123822431,0.7085527954104818,0.43883439989287065,3731,954,486,829,24.0,32.1,56.4,96.9
Taiwan Credit Card Default,R5_F5,5,5,AllFeatures,Cost2,7.020860740462319,23,29,0.0,0.989257000037469,0.605,0.3353106462691227,0.8167300380228137,0.5455709711846318,0.4754316069057105,0.6811505046037227,0.30044329430461736,0.7828683891231216,0.5567381566952186,0.667520936031049,0.4364864810027959,2556,2129,241,1074,39.5,43.516666666666666,55.56666666666667,75.65
Taiwan Credit Card Default,R5_F5,5,5,AllFeatures,Cost5,17.5521518511558,23,29,0.0,1.0352111000102013,0.37516666666666665,0.2540420371867421,0.955893536121673,0.21216648879402347,0.401405077438927,0.5840300124578482,0.18283501942002123,0.7820243394702777,0.5564956339526731,0.4503427308393446,0.4342594884572152,994,3691,58,1257,62.483333333333334,63.45,66.35,71.18333333333334
Taiwan Credit Card Default,R5_F5,5,5,FrozenChi2Top75,Unweighted,1.0,18,24,0.12451059999875724,0.8484728999901563,0.8225,0.6765536723163842,0.36425855513307986,0.9511205976520811,0.4735541275333663,0.6576895763925805,0.4044120705799739,0.7820094874427326,0.5527041317062762,0.5886032744200956,0.43066984267401426,4456,229,836,479,17.75,31.683333333333334,73.48333333333333,143.15
Taiwan Credit Card Default,R5_F5,5,5,FrozenChi2Top75,Balanced,3.5104303702311594,18,24,0.12451059999875724,0.8441282999701798,0.7536666666666667,0.45499723909442297,0.626615969581749,0.7893276414087513,0.527191298784389,0.7079718054952502,0.3748329202918045,0.7836355815623846,0.5574295832704698,0.7032818107551337,0.4358063717632928,3698,987,491,824,24.633333333333333,32.81666666666667,57.36666666666667,98.28333333333333
Taiwan Credit Card Default,R5_F5,5,5,FrozenChi2Top75,Cost2,7.020860740462319,18,24,0.12451059999875724,0.8553907999885269,0.602,0.3345667591736047,0.8250950570342205,0.5393810032017076,0.47608600263273365,0.682238030117964,0.3025483749583994,0.7847188868283618,0.5567394956936133,0.6671136331989386,0.436872796036213,2527,2158,230,1085,39.8,43.63333333333333,55.13333333333333,74.3
Taiwan Credit Card Default,R5_F5,5,5,FrozenChi2Top75,Cost5,17.5521518511558,18,24,0.12451059999875724,0.8326852000318468,0.37116666666666664,0.25350982751704776,0.9612167300380228,0.20554962646744931,0.40120615775273766,0.583383178252736,0.18409034002181018,0.7837511514379278,0.5554150899112988,0.44449717638425856,0.4280273179916488,963,3722,51,1264,62.88333333333333,63.733333333333334,66.28333333333333,70.53333333333333
